user_id,total_mrr,average_monthly_revenue,active_months,plans_used,estimated_annual_value
U013518,6169.0,199.0,31,1,2388.0
U006791,6169.0,199.0,31,1,2388.0
U027841,6169.0,199.0,31,1,2388.0
U023667,6169.0,199.0,31,1,2388.0
U017027,6169.0,199.0,31,1,2388.0
U023371,6169.0,199.0,31,1,2388.0
U025652,6169.0,199.0,31,1,2388.0
U024732,6169.0,199.0,31,1,2388.0
U003489,6169.0,199.0,31,1,2388.0
U027626,6169.0,199.0,31,1,2388.0
U018207,6169.0,199.0,31,1,2388.0
U009446,6169.0,199.0,31,1,2388.0
U026775,6169.0,199.0,31,1,2388.0
U029344,6169.0,199.0,31,1,2388.0
U008519,6169.0,199.0,31,1,2388.0
U029568,6169.0,199.0,31,1,2388.0
U004501,6169.0,199.0,31,1,2388.0
U001789,6169.0,199.0,31,1,2388.0
U019733,6169.0,199.0,31,1,2388.0
U001999,6169.0,199.0,31,1,2388.0
U028706,6169.0,199.0,31,1,2388.0
U012680,6169.0,199.0,31,1,2388.0
U011387,6169.0,199.0,31,1,2388.0
U005045,6169.0,199.0,31,1,2388.0
U003608,6169.0,199.0,31,1,2388.0
U022330,6169.0,199.0,31,1,2388.0
U017407,6169.0,199.0,31,1,2388.0
U016765,6169.0,199.0,31,1,2388.0
U024069,6169.0,199.0,31,1,2388.0
U019189,6169.0,199.0,31,1,2388.0
U023628,6169.0,199.0,31,1,2388.0
U023975,6169.0,199.0,31,1,2388.0
U018186,6169.0,199.0,31,1,2388.0
U003116,6169.0,199.0,31,1,2388.0
U026111,6169.0,199.0,31,1,2388.0
U001387,6169.0,199.0,31,1,2388.0
U025089,6169.0,199.0,31,1,2388.0
U018482,6169.0,199.0,31,1,2388.0
U021970,6169.0,199.0,31,1,2388.0
U020348,6169.0,199.0,31,1,2388.0
U008324,6169.0,199.0,31,1,2388.0
U016353,6169.0,199.0,31,1,2388.0
U009525,6169.0,199.0,31,1,2388.0
U013139,6169.0,199.0,31,1,2388.0
U016341,6169.0,199.0,31,1,2388.0
U022027,6169.0,199.0,31,1,2388.0
U009860,6169.0,199.0,31,1,2388.0
U024372,6169.0,199.0,31,1,2388.0
U027885,6169.0,199.0,31,1,2388.0
U008032,6169.0,199.0,31,1,2388.0
U016127,6169.0,199.0,31,1,2388.0
U017880,6169.0,199.0,31,1,2388.0
U021391,6169.0,199.0,31,1,2388.0
U019815,6169.0,199.0,31,1,2388.0
U001538,5970.0,199.0,30,1,2388.0
U021324,5970.0,199.0,30,1,2388.0
U005269,5970.0,199.0,30,1,2388.0
U022267,5970.0,199.0,30,1,2388.0
U007227,5970.0,199.0,30,1,2388.0
U014563,5970.0,199.0,30,1,2388.0
U029506,5970.0,199.0,30,1,2388.0
U024645,5970.0,199.0,30,1,2388.0
U010375,5970.0,199.0,30,1,2388.0
U023077,5970.0,199.0,30,1,2388.0
U025174,5970.0,199.0,30,1,2388.0
U023201,5970.0,199.0,30,1,2388.0
U007271,5970.0,199.0,30,1,2388.0
U025397,5970.0,199.0,30,1,2388.0
U019291,5970.0,199.0,30,1,2388.0
U002228,5970.0,199.0,30,1,2388.0
U008223,5970.0,199.0,30,1,2388.0
U016994,5970.0,199.0,30,1,2388.0
U021256,5970.0,199.0,30,1,2388.0
U025042,5970.0,199.0,30,1,2388.0
U007655,5970.0,199.0,30,1,2388.0
U007642,5970.0,199.0,30,1,2388.0
U017895,5970.0,199.0,30,1,2388.0
U028927,5970.0,199.0,30,1,2388.0
U012616,5970.0,199.0,30,1,2388.0
U010500,5970.0,199.0,30,1,2388.0
U026780,5970.0,199.0,30,1,2388.0
U007407,5970.0,199.0,30,1,2388.0
U018905,5970.0,199.0,30,1,2388.0
U026379,5970.0,199.0,30,1,2388.0
U026503,5970.0,199.0,30,1,2388.0
U006853,5970.0,199.0,30,1,2388.0
U008584,5970.0,199.0,30,1,2388.0
U024080,5970.0,199.0,30,1,2388.0
U012395,5970.0,199.0,30,1,2388.0
U007427,5970.0,199.0,30,1,2388.0
U024224,5970.0,199.0,30,1,2388.0
U026181,5970.0,199.0,30,1,2388.0
U000893,5970.0,199.0,30,1,2388.0
U011149,5970.0,199.0,30,1,2388.0
U002240,5970.0,199.0,30,1,2388.0
U021691,5970.0,199.0,30,1,2388.0
U007987,5970.0,199.0,30,1,2388.0
U011094,5970.0,199.0,30,1,2388.0
U011071,5970.0,199.0,30,1,2388.0
U006234,5970.0,199.0,30,1,2388.0
U005604,5970.0,199.0,30,1,2388.0
U007138,5970.0,199.0,30,1,2388.0
U017640,5970.0,199.0,30,1,2388.0
U001605,5970.0,199.0,30,1,2388.0
U004154,5970.0,199.0,30,1,2388.0
U004878,5970.0,199.0,30,1,2388.0
U013035,5970.0,199.0,30,1,2388.0
U005411,5970.0,199.0,30,1,2388.0
U005728,5970.0,199.0,30,1,2388.0
U027928,5970.0,199.0,30,1,2388.0
U024518,5970.0,199.0,30,1,2388.0
U010348,5970.0,199.0,30,1,2388.0
U005654,5771.0,199.0,29,1,2388.0
U017780,5771.0,199.0,29,1,2388.0
U023878,5771.0,199.0,29,1,2388.0
U009686,5771.0,199.0,29,1,2388.0
U012135,5771.0,199.0,29,1,2388.0
U016430,5771.0,199.0,29,1,2388.0
U001489,5771.0,199.0,29,1,2388.0
U008687,5771.0,199.0,29,1,2388.0
U024008,5771.0,199.0,29,1,2388.0
U025787,5771.0,199.0,29,1,2388.0
U006432,5771.0,199.0,29,1,2388.0
U023685,5771.0,199.0,29,1,2388.0
U025890,5771.0,199.0,29,1,2388.0
U013399,5771.0,199.0,29,1,2388.0
U014987,5771.0,199.0,29,1,2388.0
U019661,5771.0,199.0,29,1,2388.0
U017524,5771.0,199.0,29,1,2388.0
U005699,5771.0,199.0,29,1,2388.0
U021422,5771.0,199.0,29,1,2388.0
U012897,5771.0,199.0,29,1,2388.0
U003418,5771.0,199.0,29,1,2388.0
U009007,5771.0,199.0,29,1,2388.0
U018018,5771.0,199.0,29,1,2388.0
U014843,5771.0,199.0,29,1,2388.0
U003086,5771.0,199.0,29,1,2388.0
U021088,5771.0,199.0,29,1,2388.0
U011216,5771.0,199.0,29,1,2388.0
U010004,5771.0,199.0,29,1,2388.0
U023093,5771.0,199.0,29,1,2388.0
U020899,5771.0,199.0,29,1,2388.0
U014383,5771.0,199.0,29,1,2388.0
U015464,5771.0,199.0,29,1,2388.0
U016302,5771.0,199.0,29,1,2388.0
U029445,5771.0,199.0,29,1,2388.0
U009338,5771.0,199.0,29,1,2388.0
U004205,5771.0,199.0,29,1,2388.0
U010856,5771.0,199.0,29,1,2388.0
U024699,5771.0,199.0,29,1,2388.0
U000108,5771.0,199.0,29,1,2388.0
U029209,5771.0,199.0,29,1,2388.0
U022883,5771.0,199.0,29,1,2388.0
U026698,5771.0,199.0,29,1,2388.0
U001569,5771.0,199.0,29,1,2388.0
U026537,5771.0,199.0,29,1,2388.0
U001065,5771.0,199.0,29,1,2388.0
U027940,5771.0,199.0,29,1,2388.0
U005695,5771.0,199.0,29,1,2388.0
U002910,5771.0,199.0,29,1,2388.0
U008573,5771.0,199.0,29,1,2388.0
U008967,5771.0,199.0,29,1,2388.0
U016618,5771.0,199.0,29,1,2388.0
U015933,5771.0,199.0,29,1,2388.0
U010483,5771.0,199.0,29,1,2388.0
U015337,5771.0,199.0,29,1,2388.0
U000099,5771.0,199.0,29,1,2388.0
U019124,5771.0,199.0,29,1,2388.0
U013503,5771.0,199.0,29,1,2388.0
U008903,5771.0,199.0,29,1,2388.0
U029612,5771.0,199.0,29,1,2388.0
U000400,5771.0,199.0,29,1,2388.0
U017797,5771.0,199.0,29,1,2388.0
U001881,5771.0,199.0,29,1,2388.0
U012414,5771.0,199.0,29,1,2388.0
U016012,5771.0,199.0,29,1,2388.0
U019282,5771.0,199.0,29,1,2388.0
U017158,5771.0,199.0,29,1,2388.0
U021845,5771.0,199.0,29,1,2388.0
U002311,5771.0,199.0,29,1,2388.0
U014596,5771.0,199.0,29,1,2388.0
U024010,5771.0,199.0,29,1,2388.0
U015280,5771.0,199.0,29,1,2388.0
U016977,5771.0,199.0,29,1,2388.0
U008765,5771.0,199.0,29,1,2388.0
U023369,5771.0,199.0,29,1,2388.0
U020480,5572.0,199.0,28,1,2388.0
U009566,5572.0,199.0,28,1,2388.0
U001309,5572.0,199.0,28,1,2388.0
U023508,5572.0,199.0,28,1,2388.0
U023895,5572.0,199.0,28,1,2388.0
U023732,5572.0,199.0,28,1,2388.0
U020459,5572.0,199.0,28,1,2388.0
U006094,5572.0,199.0,28,1,2388.0
U006414,5572.0,199.0,28,1,2388.0
U016541,5572.0,199.0,28,1,2388.0
U008201,5572.0,199.0,28,1,2388.0
U015152,5572.0,199.0,28,1,2388.0
U023736,5572.0,199.0,28,1,2388.0
U015909,5572.0,199.0,28,1,2388.0
U022236,5572.0,199.0,28,1,2388.0
U023862,5572.0,199.0,28,1,2388.0
U005137,5572.0,199.0,28,1,2388.0
U014949,5572.0,199.0,28,1,2388.0
U009570,5572.0,199.0,28,1,2388.0
U026912,5572.0,199.0,28,1,2388.0
U020557,5572.0,199.0,28,1,2388.0
U005702,5572.0,199.0,28,1,2388.0
U022305,5572.0,199.0,28,1,2388.0
U008358,5572.0,199.0,28,1,2388.0
U022201,5572.0,199.0,28,1,2388.0
U004698,5572.0,199.0,28,1,2388.0
U008867,5572.0,199.0,28,1,2388.0
U013041,5572.0,199.0,28,1,2388.0
U008141,5572.0,199.0,28,1,2388.0
U028617,5572.0,199.0,28,1,2388.0
U014367,5572.0,199.0,28,1,2388.0
U028676,5572.0,199.0,28,1,2388.0
U004543,5572.0,199.0,28,1,2388.0
U011614,5572.0,199.0,28,1,2388.0
U025528,5572.0,199.0,28,1,2388.0
U023117,5572.0,199.0,28,1,2388.0
U028827,5572.0,199.0,28,1,2388.0
U029134,5572.0,199.0,28,1,2388.0
U007285,5572.0,199.0,28,1,2388.0
U005418,5572.0,199.0,28,1,2388.0
U007450,5572.0,199.0,28,1,2388.0
U014903,5572.0,199.0,28,1,2388.0
U002548,5572.0,199.0,28,1,2388.0
U023631,5572.0,199.0,28,1,2388.0
U001337,5572.0,199.0,28,1,2388.0
U022269,5572.0,199.0,28,1,2388.0
U017093,5572.0,199.0,28,1,2388.0
U002916,5572.0,199.0,28,1,2388.0
U007154,5572.0,199.0,28,1,2388.0
U006698,5572.0,199.0,28,1,2388.0
U014068,5572.0,199.0,28,1,2388.0
U002405,5572.0,199.0,28,1,2388.0
U019439,5572.0,199.0,28,1,2388.0
U003032,5572.0,199.0,28,1,2388.0
U007065,5572.0,199.0,28,1,2388.0
U007575,5572.0,199.0,28,1,2388.0
U015832,5572.0,199.0,28,1,2388.0
U002300,5572.0,199.0,28,1,2388.0
U001609,5572.0,199.0,28,1,2388.0
U019994,5572.0,199.0,28,1,2388.0
U010019,5572.0,199.0,28,1,2388.0
U017345,5572.0,199.0,28,1,2388.0
U020635,5572.0,199.0,28,1,2388.0
U020188,5572.0,199.0,28,1,2388.0
U020347,5572.0,199.0,28,1,2388.0
U018922,5572.0,199.0,28,1,2388.0
U025713,5572.0,199.0,28,1,2388.0
U016864,5572.0,199.0,28,1,2388.0
U001231,5572.0,199.0,28,1,2388.0
U013320,5572.0,199.0,28,1,2388.0
U012561,5572.0,199.0,28,1,2388.0
U006663,5373.0,199.0,27,1,2388.0
U016550,5373.0,199.0,27,1,2388.0
U002390,5373.0,199.0,27,1,2388.0
U014153,5373.0,199.0,27,1,2388.0
U028451,5373.0,199.0,27,1,2388.0
U023033,5373.0,199.0,27,1,2388.0
U012938,5373.0,199.0,27,1,2388.0
U025471,5373.0,199.0,27,1,2388.0
U024078,5373.0,199.0,27,1,2388.0
U020448,5373.0,199.0,27,1,2388.0
U007235,5373.0,199.0,27,1,2388.0
U017166,5373.0,199.0,27,1,2388.0
U016894,5373.0,199.0,27,1,2388.0
U022310,5373.0,199.0,27,1,2388.0
U028664,5373.0,199.0,27,1,2388.0
U001413,5373.0,199.0,27,1,2388.0
U017602,5373.0,199.0,27,1,2388.0
U022561,5373.0,199.0,27,1,2388.0
U012547,5373.0,199.0,27,1,2388.0
U018338,5373.0,199.0,27,1,2388.0
U028947,5373.0,199.0,27,1,2388.0
U027288,5373.0,199.0,27,1,2388.0
U009923,5373.0,199.0,27,1,2388.0
U017967,5373.0,199.0,27,1,2388.0
U007500,5373.0,199.0,27,1,2388.0
U005583,5373.0,199.0,27,1,2388.0
U013675,5373.0,199.0,27,1,2388.0
U002748,5373.0,199.0,27,1,2388.0
U028907,5373.0,199.0,27,1,2388.0
U012964,5373.0,199.0,27,1,2388.0
U014963,5373.0,199.0,27,1,2388.0
U003857,5373.0,199.0,27,1,2388.0
U011130,5373.0,199.0,27,1,2388.0
U017103,5373.0,199.0,27,1,2388.0
U008850,5373.0,199.0,27,1,2388.0
U015694,5373.0,199.0,27,1,2388.0
U010329,5373.0,199.0,27,1,2388.0
U006507,5373.0,199.0,27,1,2388.0
U026521,5373.0,199.0,27,1,2388.0
U023358,5373.0,199.0,27,1,2388.0
U022100,5373.0,199.0,27,1,2388.0
U002072,5373.0,199.0,27,1,2388.0
U004310,5373.0,199.0,27,1,2388.0
U004876,5373.0,199.0,27,1,2388.0
U003527,5373.0,199.0,27,1,2388.0
U005755,5373.0,199.0,27,1,2388.0
U020461,5373.0,199.0,27,1,2388.0
U015906,5373.0,199.0,27,1,2388.0
U014857,5373.0,199.0,27,1,2388.0
U025702,5373.0,199.0,27,1,2388.0
U016929,5373.0,199.0,27,1,2388.0
U025018,5373.0,199.0,27,1,2388.0
U020713,5373.0,199.0,27,1,2388.0
U029258,5373.0,199.0,27,1,2388.0
U026479,5373.0,199.0,27,1,2388.0
U009130,5373.0,199.0,27,1,2388.0
U007682,5373.0,199.0,27,1,2388.0
U018601,5373.0,199.0,27,1,2388.0
U020588,5373.0,199.0,27,1,2388.0
U013181,5373.0,199.0,27,1,2388.0
U017420,5373.0,199.0,27,1,2388.0
U019101,5373.0,199.0,27,1,2388.0
U003340,5373.0,199.0,27,1,2388.0
U027344,5373.0,199.0,27,1,2388.0
U011611,5373.0,199.0,27,1,2388.0
U015230,5373.0,199.0,27,1,2388.0
U010688,5373.0,199.0,27,1,2388.0
U025177,5373.0,199.0,27,1,2388.0
U007725,5373.0,199.0,27,1,2388.0
U025680,5174.0,199.0,26,1,2388.0
U001535,5174.0,199.0,26,1,2388.0
U001995,5174.0,199.0,26,1,2388.0
U008234,5174.0,199.0,26,1,2388.0
U003591,5174.0,199.0,26,1,2388.0
U022823,5174.0,199.0,26,1,2388.0
U028992,5174.0,199.0,26,1,2388.0
U027576,5174.0,199.0,26,1,2388.0
U025720,5174.0,199.0,26,1,2388.0
U011987,5174.0,199.0,26,1,2388.0
U022496,5174.0,199.0,26,1,2388.0
U002715,5174.0,199.0,26,1,2388.0
U010223,5174.0,199.0,26,1,2388.0
U024438,5174.0,199.0,26,1,2388.0
U017120,5174.0,199.0,26,1,2388.0
U005378,5174.0,199.0,26,1,2388.0
U011847,5174.0,199.0,26,1,2388.0
U019389,5174.0,199.0,26,1,2388.0
U020422,5174.0,199.0,26,1,2388.0
U028324,5174.0,199.0,26,1,2388.0
U023283,5174.0,199.0,26,1,2388.0
U008070,5174.0,199.0,26,1,2388.0
U012291,5174.0,199.0,26,1,2388.0
U006909,5174.0,199.0,26,1,2388.0
U018107,5174.0,199.0,26,1,2388.0
U009941,5174.0,199.0,26,1,2388.0
U005426,5174.0,199.0,26,1,2388.0
U026604,5174.0,199.0,26,1,2388.0
U002128,5174.0,199.0,26,1,2388.0
U018991,5174.0,199.0,26,1,2388.0
U022451,5174.0,199.0,26,1,2388.0
U008263,5174.0,199.0,26,1,2388.0
U020415,5174.0,199.0,26,1,2388.0
U020726,5174.0,199.0,26,1,2388.0
U026180,5174.0,199.0,26,1,2388.0
U008952,5174.0,199.0,26,1,2388.0
U006985,5174.0,199.0,26,1,2388.0
U026916,5174.0,199.0,26,1,2388.0
U008306,5174.0,199.0,26,1,2388.0
U002862,5174.0,199.0,26,1,2388.0
U012942,5174.0,199.0,26,1,2388.0
U018180,5174.0,199.0,26,1,2388.0
U027749,5174.0,199.0,26,1,2388.0
U010852,5174.0,199.0,26,1,2388.0
U008394,5174.0,199.0,26,1,2388.0
U003444,5174.0,199.0,26,1,2388.0
U016131,5174.0,199.0,26,1,2388.0
U005208,5174.0,199.0,26,1,2388.0
U005008,5174.0,199.0,26,1,2388.0
U011558,5174.0,199.0,26,1,2388.0
U024251,5174.0,199.0,26,1,2388.0
U007057,5174.0,199.0,26,1,2388.0
U010029,5174.0,199.0,26,1,2388.0
U026809,5174.0,199.0,26,1,2388.0
U013672,5174.0,199.0,26,1,2388.0
U001531,5174.0,199.0,26,1,2388.0
U002854,5174.0,199.0,26,1,2388.0
U012084,5174.0,199.0,26,1,2388.0
U017226,5174.0,199.0,26,1,2388.0
U016425,5174.0,199.0,26,1,2388.0
U017960,5174.0,199.0,26,1,2388.0
U014601,5174.0,199.0,26,1,2388.0
U007710,5174.0,199.0,26,1,2388.0
U021363,5174.0,199.0,26,1,2388.0
U024132,5174.0,199.0,26,1,2388.0
U003119,5174.0,199.0,26,1,2388.0
U005120,4975.0,199.0,25,1,2388.0
U005337,4975.0,199.0,25,1,2388.0
U029413,4975.0,199.0,25,1,2388.0
U012864,4975.0,199.0,25,1,2388.0
U010566,4975.0,199.0,25,1,2388.0
U007460,4975.0,199.0,25,1,2388.0
U028736,4975.0,199.0,25,1,2388.0
U023006,4975.0,199.0,25,1,2388.0
U011856,4975.0,199.0,25,1,2388.0
U023135,4975.0,199.0,25,1,2388.0
U009925,4975.0,199.0,25,1,2388.0
U025817,4975.0,199.0,25,1,2388.0
U024394,4975.0,199.0,25,1,2388.0
U022471,4975.0,199.0,25,1,2388.0
U006259,4975.0,199.0,25,1,2388.0
U019819,4975.0,199.0,25,1,2388.0
U026538,4975.0,199.0,25,1,2388.0
U028679,4975.0,199.0,25,1,2388.0
U006848,4975.0,199.0,25,1,2388.0
U022132,4975.0,199.0,25,1,2388.0
U004707,4975.0,199.0,25,1,2388.0
U020035,4975.0,199.0,25,1,2388.0
U028075,4975.0,199.0,25,1,2388.0
U008150,4975.0,199.0,25,1,2388.0
U009082,4975.0,199.0,25,1,2388.0
U021407,4975.0,199.0,25,1,2388.0
U026603,4975.0,199.0,25,1,2388.0
U021756,4975.0,199.0,25,1,2388.0
U027028,4975.0,199.0,25,1,2388.0
U018907,4975.0,199.0,25,1,2388.0
U022869,4975.0,199.0,25,1,2388.0
U011615,4975.0,199.0,25,1,2388.0
U026008,4975.0,199.0,25,1,2388.0
U020394,4975.0,199.0,25,1,2388.0
U006733,4975.0,199.0,25,1,2388.0
U020029,4975.0,199.0,25,1,2388.0
U004977,4975.0,199.0,25,1,2388.0
U004909,4975.0,199.0,25,1,2388.0
U019656,4975.0,199.0,25,1,2388.0
U027173,4975.0,199.0,25,1,2388.0
U025249,4975.0,199.0,25,1,2388.0
U027218,4975.0,199.0,25,1,2388.0
U004359,4975.0,199.0,25,1,2388.0
U006401,4975.0,199.0,25,1,2388.0
U006845,4975.0,199.0,25,1,2388.0
U018466,4975.0,199.0,25,1,2388.0
U019466,4975.0,199.0,25,1,2388.0
U023423,4975.0,199.0,25,1,2388.0
U005835,4975.0,199.0,25,1,2388.0
U026723,4975.0,199.0,25,1,2388.0
U029512,4975.0,199.0,25,1,2388.0
U003960,4975.0,199.0,25,1,2388.0
U022473,4975.0,199.0,25,1,2388.0
U024938,4975.0,199.0,25,1,2388.0
U019598,4975.0,199.0,25,1,2388.0
U011438,4975.0,199.0,25,1,2388.0
U007787,4975.0,199.0,25,1,2388.0
U001516,4975.0,199.0,25,1,2388.0
U005242,4975.0,199.0,25,1,2388.0
U005468,4975.0,199.0,25,1,2388.0
U006962,4975.0,199.0,25,1,2388.0
U014816,4975.0,199.0,25,1,2388.0
U003692,4975.0,199.0,25,1,2388.0
U021219,4975.0,199.0,25,1,2388.0
U016300,4975.0,199.0,25,1,2388.0
U013428,4975.0,199.0,25,1,2388.0
U026774,4975.0,199.0,25,1,2388.0
U007686,4975.0,199.0,25,1,2388.0
U027377,4975.0,199.0,25,1,2388.0
U024202,4975.0,199.0,25,1,2388.0
U015353,4975.0,199.0,25,1,2388.0
U020860,4975.0,199.0,25,1,2388.0
U019056,4776.0,199.0,24,1,2388.0
U016705,4776.0,199.0,24,1,2388.0
U027402,4776.0,199.0,24,1,2388.0
U007129,4776.0,199.0,24,1,2388.0
U005193,4776.0,199.0,24,1,2388.0
U017623,4776.0,199.0,24,1,2388.0
U022751,4776.0,199.0,24,1,2388.0
U027256,4776.0,199.0,24,1,2388.0
U023956,4776.0,199.0,24,1,2388.0
U003079,4776.0,199.0,24,1,2388.0
U024533,4776.0,199.0,24,1,2388.0
U000504,4776.0,199.0,24,1,2388.0
U024456,4776.0,199.0,24,1,2388.0
U020174,4776.0,199.0,24,1,2388.0
U024891,4776.0,199.0,24,1,2388.0
U015087,4776.0,199.0,24,1,2388.0
U013416,4776.0,199.0,24,1,2388.0
U012642,4776.0,199.0,24,1,2388.0
U004255,4776.0,199.0,24,1,2388.0
U001987,4776.0,199.0,24,1,2388.0
U017594,4776.0,199.0,24,1,2388.0
U001094,4776.0,199.0,24,1,2388.0
U002645,4776.0,199.0,24,1,2388.0
U011694,4776.0,199.0,24,1,2388.0
U006914,4776.0,199.0,24,1,2388.0
U009935,4776.0,199.0,24,1,2388.0
U008061,4776.0,199.0,24,1,2388.0
U006305,4776.0,199.0,24,1,2388.0
U016745,4776.0,199.0,24,1,2388.0
U012979,4776.0,199.0,24,1,2388.0
U017309,4776.0,199.0,24,1,2388.0
U012004,4776.0,199.0,24,1,2388.0
U017277,4776.0,199.0,24,1,2388.0
U014889,4776.0,199.0,24,1,2388.0
U016453,4776.0,199.0,24,1,2388.0
U001694,4776.0,199.0,24,1,2388.0
U014890,4776.0,199.0,24,1,2388.0
U025508,4776.0,199.0,24,1,2388.0
U021633,4776.0,199.0,24,1,2388.0
U016477,4776.0,199.0,24,1,2388.0
U009601,4776.0,199.0,24,1,2388.0
U003329,4776.0,199.0,24,1,2388.0
U029296,4776.0,199.0,24,1,2388.0
U018510,4776.0,199.0,24,1,2388.0
U021460,4776.0,199.0,24,1,2388.0
U003986,4776.0,199.0,24,1,2388.0
U012350,4776.0,199.0,24,1,2388.0
U015786,4776.0,199.0,24,1,2388.0
U015877,4776.0,199.0,24,1,2388.0
U014727,4776.0,199.0,24,1,2388.0
U013963,4776.0,199.0,24,1,2388.0
U014489,4776.0,199.0,24,1,2388.0
U005256,4776.0,199.0,24,1,2388.0
U002614,4776.0,199.0,24,1,2388.0
U025350,4776.0,199.0,24,1,2388.0
U012133,4776.0,199.0,24,1,2388.0
U015249,4776.0,199.0,24,1,2388.0
U000950,4776.0,199.0,24,1,2388.0
U009242,4776.0,199.0,24,1,2388.0
U021022,4776.0,199.0,24,1,2388.0
U008709,4776.0,199.0,24,1,2388.0
U022909,4776.0,199.0,24,1,2388.0
U024400,4577.0,199.0,23,1,2388.0
U004649,4577.0,199.0,23,1,2388.0
U021038,4577.0,199.0,23,1,2388.0
U008420,4577.0,199.0,23,1,2388.0
U011582,4577.0,199.0,23,1,2388.0
U027560,4577.0,199.0,23,1,2388.0
U018373,4577.0,199.0,23,1,2388.0
U006398,4577.0,199.0,23,1,2388.0
U002971,4577.0,199.0,23,1,2388.0
U025779,4577.0,199.0,23,1,2388.0
U016350,4577.0,199.0,23,1,2388.0
U020122,4577.0,199.0,23,1,2388.0
U028510,4577.0,199.0,23,1,2388.0
U000601,4577.0,199.0,23,1,2388.0
U014239,4577.0,199.0,23,1,2388.0
U020180,4577.0,199.0,23,1,2388.0
U005511,4577.0,199.0,23,1,2388.0
U020948,4577.0,199.0,23,1,2388.0
U020285,4577.0,199.0,23,1,2388.0
U026810,4577.0,199.0,23,1,2388.0
U020269,4577.0,199.0,23,1,2388.0
U025623,4577.0,199.0,23,1,2388.0
U029271,4577.0,199.0,23,1,2388.0
U021822,4577.0,199.0,23,1,2388.0
U022434,4577.0,199.0,23,1,2388.0
U010167,4577.0,199.0,23,1,2388.0
U028738,4577.0,199.0,23,1,2388.0
U014455,4577.0,199.0,23,1,2388.0
U026759,4577.0,199.0,23,1,2388.0
U007878,4577.0,199.0,23,1,2388.0
U010307,4577.0,199.0,23,1,2388.0
U017920,4577.0,199.0,23,1,2388.0
U017865,4577.0,199.0,23,1,2388.0
U004330,4577.0,199.0,23,1,2388.0
U020270,4577.0,199.0,23,1,2388.0
U012593,4577.0,199.0,23,1,2388.0
U002026,4577.0,199.0,23,1,2388.0
U022612,4577.0,199.0,23,1,2388.0
U005490,4577.0,199.0,23,1,2388.0
U014027,4577.0,199.0,23,1,2388.0
U011269,4577.0,199.0,23,1,2388.0
U006287,4577.0,199.0,23,1,2388.0
U029619,4577.0,199.0,23,1,2388.0
U026605,4577.0,199.0,23,1,2388.0
U005706,4577.0,199.0,23,1,2388.0
U017354,4577.0,199.0,23,1,2388.0
U014060,4577.0,199.0,23,1,2388.0
U013292,4577.0,199.0,23,1,2388.0
U012425,4577.0,199.0,23,1,2388.0
U012289,4577.0,199.0,23,1,2388.0
U005555,4577.0,199.0,23,1,2388.0
U018967,4577.0,199.0,23,1,2388.0
U009029,4577.0,199.0,23,1,2388.0
U021969,4577.0,199.0,23,1,2388.0
U006473,4577.0,199.0,23,1,2388.0
U009513,4577.0,199.0,23,1,2388.0
U005880,4577.0,199.0,23,1,2388.0
U009510,4577.0,199.0,23,1,2388.0
U023178,4577.0,199.0,23,1,2388.0
U013251,4577.0,199.0,23,1,2388.0
U017299,4577.0,199.0,23,1,2388.0
U026560,4577.0,199.0,23,1,2388.0
U012726,4577.0,199.0,23,1,2388.0
U025392,4577.0,199.0,23,1,2388.0
U029150,4577.0,199.0,23,1,2388.0
U016450,4577.0,199.0,23,1,2388.0
U025608,4577.0,199.0,23,1,2388.0
U010668,4577.0,199.0,23,1,2388.0
U015988,4577.0,199.0,23,1,2388.0
U002246,4577.0,199.0,23,1,2388.0
U017241,4577.0,199.0,23,1,2388.0
U002721,4577.0,199.0,23,1,2388.0
U027075,4577.0,199.0,23,1,2388.0
U001581,4577.0,199.0,23,1,2388.0
U027505,4577.0,199.0,23,1,2388.0
U005072,4577.0,199.0,23,1,2388.0
U028023,4577.0,199.0,23,1,2388.0
U009756,4577.0,199.0,23,1,2388.0
U002803,4577.0,199.0,23,1,2388.0
U026856,4577.0,199.0,23,1,2388.0
U007242,4577.0,199.0,23,1,2388.0
U007006,4577.0,199.0,23,1,2388.0
U020628,4577.0,199.0,23,1,2388.0
U025452,4577.0,199.0,23,1,2388.0
U005794,4577.0,199.0,23,1,2388.0
U000279,4577.0,199.0,23,1,2388.0
U026852,4577.0,199.0,23,1,2388.0
U029236,4378.0,199.0,22,1,2388.0
U002194,4378.0,199.0,22,1,2388.0
U008468,4378.0,199.0,22,1,2388.0
U010103,4378.0,199.0,22,1,2388.0
U019098,4378.0,199.0,22,1,2388.0
U026419,4378.0,199.0,22,1,2388.0
U011361,4378.0,199.0,22,1,2388.0
U014573,4378.0,199.0,22,1,2388.0
U014544,4378.0,199.0,22,1,2388.0
U009072,4378.0,199.0,22,1,2388.0
U029174,4378.0,199.0,22,1,2388.0
U023419,4378.0,199.0,22,1,2388.0
U012001,4378.0,199.0,22,1,2388.0
U004316,4378.0,199.0,22,1,2388.0
U003970,4378.0,199.0,22,1,2388.0
U014400,4378.0,199.0,22,1,2388.0
U002263,4378.0,199.0,22,1,2388.0
U012211,4378.0,199.0,22,1,2388.0
U009651,4378.0,199.0,22,1,2388.0
U000031,4378.0,199.0,22,1,2388.0
U009571,4378.0,199.0,22,1,2388.0
U020655,4378.0,199.0,22,1,2388.0
U007749,4378.0,199.0,22,1,2388.0
U005498,4378.0,199.0,22,1,2388.0
U010424,4378.0,199.0,22,1,2388.0
U026582,4378.0,199.0,22,1,2388.0
U010110,4378.0,199.0,22,1,2388.0
U016336,4378.0,199.0,22,1,2388.0
U024949,4378.0,199.0,22,1,2388.0
U001241,4378.0,199.0,22,1,2388.0
U027681,4378.0,199.0,22,1,2388.0
U016543,4378.0,199.0,22,1,2388.0
U024863,4378.0,199.0,22,1,2388.0
U013579,4378.0,199.0,22,1,2388.0
U006879,4378.0,199.0,22,1,2388.0
U017057,4378.0,199.0,22,1,2388.0
U006166,4378.0,199.0,22,1,2388.0
U026651,4378.0,199.0,22,1,2388.0
U029626,4378.0,199.0,22,1,2388.0
U026616,4378.0,199.0,22,1,2388.0
U006425,4378.0,199.0,22,1,2388.0
U020018,4378.0,199.0,22,1,2388.0
U001502,4378.0,199.0,22,1,2388.0
U027992,4378.0,199.0,22,1,2388.0
U006917,4378.0,199.0,22,1,2388.0
U019500,4378.0,199.0,22,1,2388.0
U007043,4378.0,199.0,22,1,2388.0
U006205,4378.0,199.0,22,1,2388.0
U013541,4378.0,199.0,22,1,2388.0
U018624,4378.0,199.0,22,1,2388.0
U007817,4378.0,199.0,22,1,2388.0
U028805,4378.0,199.0,22,1,2388.0
U003948,4378.0,199.0,22,1,2388.0
U021441,4378.0,199.0,22,1,2388.0
U025821,4378.0,199.0,22,1,2388.0
U007846,4378.0,199.0,22,1,2388.0
U008653,4378.0,199.0,22,1,2388.0
U014695,4378.0,199.0,22,1,2388.0
U020149,4378.0,199.0,22,1,2388.0
U018900,4378.0,199.0,22,1,2388.0
U018744,4378.0,199.0,22,1,2388.0
U013764,4378.0,199.0,22,1,2388.0
U009222,4378.0,199.0,22,1,2388.0
U021659,4378.0,199.0,22,1,2388.0
U019486,4378.0,199.0,22,1,2388.0
U018572,4378.0,199.0,22,1,2388.0
U005105,4378.0,199.0,22,1,2388.0
U002531,4378.0,199.0,22,1,2388.0
U019116,4179.0,199.0,21,1,2388.0
U000661,4179.0,199.0,21,1,2388.0
U008137,4179.0,199.0,21,1,2388.0
U025799,4179.0,199.0,21,1,2388.0
U014015,4179.0,199.0,21,1,2388.0
U019639,4179.0,199.0,21,1,2388.0
U003365,4179.0,199.0,21,1,2388.0
U005942,4179.0,199.0,21,1,2388.0
U004073,4179.0,199.0,21,1,2388.0
U006256,4179.0,199.0,21,1,2388.0
U001941,4179.0,199.0,21,1,2388.0
U006265,4179.0,199.0,21,1,2388.0
U016901,4179.0,199.0,21,1,2388.0
U026455,4179.0,199.0,21,1,2388.0
U005740,4179.0,199.0,21,1,2388.0
U009193,4179.0,199.0,21,1,2388.0
U019905,4179.0,199.0,21,1,2388.0
U021419,4179.0,199.0,21,1,2388.0
U012430,4179.0,199.0,21,1,2388.0
U000391,4179.0,199.0,21,1,2388.0
U003722,4179.0,199.0,21,1,2388.0
U018246,4179.0,199.0,21,1,2388.0
U016507,4179.0,199.0,21,1,2388.0
U019480,4179.0,199.0,21,1,2388.0
U022183,4179.0,199.0,21,1,2388.0
U013700,4179.0,199.0,21,1,2388.0
U001477,4179.0,199.0,21,1,2388.0
U029177,4179.0,199.0,21,1,2388.0
U020497,4179.0,199.0,21,1,2388.0
U009453,4179.0,199.0,21,1,2388.0
U021552,4179.0,199.0,21,1,2388.0
U020004,4179.0,199.0,21,1,2388.0
U023953,4179.0,199.0,21,1,2388.0
U015678,4179.0,199.0,21,1,2388.0
U017758,4179.0,199.0,21,1,2388.0
U029469,4179.0,199.0,21,1,2388.0
U013684,4179.0,199.0,21,1,2388.0
U006560,4179.0,199.0,21,1,2388.0
U001527,4179.0,199.0,21,1,2388.0
U020716,4179.0,199.0,21,1,2388.0
U017902,4179.0,199.0,21,1,2388.0
U000259,4179.0,199.0,21,1,2388.0
U010064,4179.0,199.0,21,1,2388.0
U010480,4179.0,199.0,21,1,2388.0
U026248,4179.0,199.0,21,1,2388.0
U018749,4179.0,199.0,21,1,2388.0
U017343,4179.0,199.0,21,1,2388.0
U018730,4179.0,199.0,21,1,2388.0
U011637,4179.0,199.0,21,1,2388.0
U021113,4179.0,199.0,21,1,2388.0
U018239,4179.0,199.0,21,1,2388.0
U024681,4179.0,199.0,21,1,2388.0
U002880,4179.0,199.0,21,1,2388.0
U007254,4179.0,199.0,21,1,2388.0
U007268,4179.0,199.0,21,1,2388.0
U010685,4179.0,199.0,21,1,2388.0
U016219,4179.0,199.0,21,1,2388.0
U026072,4179.0,199.0,21,1,2388.0
U013668,4179.0,199.0,21,1,2388.0
U003214,4179.0,199.0,21,1,2388.0
U028818,4179.0,199.0,21,1,2388.0
U028425,4179.0,199.0,21,1,2388.0
U028011,4179.0,199.0,21,1,2388.0
U013224,4179.0,199.0,21,1,2388.0
U022709,4179.0,199.0,21,1,2388.0
U014592,4179.0,199.0,21,1,2388.0
U022420,4179.0,199.0,21,1,2388.0
U011669,4179.0,199.0,21,1,2388.0
U026120,4179.0,199.0,21,1,2388.0
U012933,4179.0,199.0,21,1,2388.0
U019269,4179.0,199.0,21,1,2388.0
U008341,4179.0,199.0,21,1,2388.0
U001030,3980.0,199.0,20,1,2388.0
U026841,3980.0,199.0,20,1,2388.0
U002858,3980.0,199.0,20,1,2388.0
U016505,3980.0,199.0,20,1,2388.0
U024324,3980.0,199.0,20,1,2388.0
U026445,3980.0,199.0,20,1,2388.0
U009581,3980.0,199.0,20,1,2388.0
U026020,3980.0,199.0,20,1,2388.0
U009994,3980.0,199.0,20,1,2388.0
U002609,3980.0,199.0,20,1,2388.0
U002607,3980.0,199.0,20,1,2388.0
U019025,3980.0,199.0,20,1,2388.0
U000577,3980.0,199.0,20,1,2388.0
U020472,3980.0,199.0,20,1,2388.0
U024166,3980.0,199.0,20,1,2388.0
U022268,3980.0,199.0,20,1,2388.0
U023921,3980.0,199.0,20,1,2388.0
U003908,3980.0,199.0,20,1,2388.0
U008253,3980.0,199.0,20,1,2388.0
U020087,3980.0,199.0,20,1,2388.0
U026543,3980.0,199.0,20,1,2388.0
U008165,3980.0,199.0,20,1,2388.0
U012607,3980.0,199.0,20,1,2388.0
U003197,3980.0,199.0,20,1,2388.0
U002270,3980.0,199.0,20,1,2388.0
U012035,3980.0,199.0,20,1,2388.0
U016728,3980.0,199.0,20,1,2388.0
U007699,3980.0,199.0,20,1,2388.0
U005983,3980.0,199.0,20,1,2388.0
U029032,3980.0,199.0,20,1,2388.0
U003924,3980.0,199.0,20,1,2388.0
U016252,3980.0,199.0,20,1,2388.0
U011122,3980.0,199.0,20,1,2388.0
U010368,3980.0,199.0,20,1,2388.0
U003863,3980.0,199.0,20,1,2388.0
U002970,3980.0,199.0,20,1,2388.0
U028239,3980.0,199.0,20,1,2388.0
U001761,3980.0,199.0,20,1,2388.0
U002671,3980.0,199.0,20,1,2388.0
U017002,3980.0,199.0,20,1,2388.0
U019299,3980.0,199.0,20,1,2388.0
U028283,3980.0,199.0,20,1,2388.0
U011716,3980.0,199.0,20,1,2388.0
U014283,3980.0,199.0,20,1,2388.0
U024613,3980.0,199.0,20,1,2388.0
U023031,3980.0,199.0,20,1,2388.0
U004269,3980.0,199.0,20,1,2388.0
U018371,3980.0,199.0,20,1,2388.0
U010953,3980.0,199.0,20,1,2388.0
U005451,3980.0,199.0,20,1,2388.0
U026256,3980.0,199.0,20,1,2388.0
U016095,3980.0,199.0,20,1,2388.0
U007219,3980.0,199.0,20,1,2388.0
U005398,3980.0,199.0,20,1,2388.0
U018579,3980.0,199.0,20,1,2388.0
U025044,3980.0,199.0,20,1,2388.0
U014543,3980.0,199.0,20,1,2388.0
U011494,3980.0,199.0,20,1,2388.0
U000232,3980.0,199.0,20,1,2388.0
U015025,3980.0,199.0,20,1,2388.0
U011957,3980.0,199.0,20,1,2388.0
U002694,3980.0,199.0,20,1,2388.0
U003067,3980.0,199.0,20,1,2388.0
U013833,3980.0,199.0,20,1,2388.0
U018617,3980.0,199.0,20,1,2388.0
U014723,3980.0,199.0,20,1,2388.0
U000103,3980.0,199.0,20,1,2388.0
U003371,3980.0,199.0,20,1,2388.0
U026797,3980.0,199.0,20,1,2388.0
U022635,3980.0,199.0,20,1,2388.0
U021245,3980.0,199.0,20,1,2388.0
U011727,3980.0,199.0,20,1,2388.0
U019497,3980.0,199.0,20,1,2388.0
U009286,3980.0,199.0,20,1,2388.0
U020642,3980.0,199.0,20,1,2388.0
U008605,3980.0,199.0,20,1,2388.0
U002506,3980.0,199.0,20,1,2388.0
U005107,3980.0,199.0,20,1,2388.0
U001623,3980.0,199.0,20,1,2388.0
U026304,3980.0,199.0,20,1,2388.0
U012529,3980.0,199.0,20,1,2388.0
U002569,3980.0,199.0,20,1,2388.0
U010188,3980.0,199.0,20,1,2388.0
U019993,3980.0,199.0,20,1,2388.0
U026849,3781.0,199.0,19,1,2388.0
U026883,3781.0,199.0,19,1,2388.0
U026959,3781.0,199.0,19,1,2388.0
U002611,3781.0,199.0,19,1,2388.0
U005707,3781.0,199.0,19,1,2388.0
U005054,3781.0,199.0,19,1,2388.0
U027079,3781.0,199.0,19,1,2388.0
U009250,3781.0,199.0,19,1,2388.0
U015953,3781.0,199.0,19,1,2388.0
U010529,3781.0,199.0,19,1,2388.0
U027384,3781.0,199.0,19,1,2388.0
U027471,3781.0,199.0,19,1,2388.0
U027757,3781.0,199.0,19,1,2388.0
U012706,3781.0,199.0,19,1,2388.0
U014111,3781.0,199.0,19,1,2388.0
U019800,3781.0,199.0,19,1,2388.0
U008419,3781.0,199.0,19,1,2388.0
U004736,3781.0,199.0,19,1,2388.0
U002485,3781.0,199.0,19,1,2388.0
U022967,3781.0,199.0,19,1,2388.0
U028269,3781.0,199.0,19,1,2388.0
U008883,3781.0,199.0,19,1,2388.0
U022995,3781.0,199.0,19,1,2388.0
U004661,3781.0,199.0,19,1,2388.0
U017262,3781.0,199.0,19,1,2388.0
U003915,3781.0,199.0,19,1,2388.0
U028532,3781.0,199.0,19,1,2388.0
U001405,3781.0,199.0,19,1,2388.0
U027259,3781.0,199.0,19,1,2388.0
U010308,3781.0,199.0,19,1,2388.0
U025269,3781.0,199.0,19,1,2388.0
U019233,3781.0,199.0,19,1,2388.0
U010869,3781.0,199.0,19,1,2388.0
U019904,3781.0,199.0,19,1,2388.0
U012609,3781.0,199.0,19,1,2388.0
U019191,3781.0,199.0,19,1,2388.0
U001226,3781.0,199.0,19,1,2388.0
U002459,3781.0,199.0,19,1,2388.0
U026107,3781.0,199.0,19,1,2388.0
U007937,3781.0,199.0,19,1,2388.0
U011904,3781.0,199.0,19,1,2388.0
U009637,3781.0,199.0,19,1,2388.0
U019511,3781.0,199.0,19,1,2388.0
U021668,3781.0,199.0,19,1,2388.0
U025971,3781.0,199.0,19,1,2388.0
U024342,3781.0,199.0,19,1,2388.0
U000526,3781.0,199.0,19,1,2388.0
U023315,3781.0,199.0,19,1,2388.0
U015523,3781.0,199.0,19,1,2388.0
U025372,3781.0,199.0,19,1,2388.0
U024515,3781.0,199.0,19,1,2388.0
U003237,3781.0,199.0,19,1,2388.0
U015426,3781.0,199.0,19,1,2388.0
U003051,3781.0,199.0,19,1,2388.0
U008045,3781.0,199.0,19,1,2388.0
U009585,3781.0,199.0,19,1,2388.0
U010899,3781.0,199.0,19,1,2388.0
U001134,3781.0,199.0,19,1,2388.0
U020774,3781.0,199.0,19,1,2388.0
U008217,3781.0,199.0,19,1,2388.0
U022432,3781.0,199.0,19,1,2388.0
U011084,3781.0,199.0,19,1,2388.0
U006629,3781.0,199.0,19,1,2388.0
U001157,3781.0,199.0,19,1,2388.0
U028977,3781.0,199.0,19,1,2388.0
U018783,3781.0,199.0,19,1,2388.0
U009167,3781.0,199.0,19,1,2388.0
U024173,3781.0,199.0,19,1,2388.0
U022538,3781.0,199.0,19,1,2388.0
U019120,3781.0,199.0,19,1,2388.0
U006103,3781.0,199.0,19,1,2388.0
U029497,3781.0,199.0,19,1,2388.0
U012039,3781.0,199.0,19,1,2388.0
U029667,3781.0,199.0,19,1,2388.0
U023897,3781.0,199.0,19,1,2388.0
U029103,3781.0,199.0,19,1,2388.0
U003330,3781.0,199.0,19,1,2388.0
U003029,3781.0,199.0,19,1,2388.0
U000643,3781.0,199.0,19,1,2388.0
U017990,3781.0,199.0,19,1,2388.0
U007202,3781.0,199.0,19,1,2388.0
U021748,3582.0,199.0,18,1,2388.0
U027636,3582.0,199.0,18,1,2388.0
U027618,3582.0,199.0,18,1,2388.0
U027588,3582.0,199.0,18,1,2388.0
U027383,3582.0,199.0,18,1,2388.0
U020033,3582.0,199.0,18,1,2388.0
U027175,3582.0,199.0,18,1,2388.0
U022694,3582.0,199.0,18,1,2388.0
U019012,3582.0,199.0,18,1,2388.0
U005053,3582.0,199.0,18,1,2388.0
U004398,3582.0,199.0,18,1,2388.0
U026622,3582.0,199.0,18,1,2388.0
U029493,3582.0,199.0,18,1,2388.0
U012982,3582.0,199.0,18,1,2388.0
U014758,3582.0,199.0,18,1,2388.0
U014876,3582.0,199.0,18,1,2388.0
U003334,3582.0,199.0,18,1,2388.0
U015437,3582.0,199.0,18,1,2388.0
U005420,3582.0,199.0,18,1,2388.0
U014409,3582.0,199.0,18,1,2388.0
U018377,3582.0,199.0,18,1,2388.0
U029184,3582.0,199.0,18,1,2388.0
U029044,3582.0,199.0,18,1,2388.0
U025060,3582.0,199.0,18,1,2388.0
U018301,3582.0,199.0,18,1,2388.0
U016114,3582.0,199.0,18,1,2388.0
U026533,3582.0,199.0,18,1,2388.0
U023105,3582.0,199.0,18,1,2388.0
U003478,3582.0,199.0,18,1,2388.0
U010521,3582.0,199.0,18,1,2388.0
U004519,3582.0,199.0,18,1,2388.0
U021060,3582.0,199.0,18,1,2388.0
U016782,3582.0,199.0,18,1,2388.0
U013489,3582.0,199.0,18,1,2388.0
U019528,3582.0,199.0,18,1,2388.0
U022082,3582.0,199.0,18,1,2388.0
U011255,3582.0,199.0,18,1,2388.0
U010288,3582.0,199.0,18,1,2388.0
U029122,3582.0,199.0,18,1,2388.0
U011081,3582.0,199.0,18,1,2388.0
U011383,3582.0,199.0,18,1,2388.0
U007139,3582.0,199.0,18,1,2388.0
U005519,3582.0,199.0,18,1,2388.0
U007041,3582.0,199.0,18,1,2388.0
U002393,3582.0,199.0,18,1,2388.0
U006159,3582.0,199.0,18,1,2388.0
U007321,3582.0,199.0,18,1,2388.0
U024319,3582.0,199.0,18,1,2388.0
U024484,3582.0,199.0,18,1,2388.0
U012077,3582.0,199.0,18,1,2388.0
U023500,3582.0,199.0,18,1,2388.0
U014884,3582.0,199.0,18,1,2388.0
U020088,3582.0,199.0,18,1,2388.0
U024986,3582.0,199.0,18,1,2388.0
U012573,3582.0,199.0,18,1,2388.0
U013045,3582.0,199.0,18,1,2388.0
U008768,3582.0,199.0,18,1,2388.0
U004204,3582.0,199.0,18,1,2388.0
U017192,3582.0,199.0,18,1,2388.0
U017844,3582.0,199.0,18,1,2388.0
U009986,3582.0,199.0,18,1,2388.0
U020363,3582.0,199.0,18,1,2388.0
U007088,3582.0,199.0,18,1,2388.0
U006493,3582.0,199.0,18,1,2388.0
U023145,3582.0,199.0,18,1,2388.0
U003127,3582.0,199.0,18,1,2388.0
U028530,3582.0,199.0,18,1,2388.0
U027985,3582.0,199.0,18,1,2388.0
U015941,3582.0,199.0,18,1,2388.0
U004769,3582.0,199.0,18,1,2388.0
U027913,3582.0,199.0,18,1,2388.0
U016068,3582.0,199.0,18,1,2388.0
U025634,3383.0,199.0,17,1,2388.0
U007684,3383.0,199.0,17,1,2388.0
U023391,3383.0,199.0,17,1,2388.0
U001159,3383.0,199.0,17,1,2388.0
U023734,3383.0,199.0,17,1,2388.0
U016214,3383.0,199.0,17,1,2388.0
U008691,3383.0,199.0,17,1,2388.0
U016896,3383.0,199.0,17,1,2388.0
U020226,3383.0,199.0,17,1,2388.0
U001128,3383.0,199.0,17,1,2388.0
U009963,3383.0,199.0,17,1,2388.0
U012494,3383.0,199.0,17,1,2388.0
U010295,3383.0,199.0,17,1,2388.0
U016251,3383.0,199.0,17,1,2388.0
U015462,3383.0,199.0,17,1,2388.0
U008593,3383.0,199.0,17,1,2388.0
U018326,3383.0,199.0,17,1,2388.0
U024386,3383.0,199.0,17,1,2388.0
U025862,3383.0,199.0,17,1,2388.0
U002994,3383.0,199.0,17,1,2388.0
U023619,3383.0,199.0,17,1,2388.0
U015314,3383.0,199.0,17,1,2388.0
U007245,3383.0,199.0,17,1,2388.0
U020282,3383.0,199.0,17,1,2388.0
U016608,3383.0,199.0,17,1,2388.0
U009158,3383.0,199.0,17,1,2388.0
U029647,3383.0,199.0,17,1,2388.0
U019099,3383.0,199.0,17,1,2388.0
U005569,3383.0,199.0,17,1,2388.0
U018110,3383.0,199.0,17,1,2388.0
U025843,3383.0,199.0,17,1,2388.0
U026668,3383.0,199.0,17,1,2388.0
U026816,3383.0,199.0,17,1,2388.0
U026952,3383.0,199.0,17,1,2388.0
U014948,3383.0,199.0,17,1,2388.0
U008126,3383.0,199.0,17,1,2388.0
U010661,3383.0,199.0,17,1,2388.0
U027253,3383.0,199.0,17,1,2388.0
U019759,3383.0,199.0,17,1,2388.0
U007673,3383.0,199.0,17,1,2388.0
U013298,3383.0,199.0,17,1,2388.0
U027418,3383.0,199.0,17,1,2388.0
U002612,3383.0,199.0,17,1,2388.0
U027498,3383.0,199.0,17,1,2388.0
U016516,3383.0,199.0,17,1,2388.0
U012797,3383.0,199.0,17,1,2388.0
U023981,3383.0,199.0,17,1,2388.0
U013715,3383.0,199.0,17,1,2388.0
U002316,3383.0,199.0,17,1,2388.0
U019865,3383.0,199.0,17,1,2388.0
U014013,3383.0,199.0,17,1,2388.0
U022889,3383.0,199.0,17,1,2388.0
U018706,3383.0,199.0,17,1,2388.0
U015630,3383.0,199.0,17,1,2388.0
U001100,3383.0,199.0,17,1,2388.0
U007538,3383.0,199.0,17,1,2388.0
U023651,3383.0,199.0,17,1,2388.0
U018800,3383.0,199.0,17,1,2388.0
U008387,3383.0,199.0,17,1,2388.0
U011105,3383.0,199.0,17,1,2388.0
U021094,3383.0,199.0,17,1,2388.0
U027852,3383.0,199.0,17,1,2388.0
U024706,3383.0,199.0,17,1,2388.0
U021553,3383.0,199.0,17,1,2388.0
U017511,3383.0,199.0,17,1,2388.0
U008750,3383.0,199.0,17,1,2388.0
U020640,3383.0,199.0,17,1,2388.0
U024943,3383.0,199.0,17,1,2388.0
U016011,3383.0,199.0,17,1,2388.0
U013724,3383.0,199.0,17,1,2388.0
U011562,3383.0,199.0,17,1,2388.0
U011792,3383.0,199.0,17,1,2388.0
U026076,3383.0,199.0,17,1,2388.0
U024215,3383.0,199.0,17,1,2388.0
U007378,3383.0,199.0,17,1,2388.0
U012095,3383.0,199.0,17,1,2388.0
U009293,3383.0,199.0,17,1,2388.0
U025308,3383.0,199.0,17,1,2388.0
U003803,3383.0,199.0,17,1,2388.0
U025330,3184.0,199.0,16,1,2388.0
U028590,3184.0,199.0,16,1,2388.0
U029978,3184.0,199.0,16,1,2388.0
U000866,3184.0,199.0,16,1,2388.0
U012389,3184.0,199.0,16,1,2388.0
U027277,3184.0,199.0,16,1,2388.0
U012911,3184.0,199.0,16,1,2388.0
U009857,3184.0,199.0,16,1,2388.0
U000633,3184.0,199.0,16,1,2388.0
U025915,3184.0,199.0,16,1,2388.0
U025346,3184.0,199.0,16,1,2388.0
U010927,3184.0,199.0,16,1,2388.0
U021688,3184.0,199.0,16,1,2388.0
U018129,3184.0,199.0,16,1,2388.0
U005179,3184.0,199.0,16,1,2388.0
U012260,3184.0,199.0,16,1,2388.0
U024746,3184.0,199.0,16,1,2388.0
U024275,3184.0,199.0,16,1,2388.0
U000411,3184.0,199.0,16,1,2388.0
U006955,3184.0,199.0,16,1,2388.0
U017916,3184.0,199.0,16,1,2388.0
U023392,3184.0,199.0,16,1,2388.0
U006452,3184.0,199.0,16,1,2388.0
U006615,3184.0,199.0,16,1,2388.0
U013857,3184.0,199.0,16,1,2388.0
U024733,3184.0,199.0,16,1,2388.0
U024090,3184.0,199.0,16,1,2388.0
U001155,3184.0,199.0,16,1,2388.0
U003829,3184.0,199.0,16,1,2388.0
U018995,3184.0,199.0,16,1,2388.0
U014395,3184.0,199.0,16,1,2388.0
U003629,3184.0,199.0,16,1,2388.0
U011126,3184.0,199.0,16,1,2388.0
U015915,3184.0,199.0,16,1,2388.0
U019976,3184.0,199.0,16,1,2388.0
U016500,3184.0,199.0,16,1,2388.0
U020331,3184.0,199.0,16,1,2388.0
U011087,3184.0,199.0,16,1,2388.0
U021379,3184.0,199.0,16,1,2388.0
U006661,3184.0,199.0,16,1,2388.0
U025466,3184.0,199.0,16,1,2388.0
U004130,3184.0,199.0,16,1,2388.0
U011280,3184.0,199.0,16,1,2388.0
U023743,3184.0,199.0,16,1,2388.0
U021813,3184.0,199.0,16,1,2388.0
U001406,3184.0,199.0,16,1,2388.0
U001710,3184.0,199.0,16,1,2388.0
U023073,3184.0,199.0,16,1,2388.0
U028578,3184.0,199.0,16,1,2388.0
U027983,3184.0,199.0,16,1,2388.0
U027957,3184.0,199.0,16,1,2388.0
U022837,3184.0,199.0,16,1,2388.0
U027631,3184.0,199.0,16,1,2388.0
U026263,3184.0,199.0,16,1,2388.0
U027602,3184.0,199.0,16,1,2388.0
U003930,3184.0,199.0,16,1,2388.0
U028939,3184.0,199.0,16,1,2388.0
U012259,3184.0,199.0,16,1,2388.0
U027322,3184.0,199.0,16,1,2388.0
U008002,3184.0,199.0,16,1,2388.0
U029396,2985.0,199.0,15,1,2388.0
U029832,2985.0,199.0,15,1,2388.0
U003731,2985.0,199.0,15,1,2388.0
U002532,2985.0,199.0,15,1,2388.0
U014319,2985.0,199.0,15,1,2388.0
U010582,2985.0,199.0,15,1,2388.0
U026378,2985.0,199.0,15,1,2388.0
U023918,2985.0,199.0,15,1,2388.0
U011802,2985.0,199.0,15,1,2388.0
U010238,2985.0,199.0,15,1,2388.0
U018476,2985.0,199.0,15,1,2388.0
U004395,2985.0,199.0,15,1,2388.0
U023828,2985.0,199.0,15,1,2388.0
U007320,2985.0,199.0,15,1,2388.0
U017855,2985.0,199.0,15,1,2388.0
U009281,2985.0,199.0,15,1,2388.0
U018694,2985.0,199.0,15,1,2388.0
U014472,2985.0,199.0,15,1,2388.0
U006696,2985.0,199.0,15,1,2388.0
U028743,2985.0,199.0,15,1,2388.0
U007866,2985.0,199.0,15,1,2388.0
U028756,2985.0,199.0,15,1,2388.0
U021272,2985.0,199.0,15,1,2388.0
U023218,2985.0,199.0,15,1,2388.0
U009539,2985.0,199.0,15,1,2388.0
U014635,2985.0,199.0,15,1,2388.0
U007116,2985.0,199.0,15,1,2388.0
U020935,2985.0,199.0,15,1,2388.0
U015722,2985.0,199.0,15,1,2388.0
U015216,2985.0,199.0,15,1,2388.0
U015726,2985.0,199.0,15,1,2388.0
U022124,2985.0,199.0,15,1,2388.0
U001768,2985.0,199.0,15,1,2388.0
U007610,2985.0,199.0,15,1,2388.0
U026740,2985.0,199.0,15,1,2388.0
U025839,2985.0,199.0,15,1,2388.0
U007284,2985.0,199.0,15,1,2388.0
U003072,2985.0,199.0,15,1,2388.0
U019327,2985.0,199.0,15,1,2388.0
U027168,2985.0,199.0,15,1,2388.0
U010427,2985.0,199.0,15,1,2388.0
U006124,2985.0,199.0,15,1,2388.0
U025021,2985.0,199.0,15,1,2388.0
U009104,2985.0,199.0,15,1,2388.0
U008712,2985.0,199.0,15,1,2388.0
U001972,2985.0,199.0,15,1,2388.0
U016065,2985.0,199.0,15,1,2388.0
U021350,2985.0,199.0,15,1,2388.0
U029394,2985.0,199.0,15,1,2388.0
U012612,2985.0,199.0,15,1,2388.0
U019217,2985.0,199.0,15,1,2388.0
U017885,2985.0,199.0,15,1,2388.0
U023147,2985.0,199.0,15,1,2388.0
U026260,2985.0,199.0,15,1,2388.0
U003758,2985.0,199.0,15,1,2388.0
U018021,2985.0,199.0,15,1,2388.0
U027638,2985.0,199.0,15,1,2388.0
U012197,2985.0,199.0,15,1,2388.0
U029005,2985.0,199.0,15,1,2388.0
U002115,2985.0,199.0,15,1,2388.0
U027684,2985.0,199.0,15,1,2388.0
U006954,2985.0,199.0,15,1,2388.0
U017754,2985.0,199.0,15,1,2388.0
U009552,2985.0,199.0,15,1,2388.0
U004025,2985.0,199.0,15,1,2388.0
U019317,2985.0,199.0,15,1,2388.0
U009502,2985.0,199.0,15,1,2388.0
U000187,2985.0,199.0,15,1,2388.0
U007819,2985.0,199.0,15,1,2388.0
U004280,2985.0,199.0,15,1,2388.0
U022251,2985.0,199.0,15,1,2388.0
U004075,2985.0,199.0,15,1,2388.0
U012877,2985.0,199.0,15,1,2388.0
U022245,2985.0,199.0,15,1,2388.0
U023969,2985.0,199.0,15,1,2388.0
U022938,2985.0,199.0,15,1,2388.0
U023700,2985.0,199.0,15,1,2388.0
U018594,2985.0,199.0,15,1,2388.0
U018586,2985.0,199.0,15,1,2388.0
U023052,2985.0,199.0,15,1,2388.0
U011502,2786.0,199.0,14,1,2388.0
U000962,2786.0,199.0,14,1,2388.0
U000017,2786.0,199.0,14,1,2388.0
U010276,2786.0,199.0,14,1,2388.0
U029190,2786.0,199.0,14,1,2388.0
U000347,2786.0,199.0,14,1,2388.0
U003199,2786.0,199.0,14,1,2388.0
U019386,2786.0,199.0,14,1,2388.0
U029275,2786.0,199.0,14,1,2388.0
U013669,2786.0,199.0,14,1,2388.0
U017955,2786.0,199.0,14,1,2388.0
U025000,2786.0,199.0,14,1,2388.0
U010584,2786.0,199.0,14,1,2388.0
U022208,2786.0,199.0,14,1,2388.0
U003500,2786.0,199.0,14,1,2388.0
U017322,2786.0,199.0,14,1,2388.0
U004456,2786.0,199.0,14,1,2388.0
U021320,2786.0,199.0,14,1,2388.0
U009529,2786.0,199.0,14,1,2388.0
U002663,2786.0,199.0,14,1,2388.0
U002546,2786.0,199.0,14,1,2388.0
U026062,2786.0,199.0,14,1,2388.0
U003048,2786.0,199.0,14,1,2388.0
U003719,2786.0,199.0,14,1,2388.0
U016750,2786.0,199.0,14,1,2388.0
U021843,2786.0,199.0,14,1,2388.0
U003599,2786.0,199.0,14,1,2388.0
U001506,2786.0,199.0,14,1,2388.0
U010472,2786.0,199.0,14,1,2388.0
U007267,2786.0,199.0,14,1,2388.0
U013731,2786.0,199.0,14,1,2388.0
U008311,2786.0,199.0,14,1,2388.0
U016986,2786.0,199.0,14,1,2388.0
U008683,2786.0,199.0,14,1,2388.0
U004733,2786.0,199.0,14,1,2388.0
U017153,2786.0,199.0,14,1,2388.0
U006040,2786.0,199.0,14,1,2388.0
U016698,2786.0,199.0,14,1,2388.0
U001684,2786.0,199.0,14,1,2388.0
U013453,2786.0,199.0,14,1,2388.0
U009731,2786.0,199.0,14,1,2388.0
U008155,2786.0,199.0,14,1,2388.0
U003793,2786.0,199.0,14,1,2388.0
U004671,2786.0,199.0,14,1,2388.0
U013154,2786.0,199.0,14,1,2388.0
U027705,2786.0,199.0,14,1,2388.0
U009113,2786.0,199.0,14,1,2388.0
U019248,2786.0,199.0,14,1,2388.0
U027430,2786.0,199.0,14,1,2388.0
U012903,2786.0,199.0,14,1,2388.0
U016136,2786.0,199.0,14,1,2388.0
U001613,2786.0,199.0,14,1,2388.0
U010473,2786.0,199.0,14,1,2388.0
U022678,2786.0,199.0,14,1,2388.0
U004167,2786.0,199.0,14,1,2388.0
U017377,2786.0,199.0,14,1,2388.0
U007853,2786.0,199.0,14,1,2388.0
U026634,2786.0,199.0,14,1,2388.0
U007018,2786.0,199.0,14,1,2388.0
U017207,2786.0,199.0,14,1,2388.0
U008381,2786.0,199.0,14,1,2388.0
U015229,2786.0,199.0,14,1,2388.0
U011348,2786.0,199.0,14,1,2388.0
U009605,2786.0,199.0,14,1,2388.0
U023408,2786.0,199.0,14,1,2388.0
U006480,2786.0,199.0,14,1,2388.0
U022063,2786.0,199.0,14,1,2388.0
U008963,2786.0,199.0,14,1,2388.0
U015494,2786.0,199.0,14,1,2388.0
U019711,2786.0,199.0,14,1,2388.0
U008349,2786.0,199.0,14,1,2388.0
U029111,2587.0,199.0,13,1,2388.0
U004423,2587.0,199.0,13,1,2388.0
U004292,2587.0,199.0,13,1,2388.0
U004295,2587.0,199.0,13,1,2388.0
U022884,2587.0,199.0,13,1,2388.0
U029015,2587.0,199.0,13,1,2388.0
U010381,2587.0,199.0,13,1,2388.0
U023290,2587.0,199.0,13,1,2388.0
U016679,2587.0,199.0,13,1,2388.0
U023615,2587.0,199.0,13,1,2388.0
U021817,2587.0,199.0,13,1,2388.0
U011881,2587.0,199.0,13,1,2388.0
U022155,2587.0,199.0,13,1,2388.0
U008762,2587.0,199.0,13,1,2388.0
U027569,2587.0,199.0,13,1,2388.0
U026281,2587.0,199.0,13,1,2388.0
U011500,2587.0,199.0,13,1,2388.0
U009221,2587.0,199.0,13,1,2388.0
U008859,2587.0,199.0,13,1,2388.0
U023545,2587.0,199.0,13,1,2388.0
U007414,2587.0,199.0,13,1,2388.0
U017208,2587.0,199.0,13,1,2388.0
U023172,2587.0,199.0,13,1,2388.0
U028863,2587.0,199.0,13,1,2388.0
U004989,2587.0,199.0,13,1,2388.0
U020109,2587.0,199.0,13,1,2388.0
U027210,2587.0,199.0,13,1,2388.0
U029326,2587.0,199.0,13,1,2388.0
U028860,2587.0,199.0,13,1,2388.0
U027091,2587.0,199.0,13,1,2388.0
U022068,2587.0,199.0,13,1,2388.0
U011645,2587.0,199.0,13,1,2388.0
U018620,2587.0,199.0,13,1,2388.0
U019933,2587.0,199.0,13,1,2388.0
U002841,2587.0,199.0,13,1,2388.0
U026204,2587.0,199.0,13,1,2388.0
U007003,2587.0,199.0,13,1,2388.0
U026842,2587.0,199.0,13,1,2388.0
U026807,2587.0,199.0,13,1,2388.0
U013596,2587.0,199.0,13,1,2388.0
U009663,2587.0,199.0,13,1,2388.0
U009974,2587.0,199.0,13,1,2388.0
U014042,2587.0,199.0,13,1,2388.0
U011158,2587.0,199.0,13,1,2388.0
U023128,2587.0,199.0,13,1,2388.0
U028396,2587.0,199.0,13,1,2388.0
U013080,2587.0,199.0,13,1,2388.0
U017533,2587.0,199.0,13,1,2388.0
U022560,2587.0,199.0,13,1,2388.0
U021657,2587.0,199.0,13,1,2388.0
U012542,2587.0,199.0,13,1,2388.0
U000078,2587.0,199.0,13,1,2388.0
U028278,2587.0,199.0,13,1,2388.0
U000420,2587.0,199.0,13,1,2388.0
U024428,2587.0,199.0,13,1,2388.0
U014645,2587.0,199.0,13,1,2388.0
U020949,2587.0,199.0,13,1,2388.0
U015290,2587.0,199.0,13,1,2388.0
U013189,2587.0,199.0,13,1,2388.0
U009766,2587.0,199.0,13,1,2388.0
U004739,2587.0,199.0,13,1,2388.0
U016943,2587.0,199.0,13,1,2388.0
U026306,2587.0,199.0,13,1,2388.0
U028052,2587.0,199.0,13,1,2388.0
U023104,2587.0,199.0,13,1,2388.0
U003838,2587.0,199.0,13,1,2388.0
U028049,2587.0,199.0,13,1,2388.0
U014124,2587.0,199.0,13,1,2388.0
U005768,2587.0,199.0,13,1,2388.0
U010879,2587.0,199.0,13,1,2388.0
U021296,2587.0,199.0,13,1,2388.0
U016570,2587.0,199.0,13,1,2388.0
U019510,2587.0,199.0,13,1,2388.0
U013304,2587.0,199.0,13,1,2388.0
U018349,2587.0,199.0,13,1,2388.0
U005471,2587.0,199.0,13,1,2388.0
U005676,2587.0,199.0,13,1,2388.0
U029154,2587.0,199.0,13,1,2388.0
U008093,2587.0,199.0,13,1,2388.0
U013832,2449.0,79.0,31,1,948.0
U028381,2449.0,79.0,31,1,948.0
U002641,2449.0,79.0,31,1,948.0
U016466,2449.0,79.0,31,1,948.0
U006771,2449.0,79.0,31,1,948.0
U022723,2449.0,79.0,31,1,948.0
U000252,2449.0,79.0,31,1,948.0
U018796,2449.0,79.0,31,1,948.0
U029784,2449.0,79.0,31,1,948.0
U028252,2449.0,79.0,31,1,948.0
U028247,2449.0,79.0,31,1,948.0
U024458,2449.0,79.0,31,1,948.0
U004703,2449.0,79.0,31,1,948.0
U003856,2449.0,79.0,31,1,948.0
U028092,2449.0,79.0,31,1,948.0
U015969,2449.0,79.0,31,1,948.0
U017495,2449.0,79.0,31,1,948.0
U012873,2449.0,79.0,31,1,948.0
U015646,2449.0,79.0,31,1,948.0
U025200,2449.0,79.0,31,1,948.0
U022203,2449.0,79.0,31,1,948.0
U018551,2449.0,79.0,31,1,948.0
U028040,2449.0,79.0,31,1,948.0
U015995,2449.0,79.0,31,1,948.0
U002581,2449.0,79.0,31,1,948.0
U014825,2449.0,79.0,31,1,948.0
U024620,2449.0,79.0,31,1,948.0
U023438,2449.0,79.0,31,1,948.0
U013710,2449.0,79.0,31,1,948.0
U024175,2449.0,79.0,31,1,948.0
U016061,2449.0,79.0,31,1,948.0
U020656,2449.0,79.0,31,1,948.0
U017115,2449.0,79.0,31,1,948.0
U024631,2449.0,79.0,31,1,948.0
U002682,2449.0,79.0,31,1,948.0
U001250,2449.0,79.0,31,1,948.0
U022162,2449.0,79.0,31,1,948.0
U029896,2449.0,79.0,31,1,948.0
U013643,2449.0,79.0,31,1,948.0
U004867,2449.0,79.0,31,1,948.0
U024271,2449.0,79.0,31,1,948.0
U011649,2449.0,79.0,31,1,948.0
U004870,2449.0,79.0,31,1,948.0
U022021,2449.0,79.0,31,1,948.0
U025790,2449.0,79.0,31,1,948.0
U006202,2449.0,79.0,31,1,948.0
U008162,2449.0,79.0,31,1,948.0
U016083,2449.0,79.0,31,1,948.0
U026112,2449.0,79.0,31,1,948.0
U013630,2449.0,79.0,31,1,948.0
U019281,2449.0,79.0,31,1,948.0
U002686,2449.0,79.0,31,1,948.0
U022806,2449.0,79.0,31,1,948.0
U013264,2449.0,79.0,31,1,948.0
U001268,2449.0,79.0,31,1,948.0
U027454,2449.0,79.0,31,1,948.0
U004934,2449.0,79.0,31,1,948.0
U001705,2449.0,79.0,31,1,948.0
U008724,2449.0,79.0,31,1,948.0
U027415,2449.0,79.0,31,1,948.0
U018543,2449.0,79.0,31,1,948.0
U018067,2449.0,79.0,31,1,948.0
U001153,2449.0,79.0,31,1,948.0
U003080,2449.0,79.0,31,1,948.0
U007908,2449.0,79.0,31,1,948.0
U004969,2449.0,79.0,31,1,948.0
U025356,2449.0,79.0,31,1,948.0
U025670,2449.0,79.0,31,1,948.0
U019586,2449.0,79.0,31,1,948.0
U020844,2449.0,79.0,31,1,948.0
U009634,2449.0,79.0,31,1,948.0
U020956,2449.0,79.0,31,1,948.0
U009411,2449.0,79.0,31,1,948.0
U027211,2449.0,79.0,31,1,948.0
U001639,2449.0,79.0,31,1,948.0
U016951,2449.0,79.0,31,1,948.0
U010003,2449.0,79.0,31,1,948.0
U000552,2449.0,79.0,31,1,948.0
U006025,2449.0,79.0,31,1,948.0
U019370,2449.0,79.0,31,1,948.0
U018238,2449.0,79.0,31,1,948.0
U009776,2449.0,79.0,31,1,948.0
U021808,2449.0,79.0,31,1,948.0
U021247,2449.0,79.0,31,1,948.0
U008403,2449.0,79.0,31,1,948.0
U021224,2449.0,79.0,31,1,948.0
U021518,2449.0,79.0,31,1,948.0
U024218,2449.0,79.0,31,1,948.0
U005821,2449.0,79.0,31,1,948.0
U026850,2449.0,79.0,31,1,948.0
U006237,2449.0,79.0,31,1,948.0
U005099,2449.0,79.0,31,1,948.0
U006665,2449.0,79.0,31,1,948.0
U007481,2449.0,79.0,31,1,948.0
U022645,2449.0,79.0,31,1,948.0
U018079,2449.0,79.0,31,1,948.0
U003612,2449.0,79.0,31,1,948.0
U010890,2449.0,79.0,31,1,948.0
U011922,2449.0,79.0,31,1,948.0
U023451,2449.0,79.0,31,1,948.0
U012954,2449.0,79.0,31,1,948.0
U010872,2449.0,79.0,31,1,948.0
U012487,2449.0,79.0,31,1,948.0
U021341,2449.0,79.0,31,1,948.0
U005155,2449.0,79.0,31,1,948.0
U025625,2449.0,79.0,31,1,948.0
U012116,2449.0,79.0,31,1,948.0
U016392,2449.0,79.0,31,1,948.0
U012485,2449.0,79.0,31,1,948.0
U024981,2449.0,79.0,31,1,948.0
U023826,2449.0,79.0,31,1,948.0
U026579,2449.0,79.0,31,1,948.0
U004406,2449.0,79.0,31,1,948.0
U028609,2449.0,79.0,31,1,948.0
U001794,2449.0,79.0,31,1,948.0
U014757,2449.0,79.0,31,1,948.0
U009205,2449.0,79.0,31,1,948.0
U024958,2449.0,79.0,31,1,948.0
U014732,2449.0,79.0,31,1,948.0
U009059,2449.0,79.0,31,1,948.0
U011986,2449.0,79.0,31,1,948.0
U014703,2449.0,79.0,31,1,948.0
U026549,2449.0,79.0,31,1,948.0
U012187,2449.0,79.0,31,1,948.0
U004557,2449.0,79.0,31,1,948.0
U025260,2449.0,79.0,31,1,948.0
U001210,2449.0,79.0,31,1,948.0
U010039,2449.0,79.0,31,1,948.0
U010945,2449.0,79.0,31,1,948.0
U000987,2449.0,79.0,31,1,948.0
U014106,2449.0,79.0,31,1,948.0
U011295,2449.0,79.0,31,1,948.0
U006930,2449.0,79.0,31,1,948.0
U028780,2449.0,79.0,31,1,948.0
U022456,2449.0,79.0,31,1,948.0
U029242,2449.0,79.0,31,1,948.0
U001847,2449.0,79.0,31,1,948.0
U008044,2449.0,79.0,31,1,948.0
U017459,2449.0,79.0,31,1,948.0
U017330,2449.0,79.0,31,1,948.0
U009583,2449.0,79.0,31,1,948.0
U026488,2449.0,79.0,31,1,948.0
U005406,2449.0,79.0,31,1,948.0
U017321,2449.0,79.0,31,1,948.0
U020135,2449.0,79.0,31,1,948.0
U019917,2449.0,79.0,31,1,948.0
U015438,2449.0,79.0,31,1,948.0
U019550,2449.0,79.0,31,1,948.0
U008014,2449.0,79.0,31,1,948.0
U003531,2449.0,79.0,31,1,948.0
U010207,2449.0,79.0,31,1,948.0
U028586,2449.0,79.0,31,1,948.0
U014384,2449.0,79.0,31,1,948.0
U008423,2449.0,79.0,31,1,948.0
U029375,2449.0,79.0,31,1,948.0
U014322,2449.0,79.0,31,1,948.0
U012709,2449.0,79.0,31,1,948.0
U029467,2449.0,79.0,31,1,948.0
U029011,2449.0,79.0,31,1,948.0
U014295,2449.0,79.0,31,1,948.0
U029024,2449.0,79.0,31,1,948.0
U014257,2449.0,79.0,31,1,948.0
U024280,2449.0,79.0,31,1,948.0
U022338,2449.0,79.0,31,1,948.0
U018582,2449.0,79.0,31,1,948.0
U003658,2449.0,79.0,31,1,948.0
U011858,2388.0,199.0,12,1,2388.0
U018906,2388.0,199.0,12,1,2388.0
U017188,2388.0,199.0,12,1,2388.0
U001463,2388.0,199.0,12,1,2388.0
U026771,2388.0,199.0,12,1,2388.0
U027746,2388.0,199.0,12,1,2388.0
U022613,2388.0,199.0,12,1,2388.0
U011877,2388.0,199.0,12,1,2388.0
U020820,2388.0,199.0,12,1,2388.0
U021080,2388.0,199.0,12,1,2388.0
U018663,2388.0,199.0,12,1,2388.0
U000999,2388.0,199.0,12,1,2388.0
U008975,2388.0,199.0,12,1,2388.0
U010843,2388.0,199.0,12,1,2388.0
U010339,2388.0,199.0,12,1,2388.0
U024646,2388.0,199.0,12,1,2388.0
U025833,2388.0,199.0,12,1,2388.0
U010603,2388.0,199.0,12,1,2388.0
U027609,2388.0,199.0,12,1,2388.0
U011718,2388.0,199.0,12,1,2388.0
U023198,2388.0,199.0,12,1,2388.0
U004379,2388.0,199.0,12,1,2388.0
U004890,2388.0,199.0,12,1,2388.0
U015701,2388.0,199.0,12,1,2388.0
U020133,2388.0,199.0,12,1,2388.0
U028563,2388.0,199.0,12,1,2388.0
U011409,2388.0,199.0,12,1,2388.0
U025027,2388.0,199.0,12,1,2388.0
U028523,2388.0,199.0,12,1,2388.0
U029523,2388.0,199.0,12,1,2388.0
U015255,2388.0,199.0,12,1,2388.0
U000289,2388.0,199.0,12,1,2388.0
U028440,2388.0,199.0,12,1,2388.0
U028438,2388.0,199.0,12,1,2388.0
U000295,2388.0,199.0,12,1,2388.0
U012016,2388.0,199.0,12,1,2388.0
U026299,2388.0,199.0,12,1,2388.0
U000356,2388.0,199.0,12,1,2388.0
U025617,2388.0,199.0,12,1,2388.0
U024831,2388.0,199.0,12,1,2388.0
U021384,2388.0,199.0,12,1,2388.0
U011069,2388.0,199.0,12,1,2388.0
U000498,2388.0,199.0,12,1,2388.0
U025201,2388.0,199.0,12,1,2388.0
U004124,2388.0,199.0,12,1,2388.0
U011384,2388.0,199.0,12,1,2388.0
U016273,2388.0,199.0,12,1,2388.0
U011088,2388.0,199.0,12,1,2388.0
U003200,2388.0,199.0,12,1,2388.0
U022970,2388.0,199.0,12,1,2388.0
U027204,2388.0,199.0,12,1,2388.0
U028201,2388.0,199.0,12,1,2388.0
U001875,2388.0,199.0,12,1,2388.0
U026052,2388.0,199.0,12,1,2388.0
U020278,2388.0,199.0,12,1,2388.0
U008701,2388.0,199.0,12,1,2388.0
U020273,2388.0,199.0,12,1,2388.0
U016862,2388.0,199.0,12,1,2388.0
U006775,2388.0,199.0,12,1,2388.0
U019087,2388.0,199.0,12,1,2388.0
U021803,2388.0,199.0,12,1,2388.0
U025761,2388.0,199.0,12,1,2388.0
U025753,2388.0,199.0,12,1,2388.0
U001301,2388.0,199.0,12,1,2388.0
U025619,2388.0,199.0,12,1,2388.0
U022378,2388.0,199.0,12,1,2388.0
U016863,2388.0,199.0,12,1,2388.0
U011799,2388.0,199.0,12,1,2388.0
U016840,2388.0,199.0,12,1,2388.0
U026585,2388.0,199.0,12,1,2388.0
U015038,2388.0,199.0,12,1,2388.0
U014281,2388.0,199.0,12,1,2388.0
U006351,2388.0,199.0,12,1,2388.0
U016690,2388.0,199.0,12,1,2388.0
U003609,2388.0,199.0,12,1,2388.0
U019359,2388.0,199.0,12,1,2388.0
U001428,2388.0,199.0,12,1,2388.0
U004248,2370.0,79.0,30,1,948.0
U004793,2370.0,79.0,30,1,948.0
U027877,2370.0,79.0,30,1,948.0
U024502,2370.0,79.0,30,1,948.0
U007480,2370.0,79.0,30,1,948.0
U022403,2370.0,79.0,30,1,948.0
U002498,2370.0,79.0,30,1,948.0
U000782,2370.0,79.0,30,1,948.0
U020965,2370.0,79.0,30,1,948.0
U021243,2370.0,79.0,30,1,948.0
U008514,2370.0,79.0,30,1,948.0
U023411,2370.0,79.0,30,1,948.0
U024402,2370.0,79.0,30,1,948.0
U020779,2370.0,79.0,30,1,948.0
U014313,2370.0,79.0,30,1,948.0
U014850,2370.0,79.0,30,1,948.0
U029875,2370.0,79.0,30,1,948.0
U024039,2370.0,79.0,30,1,948.0
U013683,2370.0,79.0,30,1,948.0
U016406,2370.0,79.0,30,1,948.0
U027758,2370.0,79.0,30,1,948.0
U029808,2370.0,79.0,30,1,948.0
U010733,2370.0,79.0,30,1,948.0
U000401,2370.0,79.0,30,1,948.0
U002785,2370.0,79.0,30,1,948.0
U004222,2370.0,79.0,30,1,948.0
U000305,2370.0,79.0,30,1,948.0
U007475,2370.0,79.0,30,1,948.0
U022193,2370.0,79.0,30,1,948.0
U017291,2370.0,79.0,30,1,948.0
U016001,2370.0,79.0,30,1,948.0
U013752,2370.0,79.0,30,1,948.0
U023363,2370.0,79.0,30,1,948.0
U023406,2370.0,79.0,30,1,948.0
U001462,2370.0,79.0,30,1,948.0
U015537,2370.0,79.0,30,1,948.0
U017108,2370.0,79.0,30,1,948.0
U029932,2370.0,79.0,30,1,948.0
U011512,2370.0,79.0,30,1,948.0
U010134,2370.0,79.0,30,1,948.0
U006526,2370.0,79.0,30,1,948.0
U002784,2370.0,79.0,30,1,948.0
U023612,2370.0,79.0,30,1,948.0
U018498,2370.0,79.0,30,1,948.0
U013802,2370.0,79.0,30,1,948.0
U026021,2370.0,79.0,30,1,948.0
U019748,2370.0,79.0,30,1,948.0
U017469,2370.0,79.0,30,1,948.0
U022223,2370.0,79.0,30,1,948.0
U022825,2370.0,79.0,30,1,948.0
U000699,2370.0,79.0,30,1,948.0
U016458,2370.0,79.0,30,1,948.0
U011140,2370.0,79.0,30,1,948.0
U004898,2370.0,79.0,30,1,948.0
U024433,2370.0,79.0,30,1,948.0
U023586,2370.0,79.0,30,1,948.0
U006534,2370.0,79.0,30,1,948.0
U020995,2370.0,79.0,30,1,948.0
U007089,2370.0,79.0,30,1,948.0
U011724,2370.0,79.0,30,1,948.0
U020298,2370.0,79.0,30,1,948.0
U019432,2370.0,79.0,30,1,948.0
U006231,2370.0,79.0,30,1,948.0
U019000,2370.0,79.0,30,1,948.0
U027511,2370.0,79.0,30,1,948.0
U011723,2370.0,79.0,30,1,948.0
U022237,2370.0,79.0,30,1,948.0
U029130,2370.0,79.0,30,1,948.0
U029128,2370.0,79.0,30,1,948.0
U029600,2370.0,79.0,30,1,948.0
U021562,2370.0,79.0,30,1,948.0
U012700,2370.0,79.0,30,1,948.0
U008710,2370.0,79.0,30,1,948.0
U014968,2370.0,79.0,30,1,948.0
U005980,2370.0,79.0,30,1,948.0
U027333,2370.0,79.0,30,1,948.0
U008686,2370.0,79.0,30,1,948.0
U006870,2370.0,79.0,30,1,948.0
U016407,2370.0,79.0,30,1,948.0
U010989,2370.0,79.0,30,1,948.0
U024472,2370.0,79.0,30,1,948.0
U010972,2370.0,79.0,30,1,948.0
U029003,2370.0,79.0,30,1,948.0
U011241,2370.0,79.0,30,1,948.0
U023834,2370.0,79.0,30,1,948.0
U018918,2370.0,79.0,30,1,948.0
U009154,2370.0,79.0,30,1,948.0
U028982,2370.0,79.0,30,1,948.0
U024192,2370.0,79.0,30,1,948.0
U008252,2370.0,79.0,30,1,948.0
U013973,2370.0,79.0,30,1,948.0
U026996,2370.0,79.0,30,1,948.0
U013997,2370.0,79.0,30,1,948.0
U001669,2370.0,79.0,30,1,948.0
U023139,2370.0,79.0,30,1,948.0
U026929,2370.0,79.0,30,1,948.0
U013301,2370.0,79.0,30,1,948.0
U016721,2370.0,79.0,30,1,948.0
U003943,2370.0,79.0,30,1,948.0
U005938,2370.0,79.0,30,1,948.0
U006395,2370.0,79.0,30,1,948.0
U008844,2370.0,79.0,30,1,948.0
U000080,2370.0,79.0,30,1,948.0
U011107,2370.0,79.0,30,1,948.0
U026831,2370.0,79.0,30,1,948.0
U026824,2370.0,79.0,30,1,948.0
U011283,2370.0,79.0,30,1,948.0
U023661,2370.0,79.0,30,1,948.0
U022630,2370.0,79.0,30,1,948.0
U019787,2370.0,79.0,30,1,948.0
U000838,2370.0,79.0,30,1,948.0
U029218,2370.0,79.0,30,1,948.0
U023476,2370.0,79.0,30,1,948.0
U021233,2370.0,79.0,30,1,948.0
U004101,2370.0,79.0,30,1,948.0
U012053,2370.0,79.0,30,1,948.0
U000910,2370.0,79.0,30,1,948.0
U026764,2370.0,79.0,30,1,948.0
U018187,2370.0,79.0,30,1,948.0
U004404,2370.0,79.0,30,1,948.0
U021268,2370.0,79.0,30,1,948.0
U013386,2370.0,79.0,30,1,948.0
U023690,2370.0,79.0,30,1,948.0
U008594,2370.0,79.0,30,1,948.0
U017820,2370.0,79.0,30,1,948.0
U001004,2370.0,79.0,30,1,948.0
U013405,2370.0,79.0,30,1,948.0
U014801,2370.0,79.0,30,1,948.0
U025800,2370.0,79.0,30,1,948.0
U021082,2370.0,79.0,30,1,948.0
U011584,2370.0,79.0,30,1,948.0
U001805,2370.0,79.0,30,1,948.0
U008328,2370.0,79.0,30,1,948.0
U006490,2370.0,79.0,30,1,948.0
U009004,2370.0,79.0,30,1,948.0
U014686,2370.0,79.0,30,1,948.0
U006348,2370.0,79.0,30,1,948.0
U001327,2370.0,79.0,30,1,948.0
U024006,2370.0,79.0,30,1,948.0
U010298,2370.0,79.0,30,1,948.0
U021917,2370.0,79.0,30,1,948.0
U014670,2370.0,79.0,30,1,948.0
U028395,2370.0,79.0,30,1,948.0
U018934,2370.0,79.0,30,1,948.0
U000497,2370.0,79.0,30,1,948.0
U015130,2370.0,79.0,30,1,948.0
U015262,2370.0,79.0,30,1,948.0
U008458,2370.0,79.0,30,1,948.0
U002736,2370.0,79.0,30,1,948.0
U001906,2370.0,79.0,30,1,948.0
U024019,2370.0,79.0,30,1,948.0
U020539,2370.0,79.0,30,1,948.0
U021347,2370.0,79.0,30,1,948.0
U028277,2370.0,79.0,30,1,948.0
U012647,2370.0,79.0,30,1,948.0
U015086,2370.0,79.0,30,1,948.0
U022481,2370.0,79.0,30,1,948.0
U012340,2370.0,79.0,30,1,948.0
U006420,2370.0,79.0,30,1,948.0
U021873,2370.0,79.0,30,1,948.0
U021597,2370.0,79.0,30,1,948.0
U015307,2370.0,79.0,30,1,948.0
U025937,2370.0,79.0,30,1,948.0
U020770,2370.0,79.0,30,1,948.0
U016157,2370.0,79.0,30,1,948.0
U006078,2370.0,79.0,30,1,948.0
U021666,2370.0,79.0,30,1,948.0
U026375,2370.0,79.0,30,1,948.0
U014527,2370.0,79.0,30,1,948.0
U008310,2370.0,79.0,30,1,948.0
U016838,2370.0,79.0,30,1,948.0
U009416,2370.0,79.0,30,1,948.0
U020562,2370.0,79.0,30,1,948.0
U024220,2370.0,79.0,30,1,948.0
U019559,2370.0,79.0,30,1,948.0
U012658,2370.0,79.0,30,1,948.0
U012374,2370.0,79.0,30,1,948.0
U005387,2370.0,79.0,30,1,948.0
U017184,2370.0,79.0,30,1,948.0
U018264,2370.0,79.0,30,1,948.0
U013544,2370.0,79.0,30,1,948.0
U011862,2370.0,79.0,30,1,948.0
U009556,2370.0,79.0,30,1,948.0
U008804,2370.0,79.0,30,1,948.0
U013049,2370.0,79.0,30,1,948.0
U005815,2370.0,79.0,30,1,948.0
U000379,2291.0,79.0,29,1,948.0
U021157,2291.0,79.0,29,1,948.0
U016073,2291.0,79.0,29,1,948.0
U025539,2291.0,79.0,29,1,948.0
U019725,2291.0,79.0,29,1,948.0
U013645,2291.0,79.0,29,1,948.0
U026286,2291.0,79.0,29,1,948.0
U007246,2291.0,79.0,29,1,948.0
U020884,2291.0,79.0,29,1,948.0
U022168,2291.0,79.0,29,1,948.0
U017692,2291.0,79.0,29,1,948.0
U014883,2291.0,79.0,29,1,948.0
U010715,2291.0,79.0,29,1,948.0
U023620,2291.0,79.0,29,1,948.0
U015973,2291.0,79.0,29,1,948.0
U023349,2291.0,79.0,29,1,948.0
U003169,2291.0,79.0,29,1,948.0
U007447,2291.0,79.0,29,1,948.0
U020894,2291.0,79.0,29,1,948.0
U029742,2291.0,79.0,29,1,948.0
U018789,2291.0,79.0,29,1,948.0
U001976,2291.0,79.0,29,1,948.0
U015942,2291.0,79.0,29,1,948.0
U020897,2291.0,79.0,29,1,948.0
U019134,2291.0,79.0,29,1,948.0
U021150,2291.0,79.0,29,1,948.0
U015937,2291.0,79.0,29,1,948.0
U010662,2291.0,79.0,29,1,948.0
U007695,2291.0,79.0,29,1,948.0
U029668,2291.0,79.0,29,1,948.0
U013831,2291.0,79.0,29,1,948.0
U026386,2291.0,79.0,29,1,948.0
U024564,2291.0,79.0,29,1,948.0
U024284,2291.0,79.0,29,1,948.0
U004285,2291.0,79.0,29,1,948.0
U004438,2291.0,79.0,29,1,948.0
U004291,2291.0,79.0,29,1,948.0
U015868,2291.0,79.0,29,1,948.0
U004444,2291.0,79.0,29,1,948.0
U013909,2291.0,79.0,29,1,948.0
U029492,2291.0,79.0,29,1,948.0
U016726,2291.0,79.0,29,1,948.0
U022274,2291.0,79.0,29,1,948.0
U015789,2291.0,79.0,29,1,948.0
U004465,2291.0,79.0,29,1,948.0
U022276,2291.0,79.0,29,1,948.0
U028890,2291.0,79.0,29,1,948.0
U018982,2291.0,79.0,29,1,948.0
U029320,2291.0,79.0,29,1,948.0
U027130,2291.0,79.0,29,1,948.0
U029299,2291.0,79.0,29,1,948.0
U015730,2291.0,79.0,29,1,948.0
U007532,2291.0,79.0,29,1,948.0
U015704,2291.0,79.0,29,1,948.0
U012051,2291.0,79.0,29,1,948.0
U018979,2291.0,79.0,29,1,948.0
U003532,2291.0,79.0,29,1,948.0
U026531,2291.0,79.0,29,1,948.0
U028720,2291.0,79.0,29,1,948.0
U018174,2291.0,79.0,29,1,948.0
U029170,2291.0,79.0,29,1,948.0
U001263,2291.0,79.0,29,1,948.0
U004564,2291.0,79.0,29,1,948.0
U025490,2291.0,79.0,29,1,948.0
U021784,2291.0,79.0,29,1,948.0
U025222,2291.0,79.0,29,1,948.0
U024207,2291.0,79.0,29,1,948.0
U025547,2291.0,79.0,29,1,948.0
U001415,2291.0,79.0,29,1,948.0
U023058,2291.0,79.0,29,1,948.0
U028517,2291.0,79.0,29,1,948.0
U004598,2291.0,79.0,29,1,948.0
U017157,2291.0,79.0,29,1,948.0
U004615,2291.0,79.0,29,1,948.0
U023857,2291.0,79.0,29,1,948.0
U009990,2291.0,79.0,29,1,948.0
U002101,2291.0,79.0,29,1,948.0
U008156,2291.0,79.0,29,1,948.0
U028322,2291.0,79.0,29,1,948.0
U009368,2291.0,79.0,29,1,948.0
U021694,2291.0,79.0,29,1,948.0
U025622,2291.0,79.0,29,1,948.0
U021480,2291.0,79.0,29,1,948.0
U001436,2291.0,79.0,29,1,948.0
U001654,2291.0,79.0,29,1,948.0
U022964,2291.0,79.0,29,1,948.0
U028135,2291.0,79.0,29,1,948.0
U028116,2291.0,79.0,29,1,948.0
U028091,2291.0,79.0,29,1,948.0
U011268,2291.0,79.0,29,1,948.0
U019453,2291.0,79.0,29,1,948.0
U008042,2291.0,79.0,29,1,948.0
U012154,2291.0,79.0,29,1,948.0
U009417,2291.0,79.0,29,1,948.0
U019584,2291.0,79.0,29,1,948.0
U019201,2291.0,79.0,29,1,948.0
U021580,2291.0,79.0,29,1,948.0
U011276,2291.0,79.0,29,1,948.0
U009376,2291.0,79.0,29,1,948.0
U027842,2291.0,79.0,29,1,948.0
U000751,2291.0,79.0,29,1,948.0
U027835,2291.0,79.0,29,1,948.0
U009537,2291.0,79.0,29,1,948.0
U009594,2291.0,79.0,29,1,948.0
U027798,2291.0,79.0,29,1,948.0
U027764,2291.0,79.0,29,1,948.0
U025658,2291.0,79.0,29,1,948.0
U024466,2291.0,79.0,29,1,948.0
U022856,2291.0,79.0,29,1,948.0
U011195,2291.0,79.0,29,1,948.0
U001683,2291.0,79.0,29,1,948.0
U003194,2291.0,79.0,29,1,948.0
U001106,2291.0,79.0,29,1,948.0
U000835,2291.0,79.0,29,1,948.0
U009606,2291.0,79.0,29,1,948.0
U012111,2291.0,79.0,29,1,948.0
U025192,2291.0,79.0,29,1,948.0
U019082,2291.0,79.0,29,1,948.0
U021625,2291.0,79.0,29,1,948.0
U001675,2291.0,79.0,29,1,948.0
U001804,2291.0,79.0,29,1,948.0
U009789,2291.0,79.0,29,1,948.0
U026669,2291.0,79.0,29,1,948.0
U013246,2291.0,79.0,29,1,948.0
U026161,2291.0,79.0,29,1,948.0
U025432,2291.0,79.0,29,1,948.0
U018189,2291.0,79.0,29,1,948.0
U022004,2291.0,79.0,29,1,948.0
U025921,2291.0,79.0,29,1,948.0
U026588,2291.0,79.0,29,1,948.0
U026586,2291.0,79.0,29,1,948.0
U010489,2291.0,79.0,29,1,948.0
U004056,2291.0,79.0,29,1,948.0
U022563,2291.0,79.0,29,1,948.0
U006098,2291.0,79.0,29,1,948.0
U027182,2291.0,79.0,29,1,948.0
U022724,2291.0,79.0,29,1,948.0
U008680,2291.0,79.0,29,1,948.0
U013138,2291.0,79.0,29,1,948.0
U011080,2291.0,79.0,29,1,948.0
U000513,2291.0,79.0,29,1,948.0
U005873,2291.0,79.0,29,1,948.0
U006987,2291.0,79.0,29,1,948.0
U007031,2291.0,79.0,29,1,948.0
U008298,2291.0,79.0,29,1,948.0
U022522,2291.0,79.0,29,1,948.0
U020765,2291.0,79.0,29,1,948.0
U013452,2291.0,79.0,29,1,948.0
U025214,2291.0,79.0,29,1,948.0
U019310,2291.0,79.0,29,1,948.0
U005030,2291.0,79.0,29,1,948.0
U005281,2291.0,79.0,29,1,948.0
U010881,2291.0,79.0,29,1,948.0
U018489,2291.0,79.0,29,1,948.0
U017792,2291.0,79.0,29,1,948.0
U005035,2291.0,79.0,29,1,948.0
U019814,2291.0,79.0,29,1,948.0
U011673,2291.0,79.0,29,1,948.0
U026194,2291.0,79.0,29,1,948.0
U025289,2291.0,79.0,29,1,948.0
U027016,2291.0,79.0,29,1,948.0
U001198,2291.0,79.0,29,1,948.0
U004015,2291.0,79.0,29,1,948.0
U011918,2291.0,79.0,29,1,948.0
U003388,2291.0,79.0,29,1,948.0
U024954,2291.0,79.0,29,1,948.0
U011616,2291.0,79.0,29,1,948.0
U022097,2291.0,79.0,29,1,948.0
U007486,2291.0,79.0,29,1,948.0
U022465,2291.0,79.0,29,1,948.0
U027411,2291.0,79.0,29,1,948.0
U012064,2291.0,79.0,29,1,948.0
U025327,2291.0,79.0,29,1,948.0
U005358,2291.0,79.0,29,1,948.0
U014533,2291.0,79.0,29,1,948.0
U006021,2291.0,79.0,29,1,948.0
U008521,2291.0,79.0,29,1,948.0
U015030,2291.0,79.0,29,1,948.0
U026925,2291.0,79.0,29,1,948.0
U021727,2291.0,79.0,29,1,948.0
U026885,2291.0,79.0,29,1,948.0
U022770,2291.0,79.0,29,1,948.0
U017034,2291.0,79.0,29,1,948.0
U006812,2291.0,79.0,29,1,948.0
U016663,2291.0,79.0,29,1,948.0
U016144,2291.0,79.0,29,1,948.0
U025085,2291.0,79.0,29,1,948.0
U012102,2291.0,79.0,29,1,948.0
U015428,2291.0,79.0,29,1,948.0
U005928,2291.0,79.0,29,1,948.0
U023815,2291.0,79.0,29,1,948.0
U020815,2291.0,79.0,29,1,948.0
U018277,2291.0,79.0,29,1,948.0
U004083,2291.0,79.0,29,1,948.0
U008628,2291.0,79.0,29,1,948.0
U015445,2291.0,79.0,29,1,948.0
U001808,2291.0,79.0,29,1,948.0
U015450,2291.0,79.0,29,1,948.0
U013328,2291.0,79.0,29,1,948.0
U021107,2291.0,79.0,29,1,948.0
U003292,2291.0,79.0,29,1,948.0
U005440,2291.0,79.0,29,1,948.0
U019487,2291.0,79.0,29,1,948.0
U017364,2291.0,79.0,29,1,948.0
U010814,2291.0,79.0,29,1,948.0
U006068,2291.0,79.0,29,1,948.0
U023412,2291.0,79.0,29,1,948.0
U013038,2291.0,79.0,29,1,948.0
U015482,2291.0,79.0,29,1,948.0
U014348,2291.0,79.0,29,1,948.0
U018293,2291.0,79.0,29,1,948.0
U000410,2291.0,79.0,29,1,948.0
U011647,2291.0,79.0,29,1,948.0
U019706,2291.0,79.0,29,1,948.0
U023575,2291.0,79.0,29,1,948.0
U018087,2291.0,79.0,29,1,948.0
U012949,2291.0,79.0,29,1,948.0
U003833,2291.0,79.0,29,1,948.0
U016307,2291.0,79.0,29,1,948.0
U016417,2291.0,79.0,29,1,948.0
U018330,2291.0,79.0,29,1,948.0
U015538,2291.0,79.0,29,1,948.0
U010497,2291.0,79.0,29,1,948.0
U029931,2291.0,79.0,29,1,948.0
U018867,2291.0,79.0,29,1,948.0
U021887,2291.0,79.0,29,1,948.0
U015595,2291.0,79.0,29,1,948.0
U008782,2291.0,79.0,29,1,948.0
U000382,2291.0,79.0,29,1,948.0
U014506,2291.0,79.0,29,1,948.0
U015717,2212.0,79.0,28,1,948.0
U024755,2212.0,79.0,28,1,948.0
U014045,2212.0,79.0,28,1,948.0
U029282,2212.0,79.0,28,1,948.0
U003503,2212.0,79.0,28,1,948.0
U029368,2212.0,79.0,28,1,948.0
U027395,2212.0,79.0,28,1,948.0
U029399,2212.0,79.0,28,1,948.0
U023256,2212.0,79.0,28,1,948.0
U013941,2212.0,79.0,28,1,948.0
U020684,2212.0,79.0,28,1,948.0
U004434,2212.0,79.0,28,1,948.0
U003498,2212.0,79.0,28,1,948.0
U009894,2212.0,79.0,28,1,948.0
U001988,2212.0,79.0,28,1,948.0
U013828,2212.0,79.0,28,1,948.0
U020976,2212.0,79.0,28,1,948.0
U026353,2212.0,79.0,28,1,948.0
U006844,2212.0,79.0,28,1,948.0
U007514,2212.0,79.0,28,1,948.0
U013739,2212.0,79.0,28,1,948.0
U022195,2212.0,79.0,28,1,948.0
U009842,2212.0,79.0,28,1,948.0
U002429,2212.0,79.0,28,1,948.0
U005752,2212.0,79.0,28,1,948.0
U029853,2212.0,79.0,28,1,948.0
U000352,2212.0,79.0,28,1,948.0
U027187,2212.0,79.0,28,1,948.0
U024340,2212.0,79.0,28,1,948.0
U023400,2212.0,79.0,28,1,948.0
U028959,2212.0,79.0,28,1,948.0
U019770,2212.0,79.0,28,1,948.0
U003275,2212.0,79.0,28,1,948.0
U000378,2212.0,79.0,28,1,948.0
U001939,2212.0,79.0,28,1,948.0
U027139,2212.0,79.0,28,1,948.0
U015093,2212.0,79.0,28,1,948.0
U014872,2212.0,79.0,28,1,948.0
U029943,2212.0,79.0,28,1,948.0
U010425,2212.0,79.0,28,1,948.0
U004494,2212.0,79.0,28,1,948.0
U013562,2212.0,79.0,28,1,948.0
U019077,2212.0,79.0,28,1,948.0
U004137,2212.0,79.0,28,1,948.0
U019997,2212.0,79.0,28,1,948.0
U000503,2212.0,79.0,28,1,948.0
U020847,2212.0,79.0,28,1,948.0
U024713,2212.0,79.0,28,1,948.0
U026185,2212.0,79.0,28,1,948.0
U028787,2212.0,79.0,28,1,948.0
U028784,2212.0,79.0,28,1,948.0
U020496,2212.0,79.0,28,1,948.0
U028778,2212.0,79.0,28,1,948.0
U016655,2212.0,79.0,28,1,948.0
U008563,2212.0,79.0,28,1,948.0
U009540,2212.0,79.0,28,1,948.0
U022066,2212.0,79.0,28,1,948.0
U026891,2212.0,79.0,28,1,948.0
U006795,2212.0,79.0,28,1,948.0
U013350,2212.0,79.0,28,1,948.0
U016340,2212.0,79.0,28,1,948.0
U011946,2212.0,79.0,28,1,948.0
U026128,2212.0,79.0,28,1,948.0
U023106,2212.0,79.0,28,1,948.0
U005945,2212.0,79.0,28,1,948.0
U013287,2212.0,79.0,28,1,948.0
U008676,2212.0,79.0,28,1,948.0
U007184,2212.0,79.0,28,1,948.0
U016376,2212.0,79.0,28,1,948.0
U024073,2212.0,79.0,28,1,948.0
U028655,2212.0,79.0,28,1,948.0
U016386,2212.0,79.0,28,1,948.0
U003270,2212.0,79.0,28,1,948.0
U000651,2212.0,79.0,28,1,948.0
U013214,2212.0,79.0,28,1,948.0
U013202,2212.0,79.0,28,1,948.0
U022631,2212.0,79.0,28,1,948.0
U013201,2212.0,79.0,28,1,948.0
U001601,2212.0,79.0,28,1,948.0
U009779,2212.0,79.0,28,1,948.0
U026047,2212.0,79.0,28,1,948.0
U028534,2212.0,79.0,28,1,948.0
U004036,2212.0,79.0,28,1,948.0
U014980,2212.0,79.0,28,1,948.0
U006772,2212.0,79.0,28,1,948.0
U013134,2212.0,79.0,28,1,948.0
U007203,2212.0,79.0,28,1,948.0
U006022,2212.0,79.0,28,1,948.0
U019855,2212.0,79.0,28,1,948.0
U005162,2212.0,79.0,28,1,948.0
U026011,2212.0,79.0,28,1,948.0
U025137,2212.0,79.0,28,1,948.0
U015098,2212.0,79.0,28,1,948.0
U016522,2212.0,79.0,28,1,948.0
U022590,2212.0,79.0,28,1,948.0
U016537,2212.0,79.0,28,1,948.0
U018302,2212.0,79.0,28,1,948.0
U001839,2212.0,79.0,28,1,948.0
U009774,2212.0,79.0,28,1,948.0
U024012,2212.0,79.0,28,1,948.0
U028398,2212.0,79.0,28,1,948.0
U025583,2212.0,79.0,28,1,948.0
U023782,2212.0,79.0,28,1,948.0
U010350,2212.0,79.0,28,1,948.0
U028374,2212.0,79.0,28,1,948.0
U017074,2212.0,79.0,28,1,948.0
U022559,2212.0,79.0,28,1,948.0
U028325,2212.0,79.0,28,1,948.0
U023570,2212.0,79.0,28,1,948.0
U011841,2212.0,79.0,28,1,948.0
U025629,2212.0,79.0,28,1,948.0
U028317,2212.0,79.0,28,1,948.0
U012278,2212.0,79.0,28,1,948.0
U006204,2212.0,79.0,28,1,948.0
U018497,2212.0,79.0,28,1,948.0
U019426,2212.0,79.0,28,1,948.0
U011794,2212.0,79.0,28,1,948.0
U019378,2212.0,79.0,28,1,948.0
U016611,2212.0,79.0,28,1,948.0
U020940,2212.0,79.0,28,1,948.0
U007232,2212.0,79.0,28,1,948.0
U003742,2212.0,79.0,28,1,948.0
U018340,2212.0,79.0,28,1,948.0
U021611,2212.0,79.0,28,1,948.0
U028243,2212.0,79.0,28,1,948.0
U003611,2212.0,79.0,28,1,948.0
U023849,2212.0,79.0,28,1,948.0
U008401,2212.0,79.0,28,1,948.0
U023629,2212.0,79.0,28,1,948.0
U025640,2212.0,79.0,28,1,948.0
U021708,2212.0,79.0,28,1,948.0
U025874,2212.0,79.0,28,1,948.0
U021919,2212.0,79.0,28,1,948.0
U001770,2212.0,79.0,28,1,948.0
U022963,2212.0,79.0,28,1,948.0
U001423,2212.0,79.0,28,1,948.0
U021714,2212.0,79.0,28,1,948.0
U005323,2212.0,79.0,28,1,948.0
U020568,2212.0,79.0,28,1,948.0
U007924,2212.0,79.0,28,1,948.0
U003556,2212.0,79.0,28,1,948.0
U016920,2212.0,79.0,28,1,948.0
U001521,2212.0,79.0,28,1,948.0
U020580,2212.0,79.0,28,1,948.0
U024628,2212.0,79.0,28,1,948.0
U017273,2212.0,79.0,28,1,948.0
U021522,2212.0,79.0,28,1,948.0
U014545,2212.0,79.0,28,1,948.0
U004747,2212.0,79.0,28,1,948.0
U002571,2212.0,79.0,28,1,948.0
U011714,2212.0,79.0,28,1,948.0
U009177,2212.0,79.0,28,1,948.0
U009504,2212.0,79.0,28,1,948.0
U001133,2212.0,79.0,28,1,948.0
U012550,2212.0,79.0,28,1,948.0
U016590,2212.0,79.0,28,1,948.0
U023562,2212.0,79.0,28,1,948.0
U010737,2212.0,79.0,28,1,948.0
U008054,2212.0,79.0,28,1,948.0
U009710,2212.0,79.0,28,1,948.0
U015401,2212.0,79.0,28,1,948.0
U024150,2212.0,79.0,28,1,948.0
U011371,2212.0,79.0,28,1,948.0
U011368,2212.0,79.0,28,1,948.0
U002059,2212.0,79.0,28,1,948.0
U008353,2212.0,79.0,28,1,948.0
U022892,2212.0,79.0,28,1,948.0
U012591,2212.0,79.0,28,1,948.0
U004807,2212.0,79.0,28,1,948.0
U002085,2212.0,79.0,28,1,948.0
U011340,2212.0,79.0,28,1,948.0
U003902,2212.0,79.0,28,1,948.0
U019569,2212.0,79.0,28,1,948.0
U027821,2212.0,79.0,28,1,948.0
U008073,2212.0,79.0,28,1,948.0
U002155,2212.0,79.0,28,1,948.0
U006965,2212.0,79.0,28,1,948.0
U003146,2212.0,79.0,28,1,948.0
U003137,2212.0,79.0,28,1,948.0
U005432,2212.0,79.0,28,1,948.0
U020341,2212.0,79.0,28,1,948.0
U003707,2212.0,79.0,28,1,948.0
U002747,2212.0,79.0,28,1,948.0
U024225,2212.0,79.0,28,1,948.0
U012664,2212.0,79.0,28,1,948.0
U010083,2212.0,79.0,28,1,948.0
U025193,2212.0,79.0,28,1,948.0
U024854,2212.0,79.0,28,1,948.0
U012692,2212.0,79.0,28,1,948.0
U018063,2212.0,79.0,28,1,948.0
U007078,2212.0,79.0,28,1,948.0
U010392,2212.0,79.0,28,1,948.0
U014330,2212.0,79.0,28,1,948.0
U020900,2212.0,79.0,28,1,948.0
U018784,2212.0,79.0,28,1,948.0
U010184,2212.0,79.0,28,1,948.0
U008196,2212.0,79.0,28,1,948.0
U007546,2212.0,79.0,28,1,948.0
U021815,2212.0,79.0,28,1,948.0
U010651,2212.0,79.0,28,1,948.0
U007108,2212.0,79.0,28,1,948.0
U010947,2212.0,79.0,28,1,948.0
U011880,2212.0,79.0,28,1,948.0
U015664,2212.0,79.0,28,1,948.0
U000026,2212.0,79.0,28,1,948.0
U000027,2212.0,79.0,28,1,948.0
U015561,2212.0,79.0,28,1,948.0
U014245,2212.0,79.0,28,1,948.0
U007665,2212.0,79.0,28,1,948.0
U010612,2212.0,79.0,28,1,948.0
U004382,2212.0,79.0,28,1,948.0
U014080,2212.0,79.0,28,1,948.0
U010602,2212.0,79.0,28,1,948.0
U026519,2212.0,79.0,28,1,948.0
U027436,2212.0,79.0,28,1,948.0
U025895,2189.0,199.0,11,1,2388.0
U018703,2189.0,199.0,11,1,2388.0
U022625,2189.0,199.0,11,1,2388.0
U017190,2189.0,199.0,11,1,2388.0
U014067,2189.0,199.0,11,1,2388.0
U009215,2189.0,199.0,11,1,2388.0
U025706,2189.0,199.0,11,1,2388.0
U025291,2189.0,199.0,11,1,2388.0
U021853,2189.0,199.0,11,1,2388.0
U018179,2189.0,199.0,11,1,2388.0
U008769,2189.0,199.0,11,1,2388.0
U016789,2189.0,199.0,11,1,2388.0
U026671,2189.0,199.0,11,1,2388.0
U025514,2189.0,199.0,11,1,2388.0
U027491,2189.0,199.0,11,1,2388.0
U006613,2189.0,199.0,11,1,2388.0
U025567,2189.0,199.0,11,1,2388.0
U008843,2189.0,199.0,11,1,2388.0
U024974,2189.0,199.0,11,1,2388.0
U021630,2189.0,199.0,11,1,2388.0
U024316,2189.0,199.0,11,1,2388.0
U028691,2189.0,199.0,11,1,2388.0
U001154,2189.0,199.0,11,1,2388.0
U023607,2189.0,199.0,11,1,2388.0
U003785,2189.0,199.0,11,1,2388.0
U001238,2189.0,199.0,11,1,2388.0
U019517,2189.0,199.0,11,1,2388.0
U010517,2189.0,199.0,11,1,2388.0
U021455,2189.0,199.0,11,1,2388.0
U021667,2189.0,199.0,11,1,2388.0
U016489,2189.0,199.0,11,1,2388.0
U018234,2189.0,199.0,11,1,2388.0
U011304,2189.0,199.0,11,1,2388.0
U027088,2189.0,199.0,11,1,2388.0
U026034,2189.0,199.0,11,1,2388.0
U025917,2189.0,199.0,11,1,2388.0
U024917,2189.0,199.0,11,1,2388.0
U025849,2189.0,199.0,11,1,2388.0
U025592,2189.0,199.0,11,1,2388.0
U018912,2189.0,199.0,11,1,2388.0
U007778,2189.0,199.0,11,1,2388.0
U026003,2189.0,199.0,11,1,2388.0
U007383,2189.0,199.0,11,1,2388.0
U018897,2189.0,199.0,11,1,2388.0
U024985,2189.0,199.0,11,1,2388.0
U024071,2189.0,199.0,11,1,2388.0
U004076,2189.0,199.0,11,1,2388.0
U008625,2189.0,199.0,11,1,2388.0
U015166,2189.0,199.0,11,1,2388.0
U021757,2189.0,199.0,11,1,2388.0
U015186,2189.0,199.0,11,1,2388.0
U014736,2189.0,199.0,11,1,2388.0
U010810,2189.0,199.0,11,1,2388.0
U002273,2189.0,199.0,11,1,2388.0
U028388,2189.0,199.0,11,1,2388.0
U021915,2189.0,199.0,11,1,2388.0
U001659,2189.0,199.0,11,1,2388.0
U025296,2189.0,199.0,11,1,2388.0
U011575,2189.0,199.0,11,1,2388.0
U013457,2189.0,199.0,11,1,2388.0
U018972,2189.0,199.0,11,1,2388.0
U011551,2189.0,199.0,11,1,2388.0
U003875,2189.0,199.0,11,1,2388.0
U010373,2189.0,199.0,11,1,2388.0
U013001,2189.0,199.0,11,1,2388.0
U015339,2189.0,199.0,11,1,2388.0
U019638,2189.0,199.0,11,1,2388.0
U019074,2189.0,199.0,11,1,2388.0
U013006,2189.0,199.0,11,1,2388.0
U017732,2189.0,199.0,11,1,2388.0
U022415,2189.0,199.0,11,1,2388.0
U022921,2189.0,199.0,11,1,2388.0
U018801,2189.0,199.0,11,1,2388.0
U027898,2189.0,199.0,11,1,2388.0
U011467,2189.0,199.0,11,1,2388.0
U000236,2189.0,199.0,11,1,2388.0
U012792,2189.0,199.0,11,1,2388.0
U011454,2189.0,199.0,11,1,2388.0
U010702,2189.0,199.0,11,1,2388.0
U029526,2189.0,199.0,11,1,2388.0
U018984,2189.0,199.0,11,1,2388.0
U017547,2189.0,199.0,11,1,2388.0
U023552,2189.0,199.0,11,1,2388.0
U023725,2189.0,199.0,11,1,2388.0
U015563,2189.0,199.0,11,1,2388.0
U023948,2189.0,199.0,11,1,2388.0
U027603,2189.0,199.0,11,1,2388.0
U024600,2189.0,199.0,11,1,2388.0
U023809,2133.0,79.0,27,1,948.0
U002958,2133.0,79.0,27,1,948.0
U002713,2133.0,79.0,27,1,948.0
U019570,2133.0,79.0,27,1,948.0
U002201,2133.0,79.0,27,1,948.0
U012264,2133.0,79.0,27,1,948.0
U011721,2133.0,79.0,27,1,948.0
U011842,2133.0,79.0,27,1,948.0
U006374,2133.0,79.0,27,1,948.0
U006423,2133.0,79.0,27,1,948.0
U018219,2133.0,79.0,27,1,948.0
U019185,2133.0,79.0,27,1,948.0
U001239,2133.0,79.0,27,1,948.0
U009677,2133.0,79.0,27,1,948.0
U025905,2133.0,79.0,27,1,948.0
U009640,2133.0,79.0,27,1,948.0
U012410,2133.0,79.0,27,1,948.0
U014914,2133.0,79.0,27,1,948.0
U010050,2133.0,79.0,27,1,948.0
U026833,2133.0,79.0,27,1,948.0
U025705,2133.0,79.0,27,1,948.0
U002460,2133.0,79.0,27,1,948.0
U002462,2133.0,79.0,27,1,948.0
U002227,2133.0,79.0,27,1,948.0
U006627,2133.0,79.0,27,1,948.0
U002077,2133.0,79.0,27,1,948.0
U008173,2133.0,79.0,27,1,948.0
U012855,2133.0,79.0,27,1,948.0
U017970,2133.0,79.0,27,1,948.0
U008204,2133.0,79.0,27,1,948.0
U005130,2133.0,79.0,27,1,948.0
U007343,2133.0,79.0,27,1,948.0
U025142,2133.0,79.0,27,1,948.0
U016701,2133.0,79.0,27,1,948.0
U003326,2133.0,79.0,27,1,948.0
U016501,2133.0,79.0,27,1,948.0
U010477,2133.0,79.0,27,1,948.0
U014927,2133.0,79.0,27,1,948.0
U009757,2133.0,79.0,27,1,948.0
U010060,2133.0,79.0,27,1,948.0
U016460,2133.0,79.0,27,1,948.0
U000679,2133.0,79.0,27,1,948.0
U000672,2133.0,79.0,27,1,948.0
U026643,2133.0,79.0,27,1,948.0
U020925,2133.0,79.0,27,1,948.0
U028575,2133.0,79.0,27,1,948.0
U013212,2133.0,79.0,27,1,948.0
U016415,2133.0,79.0,27,1,948.0
U024247,2133.0,79.0,27,1,948.0
U012968,2133.0,79.0,27,1,948.0
U002918,2133.0,79.0,27,1,948.0
U018281,2133.0,79.0,27,1,948.0
U005961,2133.0,79.0,27,1,948.0
U022572,2133.0,79.0,27,1,948.0
U019483,2133.0,79.0,27,1,948.0
U011621,2133.0,79.0,27,1,948.0
U014811,2133.0,79.0,27,1,948.0
U010679,2133.0,79.0,27,1,948.0
U028511,2133.0,79.0,27,1,948.0
U000613,2133.0,79.0,27,1,948.0
U014791,2133.0,79.0,27,1,948.0
U000075,2133.0,79.0,27,1,948.0
U015719,2133.0,79.0,27,1,948.0
U000902,2133.0,79.0,27,1,948.0
U017806,2133.0,79.0,27,1,948.0
U000070,2133.0,79.0,27,1,948.0
U022555,2133.0,79.0,27,1,948.0
U023482,2133.0,79.0,27,1,948.0
U027540,2133.0,79.0,27,1,948.0
U004628,2133.0,79.0,27,1,948.0
U014749,2133.0,79.0,27,1,948.0
U002633,2133.0,79.0,27,1,948.0
U009517,2133.0,79.0,27,1,948.0
U012900,2133.0,79.0,27,1,948.0
U022530,2133.0,79.0,27,1,948.0
U019614,2133.0,79.0,27,1,948.0
U008272,2133.0,79.0,27,1,948.0
U017269,2133.0,79.0,27,1,948.0
U007212,2133.0,79.0,27,1,948.0
U022304,2133.0,79.0,27,1,948.0
U025926,2133.0,79.0,27,1,948.0
U025116,2133.0,79.0,27,1,948.0
U017603,2133.0,79.0,27,1,948.0
U018319,2133.0,79.0,27,1,948.0
U022048,2133.0,79.0,27,1,948.0
U005268,2133.0,79.0,27,1,948.0
U018430,2133.0,79.0,27,1,948.0
U021253,2133.0,79.0,27,1,948.0
U026153,2133.0,79.0,27,1,948.0
U004394,2133.0,79.0,27,1,948.0
U005280,2133.0,79.0,27,1,948.0
U004933,2133.0,79.0,27,1,948.0
U013422,2133.0,79.0,27,1,948.0
U028303,2133.0,79.0,27,1,948.0
U023463,2133.0,79.0,27,1,948.0
U019973,2133.0,79.0,27,1,948.0
U011073,2133.0,79.0,27,1,948.0
U028280,2133.0,79.0,27,1,948.0
U026554,2133.0,79.0,27,1,948.0
U010221,2133.0,79.0,27,1,948.0
U001903,2133.0,79.0,27,1,948.0
U026196,2133.0,79.0,27,1,948.0
U017337,2133.0,79.0,27,1,948.0
U019471,2133.0,79.0,27,1,948.0
U025786,2133.0,79.0,27,1,948.0
U012757,2133.0,79.0,27,1,948.0
U015008,2133.0,79.0,27,1,948.0
U010118,2133.0,79.0,27,1,948.0
U018341,2133.0,79.0,27,1,948.0
U022094,2133.0,79.0,27,1,948.0
U009481,2133.0,79.0,27,1,948.0
U017924,2133.0,79.0,27,1,948.0
U027347,2133.0,79.0,27,1,948.0
U016156,2133.0,79.0,27,1,948.0
U010420,2133.0,79.0,27,1,948.0
U009551,2133.0,79.0,27,1,948.0
U004713,2133.0,79.0,27,1,948.0
U000444,2133.0,79.0,27,1,948.0
U027327,2133.0,79.0,27,1,948.0
U010594,2133.0,79.0,27,1,948.0
U020597,2133.0,79.0,27,1,948.0
U002887,2133.0,79.0,27,1,948.0
U018819,2133.0,79.0,27,1,948.0
U000433,2133.0,79.0,27,1,948.0
U007920,2133.0,79.0,27,1,948.0
U020131,2133.0,79.0,27,1,948.0
U007331,2133.0,79.0,27,1,948.0
U003283,2133.0,79.0,27,1,948.0
U022137,2133.0,79.0,27,1,948.0
U011030,2133.0,79.0,27,1,948.0
U026262,2133.0,79.0,27,1,948.0
U026264,2133.0,79.0,27,1,948.0
U029910,2133.0,79.0,27,1,948.0
U016078,2133.0,79.0,27,1,948.0
U021497,2133.0,79.0,27,1,948.0
U004978,2133.0,79.0,27,1,948.0
U022922,2133.0,79.0,27,1,948.0
U022746,2133.0,79.0,27,1,948.0
U029890,2133.0,79.0,27,1,948.0
U021156,2133.0,79.0,27,1,948.0
U011988,2133.0,79.0,27,1,948.0
U000346,2133.0,79.0,27,1,948.0
U013694,2133.0,79.0,27,1,948.0
U022737,2133.0,79.0,27,1,948.0
U027934,2133.0,79.0,27,1,948.0
U023361,2133.0,79.0,27,1,948.0
U029767,2133.0,79.0,27,1,948.0
U021030,2133.0,79.0,27,1,948.0
U024912,2133.0,79.0,27,1,948.0
U020301,2133.0,79.0,27,1,948.0
U024551,2133.0,79.0,27,1,948.0
U001977,2133.0,79.0,27,1,948.0
U029082,2133.0,79.0,27,1,948.0
U006659,2133.0,79.0,27,1,948.0
U022392,2133.0,79.0,27,1,948.0
U029075,2133.0,79.0,27,1,948.0
U000235,2133.0,79.0,27,1,948.0
U017882,2133.0,79.0,27,1,948.0
U021297,2133.0,79.0,27,1,948.0
U014942,2133.0,79.0,27,1,948.0
U015476,2133.0,79.0,27,1,948.0
U015480,2133.0,79.0,27,1,948.0
U029580,2133.0,79.0,27,1,948.0
U017740,2133.0,79.0,27,1,948.0
U027784,2133.0,79.0,27,1,948.0
U007764,2133.0,79.0,27,1,948.0
U027769,2133.0,79.0,27,1,948.0
U018566,2133.0,79.0,27,1,948.0
U009515,2133.0,79.0,27,1,948.0
U006349,2133.0,79.0,27,1,948.0
U012883,2133.0,79.0,27,1,948.0
U027747,2133.0,79.0,27,1,948.0
U010382,2133.0,79.0,27,1,948.0
U011425,2133.0,79.0,27,1,948.0
U010583,2133.0,79.0,27,1,948.0
U006581,2133.0,79.0,27,1,948.0
U002108,2133.0,79.0,27,1,948.0
U008450,2133.0,79.0,27,1,948.0
U004307,2133.0,79.0,27,1,948.0
U019375,2133.0,79.0,27,1,948.0
U012235,2133.0,79.0,27,1,948.0
U029407,2133.0,79.0,27,1,948.0
U017409,2133.0,79.0,27,1,948.0
U007957,2133.0,79.0,27,1,948.0
U029365,2133.0,79.0,27,1,948.0
U025530,2133.0,79.0,27,1,948.0
U023923,2133.0,79.0,27,1,948.0
U028988,2133.0,79.0,27,1,948.0
U008860,2133.0,79.0,27,1,948.0
U002365,2133.0,79.0,27,1,948.0
U014204,2133.0,79.0,27,1,948.0
U012801,2133.0,79.0,27,1,948.0
U001096,2133.0,79.0,27,1,948.0
U027121,2133.0,79.0,27,1,948.0
U022326,2133.0,79.0,27,1,948.0
U026798,2054.0,79.0,26,1,948.0
U025523,2054.0,79.0,26,1,948.0
U010633,2054.0,79.0,26,1,948.0
U017125,2054.0,79.0,26,1,948.0
U023837,2054.0,79.0,26,1,948.0
U007949,2054.0,79.0,26,1,948.0
U002461,2054.0,79.0,26,1,948.0
U017150,2054.0,79.0,26,1,948.0
U025474,2054.0,79.0,26,1,948.0
U017176,2054.0,79.0,26,1,948.0
U020455,2054.0,79.0,26,1,948.0
U017202,2054.0,79.0,26,1,948.0
U007058,2054.0,79.0,26,1,948.0
U005145,2054.0,79.0,26,1,948.0
U017222,2054.0,79.0,26,1,948.0
U017324,2054.0,79.0,26,1,948.0
U002833,2054.0,79.0,26,1,948.0
U001575,2054.0,79.0,26,1,948.0
U011965,2054.0,79.0,26,1,948.0
U007862,2054.0,79.0,26,1,948.0
U007181,2054.0,79.0,26,1,948.0
U010864,2054.0,79.0,26,1,948.0
U025326,2054.0,79.0,26,1,948.0
U006631,2054.0,79.0,26,1,948.0
U012224,2054.0,79.0,26,1,948.0
U001678,2054.0,79.0,26,1,948.0
U025267,2054.0,79.0,26,1,948.0
U010126,2054.0,79.0,26,1,948.0
U001712,2054.0,79.0,26,1,948.0
U007068,2054.0,79.0,26,1,948.0
U025254,2054.0,79.0,26,1,948.0
U010001,2054.0,79.0,26,1,948.0
U001723,2054.0,79.0,26,1,948.0
U011834,2054.0,79.0,26,1,948.0
U007811,2054.0,79.0,26,1,948.0
U014875,2054.0,79.0,26,1,948.0
U021427,2054.0,79.0,26,1,948.0
U007793,2054.0,79.0,26,1,948.0
U017463,2054.0,79.0,26,1,948.0
U006718,2054.0,79.0,26,1,948.0
U020736,2054.0,79.0,26,1,948.0
U024031,2054.0,79.0,26,1,948.0
U025188,2054.0,79.0,26,1,948.0
U014837,2054.0,79.0,26,1,948.0
U001912,2054.0,79.0,26,1,948.0
U003288,2054.0,79.0,26,1,948.0
U027720,2054.0,79.0,26,1,948.0
U019027,2054.0,79.0,26,1,948.0
U006846,2054.0,79.0,26,1,948.0
U009891,2054.0,79.0,26,1,948.0
U023160,2054.0,79.0,26,1,948.0
U005227,2054.0,79.0,26,1,948.0
U011435,2054.0,79.0,26,1,948.0
U011415,2054.0,79.0,26,1,948.0
U002335,2054.0,79.0,26,1,948.0
U028917,2054.0,79.0,26,1,948.0
U017762,2054.0,79.0,26,1,948.0
U023202,2054.0,79.0,26,1,948.0
U029165,2054.0,79.0,26,1,948.0
U015671,2054.0,79.0,26,1,948.0
U018321,2054.0,79.0,26,1,948.0
U005558,2054.0,79.0,26,1,948.0
U002667,2054.0,79.0,26,1,948.0
U022293,2054.0,79.0,26,1,948.0
U011369,2054.0,79.0,26,1,948.0
U029260,2054.0,79.0,26,1,948.0
U005262,2054.0,79.0,26,1,948.0
U003138,2054.0,79.0,26,1,948.0
U002904,2054.0,79.0,26,1,948.0
U015753,2054.0,79.0,26,1,948.0
U026468,2054.0,79.0,26,1,948.0
U000119,2054.0,79.0,26,1,948.0
U010767,2054.0,79.0,26,1,948.0
U000131,2054.0,79.0,26,1,948.0
U004333,2054.0,79.0,26,1,948.0
U013970,2054.0,79.0,26,1,948.0
U013939,2054.0,79.0,26,1,948.0
U005643,2054.0,79.0,26,1,948.0
U018741,2054.0,79.0,26,1,948.0
U029539,2054.0,79.0,26,1,948.0
U022795,2054.0,79.0,26,1,948.0
U002060,2054.0,79.0,26,1,948.0
U002894,2054.0,79.0,26,1,948.0
U005655,2054.0,79.0,26,1,948.0
U005693,2054.0,79.0,26,1,948.0
U010482,2054.0,79.0,26,1,948.0
U014597,2054.0,79.0,26,1,948.0
U018161,2054.0,79.0,26,1,948.0
U018731,2054.0,79.0,26,1,948.0
U002065,2054.0,79.0,26,1,948.0
U029754,2054.0,79.0,26,1,948.0
U002373,2054.0,79.0,26,1,948.0
U023099,2054.0,79.0,26,1,948.0
U026348,2054.0,79.0,26,1,948.0
U007243,2054.0,79.0,26,1,948.0
U004226,2054.0,79.0,26,1,948.0
U029856,2054.0,79.0,26,1,948.0
U028648,2054.0,79.0,26,1,948.0
U013642,2054.0,79.0,26,1,948.0
U022120,2054.0,79.0,26,1,948.0
U005343,2054.0,79.0,26,1,948.0
U014558,2054.0,79.0,26,1,948.0
U013583,2054.0,79.0,26,1,948.0
U013565,2054.0,79.0,26,1,948.0
U027304,2054.0,79.0,26,1,948.0
U013512,2054.0,79.0,26,1,948.0
U023076,2054.0,79.0,26,1,948.0
U018888,2054.0,79.0,26,1,948.0
U015346,2054.0,79.0,26,1,948.0
U021039,2054.0,79.0,26,1,948.0
U013488,2054.0,79.0,26,1,948.0
U016189,2054.0,79.0,26,1,948.0
U015078,2054.0,79.0,26,1,948.0
U014522,2054.0,79.0,26,1,948.0
U016193,2054.0,79.0,26,1,948.0
U008345,2054.0,79.0,26,1,948.0
U015379,2054.0,79.0,26,1,948.0
U002225,2054.0,79.0,26,1,948.0
U008557,2054.0,79.0,26,1,948.0
U013411,2054.0,79.0,26,1,948.0
U027247,2054.0,79.0,26,1,948.0
U019959,2054.0,79.0,26,1,948.0
U019953,2054.0,79.0,26,1,948.0
U004099,2054.0,79.0,26,1,948.0
U007379,2054.0,79.0,26,1,948.0
U023487,2054.0,79.0,26,1,948.0
U023490,2054.0,79.0,26,1,948.0
U023048,2054.0,79.0,26,1,948.0
U004613,2054.0,79.0,26,1,948.0
U017997,2054.0,79.0,26,1,948.0
U016379,2054.0,79.0,26,1,948.0
U021999,2054.0,79.0,26,1,948.0
U003101,2054.0,79.0,26,1,948.0
U004040,2054.0,79.0,26,1,948.0
U027135,2054.0,79.0,26,1,948.0
U005019,2054.0,79.0,26,1,948.0
U020250,2054.0,79.0,26,1,948.0
U002872,2054.0,79.0,26,1,948.0
U009946,2054.0,79.0,26,1,948.0
U005424,2054.0,79.0,26,1,948.0
U020257,2054.0,79.0,26,1,948.0
U014417,2054.0,79.0,26,1,948.0
U025994,2054.0,79.0,26,1,948.0
U021190,2054.0,79.0,26,1,948.0
U024748,2054.0,79.0,26,1,948.0
U019841,2054.0,79.0,26,1,948.0
U005434,2054.0,79.0,26,1,948.0
U025958,2054.0,79.0,26,1,948.0
U013005,2054.0,79.0,26,1,948.0
U006081,2054.0,79.0,26,1,948.0
U014390,2054.0,79.0,26,1,948.0
U006082,2054.0,79.0,26,1,948.0
U005443,2054.0,79.0,26,1,948.0
U010551,2054.0,79.0,26,1,948.0
U016622,2054.0,79.0,26,1,948.0
U003942,2054.0,79.0,26,1,948.0
U016657,2054.0,79.0,26,1,948.0
U015477,2054.0,79.0,26,1,948.0
U021888,2054.0,79.0,26,1,948.0
U000877,2054.0,79.0,26,1,948.0
U026963,2054.0,79.0,26,1,948.0
U000918,2054.0,79.0,26,1,948.0
U014351,2054.0,79.0,26,1,948.0
U018838,2054.0,79.0,26,1,948.0
U002260,2054.0,79.0,26,1,948.0
U003906,2054.0,79.0,26,1,948.0
U019761,2054.0,79.0,26,1,948.0
U002112,2054.0,79.0,26,1,948.0
U008935,2054.0,79.0,26,1,948.0
U022975,2054.0,79.0,26,1,948.0
U015129,2054.0,79.0,26,1,948.0
U009008,2054.0,79.0,26,1,948.0
U014307,2054.0,79.0,26,1,948.0
U016805,2054.0,79.0,26,1,948.0
U023677,2054.0,79.0,26,1,948.0
U014293,2054.0,79.0,26,1,948.0
U021753,2054.0,79.0,26,1,948.0
U024349,2054.0,79.0,26,1,948.0
U003076,2054.0,79.0,26,1,948.0
U026843,2054.0,79.0,26,1,948.0
U004704,2054.0,79.0,26,1,948.0
U019505,2054.0,79.0,26,1,948.0
U001234,2054.0,79.0,26,1,948.0
U028184,2054.0,79.0,26,1,948.0
U002853,2054.0,79.0,26,1,948.0
U001252,2054.0,79.0,26,1,948.0
U007499,2054.0,79.0,26,1,948.0
U007394,2054.0,79.0,26,1,948.0
U015594,2054.0,79.0,26,1,948.0
U021684,2054.0,79.0,26,1,948.0
U022337,2054.0,79.0,26,1,948.0
U001266,2054.0,79.0,26,1,948.0
U010409,2054.0,79.0,26,1,948.0
U006397,2054.0,79.0,26,1,948.0
U010303,2054.0,79.0,26,1,948.0
U006428,2054.0,79.0,26,1,948.0
U009358,2054.0,79.0,26,1,948.0
U029235,1990.0,199.0,10,1,2388.0
U001002,1990.0,199.0,10,1,2388.0
U016240,1990.0,199.0,10,1,2388.0
U004196,1990.0,199.0,10,1,2388.0
U000345,1990.0,199.0,10,1,2388.0
U008335,1990.0,199.0,10,1,2388.0
U017076,1990.0,199.0,10,1,2388.0
U018287,1990.0,199.0,10,1,2388.0
U000827,1990.0,199.0,10,1,2388.0
U006802,1990.0,199.0,10,1,2388.0
U017688,1990.0,199.0,10,1,2388.0
U010423,1990.0,199.0,10,1,2388.0
U027417,1990.0,199.0,10,1,2388.0
U028744,1990.0,199.0,10,1,2388.0
U013848,1990.0,199.0,10,1,2388.0
U000478,1990.0,199.0,10,1,2388.0
U019595,1990.0,199.0,10,1,2388.0
U010279,1990.0,199.0,10,1,2388.0
U008814,1990.0,199.0,10,1,2388.0
U027753,1990.0,199.0,10,1,2388.0
U004220,1990.0,199.0,10,1,2388.0
U021802,1990.0,199.0,10,1,2388.0
U018443,1990.0,199.0,10,1,2388.0
U000772,1990.0,199.0,10,1,2388.0
U009115,1990.0,199.0,10,1,2388.0
U013050,1990.0,199.0,10,1,2388.0
U012130,1990.0,199.0,10,1,2388.0
U025092,1990.0,199.0,10,1,2388.0
U001121,1990.0,199.0,10,1,2388.0
U011656,1990.0,199.0,10,1,2388.0
U007753,1990.0,199.0,10,1,2388.0
U022427,1990.0,199.0,10,1,2388.0
U012281,1990.0,199.0,10,1,2388.0
U024317,1990.0,199.0,10,1,2388.0
U025354,1990.0,199.0,10,1,2388.0
U005369,1990.0,199.0,10,1,2388.0
U016949,1990.0,199.0,10,1,2388.0
U024946,1990.0,199.0,10,1,2388.0
U014667,1990.0,199.0,10,1,2388.0
U028627,1990.0,199.0,10,1,2388.0
U020045,1990.0,199.0,10,1,2388.0
U002337,1990.0,199.0,10,1,2388.0
U029322,1990.0,199.0,10,1,2388.0
U018573,1990.0,199.0,10,1,2388.0
U007483,1990.0,199.0,10,1,2388.0
U011915,1990.0,199.0,10,1,2388.0
U007226,1990.0,199.0,10,1,2388.0
U026490,1990.0,199.0,10,1,2388.0
U003810,1990.0,199.0,10,1,2388.0
U007453,1990.0,199.0,10,1,2388.0
U009466,1990.0,199.0,10,1,2388.0
U029720,1990.0,199.0,10,1,2388.0
U003536,1990.0,199.0,10,1,2388.0
U010445,1990.0,199.0,10,1,2388.0
U010782,1990.0,199.0,10,1,2388.0
U010791,1990.0,199.0,10,1,2388.0
U026048,1990.0,199.0,10,1,2388.0
U014755,1990.0,199.0,10,1,2388.0
U027005,1990.0,199.0,10,1,2388.0
U002281,1990.0,199.0,10,1,2388.0
U005231,1990.0,199.0,10,1,2388.0
U012886,1990.0,199.0,10,1,2388.0
U023777,1990.0,199.0,10,1,2388.0
U022547,1990.0,199.0,10,1,2388.0
U006623,1990.0,199.0,10,1,2388.0
U019792,1990.0,199.0,10,1,2388.0
U007142,1990.0,199.0,10,1,2388.0
U021328,1990.0,199.0,10,1,2388.0
U016108,1990.0,199.0,10,1,2388.0
U001311,1990.0,199.0,10,1,2388.0
U027246,1990.0,199.0,10,1,2388.0
U010333,1990.0,199.0,10,1,2388.0
U025180,1990.0,199.0,10,1,2388.0
U027921,1990.0,199.0,10,1,2388.0
U024989,1990.0,199.0,10,1,2388.0
U004789,1990.0,199.0,10,1,2388.0
U022234,1990.0,199.0,10,1,2388.0
U001730,1990.0,199.0,10,1,2388.0
U001633,1990.0,199.0,10,1,2388.0
U021195,1990.0,199.0,10,1,2388.0
U027087,1990.0,199.0,10,1,2388.0
U029347,1990.0,199.0,10,1,2388.0
U017174,1990.0,199.0,10,1,2388.0
U005466,1990.0,199.0,10,1,2388.0
U012334,1990.0,199.0,10,1,2388.0
U008503,1990.0,199.0,10,1,2388.0
U018247,1990.0,199.0,10,1,2388.0
U007576,1990.0,199.0,10,1,2388.0
U003890,1990.0,199.0,10,1,2388.0
U015017,1990.0,199.0,10,1,2388.0
U015140,1990.0,199.0,10,1,2388.0
U012788,1990.0,199.0,10,1,2388.0
U025552,1990.0,199.0,10,1,2388.0
U004311,1990.0,199.0,10,1,2388.0
U000531,1990.0,199.0,10,1,2388.0
U006363,1975.0,79.0,25,1,948.0
U016964,1975.0,79.0,25,1,948.0
U023745,1975.0,79.0,25,1,948.0
U010441,1975.0,79.0,25,1,948.0
U021911,1975.0,79.0,25,1,948.0
U004503,1975.0,79.0,25,1,948.0
U024226,1975.0,79.0,25,1,948.0
U020288,1975.0,79.0,25,1,948.0
U014594,1975.0,79.0,25,1,948.0
U009204,1975.0,79.0,25,1,948.0
U012461,1975.0,79.0,25,1,948.0
U020364,1975.0,79.0,25,1,948.0
U016944,1975.0,79.0,25,1,948.0
U017898,1975.0,79.0,25,1,948.0
U023116,1975.0,79.0,25,1,948.0
U009768,1975.0,79.0,25,1,948.0
U024868,1975.0,79.0,25,1,948.0
U008811,1975.0,79.0,25,1,948.0
U003752,1975.0,79.0,25,1,948.0
U012478,1975.0,79.0,25,1,948.0
U008781,1975.0,79.0,25,1,948.0
U008205,1975.0,79.0,25,1,948.0
U004542,1975.0,79.0,25,1,948.0
U018490,1975.0,79.0,25,1,948.0
U023544,1975.0,79.0,25,1,948.0
U019516,1975.0,79.0,25,1,948.0
U001779,1975.0,79.0,25,1,948.0
U008209,1975.0,79.0,25,1,948.0
U012526,1975.0,79.0,25,1,948.0
U010406,1975.0,79.0,25,1,948.0
U025683,1975.0,79.0,25,1,948.0
U006768,1975.0,79.0,25,1,948.0
U028626,1975.0,79.0,25,1,948.0
U018419,1975.0,79.0,25,1,948.0
U013125,1975.0,79.0,25,1,948.0
U011221,1975.0,79.0,25,1,948.0
U006024,1975.0,79.0,25,1,948.0
U008219,1975.0,79.0,25,1,948.0
U006010,1975.0,79.0,25,1,948.0
U007584,1975.0,79.0,25,1,948.0
U012559,1975.0,79.0,25,1,948.0
U008735,1975.0,79.0,25,1,948.0
U004585,1975.0,79.0,25,1,948.0
U021985,1975.0,79.0,25,1,948.0
U004588,1975.0,79.0,25,1,948.0
U009112,1975.0,79.0,25,1,948.0
U009102,1975.0,79.0,25,1,948.0
U005419,1975.0,79.0,25,1,948.0
U008707,1975.0,79.0,25,1,948.0
U020032,1975.0,79.0,25,1,948.0
U002185,1975.0,79.0,25,1,948.0
U017504,1975.0,79.0,25,1,948.0
U007046,1975.0,79.0,25,1,948.0
U003070,1975.0,79.0,25,1,948.0
U025365,1975.0,79.0,25,1,948.0
U028482,1975.0,79.0,25,1,948.0
U013258,1975.0,79.0,25,1,948.0
U022394,1975.0,79.0,25,1,948.0
U016811,1975.0,79.0,25,1,948.0
U018475,1975.0,79.0,25,1,948.0
U016810,1975.0,79.0,25,1,948.0
U016382,1975.0,79.0,25,1,948.0
U019899,1975.0,79.0,25,1,948.0
U029704,1975.0,79.0,25,1,948.0
U011184,1975.0,79.0,25,1,948.0
U010021,1975.0,79.0,25,1,948.0
U026110,1975.0,79.0,25,1,948.0
U028400,1975.0,79.0,25,1,948.0
U008262,1975.0,79.0,25,1,948.0
U008630,1975.0,79.0,25,1,948.0
U023030,1975.0,79.0,25,1,948.0
U019939,1975.0,79.0,25,1,948.0
U004418,1975.0,79.0,25,1,948.0
U026144,1975.0,79.0,25,1,948.0
U001890,1975.0,79.0,25,1,948.0
U013352,1975.0,79.0,25,1,948.0
U026149,1975.0,79.0,25,1,948.0
U003133,1975.0,79.0,25,1,948.0
U019954,1975.0,79.0,25,1,948.0
U008285,1975.0,79.0,25,1,948.0
U005891,1975.0,79.0,25,1,948.0
U007835,1975.0,79.0,25,1,948.0
U028311,1975.0,79.0,25,1,948.0
U006994,1975.0,79.0,25,1,948.0
U000518,1975.0,79.0,25,1,948.0
U013446,1975.0,79.0,25,1,948.0
U029097,1975.0,79.0,25,1,948.0
U013476,1975.0,79.0,25,1,948.0
U029092,1975.0,79.0,25,1,948.0
U016191,1975.0,79.0,25,1,948.0
U028258,1975.0,79.0,25,1,948.0
U007347,1975.0,79.0,25,1,948.0
U012728,1975.0,79.0,25,1,948.0
U024272,1975.0,79.0,25,1,948.0
U016747,1975.0,79.0,25,1,948.0
U028217,1975.0,79.0,25,1,948.0
U022971,1975.0,79.0,25,1,948.0
U022372,1975.0,79.0,25,1,948.0
U020600,1975.0,79.0,25,1,948.0
U016732,1975.0,79.0,25,1,948.0
U002215,1975.0,79.0,25,1,948.0
U005841,1975.0,79.0,25,1,948.0
U002216,1975.0,79.0,25,1,948.0
U020784,1975.0,79.0,25,1,948.0
U019781,1975.0,79.0,25,1,948.0
U018788,1975.0,79.0,25,1,948.0
U000915,1975.0,79.0,25,1,948.0
U015551,1975.0,79.0,25,1,948.0
U013536,1975.0,79.0,25,1,948.0
U018536,1975.0,79.0,25,1,948.0
U008881,1975.0,79.0,25,1,948.0
U026218,1975.0,79.0,25,1,948.0
U028090,1975.0,79.0,25,1,948.0
U004152,1975.0,79.0,25,1,948.0
U008325,1975.0,79.0,25,1,948.0
U023601,1975.0,79.0,25,1,948.0
U023593,1975.0,79.0,25,1,948.0
U014209,1975.0,79.0,25,1,948.0
U026227,1975.0,79.0,25,1,948.0
U019065,1975.0,79.0,25,1,948.0
U004155,1975.0,79.0,25,1,948.0
U028885,1975.0,79.0,25,1,948.0
U026232,1975.0,79.0,25,1,948.0
U021192,1975.0,79.0,25,1,948.0
U008431,1975.0,79.0,25,1,948.0
U028016,1975.0,79.0,25,1,948.0
U000424,1975.0,79.0,25,1,948.0
U028005,1975.0,79.0,25,1,948.0
U013590,1975.0,79.0,25,1,948.0
U022122,1975.0,79.0,25,1,948.0
U024289,1975.0,79.0,25,1,948.0
U016109,1975.0,79.0,25,1,948.0
U018752,1975.0,79.0,25,1,948.0
U011517,1975.0,79.0,25,1,948.0
U007542,1975.0,79.0,25,1,948.0
U004788,1975.0,79.0,25,1,948.0
U027915,1975.0,79.0,25,1,948.0
U021137,1975.0,79.0,25,1,948.0
U004186,1975.0,79.0,25,1,948.0
U027891,1975.0,79.0,25,1,948.0
U026267,1975.0,79.0,25,1,948.0
U021512,1975.0,79.0,25,1,948.0
U018156,1975.0,79.0,25,1,948.0
U004805,1975.0,79.0,25,1,948.0
U024516,1975.0,79.0,25,1,948.0
U029903,1975.0,79.0,25,1,948.0
U027822,1975.0,79.0,25,1,948.0
U018169,1975.0,79.0,25,1,948.0
U007715,1975.0,79.0,25,1,948.0
U022181,1975.0,79.0,25,1,948.0
U027780,1975.0,79.0,25,1,948.0
U016053,1975.0,79.0,25,1,948.0
U016039,1975.0,79.0,25,1,948.0
U027756,1975.0,79.0,25,1,948.0
U009841,1975.0,79.0,25,1,948.0
U027691,1975.0,79.0,25,1,948.0
U024112,1975.0,79.0,25,1,948.0
U024457,1975.0,79.0,25,1,948.0
U024114,1975.0,79.0,25,1,948.0
U023367,1975.0,79.0,25,1,948.0
U000287,1975.0,79.0,25,1,948.0
U013775,1975.0,79.0,25,1,948.0
U026349,1975.0,79.0,25,1,948.0
U025376,1975.0,79.0,25,1,948.0
U022225,1975.0,79.0,25,1,948.0
U029702,1975.0,79.0,25,1,948.0
U029674,1975.0,79.0,25,1,948.0
U005688,1975.0,79.0,25,1,948.0
U029659,1975.0,79.0,25,1,948.0
U029627,1975.0,79.0,25,1,948.0
U027476,1975.0,79.0,25,1,948.0
U000222,1975.0,79.0,25,1,948.0
U027449,1975.0,79.0,25,1,948.0
U004931,1975.0,79.0,25,1,948.0
U000220,1975.0,79.0,25,1,948.0
U013842,1975.0,79.0,25,1,948.0
U005673,1975.0,79.0,25,1,948.0
U029592,1975.0,79.0,25,1,948.0
U006579,1975.0,79.0,25,1,948.0
U002430,1975.0,79.0,25,1,948.0
U009892,1975.0,79.0,25,1,948.0
U015882,1975.0,79.0,25,1,948.0
U005659,1975.0,79.0,25,1,948.0
U004282,1975.0,79.0,25,1,948.0
U027325,1975.0,79.0,25,1,948.0
U007158,1975.0,79.0,25,1,948.0
U029545,1975.0,79.0,25,1,948.0
U007685,1975.0,79.0,25,1,948.0
U020837,1975.0,79.0,25,1,948.0
U005646,1975.0,79.0,25,1,948.0
U024721,1975.0,79.0,25,1,948.0
U017751,1975.0,79.0,25,1,948.0
U013906,1975.0,79.0,25,1,948.0
U017393,1975.0,79.0,25,1,948.0
U015841,1975.0,79.0,25,1,948.0
U023259,1975.0,79.0,25,1,948.0
U014163,1975.0,79.0,25,1,948.0
U000089,1975.0,79.0,25,1,948.0
U015710,1975.0,79.0,25,1,948.0
U025013,1975.0,79.0,25,1,948.0
U010316,1975.0,79.0,25,1,948.0
U027119,1975.0,79.0,25,1,948.0
U015659,1975.0,79.0,25,1,948.0
U029977,1975.0,79.0,25,1,948.0
U002717,1975.0,79.0,25,1,948.0
U012096,1975.0,79.0,25,1,948.0
U011374,1975.0,79.0,25,1,948.0
U022684,1975.0,79.0,25,1,948.0
U021261,1975.0,79.0,25,1,948.0
U009436,1975.0,79.0,25,1,948.0
U020534,1975.0,79.0,25,1,948.0
U007198,1975.0,79.0,25,1,948.0
U019322,1975.0,79.0,25,1,948.0
U001685,1975.0,79.0,25,1,948.0
U022652,1975.0,79.0,25,1,948.0
U024375,1975.0,79.0,25,1,948.0
U026839,1975.0,79.0,25,1,948.0
U006903,1975.0,79.0,25,1,948.0
U017187,1975.0,79.0,25,1,948.0
U002061,1975.0,79.0,25,1,948.0
U006506,1975.0,79.0,25,1,948.0
U026826,1975.0,79.0,25,1,948.0
U019334,1975.0,79.0,25,1,948.0
U022636,1975.0,79.0,25,1,948.0
U010516,1975.0,79.0,25,1,948.0
U019210,1975.0,79.0,25,1,948.0
U010460,1975.0,79.0,25,1,948.0
U025515,1975.0,79.0,25,1,948.0
U006470,1975.0,79.0,25,1,948.0
U017807,1975.0,79.0,25,1,948.0
U012244,1975.0,79.0,25,1,948.0
U024393,1975.0,79.0,25,1,948.0
U011903,1975.0,79.0,25,1,948.0
U001713,1975.0,79.0,25,1,948.0
U007979,1975.0,79.0,25,1,948.0
U001717,1975.0,79.0,25,1,948.0
U017070,1975.0,79.0,25,1,948.0
U024647,1975.0,79.0,25,1,948.0
U012332,1975.0,79.0,25,1,948.0
U025324,1975.0,79.0,25,1,948.0
U023791,1975.0,79.0,25,1,948.0
U024638,1975.0,79.0,25,1,948.0
U014768,1975.0,79.0,25,1,948.0
U020413,1975.0,79.0,25,1,948.0
U022542,1975.0,79.0,25,1,948.0
U001287,1975.0,79.0,25,1,948.0
U010744,1975.0,79.0,25,1,948.0
U014731,1975.0,79.0,25,1,948.0
U017867,1975.0,79.0,25,1,948.0
U021679,1975.0,79.0,25,1,948.0
U015223,1975.0,79.0,25,1,948.0
U010380,1975.0,79.0,25,1,948.0
U007262,1975.0,79.0,25,1,948.0
U014861,1975.0,79.0,25,1,948.0
U007794,1975.0,79.0,25,1,948.0
U015259,1975.0,79.0,25,1,948.0
U010701,1975.0,79.0,25,1,948.0
U016970,1975.0,79.0,25,1,948.0
U002763,1975.0,79.0,25,1,948.0
U011708,1896.0,79.0,24,1,948.0
U028833,1896.0,79.0,24,1,948.0
U012899,1896.0,79.0,24,1,948.0
U022127,1896.0,79.0,24,1,948.0
U016614,1896.0,79.0,24,1,948.0
U007386,1896.0,79.0,24,1,948.0
U012993,1896.0,79.0,24,1,948.0
U025935,1896.0,79.0,24,1,948.0
U025936,1896.0,79.0,24,1,948.0
U019827,1896.0,79.0,24,1,948.0
U014886,1896.0,79.0,24,1,948.0
U023091,1896.0,79.0,24,1,948.0
U011108,1896.0,79.0,24,1,948.0
U020256,1896.0,79.0,24,1,948.0
U016511,1896.0,79.0,24,1,948.0
U028641,1896.0,79.0,24,1,948.0
U000730,1896.0,79.0,24,1,948.0
U028597,1896.0,79.0,24,1,948.0
U020240,1896.0,79.0,24,1,948.0
U013167,1896.0,79.0,24,1,948.0
U004034,1896.0,79.0,24,1,948.0
U002277,1896.0,79.0,24,1,948.0
U000664,1896.0,79.0,24,1,948.0
U002735,1896.0,79.0,24,1,948.0
U016405,1896.0,79.0,24,1,948.0
U022009,1896.0,79.0,24,1,948.0
U010478,1896.0,79.0,24,1,948.0
U028461,1896.0,79.0,24,1,948.0
U005956,1896.0,79.0,24,1,948.0
U028416,1896.0,79.0,24,1,948.0
U023036,1896.0,79.0,24,1,948.0
U019940,1896.0,79.0,24,1,948.0
U028330,1896.0,79.0,24,1,948.0
U019971,1896.0,79.0,24,1,948.0
U028309,1896.0,79.0,24,1,948.0
U004129,1896.0,79.0,24,1,948.0
U015033,1896.0,79.0,24,1,948.0
U011567,1896.0,79.0,24,1,948.0
U001908,1896.0,79.0,24,1,948.0
U016176,1896.0,79.0,24,1,948.0
U013510,1896.0,79.0,24,1,948.0
U006600,1896.0,79.0,24,1,948.0
U000473,1896.0,79.0,24,1,948.0
U020010,1896.0,79.0,24,1,948.0
U001917,1896.0,79.0,24,1,948.0
U016160,1896.0,79.0,24,1,948.0
U007374,1896.0,79.0,24,1,948.0
U009797,1896.0,79.0,24,1,948.0
U004728,1896.0,79.0,24,1,948.0
U000458,1896.0,79.0,24,1,948.0
U028088,1896.0,79.0,24,1,948.0
U017652,1896.0,79.0,24,1,948.0
U003297,1896.0,79.0,24,1,948.0
U028065,1896.0,79.0,24,1,948.0
U024794,1896.0,79.0,24,1,948.0
U028033,1896.0,79.0,24,1,948.0
U027555,1896.0,79.0,24,1,948.0
U003668,1896.0,79.0,24,1,948.0
U022747,1896.0,79.0,24,1,948.0
U002977,1896.0,79.0,24,1,948.0
U006515,1896.0,79.0,24,1,948.0
U026371,1896.0,79.0,24,1,948.0
U012344,1896.0,79.0,24,1,948.0
U019326,1896.0,79.0,24,1,948.0
U019005,1896.0,79.0,24,1,948.0
U015083,1896.0,79.0,24,1,948.0
U029973,1896.0,79.0,24,1,948.0
U012358,1896.0,79.0,24,1,948.0
U014944,1896.0,79.0,24,1,948.0
U009262,1896.0,79.0,24,1,948.0
U018288,1896.0,79.0,24,1,948.0
U017011,1896.0,79.0,24,1,948.0
U011819,1896.0,79.0,24,1,948.0
U002504,1896.0,79.0,24,1,948.0
U020143,1896.0,79.0,24,1,948.0
U003540,1896.0,79.0,24,1,948.0
U011818,1896.0,79.0,24,1,948.0
U001620,1896.0,79.0,24,1,948.0
U027243,1896.0,79.0,24,1,948.0
U010859,1896.0,79.0,24,1,948.0
U001251,1896.0,79.0,24,1,948.0
U021592,1896.0,79.0,24,1,948.0
U016985,1896.0,79.0,24,1,948.0
U013780,1896.0,79.0,24,1,948.0
U025405,1896.0,79.0,24,1,948.0
U002941,1896.0,79.0,24,1,948.0
U019161,1896.0,79.0,24,1,948.0
U022190,1896.0,79.0,24,1,948.0
U019159,1896.0,79.0,24,1,948.0
U005272,1896.0,79.0,24,1,948.0
U005275,1896.0,79.0,24,1,948.0
U001753,1896.0,79.0,24,1,948.0
U008500,1896.0,79.0,24,1,948.0
U005639,1896.0,79.0,24,1,948.0
U025239,1896.0,79.0,24,1,948.0
U017711,1896.0,79.0,24,1,948.0
U001230,1896.0,79.0,24,1,948.0
U005111,1896.0,79.0,24,1,948.0
U021235,1896.0,79.0,24,1,948.0
U020967,1896.0,79.0,24,1,948.0
U005009,1896.0,79.0,24,1,948.0
U001603,1896.0,79.0,24,1,948.0
U005297,1896.0,79.0,24,1,948.0
U018637,1896.0,79.0,24,1,948.0
U002064,1896.0,79.0,24,1,948.0
U009399,1896.0,79.0,24,1,948.0
U019342,1896.0,79.0,24,1,948.0
U029519,1896.0,79.0,24,1,948.0
U029349,1896.0,79.0,24,1,948.0
U006707,1896.0,79.0,24,1,948.0
U013885,1896.0,79.0,24,1,948.0
U027643,1896.0,79.0,24,1,948.0
U018400,1896.0,79.0,24,1,948.0
U004961,1896.0,79.0,24,1,948.0
U005126,1896.0,79.0,24,1,948.0
U005641,1896.0,79.0,24,1,948.0
U010494,1896.0,79.0,24,1,948.0
U011253,1896.0,79.0,24,1,948.0
U021710,1896.0,79.0,24,1,948.0
U012192,1896.0,79.0,24,1,948.0
U026787,1896.0,79.0,24,1,948.0
U015107,1896.0,79.0,24,1,948.0
U005598,1896.0,79.0,24,1,948.0
U001595,1896.0,79.0,24,1,948.0
U022461,1896.0,79.0,24,1,948.0
U021718,1896.0,79.0,24,1,948.0
U025669,1896.0,79.0,24,1,948.0
U020735,1896.0,79.0,24,1,948.0
U007289,1896.0,79.0,24,1,948.0
U024595,1896.0,79.0,24,1,948.0
U013991,1896.0,79.0,24,1,948.0
U016912,1896.0,79.0,24,1,948.0
U003616,1896.0,79.0,24,1,948.0
U019151,1896.0,79.0,24,1,948.0
U007912,1896.0,79.0,24,1,948.0
U018415,1896.0,79.0,24,1,948.0
U005582,1896.0,79.0,24,1,948.0
U027671,1896.0,79.0,24,1,948.0
U010652,1896.0,79.0,24,1,948.0
U002167,1896.0,79.0,24,1,948.0
U012543,1896.0,79.0,24,1,948.0
U001382,1896.0,79.0,24,1,948.0
U009856,1896.0,79.0,24,1,948.0
U023831,1896.0,79.0,24,1,948.0
U009575,1896.0,79.0,24,1,948.0
U013714,1896.0,79.0,24,1,948.0
U001479,1896.0,79.0,24,1,948.0
U011215,1896.0,79.0,24,1,948.0
U013712,1896.0,79.0,24,1,948.0
U010634,1896.0,79.0,24,1,948.0
U019554,1896.0,79.0,24,1,948.0
U016867,1896.0,79.0,24,1,948.0
U004841,1896.0,79.0,24,1,948.0
U002178,1896.0,79.0,24,1,948.0
U020054,1896.0,79.0,24,1,948.0
U004953,1896.0,79.0,24,1,948.0
U019911,1896.0,79.0,24,1,948.0
U025521,1896.0,79.0,24,1,948.0
U019023,1896.0,79.0,24,1,948.0
U015443,1896.0,79.0,24,1,948.0
U017938,1896.0,79.0,24,1,948.0
U024148,1896.0,79.0,24,1,948.0
U002653,1896.0,79.0,24,1,948.0
U023375,1896.0,79.0,24,1,948.0
U024521,1896.0,79.0,24,1,948.0
U018534,1896.0,79.0,24,1,948.0
U019387,1896.0,79.0,24,1,948.0
U006247,1896.0,79.0,24,1,948.0
U019415,1896.0,79.0,24,1,948.0
U007377,1896.0,79.0,24,1,948.0
U016818,1896.0,79.0,24,1,948.0
U019430,1896.0,79.0,24,1,948.0
U024691,1896.0,79.0,24,1,948.0
U029581,1896.0,79.0,24,1,948.0
U013938,1896.0,79.0,24,1,948.0
U025002,1896.0,79.0,24,1,948.0
U012721,1896.0,79.0,24,1,948.0
U029585,1896.0,79.0,24,1,948.0
U025543,1896.0,79.0,24,1,948.0
U009730,1896.0,79.0,24,1,948.0
U017401,1896.0,79.0,24,1,948.0
U023282,1896.0,79.0,24,1,948.0
U018938,1896.0,79.0,24,1,948.0
U018689,1896.0,79.0,24,1,948.0
U004429,1896.0,79.0,24,1,948.0
U020880,1896.0,79.0,24,1,948.0
U004815,1896.0,79.0,24,1,948.0
U027432,1896.0,79.0,24,1,948.0
U012746,1896.0,79.0,24,1,948.0
U006209,1896.0,79.0,24,1,948.0
U008922,1896.0,79.0,24,1,948.0
U013654,1896.0,79.0,24,1,948.0
U018487,1896.0,79.0,24,1,948.0
U018500,1896.0,79.0,24,1,948.0
U001638,1896.0,79.0,24,1,948.0
U019108,1896.0,79.0,24,1,948.0
U013636,1896.0,79.0,24,1,948.0
U016739,1896.0,79.0,24,1,948.0
U026535,1896.0,79.0,24,1,948.0
U016736,1896.0,79.0,24,1,948.0
U027236,1896.0,79.0,24,1,948.0
U026880,1896.0,79.0,24,1,948.0
U008896,1896.0,79.0,24,1,948.0
U002831,1896.0,79.0,24,1,948.0
U029246,1896.0,79.0,24,1,948.0
U007813,1896.0,79.0,24,1,948.0
U025366,1896.0,79.0,24,1,948.0
U003420,1896.0,79.0,24,1,948.0
U002220,1896.0,79.0,24,1,948.0
U029916,1896.0,79.0,24,1,948.0
U005680,1896.0,79.0,24,1,948.0
U004184,1896.0,79.0,24,1,948.0
U018693,1896.0,79.0,24,1,948.0
U003173,1896.0,79.0,24,1,948.0
U025566,1896.0,79.0,24,1,948.0
U000226,1896.0,79.0,24,1,948.0
U009531,1896.0,79.0,24,1,948.0
U014234,1896.0,79.0,24,1,948.0
U025871,1896.0,79.0,24,1,948.0
U029239,1896.0,79.0,24,1,948.0
U012874,1896.0,79.0,24,1,948.0
U017856,1896.0,79.0,24,1,948.0
U004257,1896.0,79.0,24,1,948.0
U028876,1896.0,79.0,24,1,948.0
U027516,1896.0,79.0,24,1,948.0
U000884,1896.0,79.0,24,1,948.0
U027998,1896.0,79.0,24,1,948.0
U017980,1896.0,79.0,24,1,948.0
U028835,1896.0,79.0,24,1,948.0
U006385,1896.0,79.0,24,1,948.0
U002707,1817.0,79.0,23,1,948.0
U002716,1817.0,79.0,23,1,948.0
U026598,1817.0,79.0,23,1,948.0
U007356,1817.0,79.0,23,1,948.0
U002766,1817.0,79.0,23,1,948.0
U010417,1817.0,79.0,23,1,948.0
U018648,1817.0,79.0,23,1,948.0
U010247,1817.0,79.0,23,1,948.0
U010242,1817.0,79.0,23,1,948.0
U003012,1817.0,79.0,23,1,948.0
U022821,1817.0,79.0,23,1,948.0
U010182,1817.0,79.0,23,1,948.0
U022818,1817.0,79.0,23,1,948.0
U024282,1817.0,79.0,23,1,948.0
U018810,1817.0,79.0,23,1,948.0
U024253,1817.0,79.0,23,1,948.0
U018837,1817.0,79.0,23,1,948.0
U007587,1817.0,79.0,23,1,948.0
U010080,1817.0,79.0,23,1,948.0
U004908,1817.0,79.0,23,1,948.0
U008505,1817.0,79.0,23,1,948.0
U003135,1817.0,79.0,23,1,948.0
U022546,1817.0,79.0,23,1,948.0
U020721,1817.0,79.0,23,1,948.0
U018953,1817.0,79.0,23,1,948.0
U009933,1817.0,79.0,23,1,948.0
U009914,1817.0,79.0,23,1,948.0
U014756,1817.0,79.0,23,1,948.0
U024146,1817.0,79.0,23,1,948.0
U003248,1817.0,79.0,23,1,948.0
U007705,1817.0,79.0,23,1,948.0
U019031,1817.0,79.0,23,1,948.0
U028421,1817.0,79.0,23,1,948.0
U007732,1817.0,79.0,23,1,948.0
U003307,1817.0,79.0,23,1,948.0
U024030,1817.0,79.0,23,1,948.0
U028414,1817.0,79.0,23,1,948.0
U003382,1817.0,79.0,23,1,948.0
U019204,1817.0,79.0,23,1,948.0
U003467,1817.0,79.0,23,1,948.0
U023952,1817.0,79.0,23,1,948.0
U022527,1817.0,79.0,23,1,948.0
U009511,1817.0,79.0,23,1,948.0
U027407,1817.0,79.0,23,1,948.0
U004942,1817.0,79.0,23,1,948.0
U020487,1817.0,79.0,23,1,948.0
U009449,1817.0,79.0,23,1,948.0
U020463,1817.0,79.0,23,1,948.0
U007921,1817.0,79.0,23,1,948.0
U005266,1817.0,79.0,23,1,948.0
U003582,1817.0,79.0,23,1,948.0
U028366,1817.0,79.0,23,1,948.0
U009381,1817.0,79.0,23,1,948.0
U003605,1817.0,79.0,23,1,948.0
U009357,1817.0,79.0,23,1,948.0
U023799,1817.0,79.0,23,1,948.0
U004959,1817.0,79.0,23,1,948.0
U019441,1817.0,79.0,23,1,948.0
U023788,1817.0,79.0,23,1,948.0
U019515,1817.0,79.0,23,1,948.0
U019545,1817.0,79.0,23,1,948.0
U009089,1817.0,79.0,23,1,948.0
U008795,1817.0,79.0,23,1,948.0
U023521,1817.0,79.0,23,1,948.0
U020231,1817.0,79.0,23,1,948.0
U005291,1817.0,79.0,23,1,948.0
U004044,1817.0,79.0,23,1,948.0
U008239,1817.0,79.0,23,1,948.0
U008697,1817.0,79.0,23,1,948.0
U020168,1817.0,79.0,23,1,948.0
U029872,1817.0,79.0,23,1,948.0
U015289,1817.0,79.0,23,1,948.0
U022490,1817.0,79.0,23,1,948.0
U029727,1817.0,79.0,23,1,948.0
U029590,1817.0,79.0,23,1,948.0
U029502,1817.0,79.0,23,1,948.0
U029499,1817.0,79.0,23,1,948.0
U029409,1817.0,79.0,23,1,948.0
U029377,1817.0,79.0,23,1,948.0
U022307,1817.0,79.0,23,1,948.0
U026542,1817.0,79.0,23,1,948.0
U015737,1817.0,79.0,23,1,948.0
U005581,1817.0,79.0,23,1,948.0
U029124,1817.0,79.0,23,1,948.0
U004699,1817.0,79.0,23,1,948.0
U000122,1817.0,79.0,23,1,948.0
U013910,1817.0,79.0,23,1,948.0
U022263,1817.0,79.0,23,1,948.0
U014565,1817.0,79.0,23,1,948.0
U028193,1817.0,79.0,23,1,948.0
U000188,1817.0,79.0,23,1,948.0
U000233,1817.0,79.0,23,1,948.0
U015932,1817.0,79.0,23,1,948.0
U005701,1817.0,79.0,23,1,948.0
U015948,1817.0,79.0,23,1,948.0
U016009,1817.0,79.0,23,1,948.0
U026315,1817.0,79.0,23,1,948.0
U029073,1817.0,79.0,23,1,948.0
U022953,1817.0,79.0,23,1,948.0
U016069,1817.0,79.0,23,1,948.0
U022133,1817.0,79.0,23,1,948.0
U005822,1817.0,79.0,23,1,948.0
U000442,1817.0,79.0,23,1,948.0
U026224,1817.0,79.0,23,1,948.0
U000459,1817.0,79.0,23,1,948.0
U000499,1817.0,79.0,23,1,948.0
U013437,1817.0,79.0,23,1,948.0
U029006,1817.0,79.0,23,1,948.0
U005031,1817.0,79.0,23,1,948.0
U013373,1817.0,79.0,23,1,948.0
U013208,1817.0,79.0,23,1,948.0
U022942,1817.0,79.0,23,1,948.0
U022941,1817.0,79.0,23,1,948.0
U026032,1817.0,79.0,23,1,948.0
U014479,1817.0,79.0,23,1,948.0
U013078,1817.0,79.0,23,1,948.0
U016530,1817.0,79.0,23,1,948.0
U006048,1817.0,79.0,23,1,948.0
U016559,1817.0,79.0,23,1,948.0
U000800,1817.0,79.0,23,1,948.0
U025932,1817.0,79.0,23,1,948.0
U006089,1817.0,79.0,23,1,948.0
U006093,1817.0,79.0,23,1,948.0
U012955,1817.0,79.0,23,1,948.0
U005057,1817.0,79.0,23,1,948.0
U016634,1817.0,79.0,23,1,948.0
U000851,1817.0,79.0,23,1,948.0
U012907,1817.0,79.0,23,1,948.0
U000880,1817.0,79.0,23,1,948.0
U026949,1817.0,79.0,23,1,948.0
U026948,1817.0,79.0,23,1,948.0
U015444,1817.0,79.0,23,1,948.0
U025837,1817.0,79.0,23,1,948.0
U016770,1817.0,79.0,23,1,948.0
U021820,1817.0,79.0,23,1,948.0
U001026,1817.0,79.0,23,1,948.0
U027956,1817.0,79.0,23,1,948.0
U025767,1817.0,79.0,23,1,948.0
U006368,1817.0,79.0,23,1,948.0
U001215,1817.0,79.0,23,1,948.0
U004785,1817.0,79.0,23,1,948.0
U008354,1817.0,79.0,23,1,948.0
U006404,1817.0,79.0,23,1,948.0
U001296,1817.0,79.0,23,1,948.0
U012306,1817.0,79.0,23,1,948.0
U001348,1817.0,79.0,23,1,948.0
U001359,1817.0,79.0,23,1,948.0
U001377,1817.0,79.0,23,1,948.0
U012117,1817.0,79.0,23,1,948.0
U012094,1817.0,79.0,23,1,948.0
U012069,1817.0,79.0,23,1,948.0
U006582,1817.0,79.0,23,1,948.0
U028811,1817.0,79.0,23,1,948.0
U011969,1817.0,79.0,23,1,948.0
U025313,1817.0,79.0,23,1,948.0
U001661,1817.0,79.0,23,1,948.0
U001676,1817.0,79.0,23,1,948.0
U006662,1817.0,79.0,23,1,948.0
U025273,1817.0,79.0,23,1,948.0
U006666,1817.0,79.0,23,1,948.0
U021453,1817.0,79.0,23,1,948.0
U021449,1817.0,79.0,23,1,948.0
U011851,1817.0,79.0,23,1,948.0
U001707,1817.0,79.0,23,1,948.0
U022879,1817.0,79.0,23,1,948.0
U001709,1817.0,79.0,23,1,948.0
U027795,1817.0,79.0,23,1,948.0
U017506,1817.0,79.0,23,1,948.0
U017518,1817.0,79.0,23,1,948.0
U021367,1817.0,79.0,23,1,948.0
U017562,1817.0,79.0,23,1,948.0
U011572,1817.0,79.0,23,1,948.0
U025071,1817.0,79.0,23,1,948.0
U001963,1817.0,79.0,23,1,948.0
U011401,1817.0,79.0,23,1,948.0
U017785,1817.0,79.0,23,1,948.0
U002109,1817.0,79.0,23,1,948.0
U011277,1817.0,79.0,23,1,948.0
U006946,1817.0,79.0,23,1,948.0
U021230,1817.0,79.0,23,1,948.0
U006959,1817.0,79.0,23,1,948.0
U002191,1817.0,79.0,23,1,948.0
U015094,1817.0,79.0,23,1,948.0
U017962,1817.0,79.0,23,1,948.0
U027699,1817.0,79.0,23,1,948.0
U002229,1817.0,79.0,23,1,948.0
U011131,1817.0,79.0,23,1,948.0
U024849,1817.0,79.0,23,1,948.0
U007051,1817.0,79.0,23,1,948.0
U026672,1817.0,79.0,23,1,948.0
U024830,1817.0,79.0,23,1,948.0
U007086,1817.0,79.0,23,1,948.0
U021135,1817.0,79.0,23,1,948.0
U024773,1817.0,79.0,23,1,948.0
U024767,1817.0,79.0,23,1,948.0
U007131,1817.0,79.0,23,1,948.0
U007133,1817.0,79.0,23,1,948.0
U007151,1817.0,79.0,23,1,948.0
U007239,1817.0,79.0,23,1,948.0
U018386,1817.0,79.0,23,1,948.0
U004877,1817.0,79.0,23,1,948.0
U010550,1817.0,79.0,23,1,948.0
U005530,1817.0,79.0,23,1,948.0
U024244,1791.0,199.0,9,1,2388.0
U008388,1791.0,199.0,9,1,2388.0
U028281,1791.0,199.0,9,1,2388.0
U002256,1791.0,199.0,9,1,2388.0
U017555,1791.0,199.0,9,1,2388.0
U010057,1791.0,199.0,9,1,2388.0
U023843,1791.0,199.0,9,1,2388.0
U004840,1791.0,199.0,9,1,2388.0
U007008,1791.0,199.0,9,1,2388.0
U007004,1791.0,199.0,9,1,2388.0
U006477,1791.0,199.0,9,1,2388.0
U020751,1791.0,199.0,9,1,2388.0
U010674,1791.0,199.0,9,1,2388.0
U001259,1791.0,199.0,9,1,2388.0
U009244,1791.0,199.0,9,1,2388.0
U004928,1791.0,199.0,9,1,2388.0
U023757,1791.0,199.0,9,1,2388.0
U004106,1791.0,199.0,9,1,2388.0
U000110,1791.0,199.0,9,1,2388.0
U027351,1791.0,199.0,9,1,2388.0
U004812,1791.0,199.0,9,1,2388.0
U024933,1791.0,199.0,9,1,2388.0
U001860,1791.0,199.0,9,1,2388.0
U013177,1791.0,199.0,9,1,2388.0
U009980,1791.0,199.0,9,1,2388.0
U002080,1791.0,199.0,9,1,2388.0
U002073,1791.0,199.0,9,1,2388.0
U029151,1791.0,199.0,9,1,2388.0
U005435,1791.0,199.0,9,1,2388.0
U007873,1791.0,199.0,9,1,2388.0
U021257,1791.0,199.0,9,1,2388.0
U015596,1791.0,199.0,9,1,2388.0
U009349,1791.0,199.0,9,1,2388.0
U021689,1791.0,199.0,9,1,2388.0
U026173,1791.0,199.0,9,1,2388.0
U021091,1791.0,199.0,9,1,2388.0
U003822,1791.0,199.0,9,1,2388.0
U004117,1791.0,199.0,9,1,2388.0
U023988,1791.0,199.0,9,1,2388.0
U005273,1791.0,199.0,9,1,2388.0
U024404,1791.0,199.0,9,1,2388.0
U028334,1791.0,199.0,9,1,2388.0
U002049,1791.0,199.0,9,1,2388.0
U024037,1791.0,199.0,9,1,2388.0
U013445,1791.0,199.0,9,1,2388.0
U028367,1791.0,199.0,9,1,2388.0
U025014,1791.0,199.0,9,1,2388.0
U028386,1791.0,199.0,9,1,2388.0
U020139,1791.0,199.0,9,1,2388.0
U015582,1791.0,199.0,9,1,2388.0
U006546,1791.0,199.0,9,1,2388.0
U003654,1791.0,199.0,9,1,2388.0
U004774,1791.0,199.0,9,1,2388.0
U029705,1791.0,199.0,9,1,2388.0
U021085,1791.0,199.0,9,1,2388.0
U010920,1791.0,199.0,9,1,2388.0
U028921,1791.0,199.0,9,1,2388.0
U011408,1791.0,199.0,9,1,2388.0
U028919,1791.0,199.0,9,1,2388.0
U018529,1791.0,199.0,9,1,2388.0
U002015,1791.0,199.0,9,1,2388.0
U024727,1791.0,199.0,9,1,2388.0
U009865,1791.0,199.0,9,1,2388.0
U014259,1791.0,199.0,9,1,2388.0
U016720,1791.0,199.0,9,1,2388.0
U016855,1791.0,199.0,9,1,2388.0
U025855,1791.0,199.0,9,1,2388.0
U004139,1791.0,199.0,9,1,2388.0
U016166,1791.0,199.0,9,1,2388.0
U023613,1791.0,199.0,9,1,2388.0
U020577,1791.0,199.0,9,1,2388.0
U024292,1791.0,199.0,9,1,2388.0
U000307,1791.0,199.0,9,1,2388.0
U003763,1791.0,199.0,9,1,2388.0
U019176,1791.0,199.0,9,1,2388.0
U024113,1791.0,199.0,9,1,2388.0
U019724,1791.0,199.0,9,1,2388.0
U029775,1791.0,199.0,9,1,2388.0
U008410,1791.0,199.0,9,1,2388.0
U001294,1791.0,199.0,9,1,2388.0
U020910,1791.0,199.0,9,1,2388.0
U010607,1791.0,199.0,9,1,2388.0
U017700,1791.0,199.0,9,1,2388.0
U019028,1791.0,199.0,9,1,2388.0
U013877,1791.0,199.0,9,1,2388.0
U017437,1791.0,199.0,9,1,2388.0
U028865,1791.0,199.0,9,1,2388.0
U019335,1791.0,199.0,9,1,2388.0
U011523,1791.0,199.0,9,1,2388.0
U026649,1791.0,199.0,9,1,2388.0
U019078,1791.0,199.0,9,1,2388.0
U009033,1791.0,199.0,9,1,2388.0
U018621,1791.0,199.0,9,1,2388.0
U025322,1791.0,199.0,9,1,2388.0
U018251,1791.0,199.0,9,1,2388.0
U002572,1791.0,199.0,9,1,2388.0
U028209,1791.0,199.0,9,1,2388.0
U011913,1791.0,199.0,9,1,2388.0
U002387,1791.0,199.0,9,1,2388.0
U028250,1791.0,199.0,9,1,2388.0
U023112,1791.0,199.0,9,1,2388.0
U013702,1791.0,199.0,9,1,2388.0
U016338,1791.0,199.0,9,1,2388.0
U021743,1791.0,199.0,9,1,2388.0
U005225,1791.0,199.0,9,1,2388.0
U028267,1791.0,199.0,9,1,2388.0
U023766,1791.0,199.0,9,1,2388.0
U023763,1791.0,199.0,9,1,2388.0
U016265,1738.0,79.0,22,1,948.0
U011461,1738.0,79.0,22,1,948.0
U001990,1738.0,79.0,22,1,948.0
U008741,1738.0,79.0,22,1,948.0
U007244,1738.0,79.0,22,1,948.0
U020243,1738.0,79.0,22,1,948.0
U011432,1738.0,79.0,22,1,948.0
U026553,1738.0,79.0,22,1,948.0
U023595,1738.0,79.0,22,1,948.0
U026893,1738.0,79.0,22,1,948.0
U018041,1738.0,79.0,22,1,948.0
U004399,1738.0,79.0,22,1,948.0
U029452,1738.0,79.0,22,1,948.0
U018986,1738.0,79.0,22,1,948.0
U002020,1738.0,79.0,22,1,948.0
U002279,1738.0,79.0,22,1,948.0
U027811,1738.0,79.0,22,1,948.0
U000137,1738.0,79.0,22,1,948.0
U015654,1738.0,79.0,22,1,948.0
U012916,1738.0,79.0,22,1,948.0
U025901,1738.0,79.0,22,1,948.0
U005995,1738.0,79.0,22,1,948.0
U016645,1738.0,79.0,22,1,948.0
U000846,1738.0,79.0,22,1,948.0
U015631,1738.0,79.0,22,1,948.0
U009942,1738.0,79.0,22,1,948.0
U006921,1738.0,79.0,22,1,948.0
U017854,1738.0,79.0,22,1,948.0
U022739,1738.0,79.0,22,1,948.0
U024268,1738.0,79.0,22,1,948.0
U019832,1738.0,79.0,22,1,948.0
U027390,1738.0,79.0,22,1,948.0
U028708,1738.0,79.0,22,1,948.0
U010016,1738.0,79.0,22,1,948.0
U017236,1738.0,79.0,22,1,948.0
U029313,1738.0,79.0,22,1,948.0
U017234,1738.0,79.0,22,1,948.0
U023235,1738.0,79.0,22,1,948.0
U027480,1738.0,79.0,22,1,948.0
U014845,1738.0,79.0,22,1,948.0
U000771,1738.0,79.0,22,1,948.0
U002199,1738.0,79.0,22,1,948.0
U024894,1738.0,79.0,22,1,948.0
U001500,1738.0,79.0,22,1,948.0
U020926,1738.0,79.0,22,1,948.0
U026476,1738.0,79.0,22,1,948.0
U028008,1738.0,79.0,22,1,948.0
U020467,1738.0,79.0,22,1,948.0
U025424,1738.0,79.0,22,1,948.0
U027557,1738.0,79.0,22,1,948.0
U012103,1738.0,79.0,22,1,948.0
U014818,1738.0,79.0,22,1,948.0
U007324,1738.0,79.0,22,1,948.0
U008772,1738.0,79.0,22,1,948.0
U008684,1738.0,79.0,22,1,948.0
U017966,1738.0,79.0,22,1,948.0
U028612,1738.0,79.0,22,1,948.0
U002660,1738.0,79.0,22,1,948.0
U006531,1738.0,79.0,22,1,948.0
U007602,1738.0,79.0,22,1,948.0
U004753,1738.0,79.0,22,1,948.0
U021144,1738.0,79.0,22,1,948.0
U010983,1738.0,79.0,22,1,948.0
U029087,1738.0,79.0,22,1,948.0
U018763,1738.0,79.0,22,1,948.0
U018014,1738.0,79.0,22,1,948.0
U020207,1738.0,79.0,22,1,948.0
U002354,1738.0,79.0,22,1,948.0
U029224,1738.0,79.0,22,1,948.0
U014923,1738.0,79.0,22,1,948.0
U024565,1738.0,79.0,22,1,948.0
U028093,1738.0,79.0,22,1,948.0
U012157,1738.0,79.0,22,1,948.0
U015684,1738.0,79.0,22,1,948.0
U028097,1738.0,79.0,22,1,948.0
U004514,1738.0,79.0,22,1,948.0
U014098,1738.0,79.0,22,1,948.0
U004716,1738.0,79.0,22,1,948.0
U019338,1738.0,79.0,22,1,948.0
U027661,1738.0,79.0,22,1,948.0
U008646,1738.0,79.0,22,1,948.0
U001431,1738.0,79.0,22,1,948.0
U008641,1738.0,79.0,22,1,948.0
U015677,1738.0,79.0,22,1,948.0
U018858,1738.0,79.0,22,1,948.0
U027704,1738.0,79.0,22,1,948.0
U015029,1738.0,79.0,22,1,948.0
U001421,1738.0,79.0,22,1,948.0
U016323,1738.0,79.0,22,1,948.0
U007299,1738.0,79.0,22,1,948.0
U021964,1738.0,79.0,22,1,948.0
U024321,1738.0,79.0,22,1,948.0
U010937,1738.0,79.0,22,1,948.0
U021613,1738.0,79.0,22,1,948.0
U010396,1738.0,79.0,22,1,948.0
U023168,1738.0,79.0,22,1,948.0
U028969,1738.0,79.0,22,1,948.0
U010936,1738.0,79.0,22,1,948.0
U023823,1738.0,79.0,22,1,948.0
U028962,1738.0,79.0,22,1,948.0
U000527,1738.0,79.0,22,1,948.0
U023812,1738.0,79.0,22,1,948.0
U012263,1738.0,79.0,22,1,948.0
U010491,1738.0,79.0,22,1,948.0
U016242,1738.0,79.0,22,1,948.0
U028351,1738.0,79.0,22,1,948.0
U010271,1738.0,79.0,22,1,948.0
U019427,1738.0,79.0,22,1,948.0
U008356,1738.0,79.0,22,1,948.0
U002434,1738.0,79.0,22,1,948.0
U028900,1738.0,79.0,22,1,948.0
U007344,1738.0,79.0,22,1,948.0
U013525,1738.0,79.0,22,1,948.0
U020056,1738.0,79.0,22,1,948.0
U004606,1738.0,79.0,22,1,948.0
U000457,1738.0,79.0,22,1,948.0
U014954,1738.0,79.0,22,1,948.0
U007172,1738.0,79.0,22,1,948.0
U020405,1738.0,79.0,22,1,948.0
U002471,1738.0,79.0,22,1,948.0
U021724,1738.0,79.0,22,1,948.0
U001272,1738.0,79.0,22,1,948.0
U001271,1738.0,79.0,22,1,948.0
U015626,1738.0,79.0,22,1,948.0
U012404,1738.0,79.0,22,1,948.0
U003488,1738.0,79.0,22,1,948.0
U019496,1738.0,79.0,22,1,948.0
U013601,1738.0,79.0,22,1,948.0
U016111,1738.0,79.0,22,1,948.0
U029959,1738.0,79.0,22,1,948.0
U019261,1738.0,79.0,22,1,948.0
U005803,1738.0,79.0,22,1,948.0
U006633,1738.0,79.0,22,1,948.0
U013626,1738.0,79.0,22,1,948.0
U025317,1738.0,79.0,22,1,948.0
U016963,1738.0,79.0,22,1,948.0
U017375,1738.0,79.0,22,1,948.0
U016087,1738.0,79.0,22,1,948.0
U019238,1738.0,79.0,22,1,948.0
U025303,1738.0,79.0,22,1,948.0
U006643,1738.0,79.0,22,1,948.0
U013661,1738.0,79.0,22,1,948.0
U004195,1738.0,79.0,22,1,948.0
U016939,1738.0,79.0,22,1,948.0
U009589,1738.0,79.0,22,1,948.0
U012477,1738.0,79.0,22,1,948.0
U023096,1738.0,79.0,22,1,948.0
U029878,1738.0,79.0,22,1,948.0
U011869,1738.0,79.0,22,1,948.0
U021742,1738.0,79.0,22,1,948.0
U017395,1738.0,79.0,22,1,948.0
U007828,1738.0,79.0,22,1,948.0
U000336,1738.0,79.0,22,1,948.0
U022182,1738.0,79.0,22,1,948.0
U019546,1738.0,79.0,22,1,948.0
U019199,1738.0,79.0,22,1,948.0
U014452,1738.0,79.0,22,1,948.0
U023711,1738.0,79.0,22,1,948.0
U014471,1738.0,79.0,22,1,948.0
U006689,1738.0,79.0,22,1,948.0
U019562,1738.0,79.0,22,1,948.0
U014520,1738.0,79.0,22,1,948.0
U005360,1738.0,79.0,22,1,948.0
U029785,1738.0,79.0,22,1,948.0
U003796,1738.0,79.0,22,1,948.0
U015322,1738.0,79.0,22,1,948.0
U029764,1738.0,79.0,22,1,948.0
U024026,1738.0,79.0,22,1,948.0
U020923,1738.0,79.0,22,1,948.0
U015273,1738.0,79.0,22,1,948.0
U024056,1738.0,79.0,22,1,948.0
U016826,1738.0,79.0,22,1,948.0
U000231,1738.0,79.0,22,1,948.0
U012677,1738.0,79.0,22,1,948.0
U017577,1738.0,79.0,22,1,948.0
U015158,1738.0,79.0,22,1,948.0
U028631,1738.0,79.0,22,1,948.0
U028637,1738.0,79.0,22,1,948.0
U015141,1738.0,79.0,22,1,948.0
U010461,1738.0,79.0,22,1,948.0
U009792,1738.0,79.0,22,1,948.0
U011553,1738.0,79.0,22,1,948.0
U019664,1738.0,79.0,22,1,948.0
U006222,1738.0,79.0,22,1,948.0
U017655,1738.0,79.0,22,1,948.0
U025086,1738.0,79.0,22,1,948.0
U026618,1738.0,79.0,22,1,948.0
U012740,1738.0,79.0,22,1,948.0
U025808,1738.0,79.0,22,1,948.0
U022601,1738.0,79.0,22,1,948.0
U012750,1738.0,79.0,22,1,948.0
U026756,1738.0,79.0,22,1,948.0
U025073,1738.0,79.0,22,1,948.0
U005653,1738.0,79.0,22,1,948.0
U015870,1738.0,79.0,22,1,948.0
U019019,1738.0,79.0,22,1,948.0
U006191,1738.0,79.0,22,1,948.0
U024107,1738.0,79.0,22,1,948.0
U002734,1738.0,79.0,22,1,948.0
U005114,1738.0,79.0,22,1,948.0
U024377,1738.0,79.0,22,1,948.0
U016730,1738.0,79.0,22,1,948.0
U012818,1738.0,79.0,22,1,948.0
U012821,1738.0,79.0,22,1,948.0
U021300,1738.0,79.0,22,1,948.0
U024489,1659.0,79.0,21,1,948.0
U016468,1659.0,79.0,21,1,948.0
U027740,1659.0,79.0,21,1,948.0
U027743,1659.0,79.0,21,1,948.0
U013155,1659.0,79.0,21,1,948.0
U024508,1659.0,79.0,21,1,948.0
U029156,1659.0,79.0,21,1,948.0
U023929,1659.0,79.0,21,1,948.0
U007042,1659.0,79.0,21,1,948.0
U014136,1659.0,79.0,21,1,948.0
U025387,1659.0,79.0,21,1,948.0
U019285,1659.0,79.0,21,1,948.0
U000685,1659.0,79.0,21,1,948.0
U020232,1659.0,79.0,21,1,948.0
U024832,1659.0,79.0,21,1,948.0
U029145,1659.0,79.0,21,1,948.0
U027855,1659.0,79.0,21,1,948.0
U005990,1659.0,79.0,21,1,948.0
U029140,1659.0,79.0,21,1,948.0
U011035,1659.0,79.0,21,1,948.0
U011016,1659.0,79.0,21,1,948.0
U009480,1659.0,79.0,21,1,948.0
U024465,1659.0,79.0,21,1,948.0
U020229,1659.0,79.0,21,1,948.0
U009465,1659.0,79.0,21,1,948.0
U007328,1659.0,79.0,21,1,948.0
U023901,1659.0,79.0,21,1,948.0
U007080,1659.0,79.0,21,1,948.0
U002830,1659.0,79.0,21,1,948.0
U021559,1659.0,79.0,21,1,948.0
U002661,1659.0,79.0,21,1,948.0
U025439,1659.0,79.0,21,1,948.0
U004735,1659.0,79.0,21,1,948.0
U020945,1659.0,79.0,21,1,948.0
U001442,1659.0,79.0,21,1,948.0
U022959,1659.0,79.0,21,1,948.0
U018151,1659.0,79.0,21,1,948.0
U018598,1659.0,79.0,21,1,948.0
U002361,1659.0,79.0,21,1,948.0
U022030,1659.0,79.0,21,1,948.0
U007948,1659.0,79.0,21,1,948.0
U012470,1659.0,79.0,21,1,948.0
U029576,1659.0,79.0,21,1,948.0
U002932,1659.0,79.0,21,1,948.0
U014342,1659.0,79.0,21,1,948.0
U012748,1659.0,79.0,21,1,948.0
U015514,1659.0,79.0,21,1,948.0
U014541,1659.0,79.0,21,1,948.0
U026719,1659.0,79.0,21,1,948.0
U012755,1659.0,79.0,21,1,948.0
U017055,1659.0,79.0,21,1,948.0
U019713,1659.0,79.0,21,1,948.0
U020318,1659.0,79.0,21,1,948.0
U026720,1659.0,79.0,21,1,948.0
U019034,1659.0,79.0,21,1,948.0
U014868,1659.0,79.0,21,1,948.0
U015328,1659.0,79.0,21,1,948.0
U020119,1659.0,79.0,21,1,948.0
U005138,1659.0,79.0,21,1,948.0
U001771,1659.0,79.0,21,1,948.0
U000973,1659.0,79.0,21,1,948.0
U012764,1659.0,79.0,21,1,948.0
U013887,1659.0,79.0,21,1,948.0
U008313,1659.0,79.0,21,1,948.0
U013890,1659.0,79.0,21,1,948.0
U010692,1659.0,79.0,21,1,948.0
U003426,1659.0,79.0,21,1,948.0
U003743,1659.0,79.0,21,1,948.0
U024105,1659.0,79.0,21,1,948.0
U012769,1659.0,79.0,21,1,948.0
U014590,1659.0,79.0,21,1,948.0
U003263,1659.0,79.0,21,1,948.0
U019740,1659.0,79.0,21,1,948.0
U022354,1659.0,79.0,21,1,948.0
U029746,1659.0,79.0,21,1,948.0
U000958,1659.0,79.0,21,1,948.0
U008060,1659.0,79.0,21,1,948.0
U008509,1659.0,79.0,21,1,948.0
U021017,1659.0,79.0,21,1,948.0
U009863,1659.0,79.0,21,1,948.0
U006177,1659.0,79.0,21,1,948.0
U006173,1659.0,79.0,21,1,948.0
U000938,1659.0,79.0,21,1,948.0
U026247,1659.0,79.0,21,1,948.0
U015416,1659.0,79.0,21,1,948.0
U005709,1659.0,79.0,21,1,948.0
U010902,1659.0,79.0,21,1,948.0
U020009,1659.0,79.0,21,1,948.0
U018217,1659.0,79.0,21,1,948.0
U009864,1659.0,79.0,21,1,948.0
U020893,1659.0,79.0,21,1,948.0
U006717,1659.0,79.0,21,1,948.0
U011935,1659.0,79.0,21,1,948.0
U015836,1659.0,79.0,21,1,948.0
U001228,1659.0,79.0,21,1,948.0
U022491,1659.0,79.0,21,1,948.0
U020672,1659.0,79.0,21,1,948.0
U011449,1659.0,79.0,21,1,948.0
U013935,1659.0,79.0,21,1,948.0
U018311,1659.0,79.0,21,1,948.0
U025867,1659.0,79.0,21,1,948.0
U026870,1659.0,79.0,21,1,948.0
U026876,1659.0,79.0,21,1,948.0
U016063,1659.0,79.0,21,1,948.0
U008516,1659.0,79.0,21,1,948.0
U014219,1659.0,79.0,21,1,948.0
U003233,1659.0,79.0,21,1,948.0
U005074,1659.0,79.0,21,1,948.0
U017744,1659.0,79.0,21,1,948.0
U020391,1659.0,79.0,21,1,948.0
U001147,1659.0,79.0,21,1,948.0
U010293,1659.0,79.0,21,1,948.0
U003710,1659.0,79.0,21,1,948.0
U002744,1659.0,79.0,21,1,948.0
U026995,1659.0,79.0,21,1,948.0
U027002,1659.0,79.0,21,1,948.0
U000492,1659.0,79.0,21,1,948.0
U007970,1659.0,79.0,21,1,948.0
U009913,1659.0,79.0,21,1,948.0
U007666,1659.0,79.0,21,1,948.0
U028341,1659.0,79.0,21,1,948.0
U021260,1659.0,79.0,21,1,948.0
U020332,1659.0,79.0,21,1,948.0
U002619,1659.0,79.0,21,1,948.0
U014469,1659.0,79.0,21,1,948.0
U024486,1659.0,79.0,21,1,948.0
U000537,1659.0,79.0,21,1,948.0
U013986,1659.0,79.0,21,1,948.0
U014939,1659.0,79.0,21,1,948.0
U025611,1659.0,79.0,21,1,948.0
U012242,1659.0,79.0,21,1,948.0
U002725,1659.0,79.0,21,1,948.0
U015601,1659.0,79.0,21,1,948.0
U012503,1659.0,79.0,21,1,948.0
U009588,1659.0,79.0,21,1,948.0
U025134,1659.0,79.0,21,1,948.0
U014196,1659.0,79.0,21,1,948.0
U027279,1659.0,79.0,21,1,948.0
U027287,1659.0,79.0,21,1,948.0
U014009,1659.0,79.0,21,1,948.0
U008176,1659.0,79.0,21,1,948.0
U017123,1659.0,79.0,21,1,948.0
U012987,1659.0,79.0,21,1,948.0
U020283,1659.0,79.0,21,1,948.0
U002120,1659.0,79.0,21,1,948.0
U019823,1659.0,79.0,21,1,948.0
U022756,1659.0,79.0,21,1,948.0
U003162,1659.0,79.0,21,1,948.0
U013009,1659.0,79.0,21,1,948.0
U011272,1659.0,79.0,21,1,948.0
U027331,1659.0,79.0,21,1,948.0
U013021,1659.0,79.0,21,1,948.0
U002344,1659.0,79.0,21,1,948.0
U011831,1659.0,79.0,21,1,948.0
U028973,1659.0,79.0,21,1,948.0
U025678,1659.0,79.0,21,1,948.0
U006982,1659.0,79.0,21,1,948.0
U028581,1659.0,79.0,21,1,948.0
U011824,1659.0,79.0,21,1,948.0
U003751,1659.0,79.0,21,1,948.0
U024209,1659.0,79.0,21,1,948.0
U010676,1659.0,79.0,21,1,948.0
U025595,1659.0,79.0,21,1,948.0
U018109,1659.0,79.0,21,1,948.0
U005906,1659.0,79.0,21,1,948.0
U027483,1659.0,79.0,21,1,948.0
U014358,1659.0,79.0,21,1,948.0
U011178,1659.0,79.0,21,1,948.0
U023083,1659.0,79.0,21,1,948.0
U003983,1659.0,79.0,21,1,948.0
U020061,1659.0,79.0,21,1,948.0
U001019,1659.0,79.0,21,1,948.0
U002875,1659.0,79.0,21,1,948.0
U016547,1659.0,79.0,21,1,948.0
U007462,1659.0,79.0,21,1,948.0
U012215,1659.0,79.0,21,1,948.0
U015359,1659.0,79.0,21,1,948.0
U018890,1659.0,79.0,21,1,948.0
U027578,1659.0,79.0,21,1,948.0
U012567,1659.0,79.0,21,1,948.0
U013362,1659.0,79.0,21,1,948.0
U024876,1659.0,79.0,21,1,948.0
U016796,1659.0,79.0,21,1,948.0
U029234,1659.0,79.0,21,1,948.0
U026150,1659.0,79.0,21,1,948.0
U005364,1659.0,79.0,21,1,948.0
U017416,1659.0,79.0,21,1,948.0
U007597,1659.0,79.0,21,1,948.0
U022991,1659.0,79.0,21,1,948.0
U002697,1659.0,79.0,21,1,948.0
U003794,1659.0,79.0,21,1,948.0
U014535,1659.0,79.0,21,1,948.0
U028276,1659.0,79.0,21,1,948.0
U007255,1659.0,79.0,21,1,948.0
U011524,1659.0,79.0,21,1,948.0
U026403,1659.0,79.0,21,1,948.0
U021824,1659.0,79.0,21,1,948.0
U029908,1592.0,199.0,8,1,2388.0
U016580,1592.0,199.0,8,1,2388.0
U016950,1592.0,199.0,8,1,2388.0
U000361,1592.0,199.0,8,1,2388.0
U000359,1592.0,199.0,8,1,2388.0
U015928,1592.0,199.0,8,1,2388.0
U026388,1592.0,199.0,8,1,2388.0
U002703,1592.0,199.0,8,1,2388.0
U013841,1592.0,199.0,8,1,2388.0
U000209,1592.0,199.0,8,1,2388.0
U029514,1592.0,199.0,8,1,2388.0
U026436,1592.0,199.0,8,1,2388.0
U015821,1592.0,199.0,8,1,2388.0
U010433,1592.0,199.0,8,1,2388.0
U015745,1592.0,199.0,8,1,2388.0
U001547,1592.0,199.0,8,1,2388.0
U029131,1592.0,199.0,8,1,2388.0
U029031,1592.0,199.0,8,1,2388.0
U002879,1592.0,199.0,8,1,2388.0
U004007,1592.0,199.0,8,1,2388.0
U002537,1592.0,199.0,8,1,2388.0
U004528,1592.0,199.0,8,1,2388.0
U028683,1592.0,199.0,8,1,2388.0
U002451,1592.0,199.0,8,1,2388.0
U028492,1592.0,199.0,8,1,2388.0
U013070,1592.0,199.0,8,1,2388.0
U002968,1592.0,199.0,8,1,2388.0
U004686,1592.0,199.0,8,1,2388.0
U020474,1592.0,199.0,8,1,2388.0
U007530,1592.0,199.0,8,1,2388.0
U010944,1592.0,199.0,8,1,2388.0
U018113,1592.0,199.0,8,1,2388.0
U002774,1592.0,199.0,8,1,2388.0
U020944,1592.0,199.0,8,1,2388.0
U000549,1592.0,199.0,8,1,2388.0
U027774,1592.0,199.0,8,1,2388.0
U018032,1592.0,199.0,8,1,2388.0
U027640,1592.0,199.0,8,1,2388.0
U027431,1592.0,199.0,8,1,2388.0
U024510,1592.0,199.0,8,1,2388.0
U026869,1592.0,199.0,8,1,2388.0
U009883,1592.0,199.0,8,1,2388.0
U021975,1592.0,199.0,8,1,2388.0
U009828,1592.0,199.0,8,1,2388.0
U022598,1592.0,199.0,8,1,2388.0
U026617,1592.0,199.0,8,1,2388.0
U000900,1592.0,199.0,8,1,2388.0
U026615,1592.0,199.0,8,1,2388.0
U024532,1592.0,199.0,8,1,2388.0
U014803,1592.0,199.0,8,1,2388.0
U009272,1592.0,199.0,8,1,2388.0
U013448,1592.0,199.0,8,1,2388.0
U009267,1592.0,199.0,8,1,2388.0
U006797,1592.0,199.0,8,1,2388.0
U022556,1592.0,199.0,8,1,2388.0
U019080,1592.0,199.0,8,1,2388.0
U015217,1592.0,199.0,8,1,2388.0
U011703,1592.0,199.0,8,1,2388.0
U004029,1592.0,199.0,8,1,2388.0
U016197,1592.0,199.0,8,1,2388.0
U020396,1592.0,199.0,8,1,2388.0
U006514,1592.0,199.0,8,1,2388.0
U014996,1592.0,199.0,8,1,2388.0
U025887,1592.0,199.0,8,1,2388.0
U014660,1592.0,199.0,8,1,2388.0
U014656,1592.0,199.0,8,1,2388.0
U015301,1592.0,199.0,8,1,2388.0
U019154,1592.0,199.0,8,1,2388.0
U022469,1592.0,199.0,8,1,2388.0
U011817,1592.0,199.0,8,1,2388.0
U003940,1592.0,199.0,8,1,2388.0
U005363,1592.0,199.0,8,1,2388.0
U022398,1592.0,199.0,8,1,2388.0
U021250,1592.0,199.0,8,1,2388.0
U008833,1592.0,199.0,8,1,2388.0
U020519,1592.0,199.0,8,1,2388.0
U022374,1592.0,199.0,8,1,2388.0
U015511,1592.0,199.0,8,1,2388.0
U012695,1592.0,199.0,8,1,2388.0
U014305,1592.0,199.0,8,1,2388.0
U026221,1592.0,199.0,8,1,2388.0
U022358,1592.0,199.0,8,1,2388.0
U026081,1592.0,199.0,8,1,2388.0
U015547,1592.0,199.0,8,1,2388.0
U016966,1592.0,199.0,8,1,2388.0
U014258,1592.0,199.0,8,1,2388.0
U014254,1592.0,199.0,8,1,2388.0
U022006,1592.0,199.0,8,1,2388.0
U011952,1592.0,199.0,8,1,2388.0
U020151,1592.0,199.0,8,1,2388.0
U011974,1592.0,199.0,8,1,2388.0
U019833,1592.0,199.0,8,1,2388.0
U021604,1580.0,79.0,20,1,948.0
U024454,1580.0,79.0,20,1,948.0
U028174,1580.0,79.0,20,1,948.0
U001936,1580.0,79.0,20,1,948.0
U001565,1580.0,79.0,20,1,948.0
U023937,1580.0,79.0,20,1,948.0
U026715,1580.0,79.0,20,1,948.0
U003509,1580.0,79.0,20,1,948.0
U009671,1580.0,79.0,20,1,948.0
U009134,1580.0,79.0,20,1,948.0
U026540,1580.0,79.0,20,1,948.0
U010051,1580.0,79.0,20,1,948.0
U024480,1580.0,79.0,20,1,948.0
U001112,1580.0,79.0,20,1,948.0
U028173,1580.0,79.0,20,1,948.0
U029027,1580.0,79.0,20,1,948.0
U020483,1580.0,79.0,20,1,948.0
U005935,1580.0,79.0,20,1,948.0
U000607,1580.0,79.0,20,1,948.0
U028152,1580.0,79.0,20,1,948.0
U025911,1580.0,79.0,20,1,948.0
U028747,1580.0,79.0,20,1,948.0
U017380,1580.0,79.0,20,1,948.0
U004383,1580.0,79.0,20,1,948.0
U012044,1580.0,79.0,20,1,948.0
U026109,1580.0,79.0,20,1,948.0
U023583,1580.0,79.0,20,1,948.0
U003289,1580.0,79.0,20,1,948.0
U005438,1580.0,79.0,20,1,948.0
U025981,1580.0,79.0,20,1,948.0
U016853,1580.0,79.0,20,1,948.0
U024014,1580.0,79.0,20,1,948.0
U011887,1580.0,79.0,20,1,948.0
U008077,1580.0,79.0,20,1,948.0
U009468,1580.0,79.0,20,1,948.0
U021782,1580.0,79.0,20,1,948.0
U000636,1580.0,79.0,20,1,948.0
U012633,1580.0,79.0,20,1,948.0
U004943,1580.0,79.0,20,1,948.0
U027444,1580.0,79.0,20,1,948.0
U003001,1580.0,79.0,20,1,948.0
U006543,1580.0,79.0,20,1,948.0
U017934,1580.0,79.0,20,1,948.0
U014020,1580.0,79.0,20,1,948.0
U017889,1580.0,79.0,20,1,948.0
U028745,1580.0,79.0,20,1,948.0
U018630,1580.0,79.0,20,1,948.0
U025892,1580.0,79.0,20,1,948.0
U022404,1580.0,79.0,20,1,948.0
U023624,1580.0,79.0,20,1,948.0
U012781,1580.0,79.0,20,1,948.0
U007796,1580.0,79.0,20,1,948.0
U029340,1580.0,79.0,20,1,948.0
U014008,1580.0,79.0,20,1,948.0
U020804,1580.0,79.0,20,1,948.0
U027284,1580.0,79.0,20,1,948.0
U028256,1580.0,79.0,20,1,948.0
U021111,1580.0,79.0,20,1,948.0
U018609,1580.0,79.0,20,1,948.0
U003581,1580.0,79.0,20,1,948.0
U004455,1580.0,79.0,20,1,948.0
U012161,1580.0,79.0,20,1,948.0
U018767,1580.0,79.0,20,1,948.0
U018103,1580.0,79.0,20,1,948.0
U015219,1580.0,79.0,20,1,948.0
U010942,1580.0,79.0,20,1,948.0
U015958,1580.0,79.0,20,1,948.0
U027968,1580.0,79.0,20,1,948.0
U006801,1580.0,79.0,20,1,948.0
U011162,1580.0,79.0,20,1,948.0
U024973,1580.0,79.0,20,1,948.0
U014130,1580.0,79.0,20,1,948.0
U001721,1580.0,79.0,20,1,948.0
U025253,1580.0,79.0,20,1,948.0
U025754,1580.0,79.0,20,1,948.0
U014621,1580.0,79.0,20,1,948.0
U014572,1580.0,79.0,20,1,948.0
U014881,1580.0,79.0,20,1,948.0
U009378,1580.0,79.0,20,1,948.0
U003060,1580.0,79.0,20,1,948.0
U027190,1580.0,79.0,20,1,948.0
U004041,1580.0,79.0,20,1,948.0
U008090,1580.0,79.0,20,1,948.0
U010931,1580.0,79.0,20,1,948.0
U014978,1580.0,79.0,20,1,948.0
U023842,1580.0,79.0,20,1,948.0
U016449,1580.0,79.0,20,1,948.0
U017821,1580.0,79.0,20,1,948.0
U004267,1580.0,79.0,20,1,948.0
U028044,1580.0,79.0,20,1,948.0
U002282,1580.0,79.0,20,1,948.0
U022820,1580.0,79.0,20,1,948.0
U026357,1580.0,79.0,20,1,948.0
U017130,1580.0,79.0,20,1,948.0
U001373,1580.0,79.0,20,1,948.0
U009074,1580.0,79.0,20,1,948.0
U027571,1580.0,79.0,20,1,948.0
U029386,1580.0,79.0,20,1,948.0
U029098,1580.0,79.0,20,1,948.0
U022718,1580.0,79.0,20,1,948.0
U007236,1580.0,79.0,20,1,948.0
U001354,1580.0,79.0,20,1,948.0
U002053,1580.0,79.0,20,1,948.0
U009334,1580.0,79.0,20,1,948.0
U028370,1580.0,79.0,20,1,948.0
U006243,1580.0,79.0,20,1,948.0
U002419,1580.0,79.0,20,1,948.0
U019882,1580.0,79.0,20,1,948.0
U011381,1580.0,79.0,20,1,948.0
U026509,1580.0,79.0,20,1,948.0
U002422,1580.0,79.0,20,1,948.0
U028415,1580.0,79.0,20,1,948.0
U004889,1580.0,79.0,20,1,948.0
U004625,1580.0,79.0,20,1,948.0
U024808,1580.0,79.0,20,1,948.0
U004484,1580.0,79.0,20,1,948.0
U002680,1580.0,79.0,20,1,948.0
U018868,1580.0,79.0,20,1,948.0
U028471,1580.0,79.0,20,1,948.0
U024422,1580.0,79.0,20,1,948.0
U000698,1580.0,79.0,20,1,948.0
U021501,1580.0,79.0,20,1,948.0
U001025,1580.0,79.0,20,1,948.0
U018399,1580.0,79.0,20,1,948.0
U023416,1580.0,79.0,20,1,948.0
U003220,1580.0,79.0,20,1,948.0
U020766,1580.0,79.0,20,1,948.0
U026937,1580.0,79.0,20,1,948.0
U000322,1580.0,79.0,20,1,948.0
U011439,1580.0,79.0,20,1,948.0
U004587,1580.0,79.0,20,1,948.0
U010740,1580.0,79.0,20,1,948.0
U015912,1580.0,79.0,20,1,948.0
U007215,1580.0,79.0,20,1,948.0
U025248,1580.0,79.0,20,1,948.0
U026858,1580.0,79.0,20,1,948.0
U028594,1580.0,79.0,20,1,948.0
U017041,1580.0,79.0,20,1,948.0
U021963,1580.0,79.0,20,1,948.0
U001276,1580.0,79.0,20,1,948.0
U027598,1580.0,79.0,20,1,948.0
U000159,1580.0,79.0,20,1,948.0
U008321,1580.0,79.0,20,1,948.0
U014137,1580.0,79.0,20,1,948.0
U011474,1580.0,79.0,20,1,948.0
U025613,1580.0,79.0,20,1,948.0
U007863,1580.0,79.0,20,1,948.0
U025615,1580.0,79.0,20,1,948.0
U003968,1580.0,79.0,20,1,948.0
U019501,1580.0,79.0,20,1,948.0
U028634,1580.0,79.0,20,1,948.0
U021302,1580.0,79.0,20,1,948.0
U014260,1580.0,79.0,20,1,948.0
U022517,1580.0,79.0,20,1,948.0
U016589,1580.0,79.0,20,1,948.0
U006377,1580.0,79.0,20,1,948.0
U011154,1580.0,79.0,20,1,948.0
U026228,1580.0,79.0,20,1,948.0
U005831,1580.0,79.0,20,1,948.0
U003316,1580.0,79.0,20,1,948.0
U009212,1580.0,79.0,20,1,948.0
U027639,1580.0,79.0,20,1,948.0
U003931,1580.0,79.0,20,1,948.0
U011750,1580.0,79.0,20,1,948.0
U010925,1580.0,79.0,20,1,948.0
U005545,1580.0,79.0,20,1,948.0
U005218,1580.0,79.0,20,1,948.0
U014264,1580.0,79.0,20,1,948.0
U025639,1580.0,79.0,20,1,948.0
U026799,1580.0,79.0,20,1,948.0
U022260,1580.0,79.0,20,1,948.0
U014286,1580.0,79.0,20,1,948.0
U004149,1580.0,79.0,20,1,948.0
U016517,1580.0,79.0,20,1,948.0
U019514,1580.0,79.0,20,1,948.0
U008575,1580.0,79.0,20,1,948.0
U014524,1580.0,79.0,20,1,948.0
U008125,1580.0,79.0,20,1,948.0
U026770,1580.0,79.0,20,1,948.0
U028654,1580.0,79.0,20,1,948.0
U017558,1580.0,79.0,20,1,948.0
U000230,1580.0,79.0,20,1,948.0
U008616,1580.0,79.0,20,1,948.0
U020358,1580.0,79.0,20,1,948.0
U021946,1580.0,79.0,20,1,948.0
U013624,1580.0,79.0,20,1,948.0
U003871,1580.0,79.0,20,1,948.0
U013345,1580.0,79.0,20,1,948.0
U003378,1580.0,79.0,20,1,948.0
U029796,1580.0,79.0,20,1,948.0
U004709,1501.0,79.0,19,1,948.0
U019278,1501.0,79.0,19,1,948.0
U004517,1501.0,79.0,19,1,948.0
U010203,1501.0,79.0,19,1,948.0
U004356,1501.0,79.0,19,1,948.0
U001555,1501.0,79.0,19,1,948.0
U002795,1501.0,79.0,19,1,948.0
U010632,1501.0,79.0,19,1,948.0
U029360,1501.0,79.0,19,1,948.0
U023925,1501.0,79.0,19,1,948.0
U005595,1501.0,79.0,19,1,948.0
U019290,1501.0,79.0,19,1,948.0
U006567,1501.0,79.0,19,1,948.0
U021529,1501.0,79.0,19,1,948.0
U027324,1501.0,79.0,19,1,948.0
U001519,1501.0,79.0,19,1,948.0
U010220,1501.0,79.0,19,1,948.0
U018066,1501.0,79.0,19,1,948.0
U011213,1501.0,79.0,19,1,948.0
U011057,1501.0,79.0,19,1,948.0
U017951,1501.0,79.0,19,1,948.0
U009479,1501.0,79.0,19,1,948.0
U012091,1501.0,79.0,19,1,948.0
U022288,1501.0,79.0,19,1,948.0
U028198,1501.0,79.0,19,1,948.0
U025437,1501.0,79.0,19,1,948.0
U018509,1501.0,79.0,19,1,948.0
U022788,1501.0,79.0,19,1,948.0
U029285,1501.0,79.0,19,1,948.0
U012122,1501.0,79.0,19,1,948.0
U000098,1501.0,79.0,19,1,948.0
U011172,1501.0,79.0,19,1,948.0
U009406,1501.0,79.0,19,1,948.0
U017175,1501.0,79.0,19,1,948.0
U007389,1501.0,79.0,19,1,948.0
U021602,1501.0,79.0,19,1,948.0
U029254,1501.0,79.0,19,1,948.0
U009387,1501.0,79.0,19,1,948.0
U024288,1501.0,79.0,19,1,948.0
U010538,1501.0,79.0,19,1,948.0
U022937,1501.0,79.0,19,1,948.0
U022936,1501.0,79.0,19,1,948.0
U025505,1501.0,79.0,19,1,948.0
U023839,1501.0,79.0,19,1,948.0
U012216,1501.0,79.0,19,1,948.0
U002217,1501.0,79.0,19,1,948.0
U001368,1501.0,79.0,19,1,948.0
U019405,1501.0,79.0,19,1,948.0
U009317,1501.0,79.0,19,1,948.0
U018792,1501.0,79.0,19,1,948.0
U017090,1501.0,79.0,19,1,948.0
U028791,1501.0,79.0,19,1,948.0
U012336,1501.0,79.0,19,1,948.0
U025358,1501.0,79.0,19,1,948.0
U014221,1501.0,79.0,19,1,948.0
U009535,1501.0,79.0,19,1,948.0
U020406,1501.0,79.0,19,1,948.0
U017033,1501.0,79.0,19,1,948.0
U017363,1501.0,79.0,19,1,948.0
U025344,1501.0,79.0,19,1,948.0
U009224,1501.0,79.0,19,1,948.0
U004176,1501.0,79.0,19,1,948.0
U009211,1501.0,79.0,19,1,948.0
U023746,1501.0,79.0,19,1,948.0
U009207,1501.0,79.0,19,1,948.0
U012447,1501.0,79.0,19,1,948.0
U008037,1501.0,79.0,19,1,948.0
U016947,1501.0,79.0,19,1,948.0
U012476,1501.0,79.0,19,1,948.0
U027612,1501.0,79.0,19,1,948.0
U000397,1501.0,79.0,19,1,948.0
U025673,1501.0,79.0,19,1,948.0
U015508,1501.0,79.0,19,1,948.0
U009159,1501.0,79.0,19,1,948.0
U012563,1501.0,79.0,19,1,948.0
U023085,1501.0,79.0,19,1,948.0
U005457,1501.0,79.0,19,1,948.0
U020522,1501.0,79.0,19,1,948.0
U019231,1501.0,79.0,19,1,948.0
U001095,1501.0,79.0,19,1,948.0
U005437,1501.0,79.0,19,1,948.0
U006668,1501.0,79.0,19,1,948.0
U007821,1501.0,79.0,19,1,948.0
U001068,1501.0,79.0,19,1,948.0
U007820,1501.0,79.0,19,1,948.0
U007818,1501.0,79.0,19,1,948.0
U013695,1501.0,79.0,19,1,948.0
U009085,1501.0,79.0,19,1,948.0
U005407,1501.0,79.0,19,1,948.0
U006682,1501.0,79.0,19,1,948.0
U022418,1501.0,79.0,19,1,948.0
U005389,1501.0,79.0,19,1,948.0
U020076,1501.0,79.0,19,1,948.0
U011827,1501.0,79.0,19,1,948.0
U004221,1501.0,79.0,19,1,948.0
U008986,1501.0,79.0,19,1,948.0
U019695,1501.0,79.0,19,1,948.0
U012745,1501.0,79.0,19,1,948.0
U003403,1501.0,79.0,19,1,948.0
U003872,1501.0,79.0,19,1,948.0
U013756,1501.0,79.0,19,1,948.0
U003396,1501.0,79.0,19,1,948.0
U014546,1501.0,79.0,19,1,948.0
U010459,1501.0,79.0,19,1,948.0
U006152,1501.0,79.0,19,1,948.0
U025864,1501.0,79.0,19,1,948.0
U018805,1501.0,79.0,19,1,948.0
U001781,1501.0,79.0,19,1,948.0
U000903,1501.0,79.0,19,1,948.0
U016694,1501.0,79.0,19,1,948.0
U015131,1501.0,79.0,19,1,948.0
U029735,1501.0,79.0,19,1,948.0
U006980,1501.0,79.0,19,1,948.0
U014622,1501.0,79.0,19,1,948.0
U025198,1501.0,79.0,19,1,948.0
U027820,1501.0,79.0,19,1,948.0
U008337,1501.0,79.0,19,1,948.0
U027927,1501.0,79.0,19,1,948.0
U025918,1501.0,79.0,19,1,948.0
U015272,1501.0,79.0,19,1,948.0
U006728,1501.0,79.0,19,1,948.0
U014654,1501.0,79.0,19,1,948.0
U021395,1501.0,79.0,19,1,948.0
U024045,1501.0,79.0,19,1,948.0
U001831,1501.0,79.0,19,1,948.0
U028668,1501.0,79.0,19,1,948.0
U005257,1501.0,79.0,19,1,948.0
U014710,1501.0,79.0,19,1,948.0
U025153,1501.0,79.0,19,1,948.0
U013067,1501.0,79.0,19,1,948.0
U011659,1501.0,79.0,19,1,948.0
U003994,1501.0,79.0,19,1,948.0
U014751,1501.0,79.0,19,1,948.0
U003328,1501.0,79.0,19,1,948.0
U019089,1501.0,79.0,19,1,948.0
U013074,1501.0,79.0,19,1,948.0
U025125,1501.0,79.0,19,1,948.0
U021973,1501.0,79.0,19,1,948.0
U001882,1501.0,79.0,19,1,948.0
U022564,1501.0,79.0,19,1,948.0
U022565,1501.0,79.0,19,1,948.0
U000682,1501.0,79.0,19,1,948.0
U014812,1501.0,79.0,19,1,948.0
U004045,1501.0,79.0,19,1,948.0
U000658,1501.0,79.0,19,1,948.0
U013215,1501.0,79.0,19,1,948.0
U013219,1501.0,79.0,19,1,948.0
U027658,1501.0,79.0,19,1,948.0
U016367,1501.0,79.0,19,1,948.0
U017659,1501.0,79.0,19,1,948.0
U016343,1501.0,79.0,19,1,948.0
U005923,1501.0,79.0,19,1,948.0
U019043,1501.0,79.0,19,1,948.0
U013344,1501.0,79.0,19,1,948.0
U005149,1501.0,79.0,19,1,948.0
U026742,1501.0,79.0,19,1,948.0
U013451,1501.0,79.0,19,1,948.0
U017710,1501.0,79.0,19,1,948.0
U011115,1501.0,79.0,19,1,948.0
U023447,1501.0,79.0,19,1,948.0
U009859,1501.0,79.0,19,1,948.0
U026812,1501.0,79.0,19,1,948.0
U029517,1501.0,79.0,19,1,948.0
U026821,1501.0,79.0,19,1,948.0
U013546,1501.0,79.0,19,1,948.0
U013559,1501.0,79.0,19,1,948.0
U023195,1501.0,79.0,19,1,948.0
U026427,1501.0,79.0,19,1,948.0
U020922,1501.0,79.0,19,1,948.0
U017717,1501.0,79.0,19,1,948.0
U018270,1501.0,79.0,19,1,948.0
U018269,1501.0,79.0,19,1,948.0
U024371,1501.0,79.0,19,1,948.0
U008330,1501.0,79.0,19,1,948.0
U005090,1501.0,79.0,19,1,948.0
U029480,1501.0,79.0,19,1,948.0
U017728,1501.0,79.0,19,1,948.0
U010326,1501.0,79.0,19,1,948.0
U002470,1501.0,79.0,19,1,948.0
U024707,1501.0,79.0,19,1,948.0
U006866,1501.0,79.0,19,1,948.0
U022271,1501.0,79.0,19,1,948.0
U000147,1501.0,79.0,19,1,948.0
U011050,1501.0,79.0,19,1,948.0
U026960,1501.0,79.0,19,1,948.0
U020690,1501.0,79.0,19,1,948.0
U007278,1501.0,79.0,19,1,948.0
U007279,1501.0,79.0,19,1,948.0
U027003,1501.0,79.0,19,1,948.0
U020696,1501.0,79.0,19,1,948.0
U009910,1501.0,79.0,19,1,948.0
U010283,1501.0,79.0,19,1,948.0
U027078,1501.0,79.0,19,1,948.0
U005620,1501.0,79.0,19,1,948.0
U018612,1501.0,79.0,19,1,948.0
U010270,1501.0,79.0,19,1,948.0
U028387,1501.0,79.0,19,1,948.0
U024601,1501.0,79.0,19,1,948.0
U027092,1501.0,79.0,19,1,948.0
U015793,1501.0,79.0,19,1,948.0
U007283,1501.0,79.0,19,1,948.0
U002082,1501.0,79.0,19,1,948.0
U017827,1501.0,79.0,19,1,948.0
U024263,1501.0,79.0,19,1,948.0
U027251,1501.0,79.0,19,1,948.0
U018545,1501.0,79.0,19,1,948.0
U013987,1501.0,79.0,19,1,948.0
U027264,1501.0,79.0,19,1,948.0
U004983,1501.0,79.0,19,1,948.0
U020026,1501.0,79.0,19,1,948.0
U024323,1501.0,79.0,19,1,948.0
U018932,1501.0,79.0,19,1,948.0
U028262,1501.0,79.0,19,1,948.0
U011291,1501.0,79.0,19,1,948.0
U011289,1501.0,79.0,19,1,948.0
U004711,1422.0,79.0,18,1,948.0
U020482,1422.0,79.0,18,1,948.0
U025401,1422.0,79.0,18,1,948.0
U028143,1422.0,79.0,18,1,948.0
U028139,1422.0,79.0,18,1,948.0
U002189,1422.0,79.0,18,1,948.0
U006291,1422.0,79.0,18,1,948.0
U029572,1422.0,79.0,18,1,948.0
U003881,1422.0,79.0,18,1,948.0
U025884,1422.0,79.0,18,1,948.0
U029927,1422.0,79.0,18,1,948.0
U003775,1422.0,79.0,18,1,948.0
U005154,1422.0,79.0,18,1,948.0
U001940,1422.0,79.0,18,1,948.0
U011660,1422.0,79.0,18,1,948.0
U000392,1422.0,79.0,18,1,948.0
U002793,1422.0,79.0,18,1,948.0
U026408,1422.0,79.0,18,1,948.0
U014639,1422.0,79.0,18,1,948.0
U019946,1422.0,79.0,18,1,948.0
U024236,1422.0,79.0,18,1,948.0
U029554,1422.0,79.0,18,1,948.0
U020651,1422.0,79.0,18,1,948.0
U001929,1422.0,79.0,18,1,948.0
U004843,1422.0,79.0,18,1,948.0
U001950,1422.0,79.0,18,1,948.0
U015513,1422.0,79.0,18,1,948.0
U016250,1422.0,79.0,18,1,948.0
U017680,1422.0,79.0,18,1,948.0
U021311,1422.0,79.0,18,1,948.0
U023297,1422.0,79.0,18,1,948.0
U011484,1422.0,79.0,18,1,948.0
U005549,1422.0,79.0,18,1,948.0
U011774,1422.0,79.0,18,1,948.0
U021482,1422.0,79.0,18,1,948.0
U025898,1422.0,79.0,18,1,948.0
U022077,1422.0,79.0,18,1,948.0
U016672,1422.0,79.0,18,1,948.0
U026422,1422.0,79.0,18,1,948.0
U011930,1422.0,79.0,18,1,948.0
U012438,1422.0,79.0,18,1,948.0
U001965,1422.0,79.0,18,1,948.0
U015244,1422.0,79.0,18,1,948.0
U021835,1422.0,79.0,18,1,948.0
U019789,1422.0,79.0,18,1,948.0
U020012,1422.0,79.0,18,1,948.0
U022474,1422.0,79.0,18,1,948.0
U021833,1422.0,79.0,18,1,948.0
U029516,1422.0,79.0,18,1,948.0
U002559,1422.0,79.0,18,1,948.0
U008121,1422.0,79.0,18,1,948.0
U030000,1422.0,79.0,18,1,948.0
U025212,1422.0,79.0,18,1,948.0
U005222,1422.0,79.0,18,1,948.0
U006370,1422.0,79.0,18,1,948.0
U012413,1422.0,79.0,18,1,948.0
U014839,1422.0,79.0,18,1,948.0
U014763,1422.0,79.0,18,1,948.0
U007204,1422.0,79.0,18,1,948.0
U006211,1422.0,79.0,18,1,948.0
U019484,1422.0,79.0,18,1,948.0
U022553,1422.0,79.0,18,1,948.0
U020023,1422.0,79.0,18,1,948.0
U022442,1422.0,79.0,18,1,948.0
U018588,1422.0,79.0,18,1,948.0
U020398,1422.0,79.0,18,1,948.0
U015386,1422.0,79.0,18,1,948.0
U020403,1422.0,79.0,18,1,948.0
U012702,1422.0,79.0,18,1,948.0
U014580,1422.0,79.0,18,1,948.0
U017052,1422.0,79.0,18,1,948.0
U014784,1422.0,79.0,18,1,948.0
U021814,1422.0,79.0,18,1,948.0
U020885,1422.0,79.0,18,1,948.0
U024634,1422.0,79.0,18,1,948.0
U015084,1422.0,79.0,18,1,948.0
U007183,1422.0,79.0,18,1,948.0
U013584,1422.0,79.0,18,1,948.0
U024074,1422.0,79.0,18,1,948.0
U001298,1422.0,79.0,18,1,948.0
U008515,1422.0,79.0,18,1,948.0
U006861,1422.0,79.0,18,1,948.0
U008739,1422.0,79.0,18,1,948.0
U029478,1422.0,79.0,18,1,948.0
U026903,1422.0,79.0,18,1,948.0
U015109,1422.0,79.0,18,1,948.0
U018245,1422.0,79.0,18,1,948.0
U011586,1422.0,79.0,18,1,948.0
U015412,1422.0,79.0,18,1,948.0
U015300,1422.0,79.0,18,1,948.0
U017749,1422.0,79.0,18,1,948.0
U009533,1422.0,79.0,18,1,948.0
U010302,1422.0,79.0,18,1,948.0
U010756,1422.0,79.0,18,1,948.0
U005066,1422.0,79.0,18,1,948.0
U029611,1422.0,79.0,18,1,948.0
U002014,1422.0,79.0,18,1,948.0
U028496,1422.0,79.0,18,1,948.0
U025578,1422.0,79.0,18,1,948.0
U008794,1422.0,79.0,18,1,948.0
U029425,1422.0,79.0,18,1,948.0
U017325,1422.0,79.0,18,1,948.0
U029825,1422.0,79.0,18,1,948.0
U025572,1422.0,79.0,18,1,948.0
U002945,1422.0,79.0,18,1,948.0
U000215,1422.0,79.0,18,1,948.0
U001576,1422.0,79.0,18,1,948.0
U020758,1422.0,79.0,18,1,948.0
U007040,1422.0,79.0,18,1,948.0
U021806,1422.0,79.0,18,1,948.0
U012908,1422.0,79.0,18,1,948.0
U012940,1422.0,79.0,18,1,948.0
U022906,1422.0,79.0,18,1,948.0
U029155,1422.0,79.0,18,1,948.0
U011404,1422.0,79.0,18,1,948.0
U028417,1422.0,79.0,18,1,948.0
U020637,1422.0,79.0,18,1,948.0
U007085,1422.0,79.0,18,1,948.0
U018554,1422.0,79.0,18,1,948.0
U011012,1422.0,79.0,18,1,948.0
U018581,1422.0,79.0,18,1,948.0
U023515,1422.0,79.0,18,1,948.0
U028410,1422.0,79.0,18,1,948.0
U015893,1422.0,79.0,18,1,948.0
U026825,1422.0,79.0,18,1,948.0
U017782,1422.0,79.0,18,1,948.0
U002863,1422.0,79.0,18,1,948.0
U006143,1422.0,79.0,18,1,948.0
U007149,1422.0,79.0,18,1,948.0
U012270,1422.0,79.0,18,1,948.0
U022295,1422.0,79.0,18,1,948.0
U029121,1422.0,79.0,18,1,948.0
U014425,1422.0,79.0,18,1,948.0
U013861,1422.0,79.0,18,1,948.0
U000921,1422.0,79.0,18,1,948.0
U028380,1422.0,79.0,18,1,948.0
U023314,1422.0,79.0,18,1,948.0
U014054,1422.0,79.0,18,1,948.0
U018123,1422.0,79.0,18,1,948.0
U022314,1422.0,79.0,18,1,948.0
U017793,1422.0,79.0,18,1,948.0
U020821,1422.0,79.0,18,1,948.0
U012253,1422.0,79.0,18,1,948.0
U015781,1422.0,79.0,18,1,948.0
U015021,1422.0,79.0,18,1,948.0
U005330,1422.0,79.0,18,1,948.0
U029383,1422.0,79.0,18,1,948.0
U001756,1422.0,79.0,18,1,948.0
U028326,1422.0,79.0,18,1,948.0
U001392,1422.0,79.0,18,1,948.0
U025503,1422.0,79.0,18,1,948.0
U007609,1422.0,79.0,18,1,948.0
U011863,1422.0,79.0,18,1,948.0
U011879,1422.0,79.0,18,1,948.0
U009956,1422.0,79.0,18,1,948.0
U018127,1422.0,79.0,18,1,948.0
U002802,1422.0,79.0,18,1,948.0
U024461,1422.0,79.0,18,1,948.0
U016377,1422.0,79.0,18,1,948.0
U010178,1422.0,79.0,18,1,948.0
U006725,1422.0,79.0,18,1,948.0
U019348,1422.0,79.0,18,1,948.0
U004670,1422.0,79.0,18,1,948.0
U013281,1422.0,79.0,18,1,948.0
U004065,1422.0,79.0,18,1,948.0
U027917,1422.0,79.0,18,1,948.0
U020756,1422.0,79.0,18,1,948.0
U002550,1422.0,79.0,18,1,948.0
U014869,1422.0,79.0,18,1,948.0
U020968,1422.0,79.0,18,1,948.0
U024214,1422.0,79.0,18,1,948.0
U010655,1422.0,79.0,18,1,948.0
U001845,1422.0,79.0,18,1,948.0
U016850,1422.0,79.0,18,1,948.0
U010186,1422.0,79.0,18,1,948.0
U020989,1422.0,79.0,18,1,948.0
U009596,1422.0,79.0,18,1,948.0
U009119,1422.0,79.0,18,1,948.0
U013638,1422.0,79.0,18,1,948.0
U022597,1422.0,79.0,18,1,948.0
U029272,1422.0,79.0,18,1,948.0
U010973,1422.0,79.0,18,1,948.0
U007638,1422.0,79.0,18,1,948.0
U010601,1422.0,79.0,18,1,948.0
U027664,1422.0,79.0,18,1,948.0
U001484,1422.0,79.0,18,1,948.0
U016870,1422.0,79.0,18,1,948.0
U017211,1422.0,79.0,18,1,948.0
U007913,1422.0,79.0,18,1,948.0
U024768,1422.0,79.0,18,1,948.0
U019240,1422.0,79.0,18,1,948.0
U027337,1422.0,79.0,18,1,948.0
U004527,1422.0,79.0,18,1,948.0
U014729,1422.0,79.0,18,1,948.0
U025428,1422.0,79.0,18,1,948.0
U004354,1422.0,79.0,18,1,948.0
U003148,1422.0,79.0,18,1,948.0
U024488,1422.0,79.0,18,1,948.0
U014831,1422.0,79.0,18,1,948.0
U018736,1422.0,79.0,18,1,948.0
U021716,1393.0,199.0,7,1,2388.0
U002826,1393.0,199.0,7,1,2388.0
U018822,1393.0,199.0,7,1,2388.0
U004814,1393.0,199.0,7,1,2388.0
U021041,1393.0,199.0,7,1,2388.0
U008767,1393.0,199.0,7,1,2388.0
U027790,1393.0,199.0,7,1,2388.0
U000020,1393.0,199.0,7,1,2388.0
U017308,1393.0,199.0,7,1,2388.0
U015670,1393.0,199.0,7,1,2388.0
U003088,1393.0,199.0,7,1,2388.0
U029208,1393.0,199.0,7,1,2388.0
U000067,1393.0,199.0,7,1,2388.0
U007002,1393.0,199.0,7,1,2388.0
U018892,1393.0,199.0,7,1,2388.0
U017954,1393.0,199.0,7,1,2388.0
U027467,1393.0,199.0,7,1,2388.0
U003134,1393.0,199.0,7,1,2388.0
U004924,1393.0,199.0,7,1,2388.0
U010018,1393.0,199.0,7,1,2388.0
U029314,1393.0,199.0,7,1,2388.0
U014012,1393.0,199.0,7,1,2388.0
U013995,1393.0,199.0,7,1,2388.0
U027214,1393.0,199.0,7,1,2388.0
U027200,1393.0,199.0,7,1,2388.0
U024160,1393.0,199.0,7,1,2388.0
U017808,1393.0,199.0,7,1,2388.0
U025012,1393.0,199.0,7,1,2388.0
U023887,1393.0,199.0,7,1,2388.0
U026981,1393.0,199.0,7,1,2388.0
U005061,1393.0,199.0,7,1,2388.0
U029438,1393.0,199.0,7,1,2388.0
U000168,1393.0,199.0,7,1,2388.0
U024089,1393.0,199.0,7,1,2388.0
U019341,1393.0,199.0,7,1,2388.0
U018531,1393.0,199.0,7,1,2388.0
U025096,1393.0,199.0,7,1,2388.0
U011579,1393.0,199.0,7,1,2388.0
U005213,1393.0,199.0,7,1,2388.0
U018334,1393.0,199.0,7,1,2388.0
U018323,1393.0,199.0,7,1,2388.0
U029635,1393.0,199.0,7,1,2388.0
U003338,1393.0,199.0,7,1,2388.0
U025182,1393.0,199.0,7,1,2388.0
U025184,1393.0,199.0,7,1,2388.0
U014652,1393.0,199.0,7,1,2388.0
U003364,1393.0,199.0,7,1,2388.0
U017484,1393.0,199.0,7,1,2388.0
U009698,1393.0,199.0,7,1,2388.0
U000276,1393.0,199.0,7,1,2388.0
U006715,1393.0,199.0,7,1,2388.0
U022448,1393.0,199.0,7,1,2388.0
U007804,1393.0,199.0,7,1,2388.0
U005380,1393.0,199.0,7,1,2388.0
U024003,1393.0,199.0,7,1,2388.0
U016027,1393.0,199.0,7,1,2388.0
U011884,1393.0,199.0,7,1,2388.0
U029897,1393.0,199.0,7,1,2388.0
U005502,1393.0,199.0,7,1,2388.0
U005526,1393.0,199.0,7,1,2388.0
U000440,1393.0,199.0,7,1,2388.0
U001322,1393.0,199.0,7,1,2388.0
U012381,1393.0,199.0,7,1,2388.0
U003698,1393.0,199.0,7,1,2388.0
U006371,1393.0,199.0,7,1,2388.0
U006340,1393.0,199.0,7,1,2388.0
U003774,1393.0,199.0,7,1,2388.0
U016872,1393.0,199.0,7,1,2388.0
U001060,1393.0,199.0,7,1,2388.0
U006255,1393.0,199.0,7,1,2388.0
U003826,1393.0,199.0,7,1,2388.0
U001006,1393.0,199.0,7,1,2388.0
U008946,1393.0,199.0,7,1,2388.0
U012767,1393.0,199.0,7,1,2388.0
U012836,1393.0,199.0,7,1,2388.0
U000911,1393.0,199.0,7,1,2388.0
U012863,1393.0,199.0,7,1,2388.0
U000853,1393.0,199.0,7,1,2388.0
U003946,1393.0,199.0,7,1,2388.0
U006003,1393.0,199.0,7,1,2388.0
U016432,1393.0,199.0,7,1,2388.0
U000622,1393.0,199.0,7,1,2388.0
U013285,1393.0,199.0,7,1,2388.0
U000597,1393.0,199.0,7,1,2388.0
U013305,1393.0,199.0,7,1,2388.0
U005930,1393.0,199.0,7,1,2388.0
U008346,1393.0,199.0,7,1,2388.0
U007336,1393.0,199.0,7,1,2388.0
U013470,1393.0,199.0,7,1,2388.0
U008532,1393.0,199.0,7,1,2388.0
U013561,1393.0,199.0,7,1,2388.0
U010835,1393.0,199.0,7,1,2388.0
U008327,1393.0,199.0,7,1,2388.0
U004603,1393.0,199.0,7,1,2388.0
U028888,1393.0,199.0,7,1,2388.0
U028469,1393.0,199.0,7,1,2388.0
U010285,1393.0,199.0,7,1,2388.0
U024331,1393.0,199.0,7,1,2388.0
U028314,1393.0,199.0,7,1,2388.0
U028300,1393.0,199.0,7,1,2388.0
U021131,1393.0,199.0,7,1,2388.0
U028122,1393.0,199.0,7,1,2388.0
U029088,1393.0,199.0,7,1,2388.0
U022932,1393.0,199.0,7,1,2388.0
U010151,1393.0,199.0,7,1,2388.0
U001568,1343.0,79.0,17,1,948.0
U006593,1343.0,79.0,17,1,948.0
U024862,1343.0,79.0,17,1,948.0
U000889,1343.0,79.0,17,1,948.0
U008159,1343.0,79.0,17,1,948.0
U018232,1343.0,79.0,17,1,948.0
U025384,1343.0,79.0,17,1,948.0
U008569,1343.0,79.0,17,1,948.0
U013798,1343.0,79.0,17,1,948.0
U023115,1343.0,79.0,17,1,948.0
U011058,1343.0,79.0,17,1,948.0
U015082,1343.0,79.0,17,1,948.0
U015891,1343.0,79.0,17,1,948.0
U003538,1343.0,79.0,17,1,948.0
U011510,1343.0,79.0,17,1,948.0
U016427,1343.0,79.0,17,1,948.0
U022492,1343.0,79.0,17,1,948.0
U018631,1343.0,79.0,17,1,948.0
U000576,1343.0,79.0,17,1,948.0
U025441,1343.0,79.0,17,1,948.0
U026936,1343.0,79.0,17,1,948.0
U015102,1343.0,79.0,17,1,948.0
U001946,1343.0,79.0,17,1,948.0
U012126,1343.0,79.0,17,1,948.0
U006722,1343.0,79.0,17,1,948.0
U012895,1343.0,79.0,17,1,948.0
U011116,1343.0,79.0,17,1,948.0
U012152,1343.0,79.0,17,1,948.0
U028872,1343.0,79.0,17,1,948.0
U012165,1343.0,79.0,17,1,948.0
U008858,1343.0,79.0,17,1,948.0
U001429,1343.0,79.0,17,1,948.0
U020443,1343.0,79.0,17,1,948.0
U015274,1343.0,79.0,17,1,948.0
U012937,1343.0,79.0,17,1,948.0
U014115,1343.0,79.0,17,1,948.0
U027707,1343.0,79.0,17,1,948.0
U010570,1343.0,79.0,17,1,948.0
U022850,1343.0,79.0,17,1,948.0
U018358,1343.0,79.0,17,1,948.0
U012223,1343.0,79.0,17,1,948.0
U001386,1343.0,79.0,17,1,948.0
U003626,1343.0,79.0,17,1,948.0
U025527,1343.0,79.0,17,1,948.0
U017527,1343.0,79.0,17,1,948.0
U012996,1343.0,79.0,17,1,948.0
U020213,1343.0,79.0,17,1,948.0
U011748,1343.0,79.0,17,1,948.0
U026619,1343.0,79.0,17,1,948.0
U026530,1343.0,79.0,17,1,948.0
U006450,1343.0,79.0,17,1,948.0
U020931,1343.0,79.0,17,1,948.0
U000154,1343.0,79.0,17,1,948.0
U021927,1343.0,79.0,17,1,948.0
U018266,1343.0,79.0,17,1,948.0
U026376,1343.0,79.0,17,1,948.0
U007978,1343.0,79.0,17,1,948.0
U018869,1343.0,79.0,17,1,948.0
U024870,1343.0,79.0,17,1,948.0
U029226,1343.0,79.0,17,1,948.0
U027692,1343.0,79.0,17,1,948.0
U020115,1343.0,79.0,17,1,948.0
U012310,1343.0,79.0,17,1,948.0
U008429,1343.0,79.0,17,1,948.0
U016133,1343.0,79.0,17,1,948.0
U018878,1343.0,79.0,17,1,948.0
U013577,1343.0,79.0,17,1,948.0
U021662,1343.0,79.0,17,1,948.0
U014909,1343.0,79.0,17,1,948.0
U012335,1343.0,79.0,17,1,948.0
U012342,1343.0,79.0,17,1,948.0
U004772,1343.0,79.0,17,1,948.0
U018061,1343.0,79.0,17,1,948.0
U025580,1343.0,79.0,17,1,948.0
U019457,1343.0,79.0,17,1,948.0
U013591,1343.0,79.0,17,1,948.0
U021147,1343.0,79.0,17,1,948.0
U025347,1343.0,79.0,17,1,948.0
U011006,1343.0,79.0,17,1,948.0
U001224,1343.0,79.0,17,1,948.0
U009218,1343.0,79.0,17,1,948.0
U022934,1343.0,79.0,17,1,948.0
U016965,1343.0,79.0,17,1,948.0
U001830,1343.0,79.0,17,1,948.0
U014279,1343.0,79.0,17,1,948.0
U024448,1343.0,79.0,17,1,948.0
U008036,1343.0,79.0,17,1,948.0
U028704,1343.0,79.0,17,1,948.0
U022292,1343.0,79.0,17,1,948.0
U018936,1343.0,79.0,17,1,948.0
U020142,1343.0,79.0,17,1,948.0
U003739,1343.0,79.0,17,1,948.0
U028062,1343.0,79.0,17,1,948.0
U002699,1343.0,79.0,17,1,948.0
U023973,1343.0,79.0,17,1,948.0
U024893,1343.0,79.0,17,1,948.0
U016892,1343.0,79.0,17,1,948.0
U022373,1343.0,79.0,17,1,948.0
U025693,1343.0,79.0,17,1,948.0
U004431,1343.0,79.0,17,1,948.0
U026266,1343.0,79.0,17,1,948.0
U013925,1343.0,79.0,17,1,948.0
U016362,1343.0,79.0,17,1,948.0
U010419,1343.0,79.0,17,1,948.0
U029913,1343.0,79.0,17,1,948.0
U015468,1343.0,79.0,17,1,948.0
U029501,1343.0,79.0,17,1,948.0
U011891,1343.0,79.0,17,1,948.0
U006286,1343.0,79.0,17,1,948.0
U024264,1343.0,79.0,17,1,948.0
U012617,1343.0,79.0,17,1,948.0
U022839,1343.0,79.0,17,1,948.0
U019840,1343.0,79.0,17,1,948.0
U001079,1343.0,79.0,17,1,948.0
U014404,1343.0,79.0,17,1,948.0
U028111,1343.0,79.0,17,1,948.0
U006007,1343.0,79.0,17,1,948.0
U013673,1343.0,79.0,17,1,948.0
U001679,1343.0,79.0,17,1,948.0
U012644,1343.0,79.0,17,1,948.0
U029030,1343.0,79.0,17,1,948.0
U021452,1343.0,79.0,17,1,948.0
U020132,1343.0,79.0,17,1,948.0
U001843,1343.0,79.0,17,1,948.0
U006262,1343.0,79.0,17,1,948.0
U018433,1343.0,79.0,17,1,948.0
U011090,1343.0,79.0,17,1,948.0
U029846,1343.0,79.0,17,1,948.0
U006981,1343.0,79.0,17,1,948.0
U014437,1343.0,79.0,17,1,948.0
U021797,1343.0,79.0,17,1,948.0
U016555,1343.0,79.0,17,1,948.0
U017936,1343.0,79.0,17,1,948.0
U027391,1343.0,79.0,17,1,948.0
U012666,1343.0,79.0,17,1,948.0
U020613,1343.0,79.0,17,1,948.0
U018908,1343.0,79.0,17,1,948.0
U012669,1343.0,79.0,17,1,948.0
U022614,1343.0,79.0,17,1,948.0
U029828,1343.0,79.0,17,1,948.0
U012686,1343.0,79.0,17,1,948.0
U013383,1343.0,79.0,17,1,948.0
U011246,1343.0,79.0,17,1,948.0
U011251,1343.0,79.0,17,1,948.0
U010957,1343.0,79.0,17,1,948.0
U024930,1343.0,79.0,17,1,948.0
U018816,1343.0,79.0,17,1,948.0
U004351,1343.0,79.0,17,1,948.0
U029017,1343.0,79.0,17,1,948.0
U023550,1343.0,79.0,17,1,948.0
U001726,1343.0,79.0,17,1,948.0
U003335,1343.0,79.0,17,1,948.0
U018622,1343.0,79.0,17,1,948.0
U020549,1343.0,79.0,17,1,948.0
U006241,1343.0,79.0,17,1,948.0
U017872,1343.0,79.0,17,1,948.0
U018337,1343.0,79.0,17,1,948.0
U020907,1343.0,79.0,17,1,948.0
U007047,1343.0,79.0,17,1,948.0
U028249,1343.0,79.0,17,1,948.0
U018426,1343.0,79.0,17,1,948.0
U003167,1343.0,79.0,17,1,948.0
U020906,1343.0,79.0,17,1,948.0
U014458,1343.0,79.0,17,1,948.0
U014754,1343.0,79.0,17,1,948.0
U017421,1343.0,79.0,17,1,948.0
U024967,1343.0,79.0,17,1,948.0
U007298,1343.0,79.0,17,1,948.0
U029814,1343.0,79.0,17,1,948.0
U024856,1343.0,79.0,17,1,948.0
U017552,1343.0,79.0,17,1,948.0
U008520,1343.0,79.0,17,1,948.0
U026423,1343.0,79.0,17,1,948.0
U002627,1343.0,79.0,17,1,948.0
U010669,1343.0,79.0,17,1,948.0
U000452,1343.0,79.0,17,1,948.0
U024975,1343.0,79.0,17,1,948.0
U014470,1343.0,79.0,17,1,948.0
U016021,1343.0,79.0,17,1,948.0
U004146,1343.0,79.0,17,1,948.0
U017847,1343.0,79.0,17,1,948.0
U029644,1343.0,79.0,17,1,948.0
U015398,1343.0,79.0,17,1,948.0
U007594,1343.0,79.0,17,1,948.0
U020647,1343.0,79.0,17,1,948.0
U029802,1343.0,79.0,17,1,948.0
U016175,1343.0,79.0,17,1,948.0
U018697,1343.0,79.0,17,1,948.0
U005370,1343.0,79.0,17,1,948.0
U027871,1343.0,79.0,17,1,948.0
U009652,1343.0,79.0,17,1,948.0
U008385,1343.0,79.0,17,1,948.0
U022012,1343.0,79.0,17,1,948.0
U016463,1343.0,79.0,17,1,948.0
U023214,1343.0,79.0,17,1,948.0
U016773,1343.0,79.0,17,1,948.0
U010928,1343.0,79.0,17,1,948.0
U008959,1343.0,79.0,17,1,948.0
U023632,1343.0,79.0,17,1,948.0
U005012,1343.0,79.0,17,1,948.0
U007657,1343.0,79.0,17,1,948.0
U019274,1343.0,79.0,17,1,948.0
U029183,1343.0,79.0,17,1,948.0
U027744,1343.0,79.0,17,1,948.0
U010391,1343.0,79.0,17,1,948.0
U000486,1343.0,79.0,17,1,948.0
U024677,1343.0,79.0,17,1,948.0
U023090,1343.0,79.0,17,1,948.0
U012766,1343.0,79.0,17,1,948.0
U011596,1343.0,79.0,17,1,948.0
U028357,1343.0,79.0,17,1,948.0
U028943,1343.0,79.0,17,1,948.0
U007517,1343.0,79.0,17,1,948.0
U005725,1343.0,79.0,17,1,948.0
U024744,1343.0,79.0,17,1,948.0
U028394,1343.0,79.0,17,1,948.0
U004475,1343.0,79.0,17,1,948.0
U023294,1343.0,79.0,17,1,948.0
U013455,1343.0,79.0,17,1,948.0
U017767,1343.0,79.0,17,1,948.0
U001749,1343.0,79.0,17,1,948.0
U015066,1343.0,79.0,17,1,948.0
U004479,1343.0,79.0,17,1,948.0
U010908,1343.0,79.0,17,1,948.0
U005721,1343.0,79.0,17,1,948.0
U012768,1343.0,79.0,17,1,948.0
U027060,1343.0,79.0,17,1,948.0
U015167,1343.0,79.0,17,1,948.0
U025240,1343.0,79.0,17,1,948.0
U008916,1343.0,79.0,17,1,948.0
U000516,1343.0,79.0,17,1,948.0
U009680,1343.0,79.0,17,1,948.0
U005877,1343.0,79.0,17,1,948.0
U014569,1343.0,79.0,17,1,948.0
U021847,1343.0,79.0,17,1,948.0
U012834,1343.0,79.0,17,1,948.0
U016711,1343.0,79.0,17,1,948.0
U001570,1343.0,79.0,17,1,948.0
U028665,1343.0,79.0,17,1,948.0
U010559,1343.0,79.0,17,1,948.0
U014587,1343.0,79.0,17,1,948.0
U025709,1264.0,79.0,16,1,948.0
U012580,1264.0,79.0,16,1,948.0
U009149,1264.0,79.0,16,1,948.0
U021519,1264.0,79.0,16,1,948.0
U023726,1264.0,79.0,16,1,948.0
U012482,1264.0,79.0,16,1,948.0
U011916,1264.0,79.0,16,1,948.0
U004559,1264.0,79.0,16,1,948.0
U025336,1264.0,79.0,16,1,948.0
U016952,1264.0,79.0,16,1,948.0
U020473,1264.0,79.0,16,1,948.0
U029956,1264.0,79.0,16,1,948.0
U009463,1264.0,79.0,16,1,948.0
U007354,1264.0,79.0,16,1,948.0
U014266,1264.0,79.0,16,1,948.0
U012120,1264.0,79.0,16,1,948.0
U021700,1264.0,79.0,16,1,948.0
U006366,1264.0,79.0,16,1,948.0
U009225,1264.0,79.0,16,1,948.0
U019503,1264.0,79.0,16,1,948.0
U006381,1264.0,79.0,16,1,948.0
U028638,1264.0,79.0,16,1,948.0
U001245,1264.0,79.0,16,1,948.0
U025473,1264.0,79.0,16,1,948.0
U025483,1264.0,79.0,16,1,948.0
U001410,1264.0,79.0,16,1,948.0
U006616,1264.0,79.0,16,1,948.0
U015126,1264.0,79.0,16,1,948.0
U002806,1264.0,79.0,16,1,948.0
U023789,1264.0,79.0,16,1,948.0
U015597,1264.0,79.0,16,1,948.0
U023417,1264.0,79.0,16,1,948.0
U014185,1264.0,79.0,16,1,948.0
U009740,1264.0,79.0,16,1,948.0
U012271,1264.0,79.0,16,1,948.0
U001333,1264.0,79.0,16,1,948.0
U007976,1264.0,79.0,16,1,948.0
U019433,1264.0,79.0,16,1,948.0
U000056,1264.0,79.0,16,1,948.0
U027972,1264.0,79.0,16,1,948.0
U024887,1264.0,79.0,16,1,948.0
U007064,1264.0,79.0,16,1,948.0
U004365,1264.0,79.0,16,1,948.0
U022800,1264.0,79.0,16,1,948.0
U003132,1264.0,79.0,16,1,948.0
U010971,1264.0,79.0,16,1,948.0
U002357,1264.0,79.0,16,1,948.0
U022890,1264.0,79.0,16,1,948.0
U003000,1264.0,79.0,16,1,948.0
U022969,1264.0,79.0,16,1,948.0
U011222,1264.0,79.0,16,1,948.0
U014026,1264.0,79.0,16,1,948.0
U018181,1264.0,79.0,16,1,948.0
U024945,1264.0,79.0,16,1,948.0
U028242,1264.0,79.0,16,1,948.0
U029331,1264.0,79.0,16,1,948.0
U022978,1264.0,79.0,16,1,948.0
U002982,1264.0,79.0,16,1,948.0
U018718,1264.0,79.0,16,1,948.0
U024971,1264.0,79.0,16,1,948.0
U004464,1264.0,79.0,16,1,948.0
U003179,1264.0,79.0,16,1,948.0
U028961,1264.0,79.0,16,1,948.0
U023203,1264.0,79.0,16,1,948.0
U004999,1264.0,79.0,16,1,948.0
U002090,1264.0,79.0,16,1,948.0
U027186,1264.0,79.0,16,1,948.0
U002415,1264.0,79.0,16,1,948.0
U028955,1264.0,79.0,16,1,948.0
U027171,1264.0,79.0,16,1,948.0
U023255,1264.0,79.0,16,1,948.0
U028356,1264.0,79.0,16,1,948.0
U004838,1264.0,79.0,16,1,948.0
U029401,1264.0,79.0,16,1,948.0
U027055,1264.0,79.0,16,1,948.0
U027043,1264.0,79.0,16,1,948.0
U024344,1264.0,79.0,16,1,948.0
U010568,1264.0,79.0,16,1,948.0
U004610,1264.0,79.0,16,1,948.0
U005058,1264.0,79.0,16,1,948.0
U011045,1264.0,79.0,16,1,948.0
U015817,1264.0,79.0,16,1,948.0
U028505,1264.0,79.0,16,1,948.0
U003227,1264.0,79.0,16,1,948.0
U028875,1264.0,79.0,16,1,948.0
U002011,1264.0,79.0,16,1,948.0
U018237,1264.0,79.0,16,1,948.0
U026897,1264.0,79.0,16,1,948.0
U026896,1264.0,79.0,16,1,948.0
U028579,1264.0,79.0,16,1,948.0
U002925,1264.0,79.0,16,1,948.0
U018347,1264.0,79.0,16,1,948.0
U007199,1264.0,79.0,16,1,948.0
U018540,1264.0,79.0,16,1,948.0
U018344,1264.0,79.0,16,1,948.0
U004157,1264.0,79.0,16,1,948.0
U023445,1264.0,79.0,16,1,948.0
U009858,1264.0,79.0,16,1,948.0
U025062,1264.0,79.0,16,1,948.0
U015866,1264.0,79.0,16,1,948.0
U008568,1264.0,79.0,16,1,948.0
U022061,1264.0,79.0,16,1,948.0
U014897,1264.0,79.0,16,1,948.0
U017675,1264.0,79.0,16,1,948.0
U022256,1264.0,79.0,16,1,948.0
U026763,1264.0,79.0,16,1,948.0
U015875,1264.0,79.0,16,1,948.0
U029553,1264.0,79.0,16,1,948.0
U013394,1264.0,79.0,16,1,948.0
U013356,1264.0,79.0,16,1,948.0
U010504,1264.0,79.0,16,1,948.0
U026133,1264.0,79.0,16,1,948.0
U022602,1264.0,79.0,16,1,948.0
U029571,1264.0,79.0,16,1,948.0
U022029,1264.0,79.0,16,1,948.0
U016360,1264.0,79.0,16,1,948.0
U019915,1264.0,79.0,16,1,948.0
U025083,1264.0,79.0,16,1,948.0
U017387,1264.0,79.0,16,1,948.0
U000637,1264.0,79.0,16,1,948.0
U021338,1264.0,79.0,16,1,948.0
U024543,1264.0,79.0,16,1,948.0
U016445,1264.0,79.0,16,1,948.0
U007739,1264.0,79.0,16,1,948.0
U014116,1264.0,79.0,16,1,948.0
U015895,1264.0,79.0,16,1,948.0
U029602,1264.0,79.0,16,1,948.0
U005999,1264.0,79.0,16,1,948.0
U023103,1264.0,79.0,16,1,948.0
U020235,1264.0,79.0,16,1,948.0
U004021,1264.0,79.0,16,1,948.0
U009785,1264.0,79.0,16,1,948.0
U013146,1264.0,79.0,16,1,948.0
U000724,1264.0,79.0,16,1,948.0
U017587,1264.0,79.0,16,1,948.0
U005684,1264.0,79.0,16,1,948.0
U025992,1264.0,79.0,16,1,948.0
U014864,1264.0,79.0,16,1,948.0
U000239,1264.0,79.0,16,1,948.0
U007757,1264.0,79.0,16,1,948.0
U007220,1264.0,79.0,16,1,948.0
U011672,1264.0,79.0,16,1,948.0
U008197,1264.0,79.0,16,1,948.0
U011685,1264.0,79.0,16,1,948.0
U015224,1264.0,79.0,16,1,948.0
U021390,1264.0,79.0,16,1,948.0
U016571,1264.0,79.0,16,1,948.0
U019836,1264.0,79.0,16,1,948.0
U003091,1264.0,79.0,16,1,948.0
U011731,1264.0,79.0,16,1,948.0
U000789,1264.0,79.0,16,1,948.0
U014661,1264.0,79.0,16,1,948.0
U004547,1264.0,79.0,16,1,948.0
U007241,1264.0,79.0,16,1,948.0
U012995,1264.0,79.0,16,1,948.0
U003362,1264.0,79.0,16,1,948.0
U008820,1264.0,79.0,16,1,948.0
U001799,1264.0,79.0,16,1,948.0
U012948,1264.0,79.0,16,1,948.0
U000249,1264.0,79.0,16,1,948.0
U022493,1264.0,79.0,16,1,948.0
U021870,1264.0,79.0,16,1,948.0
U019790,1264.0,79.0,16,1,948.0
U027678,1264.0,79.0,16,1,948.0
U012860,1264.0,79.0,16,1,948.0
U017453,1264.0,79.0,16,1,948.0
U022215,1264.0,79.0,16,1,948.0
U001766,1264.0,79.0,16,1,948.0
U015333,1264.0,79.0,16,1,948.0
U001763,1264.0,79.0,16,1,948.0
U011800,1264.0,79.0,16,1,948.0
U012795,1264.0,79.0,16,1,948.0
U001754,1264.0,79.0,16,1,948.0
U019726,1264.0,79.0,16,1,948.0
U027220,1264.0,79.0,16,1,948.0
U013749,1264.0,79.0,16,1,948.0
U020328,1264.0,79.0,16,1,948.0
U014498,1264.0,79.0,16,1,948.0
U022840,1264.0,79.0,16,1,948.0
U025783,1264.0,79.0,16,1,948.0
U020552,1264.0,79.0,16,1,948.0
U019649,1264.0,79.0,16,1,948.0
U001024,1264.0,79.0,16,1,948.0
U004216,1264.0,79.0,16,1,948.0
U001728,1264.0,79.0,16,1,948.0
U014447,1264.0,79.0,16,1,948.0
U021434,1264.0,79.0,16,1,948.0
U009098,1264.0,79.0,16,1,948.0
U016830,1264.0,79.0,16,1,948.0
U011855,1264.0,79.0,16,1,948.0
U016058,1264.0,79.0,16,1,948.0
U002687,1264.0,79.0,16,1,948.0
U026294,1264.0,79.0,16,1,948.0
U029899,1264.0,79.0,16,1,948.0
U016067,1264.0,79.0,16,1,948.0
U006289,1264.0,79.0,16,1,948.0
U001099,1264.0,79.0,16,1,948.0
U020890,1194.0,199.0,6,1,2388.0
U017312,1194.0,199.0,6,1,2388.0
U018942,1194.0,199.0,6,1,2388.0
U025393,1194.0,199.0,6,1,2388.0
U014935,1194.0,199.0,6,1,2388.0
U021424,1194.0,199.0,6,1,2388.0
U012056,1194.0,199.0,6,1,2388.0
U010711,1194.0,199.0,6,1,2388.0
U007581,1194.0,199.0,6,1,2388.0
U007371,1194.0,199.0,6,1,2388.0
U003554,1194.0,199.0,6,1,2388.0
U012124,1194.0,199.0,6,1,2388.0
U028329,1194.0,199.0,6,1,2388.0
U018233,1194.0,199.0,6,1,2388.0
U025451,1194.0,199.0,6,1,2388.0
U021366,1194.0,199.0,6,1,2388.0
U029148,1194.0,199.0,6,1,2388.0
U017172,1194.0,199.0,6,1,2388.0
U017145,1194.0,199.0,6,1,2388.0
U017143,1194.0,199.0,6,1,2388.0
U020017,1194.0,199.0,6,1,2388.0
U029706,1194.0,199.0,6,1,2388.0
U024676,1194.0,199.0,6,1,2388.0
U025247,1194.0,199.0,6,1,2388.0
U008405,1194.0,199.0,6,1,2388.0
U002769,1194.0,199.0,6,1,2388.0
U003022,1194.0,199.0,6,1,2388.0
U013341,1194.0,199.0,6,1,2388.0
U000737,1194.0,199.0,6,1,2388.0
U009735,1194.0,199.0,6,1,2388.0
U026879,1194.0,199.0,6,1,2388.0
U000542,1194.0,199.0,6,1,2388.0
U026784,1194.0,199.0,6,1,2388.0
U004126,1194.0,199.0,6,1,2388.0
U013865,1194.0,199.0,6,1,2388.0
U028483,1194.0,199.0,6,1,2388.0
U005711,1194.0,199.0,6,1,2388.0
U020831,1194.0,199.0,6,1,2388.0
U004019,1194.0,199.0,6,1,2388.0
U001880,1194.0,199.0,6,1,2388.0
U026750,1194.0,199.0,6,1,2388.0
U013976,1194.0,199.0,6,1,2388.0
U016509,1194.0,199.0,6,1,2388.0
U011026,1194.0,199.0,6,1,2388.0
U027049,1194.0,199.0,6,1,2388.0
U021405,1194.0,199.0,6,1,2388.0
U019667,1194.0,199.0,6,1,2388.0
U026906,1194.0,199.0,6,1,2388.0
U007504,1194.0,199.0,6,1,2388.0
U015820,1194.0,199.0,6,1,2388.0
U024754,1194.0,199.0,6,1,2388.0
U011242,1194.0,199.0,6,1,2388.0
U014449,1194.0,199.0,6,1,2388.0
U003989,1194.0,199.0,6,1,2388.0
U027352,1194.0,199.0,6,1,2388.0
U019581,1194.0,199.0,6,1,2388.0
U015194,1194.0,199.0,6,1,2388.0
U018495,1194.0,199.0,6,1,2388.0
U010017,1194.0,199.0,6,1,2388.0
U023330,1194.0,199.0,6,1,2388.0
U004930,1194.0,199.0,6,1,2388.0
U006990,1194.0,199.0,6,1,2388.0
U003010,1194.0,199.0,6,1,2388.0
U028096,1194.0,199.0,6,1,2388.0
U028564,1194.0,199.0,6,1,2388.0
U026832,1194.0,199.0,6,1,2388.0
U003789,1194.0,199.0,6,1,2388.0
U029045,1194.0,199.0,6,1,2388.0
U023424,1194.0,199.0,6,1,2388.0
U023087,1194.0,199.0,6,1,2388.0
U008473,1194.0,199.0,6,1,2388.0
U005994,1194.0,199.0,6,1,2388.0
U024642,1194.0,199.0,6,1,2388.0
U010979,1194.0,199.0,6,1,2388.0
U012505,1194.0,199.0,6,1,2388.0
U013609,1194.0,199.0,6,1,2388.0
U019875,1194.0,199.0,6,1,2388.0
U025050,1194.0,199.0,6,1,2388.0
U010769,1194.0,199.0,6,1,2388.0
U004748,1194.0,199.0,6,1,2388.0
U021929,1194.0,199.0,6,1,2388.0
U022252,1194.0,199.0,6,1,2388.0
U028729,1194.0,199.0,6,1,2388.0
U000011,1194.0,199.0,6,1,2388.0
U015831,1194.0,199.0,6,1,2388.0
U027935,1194.0,199.0,6,1,2388.0
U021151,1194.0,199.0,6,1,2388.0
U010831,1194.0,199.0,6,1,2388.0
U014678,1194.0,199.0,6,1,2388.0
U022907,1194.0,199.0,6,1,2388.0
U027955,1194.0,199.0,6,1,2388.0
U015620,1194.0,199.0,6,1,2388.0
U001350,1194.0,199.0,6,1,2388.0
U024728,1185.0,79.0,15,1,948.0
U015134,1185.0,79.0,15,1,948.0
U020574,1185.0,79.0,15,1,948.0
U011781,1185.0,79.0,15,1,948.0
U012800,1185.0,79.0,15,1,948.0
U027026,1185.0,79.0,15,1,948.0
U023351,1185.0,79.0,15,1,948.0
U027899,1185.0,79.0,15,1,948.0
U009906,1185.0,79.0,15,1,948.0
U005853,1185.0,79.0,15,1,948.0
U021305,1185.0,79.0,15,1,948.0
U013094,1185.0,79.0,15,1,948.0
U008304,1185.0,79.0,15,1,948.0
U022105,1185.0,79.0,15,1,948.0
U014554,1185.0,79.0,15,1,948.0
U027052,1185.0,79.0,15,1,948.0
U021842,1185.0,79.0,15,1,948.0
U013076,1185.0,79.0,15,1,948.0
U017438,1185.0,79.0,15,1,948.0
U019936,1185.0,79.0,15,1,948.0
U011399,1185.0,79.0,15,1,948.0
U005355,1185.0,79.0,15,1,948.0
U000142,1185.0,79.0,15,1,948.0
U024998,1185.0,79.0,15,1,948.0
U006044,1185.0,79.0,15,1,948.0
U000970,1185.0,79.0,15,1,948.0
U022719,1185.0,79.0,15,1,948.0
U027178,1185.0,79.0,15,1,948.0
U010090,1185.0,79.0,15,1,948.0
U024979,1185.0,79.0,15,1,948.0
U017428,1185.0,79.0,15,1,948.0
U007468,1185.0,79.0,15,1,948.0
U022194,1185.0,79.0,15,1,948.0
U025801,1185.0,79.0,15,1,948.0
U015367,1185.0,79.0,15,1,948.0
U013072,1185.0,79.0,15,1,948.0
U023325,1185.0,79.0,15,1,948.0
U002318,1185.0,79.0,15,1,948.0
U002618,1185.0,79.0,15,1,948.0
U012713,1185.0,79.0,15,1,948.0
U005382,1185.0,79.0,15,1,948.0
U011475,1185.0,79.0,15,1,948.0
U011072,1185.0,79.0,15,1,948.0
U010367,1185.0,79.0,15,1,948.0
U020259,1185.0,79.0,15,1,948.0
U015178,1185.0,79.0,15,1,948.0
U017422,1185.0,79.0,15,1,948.0
U013327,1185.0,79.0,15,1,948.0
U017668,1185.0,79.0,15,1,948.0
U007881,1185.0,79.0,15,1,948.0
U002398,1185.0,79.0,15,1,948.0
U017861,1185.0,79.0,15,1,948.0
U002392,1185.0,79.0,15,1,948.0
U019630,1185.0,79.0,15,1,948.0
U015185,1185.0,79.0,15,1,948.0
U027318,1185.0,79.0,15,1,948.0
U023241,1185.0,79.0,15,1,948.0
U000113,1185.0,79.0,15,1,948.0
U020047,1185.0,79.0,15,1,948.0
U025403,1185.0,79.0,15,1,948.0
U021539,1185.0,79.0,15,1,948.0
U023907,1185.0,79.0,15,1,948.0
U018735,1185.0,79.0,15,1,948.0
U010963,1185.0,79.0,15,1,948.0
U023673,1185.0,79.0,15,1,948.0
U025988,1185.0,79.0,15,1,948.0
U000324,1185.0,79.0,15,1,948.0
U003002,1185.0,79.0,15,1,948.0
U018152,1185.0,79.0,15,1,948.0
U009426,1185.0,79.0,15,1,948.0
U003576,1185.0,79.0,15,1,948.0
U027410,1185.0,79.0,15,1,948.0
U012163,1185.0,79.0,15,1,948.0
U012167,1185.0,79.0,15,1,948.0
U012645,1185.0,79.0,15,1,948.0
U005243,1185.0,79.0,15,1,948.0
U011205,1185.0,79.0,15,1,948.0
U003807,1185.0,79.0,15,1,948.0
U024901,1185.0,79.0,15,1,948.0
U028151,1185.0,79.0,15,1,948.0
U003435,1185.0,79.0,15,1,948.0
U018638,1185.0,79.0,15,1,948.0
U006272,1185.0,79.0,15,1,948.0
U010967,1185.0,79.0,15,1,948.0
U023835,1185.0,79.0,15,1,948.0
U014967,1185.0,79.0,15,1,948.0
U008362,1185.0,79.0,15,1,948.0
U021650,1185.0,79.0,15,1,948.0
U026303,1185.0,79.0,15,1,948.0
U006451,1185.0,79.0,15,1,948.0
U011089,1185.0,79.0,15,1,948.0
U004200,1185.0,79.0,15,1,948.0
U023694,1185.0,79.0,15,1,948.0
U009319,1185.0,79.0,15,1,948.0
U016861,1185.0,79.0,15,1,948.0
U004529,1185.0,79.0,15,1,948.0
U029884,1185.0,79.0,15,1,948.0
U007373,1185.0,79.0,15,1,948.0
U023559,1185.0,79.0,15,1,948.0
U000796,1185.0,79.0,15,1,948.0
U020978,1185.0,79.0,15,1,948.0
U013046,1185.0,79.0,15,1,948.0
U023477,1185.0,79.0,15,1,948.0
U026628,1185.0,79.0,15,1,948.0
U003359,1185.0,79.0,15,1,948.0
U018628,1185.0,79.0,15,1,948.0
U011900,1185.0,79.0,15,1,948.0
U003090,1185.0,79.0,15,1,948.0
U015924,1185.0,79.0,15,1,948.0
U028630,1185.0,79.0,15,1,948.0
U014038,1185.0,79.0,15,1,948.0
U004315,1185.0,79.0,15,1,948.0
U026840,1185.0,79.0,15,1,948.0
U016884,1185.0,79.0,15,1,948.0
U029080,1185.0,79.0,15,1,948.0
U027509,1185.0,79.0,15,1,948.0
U018662,1185.0,79.0,15,1,948.0
U019247,1185.0,79.0,15,1,948.0
U011911,1185.0,79.0,15,1,948.0
U012558,1185.0,79.0,15,1,948.0
U021914,1185.0,79.0,15,1,948.0
U026602,1185.0,79.0,15,1,948.0
U009163,1185.0,79.0,15,1,948.0
U023231,1185.0,79.0,15,1,948.0
U014707,1185.0,79.0,15,1,948.0
U011164,1185.0,79.0,15,1,948.0
U000823,1185.0,79.0,15,1,948.0
U027725,1185.0,79.0,15,1,948.0
U013396,1185.0,79.0,15,1,948.0
U002466,1185.0,79.0,15,1,948.0
U005532,1185.0,79.0,15,1,948.0
U026633,1185.0,79.0,15,1,948.0
U029946,1185.0,79.0,15,1,948.0
U001629,1185.0,79.0,15,1,948.0
U000774,1185.0,79.0,15,1,948.0
U009555,1185.0,79.0,15,1,948.0
U023510,1185.0,79.0,15,1,948.0
U027552,1185.0,79.0,15,1,948.0
U006134,1185.0,79.0,15,1,948.0
U010820,1185.0,79.0,15,1,948.0
U023965,1185.0,79.0,15,1,948.0
U027563,1185.0,79.0,15,1,948.0
U002007,1185.0,79.0,15,1,948.0
U017663,1185.0,79.0,15,1,948.0
U005306,1185.0,79.0,15,1,948.0
U018473,1185.0,79.0,15,1,948.0
U020671,1185.0,79.0,15,1,948.0
U024791,1185.0,79.0,15,1,948.0
U026370,1185.0,79.0,15,1,948.0
U029431,1185.0,79.0,15,1,948.0
U016689,1185.0,79.0,15,1,948.0
U029561,1185.0,79.0,15,1,948.0
U024695,1185.0,79.0,15,1,948.0
U005313,1185.0,79.0,15,1,948.0
U008727,1185.0,79.0,15,1,948.0
U006399,1185.0,79.0,15,1,948.0
U028004,1185.0,79.0,15,1,948.0
U002810,1185.0,79.0,15,1,948.0
U003055,1185.0,79.0,15,1,948.0
U011938,1185.0,79.0,15,1,948.0
U015565,1185.0,79.0,15,1,948.0
U009276,1185.0,79.0,15,1,948.0
U024222,1185.0,79.0,15,1,948.0
U029420,1185.0,79.0,15,1,948.0
U025582,1185.0,79.0,15,1,948.0
U004770,1185.0,79.0,15,1,948.0
U024370,1185.0,79.0,15,1,948.0
U011939,1185.0,79.0,15,1,948.0
U015699,1185.0,79.0,15,1,948.0
U003922,1185.0,79.0,15,1,948.0
U014795,1185.0,79.0,15,1,948.0
U015149,1185.0,79.0,15,1,948.0
U019442,1185.0,79.0,15,1,948.0
U005091,1185.0,79.0,15,1,948.0
U011983,1185.0,79.0,15,1,948.0
U007019,1185.0,79.0,15,1,948.0
U006877,1185.0,79.0,15,1,948.0
U005521,1185.0,79.0,15,1,948.0
U027614,1185.0,79.0,15,1,948.0
U014091,1185.0,79.0,15,1,948.0
U011735,1185.0,79.0,15,1,948.0
U027617,1185.0,79.0,15,1,948.0
U012858,1185.0,79.0,15,1,948.0
U015801,1185.0,79.0,15,1,948.0
U021858,1185.0,79.0,15,1,948.0
U024526,1185.0,79.0,15,1,948.0
U021505,1185.0,79.0,15,1,948.0
U007229,1185.0,79.0,15,1,948.0
U024087,1106.0,79.0,14,1,948.0
U029305,1106.0,79.0,14,1,948.0
U029359,1106.0,79.0,14,1,948.0
U029429,1106.0,79.0,14,1,948.0
U029507,1106.0,79.0,14,1,948.0
U025003,1106.0,79.0,14,1,948.0
U029599,1106.0,79.0,14,1,948.0
U023436,1106.0,79.0,14,1,948.0
U029605,1106.0,79.0,14,1,948.0
U029631,1106.0,79.0,14,1,948.0
U029649,1106.0,79.0,14,1,948.0
U026277,1106.0,79.0,14,1,948.0
U002997,1106.0,79.0,14,1,948.0
U029681,1106.0,79.0,14,1,948.0
U029696,1106.0,79.0,14,1,948.0
U029697,1106.0,79.0,14,1,948.0
U029883,1106.0,79.0,14,1,948.0
U023346,1106.0,79.0,14,1,948.0
U025760,1106.0,79.0,14,1,948.0
U023174,1106.0,79.0,14,1,948.0
U001054,1106.0,79.0,14,1,948.0
U023152,1106.0,79.0,14,1,948.0
U004530,1106.0,79.0,14,1,948.0
U023078,1106.0,79.0,14,1,948.0
U023054,1106.0,79.0,14,1,948.0
U004608,1106.0,79.0,14,1,948.0
U004800,1106.0,79.0,14,1,948.0
U022831,1106.0,79.0,14,1,948.0
U022814,1106.0,79.0,14,1,948.0
U001067,1106.0,79.0,14,1,948.0
U002693,1106.0,79.0,14,1,948.0
U003325,1106.0,79.0,14,1,948.0
U022750,1106.0,79.0,14,1,948.0
U001072,1106.0,79.0,14,1,948.0
U022743,1106.0,79.0,14,1,948.0
U005029,1106.0,79.0,14,1,948.0
U025226,1106.0,79.0,14,1,948.0
U022544,1106.0,79.0,14,1,948.0
U005298,1106.0,79.0,14,1,948.0
U022489,1106.0,79.0,14,1,948.0
U022408,1106.0,79.0,14,1,948.0
U005593,1106.0,79.0,14,1,948.0
U022286,1106.0,79.0,14,1,948.0
U005739,1106.0,79.0,14,1,948.0
U005763,1106.0,79.0,14,1,948.0
U005801,1106.0,79.0,14,1,948.0
U005859,1106.0,79.0,14,1,948.0
U000757,1106.0,79.0,14,1,948.0
U022054,1106.0,79.0,14,1,948.0
U022018,1106.0,79.0,14,1,948.0
U024527,1106.0,79.0,14,1,948.0
U001440,1106.0,79.0,14,1,948.0
U005987,1106.0,79.0,14,1,948.0
U006095,1106.0,79.0,14,1,948.0
U006127,1106.0,79.0,14,1,948.0
U006168,1106.0,79.0,14,1,948.0
U021786,1106.0,79.0,14,1,948.0
U021760,1106.0,79.0,14,1,948.0
U006373,1106.0,79.0,14,1,948.0
U006382,1106.0,79.0,14,1,948.0
U021652,1106.0,79.0,14,1,948.0
U021524,1106.0,79.0,14,1,948.0
U021487,1106.0,79.0,14,1,948.0
U021483,1106.0,79.0,14,1,948.0
U006639,1106.0,79.0,14,1,948.0
U021393,1106.0,79.0,14,1,948.0
U006758,1106.0,79.0,14,1,948.0
U006942,1106.0,79.0,14,1,948.0
U007026,1106.0,79.0,14,1,948.0
U021154,1106.0,79.0,14,1,948.0
U021123,1106.0,79.0,14,1,948.0
U007163,1106.0,79.0,14,1,948.0
U021015,1106.0,79.0,14,1,948.0
U000792,1106.0,79.0,14,1,948.0
U003081,1106.0,79.0,14,1,948.0
U007382,1106.0,79.0,14,1,948.0
U020789,1106.0,79.0,14,1,948.0
U020781,1106.0,79.0,14,1,948.0
U007601,1106.0,79.0,14,1,948.0
U020694,1106.0,79.0,14,1,948.0
U024925,1106.0,79.0,14,1,948.0
U020688,1106.0,79.0,14,1,948.0
U007694,1106.0,79.0,14,1,948.0
U020607,1106.0,79.0,14,1,948.0
U020530,1106.0,79.0,14,1,948.0
U002772,1106.0,79.0,14,1,948.0
U020527,1106.0,79.0,14,1,948.0
U020464,1106.0,79.0,14,1,948.0
U020427,1106.0,79.0,14,1,948.0
U020404,1106.0,79.0,14,1,948.0
U008075,1106.0,79.0,14,1,948.0
U008129,1106.0,79.0,14,1,948.0
U008152,1106.0,79.0,14,1,948.0
U020141,1106.0,79.0,14,1,948.0
U000820,1106.0,79.0,14,1,948.0
U008364,1106.0,79.0,14,1,948.0
U002097,1106.0,79.0,14,1,948.0
U020073,1106.0,79.0,14,1,948.0
U020069,1106.0,79.0,14,1,948.0
U023549,1106.0,79.0,14,1,948.0
U000158,1106.0,79.0,14,1,948.0
U020002,1106.0,79.0,14,1,948.0
U008612,1106.0,79.0,14,1,948.0
U019880,1106.0,79.0,14,1,948.0
U008802,1106.0,79.0,14,1,948.0
U008852,1106.0,79.0,14,1,948.0
U015045,1106.0,79.0,14,1,948.0
U000167,1106.0,79.0,14,1,948.0
U019692,1106.0,79.0,14,1,948.0
U019680,1106.0,79.0,14,1,948.0
U008996,1106.0,79.0,14,1,948.0
U019644,1106.0,79.0,14,1,948.0
U019597,1106.0,79.0,14,1,948.0
U023542,1106.0,79.0,14,1,948.0
U009152,1106.0,79.0,14,1,948.0
U019525,1106.0,79.0,14,1,948.0
U009258,1106.0,79.0,14,1,948.0
U019461,1106.0,79.0,14,1,948.0
U009305,1106.0,79.0,14,1,948.0
U019414,1106.0,79.0,14,1,948.0
U019388,1106.0,79.0,14,1,948.0
U002824,1106.0,79.0,14,1,948.0
U000862,1106.0,79.0,14,1,948.0
U001540,1106.0,79.0,14,1,948.0
U024200,1106.0,79.0,14,1,948.0
U001193,1106.0,79.0,14,1,948.0
U019379,1106.0,79.0,14,1,948.0
U009351,1106.0,79.0,14,1,948.0
U009488,1106.0,79.0,14,1,948.0
U009688,1106.0,79.0,14,1,948.0
U019150,1106.0,79.0,14,1,948.0
U009732,1106.0,79.0,14,1,948.0
U009827,1106.0,79.0,14,1,948.0
U019014,1106.0,79.0,14,1,948.0
U009904,1106.0,79.0,14,1,948.0
U018895,1106.0,79.0,14,1,948.0
U010156,1106.0,79.0,14,1,948.0
U010257,1106.0,79.0,14,1,948.0
U026151,1106.0,79.0,14,1,948.0
U010353,1106.0,79.0,14,1,948.0
U010379,1106.0,79.0,14,1,948.0
U010397,1106.0,79.0,14,1,948.0
U010404,1106.0,79.0,14,1,948.0
U010738,1106.0,79.0,14,1,948.0
U000214,1106.0,79.0,14,1,948.0
U018297,1106.0,79.0,14,1,948.0
U026391,1106.0,79.0,14,1,948.0
U018275,1106.0,79.0,14,1,948.0
U010980,1106.0,79.0,14,1,948.0
U018112,1106.0,79.0,14,1,948.0
U011021,1106.0,79.0,14,1,948.0
U018102,1106.0,79.0,14,1,948.0
U001923,1106.0,79.0,14,1,948.0
U017923,1106.0,79.0,14,1,948.0
U017890,1106.0,79.0,14,1,948.0
U017788,1106.0,79.0,14,1,948.0
U011418,1106.0,79.0,14,1,948.0
U000584,1106.0,79.0,14,1,948.0
U015024,1106.0,79.0,14,1,948.0
U017664,1106.0,79.0,14,1,948.0
U026374,1106.0,79.0,14,1,948.0
U024157,1106.0,79.0,14,1,948.0
U011603,1106.0,79.0,14,1,948.0
U011620,1106.0,79.0,14,1,948.0
U011623,1106.0,79.0,14,1,948.0
U011671,1106.0,79.0,14,1,948.0
U000926,1106.0,79.0,14,1,948.0
U017540,1106.0,79.0,14,1,948.0
U024151,1106.0,79.0,14,1,948.0
U011769,1106.0,79.0,14,1,948.0
U011999,1106.0,79.0,14,1,948.0
U012002,1106.0,79.0,14,1,948.0
U017242,1106.0,79.0,14,1,948.0
U012092,1106.0,79.0,14,1,948.0
U003490,1106.0,79.0,14,1,948.0
U001612,1106.0,79.0,14,1,948.0
U001955,1106.0,79.0,14,1,948.0
U003782,1106.0,79.0,14,1,948.0
U012159,1106.0,79.0,14,1,948.0
U017047,1106.0,79.0,14,1,948.0
U016993,1106.0,79.0,14,1,948.0
U000945,1106.0,79.0,14,1,948.0
U012489,1106.0,79.0,14,1,948.0
U012638,1106.0,79.0,14,1,948.0
U023492,1106.0,79.0,14,1,948.0
U016817,1106.0,79.0,14,1,948.0
U016816,1106.0,79.0,14,1,948.0
U016813,1106.0,79.0,14,1,948.0
U012775,1106.0,79.0,14,1,948.0
U016760,1106.0,79.0,14,1,948.0
U013065,1106.0,79.0,14,1,948.0
U002594,1106.0,79.0,14,1,948.0
U013456,1106.0,79.0,14,1,948.0
U013539,1106.0,79.0,14,1,948.0
U013972,1106.0,79.0,14,1,948.0
U013985,1106.0,79.0,14,1,948.0
U003518,1106.0,79.0,14,1,948.0
U014103,1106.0,79.0,14,1,948.0
U015608,1106.0,79.0,14,1,948.0
U014318,1106.0,79.0,14,1,948.0
U015012,1106.0,79.0,14,1,948.0
U015493,1106.0,79.0,14,1,948.0
U014467,1106.0,79.0,14,1,948.0
U014675,1106.0,79.0,14,1,948.0
U014709,1106.0,79.0,14,1,948.0
U026675,1106.0,79.0,14,1,948.0
U026703,1106.0,79.0,14,1,948.0
U002937,1106.0,79.0,14,1,948.0
U026726,1106.0,79.0,14,1,948.0
U026758,1106.0,79.0,14,1,948.0
U027205,1106.0,79.0,14,1,948.0
U027370,1106.0,79.0,14,1,948.0
U027406,1106.0,79.0,14,1,948.0
U027455,1106.0,79.0,14,1,948.0
U027460,1106.0,79.0,14,1,948.0
U027470,1106.0,79.0,14,1,948.0
U027493,1106.0,79.0,14,1,948.0
U027501,1106.0,79.0,14,1,948.0
U027667,1106.0,79.0,14,1,948.0
U027693,1106.0,79.0,14,1,948.0
U028054,1106.0,79.0,14,1,948.0
U028085,1106.0,79.0,14,1,948.0
U014829,1106.0,79.0,14,1,948.0
U028149,1106.0,79.0,14,1,948.0
U028183,1106.0,79.0,14,1,948.0
U028254,1106.0,79.0,14,1,948.0
U028299,1106.0,79.0,14,1,948.0
U028310,1106.0,79.0,14,1,948.0
U028645,1106.0,79.0,14,1,948.0
U024099,1106.0,79.0,14,1,948.0
U028713,1106.0,79.0,14,1,948.0
U028795,1106.0,79.0,14,1,948.0
U003567,1106.0,79.0,14,1,948.0
U023653,1106.0,79.0,14,1,948.0
U028845,1106.0,79.0,14,1,948.0
U028882,1106.0,79.0,14,1,948.0
U001028,1106.0,79.0,14,1,948.0
U028898,1106.0,79.0,14,1,948.0
U029086,1106.0,79.0,14,1,948.0
U006789,1027.0,79.0,13,1,948.0
U007953,1027.0,79.0,13,1,948.0
U013098,1027.0,79.0,13,1,948.0
U000861,1027.0,79.0,13,1,948.0
U026578,1027.0,79.0,13,1,948.0
U016521,1027.0,79.0,13,1,948.0
U024391,1027.0,79.0,13,1,948.0
U000635,1027.0,79.0,13,1,948.0
U004932,1027.0,79.0,13,1,948.0
U001787,1027.0,79.0,13,1,948.0
U022783,1027.0,79.0,13,1,948.0
U006529,1027.0,79.0,13,1,948.0
U019182,1027.0,79.0,13,1,948.0
U008966,1027.0,79.0,13,1,948.0
U007360,1027.0,79.0,13,1,948.0
U025701,1027.0,79.0,13,1,948.0
U001088,1027.0,79.0,13,1,948.0
U011976,1027.0,79.0,13,1,948.0
U021923,1027.0,79.0,13,1,948.0
U020973,1027.0,79.0,13,1,948.0
U025186,1027.0,79.0,13,1,948.0
U019906,1027.0,79.0,13,1,948.0
U028886,1027.0,79.0,13,1,948.0
U014413,1027.0,79.0,13,1,948.0
U013851,1027.0,79.0,13,1,948.0
U014753,1027.0,79.0,13,1,948.0
U007910,1027.0,79.0,13,1,948.0
U006190,1027.0,79.0,13,1,948.0
U006079,1027.0,79.0,13,1,948.0
U011211,1027.0,79.0,13,1,948.0
U028234,1027.0,79.0,13,1,948.0
U015050,1027.0,79.0,13,1,948.0
U014773,1027.0,79.0,13,1,948.0
U005665,1027.0,79.0,13,1,948.0
U013178,1027.0,79.0,13,1,948.0
U027404,1027.0,79.0,13,1,948.0
U008357,1027.0,79.0,13,1,948.0
U015774,1027.0,79.0,13,1,948.0
U005001,1027.0,79.0,13,1,948.0
U026506,1027.0,79.0,13,1,948.0
U025045,1027.0,79.0,13,1,948.0
U013640,1027.0,79.0,13,1,948.0
U022653,1027.0,79.0,13,1,948.0
U009473,1027.0,79.0,13,1,948.0
U024334,1027.0,79.0,13,1,948.0
U022935,1027.0,79.0,13,1,948.0
U017725,1027.0,79.0,13,1,948.0
U006691,1027.0,79.0,13,1,948.0
U019295,1027.0,79.0,13,1,948.0
U006333,1027.0,79.0,13,1,948.0
U026875,1027.0,79.0,13,1,948.0
U013637,1027.0,79.0,13,1,948.0
U019132,1027.0,79.0,13,1,948.0
U003685,1027.0,79.0,13,1,948.0
U007471,1027.0,79.0,13,1,948.0
U012710,1027.0,79.0,13,1,948.0
U011039,1027.0,79.0,13,1,948.0
U028214,1027.0,79.0,13,1,948.0
U016421,1027.0,79.0,13,1,948.0
U019117,1027.0,79.0,13,1,948.0
U011305,1027.0,79.0,13,1,948.0
U027502,1027.0,79.0,13,1,948.0
U016625,1027.0,79.0,13,1,948.0
U029955,1027.0,79.0,13,1,948.0
U001085,1027.0,79.0,13,1,948.0
U029920,1027.0,79.0,13,1,948.0
U024905,1027.0,79.0,13,1,948.0
U007888,1027.0,79.0,13,1,948.0
U000511,1027.0,79.0,13,1,948.0
U012160,1027.0,79.0,13,1,948.0
U003006,1027.0,79.0,13,1,948.0
U024585,1027.0,79.0,13,1,948.0
U027508,1027.0,79.0,13,1,948.0
U005970,1027.0,79.0,13,1,948.0
U029818,1027.0,79.0,13,1,948.0
U029716,1027.0,79.0,13,1,948.0
U027356,1027.0,79.0,13,1,948.0
U010343,1027.0,79.0,13,1,948.0
U004390,1027.0,79.0,13,1,948.0
U010809,1027.0,79.0,13,1,948.0
U013424,1027.0,79.0,13,1,948.0
U004260,1027.0,79.0,13,1,948.0
U004265,1027.0,79.0,13,1,948.0
U014799,1027.0,79.0,13,1,948.0
U006570,1027.0,79.0,13,1,948.0
U000138,1027.0,79.0,13,1,948.0
U004568,1027.0,79.0,13,1,948.0
U029535,1027.0,79.0,13,1,948.0
U007094,1027.0,79.0,13,1,948.0
U004294,1027.0,79.0,13,1,948.0
U017670,1027.0,79.0,13,1,948.0
U024598,1027.0,79.0,13,1,948.0
U014800,1027.0,79.0,13,1,948.0
U013238,1027.0,79.0,13,1,948.0
U021141,1027.0,79.0,13,1,948.0
U029476,1027.0,79.0,13,1,948.0
U009532,1027.0,79.0,13,1,948.0
U018645,1027.0,79.0,13,1,948.0
U028840,1027.0,79.0,13,1,948.0
U000998,1027.0,79.0,13,1,948.0
U021891,1027.0,79.0,13,1,948.0
U028180,1027.0,79.0,13,1,948.0
U012288,1027.0,79.0,13,1,948.0
U029348,1027.0,79.0,13,1,948.0
U006386,1027.0,79.0,13,1,948.0
U003313,1027.0,79.0,13,1,948.0
U002055,1027.0,79.0,13,1,948.0
U009549,1027.0,79.0,13,1,948.0
U023111,1027.0,79.0,13,1,948.0
U024654,1027.0,79.0,13,1,948.0
U024655,1027.0,79.0,13,1,948.0
U010412,1027.0,79.0,13,1,948.0
U016180,1027.0,79.0,13,1,948.0
U014369,1027.0,79.0,13,1,948.0
U022842,1027.0,79.0,13,1,948.0
U018458,1027.0,79.0,13,1,948.0
U006816,1027.0,79.0,13,1,948.0
U005027,1027.0,79.0,13,1,948.0
U017073,1027.0,79.0,13,1,948.0
U004421,1027.0,79.0,13,1,948.0
U011296,1027.0,79.0,13,1,948.0
U028153,1027.0,79.0,13,1,948.0
U005690,1027.0,79.0,13,1,948.0
U003083,1027.0,79.0,13,1,948.0
U028824,1027.0,79.0,13,1,948.0
U021138,1027.0,79.0,13,1,948.0
U020520,1027.0,79.0,13,1,948.0
U002147,1027.0,79.0,13,1,948.0
U018046,1027.0,79.0,13,1,948.0
U005449,1027.0,79.0,13,1,948.0
U015552,1027.0,79.0,13,1,948.0
U003997,1027.0,79.0,13,1,948.0
U017465,1027.0,79.0,13,1,948.0
U018150,1027.0,79.0,13,1,948.0
U022419,1027.0,79.0,13,1,948.0
U012272,1027.0,79.0,13,1,948.0
U007842,1027.0,79.0,13,1,948.0
U022705,1027.0,79.0,13,1,948.0
U025030,1027.0,79.0,13,1,948.0
U024872,1027.0,79.0,13,1,948.0
U018851,1027.0,79.0,13,1,948.0
U019225,1027.0,79.0,13,1,948.0
U025614,1027.0,79.0,13,1,948.0
U019223,1027.0,79.0,13,1,948.0
U008245,1027.0,79.0,13,1,948.0
U021425,1027.0,79.0,13,1,948.0
U013753,1027.0,79.0,13,1,948.0
U009196,1027.0,79.0,13,1,948.0
U022298,1027.0,79.0,13,1,948.0
U017440,1027.0,79.0,13,1,948.0
U027045,1027.0,79.0,13,1,948.0
U013306,1027.0,79.0,13,1,948.0
U001070,1027.0,79.0,13,1,948.0
U018446,1027.0,79.0,13,1,948.0
U009034,1027.0,79.0,13,1,948.0
U025084,1027.0,79.0,13,1,948.0
U010956,1027.0,79.0,13,1,948.0
U023889,1027.0,79.0,13,1,948.0
U002234,1027.0,79.0,13,1,948.0
U014552,1027.0,79.0,13,1,948.0
U024726,1027.0,79.0,13,1,948.0
U017017,1027.0,79.0,13,1,948.0
U019944,1027.0,79.0,13,1,948.0
U003925,1027.0,79.0,13,1,948.0
U005561,1027.0,79.0,13,1,948.0
U012844,1027.0,79.0,13,1,948.0
U017952,1027.0,79.0,13,1,948.0
U002424,1027.0,79.0,13,1,948.0
U012835,1027.0,79.0,13,1,948.0
U019192,1027.0,79.0,13,1,948.0
U008953,1027.0,79.0,13,1,948.0
U026982,1027.0,79.0,13,1,948.0
U005556,1027.0,79.0,13,1,948.0
U022903,1027.0,79.0,13,1,948.0
U022186,1027.0,79.0,13,1,948.0
U004790,1027.0,79.0,13,1,948.0
U019856,1027.0,79.0,13,1,948.0
U005635,1027.0,79.0,13,1,948.0
U009155,1027.0,79.0,13,1,948.0
U003528,1027.0,79.0,13,1,948.0
U002230,1027.0,79.0,13,1,948.0
U003853,1027.0,79.0,13,1,948.0
U022034,1027.0,79.0,13,1,948.0
U000603,1027.0,79.0,13,1,948.0
U003409,1027.0,79.0,13,1,948.0
U016034,1027.0,79.0,13,1,948.0
U000299,1027.0,79.0,13,1,948.0
U000598,1027.0,79.0,13,1,948.0
U003845,1027.0,79.0,13,1,948.0
U000302,1027.0,79.0,13,1,948.0
U006931,1027.0,79.0,13,1,948.0
U019548,1027.0,79.0,13,1,948.0
U010159,1027.0,79.0,13,1,948.0
U004882,1027.0,79.0,13,1,948.0
U017099,1027.0,79.0,13,1,948.0
U019846,1027.0,79.0,13,1,948.0
U005531,1027.0,79.0,13,1,948.0
U019843,1027.0,79.0,13,1,948.0
U019007,1027.0,79.0,13,1,948.0
U009140,1027.0,79.0,13,1,948.0
U014332,1027.0,79.0,13,1,948.0
U026045,1027.0,79.0,13,1,948.0
U010765,1027.0,79.0,13,1,948.0
U010888,1027.0,79.0,13,1,948.0
U003217,1027.0,79.0,13,1,948.0
U015627,1027.0,79.0,13,1,948.0
U003347,1027.0,79.0,13,1,948.0
U028493,1027.0,79.0,13,1,948.0
U004023,1027.0,79.0,13,1,948.0
U021071,1027.0,79.0,13,1,948.0
U003786,1027.0,79.0,13,1,948.0
U028936,1027.0,79.0,13,1,948.0
U014492,1027.0,79.0,13,1,948.0
U006773,1027.0,79.0,13,1,948.0
U027001,1027.0,79.0,13,1,948.0
U025537,1027.0,79.0,13,1,948.0
U012606,1027.0,79.0,13,1,948.0
U014446,1027.0,79.0,13,1,948.0
U020321,1027.0,79.0,13,1,948.0
U019838,1027.0,79.0,13,1,948.0
U014177,1027.0,79.0,13,1,948.0
U024040,1027.0,79.0,13,1,948.0
U012231,1027.0,79.0,13,1,948.0
U015389,1027.0,79.0,13,1,948.0
U006412,1027.0,79.0,13,1,948.0
U019712,1027.0,79.0,13,1,948.0
U027144,1027.0,79.0,13,1,948.0
U024904,1027.0,79.0,13,1,948.0
U015417,1027.0,79.0,13,1,948.0
U011355,1027.0,79.0,13,1,948.0
U023064,1027.0,79.0,13,1,948.0
U012449,1027.0,79.0,13,1,948.0
U009495,1027.0,79.0,13,1,948.0
U007346,1027.0,79.0,13,1,948.0
U006609,1027.0,79.0,13,1,948.0
U024434,1027.0,79.0,13,1,948.0
U005253,1027.0,79.0,13,1,948.0
U025899,1027.0,79.0,13,1,948.0
U007607,995.0,199.0,5,1,2388.0
U010377,995.0,199.0,5,1,2388.0
U008529,995.0,199.0,5,1,2388.0
U018618,995.0,199.0,5,1,2388.0
U017822,995.0,199.0,5,1,2388.0
U006972,995.0,199.0,5,1,2388.0
U005121,995.0,199.0,5,1,2388.0
U012808,995.0,199.0,5,1,2388.0
U012564,995.0,199.0,5,1,2388.0
U027486,995.0,199.0,5,1,2388.0
U007801,995.0,199.0,5,1,2388.0
U002364,995.0,199.0,5,1,2388.0
U000046,995.0,199.0,5,1,2388.0
U014668,995.0,199.0,5,1,2388.0
U001468,995.0,199.0,5,1,2388.0
U003714,995.0,199.0,5,1,2388.0
U029259,995.0,199.0,5,1,2388.0
U019435,995.0,199.0,5,1,2388.0
U002948,995.0,199.0,5,1,2388.0
U020567,995.0,199.0,5,1,2388.0
U014860,995.0,199.0,5,1,2388.0
U025442,995.0,199.0,5,1,2388.0
U014953,995.0,199.0,5,1,2388.0
U029223,995.0,199.0,5,1,2388.0
U009076,995.0,199.0,5,1,2388.0
U015454,995.0,199.0,5,1,2388.0
U004193,995.0,199.0,5,1,2388.0
U016419,995.0,199.0,5,1,2388.0
U021428,995.0,199.0,5,1,2388.0
U000135,995.0,199.0,5,1,2388.0
U021146,995.0,199.0,5,1,2388.0
U001474,995.0,199.0,5,1,2388.0
U017112,995.0,199.0,5,1,2388.0
U018640,995.0,199.0,5,1,2388.0
U021055,995.0,199.0,5,1,2388.0
U005881,995.0,199.0,5,1,2388.0
U020294,995.0,199.0,5,1,2388.0
U012173,995.0,199.0,5,1,2388.0
U000173,995.0,199.0,5,1,2388.0
U006390,995.0,199.0,5,1,2388.0
U027564,995.0,199.0,5,1,2388.0
U027140,995.0,199.0,5,1,2388.0
U001217,995.0,199.0,5,1,2388.0
U016226,995.0,199.0,5,1,2388.0
U015979,995.0,199.0,5,1,2388.0
U023555,995.0,199.0,5,1,2388.0
U007112,995.0,199.0,5,1,2388.0
U029069,995.0,199.0,5,1,2388.0
U001437,995.0,199.0,5,1,2388.0
U003439,995.0,199.0,5,1,2388.0
U008925,995.0,199.0,5,1,2388.0
U011159,995.0,199.0,5,1,2388.0
U007308,995.0,199.0,5,1,2388.0
U013716,995.0,199.0,5,1,2388.0
U007164,995.0,199.0,5,1,2388.0
U018262,995.0,199.0,5,1,2388.0
U003533,995.0,199.0,5,1,2388.0
U014152,995.0,199.0,5,1,2388.0
U006100,995.0,199.0,5,1,2388.0
U025904,995.0,199.0,5,1,2388.0
U017397,995.0,199.0,5,1,2388.0
U015676,995.0,199.0,5,1,2388.0
U009496,995.0,199.0,5,1,2388.0
U008951,995.0,199.0,5,1,2388.0
U022562,995.0,199.0,5,1,2388.0
U022327,995.0,199.0,5,1,2388.0
U012030,995.0,199.0,5,1,2388.0
U027857,995.0,199.0,5,1,2388.0
U009143,995.0,199.0,5,1,2388.0
U006111,995.0,199.0,5,1,2388.0
U006603,995.0,199.0,5,1,2388.0
U002792,995.0,199.0,5,1,2388.0
U013665,995.0,199.0,5,1,2388.0
U025128,995.0,199.0,5,1,2388.0
U028185,995.0,199.0,5,1,2388.0
U000539,995.0,199.0,5,1,2388.0
U004708,995.0,199.0,5,1,2388.0
U005557,995.0,199.0,5,1,2388.0
U022568,995.0,199.0,5,1,2388.0
U010195,995.0,199.0,5,1,2388.0
U018418,995.0,199.0,5,1,2388.0
U010505,995.0,199.0,5,1,2388.0
U001796,995.0,199.0,5,1,2388.0
U022532,995.0,199.0,5,1,2388.0
U012882,995.0,199.0,5,1,2388.0
U027080,995.0,199.0,5,1,2388.0
U021926,995.0,199.0,5,1,2388.0
U010911,995.0,199.0,5,1,2388.0
U028148,995.0,199.0,5,1,2388.0
U028140,995.0,199.0,5,1,2388.0
U003256,995.0,199.0,5,1,2388.0
U019574,995.0,199.0,5,1,2388.0
U015768,995.0,199.0,5,1,2388.0
U016059,995.0,199.0,5,1,2388.0
U027125,995.0,199.0,5,1,2388.0
U016710,995.0,199.0,5,1,2388.0
U021081,995.0,199.0,5,1,2388.0
U012998,995.0,199.0,5,1,2388.0
U013655,995.0,199.0,5,1,2388.0
U003202,995.0,199.0,5,1,2388.0
U002063,995.0,199.0,5,1,2388.0
U012551,995.0,199.0,5,1,2388.0
U016476,995.0,199.0,5,1,2388.0
U018896,995.0,199.0,5,1,2388.0
U006449,948.0,79.0,12,1,948.0
U005813,948.0,79.0,12,1,948.0
U020300,948.0,79.0,12,1,948.0
U016126,948.0,79.0,12,1,948.0
U006739,948.0,79.0,12,1,948.0
U020304,948.0,79.0,12,1,948.0
U017517,948.0,79.0,12,1,948.0
U004511,948.0,79.0,12,1,948.0
U011730,948.0,79.0,12,1,948.0
U023894,948.0,79.0,12,1,948.0
U023917,948.0,79.0,12,1,948.0
U015501,948.0,79.0,12,1,948.0
U010201,948.0,79.0,12,1,948.0
U022210,948.0,79.0,12,1,948.0
U000508,948.0,79.0,12,1,948.0
U011190,948.0,79.0,12,1,948.0
U013498,948.0,79.0,12,1,948.0
U027728,948.0,79.0,12,1,948.0
U003440,948.0,79.0,12,1,948.0
U005433,948.0,79.0,12,1,948.0
U019659,948.0,79.0,12,1,948.0
U026159,948.0,79.0,12,1,948.0
U014405,948.0,79.0,12,1,948.0
U013157,948.0,79.0,12,1,948.0
U000564,948.0,79.0,12,1,948.0
U026146,948.0,79.0,12,1,948.0
U016238,948.0,79.0,12,1,948.0
U005885,948.0,79.0,12,1,948.0
U000578,948.0,79.0,12,1,948.0
U006703,948.0,79.0,12,1,948.0
U003379,948.0,79.0,12,1,948.0
U017089,948.0,79.0,12,1,948.0
U014431,948.0,79.0,12,1,948.0
U003343,948.0,79.0,12,1,948.0
U016259,948.0,79.0,12,1,948.0
U028618,948.0,79.0,12,1,948.0
U023079,948.0,79.0,12,1,948.0
U014465,948.0,79.0,12,1,948.0
U020163,948.0,79.0,12,1,948.0
U019599,948.0,79.0,12,1,948.0
U028574,948.0,79.0,12,1,948.0
U005394,948.0,79.0,12,1,948.0
U026087,948.0,79.0,12,1,948.0
U010680,948.0,79.0,12,1,948.0
U016277,948.0,79.0,12,1,948.0
U028560,948.0,79.0,12,1,948.0
U001566,948.0,79.0,12,1,948.0
U019592,948.0,79.0,12,1,948.0
U011832,948.0,79.0,12,1,948.0
U026065,948.0,79.0,12,1,948.0
U004592,948.0,79.0,12,1,948.0
U021194,948.0,79.0,12,1,948.0
U026058,948.0,79.0,12,1,948.0
U016305,948.0,79.0,12,1,948.0
U028506,948.0,79.0,12,1,948.0
U013358,948.0,79.0,12,1,948.0
U007012,948.0,79.0,12,1,948.0
U017405,948.0,79.0,12,1,948.0
U011196,948.0,79.0,12,1,948.0
U011876,948.0,79.0,12,1,948.0
U010111,948.0,79.0,12,1,948.0
U015347,948.0,79.0,12,1,948.0
U013322,948.0,79.0,12,1,948.0
U019533,948.0,79.0,12,1,948.0
U017901,948.0,79.0,12,1,948.0
U010620,948.0,79.0,12,1,948.0
U005345,948.0,79.0,12,1,948.0
U004620,948.0,79.0,12,1,948.0
U003163,948.0,79.0,12,1,948.0
U015320,948.0,79.0,12,1,948.0
U000731,948.0,79.0,12,1,948.0
U020367,948.0,79.0,12,1,948.0
U006646,948.0,79.0,12,1,948.0
U009213,948.0,79.0,12,1,948.0
U006387,948.0,79.0,12,1,948.0
U011890,948.0,79.0,12,1,948.0
U019961,948.0,79.0,12,1,948.0
U006375,948.0,79.0,12,1,948.0
U024274,948.0,79.0,12,1,948.0
U014618,948.0,79.0,12,1,948.0
U024290,948.0,79.0,12,1,948.0
U016972,948.0,79.0,12,1,948.0
U005294,948.0,79.0,12,1,948.0
U010575,948.0,79.0,12,1,948.0
U000787,948.0,79.0,12,1,948.0
U005997,948.0,79.0,12,1,948.0
U024363,948.0,79.0,12,1,948.0
U008624,948.0,79.0,12,1,948.0
U015246,948.0,79.0,12,1,948.0
U002093,948.0,79.0,12,1,948.0
U002900,948.0,79.0,12,1,948.0
U012442,948.0,79.0,12,1,948.0
U017987,948.0,79.0,12,1,948.0
U022521,948.0,79.0,12,1,948.0
U028347,948.0,79.0,12,1,948.0
U024395,948.0,79.0,12,1,948.0
U022793,948.0,79.0,12,1,948.0
U007964,948.0,79.0,12,1,948.0
U020007,948.0,79.0,12,1,948.0
U009638,948.0,79.0,12,1,948.0
U008417,948.0,79.0,12,1,948.0
U006187,948.0,79.0,12,1,948.0
U006357,948.0,79.0,12,1,948.0
U013132,948.0,79.0,12,1,948.0
U017203,948.0,79.0,12,1,948.0
U009664,948.0,79.0,12,1,948.0
U007956,948.0,79.0,12,1,948.0
U002347,948.0,79.0,12,1,948.0
U023228,948.0,79.0,12,1,948.0
U006200,948.0,79.0,12,1,948.0
U024982,948.0,79.0,12,1,948.0
U020099,948.0,79.0,12,1,948.0
U026865,948.0,79.0,12,1,948.0
U006207,948.0,79.0,12,1,948.0
U024824,948.0,79.0,12,1,948.0
U010025,948.0,79.0,12,1,948.0
U016524,948.0,79.0,12,1,948.0
U020590,948.0,79.0,12,1,948.0
U018523,948.0,79.0,12,1,948.0
U009755,948.0,79.0,12,1,948.0
U010015,948.0,79.0,12,1,948.0
U007936,948.0,79.0,12,1,948.0
U014851,948.0,79.0,12,1,948.0
U010511,948.0,79.0,12,1,948.0
U006836,948.0,79.0,12,1,948.0
U005240,948.0,79.0,12,1,948.0
U016542,948.0,79.0,12,1,948.0
U018099,948.0,79.0,12,1,948.0
U029887,948.0,79.0,12,1,948.0
U025197,948.0,79.0,12,1,948.0
U007082,948.0,79.0,12,1,948.0
U014738,948.0,79.0,12,1,948.0
U027990,948.0,79.0,12,1,948.0
U029662,948.0,79.0,12,1,948.0
U001185,948.0,79.0,12,1,948.0
U002762,948.0,79.0,12,1,948.0
U000517,948.0,79.0,12,1,948.0
U006820,948.0,79.0,12,1,948.0
U029472,948.0,79.0,12,1,948.0
U029433,948.0,79.0,12,1,948.0
U004325,948.0,79.0,12,1,948.0
U029408,948.0,79.0,12,1,948.0
U004337,948.0,79.0,12,1,948.0
U007635,948.0,79.0,12,1,948.0
U004691,948.0,79.0,12,1,948.0
U029345,948.0,79.0,12,1,948.0
U025630,948.0,79.0,12,1,948.0
U029311,948.0,79.0,12,1,948.0
U018139,948.0,79.0,12,1,948.0
U002241,948.0,79.0,12,1,948.0
U029308,948.0,79.0,12,1,948.0
U017750,948.0,79.0,12,1,948.0
U026409,948.0,79.0,12,1,948.0
U025624,948.0,79.0,12,1,948.0
U026404,948.0,79.0,12,1,948.0
U005589,948.0,79.0,12,1,948.0
U009983,948.0,79.0,12,1,948.0
U001225,948.0,79.0,12,1,948.0
U014775,948.0,79.0,12,1,948.0
U021337,948.0,79.0,12,1,948.0
U011212,948.0,79.0,12,1,948.0
U015155,948.0,79.0,12,1,948.0
U000206,948.0,79.0,12,1,948.0
U027380,948.0,79.0,12,1,948.0
U009489,948.0,79.0,12,1,948.0
U021204,948.0,79.0,12,1,948.0
U000223,948.0,79.0,12,1,948.0
U026382,948.0,79.0,12,1,948.0
U017647,948.0,79.0,12,1,948.0
U014079,948.0,79.0,12,1,948.0
U023579,948.0,79.0,12,1,948.0
U021607,948.0,79.0,12,1,948.0
U022302,948.0,79.0,12,1,948.0
U012652,948.0,79.0,12,1,948.0
U024591,948.0,79.0,12,1,948.0
U002067,948.0,79.0,12,1,948.0
U020719,948.0,79.0,12,1,948.0
U008238,948.0,79.0,12,1,948.0
U019885,948.0,79.0,12,1,948.0
U022303,948.0,79.0,12,1,948.0
U016023,948.0,79.0,12,1,948.0
U012168,948.0,79.0,12,1,948.0
U023656,948.0,79.0,12,1,948.0
U012502,948.0,79.0,12,1,948.0
U010912,948.0,79.0,12,1,948.0
U008300,948.0,79.0,12,1,948.0
U004020,948.0,79.0,12,1,948.0
U017596,948.0,79.0,12,1,948.0
U014139,948.0,79.0,12,1,948.0
U002585,948.0,79.0,12,1,948.0
U024623,948.0,79.0,12,1,948.0
U010286,948.0,79.0,12,1,948.0
U023681,948.0,79.0,12,1,948.0
U026623,948.0,79.0,12,1,948.0
U021885,948.0,79.0,12,1,948.0
U017256,948.0,79.0,12,1,948.0
U008315,948.0,79.0,12,1,948.0
U001332,948.0,79.0,12,1,948.0
U010421,948.0,79.0,12,1,948.0
U022754,948.0,79.0,12,1,948.0
U012641,948.0,79.0,12,1,948.0
U020505,948.0,79.0,12,1,948.0
U027296,948.0,79.0,12,1,948.0
U001340,948.0,79.0,12,1,948.0
U025533,948.0,79.0,12,1,948.0
U017239,948.0,79.0,12,1,948.0
U007854,948.0,79.0,12,1,948.0
U001899,948.0,79.0,12,1,948.0
U025774,948.0,79.0,12,1,948.0
U027293,948.0,79.0,12,1,948.0
U006139,948.0,79.0,12,1,948.0
U024689,948.0,79.0,12,1,948.0
U026694,948.0,79.0,12,1,948.0
U011662,948.0,79.0,12,1,948.0
U019984,948.0,79.0,12,1,948.0
U015783,948.0,79.0,12,1,948.0
U003744,948.0,79.0,12,1,948.0
U027848,948.0,79.0,12,1,948.0
U028895,948.0,79.0,12,1,948.0
U020064,948.0,79.0,12,1,948.0
U014206,948.0,79.0,12,1,948.0
U000398,948.0,79.0,12,1,948.0
U026744,948.0,79.0,12,1,948.0
U007660,948.0,79.0,12,1,948.0
U002446,948.0,79.0,12,1,948.0
U013648,948.0,79.0,12,1,948.0
U023140,948.0,79.0,12,1,948.0
U025501,948.0,79.0,12,1,948.0
U020102,948.0,79.0,12,1,948.0
U013600,948.0,79.0,12,1,948.0
U015905,948.0,79.0,12,1,948.0
U020649,948.0,79.0,12,1,948.0
U014231,948.0,79.0,12,1,948.0
U007210,948.0,79.0,12,1,948.0
U013858,948.0,79.0,12,1,948.0
U003659,948.0,79.0,12,1,948.0
U002129,948.0,79.0,12,1,948.0
U000957,948.0,79.0,12,1,948.0
U014169,899.0,29.0,31,1,348.0
U028489,899.0,29.0,31,1,348.0
U010883,899.0,29.0,31,1,348.0
U021624,899.0,29.0,31,1,348.0
U013068,899.0,29.0,31,1,348.0
U007938,899.0,29.0,31,1,348.0
U012603,899.0,29.0,31,1,348.0
U018221,899.0,29.0,31,1,348.0
U025218,899.0,29.0,31,1,348.0
U008760,899.0,29.0,31,1,348.0
U027884,899.0,29.0,31,1,348.0
U023181,899.0,29.0,31,1,348.0
U005540,899.0,29.0,31,1,348.0
U024021,899.0,29.0,31,1,348.0
U027062,899.0,29.0,31,1,348.0
U015669,899.0,29.0,31,1,348.0
U005551,899.0,29.0,31,1,348.0
U013566,899.0,29.0,31,1,348.0
U011188,899.0,29.0,31,1,348.0
U012267,899.0,29.0,31,1,348.0
U025402,899.0,29.0,31,1,348.0
U009164,899.0,29.0,31,1,348.0
U024935,899.0,29.0,31,1,348.0
U025475,899.0,29.0,31,1,348.0
U003324,899.0,29.0,31,1,348.0
U003901,899.0,29.0,31,1,348.0
U015184,899.0,29.0,31,1,348.0
U000438,899.0,29.0,31,1,348.0
U027939,899.0,29.0,31,1,348.0
U012471,899.0,29.0,31,1,348.0
U025603,899.0,29.0,31,1,348.0
U012473,899.0,29.0,31,1,348.0
U010225,899.0,29.0,31,1,348.0
U011798,899.0,29.0,31,1,348.0
U006075,899.0,29.0,31,1,348.0
U004027,899.0,29.0,31,1,348.0
U026019,899.0,29.0,31,1,348.0
U019094,899.0,29.0,31,1,348.0
U023565,899.0,29.0,31,1,348.0
U009073,899.0,29.0,31,1,348.0
U009184,899.0,29.0,31,1,348.0
U025612,899.0,29.0,31,1,348.0
U003118,899.0,29.0,31,1,348.0
U017525,899.0,29.0,31,1,348.0
U000006,899.0,29.0,31,1,348.0
U020028,899.0,29.0,31,1,348.0
U010230,899.0,29.0,31,1,348.0
U012600,899.0,29.0,31,1,348.0
U011098,899.0,29.0,31,1,348.0
U013896,899.0,29.0,31,1,348.0
U000741,899.0,29.0,31,1,348.0
U010323,899.0,29.0,31,1,348.0
U010977,899.0,29.0,31,1,348.0
U011173,899.0,29.0,31,1,348.0
U029317,899.0,29.0,31,1,348.0
U007387,899.0,29.0,31,1,348.0
U018137,899.0,29.0,31,1,348.0
U001842,899.0,29.0,31,1,348.0
U014602,899.0,29.0,31,1,348.0
U017301,899.0,29.0,31,1,348.0
U025415,899.0,29.0,31,1,348.0
U020608,899.0,29.0,31,1,348.0
U006576,899.0,29.0,31,1,348.0
U017067,899.0,29.0,31,1,348.0
U021906,899.0,29.0,31,1,348.0
U012678,899.0,29.0,31,1,348.0
U001202,899.0,29.0,31,1,348.0
U012305,899.0,29.0,31,1,348.0
U010189,899.0,29.0,31,1,348.0
U022854,899.0,29.0,31,1,348.0
U005202,899.0,29.0,31,1,348.0
U016389,899.0,29.0,31,1,348.0
U000150,899.0,29.0,31,1,348.0
U020617,899.0,29.0,31,1,348.0
U016413,899.0,29.0,31,1,348.0
U019279,899.0,29.0,31,1,348.0
U006505,899.0,29.0,31,1,348.0
U023065,899.0,29.0,31,1,348.0
U026168,899.0,29.0,31,1,348.0
U021155,899.0,29.0,31,1,348.0
U029200,899.0,29.0,31,1,348.0
U029833,899.0,29.0,31,1,348.0
U026258,899.0,29.0,31,1,348.0
U018940,899.0,29.0,31,1,348.0
U015013,899.0,29.0,31,1,348.0
U009263,899.0,29.0,31,1,348.0
U028392,899.0,29.0,31,1,348.0
U021761,899.0,29.0,31,1,348.0
U014941,899.0,29.0,31,1,348.0
U024326,899.0,29.0,31,1,348.0
U006120,899.0,29.0,31,1,348.0
U007421,899.0,29.0,31,1,348.0
U002275,899.0,29.0,31,1,348.0
U021161,899.0,29.0,31,1,348.0
U005293,899.0,29.0,31,1,348.0
U009683,899.0,29.0,31,1,348.0
U023990,899.0,29.0,31,1,348.0
U002113,899.0,29.0,31,1,348.0
U012760,899.0,29.0,31,1,348.0
U025688,899.0,29.0,31,1,348.0
U025690,899.0,29.0,31,1,348.0
U004526,899.0,29.0,31,1,348.0
U024648,899.0,29.0,31,1,348.0
U015818,899.0,29.0,31,1,348.0
U010192,899.0,29.0,31,1,348.0
U005282,899.0,29.0,31,1,348.0
U020780,899.0,29.0,31,1,348.0
U026836,899.0,29.0,31,1,348.0
U007543,899.0,29.0,31,1,348.0
U015243,899.0,29.0,31,1,348.0
U012880,899.0,29.0,31,1,348.0
U010136,899.0,29.0,31,1,348.0
U024771,899.0,29.0,31,1,348.0
U016742,899.0,29.0,31,1,348.0
U026541,899.0,29.0,31,1,348.0
U001458,899.0,29.0,31,1,348.0
U017362,899.0,29.0,31,1,348.0
U018951,899.0,29.0,31,1,348.0
U026066,899.0,29.0,31,1,348.0
U024961,899.0,29.0,31,1,348.0
U024898,899.0,29.0,31,1,348.0
U016066,899.0,29.0,31,1,348.0
U022738,899.0,29.0,31,1,348.0
U014195,899.0,29.0,31,1,348.0
U010160,899.0,29.0,31,1,348.0
U012245,899.0,29.0,31,1,348.0
U004730,899.0,29.0,31,1,348.0
U024690,899.0,29.0,31,1,348.0
U015394,899.0,29.0,31,1,348.0
U007963,899.0,29.0,31,1,348.0
U008478,899.0,29.0,31,1,348.0
U021052,899.0,29.0,31,1,348.0
U002465,899.0,29.0,31,1,348.0
U015220,899.0,29.0,31,1,348.0
U014193,899.0,29.0,31,1,348.0
U013660,899.0,29.0,31,1,348.0
U028726,899.0,29.0,31,1,348.0
U001544,899.0,29.0,31,1,348.0
U018499,899.0,29.0,31,1,348.0
U020631,899.0,29.0,31,1,348.0
U020776,899.0,29.0,31,1,348.0
U011181,899.0,29.0,31,1,348.0
U008189,899.0,29.0,31,1,348.0
U004845,899.0,29.0,31,1,348.0
U022623,899.0,29.0,31,1,348.0
U012694,899.0,29.0,31,1,348.0
U019198,899.0,29.0,31,1,348.0
U026201,899.0,29.0,31,1,348.0
U010127,899.0,29.0,31,1,348.0
U022951,899.0,29.0,31,1,348.0
U017341,899.0,29.0,31,1,348.0
U007511,899.0,29.0,31,1,348.0
U004244,870.0,29.0,30,1,348.0
U004242,870.0,29.0,30,1,348.0
U021399,870.0,29.0,30,1,348.0
U023398,870.0,29.0,30,1,348.0
U025633,870.0,29.0,30,1,348.0
U018050,870.0,29.0,30,1,348.0
U025628,870.0,29.0,30,1,348.0
U026556,870.0,29.0,30,1,348.0
U026551,870.0,29.0,30,1,348.0
U027964,870.0,29.0,30,1,348.0
U015926,870.0,29.0,30,1,348.0
U004001,870.0,29.0,30,1,348.0
U027950,870.0,29.0,30,1,348.0
U001255,870.0,29.0,30,1,348.0
U027946,870.0,29.0,30,1,348.0
U004660,870.0,29.0,30,1,348.0
U027931,870.0,29.0,30,1,348.0
U012204,870.0,29.0,30,1,348.0
U012221,870.0,29.0,30,1,348.0
U004798,870.0,29.0,30,1,348.0
U027866,870.0,29.0,30,1,348.0
U017888,870.0,29.0,30,1,348.0
U001344,870.0,29.0,30,1,348.0
U017729,870.0,29.0,30,1,348.0
U021037,870.0,29.0,30,1,348.0
U007512,870.0,29.0,30,1,348.0
U025534,870.0,29.0,30,1,348.0
U010251,870.0,29.0,30,1,348.0
U001394,870.0,29.0,30,1,348.0
U007061,870.0,29.0,30,1,348.0
U020920,870.0,29.0,30,1,348.0
U001403,870.0,29.0,30,1,348.0
U028716,870.0,29.0,30,1,348.0
U025464,870.0,29.0,30,1,348.0
U025455,870.0,29.0,30,1,348.0
U022860,870.0,29.0,30,1,348.0
U020808,870.0,29.0,30,1,348.0
U022853,870.0,29.0,30,1,348.0
U023216,870.0,29.0,30,1,348.0
U000085,870.0,29.0,30,1,348.0
U001505,870.0,29.0,30,1,348.0
U026166,870.0,29.0,30,1,348.0
U004851,870.0,29.0,30,1,348.0
U000092,870.0,29.0,30,1,348.0
U027696,870.0,29.0,30,1,348.0
U025377,870.0,29.0,30,1,348.0
U027622,870.0,29.0,30,1,348.0
U000104,870.0,29.0,30,1,348.0
U010113,870.0,29.0,30,1,348.0
U020767,870.0,29.0,30,1,348.0
U005691,870.0,29.0,30,1,348.0
U004385,870.0,29.0,30,1,348.0
U001655,870.0,29.0,30,1,348.0
U016988,870.0,29.0,30,1,348.0
U016959,870.0,29.0,30,1,348.0
U007625,870.0,29.0,30,1,348.0
U027405,870.0,29.0,30,1,348.0
U017318,870.0,29.0,30,1,348.0
U022768,870.0,29.0,30,1,348.0
U001864,870.0,29.0,30,1,348.0
U011009,870.0,29.0,30,1,348.0
U006938,870.0,29.0,30,1,348.0
U012553,870.0,29.0,30,1,348.0
U028236,870.0,29.0,30,1,348.0
U012554,870.0,29.0,30,1,348.0
U006310,870.0,29.0,30,1,348.0
U001982,870.0,29.0,30,1,348.0
U000580,870.0,29.0,30,1,348.0
U001991,870.0,29.0,30,1,348.0
U025015,870.0,29.0,30,1,348.0
U000155,870.0,29.0,30,1,348.0
U013771,870.0,29.0,30,1,348.0
U002036,870.0,29.0,30,1,348.0
U020666,870.0,29.0,30,1,348.0
U005018,870.0,29.0,30,1,348.0
U015554,870.0,29.0,30,1,348.0
U029141,870.0,29.0,30,1,348.0
U019020,870.0,29.0,30,1,348.0
U011223,870.0,29.0,30,1,348.0
U027065,870.0,29.0,30,1,348.0
U012662,870.0,29.0,30,1,348.0
U012014,870.0,29.0,30,1,348.0
U026420,870.0,29.0,30,1,348.0
U019058,870.0,29.0,30,1,348.0
U009790,870.0,29.0,30,1,348.0
U024875,870.0,29.0,30,1,348.0
U023468,870.0,29.0,30,1,348.0
U009726,870.0,29.0,30,1,348.0
U017656,870.0,29.0,30,1,348.0
U026907,870.0,29.0,30,1,348.0
U002303,870.0,29.0,30,1,348.0
U017283,870.0,29.0,30,1,348.0
U021336,870.0,29.0,30,1,348.0
U000620,870.0,29.0,30,1,348.0
U006213,870.0,29.0,30,1,348.0
U026867,870.0,29.0,30,1,348.0
U006175,870.0,29.0,30,1,348.0
U013811,870.0,29.0,30,1,348.0
U015001,870.0,29.0,30,1,348.0
U013777,870.0,29.0,30,1,348.0
U005131,870.0,29.0,30,1,348.0
U002420,870.0,29.0,30,1,348.0
U002453,870.0,29.0,30,1,348.0
U007839,870.0,29.0,30,1,348.0
U019910,870.0,29.0,30,1,348.0
U026700,870.0,29.0,30,1,348.0
U010672,870.0,29.0,30,1,348.0
U021248,870.0,29.0,30,1,348.0
U017641,870.0,29.0,30,1,348.0
U002536,870.0,29.0,30,1,348.0
U007864,870.0,29.0,30,1,348.0
U021894,870.0,29.0,30,1,348.0
U026596,870.0,29.0,30,1,348.0
U011848,870.0,29.0,30,1,348.0
U016659,870.0,29.0,30,1,348.0
U026055,870.0,29.0,30,1,348.0
U013849,870.0,29.0,30,1,348.0
U021106,870.0,29.0,30,1,348.0
U006117,870.0,29.0,30,1,348.0
U000264,870.0,29.0,30,1,348.0
U024596,870.0,29.0,30,1,348.0
U014782,870.0,29.0,30,1,348.0
U002659,870.0,29.0,30,1,348.0
U009482,870.0,29.0,30,1,348.0
U004127,870.0,29.0,30,1,348.0
U001020,870.0,29.0,30,1,348.0
U014771,870.0,29.0,30,1,348.0
U009451,870.0,29.0,30,1,348.0
U026042,870.0,29.0,30,1,348.0
U021931,870.0,29.0,30,1,348.0
U009342,870.0,29.0,30,1,348.0
U016469,870.0,29.0,30,1,348.0
U000283,870.0,29.0,30,1,348.0
U024387,870.0,29.0,30,1,348.0
U016440,870.0,29.0,30,1,348.0
U021457,870.0,29.0,30,1,348.0
U002991,870.0,29.0,30,1,348.0
U013225,870.0,29.0,30,1,348.0
U005301,870.0,29.0,30,1,348.0
U005302,870.0,29.0,30,1,348.0
U025770,870.0,29.0,30,1,348.0
U003042,870.0,29.0,30,1,348.0
U024257,870.0,29.0,30,1,348.0
U000715,870.0,29.0,30,1,348.0
U008302,870.0,29.0,30,1,348.0
U028439,870.0,29.0,30,1,348.0
U005670,870.0,29.0,30,1,348.0
U009210,870.0,29.0,30,1,348.0
U003136,870.0,29.0,30,1,348.0
U024203,870.0,29.0,30,1,348.0
U005362,870.0,29.0,30,1,348.0
U008383,870.0,29.0,30,1,348.0
U022424,870.0,29.0,30,1,348.0
U003282,870.0,29.0,30,1,348.0
U006929,870.0,29.0,30,1,348.0
U003284,870.0,29.0,30,1,348.0
U025746,870.0,29.0,30,1,348.0
U003309,870.0,29.0,30,1,348.0
U010880,870.0,29.0,30,1,348.0
U008099,870.0,29.0,30,1,348.0
U015423,870.0,29.0,30,1,348.0
U020992,870.0,29.0,30,1,348.0
U015429,870.0,29.0,30,1,348.0
U013426,870.0,29.0,30,1,348.0
U022395,870.0,29.0,30,1,348.0
U019662,870.0,29.0,30,1,348.0
U008109,870.0,29.0,30,1,348.0
U011654,870.0,29.0,30,1,348.0
U018265,870.0,29.0,30,1,348.0
U013483,870.0,29.0,30,1,348.0
U021556,870.0,29.0,30,1,348.0
U028909,870.0,29.0,30,1,348.0
U011895,870.0,29.0,30,1,348.0
U003454,870.0,29.0,30,1,348.0
U003460,870.0,29.0,30,1,348.0
U008987,870.0,29.0,30,1,348.0
U003479,870.0,29.0,30,1,348.0
U019731,870.0,29.0,30,1,348.0
U005847,870.0,29.0,30,1,348.0
U022365,870.0,29.0,30,1,348.0
U003646,870.0,29.0,30,1,348.0
U015564,870.0,29.0,30,1,348.0
U003669,870.0,29.0,30,1,348.0
U013620,870.0,29.0,30,1,348.0
U022156,870.0,29.0,30,1,348.0
U008826,870.0,29.0,30,1,348.0
U003716,870.0,29.0,30,1,348.0
U003745,870.0,29.0,30,1,348.0
U003769,870.0,29.0,30,1,348.0
U000403,870.0,29.0,30,1,348.0
U022171,870.0,29.0,30,1,348.0
U019844,870.0,29.0,30,1,348.0
U028070,870.0,29.0,30,1,348.0
U011185,870.0,29.0,30,1,348.0
U028068,870.0,29.0,30,1,348.0
U020974,870.0,29.0,30,1,348.0
U010818,870.0,29.0,30,1,348.0
U015657,870.0,29.0,30,1,348.0
U008761,870.0,29.0,30,1,348.0
U023650,870.0,29.0,30,1,348.0
U005754,870.0,29.0,30,1,348.0
U010803,870.0,29.0,30,1,348.0
U008226,870.0,29.0,30,1,348.0
U019872,870.0,29.0,30,1,348.0
U020234,870.0,29.0,30,1,348.0
U028831,870.0,29.0,30,1,348.0
U013726,870.0,29.0,30,1,348.0
U014083,870.0,29.0,30,1,348.0
U005565,870.0,29.0,30,1,348.0
U018491,870.0,29.0,30,1,348.0
U023569,870.0,29.0,30,1,348.0
U020861,870.0,29.0,30,1,348.0
U022297,870.0,29.0,30,1,348.0
U006614,870.0,29.0,30,1,348.0
U008247,870.0,29.0,30,1,348.0
U004355,870.0,29.0,30,1,348.0
U018322,870.0,29.0,30,1,348.0
U004339,870.0,29.0,30,1,348.0
U029387,870.0,29.0,30,1,348.0
U029432,870.0,29.0,30,1,348.0
U008334,870.0,29.0,30,1,348.0
U029610,870.0,29.0,30,1,348.0
U010990,869.0,79.0,11,1,948.0
U000005,869.0,79.0,11,1,948.0
U006271,869.0,79.0,11,1,948.0
U015310,869.0,79.0,11,1,948.0
U009353,869.0,79.0,11,1,948.0
U001116,869.0,79.0,11,1,948.0
U029293,869.0,79.0,11,1,948.0
U004763,869.0,79.0,11,1,948.0
U007621,869.0,79.0,11,1,948.0
U026964,869.0,79.0,11,1,948.0
U008669,869.0,79.0,11,1,948.0
U011442,869.0,79.0,11,1,948.0
U001691,869.0,79.0,11,1,948.0
U019679,869.0,79.0,11,1,948.0
U027036,869.0,79.0,11,1,948.0
U001487,869.0,79.0,11,1,948.0
U001695,869.0,79.0,11,1,948.0
U012614,869.0,79.0,11,1,948.0
U017930,869.0,79.0,11,1,948.0
U008111,869.0,79.0,11,1,948.0
U029755,869.0,79.0,11,1,948.0
U019945,869.0,79.0,11,1,948.0
U027711,869.0,79.0,11,1,948.0
U012139,869.0,79.0,11,1,948.0
U017189,869.0,79.0,11,1,948.0
U029243,869.0,79.0,11,1,948.0
U028031,869.0,79.0,11,1,948.0
U014399,869.0,79.0,11,1,948.0
U023999,869.0,79.0,11,1,948.0
U009355,869.0,79.0,11,1,948.0
U023028,869.0,79.0,11,1,948.0
U011466,869.0,79.0,11,1,948.0
U009826,869.0,79.0,11,1,948.0
U017712,869.0,79.0,11,1,948.0
U028020,869.0,79.0,11,1,948.0
U029455,869.0,79.0,11,1,948.0
U010356,869.0,79.0,11,1,948.0
U022072,869.0,79.0,11,1,948.0
U029424,869.0,79.0,11,1,948.0
U020975,869.0,79.0,11,1,948.0
U002540,869.0,79.0,11,1,948.0
U023514,869.0,79.0,11,1,948.0
U001893,869.0,79.0,11,1,948.0
U026457,869.0,79.0,11,1,948.0
U029370,869.0,79.0,11,1,948.0
U028363,869.0,79.0,11,1,948.0
U010180,869.0,79.0,11,1,948.0
U022069,869.0,79.0,11,1,948.0
U003412,869.0,79.0,11,1,948.0
U020211,869.0,79.0,11,1,948.0
U023206,869.0,79.0,11,1,948.0
U011516,869.0,79.0,11,1,948.0
U008673,869.0,79.0,11,1,948.0
U015977,869.0,79.0,11,1,948.0
U006489,869.0,79.0,11,1,948.0
U021332,869.0,79.0,11,1,948.0
U013427,869.0,79.0,11,1,948.0
U000157,869.0,79.0,11,1,948.0
U023554,869.0,79.0,11,1,948.0
U020265,869.0,79.0,11,1,948.0
U023558,869.0,79.0,11,1,948.0
U019440,869.0,79.0,11,1,948.0
U006130,869.0,79.0,11,1,948.0
U008436,869.0,79.0,11,1,948.0
U019624,869.0,79.0,11,1,948.0
U004107,869.0,79.0,11,1,948.0
U024535,869.0,79.0,11,1,948.0
U000826,869.0,79.0,11,1,948.0
U000831,869.0,79.0,11,1,948.0
U013744,869.0,79.0,11,1,948.0
U023539,869.0,79.0,11,1,948.0
U005252,869.0,79.0,11,1,948.0
U027690,869.0,79.0,11,1,948.0
U027129,869.0,79.0,11,1,948.0
U016000,869.0,79.0,11,1,948.0
U007348,869.0,79.0,11,1,948.0
U002578,869.0,79.0,11,1,948.0
U021264,869.0,79.0,11,1,948.0
U026993,869.0,79.0,11,1,948.0
U010961,869.0,79.0,11,1,948.0
U008700,869.0,79.0,11,1,948.0
U015405,869.0,79.0,11,1,948.0
U029079,869.0,79.0,11,1,948.0
U026384,869.0,79.0,11,1,948.0
U023182,869.0,79.0,11,1,948.0
U012509,869.0,79.0,11,1,948.0
U024437,869.0,79.0,11,1,948.0
U021187,869.0,79.0,11,1,948.0
U023589,869.0,79.0,11,1,948.0
U012193,869.0,79.0,11,1,948.0
U002590,869.0,79.0,11,1,948.0
U024092,869.0,79.0,11,1,948.0
U011970,869.0,79.0,11,1,948.0
U016285,869.0,79.0,11,1,948.0
U012719,869.0,79.0,11,1,948.0
U008229,869.0,79.0,11,1,948.0
U016791,869.0,79.0,11,1,948.0
U028287,869.0,79.0,11,1,948.0
U011591,869.0,79.0,11,1,948.0
U016878,869.0,79.0,11,1,948.0
U013722,869.0,79.0,11,1,948.0
U005081,869.0,79.0,11,1,948.0
U017148,869.0,79.0,11,1,948.0
U021259,869.0,79.0,11,1,948.0
U026587,869.0,79.0,11,1,948.0
U025368,869.0,79.0,11,1,948.0
U027902,869.0,79.0,11,1,948.0
U006896,869.0,79.0,11,1,948.0
U005704,869.0,79.0,11,1,948.0
U027074,869.0,79.0,11,1,948.0
U022222,869.0,79.0,11,1,948.0
U018808,869.0,79.0,11,1,948.0
U010297,869.0,79.0,11,1,948.0
U010289,869.0,79.0,11,1,948.0
U011372,869.0,79.0,11,1,948.0
U004675,869.0,79.0,11,1,948.0
U023503,869.0,79.0,11,1,948.0
U021610,869.0,79.0,11,1,948.0
U005697,869.0,79.0,11,1,948.0
U016882,869.0,79.0,11,1,948.0
U028987,869.0,79.0,11,1,948.0
U025124,869.0,79.0,11,1,948.0
U003825,869.0,79.0,11,1,948.0
U025352,869.0,79.0,11,1,948.0
U019565,869.0,79.0,11,1,948.0
U001989,869.0,79.0,11,1,948.0
U025555,869.0,79.0,11,1,948.0
U015376,869.0,79.0,11,1,948.0
U005759,869.0,79.0,11,1,948.0
U001324,869.0,79.0,11,1,948.0
U019277,869.0,79.0,11,1,948.0
U027881,869.0,79.0,11,1,948.0
U005374,869.0,79.0,11,1,948.0
U011993,869.0,79.0,11,1,948.0
U000939,869.0,79.0,11,1,948.0
U008787,869.0,79.0,11,1,948.0
U017553,869.0,79.0,11,1,948.0
U024147,869.0,79.0,11,1,948.0
U004694,869.0,79.0,11,1,948.0
U012771,869.0,79.0,11,1,948.0
U008788,869.0,79.0,11,1,948.0
U001342,869.0,79.0,11,1,948.0
U017963,869.0,79.0,11,1,948.0
U021246,869.0,79.0,11,1,948.0
U017128,869.0,79.0,11,1,948.0
U024782,869.0,79.0,11,1,948.0
U000370,869.0,79.0,11,1,948.0
U010112,869.0,79.0,11,1,948.0
U019422,869.0,79.0,11,1,948.0
U005929,869.0,79.0,11,1,948.0
U002759,869.0,79.0,11,1,948.0
U025335,869.0,79.0,11,1,948.0
U009174,869.0,79.0,11,1,948.0
U022824,869.0,79.0,11,1,948.0
U000389,869.0,79.0,11,1,948.0
U024483,869.0,79.0,11,1,948.0
U017275,869.0,79.0,11,1,948.0
U007589,869.0,79.0,11,1,948.0
U028884,869.0,79.0,11,1,948.0
U009189,869.0,79.0,11,1,948.0
U008808,869.0,79.0,11,1,948.0
U027834,869.0,79.0,11,1,948.0
U027830,869.0,79.0,11,1,948.0
U018289,869.0,79.0,11,1,948.0
U021634,869.0,79.0,11,1,948.0
U013866,869.0,79.0,11,1,948.0
U007677,869.0,79.0,11,1,948.0
U006748,869.0,79.0,11,1,948.0
U019822,869.0,79.0,11,1,948.0
U019288,869.0,79.0,11,1,948.0
U026237,869.0,79.0,11,1,948.0
U019175,869.0,79.0,11,1,948.0
U014577,869.0,79.0,11,1,948.0
U027365,869.0,79.0,11,1,948.0
U020287,869.0,79.0,11,1,948.0
U003125,869.0,79.0,11,1,948.0
U004077,869.0,79.0,11,1,948.0
U028182,869.0,79.0,11,1,948.0
U014783,869.0,79.0,11,1,948.0
U021397,869.0,79.0,11,1,948.0
U016150,869.0,79.0,11,1,948.0
U012252,869.0,79.0,11,1,948.0
U001956,869.0,79.0,11,1,948.0
U012396,869.0,79.0,11,1,948.0
U009977,869.0,79.0,11,1,948.0
U019818,869.0,79.0,11,1,948.0
U024235,869.0,79.0,11,1,948.0
U017243,869.0,79.0,11,1,948.0
U021213,869.0,79.0,11,1,948.0
U023121,869.0,79.0,11,1,948.0
U020437,869.0,79.0,11,1,948.0
U028749,869.0,79.0,11,1,948.0
U026197,869.0,79.0,11,1,948.0
U016616,869.0,79.0,11,1,948.0
U002400,869.0,79.0,11,1,948.0
U025766,869.0,79.0,11,1,948.0
U002808,869.0,79.0,11,1,948.0
U015576,869.0,79.0,11,1,948.0
U007815,869.0,79.0,11,1,948.0
U003679,869.0,79.0,11,1,948.0
U027818,869.0,79.0,11,1,948.0
U014676,869.0,79.0,11,1,948.0
U024750,869.0,79.0,11,1,948.0
U024389,869.0,79.0,11,1,948.0
U007822,869.0,79.0,11,1,948.0
U008351,869.0,79.0,11,1,948.0
U008422,869.0,79.0,11,1,948.0
U004724,869.0,79.0,11,1,948.0
U003660,869.0,79.0,11,1,948.0
U021408,869.0,79.0,11,1,948.0
U025076,869.0,79.0,11,1,948.0
U003035,869.0,79.0,11,1,948.0
U017859,869.0,79.0,11,1,948.0
U019017,869.0,79.0,11,1,948.0
U010731,869.0,79.0,11,1,948.0
U017813,869.0,79.0,11,1,948.0
U018614,869.0,79.0,11,1,948.0
U023092,869.0,79.0,11,1,948.0
U026160,869.0,79.0,11,1,948.0
U028098,869.0,79.0,11,1,948.0
U014726,869.0,79.0,11,1,948.0
U024482,869.0,79.0,11,1,948.0
U002151,869.0,79.0,11,1,948.0
U001934,869.0,79.0,11,1,948.0
U008579,869.0,79.0,11,1,948.0
U026761,869.0,79.0,11,1,948.0
U021024,869.0,79.0,11,1,948.0
U025715,869.0,79.0,11,1,948.0
U016132,869.0,79.0,11,1,948.0
U028649,869.0,79.0,11,1,948.0
U001098,869.0,79.0,11,1,948.0
U001102,869.0,79.0,11,1,948.0
U018915,869.0,79.0,11,1,948.0
U010707,869.0,79.0,11,1,948.0
U024444,869.0,79.0,11,1,948.0
U011271,869.0,79.0,11,1,948.0
U000585,869.0,79.0,11,1,948.0
U016958,869.0,79.0,11,1,948.0
U022110,869.0,79.0,11,1,948.0
U017001,869.0,79.0,11,1,948.0
U011801,869.0,79.0,11,1,948.0
U012282,869.0,79.0,11,1,948.0
U022364,869.0,79.0,11,1,948.0
U018398,869.0,79.0,11,1,948.0
U001439,869.0,79.0,11,1,948.0
U006693,869.0,79.0,11,1,948.0
U007830,869.0,79.0,11,1,948.0
U026748,869.0,79.0,11,1,948.0
U024714,869.0,79.0,11,1,948.0
U000624,869.0,79.0,11,1,948.0
U006690,869.0,79.0,11,1,948.0
U007831,869.0,79.0,11,1,948.0
U012541,869.0,79.0,11,1,948.0
U025009,869.0,79.0,11,1,948.0
U014724,869.0,79.0,11,1,948.0
U024490,869.0,79.0,11,1,948.0
U019732,869.0,79.0,11,1,948.0
U019938,869.0,79.0,11,1,948.0
U010204,869.0,79.0,11,1,948.0
U017964,869.0,79.0,11,1,948.0
U016691,869.0,79.0,11,1,948.0
U002893,869.0,79.0,11,1,948.0
U023947,869.0,79.0,11,1,948.0
U027459,869.0,79.0,11,1,948.0
U026041,869.0,79.0,11,1,948.0
U011378,869.0,79.0,11,1,948.0
U028460,869.0,79.0,11,1,948.0
U018759,869.0,79.0,11,1,948.0
U023959,869.0,79.0,11,1,948.0
U005160,869.0,79.0,11,1,948.0
U028427,869.0,79.0,11,1,948.0
U017181,841.0,29.0,29,1,348.0
U021287,841.0,29.0,29,1,348.0
U029933,841.0,29.0,29,1,348.0
U029885,841.0,29.0,29,1,348.0
U029864,841.0,29.0,29,1,348.0
U023376,841.0,29.0,29,1,348.0
U027994,841.0,29.0,29,1,348.0
U022940,841.0,29.0,29,1,348.0
U028047,841.0,29.0,29,1,348.0
U009761,841.0,29.0,29,1,348.0
U004266,841.0,29.0,29,1,348.0
U020412,841.0,29.0,29,1,348.0
U029464,841.0,29.0,29,1,348.0
U026500,841.0,29.0,29,1,348.0
U021301,841.0,29.0,29,1,348.0
U029449,841.0,29.0,29,1,348.0
U029418,841.0,29.0,29,1,348.0
U029204,841.0,29.0,29,1,348.0
U009760,841.0,29.0,29,1,348.0
U011402,841.0,29.0,29,1,348.0
U029362,841.0,29.0,29,1,348.0
U029356,841.0,29.0,29,1,348.0
U001216,841.0,29.0,29,1,348.0
U023207,841.0,29.0,29,1,348.0
U022206,841.0,29.0,29,1,348.0
U010988,841.0,29.0,29,1,348.0
U017154,841.0,29.0,29,1,348.0
U027161,841.0,29.0,29,1,348.0
U023191,841.0,29.0,29,1,348.0
U000197,841.0,29.0,29,1,348.0
U004424,841.0,29.0,29,1,348.0
U000203,841.0,29.0,29,1,348.0
U024352,841.0,29.0,29,1,348.0
U018993,841.0,29.0,29,1,348.0
U002289,841.0,29.0,29,1,348.0
U011220,841.0,29.0,29,1,348.0
U007759,841.0,29.0,29,1,348.0
U013058,841.0,29.0,29,1,348.0
U019877,841.0,29.0,29,1,348.0
U002223,841.0,29.0,29,1,348.0
U027154,841.0,29.0,29,1,348.0
U017606,841.0,29.0,29,1,348.0
U024819,841.0,29.0,29,1,348.0
U011594,841.0,29.0,29,1,348.0
U013699,841.0,29.0,29,1,348.0
U003860,841.0,29.0,29,1,348.0
U019148,841.0,29.0,29,1,348.0
U025560,841.0,29.0,29,1,348.0
U020882,841.0,29.0,29,1,348.0
U026324,841.0,29.0,29,1,348.0
U026321,841.0,29.0,29,1,348.0
U017137,841.0,29.0,29,1,348.0
U003813,841.0,29.0,29,1,348.0
U018024,841.0,29.0,29,1,348.0
U028938,841.0,29.0,29,1,348.0
U005226,841.0,29.0,29,1,348.0
U008785,841.0,29.0,29,1,348.0
U021623,841.0,29.0,29,1,348.0
U027867,841.0,29.0,29,1,348.0
U010265,841.0,29.0,29,1,348.0
U009659,841.0,29.0,29,1,348.0
U003765,841.0,29.0,29,1,348.0
U012575,841.0,29.0,29,1,348.0
U008610,841.0,29.0,29,1,348.0
U010254,841.0,29.0,29,1,348.0
U006076,841.0,29.0,29,1,348.0
U028887,841.0,29.0,29,1,348.0
U013663,841.0,29.0,29,1,348.0
U018037,841.0,29.0,29,1,348.0
U028881,841.0,29.0,29,1,348.0
U018312,841.0,29.0,29,1,348.0
U020555,841.0,29.0,29,1,348.0
U012439,841.0,29.0,29,1,348.0
U001385,841.0,29.0,29,1,348.0
U023759,841.0,29.0,29,1,348.0
U024369,841.0,29.0,29,1,348.0
U028792,841.0,29.0,29,1,348.0
U026208,841.0,29.0,29,1,348.0
U008828,841.0,29.0,29,1,348.0
U028760,841.0,29.0,29,1,348.0
U010235,841.0,29.0,29,1,348.0
U012557,841.0,29.0,29,1,348.0
U022153,841.0,29.0,29,1,348.0
U013617,841.0,29.0,29,1,348.0
U023790,841.0,29.0,29,1,348.0
U010742,841.0,29.0,29,1,348.0
U027802,841.0,29.0,29,1,348.0
U000530,841.0,29.0,29,1,348.0
U009787,841.0,29.0,29,1,348.0
U011773,841.0,29.0,29,1,348.0
U011777,841.0,29.0,29,1,348.0
U003644,841.0,29.0,29,1,348.0
U012840,841.0,29.0,29,1,348.0
U024740,841.0,29.0,29,1,348.0
U005817,841.0,29.0,29,1,348.0
U018725,841.0,29.0,29,1,348.0
U028646,841.0,29.0,29,1,348.0
U001435,841.0,29.0,29,1,348.0
U026593,841.0,29.0,29,1,348.0
U009599,841.0,29.0,29,1,348.0
U009795,841.0,29.0,29,1,348.0
U005856,841.0,29.0,29,1,348.0
U026088,841.0,29.0,29,1,348.0
U019214,841.0,29.0,29,1,348.0
U014292,841.0,29.0,29,1,348.0
U024104,841.0,29.0,29,1,348.0
U028625,841.0,29.0,29,1,348.0
U016196,841.0,29.0,29,1,348.0
U003443,841.0,29.0,29,1,348.0
U017764,841.0,29.0,29,1,348.0
U016304,841.0,29.0,29,1,348.0
U023932,841.0,29.0,29,1,348.0
U015391,841.0,29.0,29,1,348.0
U003553,841.0,29.0,29,1,348.0
U021940,841.0,29.0,29,1,348.0
U028274,841.0,29.0,29,1,348.0
U003240,841.0,29.0,29,1,348.0
U026113,841.0,29.0,29,1,348.0
U018958,841.0,29.0,29,1,348.0
U000695,841.0,29.0,29,1,348.0
U002604,841.0,29.0,29,1,348.0
U006590,841.0,29.0,29,1,348.0
U017316,841.0,29.0,29,1,348.0
U012925,841.0,29.0,29,1,348.0
U014819,841.0,29.0,29,1,348.0
U011804,841.0,29.0,29,1,348.0
U028470,841.0,29.0,29,1,348.0
U028389,841.0,29.0,29,1,348.0
U012533,841.0,29.0,29,1,348.0
U005672,841.0,29.0,29,1,348.0
U024656,841.0,29.0,29,1,348.0
U007652,841.0,29.0,29,1,348.0
U017310,841.0,29.0,29,1,348.0
U019651,841.0,29.0,29,1,348.0
U012360,841.0,29.0,29,1,348.0
U011846,841.0,29.0,29,1,348.0
U007397,841.0,29.0,29,1,348.0
U008901,841.0,29.0,29,1,348.0
U007850,841.0,29.0,29,1,348.0
U006355,841.0,29.0,29,1,348.0
U024176,841.0,29.0,29,1,348.0
U027275,841.0,29.0,29,1,348.0
U013310,841.0,29.0,29,1,348.0
U017294,841.0,29.0,29,1,348.0
U026012,841.0,29.0,29,1,348.0
U017281,841.0,29.0,29,1,348.0
U002179,841.0,29.0,29,1,348.0
U016677,841.0,29.0,29,1,348.0
U017781,841.0,29.0,29,1,348.0
U000807,841.0,29.0,29,1,348.0
U028195,841.0,29.0,29,1,348.0
U025118,841.0,29.0,29,1,348.0
U005943,841.0,29.0,29,1,348.0
U010561,841.0,29.0,29,1,348.0
U015449,841.0,29.0,29,1,348.0
U008968,841.0,29.0,29,1,348.0
U005329,841.0,29.0,29,1,348.0
U026676,841.0,29.0,29,1,348.0
U024217,841.0,29.0,29,1,348.0
U012901,841.0,29.0,29,1,348.0
U001518,841.0,29.0,29,1,348.0
U020049,841.0,29.0,29,1,348.0
U005410,841.0,29.0,29,1,348.0
U017257,841.0,29.0,29,1,348.0
U024512,841.0,29.0,29,1,348.0
U018923,841.0,29.0,29,1,348.0
U024230,841.0,29.0,29,1,348.0
U000830,841.0,29.0,29,1,348.0
U016700,841.0,29.0,29,1,348.0
U024240,841.0,29.0,29,1,348.0
U017346,841.0,29.0,29,1,348.0
U025295,841.0,29.0,29,1,348.0
U009819,841.0,29.0,29,1,348.0
U007706,841.0,29.0,29,1,348.0
U001664,841.0,29.0,29,1,348.0
U015506,841.0,29.0,29,1,348.0
U001668,841.0,29.0,29,1,348.0
U010403,841.0,29.0,29,1,348.0
U007730,841.0,29.0,29,1,348.0
U003348,841.0,29.0,29,1,348.0
U012085,841.0,29.0,29,1,348.0
U024266,841.0,29.0,29,1,348.0
U016496,841.0,29.0,29,1,348.0
U016254,841.0,29.0,29,1,348.0
U015284,841.0,29.0,29,1,348.0
U001059,841.0,29.0,29,1,348.0
U027549,841.0,29.0,29,1,348.0
U024278,841.0,29.0,29,1,348.0
U015193,841.0,29.0,29,1,348.0
U027451,841.0,29.0,29,1,348.0
U024621,841.0,29.0,29,1,348.0
U024286,841.0,29.0,29,1,348.0
U012610,841.0,29.0,29,1,348.0
U025088,841.0,29.0,29,1,348.0
U005241,841.0,29.0,29,1,348.0
U014733,841.0,29.0,29,1,348.0
U013116,841.0,29.0,29,1,348.0
U006541,841.0,29.0,29,1,348.0
U001688,841.0,29.0,29,1,348.0
U024312,841.0,29.0,29,1,348.0
U009071,841.0,29.0,29,1,348.0
U020783,841.0,29.0,29,1,348.0
U027741,841.0,29.0,29,1,348.0
U001801,841.0,29.0,29,1,348.0
U024320,841.0,29.0,29,1,348.0
U003301,841.0,29.0,29,1,348.0
U018514,841.0,29.0,29,1,348.0
U020093,841.0,29.0,29,1,348.0
U029972,812.0,29.0,28,1,348.0
U025967,812.0,29.0,28,1,348.0
U023025,812.0,29.0,28,1,348.0
U003142,812.0,29.0,28,1,348.0
U010569,812.0,29.0,28,1,348.0
U004147,812.0,29.0,28,1,348.0
U016361,812.0,29.0,28,1,348.0
U005346,812.0,29.0,28,1,348.0
U001632,812.0,29.0,28,1,348.0
U008051,812.0,29.0,28,1,348.0
U003180,812.0,29.0,28,1,348.0
U012673,812.0,29.0,28,1,348.0
U024918,812.0,29.0,28,1,348.0
U029270,812.0,29.0,28,1,348.0
U004049,812.0,29.0,28,1,348.0
U026529,812.0,29.0,28,1,348.0
U027606,812.0,29.0,28,1,348.0
U014523,812.0,29.0,28,1,348.0
U028350,812.0,29.0,28,1,348.0
U014508,812.0,29.0,28,1,348.0
U003236,812.0,29.0,28,1,348.0
U029241,812.0,29.0,28,1,348.0
U008082,812.0,29.0,28,1,348.0
U000077,812.0,29.0,28,1,348.0
U018807,812.0,29.0,28,1,348.0
U024915,812.0,29.0,28,1,348.0
U017087,812.0,29.0,28,1,348.0
U004384,812.0,29.0,28,1,348.0
U027682,812.0,29.0,28,1,348.0
U024035,812.0,29.0,28,1,348.0
U005415,812.0,29.0,28,1,348.0
U020041,812.0,29.0,28,1,348.0
U007076,812.0,29.0,28,1,348.0
U024018,812.0,29.0,28,1,348.0
U011954,812.0,29.0,28,1,348.0
U021279,812.0,29.0,28,1,348.0
U019660,812.0,29.0,28,1,348.0
U020803,812.0,29.0,28,1,348.0
U023998,812.0,29.0,28,1,348.0
U018512,812.0,29.0,28,1,348.0
U002181,812.0,29.0,28,1,348.0
U003449,812.0,29.0,28,1,348.0
U020964,812.0,29.0,28,1,348.0
U022083,812.0,29.0,28,1,348.0
U021140,812.0,29.0,28,1,348.0
U002183,812.0,29.0,28,1,348.0
U025448,812.0,29.0,28,1,348.0
U026415,812.0,29.0,28,1,348.0
U004668,812.0,29.0,28,1,348.0
U015499,812.0,29.0,28,1,348.0
U008123,812.0,29.0,28,1,348.0
U005472,812.0,29.0,28,1,348.0
U025866,812.0,29.0,28,1,348.0
U015522,812.0,29.0,28,1,348.0
U017649,812.0,29.0,28,1,348.0
U020955,812.0,29.0,28,1,348.0
U008926,812.0,29.0,28,1,348.0
U008144,812.0,29.0,28,1,348.0
U011189,812.0,29.0,28,1,348.0
U014272,812.0,29.0,28,1,348.0
U014271,812.0,29.0,28,1,348.0
U005489,812.0,29.0,28,1,348.0
U012266,812.0,29.0,28,1,348.0
U028223,812.0,29.0,28,1,348.0
U008875,812.0,29.0,28,1,348.0
U023820,812.0,29.0,28,1,348.0
U022121,812.0,29.0,28,1,348.0
U028215,812.0,29.0,28,1,348.0
U008869,812.0,29.0,28,1,348.0
U014240,812.0,29.0,28,1,348.0
U020176,812.0,29.0,28,1,348.0
U015588,812.0,29.0,28,1,348.0
U027018,812.0,29.0,28,1,348.0
U008510,812.0,29.0,28,1,348.0
U023748,812.0,29.0,28,1,348.0
U007152,812.0,29.0,28,1,348.0
U013869,812.0,29.0,28,1,348.0
U004700,812.0,29.0,28,1,348.0
U013667,812.0,29.0,28,1,348.0
U021266,812.0,29.0,28,1,348.0
U017274,812.0,29.0,28,1,348.0
U008268,812.0,29.0,28,1,348.0
U027862,812.0,29.0,28,1,348.0
U003831,812.0,29.0,28,1,348.0
U004018,812.0,29.0,28,1,348.0
U000991,812.0,29.0,28,1,348.0
U028188,812.0,29.0,28,1,348.0
U016035,812.0,29.0,28,1,348.0
U000313,812.0,29.0,28,1,348.0
U013696,812.0,29.0,28,1,348.0
U002034,812.0,29.0,28,1,348.0
U023663,812.0,29.0,28,1,348.0
U006484,812.0,29.0,28,1,348.0
U022309,812.0,29.0,28,1,348.0
U003868,812.0,29.0,28,1,348.0
U007169,812.0,29.0,28,1,348.0
U004783,812.0,29.0,28,1,348.0
U020097,812.0,29.0,28,1,348.0
U012194,812.0,29.0,28,1,348.0
U008713,812.0,29.0,28,1,348.0
U018030,812.0,29.0,28,1,348.0
U007182,812.0,29.0,28,1,348.0
U003947,812.0,29.0,28,1,348.0
U021270,812.0,29.0,28,1,348.0
U005578,812.0,29.0,28,1,348.0
U017745,812.0,29.0,28,1,348.0
U001203,812.0,29.0,28,1,348.0
U011668,812.0,29.0,28,1,348.0
U023245,812.0,29.0,28,1,348.0
U007440,812.0,29.0,28,1,348.0
U000372,812.0,29.0,28,1,348.0
U012171,812.0,29.0,28,1,348.0
U023249,812.0,29.0,28,1,348.0
U029385,812.0,29.0,28,1,348.0
U028897,812.0,29.0,28,1,348.0
U020670,812.0,29.0,28,1,348.0
U004317,812.0,29.0,28,1,348.0
U007485,812.0,29.0,28,1,348.0
U023142,812.0,29.0,28,1,348.0
U029474,812.0,29.0,28,1,348.0
U029487,812.0,29.0,28,1,348.0
U012166,812.0,29.0,28,1,348.0
U029527,812.0,29.0,28,1,348.0
U018034,812.0,29.0,28,1,348.0
U009881,812.0,29.0,28,1,348.0
U001182,812.0,29.0,28,1,348.0
U025716,812.0,29.0,28,1,348.0
U001179,812.0,29.0,28,1,348.0
U010349,812.0,29.0,28,1,348.0
U012127,812.0,29.0,28,1,348.0
U022946,812.0,29.0,28,1,348.0
U018626,812.0,29.0,28,1,348.0
U010360,812.0,29.0,28,1,348.0
U002269,812.0,29.0,28,1,348.0
U012707,812.0,29.0,28,1,348.0
U013844,812.0,29.0,28,1,348.0
U024847,812.0,29.0,28,1,348.0
U020585,812.0,29.0,28,1,348.0
U005085,812.0,29.0,28,1,348.0
U021837,812.0,29.0,28,1,348.0
U024780,812.0,29.0,28,1,348.0
U023119,812.0,29.0,28,1,348.0
U012571,812.0,29.0,28,1,348.0
U021046,812.0,29.0,28,1,348.0
U000493,812.0,29.0,28,1,348.0
U025064,812.0,29.0,28,1,348.0
U011740,812.0,29.0,28,1,348.0
U014028,812.0,29.0,28,1,348.0
U026187,812.0,29.0,28,1,348.0
U020701,812.0,29.0,28,1,348.0
U024759,812.0,29.0,28,1,348.0
U004992,812.0,29.0,28,1,348.0
U012552,812.0,29.0,28,1,348.0
U009621,812.0,29.0,28,1,348.0
U015036,812.0,29.0,28,1,348.0
U018353,812.0,29.0,28,1,348.0
U004988,812.0,29.0,28,1,348.0
U011779,812.0,29.0,28,1,348.0
U012537,812.0,29.0,28,1,348.0
U022608,812.0,29.0,28,1,348.0
U016704,812.0,29.0,28,1,348.0
U026152,812.0,29.0,28,1,348.0
U009577,812.0,29.0,28,1,348.0
U017461,812.0,29.0,28,1,348.0
U016833,812.0,29.0,28,1,348.0
U006711,812.0,29.0,28,1,348.0
U002492,812.0,29.0,28,1,348.0
U025106,812.0,29.0,28,1,348.0
U022603,812.0,29.0,28,1,348.0
U026670,812.0,29.0,28,1,348.0
U026667,812.0,29.0,28,1,348.0
U027094,812.0,29.0,28,1,348.0
U008606,812.0,29.0,28,1,348.0
U016680,812.0,29.0,28,1,348.0
U018945,812.0,29.0,28,1,348.0
U004123,812.0,29.0,28,1,348.0
U024617,812.0,29.0,28,1,348.0
U024605,812.0,29.0,28,1,348.0
U028580,812.0,29.0,28,1,348.0
U009961,812.0,29.0,28,1,348.0
U021244,812.0,29.0,28,1,348.0
U027590,812.0,29.0,28,1,348.0
U010677,812.0,29.0,28,1,348.0
U007886,812.0,29.0,28,1,348.0
U007896,812.0,29.0,28,1,348.0
U022775,812.0,29.0,28,1,348.0
U002683,812.0,29.0,28,1,348.0
U012985,812.0,29.0,28,1,348.0
U015170,812.0,29.0,28,1,348.0
U015172,812.0,29.0,28,1,348.0
U009987,812.0,29.0,28,1,348.0
U013010,812.0,29.0,28,1,348.0
U018033,812.0,29.0,28,1,348.0
U019320,812.0,29.0,28,1,348.0
U028494,812.0,29.0,28,1,348.0
U024517,812.0,29.0,28,1,348.0
U009435,812.0,29.0,28,1,348.0
U013029,812.0,29.0,28,1,348.0
U028488,812.0,29.0,28,1,348.0
U006064,812.0,29.0,28,1,348.0
U021943,812.0,29.0,28,1,348.0
U016544,812.0,29.0,28,1,348.0
U025195,812.0,29.0,28,1,348.0
U024492,812.0,29.0,28,1,348.0
U018438,812.0,29.0,28,1,348.0
U003799,812.0,29.0,28,1,348.0
U009398,812.0,29.0,28,1,348.0
U013101,812.0,29.0,28,1,348.0
U014712,812.0,29.0,28,1,348.0
U015218,812.0,29.0,28,1,348.0
U017817,812.0,29.0,28,1,348.0
U002871,812.0,29.0,28,1,348.0
U013145,812.0,29.0,28,1,348.0
U002888,812.0,29.0,28,1,348.0
U028428,812.0,29.0,28,1,348.0
U012445,812.0,29.0,28,1,348.0
U010049,812.0,29.0,28,1,348.0
U002901,812.0,29.0,28,1,348.0
U014672,812.0,29.0,28,1,348.0
U023035,812.0,29.0,28,1,348.0
U024367,812.0,29.0,28,1,348.0
U001706,812.0,29.0,28,1,348.0
U009312,812.0,29.0,28,1,348.0
U027494,812.0,29.0,28,1,348.0
U019436,812.0,29.0,28,1,348.0
U018468,812.0,29.0,28,1,348.0
U015056,812.0,29.0,28,1,348.0
U008001,812.0,29.0,28,1,348.0
U002998,812.0,29.0,28,1,348.0
U000763,812.0,29.0,28,1,348.0
U011150,812.0,29.0,28,1,348.0
U023029,812.0,29.0,28,1,348.0
U003027,812.0,29.0,28,1,348.0
U013230,812.0,29.0,28,1,348.0
U003052,812.0,29.0,28,1,348.0
U022478,812.0,29.0,28,1,348.0
U010086,812.0,29.0,28,1,348.0
U009798,796.0,199.0,4,1,2388.0
U029794,796.0,199.0,4,1,2388.0
U026572,796.0,199.0,4,1,2388.0
U005316,796.0,199.0,4,1,2388.0
U023144,796.0,199.0,4,1,2388.0
U004488,796.0,199.0,4,1,2388.0
U021207,796.0,199.0,4,1,2388.0
U024337,796.0,199.0,4,1,2388.0
U022548,796.0,199.0,4,1,2388.0
U021473,796.0,199.0,4,1,2388.0
U014014,796.0,199.0,4,1,2388.0
U006635,796.0,199.0,4,1,2388.0
U011448,796.0,199.0,4,1,2388.0
U023879,796.0,199.0,4,1,2388.0
U018313,796.0,199.0,4,1,2388.0
U002825,796.0,199.0,4,1,2388.0
U026732,796.0,199.0,4,1,2388.0
U025435,796.0,199.0,4,1,2388.0
U025665,796.0,199.0,4,1,2388.0
U017516,796.0,199.0,4,1,2388.0
U019824,796.0,199.0,4,1,2388.0
U011424,796.0,199.0,4,1,2388.0
U022472,796.0,199.0,4,1,2388.0
U019109,796.0,199.0,4,1,2388.0
U000472,796.0,199.0,4,1,2388.0
U013524,796.0,199.0,4,1,2388.0
U001690,796.0,199.0,4,1,2388.0
U013765,796.0,199.0,4,1,2388.0
U013855,796.0,199.0,4,1,2388.0
U008682,796.0,199.0,4,1,2388.0
U005006,796.0,199.0,4,1,2388.0
U009736,796.0,199.0,4,1,2388.0
U020156,796.0,199.0,4,1,2388.0
U026440,796.0,199.0,4,1,2388.0
U022423,796.0,199.0,4,1,2388.0
U027294,796.0,199.0,4,1,2388.0
U017906,796.0,199.0,4,1,2388.0
U009111,796.0,199.0,4,1,2388.0
U004419,796.0,199.0,4,1,2388.0
U024758,796.0,199.0,4,1,2388.0
U000833,796.0,199.0,4,1,2388.0
U027184,796.0,199.0,4,1,2388.0
U022577,796.0,199.0,4,1,2388.0
U008171,796.0,199.0,4,1,2388.0
U004957,796.0,199.0,4,1,2388.0
U010161,796.0,199.0,4,1,2388.0
U028639,796.0,199.0,4,1,2388.0
U019425,796.0,199.0,4,1,2388.0
U018016,796.0,199.0,4,1,2388.0
U010304,796.0,199.0,4,1,2388.0
U025900,796.0,199.0,4,1,2388.0
U020908,796.0,199.0,4,1,2388.0
U000012,796.0,199.0,4,1,2388.0
U024398,796.0,199.0,4,1,2388.0
U001815,796.0,199.0,4,1,2388.0
U012202,796.0,199.0,4,1,2388.0
U004581,796.0,199.0,4,1,2388.0
U017144,796.0,199.0,4,1,2388.0
U020299,796.0,199.0,4,1,2388.0
U008095,796.0,199.0,4,1,2388.0
U010510,796.0,199.0,4,1,2388.0
U027206,796.0,199.0,4,1,2388.0
U029042,796.0,199.0,4,1,2388.0
U014265,796.0,199.0,4,1,2388.0
U002043,796.0,199.0,4,1,2388.0
U002525,796.0,199.0,4,1,2388.0
U012359,796.0,199.0,4,1,2388.0
U023480,796.0,199.0,4,1,2388.0
U002851,796.0,199.0,4,1,2388.0
U003099,796.0,199.0,4,1,2388.0
U014019,796.0,199.0,4,1,2388.0
U008927,796.0,199.0,4,1,2388.0
U009584,796.0,199.0,4,1,2388.0
U013118,796.0,199.0,4,1,2388.0
U004450,796.0,199.0,4,1,2388.0
U017588,796.0,199.0,4,1,2388.0
U019163,796.0,199.0,4,1,2388.0
U025852,796.0,199.0,4,1,2388.0
U027668,796.0,199.0,4,1,2388.0
U011197,796.0,199.0,4,1,2388.0
U026029,796.0,199.0,4,1,2388.0
U005303,796.0,199.0,4,1,2388.0
U015622,796.0,199.0,4,1,2388.0
U015816,796.0,199.0,4,1,2388.0
U018823,796.0,199.0,4,1,2388.0
U019666,796.0,199.0,4,1,2388.0
U017298,796.0,199.0,4,1,2388.0
U028104,796.0,199.0,4,1,2388.0
U001367,796.0,199.0,4,1,2388.0
U002142,796.0,199.0,4,1,2388.0
U020993,796.0,199.0,4,1,2388.0
U024580,796.0,199.0,4,1,2388.0
U028904,796.0,199.0,4,1,2388.0
U001115,796.0,199.0,4,1,2388.0
U006712,790.0,79.0,10,1,948.0
U006864,790.0,79.0,10,1,948.0
U008805,790.0,79.0,10,1,948.0
U029290,790.0,79.0,10,1,948.0
U029286,790.0,79.0,10,1,948.0
U000033,790.0,79.0,10,1,948.0
U005174,790.0,79.0,10,1,948.0
U014981,790.0,79.0,10,1,948.0
U019172,790.0,79.0,10,1,948.0
U004364,790.0,79.0,10,1,948.0
U008798,790.0,79.0,10,1,948.0
U000059,790.0,79.0,10,1,948.0
U023802,790.0,79.0,10,1,948.0
U026516,790.0,79.0,10,1,948.0
U006854,790.0,79.0,10,1,948.0
U014035,790.0,79.0,10,1,948.0
U023217,790.0,79.0,10,1,948.0
U024523,790.0,79.0,10,1,948.0
U020423,790.0,79.0,10,1,948.0
U020814,790.0,79.0,10,1,948.0
U015612,790.0,79.0,10,1,948.0
U007071,790.0,79.0,10,1,948.0
U013674,790.0,79.0,10,1,948.0
U006832,790.0,79.0,10,1,948.0
U019090,790.0,79.0,10,1,948.0
U026837,790.0,79.0,10,1,948.0
U006005,790.0,79.0,10,1,948.0
U006828,790.0,79.0,10,1,948.0
U015618,790.0,79.0,10,1,948.0
U002352,790.0,79.0,10,1,948.0
U013162,790.0,79.0,10,1,948.0
U002924,790.0,79.0,10,1,948.0
U006112,790.0,79.0,10,1,948.0
U018133,790.0,79.0,10,1,948.0
U017660,790.0,79.0,10,1,948.0
U000548,790.0,79.0,10,1,948.0
U007103,790.0,79.0,10,1,948.0
U021619,790.0,79.0,10,1,948.0
U009028,790.0,79.0,10,1,948.0
U003224,790.0,79.0,10,1,948.0
U023833,790.0,79.0,10,1,948.0
U007615,790.0,79.0,10,1,948.0
U013353,790.0,79.0,10,1,948.0
U022180,790.0,79.0,10,1,948.0
U017622,790.0,79.0,10,1,948.0
U005496,790.0,79.0,10,1,948.0
U001992,790.0,79.0,10,1,948.0
U015380,790.0,79.0,10,1,948.0
U008773,790.0,79.0,10,1,948.0
U014721,790.0,79.0,10,1,948.0
U002037,790.0,79.0,10,1,948.0
U006792,790.0,79.0,10,1,948.0
U015803,790.0,79.0,10,1,948.0
U009693,790.0,79.0,10,1,948.0
U024361,790.0,79.0,10,1,948.0
U016880,790.0,79.0,10,1,948.0
U022697,790.0,79.0,10,1,948.0
U014119,790.0,79.0,10,1,948.0
U009123,790.0,79.0,10,1,948.0
U017756,790.0,79.0,10,1,948.0
U014118,790.0,79.0,10,1,948.0
U009526,790.0,79.0,10,1,948.0
U025244,790.0,79.0,10,1,948.0
U018665,790.0,79.0,10,1,948.0
U020118,790.0,79.0,10,1,948.0
U008523,790.0,79.0,10,1,948.0
U021078,790.0,79.0,10,1,948.0
U017050,790.0,79.0,10,1,948.0
U023167,790.0,79.0,10,1,948.0
U003595,790.0,79.0,10,1,948.0
U000321,790.0,79.0,10,1,948.0
U028966,790.0,79.0,10,1,948.0
U000330,790.0,79.0,10,1,948.0
U000332,790.0,79.0,10,1,948.0
U025591,790.0,79.0,10,1,948.0
U021069,790.0,79.0,10,1,948.0
U021372,790.0,79.0,10,1,948.0
U014100,790.0,79.0,10,1,948.0
U003897,790.0,79.0,10,1,948.0
U005615,790.0,79.0,10,1,948.0
U017054,790.0,79.0,10,1,948.0
U020237,790.0,79.0,10,1,948.0
U027448,790.0,79.0,10,1,948.0
U019030,790.0,79.0,10,1,948.0
U024355,790.0,79.0,10,1,948.0
U011678,790.0,79.0,10,1,948.0
U019016,790.0,79.0,10,1,948.0
U011698,790.0,79.0,10,1,948.0
U001704,790.0,79.0,10,1,948.0
U025023,790.0,79.0,10,1,948.0
U019428,790.0,79.0,10,1,948.0
U019891,790.0,79.0,10,1,948.0
U018653,790.0,79.0,10,1,948.0
U026229,790.0,79.0,10,1,948.0
U028821,790.0,79.0,10,1,948.0
U002018,790.0,79.0,10,1,948.0
U001243,790.0,79.0,10,1,948.0
U015723,790.0,79.0,10,1,948.0
U015136,790.0,79.0,10,1,948.0
U004779,790.0,79.0,10,1,948.0
U000470,790.0,79.0,10,1,948.0
U026198,790.0,79.0,10,1,948.0
U000483,790.0,79.0,10,1,948.0
U019039,790.0,79.0,10,1,948.0
U012705,790.0,79.0,10,1,948.0
U021406,790.0,79.0,10,1,948.0
U026752,790.0,79.0,10,1,948.0
U011755,790.0,79.0,10,1,948.0
U012701,790.0,79.0,10,1,948.0
U024015,790.0,79.0,10,1,948.0
U006974,790.0,79.0,10,1,948.0
U000550,790.0,79.0,10,1,948.0
U004553,790.0,79.0,10,1,948.0
U005732,790.0,79.0,10,1,948.0
U012178,790.0,79.0,10,1,948.0
U003563,790.0,79.0,10,1,948.0
U021178,790.0,79.0,10,1,948.0
U007536,790.0,79.0,10,1,948.0
U011248,790.0,79.0,10,1,948.0
U014651,790.0,79.0,10,1,948.0
U026118,790.0,79.0,10,1,948.0
U003559,790.0,79.0,10,1,948.0
U017429,790.0,79.0,10,1,948.0
U011326,790.0,79.0,10,1,948.0
U016235,790.0,79.0,10,1,948.0
U015840,790.0,79.0,10,1,948.0
U018402,790.0,79.0,10,1,948.0
U007761,790.0,79.0,10,1,948.0
U022924,790.0,79.0,10,1,948.0
U018411,790.0,79.0,10,1,948.0
U002959,790.0,79.0,10,1,948.0
U005991,790.0,79.0,10,1,948.0
U027987,790.0,79.0,10,1,948.0
U029537,790.0,79.0,10,1,948.0
U023304,790.0,79.0,10,1,948.0
U022044,790.0,79.0,10,1,948.0
U025646,790.0,79.0,10,1,948.0
U029688,790.0,79.0,10,1,948.0
U028046,790.0,79.0,10,1,948.0
U011403,790.0,79.0,10,1,948.0
U014874,790.0,79.0,10,1,948.0
U006519,790.0,79.0,10,1,948.0
U028066,790.0,79.0,10,1,948.0
U000719,790.0,79.0,10,1,948.0
U002818,790.0,79.0,10,1,948.0
U003544,790.0,79.0,10,1,948.0
U014311,790.0,79.0,10,1,948.0
U003267,790.0,79.0,10,1,948.0
U007537,790.0,79.0,10,1,948.0
U001117,790.0,79.0,10,1,948.0
U029964,790.0,79.0,10,1,948.0
U021968,790.0,79.0,10,1,948.0
U019273,790.0,79.0,10,1,948.0
U000752,790.0,79.0,10,1,948.0
U006901,790.0,79.0,10,1,948.0
U005255,790.0,79.0,10,1,948.0
U004637,790.0,79.0,10,1,948.0
U028384,790.0,79.0,10,1,948.0
U024100,790.0,79.0,10,1,948.0
U027772,790.0,79.0,10,1,948.0
U000821,790.0,79.0,10,1,948.0
U006611,790.0,79.0,10,1,948.0
U010542,790.0,79.0,10,1,948.0
U028333,790.0,79.0,10,1,948.0
U008264,790.0,79.0,10,1,948.0
U010531,790.0,79.0,10,1,948.0
U010528,790.0,79.0,10,1,948.0
U010515,790.0,79.0,10,1,948.0
U028288,790.0,79.0,10,1,948.0
U013835,790.0,79.0,10,1,948.0
U007364,790.0,79.0,10,1,948.0
U009061,790.0,79.0,10,1,948.0
U007553,790.0,79.0,10,1,948.0
U021507,790.0,79.0,10,1,948.0
U011981,790.0,79.0,10,1,948.0
U028237,790.0,79.0,10,1,948.0
U007742,790.0,79.0,10,1,948.0
U025840,790.0,79.0,10,1,948.0
U022001,790.0,79.0,10,1,948.0
U000961,790.0,79.0,10,1,948.0
U008131,790.0,79.0,10,1,948.0
U025829,790.0,79.0,10,1,948.0
U016174,790.0,79.0,10,1,948.0
U018576,790.0,79.0,10,1,948.0
U014324,790.0,79.0,10,1,948.0
U015920,790.0,79.0,10,1,948.0
U007412,790.0,79.0,10,1,948.0
U022968,790.0,79.0,10,1,948.0
U012870,790.0,79.0,10,1,948.0
U001008,790.0,79.0,10,1,948.0
U028177,790.0,79.0,10,1,948.0
U001027,790.0,79.0,10,1,948.0
U001031,790.0,79.0,10,1,948.0
U007541,790.0,79.0,10,1,948.0
U012082,790.0,79.0,10,1,948.0
U007729,790.0,79.0,10,1,948.0
U010395,790.0,79.0,10,1,948.0
U017230,790.0,79.0,10,1,948.0
U010390,790.0,79.0,10,1,948.0
U005265,790.0,79.0,10,1,948.0
U022947,790.0,79.0,10,1,948.0
U012531,790.0,79.0,10,1,948.0
U016436,790.0,79.0,10,1,948.0
U006424,790.0,79.0,10,1,948.0
U024329,790.0,79.0,10,1,948.0
U022090,790.0,79.0,10,1,948.0
U016602,790.0,79.0,10,1,948.0
U015267,790.0,79.0,10,1,948.0
U007903,790.0,79.0,10,1,948.0
U009261,790.0,79.0,10,1,948.0
U013218,790.0,79.0,10,1,948.0
U014454,790.0,79.0,10,1,948.0
U011193,790.0,79.0,10,1,948.0
U024550,790.0,79.0,10,1,948.0
U002823,790.0,79.0,10,1,948.0
U022494,790.0,79.0,10,1,948.0
U008476,790.0,79.0,10,1,948.0
U024298,790.0,79.0,10,1,948.0
U016661,790.0,79.0,10,1,948.0
U015316,790.0,79.0,10,1,948.0
U026690,790.0,79.0,10,1,948.0
U019478,790.0,79.0,10,1,948.0
U018920,790.0,79.0,10,1,948.0
U007596,790.0,79.0,10,1,948.0
U024686,790.0,79.0,10,1,948.0
U014353,790.0,79.0,10,1,948.0
U019485,790.0,79.0,10,1,948.0
U013235,790.0,79.0,10,1,948.0
U014613,790.0,79.0,10,1,948.0
U024671,790.0,79.0,10,1,948.0
U003061,790.0,79.0,10,1,948.0
U016975,790.0,79.0,10,1,948.0
U014364,790.0,79.0,10,1,948.0
U015473,790.0,79.0,10,1,948.0
U002658,790.0,79.0,10,1,948.0
U019250,790.0,79.0,10,1,948.0
U014848,790.0,79.0,10,1,948.0
U024250,790.0,79.0,10,1,948.0
U005315,790.0,79.0,10,1,948.0
U003087,790.0,79.0,10,1,948.0
U027054,790.0,79.0,10,1,948.0
U008994,790.0,79.0,10,1,948.0
U015303,790.0,79.0,10,1,948.0
U008588,790.0,79.0,10,1,948.0
U012491,790.0,79.0,10,1,948.0
U016831,790.0,79.0,10,1,948.0
U020050,790.0,79.0,10,1,948.0
U013278,790.0,79.0,10,1,948.0
U025204,790.0,79.0,10,1,948.0
U013478,790.0,79.0,10,1,948.0
U020046,790.0,79.0,10,1,948.0
U024576,790.0,79.0,10,1,948.0
U015151,790.0,79.0,10,1,948.0
U015315,790.0,79.0,10,1,948.0
U017080,790.0,79.0,10,1,948.0
U014574,790.0,79.0,10,1,948.0
U025230,790.0,79.0,10,1,948.0
U008113,790.0,79.0,10,1,948.0
U015435,790.0,79.0,10,1,948.0
U026653,790.0,79.0,10,1,948.0
U014796,790.0,79.0,10,1,948.0
U019962,790.0,79.0,10,1,948.0
U025427,790.0,79.0,10,1,948.0
U005931,790.0,79.0,10,1,948.0
U012495,790.0,79.0,10,1,948.0
U025325,790.0,79.0,10,1,948.0
U015146,790.0,79.0,10,1,948.0
U025232,790.0,79.0,10,1,948.0
U021938,790.0,79.0,10,1,948.0
U004074,790.0,79.0,10,1,948.0
U003322,790.0,79.0,10,1,948.0
U001868,790.0,79.0,10,1,948.0
U014410,790.0,79.0,10,1,948.0
U024152,790.0,79.0,10,1,948.0
U003205,790.0,79.0,10,1,948.0
U018903,790.0,79.0,10,1,948.0
U009135,790.0,79.0,10,1,948.0
U005503,790.0,79.0,10,1,948.0
U001414,790.0,79.0,10,1,948.0
U009615,790.0,79.0,10,1,948.0
U013598,790.0,79.0,10,1,948.0
U018973,790.0,79.0,10,1,948.0
U025011,790.0,79.0,10,1,948.0
U022136,790.0,79.0,10,1,948.0
U007025,790.0,79.0,10,1,948.0
U016724,790.0,79.0,10,1,948.0
U021649,790.0,79.0,10,1,948.0
U022150,790.0,79.0,10,1,948.0
U021849,790.0,79.0,10,1,948.0
U016727,790.0,79.0,10,1,948.0
U007524,790.0,79.0,10,1,948.0
U015593,790.0,79.0,10,1,948.0
U011186,790.0,79.0,10,1,948.0
U009912,790.0,79.0,10,1,948.0
U005510,790.0,79.0,10,1,948.0
U008291,790.0,79.0,10,1,948.0
U005113,790.0,79.0,10,1,948.0
U001383,790.0,79.0,10,1,948.0
U018701,790.0,79.0,10,1,948.0
U009648,790.0,79.0,10,1,948.0
U020760,790.0,79.0,10,1,948.0
U019173,790.0,79.0,10,1,948.0
U020502,783.0,29.0,27,1,348.0
U003651,783.0,29.0,27,1,348.0
U000044,783.0,29.0,27,1,348.0
U026477,783.0,29.0,27,1,348.0
U002425,783.0,29.0,27,1,348.0
U025080,783.0,29.0,27,1,348.0
U024060,783.0,29.0,27,1,348.0
U029185,783.0,29.0,27,1,348.0
U004405,783.0,29.0,27,1,348.0
U018125,783.0,29.0,27,1,348.0
U022290,783.0,29.0,27,1,348.0
U002436,783.0,29.0,27,1,348.0
U024491,783.0,29.0,27,1,348.0
U003228,783.0,29.0,27,1,348.0
U021110,783.0,29.0,27,1,348.0
U026366,783.0,29.0,27,1,348.0
U010000,783.0,29.0,27,1,348.0
U017611,783.0,29.0,27,1,348.0
U011589,783.0,29.0,27,1,348.0
U000268,783.0,29.0,27,1,348.0
U004016,783.0,29.0,27,1,348.0
U004439,783.0,29.0,27,1,348.0
U013355,783.0,29.0,27,1,348.0
U014497,783.0,29.0,27,1,348.0
U025406,783.0,29.0,27,1,348.0
U018733,783.0,29.0,27,1,348.0
U000337,783.0,29.0,27,1,348.0
U024603,783.0,29.0,27,1,348.0
U001888,783.0,29.0,27,1,348.0
U025362,783.0,29.0,27,1,348.0
U009603,783.0,29.0,27,1,348.0
U006359,783.0,29.0,27,1,348.0
U007195,783.0,29.0,27,1,348.0
U003587,783.0,29.0,27,1,348.0
U017528,783.0,29.0,27,1,348.0
U018291,783.0,29.0,27,1,348.0
U006750,783.0,29.0,27,1,348.0
U025404,783.0,29.0,27,1,348.0
U020706,783.0,29.0,27,1,348.0
U022616,783.0,29.0,27,1,348.0
U008101,783.0,29.0,27,1,348.0
U008459,783.0,29.0,27,1,348.0
U021054,783.0,29.0,27,1,348.0
U026188,783.0,29.0,27,1,348.0
U000510,783.0,29.0,27,1,348.0
U024116,783.0,29.0,27,1,348.0
U022289,783.0,29.0,27,1,348.0
U026123,783.0,29.0,27,1,348.0
U000616,783.0,29.0,27,1,348.0
U025370,783.0,29.0,27,1,348.0
U028556,783.0,29.0,27,1,348.0
U015520,783.0,29.0,27,1,348.0
U003346,783.0,29.0,27,1,348.0
U010641,783.0,29.0,27,1,348.0
U018429,783.0,29.0,27,1,348.0
U000675,783.0,29.0,27,1,348.0
U013517,783.0,29.0,27,1,348.0
U010637,783.0,29.0,27,1,348.0
U013369,783.0,29.0,27,1,348.0
U000694,783.0,29.0,27,1,348.0
U014457,783.0,29.0,27,1,348.0
U013515,783.0,29.0,27,1,348.0
U018027,783.0,29.0,27,1,348.0
U011885,783.0,29.0,27,1,348.0
U021726,783.0,29.0,27,1,348.0
U019249,783.0,29.0,27,1,348.0
U009970,783.0,29.0,27,1,348.0
U002114,783.0,29.0,27,1,348.0
U015271,783.0,29.0,27,1,348.0
U008964,783.0,29.0,27,1,348.0
U008582,783.0,29.0,27,1,348.0
U000947,783.0,29.0,27,1,348.0
U022410,783.0,29.0,27,1,348.0
U016933,783.0,29.0,27,1,348.0
U001076,783.0,29.0,27,1,348.0
U025144,783.0,29.0,27,1,348.0
U024563,783.0,29.0,27,1,348.0
U005778,783.0,29.0,27,1,348.0
U025805,783.0,29.0,27,1,348.0
U008559,783.0,29.0,27,1,348.0
U012794,783.0,29.0,27,1,348.0
U017292,783.0,29.0,27,1,348.0
U024892,783.0,29.0,27,1,348.0
U022053,783.0,29.0,27,1,348.0
U029969,783.0,29.0,27,1,348.0
U012455,783.0,29.0,27,1,348.0
U025058,783.0,29.0,27,1,348.0
U008451,783.0,29.0,27,1,348.0
U018875,783.0,29.0,27,1,348.0
U005171,783.0,29.0,27,1,348.0
U011234,783.0,29.0,27,1,348.0
U024495,783.0,29.0,27,1,348.0
U001356,783.0,29.0,27,1,348.0
U023718,783.0,29.0,27,1,348.0
U027011,783.0,29.0,27,1,348.0
U024081,783.0,29.0,27,1,348.0
U002355,783.0,29.0,27,1,348.0
U023453,783.0,29.0,27,1,348.0
U024684,783.0,29.0,27,1,348.0
U014359,783.0,29.0,27,1,348.0
U012972,783.0,29.0,27,1,348.0
U005894,783.0,29.0,27,1,348.0
U010471,783.0,29.0,27,1,348.0
U011992,783.0,29.0,27,1,348.0
U021949,783.0,29.0,27,1,348.0
U009868,783.0,29.0,27,1,348.0
U002668,783.0,29.0,27,1,348.0
U007021,783.0,29.0,27,1,348.0
U026848,783.0,29.0,27,1,348.0
U011410,783.0,29.0,27,1,348.0
U020154,783.0,29.0,27,1,348.0
U024890,783.0,29.0,27,1,348.0
U005351,783.0,29.0,27,1,348.0
U003323,783.0,29.0,27,1,348.0
U005758,783.0,29.0,27,1,348.0
U006206,783.0,29.0,27,1,348.0
U023481,783.0,29.0,27,1,348.0
U006000,783.0,29.0,27,1,348.0
U010027,783.0,29.0,27,1,348.0
U006544,783.0,29.0,27,1,348.0
U019542,783.0,29.0,27,1,348.0
U003843,783.0,29.0,27,1,348.0
U027889,783.0,29.0,27,1,348.0
U028113,783.0,29.0,27,1,348.0
U009697,783.0,29.0,27,1,348.0
U021498,783.0,29.0,27,1,348.0
U022421,783.0,29.0,27,1,348.0
U001494,783.0,29.0,27,1,348.0
U008215,783.0,29.0,27,1,348.0
U024813,783.0,29.0,27,1,348.0
U021823,783.0,29.0,27,1,348.0
U007498,783.0,29.0,27,1,348.0
U027298,783.0,29.0,27,1,348.0
U011319,783.0,29.0,27,1,348.0
U016856,783.0,29.0,27,1,348.0
U005751,783.0,29.0,27,1,348.0
U028117,783.0,29.0,27,1,348.0
U011967,783.0,29.0,27,1,348.0
U013994,783.0,29.0,27,1,348.0
U019866,783.0,29.0,27,1,348.0
U023001,783.0,29.0,27,1,348.0
U012294,783.0,29.0,27,1,348.0
U027523,783.0,29.0,27,1,348.0
U002741,783.0,29.0,27,1,348.0
U027152,783.0,29.0,27,1,348.0
U017932,783.0,29.0,27,1,348.0
U013334,783.0,29.0,27,1,348.0
U001279,783.0,29.0,27,1,348.0
U001809,783.0,29.0,27,1,348.0
U027642,783.0,29.0,27,1,348.0
U009377,783.0,29.0,27,1,348.0
U009851,783.0,29.0,27,1,348.0
U009716,783.0,29.0,27,1,348.0
U009724,783.0,29.0,27,1,348.0
U023596,783.0,29.0,27,1,348.0
U028332,783.0,29.0,27,1,348.0
U027316,783.0,29.0,27,1,348.0
U027938,783.0,29.0,27,1,348.0
U014001,783.0,29.0,27,1,348.0
U009727,783.0,29.0,27,1,348.0
U021733,783.0,29.0,27,1,348.0
U027115,783.0,29.0,27,1,348.0
U022008,783.0,29.0,27,1,348.0
U005898,783.0,29.0,27,1,348.0
U024846,783.0,29.0,27,1,348.0
U025446,783.0,29.0,27,1,348.0
U025078,783.0,29.0,27,1,348.0
U000822,783.0,29.0,27,1,348.0
U003537,783.0,29.0,27,1,348.0
U025037,783.0,29.0,27,1,348.0
U013746,783.0,29.0,27,1,348.0
U027752,783.0,29.0,27,1,348.0
U015720,783.0,29.0,27,1,348.0
U025931,783.0,29.0,27,1,348.0
U009742,783.0,29.0,27,1,348.0
U002267,783.0,29.0,27,1,348.0
U025211,783.0,29.0,27,1,348.0
U027727,783.0,29.0,27,1,348.0
U023960,783.0,29.0,27,1,348.0
U022416,783.0,29.0,27,1,348.0
U019966,783.0,29.0,27,1,348.0
U019110,783.0,29.0,27,1,348.0
U013984,783.0,29.0,27,1,348.0
U014062,783.0,29.0,27,1,348.0
U028361,783.0,29.0,27,1,348.0
U015950,783.0,29.0,27,1,348.0
U022682,783.0,29.0,27,1,348.0
U023792,783.0,29.0,27,1,348.0
U023020,783.0,29.0,27,1,348.0
U019807,783.0,29.0,27,1,348.0
U021606,783.0,29.0,27,1,348.0
U005038,783.0,29.0,27,1,348.0
U010020,783.0,29.0,27,1,348.0
U007452,783.0,29.0,27,1,348.0
U007044,783.0,29.0,27,1,348.0
U023023,783.0,29.0,27,1,348.0
U029330,783.0,29.0,27,1,348.0
U011286,783.0,29.0,27,1,348.0
U015778,783.0,29.0,27,1,348.0
U024346,783.0,29.0,27,1,348.0
U022960,783.0,29.0,27,1,348.0
U025638,783.0,29.0,27,1,348.0
U007934,783.0,29.0,27,1,348.0
U004046,783.0,29.0,27,1,348.0
U022011,783.0,29.0,27,1,348.0
U017974,783.0,29.0,27,1,348.0
U029446,783.0,29.0,27,1,348.0
U025985,783.0,29.0,27,1,348.0
U009295,783.0,29.0,27,1,348.0
U012062,783.0,29.0,27,1,348.0
U021660,783.0,29.0,27,1,348.0
U001573,783.0,29.0,27,1,348.0
U006925,783.0,29.0,27,1,348.0
U016383,783.0,29.0,27,1,348.0
U008841,783.0,29.0,27,1,348.0
U009369,783.0,29.0,27,1,348.0
U027551,783.0,29.0,27,1,348.0
U018636,783.0,29.0,27,1,348.0
U027143,783.0,29.0,27,1,348.0
U029734,783.0,29.0,27,1,348.0
U001018,783.0,29.0,27,1,348.0
U000748,783.0,29.0,27,1,348.0
U015914,783.0,29.0,27,1,348.0
U006309,783.0,29.0,27,1,348.0
U027362,783.0,29.0,27,1,348.0
U003705,783.0,29.0,27,1,348.0
U027553,783.0,29.0,27,1,348.0
U001171,783.0,29.0,27,1,348.0
U018455,783.0,29.0,27,1,348.0
U016241,783.0,29.0,27,1,348.0
U029991,783.0,29.0,27,1,348.0
U004062,783.0,29.0,27,1,348.0
U025949,754.0,29.0,26,1,348.0
U021479,754.0,29.0,26,1,348.0
U020971,754.0,29.0,26,1,348.0
U010252,754.0,29.0,26,1,348.0
U019977,754.0,29.0,26,1,348.0
U000836,754.0,29.0,26,1,348.0
U017342,754.0,29.0,26,1,348.0
U018541,754.0,29.0,26,1,348.0
U028264,754.0,29.0,26,1,348.0
U012034,754.0,29.0,26,1,348.0
U017905,754.0,29.0,26,1,348.0
U021554,754.0,29.0,26,1,348.0
U017205,754.0,29.0,26,1,348.0
U005975,754.0,29.0,26,1,348.0
U021237,754.0,29.0,26,1,348.0
U012234,754.0,29.0,26,1,348.0
U015125,754.0,29.0,26,1,348.0
U024545,754.0,29.0,26,1,348.0
U024310,754.0,29.0,26,1,348.0
U015277,754.0,29.0,26,1,348.0
U009814,754.0,29.0,26,1,348.0
U014176,754.0,29.0,26,1,348.0
U002678,754.0,29.0,26,1,348.0
U021913,754.0,29.0,26,1,348.0
U019292,754.0,29.0,26,1,348.0
U015286,754.0,29.0,26,1,348.0
U022727,754.0,29.0,26,1,348.0
U015304,754.0,29.0,26,1,348.0
U010085,754.0,29.0,26,1,348.0
U016764,754.0,29.0,26,1,348.0
U023703,754.0,29.0,26,1,348.0
U024212,754.0,29.0,26,1,348.0
U025048,754.0,29.0,26,1,348.0
U009866,754.0,29.0,26,1,348.0
U009675,754.0,29.0,26,1,348.0
U007624,754.0,29.0,26,1,348.0
U009187,754.0,29.0,26,1,348.0
U014947,754.0,29.0,26,1,348.0
U024805,754.0,29.0,26,1,348.0
U010028,754.0,29.0,26,1,348.0
U002626,754.0,29.0,26,1,348.0
U008546,754.0,29.0,26,1,348.0
U012653,754.0,29.0,26,1,348.0
U002210,754.0,29.0,26,1,348.0
U016050,754.0,29.0,26,1,348.0
U020768,754.0,29.0,26,1,348.0
U005632,754.0,29.0,26,1,348.0
U009129,754.0,29.0,26,1,348.0
U024940,754.0,29.0,26,1,348.0
U023439,754.0,29.0,26,1,348.0
U013370,754.0,29.0,26,1,348.0
U001564,754.0,29.0,26,1,348.0
U012615,754.0,29.0,26,1,348.0
U003293,754.0,29.0,26,1,348.0
U003836,754.0,29.0,26,1,348.0
U001557,754.0,29.0,26,1,348.0
U007563,754.0,29.0,26,1,348.0
U020044,754.0,29.0,26,1,348.0
U027647,754.0,29.0,26,1,348.0
U016276,754.0,29.0,26,1,348.0
U012207,754.0,29.0,26,1,348.0
U012322,754.0,29.0,26,1,348.0
U002070,754.0,29.0,26,1,348.0
U002127,754.0,29.0,26,1,348.0
U005402,754.0,29.0,26,1,348.0
U016807,754.0,29.0,26,1,348.0
U029297,754.0,29.0,26,1,348.0
U001532,754.0,29.0,26,1,348.0
U020646,754.0,29.0,26,1,348.0
U019381,754.0,29.0,26,1,348.0
U019267,754.0,29.0,26,1,348.0
U019623,754.0,29.0,26,1,348.0
U010168,754.0,29.0,26,1,348.0
U005181,754.0,29.0,26,1,348.0
U005228,754.0,29.0,26,1,348.0
U015442,754.0,29.0,26,1,348.0
U021966,754.0,29.0,26,1,348.0
U012300,754.0,29.0,26,1,348.0
U003401,754.0,29.0,26,1,348.0
U003880,754.0,29.0,26,1,348.0
U009036,754.0,29.0,26,1,348.0
U005745,754.0,29.0,26,1,348.0
U009031,754.0,29.0,26,1,348.0
U015794,754.0,29.0,26,1,348.0
U024420,754.0,29.0,26,1,348.0
U002052,754.0,29.0,26,1,348.0
U021768,754.0,29.0,26,1,348.0
U013469,754.0,29.0,26,1,348.0
U006217,754.0,29.0,26,1,348.0
U013142,754.0,29.0,26,1,348.0
U021882,754.0,29.0,26,1,348.0
U025431,754.0,29.0,26,1,348.0
U024663,754.0,29.0,26,1,348.0
U016199,754.0,29.0,26,1,348.0
U008397,754.0,29.0,26,1,348.0
U022088,754.0,29.0,26,1,348.0
U003462,754.0,29.0,26,1,348.0
U006246,754.0,29.0,26,1,348.0
U012286,754.0,29.0,26,1,348.0
U023964,754.0,29.0,26,1,348.0
U013501,754.0,29.0,26,1,348.0
U015487,754.0,29.0,26,1,348.0
U015496,754.0,29.0,26,1,348.0
U014907,754.0,29.0,26,1,348.0
U008945,754.0,29.0,26,1,348.0
U021609,754.0,29.0,26,1,348.0
U025457,754.0,29.0,26,1,348.0
U019220,754.0,29.0,26,1,348.0
U016169,754.0,29.0,26,1,348.0
U015529,754.0,29.0,26,1,348.0
U022781,754.0,29.0,26,1,348.0
U015530,754.0,29.0,26,1,348.0
U023880,754.0,29.0,26,1,348.0
U006015,754.0,29.0,26,1,348.0
U014274,754.0,29.0,26,1,348.0
U013952,754.0,29.0,26,1,348.0
U027126,754.0,29.0,26,1,348.0
U013742,754.0,29.0,26,1,348.0
U012549,754.0,29.0,26,1,348.0
U022677,754.0,29.0,26,1,348.0
U016137,754.0,29.0,26,1,348.0
U013575,754.0,29.0,26,1,348.0
U012189,754.0,29.0,26,1,348.0
U008151,754.0,29.0,26,1,348.0
U019799,754.0,29.0,26,1,348.0
U026562,754.0,29.0,26,1,348.0
U018056,754.0,29.0,26,1,348.0
U003971,754.0,29.0,26,1,348.0
U001418,754.0,29.0,26,1,348.0
U000040,754.0,29.0,26,1,348.0
U000123,754.0,29.0,26,1,348.0
U029147,754.0,29.0,26,1,348.0
U026938,754.0,29.0,26,1,348.0
U004425,754.0,29.0,26,1,348.0
U000216,754.0,29.0,26,1,348.0
U020075,754.0,29.0,26,1,348.0
U026377,754.0,29.0,26,1,348.0
U006932,754.0,29.0,26,1,348.0
U011583,754.0,29.0,26,1,348.0
U023536,754.0,29.0,26,1,348.0
U014053,754.0,29.0,26,1,348.0
U007526,754.0,29.0,26,1,348.0
U002409,754.0,29.0,26,1,348.0
U029038,754.0,29.0,26,1,348.0
U018203,754.0,29.0,26,1,348.0
U000290,754.0,29.0,26,1,348.0
U021174,754.0,29.0,26,1,348.0
U027131,754.0,29.0,26,1,348.0
U000291,754.0,29.0,26,1,348.0
U007156,754.0,29.0,26,1,348.0
U020604,754.0,29.0,26,1,348.0
U004460,754.0,29.0,26,1,348.0
U009875,754.0,29.0,26,1,348.0
U010863,754.0,29.0,26,1,348.0
U007600,754.0,29.0,26,1,348.0
U026288,754.0,29.0,26,1,348.0
U014003,754.0,29.0,26,1,348.0
U001952,754.0,29.0,26,1,348.0
U027180,754.0,29.0,26,1,348.0
U002253,754.0,29.0,26,1,348.0
U015239,754.0,29.0,26,1,348.0
U006236,754.0,29.0,26,1,348.0
U002395,754.0,29.0,26,1,348.0
U026287,754.0,29.0,26,1,348.0
U026285,754.0,29.0,26,1,348.0
U026241,754.0,29.0,26,1,348.0
U003697,754.0,29.0,26,1,348.0
U010785,754.0,29.0,26,1,348.0
U011102,754.0,29.0,26,1,348.0
U007230,754.0,29.0,26,1,348.0
U028723,754.0,29.0,26,1,348.0
U019438,754.0,29.0,26,1,348.0
U010337,754.0,29.0,26,1,348.0
U029486,754.0,29.0,26,1,348.0
U023756,754.0,29.0,26,1,348.0
U023534,754.0,29.0,26,1,348.0
U010721,754.0,29.0,26,1,348.0
U014817,754.0,29.0,26,1,348.0
U010687,754.0,29.0,26,1,348.0
U008454,754.0,29.0,26,1,348.0
U026974,754.0,29.0,26,1,348.0
U022226,754.0,29.0,26,1,348.0
U007288,754.0,29.0,26,1,348.0
U028514,754.0,29.0,26,1,348.0
U029658,754.0,29.0,26,1,348.0
U005784,754.0,29.0,26,1,348.0
U028043,754.0,29.0,26,1,348.0
U025682,754.0,29.0,26,1,348.0
U000684,754.0,29.0,26,1,348.0
U017402,754.0,29.0,26,1,348.0
U021462,754.0,29.0,26,1,348.0
U021464,754.0,29.0,26,1,348.0
U013787,754.0,29.0,26,1,348.0
U029839,754.0,29.0,26,1,348.0
U018450,754.0,29.0,26,1,348.0
U029852,754.0,29.0,26,1,348.0
U028071,754.0,29.0,26,1,348.0
U000740,754.0,29.0,26,1,348.0
U011888,754.0,29.0,26,1,348.0
U017388,754.0,29.0,26,1,348.0
U010587,754.0,29.0,26,1,348.0
U001113,754.0,29.0,26,1,348.0
U025973,754.0,29.0,26,1,348.0
U020687,754.0,29.0,26,1,348.0
U005110,754.0,29.0,26,1,348.0
U025520,754.0,29.0,26,1,348.0
U000587,725.0,29.0,25,1,348.0
U024956,725.0,29.0,25,1,348.0
U018376,725.0,29.0,25,1,348.0
U020123,725.0,29.0,25,1,348.0
U002452,725.0,29.0,25,1,348.0
U000506,725.0,29.0,25,1,348.0
U027196,725.0,29.0,25,1,348.0
U021400,725.0,29.0,25,1,348.0
U012919,725.0,29.0,25,1,348.0
U024950,725.0,29.0,25,1,348.0
U016772,725.0,29.0,25,1,348.0
U006735,725.0,29.0,25,1,348.0
U013545,725.0,29.0,25,1,348.0
U011722,725.0,29.0,25,1,348.0
U016151,725.0,29.0,25,1,348.0
U006409,725.0,29.0,25,1,348.0
U028828,725.0,29.0,25,1,348.0
U024983,725.0,29.0,25,1,348.0
U024719,725.0,29.0,25,1,348.0
U016635,725.0,29.0,25,1,348.0
U026235,725.0,29.0,25,1,348.0
U022725,725.0,29.0,25,1,348.0
U011686,725.0,29.0,25,1,348.0
U019774,725.0,29.0,25,1,348.0
U020124,725.0,29.0,25,1,348.0
U027342,725.0,29.0,25,1,348.0
U027605,725.0,29.0,25,1,348.0
U021385,725.0,29.0,25,1,348.0
U010846,725.0,29.0,25,1,348.0
U024467,725.0,29.0,25,1,348.0
U028972,725.0,29.0,25,1,348.0
U020834,725.0,29.0,25,1,348.0
U020503,725.0,29.0,25,1,348.0
U018216,725.0,29.0,25,1,348.0
U025133,725.0,29.0,25,1,348.0
U018768,725.0,29.0,25,1,348.0
U029023,725.0,29.0,25,1,348.0
U014911,725.0,29.0,25,1,348.0
U011592,725.0,29.0,25,1,348.0
U016787,725.0,29.0,25,1,348.0
U023850,725.0,29.0,25,1,348.0
U011585,725.0,29.0,25,1,348.0
U017097,725.0,29.0,25,1,348.0
U000260,725.0,29.0,25,1,348.0
U005494,725.0,29.0,25,1,348.0
U021120,725.0,29.0,25,1,348.0
U000221,725.0,29.0,25,1,348.0
U020759,725.0,29.0,25,1,348.0
U022282,725.0,29.0,25,1,348.0
U011542,725.0,29.0,25,1,348.0
U001286,725.0,29.0,25,1,348.0
U023538,725.0,29.0,25,1,348.0
U018143,725.0,29.0,25,1,348.0
U015558,725.0,29.0,25,1,348.0
U003638,725.0,29.0,25,1,348.0
U010995,725.0,29.0,25,1,348.0
U011505,725.0,29.0,25,1,348.0
U017705,725.0,29.0,25,1,348.0
U029216,725.0,29.0,25,1,348.0
U024159,725.0,29.0,25,1,348.0
U024896,725.0,29.0,25,1,348.0
U023215,725.0,29.0,25,1,348.0
U014827,725.0,29.0,25,1,348.0
U011455,725.0,29.0,25,1,348.0
U025476,725.0,29.0,25,1,348.0
U021166,725.0,29.0,25,1,348.0
U006859,725.0,29.0,25,1,348.0
U024161,725.0,29.0,25,1,348.0
U014432,725.0,29.0,25,1,348.0
U019879,725.0,29.0,25,1,348.0
U024913,725.0,29.0,25,1,348.0
U007929,725.0,29.0,25,1,348.0
U012522,725.0,29.0,25,1,348.0
U027350,725.0,29.0,25,1,348.0
U006433,725.0,29.0,25,1,348.0
U007683,725.0,29.0,25,1,348.0
U026648,725.0,29.0,25,1,348.0
U014863,725.0,29.0,25,1,348.0
U022574,725.0,29.0,25,1,348.0
U019888,725.0,29.0,25,1,348.0
U009010,725.0,29.0,25,1,348.0
U024034,725.0,29.0,25,1,348.0
U006910,725.0,29.0,25,1,348.0
U005335,725.0,29.0,25,1,348.0
U005564,725.0,29.0,25,1,348.0
U002562,725.0,29.0,25,1,348.0
U016359,725.0,29.0,25,1,348.0
U023576,725.0,29.0,25,1,348.0
U025497,725.0,29.0,25,1,348.0
U009055,725.0,29.0,25,1,348.0
U003151,725.0,29.0,25,1,348.0
U013978,725.0,29.0,25,1,348.0
U027660,725.0,29.0,25,1,348.0
U027326,725.0,29.0,25,1,348.0
U009972,725.0,29.0,25,1,348.0
U014992,725.0,29.0,25,1,348.0
U014591,725.0,29.0,25,1,348.0
U005952,725.0,29.0,25,1,348.0
U014924,725.0,29.0,25,1,348.0
U012685,725.0,29.0,25,1,348.0
U010035,725.0,29.0,25,1,348.0
U019957,725.0,29.0,25,1,348.0
U005953,725.0,29.0,25,1,348.0
U022482,725.0,29.0,25,1,348.0
U008993,725.0,29.0,25,1,348.0
U004081,725.0,29.0,25,1,348.0
U013758,725.0,29.0,25,1,348.0
U003302,725.0,29.0,25,1,348.0
U017940,725.0,29.0,25,1,348.0
U007733,725.0,29.0,25,1,348.0
U002519,725.0,29.0,25,1,348.0
U014603,725.0,29.0,25,1,348.0
U010142,725.0,29.0,25,1,348.0
U003463,725.0,29.0,25,1,348.0
U021722,725.0,29.0,25,1,348.0
U025110,725.0,29.0,25,1,348.0
U009217,725.0,29.0,25,1,348.0
U014214,725.0,29.0,25,1,348.0
U013093,725.0,29.0,25,1,348.0
U016566,725.0,29.0,25,1,348.0
U017798,725.0,29.0,25,1,348.0
U027962,725.0,29.0,25,1,348.0
U013262,725.0,29.0,25,1,348.0
U014485,725.0,29.0,25,1,348.0
U005962,725.0,29.0,25,1,348.0
U027387,725.0,29.0,25,1,348.0
U006865,725.0,29.0,25,1,348.0
U024451,725.0,29.0,25,1,348.0
U002597,725.0,29.0,25,1,348.0
U001470,725.0,29.0,25,1,348.0
U009948,725.0,29.0,25,1,348.0
U021284,725.0,29.0,25,1,348.0
U009114,725.0,29.0,25,1,348.0
U019930,725.0,29.0,25,1,348.0
U027969,725.0,29.0,25,1,348.0
U013901,725.0,29.0,25,1,348.0
U027970,725.0,29.0,25,1,348.0
U016411,725.0,29.0,25,1,348.0
U019366,725.0,29.0,25,1,348.0
U017122,725.0,29.0,25,1,348.0
U021880,725.0,29.0,25,1,348.0
U022776,725.0,29.0,25,1,348.0
U029355,725.0,29.0,25,1,348.0
U027526,725.0,29.0,25,1,348.0
U024460,725.0,29.0,25,1,348.0
U014640,725.0,29.0,25,1,348.0
U007991,725.0,29.0,25,1,348.0
U014650,725.0,29.0,25,1,348.0
U018874,725.0,29.0,25,1,348.0
U016804,725.0,29.0,25,1,348.0
U029405,725.0,29.0,25,1,348.0
U010327,725.0,29.0,25,1,348.0
U002042,725.0,29.0,25,1,348.0
U028103,725.0,29.0,25,1,348.0
U015935,725.0,29.0,25,1,348.0
U011407,725.0,29.0,25,1,348.0
U022915,725.0,29.0,25,1,348.0
U018606,725.0,29.0,25,1,348.0
U017186,725.0,29.0,25,1,348.0
U028166,725.0,29.0,25,1,348.0
U004756,725.0,29.0,25,1,348.0
U024951,725.0,29.0,25,1,348.0
U021533,725.0,29.0,25,1,348.0
U011310,725.0,29.0,25,1,348.0
U019602,725.0,29.0,25,1,348.0
U020928,725.0,29.0,25,1,348.0
U000980,725.0,29.0,25,1,348.0
U000966,725.0,29.0,25,1,348.0
U003244,725.0,29.0,25,1,348.0
U006575,725.0,29.0,25,1,348.0
U023924,725.0,29.0,25,1,348.0
U011308,725.0,29.0,25,1,348.0
U029548,725.0,29.0,25,1,348.0
U023305,725.0,29.0,25,1,348.0
U025854,725.0,29.0,25,1,348.0
U015616,725.0,29.0,25,1,348.0
U025359,725.0,29.0,25,1,348.0
U029607,725.0,29.0,25,1,348.0
U012999,725.0,29.0,25,1,348.0
U015939,725.0,29.0,25,1,348.0
U023318,725.0,29.0,25,1,348.0
U011924,725.0,29.0,25,1,348.0
U021995,725.0,29.0,25,1,348.0
U023713,725.0,29.0,25,1,348.0
U029698,725.0,29.0,25,1,348.0
U028358,725.0,29.0,25,1,348.0
U022275,725.0,29.0,25,1,348.0
U010576,725.0,29.0,25,1,348.0
U017389,725.0,29.0,25,1,348.0
U007969,725.0,29.0,25,1,348.0
U029757,725.0,29.0,25,1,348.0
U023707,725.0,29.0,25,1,348.0
U029804,725.0,29.0,25,1,348.0
U007644,725.0,29.0,25,1,348.0
U028431,725.0,29.0,25,1,348.0
U003788,725.0,29.0,25,1,348.0
U011882,725.0,29.0,25,1,348.0
U003545,725.0,29.0,25,1,348.0
U020864,725.0,29.0,25,1,348.0
U020742,725.0,29.0,25,1,348.0
U004199,725.0,29.0,25,1,348.0
U010372,725.0,29.0,25,1,348.0
U023042,725.0,29.0,25,1,348.0
U000690,725.0,29.0,25,1,348.0
U023401,725.0,29.0,25,1,348.0
U000683,725.0,29.0,25,1,348.0
U012770,725.0,29.0,25,1,348.0
U004179,725.0,29.0,25,1,348.0
U021443,725.0,29.0,25,1,348.0
U023410,725.0,29.0,25,1,348.0
U009056,725.0,29.0,25,1,348.0
U004570,725.0,29.0,25,1,348.0
U010695,725.0,29.0,25,1,348.0
U027477,725.0,29.0,25,1,348.0
U024540,711.0,79.0,9,1,948.0
U002698,711.0,79.0,9,1,948.0
U024529,711.0,79.0,9,1,948.0
U024524,711.0,79.0,9,1,948.0
U002739,711.0,79.0,9,1,948.0
U005260,711.0,79.0,9,1,948.0
U022506,711.0,79.0,9,1,948.0
U014614,711.0,79.0,9,1,948.0
U005305,711.0,79.0,9,1,948.0
U024239,711.0,79.0,9,1,948.0
U014575,711.0,79.0,9,1,948.0
U003164,711.0,79.0,9,1,948.0
U014482,711.0,79.0,9,1,948.0
U024096,711.0,79.0,9,1,948.0
U003300,711.0,79.0,9,1,948.0
U014328,711.0,79.0,9,1,948.0
U015560,711.0,79.0,9,1,948.0
U023797,711.0,79.0,9,1,948.0
U003670,711.0,79.0,9,1,948.0
U003677,711.0,79.0,9,1,948.0
U023758,711.0,79.0,9,1,948.0
U003713,711.0,79.0,9,1,948.0
U023752,711.0,79.0,9,1,948.0
U023747,711.0,79.0,9,1,948.0
U003728,711.0,79.0,9,1,948.0
U014197,711.0,79.0,9,1,948.0
U015604,711.0,79.0,9,1,948.0
U023719,711.0,79.0,9,1,948.0
U022320,711.0,79.0,9,1,948.0
U023675,711.0,79.0,9,1,948.0
U014159,711.0,79.0,9,1,948.0
U005534,711.0,79.0,9,1,948.0
U003846,711.0,79.0,9,1,948.0
U003865,711.0,79.0,9,1,948.0
U014985,711.0,79.0,9,1,948.0
U014031,711.0,79.0,9,1,948.0
U004022,711.0,79.0,9,1,948.0
U015761,711.0,79.0,9,1,948.0
U023472,711.0,79.0,9,1,948.0
U005616,711.0,79.0,9,1,948.0
U005617,711.0,79.0,9,1,948.0
U023435,711.0,79.0,9,1,948.0
U000010,711.0,79.0,9,1,948.0
U013892,711.0,79.0,9,1,948.0
U022244,711.0,79.0,9,1,948.0
U015972,711.0,79.0,9,1,948.0
U013741,711.0,79.0,9,1,948.0
U019868,711.0,79.0,9,1,948.0
U005744,711.0,79.0,9,1,948.0
U013711,711.0,79.0,9,1,948.0
U008751,711.0,79.0,9,1,948.0
U013703,711.0,79.0,9,1,948.0
U008763,711.0,79.0,9,1,948.0
U008775,711.0,79.0,9,1,948.0
U016054,711.0,79.0,9,1,948.0
U008172,711.0,79.0,9,1,948.0
U008834,711.0,79.0,9,1,948.0
U020290,711.0,79.0,9,1,948.0
U013581,711.0,79.0,9,1,948.0
U019744,711.0,79.0,9,1,948.0
U008135,711.0,79.0,9,1,948.0
U008948,711.0,79.0,9,1,948.0
U016179,711.0,79.0,9,1,948.0
U013495,711.0,79.0,9,1,948.0
U016181,711.0,79.0,9,1,948.0
U008110,711.0,79.0,9,1,948.0
U009030,711.0,79.0,9,1,948.0
U005876,711.0,79.0,9,1,948.0
U020337,711.0,79.0,9,1,948.0
U009100,711.0,79.0,9,1,948.0
U020344,711.0,79.0,9,1,948.0
U008062,711.0,79.0,9,1,948.0
U019538,711.0,79.0,9,1,948.0
U020357,711.0,79.0,9,1,948.0
U009219,711.0,79.0,9,1,948.0
U009223,711.0,79.0,9,1,948.0
U016408,711.0,79.0,9,1,948.0
U008007,711.0,79.0,9,1,948.0
U005973,711.0,79.0,9,1,948.0
U020090,711.0,79.0,9,1,948.0
U009311,711.0,79.0,9,1,948.0
U019397,711.0,79.0,9,1,948.0
U006017,711.0,79.0,9,1,948.0
U013105,711.0,79.0,9,1,948.0
U013099,711.0,79.0,9,1,948.0
U009430,711.0,79.0,9,1,948.0
U009443,711.0,79.0,9,1,948.0
U007904,711.0,79.0,9,1,948.0
U019298,711.0,79.0,9,1,948.0
U008378,711.0,79.0,9,1,948.0
U012958,711.0,79.0,9,1,948.0
U009516,711.0,79.0,9,1,948.0
U020489,711.0,79.0,9,1,948.0
U012939,711.0,79.0,9,1,948.0
U006151,711.0,79.0,9,1,948.0
U012854,711.0,79.0,9,1,948.0
U006171,711.0,79.0,9,1,948.0
U016762,711.0,79.0,9,1,948.0
U006212,711.0,79.0,9,1,948.0
U019144,711.0,79.0,9,1,948.0
U006221,711.0,79.0,9,1,948.0
U006224,711.0,79.0,9,1,948.0
U016801,711.0,79.0,9,1,948.0
U012689,711.0,79.0,9,1,948.0
U021810,711.0,79.0,9,1,948.0
U008367,711.0,79.0,9,1,948.0
U016825,711.0,79.0,9,1,948.0
U006253,711.0,79.0,9,1,948.0
U019051,711.0,79.0,9,1,948.0
U012643,711.0,79.0,9,1,948.0
U016839,711.0,79.0,9,1,948.0
U007718,711.0,79.0,9,1,948.0
U019018,711.0,79.0,9,1,948.0
U021770,711.0,79.0,9,1,948.0
U016889,711.0,79.0,9,1,948.0
U016890,711.0,79.0,9,1,948.0
U009934,711.0,79.0,9,1,948.0
U016897,711.0,79.0,9,1,948.0
U012516,711.0,79.0,9,1,948.0
U012508,711.0,79.0,9,1,948.0
U007648,711.0,79.0,9,1,948.0
U021214,711.0,79.0,9,1,948.0
U016971,711.0,79.0,9,1,948.0
U018857,711.0,79.0,9,1,948.0
U017028,711.0,79.0,9,1,948.0
U012361,711.0,79.0,9,1,948.0
U020775,711.0,79.0,9,1,948.0
U021664,711.0,79.0,9,1,948.0
U018778,711.0,79.0,9,1,948.0
U012301,711.0,79.0,9,1,948.0
U006448,711.0,79.0,9,1,948.0
U012265,711.0,79.0,9,1,948.0
U010267,711.0,79.0,9,1,948.0
U010280,711.0,79.0,9,1,948.0
U020854,711.0,79.0,9,1,948.0
U018639,711.0,79.0,9,1,948.0
U021596,711.0,79.0,9,1,948.0
U021568,711.0,79.0,9,1,948.0
U007437,711.0,79.0,9,1,948.0
U007416,711.0,79.0,9,1,948.0
U010456,711.0,79.0,9,1,948.0
U021516,711.0,79.0,9,1,948.0
U017323,711.0,79.0,9,1,948.0
U006968,711.0,79.0,9,1,948.0
U011963,711.0,79.0,9,1,948.0
U014965,711.0,79.0,9,1,948.0
U010560,711.0,79.0,9,1,948.0
U011909,711.0,79.0,9,1,948.0
U020980,711.0,79.0,9,1,948.0
U011896,711.0,79.0,9,1,948.0
U018422,711.0,79.0,9,1,948.0
U007287,711.0,79.0,9,1,948.0
U010682,711.0,79.0,9,1,948.0
U007276,711.0,79.0,9,1,948.0
U010708,711.0,79.0,9,1,948.0
U017462,711.0,79.0,9,1,948.0
U018355,711.0,79.0,9,1,948.0
U007234,711.0,79.0,9,1,948.0
U018306,711.0,79.0,9,1,948.0
U017532,711.0,79.0,9,1,948.0
U017537,711.0,79.0,9,1,948.0
U010857,711.0,79.0,9,1,948.0
U007180,711.0,79.0,9,1,948.0
U011643,711.0,79.0,9,1,948.0
U010873,711.0,79.0,9,1,948.0
U017559,711.0,79.0,9,1,948.0
U018190,711.0,79.0,9,1,948.0
U018188,711.0,79.0,9,1,948.0
U010941,711.0,79.0,9,1,948.0
U007117,711.0,79.0,9,1,948.0
U018148,711.0,79.0,9,1,948.0
U011499,711.0,79.0,9,1,948.0
U007075,711.0,79.0,9,1,948.0
U017724,711.0,79.0,9,1,948.0
U011066,711.0,79.0,9,1,948.0
U018047,711.0,79.0,9,1,948.0
U000029,711.0,79.0,9,1,948.0
U023233,711.0,79.0,9,1,948.0
U000041,711.0,79.0,9,1,948.0
U023222,711.0,79.0,9,1,948.0
U000156,711.0,79.0,9,1,948.0
U004409,711.0,79.0,9,1,948.0
U029120,711.0,79.0,9,1,948.0
U029118,711.0,79.0,9,1,948.0
U029100,711.0,79.0,9,1,948.0
U029083,711.0,79.0,9,1,948.0
U023183,711.0,79.0,9,1,948.0
U000269,711.0,79.0,9,1,948.0
U000281,711.0,79.0,9,1,948.0
U004350,711.0,79.0,9,1,948.0
U029327,711.0,79.0,9,1,948.0
U000300,711.0,79.0,9,1,948.0
U029332,711.0,79.0,9,1,948.0
U029342,711.0,79.0,9,1,948.0
U026331,711.0,79.0,9,1,948.0
U029004,711.0,79.0,9,1,948.0
U028742,711.0,79.0,9,1,948.0
U000496,711.0,79.0,9,1,948.0
U000505,711.0,79.0,9,1,948.0
U004535,711.0,79.0,9,1,948.0
U008499,711.0,79.0,9,1,948.0
U028688,711.0,79.0,9,1,948.0
U000586,711.0,79.0,9,1,948.0
U026114,711.0,79.0,9,1,948.0
U026098,711.0,79.0,9,1,948.0
U004584,711.0,79.0,9,1,948.0
U026073,711.0,79.0,9,1,948.0
U000677,711.0,79.0,9,1,948.0
U026013,711.0,79.0,9,1,948.0
U000767,711.0,79.0,9,1,948.0
U000773,711.0,79.0,9,1,948.0
U004643,711.0,79.0,9,1,948.0
U025941,711.0,79.0,9,1,948.0
U000811,711.0,79.0,9,1,948.0
U025912,711.0,79.0,9,1,948.0
U028282,711.0,79.0,9,1,948.0
U025872,711.0,79.0,9,1,948.0
U000901,711.0,79.0,9,1,948.0
U000909,711.0,79.0,9,1,948.0
U028272,711.0,79.0,9,1,948.0
U025815,711.0,79.0,9,1,948.0
U028134,711.0,79.0,9,1,948.0
U028072,711.0,79.0,9,1,948.0
U028029,711.0,79.0,9,1,948.0
U001162,711.0,79.0,9,1,948.0
U004776,711.0,79.0,9,1,948.0
U027952,711.0,79.0,9,1,948.0
U025587,711.0,79.0,9,1,948.0
U029542,711.0,79.0,9,1,948.0
U027916,711.0,79.0,9,1,948.0
U025540,711.0,79.0,9,1,948.0
U025506,711.0,79.0,9,1,948.0
U029556,711.0,79.0,9,1,948.0
U023307,711.0,79.0,9,1,948.0
U001600,711.0,79.0,9,1,948.0
U027595,711.0,79.0,9,1,948.0
U027580,711.0,79.0,9,1,948.0
U004893,711.0,79.0,9,1,948.0
U022819,711.0,79.0,9,1,948.0
U027566,711.0,79.0,9,1,948.0
U022802,711.0,79.0,9,1,948.0
U020042,711.0,79.0,9,1,948.0
U029661,711.0,79.0,9,1,948.0
U027500,711.0,79.0,9,1,948.0
U001708,711.0,79.0,9,1,948.0
U020022,711.0,79.0,9,1,948.0
U027423,711.0,79.0,9,1,948.0
U001819,711.0,79.0,9,1,948.0
U025179,711.0,79.0,9,1,948.0
U025158,711.0,79.0,9,1,948.0
U025098,711.0,79.0,9,1,948.0
U004238,711.0,79.0,9,1,948.0
U025090,711.0,79.0,9,1,948.0
U001947,711.0,79.0,9,1,948.0
U002122,711.0,79.0,9,1,948.0
U004225,711.0,79.0,9,1,948.0
U024926,711.0,79.0,9,1,948.0
U029812,711.0,79.0,9,1,948.0
U027012,711.0,79.0,9,1,948.0
U027007,711.0,79.0,9,1,948.0
U026966,711.0,79.0,9,1,948.0
U026933,711.0,79.0,9,1,948.0
U026922,711.0,79.0,9,1,948.0
U002291,711.0,79.0,9,1,948.0
U023394,711.0,79.0,9,1,948.0
U002305,711.0,79.0,9,1,948.0
U026890,711.0,79.0,9,1,948.0
U002363,711.0,79.0,9,1,948.0
U005129,711.0,79.0,9,1,948.0
U002403,711.0,79.0,9,1,948.0
U022617,711.0,79.0,9,1,948.0
U026708,711.0,79.0,9,1,948.0
U023405,711.0,79.0,9,1,948.0
U026687,711.0,79.0,9,1,948.0
U026660,711.0,79.0,9,1,948.0
U026656,711.0,79.0,9,1,948.0
U026642,711.0,79.0,9,1,948.0
U017776,711.0,79.0,9,1,948.0
U007020,711.0,79.0,9,1,948.0
U000003,711.0,79.0,9,1,948.0
U024553,711.0,79.0,9,1,948.0
U002679,711.0,79.0,9,1,948.0
U027776,696.0,29.0,24,1,348.0
U012953,696.0,29.0,24,1,348.0
U026944,696.0,29.0,24,1,348.0
U004827,696.0,29.0,24,1,348.0
U029309,696.0,29.0,24,1,348.0
U005447,696.0,29.0,24,1,348.0
U012086,696.0,29.0,24,1,348.0
U002638,696.0,29.0,24,1,348.0
U018739,696.0,29.0,24,1,348.0
U017447,696.0,29.0,24,1,348.0
U022558,696.0,29.0,24,1,348.0
U020478,696.0,29.0,24,1,348.0
U021766,696.0,29.0,24,1,348.0
U011342,696.0,29.0,24,1,348.0
U002654,696.0,29.0,24,1,348.0
U015862,696.0,29.0,24,1,348.0
U023088,696.0,29.0,24,1,348.0
U022321,696.0,29.0,24,1,348.0
U027440,696.0,29.0,24,1,348.0
U016957,696.0,29.0,24,1,348.0
U005926,696.0,29.0,24,1,348.0
U012975,696.0,29.0,24,1,348.0
U004540,696.0,29.0,24,1,348.0
U001735,696.0,29.0,24,1,348.0
U015611,696.0,29.0,24,1,348.0
U007257,696.0,29.0,24,1,348.0
U024866,696.0,29.0,24,1,348.0
U008561,696.0,29.0,24,1,348.0
U026970,696.0,29.0,24,1,348.0
U000507,696.0,29.0,24,1,348.0
U025038,696.0,29.0,24,1,348.0
U027748,696.0,29.0,24,1,348.0
U025724,696.0,29.0,24,1,348.0
U004407,696.0,29.0,24,1,348.0
U015164,696.0,29.0,24,1,348.0
U001092,696.0,29.0,24,1,348.0
U010104,696.0,29.0,24,1,348.0
U021197,696.0,29.0,24,1,348.0
U009470,696.0,29.0,24,1,348.0
U001126,696.0,29.0,24,1,348.0
U015261,696.0,29.0,24,1,348.0
U021404,696.0,29.0,24,1,348.0
U001846,696.0,29.0,24,1,348.0
U001515,696.0,29.0,24,1,348.0
U028019,696.0,29.0,24,1,348.0
U001848,696.0,29.0,24,1,348.0
U016928,696.0,29.0,24,1,348.0
U007980,696.0,29.0,24,1,348.0
U026193,696.0,29.0,24,1,348.0
U004852,696.0,29.0,24,1,348.0
U019306,696.0,29.0,24,1,348.0
U008603,696.0,29.0,24,1,348.0
U009454,696.0,29.0,24,1,348.0
U025641,696.0,29.0,24,1,348.0
U026216,696.0,29.0,24,1,348.0
U017088,696.0,29.0,24,1,348.0
U020181,696.0,29.0,24,1,348.0
U004509,696.0,29.0,24,1,348.0
U019313,696.0,29.0,24,1,348.0
U023507,696.0,29.0,24,1,348.0
U026245,696.0,29.0,24,1,348.0
U024507,696.0,29.0,24,1,348.0
U028855,696.0,29.0,24,1,348.0
U017638,696.0,29.0,24,1,348.0
U024196,696.0,29.0,24,1,348.0
U028856,696.0,29.0,24,1,348.0
U027982,696.0,29.0,24,1,348.0
U002188,696.0,29.0,24,1,348.0
U029096,696.0,29.0,24,1,348.0
U025636,696.0,29.0,24,1,348.0
U027971,696.0,29.0,24,1,348.0
U020638,696.0,29.0,24,1,348.0
U010837,696.0,29.0,24,1,348.0
U016099,696.0,29.0,24,1,348.0
U008426,696.0,29.0,24,1,348.0
U006764,696.0,29.0,24,1,348.0
U018850,696.0,29.0,24,1,348.0
U009392,696.0,29.0,24,1,348.0
U029475,696.0,29.0,24,1,348.0
U012179,696.0,29.0,24,1,348.0
U016448,696.0,29.0,24,1,348.0
U021675,696.0,29.0,24,1,348.0
U007170,696.0,29.0,24,1,348.0
U015965,696.0,29.0,24,1,348.0
U015573,696.0,29.0,24,1,348.0
U001222,696.0,29.0,24,1,348.0
U015213,696.0,29.0,24,1,348.0
U003370,696.0,29.0,24,1,348.0
U009052,696.0,29.0,24,1,348.0
U007039,696.0,29.0,24,1,348.0
U003655,696.0,29.0,24,1,348.0
U023271,696.0,29.0,24,1,348.0
U004856,696.0,29.0,24,1,348.0
U025604,696.0,29.0,24,1,348.0
U023803,696.0,29.0,24,1,348.0
U020407,696.0,29.0,24,1,348.0
U021357,696.0,29.0,24,1,348.0
U016502,696.0,29.0,24,1,348.0
U001274,696.0,29.0,24,1,348.0
U004463,696.0,29.0,24,1,348.0
U016130,696.0,29.0,24,1,348.0
U000205,696.0,29.0,24,1,348.0
U004454,696.0,29.0,24,1,348.0
U012708,696.0,29.0,24,1,348.0
U008413,696.0,29.0,24,1,348.0
U027930,696.0,29.0,24,1,348.0
U025585,696.0,29.0,24,1,348.0
U003617,696.0,29.0,24,1,348.0
U017061,696.0,29.0,24,1,348.0
U029102,696.0,29.0,24,1,348.0
U020754,696.0,29.0,24,1,348.0
U015798,696.0,29.0,24,1,348.0
U026327,696.0,29.0,24,1,348.0
U004991,696.0,29.0,24,1,348.0
U002856,696.0,29.0,24,1,348.0
U028167,696.0,29.0,24,1,348.0
U003597,696.0,29.0,24,1,348.0
U020059,696.0,29.0,24,1,348.0
U005826,696.0,29.0,24,1,348.0
U011600,696.0,29.0,24,1,348.0
U016942,696.0,29.0,24,1,348.0
U028175,696.0,29.0,24,1,348.0
U026894,696.0,29.0,24,1,348.0
U015541,696.0,29.0,24,1,348.0
U008379,696.0,29.0,24,1,348.0
U016829,696.0,29.0,24,1,348.0
U019136,696.0,29.0,24,1,348.0
U021353,696.0,29.0,24,1,348.0
U025803,696.0,29.0,24,1,348.0
U023237,696.0,29.0,24,1,348.0
U012730,696.0,29.0,24,1,348.0
U000263,696.0,29.0,24,1,348.0
U005033,696.0,29.0,24,1,348.0
U000952,696.0,29.0,24,1,348.0
U021715,696.0,29.0,24,1,348.0
U019763,696.0,29.0,24,1,348.0
U009966,696.0,29.0,24,1,348.0
U014847,696.0,29.0,24,1,348.0
U006587,696.0,29.0,24,1,348.0
U004120,696.0,29.0,24,1,348.0
U005834,696.0,29.0,24,1,348.0
U000896,696.0,29.0,24,1,348.0
U020215,696.0,29.0,24,1,348.0
U004669,696.0,29.0,24,1,348.0
U009333,696.0,29.0,24,1,348.0
U005756,696.0,29.0,24,1,348.0
U028290,696.0,29.0,24,1,348.0
U013527,696.0,29.0,24,1,348.0
U022999,696.0,29.0,24,1,348.0
U012780,696.0,29.0,24,1,348.0
U024774,696.0,29.0,24,1,348.0
U008136,696.0,29.0,24,1,348.0
U016956,696.0,29.0,24,1,348.0
U009645,696.0,29.0,24,1,348.0
U023007,696.0,29.0,24,1,348.0
U010544,696.0,29.0,24,1,348.0
U018914,696.0,29.0,24,1,348.0
U002099,696.0,29.0,24,1,348.0
U007593,696.0,29.0,24,1,348.0
U023403,696.0,29.0,24,1,348.0
U003848,696.0,29.0,24,1,348.0
U015908,696.0,29.0,24,1,348.0
U005977,696.0,29.0,24,1,348.0
U019186,696.0,29.0,24,1,348.0
U004902,696.0,29.0,24,1,348.0
U007330,696.0,29.0,24,1,348.0
U002423,696.0,29.0,24,1,348.0
U022184,696.0,29.0,24,1,348.0
U005142,696.0,29.0,24,1,348.0
U015675,696.0,29.0,24,1,348.0
U029837,696.0,29.0,24,1,348.0
U020186,696.0,29.0,24,1,348.0
U010266,696.0,29.0,24,1,348.0
U007121,696.0,29.0,24,1,348.0
U003521,696.0,29.0,24,1,348.0
U005694,696.0,29.0,24,1,348.0
U009604,696.0,29.0,24,1,348.0
U020983,696.0,29.0,24,1,348.0
U000755,696.0,29.0,24,1,348.0
U002083,696.0,29.0,24,1,348.0
U020177,696.0,29.0,24,1,348.0
U025995,696.0,29.0,24,1,348.0
U003512,696.0,29.0,24,1,348.0
U029132,696.0,29.0,24,1,348.0
U004148,696.0,29.0,24,1,348.0
U001380,696.0,29.0,24,1,348.0
U021000,696.0,29.0,24,1,348.0
U009993,696.0,29.0,24,1,348.0
U004938,696.0,29.0,24,1,348.0
U007521,696.0,29.0,24,1,348.0
U020324,696.0,29.0,24,1,348.0
U017985,696.0,29.0,24,1,348.0
U014516,696.0,29.0,24,1,348.0
U017411,696.0,29.0,24,1,348.0
U006806,696.0,29.0,24,1,348.0
U010657,696.0,29.0,24,1,348.0
U027823,696.0,29.0,24,1,348.0
U003990,696.0,29.0,24,1,348.0
U021641,696.0,29.0,24,1,348.0
U022593,696.0,29.0,24,1,348.0
U016019,696.0,29.0,24,1,348.0
U021010,696.0,29.0,24,1,348.0
U006453,696.0,29.0,24,1,348.0
U018917,696.0,29.0,24,1,348.0
U006129,696.0,29.0,24,1,348.0
U008730,696.0,29.0,24,1,348.0
U027413,696.0,29.0,24,1,348.0
U027446,696.0,29.0,24,1,348.0
U016662,696.0,29.0,24,1,348.0
U026099,696.0,29.0,24,1,348.0
U006977,696.0,29.0,24,1,348.0
U019685,696.0,29.0,24,1,348.0
U016325,696.0,29.0,24,1,348.0
U022272,696.0,29.0,24,1,348.0
U026117,696.0,29.0,24,1,348.0
U002013,696.0,29.0,24,1,348.0
U004262,696.0,29.0,24,1,348.0
U019590,667.0,29.0,23,1,348.0
U012743,667.0,29.0,23,1,348.0
U027228,667.0,29.0,23,1,348.0
U000977,667.0,29.0,23,1,348.0
U014844,667.0,29.0,23,1,348.0
U022266,667.0,29.0,23,1,348.0
U026955,667.0,29.0,23,1,348.0
U018980,667.0,29.0,23,1,348.0
U008199,667.0,29.0,23,1,348.0
U014439,667.0,29.0,23,1,348.0
U021821,667.0,29.0,23,1,348.0
U019130,667.0,29.0,23,1,348.0
U010046,667.0,29.0,23,1,348.0
U012048,667.0,29.0,23,1,348.0
U015897,667.0,29.0,23,1,348.0
U004868,667.0,29.0,23,1,348.0
U017235,667.0,29.0,23,1,348.0
U010407,667.0,29.0,23,1,348.0
U010141,667.0,29.0,23,1,348.0
U001567,667.0,29.0,23,1,348.0
U027623,667.0,29.0,23,1,348.0
U002236,667.0,29.0,23,1,348.0
U014463,667.0,29.0,23,1,348.0
U007573,667.0,29.0,23,1,348.0
U001604,667.0,29.0,23,1,348.0
U020771,667.0,29.0,23,1,348.0
U008278,667.0,29.0,23,1,348.0
U021566,667.0,29.0,23,1,348.0
U027437,667.0,29.0,23,1,348.0
U014474,667.0,29.0,23,1,348.0
U015652,667.0,29.0,23,1,348.0
U000001,667.0,29.0,23,1,348.0
U008083,667.0,29.0,23,1,348.0
U022929,667.0,29.0,23,1,348.0
U020743,667.0,29.0,23,1,348.0
U029893,667.0,29.0,23,1,348.0
U005907,667.0,29.0,23,1,348.0
U027267,667.0,29.0,23,1,348.0
U019561,667.0,29.0,23,1,348.0
U005911,667.0,29.0,23,1,348.0
U008453,667.0,29.0,23,1,348.0
U029717,667.0,29.0,23,1,348.0
U019544,667.0,29.0,23,1,348.0
U027274,667.0,29.0,23,1,348.0
U003182,667.0,29.0,23,1,348.0
U021601,667.0,29.0,23,1,348.0
U014550,667.0,29.0,23,1,348.0
U014096,667.0,29.0,23,1,348.0
U001615,667.0,29.0,23,1,348.0
U004299,667.0,29.0,23,1,348.0
U002193,667.0,29.0,23,1,348.0
U029498,667.0,29.0,23,1,348.0
U006952,667.0,29.0,23,1,348.0
U009195,667.0,29.0,23,1,348.0
U016004,667.0,29.0,23,1,348.0
U029430,667.0,29.0,23,1,348.0
U013612,667.0,29.0,23,1,348.0
U022299,667.0,29.0,23,1,348.0
U013605,667.0,29.0,23,1,348.0
U029381,667.0,29.0,23,1,348.0
U005575,667.0,29.0,23,1,348.0
U029321,667.0,29.0,23,1,348.0
U014055,667.0,29.0,23,1,348.0
U014900,667.0,29.0,23,1,348.0
U014052,667.0,29.0,23,1,348.0
U011124,667.0,29.0,23,1,348.0
U008862,667.0,29.0,23,1,348.0
U005960,667.0,29.0,23,1,348.0
U020203,667.0,29.0,23,1,348.0
U005966,667.0,29.0,23,1,348.0
U004003,667.0,29.0,23,1,348.0
U006403,667.0,29.0,23,1,348.0
U022003,667.0,29.0,23,1,348.0
U013585,667.0,29.0,23,1,348.0
U014853,667.0,29.0,23,1,348.0
U011433,667.0,29.0,23,1,348.0
U017019,667.0,29.0,23,1,348.0
U011441,667.0,29.0,23,1,348.0
U014620,667.0,29.0,23,1,348.0
U027910,667.0,29.0,23,1,348.0
U017006,667.0,29.0,23,1,348.0
U010299,667.0,29.0,23,1,348.0
U004366,667.0,29.0,23,1,348.0
U015544,667.0,29.0,23,1,348.0
U019777,667.0,29.0,23,1,348.0
U013867,667.0,29.0,23,1,348.0
U018757,667.0,29.0,23,1,348.0
U011043,667.0,29.0,23,1,348.0
U017698,667.0,29.0,23,1,348.0
U014030,667.0,29.0,23,1,348.0
U017004,667.0,29.0,23,1,348.0
U027084,667.0,29.0,23,1,348.0
U005486,667.0,29.0,23,1,348.0
U022359,667.0,29.0,23,1,348.0
U019456,667.0,29.0,23,1,348.0
U007988,667.0,29.0,23,1,348.0
U011281,667.0,29.0,23,1,348.0
U000128,667.0,29.0,23,1,348.0
U002965,667.0,29.0,23,1,348.0
U000130,667.0,29.0,23,1,348.0
U007616,667.0,29.0,23,1,348.0
U005998,667.0,29.0,23,1,348.0
U011540,667.0,29.0,23,1,348.0
U026372,667.0,29.0,23,1,348.0
U022516,667.0,29.0,23,1,348.0
U000256,667.0,29.0,23,1,348.0
U024408,667.0,29.0,23,1,348.0
U025135,667.0,29.0,23,1,348.0
U029039,667.0,29.0,23,1,348.0
U010913,667.0,29.0,23,1,348.0
U002860,667.0,29.0,23,1,348.0
U018680,667.0,29.0,23,1,348.0
U021355,667.0,29.0,23,1,348.0
U009374,667.0,29.0,23,1,348.0
U004169,667.0,29.0,23,1,348.0
U022791,667.0,29.0,23,1,348.0
U022367,667.0,29.0,23,1,348.0
U013091,667.0,29.0,23,1,348.0
U027122,667.0,29.0,23,1,348.0
U026312,667.0,29.0,23,1,348.0
U000342,667.0,29.0,23,1,348.0
U010847,667.0,29.0,23,1,348.0
U008464,667.0,29.0,23,1,348.0
U007712,667.0,29.0,23,1,348.0
U014737,667.0,29.0,23,1,348.0
U004493,667.0,29.0,23,1,348.0
U016842,667.0,29.0,23,1,348.0
U021783,667.0,29.0,23,1,348.0
U002087,667.0,29.0,23,1,348.0
U005461,667.0,29.0,23,1,348.0
U010264,667.0,29.0,23,1,348.0
U021238,667.0,29.0,23,1,348.0
U021057,667.0,29.0,23,1,348.0
U012233,667.0,29.0,23,1,348.0
U024505,667.0,29.0,23,1,348.0
U000418,667.0,29.0,23,1,348.0
U022888,667.0,29.0,23,1,348.0
U011392,667.0,29.0,23,1,348.0
U016572,667.0,29.0,23,1,348.0
U018308,667.0,29.0,23,1,348.0
U005459,667.0,29.0,23,1,348.0
U011719,667.0,29.0,23,1,348.0
U020819,667.0,29.0,23,1,348.0
U001648,667.0,29.0,23,1,348.0
U010792,667.0,29.0,23,1,348.0
U000453,667.0,29.0,23,1,348.0
U002719,667.0,29.0,23,1,348.0
U027819,667.0,29.0,23,1,348.0
U018722,667.0,29.0,23,1,348.0
U022875,667.0,29.0,23,1,348.0
U016926,667.0,29.0,23,1,348.0
U018335,667.0,29.0,23,1,348.0
U001762,667.0,29.0,23,1,348.0
U025472,667.0,29.0,23,1,348.0
U023967,667.0,29.0,23,1,348.0
U019690,667.0,29.0,23,1,348.0
U010747,667.0,29.0,23,1,348.0
U005683,667.0,29.0,23,1,348.0
U010079,667.0,29.0,23,1,348.0
U002672,667.0,29.0,23,1,348.0
U002669,667.0,29.0,23,1,348.0
U023506,667.0,29.0,23,1,348.0
U028653,667.0,29.0,23,1,348.0
U014380,667.0,29.0,23,1,348.0
U014781,667.0,29.0,23,1,348.0
U022817,667.0,29.0,23,1,348.0
U004573,667.0,29.0,23,1,348.0
U028591,667.0,29.0,23,1,348.0
U015137,667.0,29.0,23,1,348.0
U009001,667.0,29.0,23,1,348.0
U005599,667.0,29.0,23,1,348.0
U024602,667.0,29.0,23,1,348.0
U026070,667.0,29.0,23,1,348.0
U002005,667.0,29.0,23,1,348.0
U005188,667.0,29.0,23,1,348.0
U028559,667.0,29.0,23,1,348.0
U010664,667.0,29.0,23,1,348.0
U021013,667.0,29.0,23,1,348.0
U026640,667.0,29.0,23,1,348.0
U004602,667.0,29.0,23,1,348.0
U004839,667.0,29.0,23,1,348.0
U006660,667.0,29.0,23,1,348.0
U018436,667.0,29.0,23,1,348.0
U028433,667.0,29.0,23,1,348.0
U000726,667.0,29.0,23,1,348.0
U018449,667.0,29.0,23,1,348.0
U003416,667.0,29.0,23,1,348.0
U026729,667.0,29.0,23,1,348.0
U022609,667.0,29.0,23,1,348.0
U010591,667.0,29.0,23,1,348.0
U012853,667.0,29.0,23,1,348.0
U021477,667.0,29.0,23,1,348.0
U000805,667.0,29.0,23,1,348.0
U002370,667.0,29.0,23,1,348.0
U002358,667.0,29.0,23,1,348.0
U020560,667.0,29.0,23,1,348.0
U003404,667.0,29.0,23,1,348.0
U020330,667.0,29.0,23,1,348.0
U011990,667.0,29.0,23,1,348.0
U017315,667.0,29.0,23,1,348.0
U025391,667.0,29.0,23,1,348.0
U014419,667.0,29.0,23,1,348.0
U020938,667.0,29.0,23,1,348.0
U013949,667.0,29.0,23,1,348.0
U009694,667.0,29.0,23,1,348.0
U027227,667.0,29.0,23,1,348.0
U028155,638.0,29.0,22,1,348.0
U013460,638.0,29.0,22,1,348.0
U020359,638.0,29.0,22,1,348.0
U025419,638.0,29.0,22,1,348.0
U022318,638.0,29.0,22,1,348.0
U021373,638.0,29.0,22,1,348.0
U023680,638.0,29.0,22,1,348.0
U014162,638.0,29.0,22,1,348.0
U009752,638.0,29.0,22,1,348.0
U003149,638.0,29.0,22,1,348.0
U024001,638.0,29.0,22,1,348.0
U018904,638.0,29.0,22,1,348.0
U004853,638.0,29.0,22,1,348.0
U025735,638.0,29.0,22,1,348.0
U022955,638.0,29.0,22,1,348.0
U028106,638.0,29.0,22,1,348.0
U012312,638.0,29.0,22,1,348.0
U022690,638.0,29.0,22,1,348.0
U010853,638.0,29.0,22,1,348.0
U011706,638.0,29.0,22,1,348.0
U025066,638.0,29.0,22,1,348.0
U012316,638.0,29.0,22,1,348.0
U003920,638.0,29.0,22,1,348.0
U025681,638.0,29.0,22,1,348.0
U021750,638.0,29.0,22,1,348.0
U009404,638.0,29.0,22,1,348.0
U028906,638.0,29.0,22,1,348.0
U008821,638.0,29.0,22,1,348.0
U007048,638.0,29.0,22,1,348.0
U001173,638.0,29.0,22,1,348.0
U021380,638.0,29.0,22,1,348.0
U020633,638.0,29.0,22,1,348.0
U008232,638.0,29.0,22,1,348.0
U019079,638.0,29.0,22,1,348.0
U023770,638.0,29.0,22,1,348.0
U015833,638.0,29.0,22,1,348.0
U022730,638.0,29.0,22,1,348.0
U001957,638.0,29.0,22,1,348.0
U019443,638.0,29.0,22,1,348.0
U003383,638.0,29.0,22,1,348.0
U005887,638.0,29.0,22,1,348.0
U006053,638.0,29.0,22,1,348.0
U020639,638.0,29.0,22,1,348.0
U001546,638.0,29.0,22,1,348.0
U010149,638.0,29.0,22,1,348.0
U013295,638.0,29.0,22,1,348.0
U003339,638.0,29.0,22,1,348.0
U014600,638.0,29.0,22,1,348.0
U004340,638.0,29.0,22,1,348.0
U020101,638.0,29.0,22,1,348.0
U001617,638.0,29.0,22,1,348.0
U016491,638.0,29.0,22,1,348.0
U005499,638.0,29.0,22,1,348.0
U020641,638.0,29.0,22,1,348.0
U020851,638.0,29.0,22,1,348.0
U015302,638.0,29.0,22,1,348.0
U025594,638.0,29.0,22,1,348.0
U007197,638.0,29.0,22,1,348.0
U011602,638.0,29.0,22,1,348.0
U026328,638.0,29.0,22,1,348.0
U022524,638.0,29.0,22,1,348.0
U026268,638.0,29.0,22,1,348.0
U019372,638.0,29.0,22,1,348.0
U008886,638.0,29.0,22,1,348.0
U016139,638.0,29.0,22,1,348.0
U021794,638.0,29.0,22,1,348.0
U027073,638.0,29.0,22,1,348.0
U029001,638.0,29.0,22,1,348.0
U016498,638.0,29.0,22,1,348.0
U024285,638.0,29.0,22,1,348.0
U021704,638.0,29.0,22,1,348.0
U013274,638.0,29.0,22,1,348.0
U015940,638.0,29.0,22,1,348.0
U018223,638.0,29.0,22,1,348.0
U004051,638.0,29.0,22,1,348.0
U027596,638.0,29.0,22,1,348.0
U006392,638.0,29.0,22,1,348.0
U013537,638.0,29.0,22,1,348.0
U022013,638.0,29.0,22,1,348.0
U002116,638.0,29.0,22,1,348.0
U020053,638.0,29.0,22,1,348.0
U017570,638.0,29.0,22,1,348.0
U001326,638.0,29.0,22,1,348.0
U023292,638.0,29.0,22,1,348.0
U012226,638.0,29.0,22,1,348.0
U005618,638.0,29.0,22,1,348.0
U021072,638.0,29.0,22,1,348.0
U014298,638.0,29.0,22,1,348.0
U023899,638.0,29.0,22,1,348.0
U026313,638.0,29.0,22,1,348.0
U010268,638.0,29.0,22,1,348.0
U002815,638.0,29.0,22,1,348.0
U003539,638.0,29.0,22,1,348.0
U022765,638.0,29.0,22,1,348.0
U000445,638.0,29.0,22,1,348.0
U018296,638.0,29.0,22,1,348.0
U015210,638.0,29.0,22,1,348.0
U011720,638.0,29.0,22,1,348.0
U002069,638.0,29.0,22,1,348.0
U014840,638.0,29.0,22,1,348.0
U006331,638.0,29.0,22,1,348.0
U006826,638.0,29.0,22,1,348.0
U026469,638.0,29.0,22,1,348.0
U014350,638.0,29.0,22,1,348.0
U029522,638.0,29.0,22,1,348.0
U005651,638.0,29.0,22,1,348.0
U009181,638.0,29.0,22,1,348.0
U000450,638.0,29.0,22,1,348.0
U010806,638.0,29.0,22,1,348.0
U021651,638.0,29.0,22,1,348.0
U000425,638.0,29.0,22,1,348.0
U007533,638.0,29.0,22,1,348.0
U022087,638.0,29.0,22,1,348.0
U006350,638.0,29.0,22,1,348.0
U021368,638.0,29.0,22,1,348.0
U014381,638.0,29.0,22,1,348.0
U025246,638.0,29.0,22,1,348.0
U004313,638.0,29.0,22,1,348.0
U026308,638.0,29.0,22,1,348.0
U007690,638.0,29.0,22,1,348.0
U018745,638.0,29.0,22,1,348.0
U014393,638.0,29.0,22,1,348.0
U002728,638.0,29.0,22,1,348.0
U013293,638.0,29.0,22,1,348.0
U000341,638.0,29.0,22,1,348.0
U011506,638.0,29.0,22,1,348.0
U001302,638.0,29.0,22,1,348.0
U021329,638.0,29.0,22,1,348.0
U002688,638.0,29.0,22,1,348.0
U015247,638.0,29.0,22,1,348.0
U018350,638.0,29.0,22,1,348.0
U011765,638.0,29.0,22,1,348.0
U007100,638.0,29.0,22,1,348.0
U004274,638.0,29.0,22,1,348.0
U026165,638.0,29.0,22,1,348.0
U016339,638.0,29.0,22,1,348.0
U016456,638.0,29.0,22,1,348.0
U024567,638.0,29.0,22,1,348.0
U005365,638.0,29.0,22,1,348.0
U017961,638.0,29.0,22,1,348.0
U005967,638.0,29.0,22,1,348.0
U008643,638.0,29.0,22,1,348.0
U021902,638.0,29.0,22,1,348.0
U026127,638.0,29.0,22,1,348.0
U009512,638.0,29.0,22,1,348.0
U000106,638.0,29.0,22,1,348.0
U028607,638.0,29.0,22,1,348.0
U009271,638.0,29.0,22,1,348.0
U008642,638.0,29.0,22,1,348.0
U009519,638.0,29.0,22,1,348.0
U020350,638.0,29.0,22,1,348.0
U022446,638.0,29.0,22,1,348.0
U026097,638.0,29.0,22,1,348.0
U007063,638.0,29.0,22,1,348.0
U012921,638.0,29.0,22,1,348.0
U009536,638.0,29.0,22,1,348.0
U004376,638.0,29.0,22,1,348.0
U018403,638.0,29.0,22,1,348.0
U019871,638.0,29.0,22,1,348.0
U011845,638.0,29.0,22,1,348.0
U026630,638.0,29.0,22,1,348.0
U009553,638.0,29.0,22,1,348.0
U019869,638.0,29.0,22,1,348.0
U000659,638.0,29.0,22,1,348.0
U010658,638.0,29.0,22,1,348.0
U015235,638.0,29.0,22,1,348.0
U023343,638.0,29.0,22,1,348.0
U019253,638.0,29.0,22,1,348.0
U017414,638.0,29.0,22,1,348.0
U026666,638.0,29.0,22,1,348.0
U002517,638.0,29.0,22,1,348.0
U024674,638.0,29.0,22,1,348.0
U016684,638.0,29.0,22,1,348.0
U008538,638.0,29.0,22,1,348.0
U026049,638.0,29.0,22,1,348.0
U029312,638.0,29.0,22,1,348.0
U028474,638.0,29.0,22,1,348.0
U016935,638.0,29.0,22,1,348.0
U028449,638.0,29.0,22,1,348.0
U000712,638.0,29.0,22,1,348.0
U021976,638.0,29.0,22,1,348.0
U009325,638.0,29.0,22,1,348.0
U005909,638.0,29.0,22,1,348.0
U018457,638.0,29.0,22,1,348.0
U015384,638.0,29.0,22,1,348.0
U006793,638.0,29.0,22,1,348.0
U010597,638.0,29.0,22,1,348.0
U008744,638.0,29.0,22,1,348.0
U027419,638.0,29.0,22,1,348.0
U002441,638.0,29.0,22,1,348.0
U013816,638.0,29.0,22,1,348.0
U001911,638.0,29.0,22,1,348.0
U024742,638.0,29.0,22,1,348.0
U010579,638.0,29.0,22,1,348.0
U010400,638.0,29.0,22,1,348.0
U002413,638.0,29.0,22,1,348.0
U026781,638.0,29.0,22,1,348.0
U013148,638.0,29.0,22,1,348.0
U012415,638.0,29.0,22,1,348.0
U019853,638.0,29.0,22,1,348.0
U022643,638.0,29.0,22,1,348.0
U010546,638.0,29.0,22,1,348.0
U023407,638.0,29.0,22,1,348.0
U029951,638.0,29.0,22,1,348.0
U026822,638.0,29.0,22,1,348.0
U026830,638.0,29.0,22,1,348.0
U000869,638.0,29.0,22,1,348.0
U029966,638.0,29.0,22,1,348.0
U006604,638.0,29.0,22,1,348.0
U029987,638.0,29.0,22,1,348.0
U017326,638.0,29.0,22,1,348.0
U022735,638.0,29.0,22,1,348.0
U022977,638.0,29.0,22,1,348.0
U008371,638.0,29.0,22,1,348.0
U023556,638.0,29.0,22,1,348.0
U025846,638.0,29.0,22,1,348.0
U025842,638.0,29.0,22,1,348.0
U020947,638.0,29.0,22,1,348.0
U018558,638.0,29.0,22,1,348.0
U006314,638.0,29.0,22,1,348.0
U027539,638.0,29.0,22,1,348.0
U025830,638.0,29.0,22,1,348.0
U017826,638.0,29.0,22,1,348.0
U002874,638.0,29.0,22,1,348.0
U024811,638.0,29.0,22,1,348.0
U003078,638.0,29.0,22,1,348.0
U016279,638.0,29.0,22,1,348.0
U011259,638.0,29.0,22,1,348.0
U003280,638.0,29.0,22,1,348.0
U021527,638.0,29.0,22,1,348.0
U014468,638.0,29.0,22,1,348.0
U007015,638.0,29.0,22,1,348.0
U026895,638.0,29.0,22,1,348.0
U026338,638.0,29.0,22,1,348.0
U016954,638.0,29.0,22,1,348.0
U004442,638.0,29.0,22,1,348.0
U014466,638.0,29.0,22,1,348.0
U021543,638.0,29.0,22,1,348.0
U015410,638.0,29.0,22,1,348.0
U001948,638.0,29.0,22,1,348.0
U015096,638.0,29.0,22,1,348.0
U028161,638.0,29.0,22,1,348.0
U005677,638.0,29.0,22,1,348.0
U015192,632.0,79.0,8,1,948.0
U025120,632.0,79.0,8,1,948.0
U029171,632.0,79.0,8,1,948.0
U027373,632.0,79.0,8,1,948.0
U019323,632.0,79.0,8,1,948.0
U007925,632.0,79.0,8,1,948.0
U029152,632.0,79.0,8,1,948.0
U023541,632.0,79.0,8,1,948.0
U000145,632.0,79.0,8,1,948.0
U008010,632.0,79.0,8,1,948.0
U021683,632.0,79.0,8,1,948.0
U012388,632.0,79.0,8,1,948.0
U013014,632.0,79.0,8,1,948.0
U029528,632.0,79.0,8,1,948.0
U003919,632.0,79.0,8,1,948.0
U017860,632.0,79.0,8,1,948.0
U010996,632.0,79.0,8,1,948.0
U028768,632.0,79.0,8,1,948.0
U009299,632.0,79.0,8,1,948.0
U013007,632.0,79.0,8,1,948.0
U026205,632.0,79.0,8,1,948.0
U029546,632.0,79.0,8,1,948.0
U016595,632.0,79.0,8,1,948.0
U018941,632.0,79.0,8,1,948.0
U029550,632.0,79.0,8,1,948.0
U004284,632.0,79.0,8,1,948.0
U008562,632.0,79.0,8,1,948.0
U010752,632.0,79.0,8,1,948.0
U023604,632.0,79.0,8,1,948.0
U027385,632.0,79.0,8,1,948.0
U015824,632.0,79.0,8,1,948.0
U013318,632.0,79.0,8,1,948.0
U001725,632.0,79.0,8,1,948.0
U023308,632.0,79.0,8,1,948.0
U005064,632.0,79.0,8,1,948.0
U029149,632.0,79.0,8,1,948.0
U006324,632.0,79.0,8,1,948.0
U024552,632.0,79.0,8,1,948.0
U024170,632.0,79.0,8,1,948.0
U011085,632.0,79.0,8,1,948.0
U001062,632.0,79.0,8,1,948.0
U017232,632.0,79.0,8,1,948.0
U019103,632.0,79.0,8,1,948.0
U023714,632.0,79.0,8,1,948.0
U012976,632.0,79.0,8,1,948.0
U022685,632.0,79.0,8,1,948.0
U014537,632.0,79.0,8,1,948.0
U020612,632.0,79.0,8,1,948.0
U023310,632.0,79.0,8,1,948.0
U011125,632.0,79.0,8,1,948.0
U027278,632.0,79.0,8,1,948.0
U001883,632.0,79.0,8,1,948.0
U019830,632.0,79.0,8,1,948.0
U016619,632.0,79.0,8,1,948.0
U006706,632.0,79.0,8,1,948.0
U020351,632.0,79.0,8,1,948.0
U023739,632.0,79.0,8,1,948.0
U008333,632.0,79.0,8,1,948.0
U008484,632.0,79.0,8,1,948.0
U011388,632.0,79.0,8,1,948.0
U013651,632.0,79.0,8,1,948.0
U008816,632.0,79.0,8,1,948.0
U012151,632.0,79.0,8,1,948.0
U025171,632.0,79.0,8,1,948.0
U009501,632.0,79.0,8,1,948.0
U007892,632.0,79.0,8,1,948.0
U018381,632.0,79.0,8,1,948.0
U010071,632.0,79.0,8,1,948.0
U028003,632.0,79.0,8,1,948.0
U023082,632.0,79.0,8,1,948.0
U016337,632.0,79.0,8,1,948.0
U008282,632.0,79.0,8,1,948.0
U014797,632.0,79.0,8,1,948.0
U017441,632.0,79.0,8,1,948.0
U009147,632.0,79.0,8,1,948.0
U013990,632.0,79.0,8,1,948.0
U015590,632.0,79.0,8,1,948.0
U013924,632.0,79.0,8,1,948.0
U005790,632.0,79.0,8,1,948.0
U013625,632.0,79.0,8,1,948.0
U011815,632.0,79.0,8,1,948.0
U009518,632.0,79.0,8,1,948.0
U009794,632.0,79.0,8,1,948.0
U019965,632.0,79.0,8,1,948.0
U013613,632.0,79.0,8,1,948.0
U005743,632.0,79.0,8,1,948.0
U004583,632.0,79.0,8,1,948.0
U001213,632.0,79.0,8,1,948.0
U012175,632.0,79.0,8,1,948.0
U005587,632.0,79.0,8,1,948.0
U018401,632.0,79.0,8,1,948.0
U027048,632.0,79.0,8,1,948.0
U007874,632.0,79.0,8,1,948.0
U005809,632.0,79.0,8,1,948.0
U021182,632.0,79.0,8,1,948.0
U022566,632.0,79.0,8,1,948.0
U017633,632.0,79.0,8,1,948.0
U015245,632.0,79.0,8,1,948.0
U022786,632.0,79.0,8,1,948.0
U014989,632.0,79.0,8,1,948.0
U001253,632.0,79.0,8,1,948.0
U015571,632.0,79.0,8,1,948.0
U003212,632.0,79.0,8,1,948.0
U028537,632.0,79.0,8,1,948.0
U027450,632.0,79.0,8,1,948.0
U008504,632.0,79.0,8,1,948.0
U013873,632.0,79.0,8,1,948.0
U011838,632.0,79.0,8,1,948.0
U001254,632.0,79.0,8,1,948.0
U007634,632.0,79.0,8,1,948.0
U017419,632.0,79.0,8,1,948.0
U007118,632.0,79.0,8,1,948.0
U002552,632.0,79.0,8,1,948.0
U002165,632.0,79.0,8,1,948.0
U022518,632.0,79.0,8,1,948.0
U027053,632.0,79.0,8,1,948.0
U003639,632.0,79.0,8,1,948.0
U003635,632.0,79.0,8,1,948.0
U005172,632.0,79.0,8,1,948.0
U009991,632.0,79.0,8,1,948.0
U023829,632.0,79.0,8,1,948.0
U022118,632.0,79.0,8,1,948.0
U005487,632.0,79.0,8,1,948.0
U014267,632.0,79.0,8,1,948.0
U023622,632.0,79.0,8,1,948.0
U013929,632.0,79.0,8,1,948.0
U023863,632.0,79.0,8,1,948.0
U019772,632.0,79.0,8,1,948.0
U017146,632.0,79.0,8,1,948.0
U000666,632.0,79.0,8,1,948.0
U001303,632.0,79.0,8,1,948.0
U013552,632.0,79.0,8,1,948.0
U014983,632.0,79.0,8,1,948.0
U029750,632.0,79.0,8,1,948.0
U009823,632.0,79.0,8,1,948.0
U022437,632.0,79.0,8,1,948.0
U011859,632.0,79.0,8,1,948.0
U022894,632.0,79.0,8,1,948.0
U012214,632.0,79.0,8,1,948.0
U028478,632.0,79.0,8,1,948.0
U009125,632.0,79.0,8,1,948.0
U001034,632.0,79.0,8,1,948.0
U028473,632.0,79.0,8,1,948.0
U028465,632.0,79.0,8,1,948.0
U009220,632.0,79.0,8,1,948.0
U026711,632.0,79.0,8,1,948.0
U027102,632.0,79.0,8,1,948.0
U017133,632.0,79.0,8,1,948.0
U028448,632.0,79.0,8,1,948.0
U020825,632.0,79.0,8,1,948.0
U025548,632.0,79.0,8,1,948.0
U027875,632.0,79.0,8,1,948.0
U022368,632.0,79.0,8,1,948.0
U009964,632.0,79.0,8,1,948.0
U018453,632.0,79.0,8,1,948.0
U014316,632.0,79.0,8,1,948.0
U015825,632.0,79.0,8,1,948.0
U029760,632.0,79.0,8,1,948.0
U018462,632.0,79.0,8,1,948.0
U013981,632.0,79.0,8,1,948.0
U029776,632.0,79.0,8,1,948.0
U019727,632.0,79.0,8,1,948.0
U013508,632.0,79.0,8,1,948.0
U012624,632.0,79.0,8,1,948.0
U018469,632.0,79.0,8,1,948.0
U006915,632.0,79.0,8,1,948.0
U009995,632.0,79.0,8,1,948.0
U008746,632.0,79.0,8,1,948.0
U013507,632.0,79.0,8,1,948.0
U028412,632.0,79.0,8,1,948.0
U012852,632.0,79.0,8,1,948.0
U014110,632.0,79.0,8,1,948.0
U007704,632.0,79.0,8,1,948.0
U007322,632.0,79.0,8,1,948.0
U016857,632.0,79.0,8,1,948.0
U002047,632.0,79.0,8,1,948.0
U023961,632.0,79.0,8,1,948.0
U003250,632.0,79.0,8,1,948.0
U018029,632.0,79.0,8,1,948.0
U005132,632.0,79.0,8,1,948.0
U004631,632.0,79.0,8,1,948.0
U013701,632.0,79.0,8,1,948.0
U012830,632.0,79.0,8,1,948.0
U002031,632.0,79.0,8,1,948.0
U013883,632.0,79.0,8,1,948.0
U005016,632.0,79.0,8,1,948.0
U003065,632.0,79.0,8,1,948.0
U019674,632.0,79.0,8,1,948.0
U025930,632.0,79.0,8,1,948.0
U014970,632.0,79.0,8,1,948.0
U014388,632.0,79.0,8,1,948.0
U023648,632.0,79.0,8,1,948.0
U023664,632.0,79.0,8,1,948.0
U000815,632.0,79.0,8,1,948.0
U021491,632.0,79.0,8,1,948.0
U006989,632.0,79.0,8,1,948.0
U007339,632.0,79.0,8,1,948.0
U026806,632.0,79.0,8,1,948.0
U002385,632.0,79.0,8,1,948.0
U004651,632.0,79.0,8,1,948.0
U028349,632.0,79.0,8,1,948.0
U016877,632.0,79.0,8,1,948.0
U017350,632.0,79.0,8,1,948.0
U025447,632.0,79.0,8,1,948.0
U005116,632.0,79.0,8,1,948.0
U004835,632.0,79.0,8,1,948.0
U028331,632.0,79.0,8,1,948.0
U025040,632.0,79.0,8,1,948.0
U029958,632.0,79.0,8,1,948.0
U014401,632.0,79.0,8,1,948.0
U000858,632.0,79.0,8,1,948.0
U002372,632.0,79.0,8,1,948.0
U022644,632.0,79.0,8,1,948.0
U000859,632.0,79.0,8,1,948.0
U015927,632.0,79.0,8,1,948.0
U023238,632.0,79.0,8,1,948.0
U008212,632.0,79.0,8,1,948.0
U008490,632.0,79.0,8,1,948.0
U005613,632.0,79.0,8,1,948.0
U011192,632.0,79.0,8,1,948.0
U014416,632.0,79.0,8,1,948.0
U027216,632.0,79.0,8,1,948.0
U010938,632.0,79.0,8,1,948.0
U028304,632.0,79.0,8,1,948.0
U019165,632.0,79.0,8,1,948.0
U009908,632.0,79.0,8,1,948.0
U009094,632.0,79.0,8,1,948.0
U017327,632.0,79.0,8,1,948.0
U025882,632.0,79.0,8,1,948.0
U016283,632.0,79.0,8,1,948.0
U016227,632.0,79.0,8,1,948.0
U006936,632.0,79.0,8,1,948.0
U024788,632.0,79.0,8,1,948.0
U017320,632.0,79.0,8,1,948.0
U024017,632.0,79.0,8,1,948.0
U001919,632.0,79.0,8,1,948.0
U009330,632.0,79.0,8,1,948.0
U013436,632.0,79.0,8,1,948.0
U000182,632.0,79.0,8,1,948.0
U015446,632.0,79.0,8,1,948.0
U023557,632.0,79.0,8,1,948.0
U012765,632.0,79.0,8,1,948.0
U007009,632.0,79.0,8,1,948.0
U003345,632.0,79.0,8,1,948.0
U009060,632.0,79.0,8,1,948.0
U006578,632.0,79.0,8,1,948.0
U017029,632.0,79.0,8,1,948.0
U021226,632.0,79.0,8,1,948.0
U004448,632.0,79.0,8,1,948.0
U025832,632.0,79.0,8,1,948.0
U024237,632.0,79.0,8,1,948.0
U013113,632.0,79.0,8,1,948.0
U000051,632.0,79.0,8,1,948.0
U001642,632.0,79.0,8,1,948.0
U028210,632.0,79.0,8,1,948.0
U021087,632.0,79.0,8,1,948.0
U026873,632.0,79.0,8,1,948.0
U018104,632.0,79.0,8,1,948.0
U029201,632.0,79.0,8,1,948.0
U025823,632.0,79.0,8,1,948.0
U029416,632.0,79.0,8,1,948.0
U008342,632.0,79.0,8,1,948.0
U000985,632.0,79.0,8,1,948.0
U017272,632.0,79.0,8,1,948.0
U021315,632.0,79.0,8,1,948.0
U005949,632.0,79.0,8,1,948.0
U002313,632.0,79.0,8,1,948.0
U006036,632.0,79.0,8,1,948.0
U008448,632.0,79.0,8,1,948.0
U008039,632.0,79.0,8,1,948.0
U011479,632.0,79.0,8,1,948.0
U016518,632.0,79.0,8,1,948.0
U002867,632.0,79.0,8,1,948.0
U013087,632.0,79.0,8,1,948.0
U013086,632.0,79.0,8,1,948.0
U005078,632.0,79.0,8,1,948.0
U017264,632.0,79.0,8,1,948.0
U015035,632.0,79.0,8,1,948.0
U001005,632.0,79.0,8,1,948.0
U023157,632.0,79.0,8,1,948.0
U009717,632.0,79.0,8,1,948.0
U007033,632.0,79.0,8,1,948.0
U017245,632.0,79.0,8,1,948.0
U022833,632.0,79.0,8,1,948.0
U003122,632.0,79.0,8,1,948.0
U018845,632.0,79.0,8,1,948.0
U021269,632.0,79.0,8,1,948.0
U017969,632.0,79.0,8,1,948.0
U001702,632.0,79.0,8,1,948.0
U028934,632.0,79.0,8,1,948.0
U026307,632.0,79.0,8,1,948.0
U009728,632.0,79.0,8,1,948.0
U018877,632.0,79.0,8,1,948.0
U004377,632.0,79.0,8,1,948.0
U012078,632.0,79.0,8,1,948.0
U006761,632.0,79.0,8,1,948.0
U007996,632.0,79.0,8,1,948.0
U013996,632.0,79.0,8,1,948.0
U007773,632.0,79.0,8,1,948.0
U020451,632.0,79.0,8,1,948.0
U002761,632.0,79.0,8,1,948.0
U002283,632.0,79.0,8,1,948.0
U006550,632.0,79.0,8,1,948.0
U018882,632.0,79.0,8,1,948.0
U004647,632.0,79.0,8,1,948.0
U022504,609.0,29.0,21,1,348.0
U014932,609.0,29.0,21,1,348.0
U008570,609.0,29.0,21,1,348.0
U016471,609.0,29.0,21,1,348.0
U008776,609.0,29.0,21,1,348.0
U016475,609.0,29.0,21,1,348.0
U006030,609.0,29.0,21,1,348.0
U024442,609.0,29.0,21,1,348.0
U016523,609.0,29.0,21,1,348.0
U016525,609.0,29.0,21,1,348.0
U017819,609.0,29.0,21,1,348.0
U006067,609.0,29.0,21,1,348.0
U022535,609.0,29.0,21,1,348.0
U015176,609.0,29.0,21,1,348.0
U024538,609.0,29.0,21,1,348.0
U014764,609.0,29.0,21,1,348.0
U016064,609.0,29.0,21,1,348.0
U007907,609.0,29.0,21,1,348.0
U012990,609.0,29.0,21,1,348.0
U006091,609.0,29.0,21,1,348.0
U011177,609.0,29.0,21,1,348.0
U019296,609.0,29.0,21,1,348.0
U016626,609.0,29.0,21,1,348.0
U016627,609.0,29.0,21,1,348.0
U021905,609.0,29.0,21,1,348.0
U002591,609.0,29.0,21,1,348.0
U024627,609.0,29.0,21,1,348.0
U006125,609.0,29.0,21,1,348.0
U008810,609.0,29.0,21,1,348.0
U022587,609.0,29.0,21,1,348.0
U019263,609.0,29.0,21,1,348.0
U020511,609.0,29.0,21,1,348.0
U018017,609.0,29.0,21,1,348.0
U006140,609.0,29.0,21,1,348.0
U012866,609.0,29.0,21,1,348.0
U002445,609.0,29.0,21,1,348.0
U020286,609.0,29.0,21,1,348.0
U006163,609.0,29.0,21,1,348.0
U012822,609.0,29.0,21,1,348.0
U026786,609.0,29.0,21,1,348.0
U019184,609.0,29.0,21,1,348.0
U023760,609.0,29.0,21,1,348.0
U005100,609.0,29.0,21,1,348.0
U022656,609.0,29.0,21,1,348.0
U026866,609.0,29.0,21,1,348.0
U022667,609.0,29.0,21,1,348.0
U019122,609.0,29.0,21,1,348.0
U012711,609.0,29.0,21,1,348.0
U017925,609.0,29.0,21,1,348.0
U026911,609.0,29.0,21,1,348.0
U020592,609.0,29.0,21,1,348.0
U009744,609.0,29.0,21,1,348.0
U009751,609.0,29.0,21,1,348.0
U002257,609.0,29.0,21,1,348.0
U026958,609.0,29.0,21,1,348.0
U014229,609.0,29.0,21,1,348.0
U020609,609.0,29.0,21,1,348.0
U022691,609.0,29.0,21,1,348.0
U018020,609.0,29.0,21,1,348.0
U015115,609.0,29.0,21,1,348.0
U020183,609.0,29.0,21,1,348.0
U016865,609.0,29.0,21,1,348.0
U009882,609.0,29.0,21,1,348.0
U008864,609.0,29.0,21,1,348.0
U006295,609.0,29.0,21,1,348.0
U001943,609.0,29.0,21,1,348.0
U025101,609.0,29.0,21,1,348.0
U008395,609.0,29.0,21,1,348.0
U016918,609.0,29.0,21,1,348.0
U005819,609.0,29.0,21,1,348.0
U012497,609.0,29.0,21,1,348.0
U016924,609.0,29.0,21,1,348.0
U015546,609.0,29.0,21,1,348.0
U025136,609.0,29.0,21,1,348.0
U025167,609.0,29.0,21,1,348.0
U021717,609.0,29.0,21,1,348.0
U005830,609.0,29.0,21,1,348.0
U022782,609.0,29.0,21,1,348.0
U025217,609.0,29.0,21,1,348.0
U023671,609.0,29.0,21,1,348.0
U010038,609.0,29.0,21,1,348.0
U012418,609.0,29.0,21,1,348.0
U007592,609.0,29.0,21,1,348.0
U027559,609.0,29.0,21,1,348.0
U016996,609.0,29.0,21,1,348.0
U004108,609.0,29.0,21,1,348.0
U025386,609.0,29.0,21,1,348.0
U012317,609.0,29.0,21,1,348.0
U001523,609.0,29.0,21,1,348.0
U012296,609.0,29.0,21,1,348.0
U025422,609.0,29.0,21,1,348.0
U004837,609.0,29.0,21,1,348.0
U022864,609.0,29.0,21,1,348.0
U011119,609.0,29.0,21,1,348.0
U007523,609.0,29.0,21,1,348.0
U025517,609.0,29.0,21,1,348.0
U027824,609.0,29.0,21,1,348.0
U010249,609.0,29.0,21,1,348.0
U008932,609.0,29.0,21,1,348.0
U017124,609.0,29.0,21,1,348.0
U022376,609.0,29.0,21,1,348.0
U001360,609.0,29.0,21,1,348.0
U001347,609.0,29.0,21,1,348.0
U027861,609.0,29.0,21,1,348.0
U022095,609.0,29.0,21,1,348.0
U001256,609.0,29.0,21,1,348.0
U012170,609.0,29.0,21,1,348.0
U020896,609.0,29.0,21,1,348.0
U020152,609.0,29.0,21,1,348.0
U008950,609.0,29.0,21,1,348.0
U028137,609.0,29.0,21,1,348.0
U001011,609.0,29.0,21,1,348.0
U025802,609.0,29.0,21,1,348.0
U000983,609.0,29.0,21,1,348.0
U007403,609.0,29.0,21,1,348.0
U020051,609.0,29.0,21,1,348.0
U015766,609.0,29.0,21,1,348.0
U018564,609.0,29.0,21,1,348.0
U010464,609.0,29.0,21,1,348.0
U012017,609.0,29.0,21,1,348.0
U000959,609.0,29.0,21,1,348.0
U014343,609.0,29.0,21,1,348.0
U008118,609.0,29.0,21,1,348.0
U013823,609.0,29.0,21,1,348.0
U011306,609.0,29.0,21,1,348.0
U000916,609.0,29.0,21,1,348.0
U025863,609.0,29.0,21,1,348.0
U015069,609.0,29.0,21,1,348.0
U015874,609.0,29.0,21,1,348.0
U028292,609.0,29.0,21,1,348.0
U028307,609.0,29.0,21,1,348.0
U028308,609.0,29.0,21,1,348.0
U010533,609.0,29.0,21,1,348.0
U017365,609.0,29.0,21,1,348.0
U023034,609.0,29.0,21,1,348.0
U011894,609.0,29.0,21,1,348.0
U006645,609.0,29.0,21,1,348.0
U028420,609.0,29.0,21,1,348.0
U004622,609.0,29.0,21,1,348.0
U023041,609.0,29.0,21,1,348.0
U028447,609.0,29.0,21,1,348.0
U006652,609.0,29.0,21,1,348.0
U021430,609.0,29.0,21,1,348.0
U000634,609.0,29.0,21,1,348.0
U011789,609.0,29.0,21,1,348.0
U026186,609.0,29.0,21,1,348.0
U010755,609.0,29.0,21,1,348.0
U008319,609.0,29.0,21,1,348.0
U011729,609.0,29.0,21,1,348.0
U021396,609.0,29.0,21,1,348.0
U028850,609.0,29.0,21,1,348.0
U010808,609.0,29.0,21,1,348.0
U000412,609.0,29.0,21,1,348.0
U011689,609.0,29.0,21,1,348.0
U011666,609.0,29.0,21,1,348.0
U015456,609.0,29.0,21,1,348.0
U014960,609.0,29.0,21,1,348.0
U010889,609.0,29.0,21,1,348.0
U004447,609.0,29.0,21,1,348.0
U026342,609.0,29.0,21,1,348.0
U000257,609.0,29.0,21,1,348.0
U029060,609.0,29.0,21,1,348.0
U000242,609.0,29.0,21,1,348.0
U026381,609.0,29.0,21,1,348.0
U029119,609.0,29.0,21,1,348.0
U006504,609.0,29.0,21,1,348.0
U026424,609.0,29.0,21,1,348.0
U010985,609.0,29.0,21,1,348.0
U004414,609.0,29.0,21,1,348.0
U026442,609.0,29.0,21,1,348.0
U023213,609.0,29.0,21,1,348.0
U004026,609.0,29.0,21,1,348.0
U011025,609.0,29.0,21,1,348.0
U006934,609.0,29.0,21,1,348.0
U011482,609.0,29.0,21,1,348.0
U000088,609.0,29.0,21,1,348.0
U026515,609.0,29.0,21,1,348.0
U029256,609.0,29.0,21,1,348.0
U026539,609.0,29.0,21,1,348.0
U003332,609.0,29.0,21,1,348.0
U011428,609.0,29.0,21,1,348.0
U024063,609.0,29.0,21,1,348.0
U023250,609.0,29.0,21,1,348.0
U003937,609.0,29.0,21,1,348.0
U008236,609.0,29.0,21,1,348.0
U020027,609.0,29.0,21,1,348.0
U004296,609.0,29.0,21,1,348.0
U005741,609.0,29.0,21,1,348.0
U016013,609.0,29.0,21,1,348.0
U004272,609.0,29.0,21,1,348.0
U029630,609.0,29.0,21,1,348.0
U013903,609.0,29.0,21,1,348.0
U023344,609.0,29.0,21,1,348.0
U029803,609.0,29.0,21,1,348.0
U004214,609.0,29.0,21,1,348.0
U029901,609.0,29.0,21,1,348.0
U003841,609.0,29.0,21,1,348.0
U008766,609.0,29.0,21,1,348.0
U003265,609.0,29.0,21,1,348.0
U014487,609.0,29.0,21,1,348.0
U003232,609.0,29.0,21,1,348.0
U016318,609.0,29.0,21,1,348.0
U014529,609.0,29.0,21,1,348.0
U006891,609.0,29.0,21,1,348.0
U019535,609.0,29.0,21,1,348.0
U017944,609.0,29.0,21,1,348.0
U020377,609.0,29.0,21,1,348.0
U008034,609.0,29.0,21,1,348.0
U013261,609.0,29.0,21,1,348.0
U022007,609.0,29.0,21,1,348.0
U019494,609.0,29.0,21,1,348.0
U013243,609.0,29.0,21,1,348.0
U003046,609.0,29.0,21,1,348.0
U003041,609.0,29.0,21,1,348.0
U016412,609.0,29.0,21,1,348.0
U003026,609.0,29.0,21,1,348.0
U024299,609.0,29.0,21,1,348.0
U002980,609.0,29.0,21,1,348.0
U009269,609.0,29.0,21,1,348.0
U009278,609.0,29.0,21,1,348.0
U002950,609.0,29.0,21,1,348.0
U020909,597.0,199.0,3,1,2388.0
U010130,597.0,199.0,3,1,2388.0
U016184,597.0,199.0,3,1,2388.0
U006657,597.0,199.0,3,1,2388.0
U011701,597.0,199.0,3,1,2388.0
U027058,597.0,199.0,3,1,2388.0
U008847,597.0,199.0,3,1,2388.0
U018642,597.0,199.0,3,1,2388.0
U015700,597.0,199.0,3,1,2388.0
U018615,597.0,199.0,3,1,2388.0
U010786,597.0,199.0,3,1,2388.0
U023712,597.0,199.0,3,1,2388.0
U003893,597.0,199.0,3,1,2388.0
U015471,597.0,199.0,3,1,2388.0
U012892,597.0,199.0,3,1,2388.0
U029391,597.0,199.0,3,1,2388.0
U015680,597.0,199.0,3,1,2388.0
U023323,597.0,199.0,3,1,2388.0
U013034,597.0,199.0,3,1,2388.0
U023614,597.0,199.0,3,1,2388.0
U026978,597.0,199.0,3,1,2388.0
U019831,597.0,199.0,3,1,2388.0
U028734,597.0,199.0,3,1,2388.0
U004546,597.0,199.0,3,1,2388.0
U009557,597.0,199.0,3,1,2388.0
U012548,597.0,199.0,3,1,2388.0
U007914,597.0,199.0,3,1,2388.0
U024697,597.0,199.0,3,1,2388.0
U005514,597.0,199.0,3,1,2388.0
U024086,597.0,199.0,3,1,2388.0
U013647,597.0,199.0,3,1,2388.0
U017483,597.0,199.0,3,1,2388.0
U008692,597.0,199.0,3,1,2388.0
U012718,597.0,199.0,3,1,2388.0
U004914,597.0,199.0,3,1,2388.0
U002486,597.0,199.0,3,1,2388.0
U025242,597.0,199.0,3,1,2388.0
U018817,597.0,199.0,3,1,2388.0
U022198,597.0,199.0,3,1,2388.0
U010344,597.0,199.0,3,1,2388.0
U022340,597.0,199.0,3,1,2388.0
U012812,597.0,199.0,3,1,2388.0
U024931,597.0,199.0,3,1,2388.0
U005792,597.0,199.0,3,1,2388.0
U015791,597.0,199.0,3,1,2388.0
U006092,597.0,199.0,3,1,2388.0
U012058,597.0,199.0,3,1,2388.0
U008087,597.0,199.0,3,1,2388.0
U019140,597.0,199.0,3,1,2388.0
U016781,597.0,199.0,3,1,2388.0
U011301,597.0,199.0,3,1,2388.0
U019147,597.0,199.0,3,1,2388.0
U007318,597.0,199.0,3,1,2388.0
U004849,597.0,199.0,3,1,2388.0
U013788,597.0,199.0,3,1,2388.0
U010476,597.0,199.0,3,1,2388.0
U001438,597.0,199.0,3,1,2388.0
U006466,597.0,199.0,3,1,2388.0
U017995,597.0,199.0,3,1,2388.0
U013971,597.0,199.0,3,1,2388.0
U023459,597.0,199.0,3,1,2388.0
U016767,597.0,199.0,3,1,2388.0
U018707,597.0,199.0,3,1,2388.0
U024597,597.0,199.0,3,1,2388.0
U004891,597.0,199.0,3,1,2388.0
U027428,597.0,199.0,3,1,2388.0
U000375,597.0,199.0,3,1,2388.0
U009662,597.0,199.0,3,1,2388.0
U015031,597.0,199.0,3,1,2388.0
U024775,597.0,199.0,3,1,2388.0
U021496,597.0,199.0,3,1,2388.0
U001572,597.0,199.0,3,1,2388.0
U025323,597.0,199.0,3,1,2388.0
U029957,597.0,199.0,3,1,2388.0
U027111,597.0,199.0,3,1,2388.0
U010822,597.0,199.0,3,1,2388.0
U006269,597.0,199.0,3,1,2388.0
U016752,597.0,199.0,3,1,2388.0
U021188,597.0,199.0,3,1,2388.0
U001310,597.0,199.0,3,1,2388.0
U024125,597.0,199.0,3,1,2388.0
U000413,597.0,199.0,3,1,2388.0
U029520,580.0,29.0,20,1,348.0
U014249,580.0,29.0,20,1,348.0
U021202,580.0,29.0,20,1,348.0
U022117,580.0,29.0,20,1,348.0
U020307,580.0,29.0,20,1,348.0
U010659,580.0,29.0,20,1,348.0
U029468,580.0,29.0,20,1,348.0
U006170,580.0,29.0,20,1,348.0
U014277,580.0,29.0,20,1,348.0
U008899,580.0,29.0,20,1,348.0
U009636,580.0,29.0,20,1,348.0
U013554,580.0,29.0,20,1,348.0
U029436,580.0,29.0,20,1,348.0
U021749,580.0,29.0,20,1,348.0
U015843,580.0,29.0,20,1,348.0
U023133,580.0,29.0,20,1,348.0
U009203,580.0,29.0,20,1,348.0
U005566,580.0,29.0,20,1,348.0
U020623,580.0,29.0,20,1,348.0
U004335,580.0,29.0,20,1,348.0
U008030,580.0,29.0,20,1,348.0
U016167,580.0,29.0,20,1,348.0
U022366,580.0,29.0,20,1,348.0
U028765,580.0,29.0,20,1,348.0
U008933,580.0,29.0,20,1,348.0
U028759,580.0,29.0,20,1,348.0
U002705,580.0,29.0,20,1,348.0
U004343,580.0,29.0,20,1,348.0
U028042,580.0,29.0,20,1,348.0
U016384,580.0,29.0,20,1,348.0
U015016,580.0,29.0,20,1,348.0
U005850,580.0,29.0,20,1,348.0
U008681,580.0,29.0,20,1,348.0
U008254,580.0,29.0,20,1,348.0
U021183,580.0,29.0,20,1,348.0
U020382,580.0,29.0,20,1,348.0
U008022,580.0,29.0,20,1,348.0
U001104,580.0,29.0,20,1,348.0
U002407,580.0,29.0,20,1,348.0
U020616,580.0,29.0,20,1,348.0
U007337,580.0,29.0,20,1,348.0
U015484,580.0,29.0,20,1,348.0
U016395,580.0,29.0,20,1,348.0
U019498,580.0,29.0,20,1,348.0
U020393,580.0,29.0,20,1,348.0
U005219,580.0,29.0,20,1,348.0
U011179,580.0,29.0,20,1,348.0
U023977,580.0,29.0,20,1,348.0
U011360,580.0,29.0,20,1,348.0
U010565,580.0,29.0,20,1,348.0
U008666,580.0,29.0,20,1,348.0
U005861,580.0,29.0,20,1,348.0
U025733,580.0,29.0,20,1,348.0
U018342,580.0,29.0,20,1,348.0
U008294,580.0,29.0,20,1,348.0
U013774,580.0,29.0,20,1,348.0
U016210,580.0,29.0,20,1,348.0
U028728,580.0,29.0,20,1,348.0
U004640,580.0,29.0,20,1,348.0
U021211,580.0,29.0,20,1,348.0
U022071,580.0,29.0,20,1,348.0
U026652,580.0,29.0,20,1,348.0
U014414,580.0,29.0,20,1,348.0
U011453,580.0,29.0,20,1,348.0
U028159,580.0,29.0,20,1,348.0
U017784,580.0,29.0,20,1,348.0
U002662,580.0,29.0,20,1,348.0
U017233,580.0,29.0,20,1,348.0
U017473,580.0,29.0,20,1,348.0
U015974,580.0,29.0,20,1,348.0
U020476,580.0,29.0,20,1,348.0
U018077,580.0,29.0,20,1,348.0
U009046,580.0,29.0,20,1,348.0
U001920,580.0,29.0,20,1,348.0
U015441,580.0,29.0,20,1,348.0
U016713,580.0,29.0,20,1,348.0
U000554,580.0,29.0,20,1,348.0
U015413,580.0,29.0,20,1,348.0
U021537,580.0,29.0,20,1,348.0
U002421,580.0,29.0,20,1,348.0
U019226,580.0,29.0,20,1,348.0
U016268,580.0,29.0,20,1,348.0
U021818,580.0,29.0,20,1,348.0
U029212,580.0,29.0,20,1,348.0
U017699,580.0,29.0,20,1,348.0
U020991,580.0,29.0,20,1,348.0
U022452,580.0,29.0,20,1,348.0
U006713,580.0,29.0,20,1,348.0
U021799,580.0,29.0,20,1,348.0
U006252,580.0,29.0,20,1,348.0
U002973,580.0,29.0,20,1,348.0
U001698,580.0,29.0,20,1,348.0
U025796,580.0,29.0,20,1,348.0
U006642,580.0,29.0,20,1,348.0
U021149,580.0,29.0,20,1,348.0
U021005,580.0,29.0,20,1,348.0
U017383,580.0,29.0,20,1,348.0
U010999,580.0,29.0,20,1,348.0
U006421,580.0,29.0,20,1,348.0
U020000,580.0,29.0,20,1,348.0
U015770,580.0,29.0,20,1,348.0
U025337,580.0,29.0,20,1,348.0
U026433,580.0,29.0,20,1,348.0
U017064,580.0,29.0,20,1,348.0
U012555,580.0,29.0,20,1,348.0
U000555,580.0,29.0,20,1,348.0
U004862,580.0,29.0,20,1,348.0
U005238,580.0,29.0,20,1,348.0
U004413,580.0,29.0,20,1,348.0
U026426,580.0,29.0,20,1,348.0
U012324,580.0,29.0,20,1,348.0
U016891,580.0,29.0,20,1,348.0
U010442,580.0,29.0,20,1,348.0
U020850,580.0,29.0,20,1,348.0
U000171,580.0,29.0,20,1,348.0
U011534,580.0,29.0,20,1,348.0
U016454,580.0,29.0,20,1,348.0
U017086,580.0,29.0,20,1,348.0
U028208,580.0,29.0,20,1,348.0
U019949,580.0,29.0,20,1,348.0
U001533,580.0,29.0,20,1,348.0
U007404,580.0,29.0,20,1,348.0
U026662,580.0,29.0,20,1,348.0
U001528,580.0,29.0,20,1,348.0
U020525,580.0,29.0,20,1,348.0
U029107,580.0,29.0,20,1,348.0
U023691,580.0,29.0,20,1,348.0
U023185,580.0,29.0,20,1,348.0
U021313,580.0,29.0,20,1,348.0
U010455,580.0,29.0,20,1,348.0
U008644,580.0,29.0,20,1,348.0
U017293,580.0,29.0,20,1,348.0
U029066,580.0,29.0,20,1,348.0
U015852,580.0,29.0,20,1,348.0
U002884,580.0,29.0,20,1,348.0
U007399,580.0,29.0,20,1,348.0
U029053,580.0,29.0,20,1,348.0
U012422,580.0,29.0,20,1,348.0
U023420,580.0,29.0,20,1,348.0
U012459,580.0,29.0,20,1,348.0
U004947,580.0,29.0,20,1,348.0
U003783,580.0,29.0,20,1,348.0
U007144,580.0,29.0,20,1,348.0
U027732,580.0,29.0,20,1,348.0
U004569,580.0,29.0,20,1,348.0
U012751,580.0,29.0,20,1,348.0
U018758,580.0,29.0,20,1,348.0
U010013,580.0,29.0,20,1,348.0
U021089,580.0,29.0,20,1,348.0
U014184,580.0,29.0,20,1,348.0
U021084,580.0,29.0,20,1,348.0
U005005,580.0,29.0,20,1,348.0
U014852,580.0,29.0,20,1,348.0
U027750,580.0,29.0,20,1,348.0
U015221,580.0,29.0,20,1,348.0
U005092,580.0,29.0,20,1,348.0
U017302,580.0,29.0,20,1,348.0
U027172,580.0,29.0,20,1,348.0
U023340,580.0,29.0,20,1,348.0
U007395,580.0,29.0,20,1,348.0
U006290,580.0,29.0,20,1,348.0
U006442,580.0,29.0,20,1,348.0
U021830,580.0,29.0,20,1,348.0
U019061,580.0,29.0,20,1,348.0
U018206,580.0,29.0,20,1,348.0
U024425,580.0,29.0,20,1,348.0
U004446,580.0,29.0,20,1,348.0
U025838,580.0,29.0,20,1,348.0
U005096,580.0,29.0,20,1,348.0
U028983,580.0,29.0,20,1,348.0
U005177,580.0,29.0,20,1,348.0
U006031,580.0,29.0,20,1,348.0
U027594,580.0,29.0,20,1,348.0
U021073,580.0,29.0,20,1,348.0
U013662,580.0,29.0,20,1,348.0
U013085,580.0,29.0,20,1,348.0
U021957,580.0,29.0,20,1,348.0
U026126,580.0,29.0,20,1,348.0
U020558,580.0,29.0,20,1,348.0
U018241,580.0,29.0,20,1,348.0
U008651,580.0,29.0,20,1,348.0
U017926,580.0,29.0,20,1,348.0
U015205,580.0,29.0,20,1,348.0
U009997,580.0,29.0,20,1,348.0
U010697,580.0,29.0,20,1,348.0
U022445,580.0,29.0,20,1,348.0
U006767,580.0,29.0,20,1,348.0
U016536,580.0,29.0,20,1,348.0
U013059,580.0,29.0,20,1,348.0
U012392,580.0,29.0,20,1,348.0
U012867,580.0,29.0,20,1,348.0
U022336,580.0,29.0,20,1,348.0
U015888,580.0,29.0,20,1,348.0
U014210,580.0,29.0,20,1,348.0
U010598,580.0,29.0,20,1,348.0
U027042,580.0,29.0,20,1,348.0
U029624,580.0,29.0,20,1,348.0
U009587,580.0,29.0,20,1,348.0
U026284,580.0,29.0,20,1,348.0
U026067,580.0,29.0,20,1,348.0
U013725,580.0,29.0,20,1,348.0
U010514,580.0,29.0,20,1,348.0
U024499,580.0,29.0,20,1,348.0
U028889,580.0,29.0,20,1,348.0
U029601,580.0,29.0,20,1,348.0
U001372,580.0,29.0,20,1,348.0
U000873,580.0,29.0,20,1,348.0
U015683,580.0,29.0,20,1,348.0
U026699,580.0,29.0,20,1,348.0
U013822,580.0,29.0,20,1,348.0
U008477,580.0,29.0,20,1,348.0
U002576,580.0,29.0,20,1,348.0
U019100,580.0,29.0,20,1,348.0
U022283,580.0,29.0,20,1,348.0
U015943,580.0,29.0,20,1,348.0
U022581,580.0,29.0,20,1,348.0
U024779,580.0,29.0,20,1,348.0
U001358,580.0,29.0,20,1,348.0
U001355,580.0,29.0,20,1,348.0
U003830,580.0,29.0,20,1,348.0
U025532,580.0,29.0,20,1,348.0
U011684,580.0,29.0,20,1,348.0
U015591,580.0,29.0,20,1,348.0
U020167,580.0,29.0,20,1,348.0
U029587,580.0,29.0,20,1,348.0
U023771,580.0,29.0,20,1,348.0
U003686,580.0,29.0,20,1,348.0
U003684,580.0,29.0,20,1,348.0
U020648,580.0,29.0,20,1,348.0
U023772,580.0,29.0,20,1,348.0
U003859,580.0,29.0,20,1,348.0
U014121,580.0,29.0,20,1,348.0
U019532,580.0,29.0,20,1,348.0
U019571,580.0,29.0,20,1,348.0
U004125,580.0,29.0,20,1,348.0
U011945,580.0,29.0,20,1,348.0
U005552,580.0,29.0,20,1,348.0
U020098,580.0,29.0,20,1,348.0
U023377,580.0,29.0,20,1,348.0
U027489,580.0,29.0,20,1,348.0
U022433,580.0,29.0,20,1,348.0
U019568,580.0,29.0,20,1,348.0
U009928,580.0,29.0,20,1,348.0
U019526,580.0,29.0,20,1,348.0
U014560,580.0,29.0,20,1,348.0
U022463,580.0,29.0,20,1,348.0
U006686,580.0,29.0,20,1,348.0
U023356,580.0,29.0,20,1,348.0
U006184,580.0,29.0,20,1,348.0
U013917,580.0,29.0,20,1,348.0
U029722,580.0,29.0,20,1,348.0
U010296,580.0,29.0,20,1,348.0
U006744,580.0,29.0,20,1,348.0
U002755,580.0,29.0,20,1,348.0
U024441,580.0,29.0,20,1,348.0
U003286,553.0,79.0,7,1,948.0
U025294,553.0,79.0,7,1,948.0
U021469,553.0,79.0,7,1,948.0
U016044,553.0,79.0,7,1,948.0
U020537,553.0,79.0,7,1,948.0
U026757,553.0,79.0,7,1,948.0
U003812,553.0,79.0,7,1,948.0
U021468,553.0,79.0,7,1,948.0
U019219,553.0,79.0,7,1,948.0
U020008,553.0,79.0,7,1,948.0
U023730,553.0,79.0,7,1,948.0
U028423,553.0,79.0,7,1,948.0
U028424,553.0,79.0,7,1,948.0
U008187,553.0,79.0,7,1,948.0
U023731,553.0,79.0,7,1,948.0
U008463,553.0,79.0,7,1,948.0
U000732,553.0,79.0,7,1,948.0
U024705,553.0,79.0,7,1,948.0
U023044,553.0,79.0,7,1,948.0
U016695,553.0,79.0,7,1,948.0
U003721,553.0,79.0,7,1,948.0
U027082,553.0,79.0,7,1,948.0
U010631,553.0,79.0,7,1,948.0
U003717,553.0,79.0,7,1,948.0
U004609,553.0,79.0,7,1,948.0
U005785,553.0,79.0,7,1,948.0
U024685,553.0,79.0,7,1,948.0
U003691,553.0,79.0,7,1,948.0
U006672,553.0,79.0,7,1,948.0
U009562,553.0,79.0,7,1,948.0
U006135,553.0,79.0,7,1,948.0
U026608,553.0,79.0,7,1,948.0
U002575,553.0,79.0,7,1,948.0
U005194,553.0,79.0,7,1,948.0
U028567,553.0,79.0,7,1,948.0
U014804,553.0,79.0,7,1,948.0
U005505,553.0,79.0,7,1,948.0
U008863,553.0,79.0,7,1,948.0
U006902,553.0,79.0,7,1,948.0
U020488,553.0,79.0,7,1,948.0
U016633,553.0,79.0,7,1,948.0
U024586,553.0,79.0,7,1,948.0
U014998,553.0,79.0,7,1,948.0
U017442,553.0,79.0,7,1,948.0
U023884,553.0,79.0,7,1,948.0
U022107,553.0,79.0,7,1,948.0
U022360,553.0,79.0,7,1,948.0
U017921,553.0,79.0,7,1,948.0
U011375,553.0,79.0,7,1,948.0
U005839,553.0,79.0,7,1,948.0
U016159,553.0,79.0,7,1,948.0
U005628,553.0,79.0,7,1,948.0
U010729,553.0,79.0,7,1,948.0
U021029,553.0,79.0,7,1,948.0
U024561,553.0,79.0,7,1,948.0
U024560,553.0,79.0,7,1,948.0
U008923,553.0,79.0,7,1,948.0
U016613,553.0,79.0,7,1,948.0
U021040,553.0,79.0,7,1,948.0
U017505,553.0,79.0,7,1,948.0
U020312,553.0,79.0,7,1,948.0
U015502,553.0,79.0,7,1,948.0
U011747,553.0,79.0,7,1,948.0
U000495,553.0,79.0,7,1,948.0
U019720,553.0,79.0,7,1,948.0
U011738,553.0,79.0,7,1,948.0
U020314,553.0,79.0,7,1,948.0
U008956,553.0,79.0,7,1,948.0
U017510,553.0,79.0,7,1,948.0
U023945,553.0,79.0,7,1,948.0
U000488,553.0,79.0,7,1,948.0
U010766,553.0,79.0,7,1,948.0
U022379,553.0,79.0,7,1,948.0
U000474,553.0,79.0,7,1,948.0
U027360,553.0,79.0,7,1,948.0
U013500,553.0,79.0,7,1,948.0
U013499,553.0,79.0,7,1,948.0
U015485,553.0,79.0,7,1,948.0
U023966,553.0,79.0,7,1,948.0
U016591,553.0,79.0,7,1,948.0
U022248,553.0,79.0,7,1,948.0
U002730,553.0,79.0,7,1,948.0
U016182,553.0,79.0,7,1,948.0
U009439,553.0,79.0,7,1,948.0
U002738,553.0,79.0,7,1,948.0
U010800,553.0,79.0,7,1,948.0
U000421,553.0,79.0,7,1,948.0
U000414,553.0,79.0,7,1,948.0
U005239,553.0,79.0,7,1,948.0
U018286,553.0,79.0,7,1,948.0
U010827,553.0,79.0,7,1,948.0
U013048,553.0,79.0,7,1,948.0
U002758,553.0,79.0,7,1,948.0
U000374,553.0,79.0,7,1,948.0
U006755,553.0,79.0,7,1,948.0
U026283,553.0,79.0,7,1,948.0
U005866,553.0,79.0,7,1,948.0
U002791,553.0,79.0,7,1,948.0
U000349,553.0,79.0,7,1,948.0
U005867,553.0,79.0,7,1,948.0
U015451,553.0,79.0,7,1,948.0
U009400,553.0,79.0,7,1,948.0
U008104,553.0,79.0,7,1,948.0
U013882,553.0,79.0,7,1,948.0
U017818,553.0,79.0,7,1,948.0
U013444,553.0,79.0,7,1,948.0
U021068,553.0,79.0,7,1,948.0
U028935,553.0,79.0,7,1,948.0
U004042,553.0,79.0,7,1,948.0
U019346,553.0,79.0,7,1,948.0
U002800,553.0,79.0,7,1,948.0
U014716,553.0,79.0,7,1,948.0
U021362,553.0,79.0,7,1,948.0
U022056,553.0,79.0,7,1,948.0
U003341,553.0,79.0,7,1,948.0
U009367,553.0,79.0,7,1,948.0
U024067,553.0,79.0,7,1,948.0
U002849,553.0,79.0,7,1,948.0
U002855,553.0,79.0,7,1,948.0
U019608,553.0,79.0,7,1,948.0
U017599,553.0,79.0,7,1,948.0
U003296,553.0,79.0,7,1,948.0
U005392,553.0,79.0,7,1,948.0
U013390,553.0,79.0,7,1,948.0
U024426,553.0,79.0,7,1,948.0
U009084,553.0,79.0,7,1,948.0
U002864,553.0,79.0,7,1,948.0
U019382,553.0,79.0,7,1,948.0
U018193,553.0,79.0,7,1,948.0
U006419,553.0,79.0,7,1,948.0
U025373,553.0,79.0,7,1,948.0
U018192,553.0,79.0,7,1,948.0
U009339,553.0,79.0,7,1,948.0
U004039,553.0,79.0,7,1,948.0
U006798,553.0,79.0,7,1,948.0
U021980,553.0,79.0,7,1,948.0
U018978,553.0,79.0,7,1,948.0
U018832,553.0,79.0,7,1,948.0
U013168,553.0,79.0,7,1,948.0
U023188,553.0,79.0,7,1,948.0
U017071,553.0,79.0,7,1,948.0
U007109,553.0,79.0,7,1,948.0
U026399,553.0,79.0,7,1,948.0
U001953,553.0,79.0,7,1,948.0
U025390,553.0,79.0,7,1,948.0
U008511,553.0,79.0,7,1,948.0
U022211,553.0,79.0,7,1,948.0
U001765,553.0,79.0,7,1,948.0
U012565,553.0,79.0,7,1,948.0
U000185,553.0,79.0,7,1,948.0
U024351,553.0,79.0,7,1,948.0
U018827,553.0,79.0,7,1,948.0
U021333,553.0,79.0,7,1,948.0
U001884,553.0,79.0,7,1,948.0
U005996,553.0,79.0,7,1,948.0
U002943,553.0,79.0,7,1,948.0
U014945,553.0,79.0,7,1,948.0
U021326,553.0,79.0,7,1,948.0
U019445,553.0,79.0,7,1,948.0
U027601,553.0,79.0,7,1,948.0
U020757,553.0,79.0,7,1,948.0
U022758,553.0,79.0,7,1,948.0
U026473,553.0,79.0,7,1,948.0
U026483,553.0,79.0,7,1,948.0
U025421,553.0,79.0,7,1,948.0
U026491,553.0,79.0,7,1,948.0
U011463,553.0,79.0,7,1,948.0
U002995,553.0,79.0,7,1,948.0
U020769,553.0,79.0,7,1,948.0
U026532,553.0,79.0,7,1,948.0
U011061,553.0,79.0,7,1,948.0
U024301,553.0,79.0,7,1,948.0
U011443,553.0,79.0,7,1,948.0
U010199,553.0,79.0,7,1,948.0
U001452,553.0,79.0,7,1,948.0
U007053,553.0,79.0,7,1,948.0
U008017,553.0,79.0,7,1,948.0
U020379,553.0,79.0,7,1,948.0
U004357,553.0,79.0,7,1,948.0
U007693,553.0,79.0,7,1,948.0
U024255,553.0,79.0,7,1,948.0
U029324,553.0,79.0,7,1,948.0
U005576,553.0,79.0,7,1,948.0
U013762,553.0,79.0,7,1,948.0
U023242,553.0,79.0,7,1,948.0
U003973,553.0,79.0,7,1,948.0
U027158,553.0,79.0,7,1,948.0
U001924,553.0,79.0,7,1,948.0
U016859,553.0,79.0,7,1,948.0
U024238,553.0,79.0,7,1,948.0
U029451,553.0,79.0,7,1,948.0
U016858,553.0,79.0,7,1,948.0
U006996,553.0,79.0,7,1,948.0
U027613,553.0,79.0,7,1,948.0
U018723,553.0,79.0,7,1,948.0
U029490,553.0,79.0,7,1,948.0
U023287,553.0,79.0,7,1,948.0
U004879,553.0,79.0,7,1,948.0
U003158,553.0,79.0,7,1,948.0
U019523,553.0,79.0,7,1,948.0
U009172,553.0,79.0,7,1,948.0
U005927,553.0,79.0,7,1,948.0
U008726,553.0,79.0,7,1,948.0
U002045,553.0,79.0,7,1,948.0
U018708,553.0,79.0,7,1,948.0
U019543,553.0,79.0,7,1,948.0
U019952,553.0,79.0,7,1,948.0
U001390,553.0,79.0,7,1,948.0
U029628,553.0,79.0,7,1,948.0
U018704,553.0,79.0,7,1,948.0
U002051,553.0,79.0,7,1,948.0
U013974,553.0,79.0,7,1,948.0
U029733,553.0,79.0,7,1,948.0
U022189,553.0,79.0,7,1,948.0
U004231,553.0,79.0,7,1,948.0
U004223,553.0,79.0,7,1,948.0
U005637,553.0,79.0,7,1,948.0
U029859,553.0,79.0,7,1,948.0
U025524,553.0,79.0,7,1,948.0
U029892,553.0,79.0,7,1,948.0
U004194,553.0,79.0,7,1,948.0
U001363,553.0,79.0,7,1,948.0
U018690,553.0,79.0,7,1,948.0
U022047,553.0,79.0,7,1,948.0
U016294,553.0,79.0,7,1,948.0
U019575,553.0,79.0,7,1,948.0
U019577,553.0,79.0,7,1,948.0
U006276,553.0,79.0,7,1,948.0
U002091,553.0,79.0,7,1,948.0
U017129,553.0,79.0,7,1,948.0
U025255,553.0,79.0,7,1,948.0
U012222,553.0,79.0,7,1,948.0
U022715,553.0,79.0,7,1,948.0
U004795,553.0,79.0,7,1,948.0
U019035,553.0,79.0,7,1,948.0
U024934,553.0,79.0,7,1,948.0
U027901,553.0,79.0,7,1,948.0
U012198,553.0,79.0,7,1,948.0
U012196,553.0,79.0,7,1,948.0
U027056,553.0,79.0,7,1,948.0
U012674,553.0,79.0,7,1,948.0
U027947,553.0,79.0,7,1,948.0
U018651,553.0,79.0,7,1,948.0
U012675,553.0,79.0,7,1,948.0
U006495,553.0,79.0,7,1,948.0
U002187,553.0,79.0,7,1,948.0
U018646,553.0,79.0,7,1,948.0
U001191,553.0,79.0,7,1,948.0
U027021,553.0,79.0,7,1,948.0
U007478,553.0,79.0,7,1,948.0
U025647,553.0,79.0,7,1,948.0
U001180,553.0,79.0,7,1,948.0
U027997,553.0,79.0,7,1,948.0
U010352,553.0,79.0,7,1,948.0
U010357,553.0,79.0,7,1,948.0
U021579,553.0,79.0,7,1,948.0
U014921,553.0,79.0,7,1,948.0
U028034,553.0,79.0,7,1,948.0
U028069,553.0,79.0,7,1,948.0
U021565,553.0,79.0,7,1,948.0
U020037,553.0,79.0,7,1,948.0
U025714,553.0,79.0,7,1,948.0
U025717,553.0,79.0,7,1,948.0
U022689,553.0,79.0,7,1,948.0
U025727,553.0,79.0,7,1,948.0
U010386,553.0,79.0,7,1,948.0
U002247,553.0,79.0,7,1,948.0
U008446,553.0,79.0,7,1,948.0
U009750,553.0,79.0,7,1,948.0
U010006,553.0,79.0,7,1,948.0
U022957,553.0,79.0,7,1,948.0
U007771,553.0,79.0,7,1,948.0
U028156,553.0,79.0,7,1,948.0
U026919,553.0,79.0,7,1,948.0
U005075,553.0,79.0,7,1,948.0
U001037,553.0,79.0,7,1,948.0
U007774,553.0,79.0,7,1,948.0
U001035,553.0,79.0,7,1,948.0
U024842,553.0,79.0,7,1,948.0
U022966,553.0,79.0,7,1,948.0
U026909,553.0,79.0,7,1,948.0
U001021,553.0,79.0,7,1,948.0
U017250,553.0,79.0,7,1,948.0
U019126,553.0,79.0,7,1,948.0
U008589,553.0,79.0,7,1,948.0
U002307,553.0,79.0,7,1,948.0
U000988,553.0,79.0,7,1,948.0
U006362,553.0,79.0,7,1,948.0
U021713,553.0,79.0,7,1,948.0
U028211,553.0,79.0,7,1,948.0
U027503,553.0,79.0,7,1,948.0
U011322,553.0,79.0,7,1,948.0
U018561,553.0,79.0,7,1,948.0
U002325,553.0,79.0,7,1,948.0
U028238,553.0,79.0,7,1,948.0
U009996,553.0,79.0,7,1,948.0
U022993,553.0,79.0,7,1,948.0
U021502,553.0,79.0,7,1,948.0
U008455,553.0,79.0,7,1,948.0
U026838,553.0,79.0,7,1,948.0
U023440,553.0,79.0,7,1,948.0
U002351,553.0,79.0,7,1,948.0
U015019,553.0,79.0,7,1,948.0
U017329,553.0,79.0,7,1,948.0
U017334,553.0,79.0,7,1,948.0
U001665,553.0,79.0,7,1,948.0
U028327,553.0,79.0,7,1,948.0
U025910,553.0,79.0,7,1,948.0
U028336,553.0,79.0,7,1,948.0
U006610,553.0,79.0,7,1,948.0
U000825,553.0,79.0,7,1,948.0
U011920,553.0,79.0,7,1,948.0
U009620,553.0,79.0,7,1,948.0
U016717,553.0,79.0,7,1,948.0
U014147,551.0,29.0,19,1,348.0
U024305,551.0,29.0,19,1,348.0
U000768,551.0,29.0,19,1,348.0
U008440,551.0,29.0,19,1,348.0
U021944,551.0,29.0,19,1,348.0
U008792,551.0,29.0,19,1,348.0
U014664,551.0,29.0,19,1,348.0
U003756,551.0,29.0,19,1,348.0
U002789,551.0,29.0,19,1,348.0
U000547,551.0,29.0,19,1,348.0
U003746,551.0,29.0,19,1,348.0
U004480,551.0,29.0,19,1,348.0
U003730,551.0,29.0,19,1,348.0
U026930,551.0,29.0,19,1,348.0
U024314,551.0,29.0,19,1,348.0
U025828,551.0,29.0,19,1,348.0
U014216,551.0,29.0,19,1,348.0
U026497,551.0,29.0,19,1,348.0
U021503,551.0,29.0,19,1,348.0
U008518,551.0,29.0,19,1,348.0
U029127,551.0,29.0,19,1,348.0
U023781,551.0,29.0,19,1,348.0
U023796,551.0,29.0,19,1,348.0
U011657,551.0,29.0,19,1,348.0
U005812,551.0,29.0,19,1,348.0
U011825,551.0,29.0,19,1,348.0
U002993,551.0,29.0,19,1,348.0
U002292,551.0,29.0,19,1,348.0
U028411,551.0,29.0,19,1,348.0
U019768,551.0,29.0,19,1,348.0
U002794,551.0,29.0,19,1,348.0
U013532,551.0,29.0,19,1,348.0
U027132,551.0,29.0,19,1,348.0
U009090,551.0,29.0,19,1,348.0
U005089,551.0,29.0,19,1,348.0
U013522,551.0,29.0,19,1,348.0
U014475,551.0,29.0,19,1,348.0
U022000,551.0,29.0,19,1,348.0
U014685,551.0,29.0,19,1,348.0
U009097,551.0,29.0,19,1,348.0
U008944,551.0,29.0,19,1,348.0
U022822,551.0,29.0,19,1,348.0
U001625,551.0,29.0,19,1,348.0
U003497,551.0,29.0,19,1,348.0
U027109,551.0,29.0,19,1,348.0
U007971,551.0,29.0,19,1,348.0
U021009,551.0,29.0,19,1,348.0
U019691,551.0,29.0,19,1,348.0
U000728,551.0,29.0,19,1,348.0
U027876,551.0,29.0,19,1,348.0
U019929,551.0,29.0,19,1,348.0
U012421,551.0,29.0,19,1,348.0
U022043,551.0,29.0,19,1,348.0
U007637,551.0,29.0,19,1,348.0
U027633,551.0,29.0,19,1,348.0
U013707,551.0,29.0,19,1,348.0
U016204,551.0,29.0,19,1,348.0
U025558,551.0,29.0,19,1,348.0
U015762,551.0,29.0,19,1,348.0
U010563,551.0,29.0,19,1,348.0
U014024,551.0,29.0,19,1,348.0
U022980,551.0,29.0,19,1,348.0
U029801,551.0,29.0,19,1,348.0
U009016,551.0,29.0,19,1,348.0
U011741,551.0,29.0,19,1,348.0
U009027,551.0,29.0,19,1,348.0
U011040,551.0,29.0,19,1,348.0
U003405,551.0,29.0,19,1,348.0
U004058,551.0,29.0,19,1,348.0
U004060,551.0,29.0,19,1,348.0
U019628,551.0,29.0,19,1,348.0
U029061,551.0,29.0,19,1,348.0
U014504,551.0,29.0,19,1,348.0
U015414,551.0,29.0,19,1,348.0
U006834,551.0,29.0,19,1,348.0
U013403,551.0,29.0,19,1,348.0
U016275,551.0,29.0,19,1,348.0
U027085,551.0,29.0,19,1,348.0
U014473,551.0,29.0,19,1,348.0
U002613,551.0,29.0,19,1,348.0
U018235,551.0,29.0,19,1,348.0
U013194,551.0,29.0,19,1,348.0
U011017,551.0,29.0,19,1,348.0
U029713,551.0,29.0,19,1,348.0
U002936,551.0,29.0,19,1,348.0
U025599,551.0,29.0,19,1,348.0
U007566,551.0,29.0,19,1,348.0
U015811,551.0,29.0,19,1,348.0
U001558,551.0,29.0,19,1,348.0
U015264,551.0,29.0,19,1,348.0
U029684,551.0,29.0,19,1,348.0
U021827,551.0,29.0,19,1,348.0
U011821,551.0,29.0,19,1,348.0
U027453,551.0,29.0,19,1,348.0
U016315,551.0,29.0,19,1,348.0
U006116,551.0,29.0,19,1,348.0
U003896,551.0,29.0,19,1,348.0
U021754,551.0,29.0,19,1,348.0
U029651,551.0,29.0,19,1,348.0
U019068,551.0,29.0,19,1,348.0
U027959,551.0,29.0,19,1,348.0
U021349,551.0,29.0,19,1,348.0
U012297,551.0,29.0,19,1,348.0
U006966,551.0,29.0,19,1,348.0
U025413,551.0,29.0,19,1,348.0
U001973,551.0,29.0,19,1,348.0
U020798,551.0,29.0,19,1,348.0
U014528,551.0,29.0,19,1,348.0
U025425,551.0,29.0,19,1,348.0
U024801,551.0,29.0,19,1,348.0
U027195,551.0,29.0,19,1,348.0
U024172,551.0,29.0,19,1,348.0
U025039,551.0,29.0,19,1,348.0
U023163,551.0,29.0,19,1,348.0
U009170,551.0,29.0,19,1,348.0
U004831,551.0,29.0,19,1,348.0
U027481,551.0,29.0,19,1,348.0
U022865,551.0,29.0,19,1,348.0
U028231,551.0,29.0,19,1,348.0
U010454,551.0,29.0,19,1,348.0
U020810,551.0,29.0,19,1,348.0
U017691,551.0,29.0,19,1,348.0
U005292,551.0,29.0,19,1,348.0
U027777,551.0,29.0,19,1,348.0
U023598,551.0,29.0,19,1,348.0
U002024,551.0,29.0,19,1,348.0
U015335,551.0,29.0,19,1,348.0
U018226,551.0,29.0,19,1,348.0
U024804,551.0,29.0,19,1,348.0
U004823,551.0,29.0,19,1,348.0
U025480,551.0,29.0,19,1,348.0
U010334,551.0,29.0,19,1,348.0
U022192,551.0,29.0,19,1,348.0
U007951,551.0,29.0,19,1,348.0
U018114,551.0,29.0,19,1,348.0
U004576,551.0,29.0,19,1,348.0
U002334,551.0,29.0,19,1,348.0
U018716,551.0,29.0,19,1,348.0
U004818,551.0,29.0,19,1,348.0
U027024,551.0,29.0,19,1,348.0
U019196,551.0,29.0,19,1,348.0
U005331,551.0,29.0,19,1,348.0
U008711,551.0,29.0,19,1,348.0
U020233,551.0,29.0,19,1,348.0
U002840,551.0,29.0,19,1,348.0
U022798,551.0,29.0,19,1,348.0
U002507,551.0,29.0,19,1,348.0
U013829,551.0,29.0,19,1,348.0
U016372,551.0,29.0,19,1,348.0
U009201,551.0,29.0,19,1,348.0
U009202,551.0,29.0,19,1,348.0
U020223,551.0,29.0,19,1,348.0
U025272,551.0,29.0,19,1,348.0
U004513,551.0,29.0,19,1,348.0
U029014,551.0,29.0,19,1,348.0
U008472,551.0,29.0,19,1,348.0
U019304,551.0,29.0,19,1,348.0
U029397,551.0,29.0,19,1,348.0
U012041,551.0,29.0,19,1,348.0
U005320,551.0,29.0,19,1,348.0
U011933,551.0,29.0,19,1,348.0
U022931,551.0,29.0,19,1,348.0
U025809,551.0,29.0,19,1,348.0
U007221,551.0,29.0,19,1,348.0
U022197,551.0,29.0,19,1,348.0
U012399,551.0,29.0,19,1,348.0
U002209,551.0,29.0,19,1,348.0
U000461,551.0,29.0,19,1,348.0
U005955,551.0,29.0,19,1,348.0
U004506,551.0,29.0,19,1,348.0
U007216,551.0,29.0,19,1,348.0
U010572,551.0,29.0,19,1,348.0
U016464,551.0,29.0,19,1,348.0
U012019,551.0,29.0,19,1,348.0
U013121,551.0,29.0,19,1,348.0
U013017,551.0,29.0,19,1,348.0
U002549,551.0,29.0,19,1,348.0
U026626,551.0,29.0,19,1,348.0
U026680,551.0,29.0,19,1,348.0
U026033,551.0,29.0,19,1,348.0
U027335,551.0,29.0,19,1,348.0
U026743,551.0,29.0,19,1,348.0
U021394,551.0,29.0,19,1,348.0
U007265,551.0,29.0,19,1,348.0
U013944,551.0,29.0,19,1,348.0
U013870,551.0,29.0,19,1,348.0
U029319,551.0,29.0,19,1,348.0
U011709,551.0,29.0,19,1,348.0
U007390,551.0,29.0,19,1,348.0
U017406,551.0,29.0,19,1,348.0
U016582,551.0,29.0,19,1,348.0
U024762,551.0,29.0,19,1,348.0
U018138,551.0,29.0,19,1,348.0
U024878,551.0,29.0,19,1,348.0
U016393,551.0,29.0,19,1,348.0
U003996,551.0,29.0,19,1,348.0
U026817,551.0,29.0,19,1,348.0
U002319,551.0,29.0,19,1,348.0
U016751,551.0,29.0,19,1,348.0
U020060,551.0,29.0,19,1,348.0
U024269,551.0,29.0,19,1,348.0
U018292,551.0,29.0,19,1,348.0
U020942,551.0,29.0,19,1,348.0
U021936,551.0,29.0,19,1,348.0
U004170,551.0,29.0,19,1,348.0
U012752,551.0,29.0,19,1,348.0
U008670,551.0,29.0,19,1,348.0
U024765,551.0,29.0,19,1,348.0
U011176,551.0,29.0,19,1,348.0
U029035,551.0,29.0,19,1,348.0
U002467,551.0,29.0,19,1,348.0
U006542,551.0,29.0,19,1,348.0
U012099,551.0,29.0,19,1,348.0
U012872,551.0,29.0,19,1,348.0
U000953,551.0,29.0,19,1,348.0
U021288,551.0,29.0,19,1,348.0
U021900,551.0,29.0,19,1,348.0
U017737,551.0,29.0,19,1,348.0
U008355,551.0,29.0,19,1,348.0
U001647,551.0,29.0,19,1,348.0
U026122,551.0,29.0,19,1,348.0
U017538,551.0,29.0,19,1,348.0
U024277,551.0,29.0,19,1,348.0
U022681,551.0,29.0,19,1,348.0
U029283,551.0,29.0,19,1,348.0
U024401,551.0,29.0,19,1,348.0
U002777,551.0,29.0,19,1,348.0
U015636,522.0,29.0,18,1,348.0
U018670,522.0,29.0,18,1,348.0
U010281,522.0,29.0,18,1,348.0
U003802,522.0,29.0,18,1,348.0
U020277,522.0,29.0,18,1,348.0
U014481,522.0,29.0,18,1,348.0
U004191,522.0,29.0,18,1,348.0
U005522,522.0,29.0,18,1,348.0
U017803,522.0,29.0,18,1,348.0
U000812,522.0,29.0,18,1,348.0
U023754,522.0,29.0,18,1,348.0
U001580,522.0,29.0,18,1,348.0
U014220,522.0,29.0,18,1,348.0
U010764,522.0,29.0,18,1,348.0
U015052,522.0,29.0,18,1,348.0
U015872,522.0,29.0,18,1,348.0
U005827,522.0,29.0,18,1,348.0
U029954,522.0,29.0,18,1,348.0
U003588,522.0,29.0,18,1,348.0
U023668,522.0,29.0,18,1,348.0
U019986,522.0,29.0,18,1,348.0
U013519,522.0,29.0,18,1,348.0
U019728,522.0,29.0,18,1,348.0
U013505,522.0,29.0,18,1,348.0
U008965,522.0,29.0,18,1,348.0
U014378,522.0,29.0,18,1,348.0
U015466,522.0,29.0,18,1,348.0
U015457,522.0,29.0,18,1,348.0
U009009,522.0,29.0,18,1,348.0
U003433,522.0,29.0,18,1,348.0
U008556,522.0,29.0,18,1,348.0
U003398,522.0,29.0,18,1,348.0
U013439,522.0,29.0,18,1,348.0
U014422,522.0,29.0,18,1,348.0
U016262,522.0,29.0,18,1,348.0
U016280,522.0,29.0,18,1,348.0
U005900,522.0,29.0,18,1,348.0
U012343,522.0,29.0,18,1,348.0
U006311,522.0,29.0,18,1,348.0
U021867,522.0,29.0,18,1,348.0
U001552,522.0,29.0,18,1,348.0
U012450,522.0,29.0,18,1,348.0
U012560,522.0,29.0,18,1,348.0
U020700,522.0,29.0,18,1,348.0
U006434,522.0,29.0,18,1,348.0
U001517,522.0,29.0,18,1,348.0
U027742,522.0,29.0,18,1,348.0
U012584,522.0,29.0,18,1,348.0
U025205,522.0,29.0,18,1,348.0
U012275,522.0,29.0,18,1,348.0
U025032,522.0,29.0,18,1,348.0
U010213,522.0,29.0,18,1,348.0
U002040,522.0,29.0,18,1,348.0
U015787,522.0,29.0,18,1,348.0
U019011,522.0,29.0,18,1,348.0
U027817,522.0,29.0,18,1,348.0
U001399,522.0,29.0,18,1,348.0
U018717,522.0,29.0,18,1,348.0
U007520,522.0,29.0,18,1,348.0
U009850,522.0,29.0,18,1,348.0
U004648,522.0,29.0,18,1,348.0
U017512,522.0,29.0,18,1,348.0
U010776,522.0,29.0,18,1,348.0
U026805,522.0,29.0,18,1,348.0
U021189,522.0,29.0,18,1,348.0
U028802,522.0,29.0,18,1,348.0
U016587,522.0,29.0,18,1,348.0
U002394,522.0,29.0,18,1,348.0
U016583,522.0,29.0,18,1,348.0
U021442,522.0,29.0,18,1,348.0
U028836,522.0,29.0,18,1,348.0
U012500,522.0,29.0,18,1,348.0
U021191,522.0,29.0,18,1,348.0
U028852,522.0,29.0,18,1,348.0
U017526,522.0,29.0,18,1,348.0
U011951,522.0,29.0,18,1,348.0
U006060,522.0,29.0,18,1,348.0
U002478,522.0,29.0,18,1,348.0
U027346,522.0,29.0,18,1,348.0
U007352,522.0,29.0,18,1,348.0
U011687,522.0,29.0,18,1,348.0
U009658,522.0,29.0,18,1,348.0
U020990,522.0,29.0,18,1,348.0
U000882,522.0,29.0,18,1,348.0
U026078,522.0,29.0,18,1,348.0
U017549,522.0,29.0,18,1,348.0
U020957,522.0,29.0,18,1,348.0
U024479,522.0,29.0,18,1,348.0
U028260,522.0,29.0,18,1,348.0
U025860,522.0,29.0,18,1,348.0
U002799,522.0,29.0,18,1,348.0
U011639,522.0,29.0,18,1,348.0
U021838,522.0,29.0,18,1,348.0
U019361,522.0,29.0,18,1,348.0
U011630,522.0,29.0,18,1,348.0
U019972,522.0,29.0,18,1,348.0
U005196,522.0,29.0,18,1,348.0
U008580,522.0,29.0,18,1,348.0
U026341,522.0,29.0,18,1,348.0
U000955,522.0,29.0,18,1,348.0
U009341,522.0,29.0,18,1,348.0
U023456,522.0,29.0,18,1,348.0
U026352,522.0,29.0,18,1,348.0
U004437,522.0,29.0,18,1,348.0
U029055,522.0,29.0,18,1,348.0
U024413,522.0,29.0,18,1,348.0
U029056,522.0,29.0,18,1,348.0
U008370,522.0,29.0,18,1,348.0
U019215,522.0,29.0,18,1,348.0
U016629,522.0,29.0,18,1,348.0
U021126,522.0,29.0,18,1,348.0
U002454,522.0,29.0,18,1,348.0
U002974,522.0,29.0,18,1,348.0
U024360,522.0,29.0,18,1,348.0
U017648,522.0,29.0,18,1,348.0
U004563,522.0,29.0,18,1,348.0
U007269,522.0,29.0,18,1,348.0
U007101,522.0,29.0,18,1,348.0
U012375,522.0,29.0,18,1,348.0
U026755,522.0,29.0,18,1,348.0
U000183,522.0,29.0,18,1,348.0
U006405,522.0,29.0,18,1,348.0
U015005,522.0,29.0,18,1,348.0
U010108,522.0,29.0,18,1,348.0
U004140,522.0,29.0,18,1,348.0
U013176,522.0,29.0,18,1,348.0
U020416,522.0,29.0,18,1,348.0
U010714,522.0,29.0,18,1,348.0
U002960,522.0,29.0,18,1,348.0
U011518,522.0,29.0,18,1,348.0
U002961,522.0,29.0,18,1,348.0
U004400,522.0,29.0,18,1,348.0
U024700,522.0,29.0,18,1,348.0
U005290,522.0,29.0,18,1,348.0
U009290,522.0,29.0,18,1,348.0
U019127,522.0,29.0,18,1,348.0
U019444,522.0,29.0,18,1,348.0
U004389,522.0,29.0,18,1,348.0
U000560,522.0,29.0,18,1,348.0
U013192,522.0,29.0,18,1,348.0
U015265,522.0,29.0,18,1,348.0
U025782,522.0,29.0,18,1,348.0
U020533,522.0,29.0,18,1,348.0
U011492,522.0,29.0,18,1,348.0
U018098,522.0,29.0,18,1,348.0
U021536,522.0,29.0,18,1,348.0
U010115,522.0,29.0,18,1,348.0
U011478,522.0,29.0,18,1,348.0
U009486,522.0,29.0,18,1,348.0
U019119,522.0,29.0,18,1,348.0
U026760,522.0,29.0,18,1,348.0
U026510,522.0,29.0,18,1,348.0
U021165,522.0,29.0,18,1,348.0
U006408,522.0,29.0,18,1,348.0
U023537,522.0,29.0,18,1,348.0
U010574,522.0,29.0,18,1,348.0
U015283,522.0,29.0,18,1,348.0
U018421,522.0,29.0,18,1,348.0
U009747,522.0,29.0,18,1,348.0
U029975,522.0,29.0,18,1,348.0
U013853,522.0,29.0,18,1,348.0
U004008,522.0,29.0,18,1,348.0
U025737,522.0,29.0,18,1,348.0
U018043,522.0,29.0,18,1,348.0
U004885,522.0,29.0,18,1,348.0
U024262,522.0,29.0,18,1,348.0
U014893,522.0,29.0,18,1,348.0
U024562,522.0,29.0,18,1,348.0
U008251,522.0,29.0,18,1,348.0
U020063,522.0,29.0,18,1,348.0
U009770,522.0,29.0,18,1,348.0
U017958,522.0,29.0,18,1,348.0
U015288,522.0,29.0,18,1,348.0
U013761,522.0,29.0,18,1,348.0
U001131,522.0,29.0,18,1,348.0
U021812,522.0,29.0,18,1,348.0
U019895,522.0,29.0,18,1,348.0
U011298,522.0,29.0,18,1,348.0
U029648,522.0,29.0,18,1,348.0
U015707,522.0,29.0,18,1,348.0
U021581,522.0,29.0,18,1,348.0
U007750,522.0,29.0,18,1,348.0
U019083,522.0,29.0,18,1,348.0
U026908,522.0,29.0,18,1,348.0
U021593,522.0,29.0,18,1,348.0
U029443,522.0,29.0,18,1,348.0
U019889,522.0,29.0,18,1,348.0
U026169,522.0,29.0,18,1,348.0
U025959,522.0,29.0,18,1,348.0
U019886,522.0,29.0,18,1,348.0
U005157,522.0,29.0,18,1,348.0
U004298,522.0,29.0,18,1,348.0
U025645,522.0,29.0,18,1,348.0
U005562,522.0,29.0,18,1,348.0
U002196,522.0,29.0,18,1,348.0
U025087,522.0,29.0,18,1,348.0
U026712,522.0,29.0,18,1,348.0
U027035,522.0,29.0,18,1,348.0
U008270,522.0,29.0,18,1,348.0
U007741,522.0,29.0,18,1,348.0
U003907,522.0,29.0,18,1,348.0
U027037,522.0,29.0,18,1,348.0
U001221,522.0,29.0,18,1,348.0
U029625,522.0,29.0,18,1,348.0
U013342,522.0,29.0,18,1,348.0
U029685,522.0,29.0,18,1,348.0
U008063,522.0,29.0,18,1,348.0
U008596,522.0,29.0,18,1,348.0
U003218,522.0,29.0,18,1,348.0
U027361,522.0,29.0,18,1,348.0
U001589,522.0,29.0,18,1,348.0
U004796,522.0,29.0,18,1,348.0
U003884,522.0,29.0,18,1,348.0
U029798,522.0,29.0,18,1,348.0
U023060,522.0,29.0,18,1,348.0
U021792,522.0,29.0,18,1,348.0
U014157,493.0,29.0,17,1,348.0
U011166,493.0,29.0,17,1,348.0
U013666,493.0,29.0,17,1,348.0
U003750,493.0,29.0,17,1,348.0
U005783,493.0,29.0,17,1,348.0
U014211,493.0,29.0,17,1,348.0
U016086,493.0,29.0,17,1,348.0
U020293,493.0,29.0,17,1,348.0
U013592,493.0,29.0,17,1,348.0
U023865,493.0,29.0,17,1,348.0
U016153,493.0,29.0,17,1,348.0
U025885,493.0,29.0,17,1,348.0
U026444,493.0,29.0,17,1,348.0
U010072,493.0,29.0,17,1,348.0
U000754,493.0,29.0,17,1,348.0
U026135,493.0,29.0,17,1,348.0
U007931,493.0,29.0,17,1,348.0
U002846,493.0,29.0,17,1,348.0
U011075,493.0,29.0,17,1,348.0
U021282,493.0,29.0,17,1,348.0
U028502,493.0,29.0,17,1,348.0
U025290,493.0,29.0,17,1,348.0
U000940,493.0,29.0,17,1,348.0
U029109,493.0,29.0,17,1,348.0
U000749,493.0,29.0,17,1,348.0
U011692,493.0,29.0,17,1,348.0
U003043,493.0,29.0,17,1,348.0
U001087,493.0,29.0,17,1,348.0
U028315,493.0,29.0,17,1,348.0
U006796,493.0,29.0,17,1,348.0
U011770,493.0,29.0,17,1,348.0
U028320,493.0,29.0,17,1,348.0
U017214,493.0,29.0,17,1,348.0
U026363,493.0,29.0,17,1,348.0
U021225,493.0,29.0,17,1,348.0
U006533,493.0,29.0,17,1,348.0
U010036,493.0,29.0,17,1,348.0
U028338,493.0,29.0,17,1,348.0
U029157,493.0,29.0,17,1,348.0
U001118,493.0,29.0,17,1,348.0
U025695,493.0,29.0,17,1,348.0
U002657,493.0,29.0,17,1,348.0
U012022,493.0,29.0,17,1,348.0
U021928,493.0,29.0,17,1,348.0
U024184,493.0,29.0,17,1,348.0
U028535,493.0,29.0,17,1,348.0
U002740,493.0,29.0,17,1,348.0
U017757,493.0,29.0,17,1,348.0
U006704,493.0,29.0,17,1,348.0
U020068,493.0,29.0,17,1,348.0
U020089,493.0,29.0,17,1,348.0
U023132,493.0,29.0,17,1,348.0
U000569,493.0,29.0,17,1,348.0
U024652,493.0,29.0,17,1,348.0
U028413,493.0,29.0,17,1,348.0
U021359,493.0,29.0,17,1,348.0
U025375,493.0,29.0,17,1,348.0
U014823,493.0,29.0,17,1,348.0
U000534,493.0,29.0,17,1,348.0
U002804,493.0,29.0,17,1,348.0
U000606,493.0,29.0,17,1,348.0
U022647,493.0,29.0,17,1,348.0
U006886,493.0,29.0,17,1,348.0
U011151,493.0,29.0,17,1,348.0
U028712,493.0,29.0,17,1,348.0
U022633,493.0,29.0,17,1,348.0
U011018,493.0,29.0,17,1,348.0
U026462,493.0,29.0,17,1,348.0
U005232,493.0,29.0,17,1,348.0
U020727,493.0,29.0,17,1,348.0
U007223,493.0,29.0,17,1,348.0
U007302,493.0,29.0,17,1,348.0
U004936,493.0,29.0,17,1,348.0
U009775,493.0,29.0,17,1,348.0
U015174,493.0,29.0,17,1,348.0
U007425,493.0,29.0,17,1,348.0
U021781,493.0,29.0,17,1,348.0
U017179,493.0,29.0,17,1,348.0
U028507,493.0,29.0,17,1,348.0
U003950,493.0,29.0,17,1,348.0
U023582,493.0,29.0,17,1,348.0
U027487,493.0,29.0,17,1,348.0
U027421,493.0,29.0,17,1,348.0
U025654,493.0,29.0,17,1,348.0
U028952,493.0,29.0,17,1,348.0
U018950,493.0,29.0,17,1,348.0
U027263,493.0,29.0,17,1,348.0
U027854,493.0,29.0,17,1,348.0
U015309,493.0,29.0,17,1,348.0
U017777,493.0,29.0,17,1,348.0
U029450,493.0,29.0,17,1,348.0
U008409,493.0,29.0,17,1,348.0
U015693,493.0,29.0,17,1,348.0
U029459,493.0,29.0,17,1,348.0
U013733,493.0,29.0,17,1,348.0
U021632,493.0,29.0,17,1,348.0
U004387,493.0,29.0,17,1,348.0
U013199,493.0,29.0,17,1,348.0
U025252,493.0,29.0,17,1,348.0
U024211,493.0,29.0,17,1,348.0
U019015,493.0,29.0,17,1,348.0
U003145,493.0,29.0,17,1,348.0
U017775,493.0,29.0,17,1,348.0
U001732,493.0,29.0,17,1,348.0
U024668,493.0,29.0,17,1,348.0
U024199,493.0,29.0,17,1,348.0
U018846,493.0,29.0,17,1,348.0
U002295,493.0,29.0,17,1,348.0
U012250,493.0,29.0,17,1,348.0
U021267,493.0,29.0,17,1,348.0
U005933,493.0,29.0,17,1,348.0
U006878,493.0,29.0,17,1,348.0
U029215,493.0,29.0,17,1,348.0
U025643,493.0,29.0,17,1,348.0
U025005,493.0,29.0,17,1,348.0
U023295,493.0,29.0,17,1,348.0
U024185,493.0,29.0,17,1,348.0
U016431,493.0,29.0,17,1,348.0
U022877,493.0,29.0,17,1,348.0
U011483,493.0,29.0,17,1,348.0
U025082,493.0,29.0,17,1,348.0
U000501,493.0,29.0,17,1,348.0
U025008,493.0,29.0,17,1,348.0
U015099,493.0,29.0,17,1,348.0
U022871,493.0,29.0,17,1,348.0
U022550,493.0,29.0,17,1,348.0
U011314,493.0,29.0,17,1,348.0
U022721,493.0,29.0,17,1,348.0
U021185,493.0,29.0,17,1,348.0
U012578,493.0,29.0,17,1,348.0
U001194,493.0,29.0,17,1,348.0
U027382,493.0,29.0,17,1,348.0
U012037,493.0,29.0,17,1,348.0
U011874,493.0,29.0,17,1,348.0
U017556,493.0,29.0,17,1,348.0
U018250,493.0,29.0,17,1,348.0
U024902,493.0,29.0,17,1,348.0
U012967,493.0,29.0,17,1,348.0
U020801,493.0,29.0,17,1,348.0
U004998,493.0,29.0,17,1,348.0
U016604,493.0,29.0,17,1,348.0
U004263,493.0,29.0,17,1,348.0
U003207,493.0,29.0,17,1,348.0
U014638,493.0,29.0,17,1,348.0
U006843,493.0,29.0,17,1,348.0
U003208,493.0,29.0,17,1,348.0
U024752,493.0,29.0,17,1,348.0
U011745,493.0,29.0,17,1,348.0
U006354,493.0,29.0,17,1,348.0
U027212,493.0,29.0,17,1,348.0
U001807,493.0,29.0,17,1,348.0
U025677,493.0,29.0,17,1,348.0
U023470,493.0,29.0,17,1,348.0
U025126,493.0,29.0,17,1,348.0
U020791,493.0,29.0,17,1,348.0
U004997,493.0,29.0,17,1,348.0
U001548,493.0,29.0,17,1,348.0
U028925,493.0,29.0,17,1,348.0
U009136,493.0,29.0,17,1,348.0
U003215,493.0,29.0,17,1,348.0
U027239,493.0,29.0,17,1,348.0
U001269,493.0,29.0,17,1,348.0
U013117,493.0,29.0,17,1,348.0
U001944,493.0,29.0,17,1,348.0
U018974,493.0,29.0,17,1,348.0
U017385,493.0,29.0,17,1,348.0
U026913,493.0,29.0,17,1,348.0
U020267,493.0,29.0,17,1,348.0
U016311,493.0,29.0,17,1,348.0
U023511,493.0,29.0,17,1,348.0
U008096,493.0,29.0,17,1,348.0
U011605,493.0,29.0,17,1,348.0
U023347,493.0,29.0,17,1,348.0
U003886,493.0,29.0,17,1,348.0
U008067,493.0,29.0,17,1,348.0
U029752,493.0,29.0,17,1,348.0
U017508,493.0,29.0,17,1,348.0
U003386,493.0,29.0,17,1,348.0
U009122,493.0,29.0,17,1,348.0
U017911,493.0,29.0,17,1,348.0
U004674,493.0,29.0,17,1,348.0
U008106,493.0,29.0,17,1,348.0
U029788,493.0,29.0,17,1,348.0
U026367,493.0,29.0,17,1,348.0
U005908,493.0,29.0,17,1,348.0
U010642,493.0,29.0,17,1,348.0
U003432,493.0,29.0,17,1,348.0
U014397,493.0,29.0,17,1,348.0
U025559,493.0,29.0,17,1,348.0
U008745,493.0,29.0,17,1,348.0
U015458,493.0,29.0,17,1,348.0
U015461,493.0,29.0,17,1,348.0
U005445,493.0,29.0,17,1,348.0
U027882,493.0,29.0,17,1,348.0
U015829,493.0,29.0,17,1,348.0
U024122,493.0,29.0,17,1,348.0
U023978,493.0,29.0,17,1,348.0
U026297,493.0,29.0,17,1,348.0
U004562,493.0,29.0,17,1,348.0
U023972,493.0,29.0,17,1,348.0
U028212,493.0,29.0,17,1,348.0
U023499,493.0,29.0,17,1,348.0
U027104,493.0,29.0,17,1,348.0
U023968,493.0,29.0,17,1,348.0
U013366,493.0,29.0,17,1,348.0
U008631,493.0,29.0,17,1,348.0
U008983,493.0,29.0,17,1,348.0
U024108,493.0,29.0,17,1,348.0
U019708,493.0,29.0,17,1,348.0
U020326,493.0,29.0,17,1,348.0
U004871,493.0,29.0,17,1,348.0
U028562,493.0,29.0,17,1,348.0
U012923,493.0,29.0,17,1,348.0
U002596,493.0,29.0,17,1,348.0
U011063,493.0,29.0,17,1,348.0
U003266,493.0,29.0,17,1,348.0
U014477,493.0,29.0,17,1,348.0
U025965,493.0,29.0,17,1,348.0
U007800,493.0,29.0,17,1,348.0
U029949,493.0,29.0,17,1,348.0
U013878,493.0,29.0,17,1,348.0
U000148,493.0,29.0,17,1,348.0
U000204,493.0,29.0,17,1,348.0
U027112,493.0,29.0,17,1,348.0
U014326,493.0,29.0,17,1,348.0
U019721,493.0,29.0,17,1,348.0
U012468,493.0,29.0,17,1,348.0
U016290,493.0,29.0,17,1,348.0
U008530,493.0,29.0,17,1,348.0
U026004,493.0,29.0,17,1,348.0
U029999,493.0,29.0,17,1,348.0
U007022,493.0,29.0,17,1,348.0
U003568,493.0,29.0,17,1,348.0
U022103,493.0,29.0,17,1,348.0
U019847,493.0,29.0,17,1,348.0
U023564,493.0,29.0,17,1,348.0
U006522,474.0,79.0,6,1,948.0
U021573,474.0,79.0,6,1,948.0
U006512,474.0,79.0,6,1,948.0
U012209,474.0,79.0,6,1,948.0
U006469,474.0,79.0,6,1,948.0
U006468,474.0,79.0,6,1,948.0
U012488,474.0,79.0,6,1,948.0
U012499,474.0,79.0,6,1,948.0
U012515,474.0,79.0,6,1,948.0
U006302,474.0,79.0,6,1,948.0
U012574,474.0,79.0,6,1,948.0
U012594,474.0,79.0,6,1,948.0
U006261,474.0,79.0,6,1,948.0
U016814,474.0,79.0,6,1,948.0
U016798,474.0,79.0,6,1,948.0
U012747,474.0,79.0,6,1,948.0
U006176,474.0,79.0,6,1,948.0
U012847,474.0,79.0,6,1,948.0
U021883,474.0,79.0,6,1,948.0
U006133,474.0,79.0,6,1,948.0
U021912,474.0,79.0,6,1,948.0
U016574,474.0,79.0,6,1,948.0
U016565,474.0,79.0,6,1,948.0
U006050,474.0,79.0,6,1,948.0
U006037,474.0,79.0,6,1,948.0
U013126,474.0,79.0,6,1,948.0
U013152,474.0,79.0,6,1,948.0
U013198,474.0,79.0,6,1,948.0
U005978,474.0,79.0,6,1,948.0
U013223,474.0,79.0,6,1,948.0
U005951,474.0,79.0,6,1,948.0
U013317,474.0,79.0,6,1,948.0
U013324,474.0,79.0,6,1,948.0
U005922,474.0,79.0,6,1,948.0
U013332,474.0,79.0,6,1,948.0
U005890,474.0,79.0,6,1,948.0
U013420,474.0,79.0,6,1,948.0
U005864,474.0,79.0,6,1,948.0
U016154,474.0,79.0,6,1,948.0
U013571,474.0,79.0,6,1,948.0
U013595,474.0,79.0,6,1,948.0
U016091,474.0,79.0,6,1,948.0
U013784,474.0,79.0,6,1,948.0
U005696,474.0,79.0,6,1,948.0
U005681,474.0,79.0,6,1,948.0
U013888,474.0,79.0,6,1,948.0
U015856,474.0,79.0,6,1,948.0
U022264,474.0,79.0,6,1,948.0
U005622,474.0,79.0,6,1,948.0
U005619,474.0,79.0,6,1,948.0
U014016,474.0,79.0,6,1,948.0
U015672,474.0,79.0,6,1,948.0
U014131,474.0,79.0,6,1,948.0
U014235,474.0,79.0,6,1,948.0
U015533,474.0,79.0,6,1,948.0
U005476,474.0,79.0,6,1,948.0
U014323,474.0,79.0,6,1,948.0
U014331,474.0,79.0,6,1,948.0
U005448,474.0,79.0,6,1,948.0
U005436,474.0,79.0,6,1,948.0
U014460,474.0,79.0,6,1,948.0
U022455,474.0,79.0,6,1,948.0
U005312,474.0,79.0,6,1,948.0
U015281,474.0,79.0,6,1,948.0
U015257,474.0,79.0,6,1,948.0
U022511,474.0,79.0,6,1,948.0
U014687,474.0,79.0,6,1,948.0
U015209,474.0,79.0,6,1,948.0
U015198,474.0,79.0,6,1,948.0
U014740,474.0,79.0,6,1,948.0
U026612,474.0,79.0,6,1,948.0
U005119,474.0,79.0,6,1,948.0
U027114,474.0,79.0,6,1,948.0
U005002,474.0,79.0,6,1,948.0
U022749,474.0,79.0,6,1,948.0
U027290,474.0,79.0,6,1,948.0
U027319,474.0,79.0,6,1,948.0
U022785,474.0,79.0,6,1,948.0
U027461,474.0,79.0,6,1,948.0
U027627,474.0,79.0,6,1,948.0
U022866,474.0,79.0,6,1,948.0
U004808,474.0,79.0,6,1,948.0
U027892,474.0,79.0,6,1,948.0
U022897,474.0,79.0,6,1,948.0
U022933,474.0,79.0,6,1,948.0
U004665,474.0,79.0,6,1,948.0
U028462,474.0,79.0,6,1,948.0
U004616,474.0,79.0,6,1,948.0
U023081,474.0,79.0,6,1,948.0
U004572,474.0,79.0,6,1,948.0
U028686,474.0,79.0,6,1,948.0
U028754,474.0,79.0,6,1,948.0
U028864,474.0,79.0,6,1,948.0
U004486,474.0,79.0,6,1,948.0
U028916,474.0,79.0,6,1,948.0
U023164,474.0,79.0,6,1,948.0
U029049,474.0,79.0,6,1,948.0
U029115,474.0,79.0,6,1,948.0
U004417,474.0,79.0,6,1,948.0
U029179,474.0,79.0,6,1,948.0
U029291,474.0,79.0,6,1,948.0
U026577,474.0,79.0,6,1,948.0
U000038,474.0,79.0,6,1,948.0
U000125,474.0,79.0,6,1,948.0
U026410,474.0,79.0,6,1,948.0
U026339,474.0,79.0,6,1,948.0
U000402,474.0,79.0,6,1,948.0
U026246,474.0,79.0,6,1,948.0
U000466,474.0,79.0,6,1,948.0
U000674,474.0,79.0,6,1,948.0
U000783,474.0,79.0,6,1,948.0
U025928,474.0,79.0,6,1,948.0
U025877,474.0,79.0,6,1,948.0
U000982,474.0,79.0,6,1,948.0
U025780,474.0,79.0,6,1,948.0
U001047,474.0,79.0,6,1,948.0
U025653,474.0,79.0,6,1,948.0
U001192,474.0,79.0,6,1,948.0
U001196,474.0,79.0,6,1,948.0
U001247,474.0,79.0,6,1,948.0
U001258,474.0,79.0,6,1,948.0
U025602,474.0,79.0,6,1,948.0
U001313,474.0,79.0,6,1,948.0
U001409,474.0,79.0,6,1,948.0
U001426,474.0,79.0,6,1,948.0
U025463,474.0,79.0,6,1,948.0
U001537,474.0,79.0,6,1,948.0
U025371,474.0,79.0,6,1,948.0
U025318,474.0,79.0,6,1,948.0
U001740,474.0,79.0,6,1,948.0
U001772,474.0,79.0,6,1,948.0
U001782,474.0,79.0,6,1,948.0
U001810,474.0,79.0,6,1,948.0
U025047,474.0,79.0,6,1,948.0
U024994,474.0,79.0,6,1,948.0
U002074,474.0,79.0,6,1,948.0
U002075,474.0,79.0,6,1,948.0
U024976,474.0,79.0,6,1,948.0
U002213,474.0,79.0,6,1,948.0
U002340,474.0,79.0,6,1,948.0
U029412,474.0,79.0,6,1,948.0
U002501,474.0,79.0,6,1,948.0
U002579,474.0,79.0,6,1,948.0
U002586,474.0,79.0,6,1,948.0
U024608,474.0,79.0,6,1,948.0
U002608,474.0,79.0,6,1,948.0
U024577,474.0,79.0,6,1,948.0
U002723,474.0,79.0,6,1,948.0
U024511,474.0,79.0,6,1,948.0
U024452,474.0,79.0,6,1,948.0
U024421,474.0,79.0,6,1,948.0
U024390,474.0,79.0,6,1,948.0
U002899,474.0,79.0,6,1,948.0
U024380,474.0,79.0,6,1,948.0
U024357,474.0,79.0,6,1,948.0
U002954,474.0,79.0,6,1,948.0
U002966,474.0,79.0,6,1,948.0
U003009,474.0,79.0,6,1,948.0
U003075,474.0,79.0,6,1,948.0
U024164,474.0,79.0,6,1,948.0
U024127,474.0,79.0,6,1,948.0
U024120,474.0,79.0,6,1,948.0
U003317,474.0,79.0,6,1,948.0
U003384,474.0,79.0,6,1,948.0
U024005,474.0,79.0,6,1,948.0
U029479,474.0,79.0,6,1,948.0
U003430,474.0,79.0,6,1,948.0
U003436,474.0,79.0,6,1,948.0
U023955,474.0,79.0,6,1,948.0
U003513,474.0,79.0,6,1,948.0
U003573,474.0,79.0,6,1,948.0
U023811,474.0,79.0,6,1,948.0
U023723,474.0,79.0,6,1,948.0
U003781,474.0,79.0,6,1,948.0
U003819,474.0,79.0,6,1,948.0
U023660,474.0,79.0,6,1,948.0
U023644,474.0,79.0,6,1,948.0
U003905,474.0,79.0,6,1,948.0
U003929,474.0,79.0,6,1,948.0
U029521,474.0,79.0,6,1,948.0
U023572,474.0,79.0,6,1,948.0
U003981,474.0,79.0,6,1,948.0
U023527,474.0,79.0,6,1,948.0
U023489,474.0,79.0,6,1,948.0
U023466,474.0,79.0,6,1,948.0
U008565,474.0,79.0,6,1,948.0
U008576,474.0,79.0,6,1,948.0
U008608,474.0,79.0,6,1,948.0
U008391,474.0,79.0,6,1,948.0
U008261,474.0,79.0,6,1,948.0
U008658,474.0,79.0,6,1,948.0
U008667,474.0,79.0,6,1,948.0
U019874,474.0,79.0,6,1,948.0
U008213,474.0,79.0,6,1,948.0
U008774,474.0,79.0,6,1,948.0
U008824,474.0,79.0,6,1,948.0
U020302,474.0,79.0,6,1,948.0
U029583,474.0,79.0,6,1,948.0
U019784,474.0,79.0,6,1,948.0
U008894,474.0,79.0,6,1,948.0
U008973,474.0,79.0,6,1,948.0
U008984,474.0,79.0,6,1,948.0
U009021,474.0,79.0,6,1,948.0
U019600,474.0,79.0,6,1,948.0
U008088,474.0,79.0,6,1,948.0
U019573,474.0,79.0,6,1,948.0
U009153,474.0,79.0,6,1,948.0
U009156,474.0,79.0,6,1,948.0
U009173,474.0,79.0,6,1,948.0
U019521,474.0,79.0,6,1,948.0
U008040,474.0,79.0,6,1,948.0
U020369,474.0,79.0,6,1,948.0
U019507,474.0,79.0,6,1,948.0
U009249,474.0,79.0,6,1,948.0
U019473,474.0,79.0,6,1,948.0
U009301,474.0,79.0,6,1,948.0
U019398,474.0,79.0,6,1,948.0
U020430,474.0,79.0,6,1,948.0
U009394,474.0,79.0,6,1,948.0
U009418,474.0,79.0,6,1,948.0
U019325,474.0,79.0,6,1,948.0
U019303,474.0,79.0,6,1,948.0
U007900,474.0,79.0,6,1,948.0
U029675,474.0,79.0,6,1,948.0
U009522,474.0,79.0,6,1,948.0
U009561,474.0,79.0,6,1,948.0
U019252,474.0,79.0,6,1,948.0
U009630,474.0,79.0,6,1,948.0
U009670,474.0,79.0,6,1,948.0
U004247,474.0,79.0,6,1,948.0
U007785,474.0,79.0,6,1,948.0
U020586,474.0,79.0,6,1,948.0
U009729,474.0,79.0,6,1,948.0
U009788,474.0,79.0,6,1,948.0
U007724,474.0,79.0,6,1,948.0
U009838,474.0,79.0,6,1,948.0
U020660,474.0,79.0,6,1,948.0
U009887,474.0,79.0,6,1,948.0
U020711,474.0,79.0,6,1,948.0
U020718,474.0,79.0,6,1,948.0
U007643,474.0,79.0,6,1,948.0
U018919,474.0,79.0,6,1,948.0
U010002,474.0,79.0,6,1,948.0
U018873,474.0,79.0,6,1,948.0
U010122,474.0,79.0,6,1,948.0
U010215,474.0,79.0,6,1,948.0
U007515,474.0,79.0,6,1,948.0
U010261,474.0,79.0,6,1,948.0
U010292,474.0,79.0,6,1,948.0
U018654,474.0,79.0,6,1,948.0
U010408,474.0,79.0,6,1,948.0
U007420,474.0,79.0,6,1,948.0
U010485,474.0,79.0,6,1,948.0
U007380,474.0,79.0,6,1,948.0
U010520,474.0,79.0,6,1,948.0
U018485,474.0,79.0,6,1,948.0
U007311,474.0,79.0,6,1,948.0
U018442,474.0,79.0,6,1,948.0
U018417,474.0,79.0,6,1,948.0
U007282,474.0,79.0,6,1,948.0
U018391,474.0,79.0,6,1,948.0
U029823,474.0,79.0,6,1,948.0
U007273,474.0,79.0,6,1,948.0
U010720,474.0,79.0,6,1,948.0
U008424,474.0,79.0,6,1,948.0
U021036,474.0,79.0,6,1,948.0
U007218,474.0,79.0,6,1,948.0
U007214,474.0,79.0,6,1,948.0
U007207,474.0,79.0,6,1,948.0
U010895,474.0,79.0,6,1,948.0
U007162,474.0,79.0,6,1,948.0
U018211,474.0,79.0,6,1,948.0
U018200,474.0,79.0,6,1,948.0
U007115,474.0,79.0,6,1,948.0
U018163,474.0,79.0,6,1,948.0
U021159,474.0,79.0,6,1,948.0
U021169,474.0,79.0,6,1,948.0
U011117,474.0,79.0,6,1,948.0
U029894,474.0,79.0,6,1,948.0
U018028,474.0,79.0,6,1,948.0
U007013,474.0,79.0,6,1,948.0
U011200,474.0,79.0,6,1,948.0
U011226,474.0,79.0,6,1,948.0
U011235,474.0,79.0,6,1,948.0
U017899,474.0,79.0,6,1,948.0
U021236,474.0,79.0,6,1,948.0
U029971,474.0,79.0,6,1,948.0
U011300,474.0,79.0,6,1,948.0
U029940,474.0,79.0,6,1,948.0
U011472,474.0,79.0,6,1,948.0
U021303,474.0,79.0,6,1,948.0
U011531,474.0,79.0,6,1,948.0
U006790,474.0,79.0,6,1,948.0
U021358,474.0,79.0,6,1,948.0
U011627,474.0,79.0,6,1,948.0
U021392,474.0,79.0,6,1,948.0
U017436,474.0,79.0,6,1,948.0
U017425,474.0,79.0,6,1,948.0
U006678,474.0,79.0,6,1,948.0
U017410,474.0,79.0,6,1,948.0
U006667,474.0,79.0,6,1,948.0
U017338,474.0,79.0,6,1,948.0
U029998,474.0,79.0,6,1,948.0
U012007,474.0,79.0,6,1,948.0
U006564,474.0,79.0,6,1,948.0
U017258,474.0,79.0,6,1,948.0
U012066,474.0,79.0,6,1,948.0
U006554,474.0,79.0,6,1,948.0
U012089,474.0,79.0,6,1,948.0
U006893,464.0,29.0,16,1,348.0
U001722,464.0,29.0,16,1,348.0
U021273,464.0,29.0,16,1,348.0
U015650,464.0,29.0,16,1,348.0
U005500,464.0,29.0,16,1,348.0
U025329,464.0,29.0,16,1,348.0
U018771,464.0,29.0,16,1,348.0
U011609,464.0,29.0,16,1,348.0
U017590,464.0,29.0,16,1,348.0
U029338,464.0,29.0,16,1,348.0
U013751,464.0,29.0,16,1,348.0
U016592,464.0,29.0,16,1,348.0
U007050,464.0,29.0,16,1,348.0
U005336,464.0,29.0,16,1,348.0
U009432,464.0,29.0,16,1,348.0
U028418,464.0,29.0,16,1,348.0
U001427,464.0,29.0,16,1,348.0
U017578,464.0,29.0,16,1,348.0
U011456,464.0,29.0,16,1,348.0
U007067,464.0,29.0,16,1,348.0
U012462,464.0,29.0,16,1,348.0
U014568,464.0,29.0,16,1,348.0
U016002,464.0,29.0,16,1,348.0
U008706,464.0,29.0,16,1,348.0
U021077,464.0,29.0,16,1,348.0
U027490,464.0,29.0,16,1,348.0
U013730,464.0,29.0,16,1,348.0
U009002,464.0,29.0,16,1,348.0
U013131,464.0,29.0,16,1,348.0
U023192,464.0,29.0,16,1,348.0
U027775,464.0,29.0,16,1,348.0
U021846,464.0,29.0,16,1,348.0
U022908,464.0,29.0,16,1,348.0
U028813,464.0,29.0,16,1,348.0
U025859,464.0,29.0,16,1,348.0
U028259,464.0,29.0,16,1,348.0
U020458,464.0,29.0,16,1,348.0
U024796,464.0,29.0,16,1,348.0
U000628,464.0,29.0,16,1,348.0
U021162,464.0,29.0,16,1,348.0
U006947,464.0,29.0,16,1,348.0
U010630,464.0,29.0,16,1,348.0
U008749,464.0,29.0,16,1,348.0
U011477,464.0,29.0,16,1,348.0
U017709,464.0,29.0,16,1,348.0
U000189,464.0,29.0,16,1,348.0
U028456,464.0,29.0,16,1,348.0
U027134,464.0,29.0,16,1,348.0
U010860,464.0,29.0,16,1,348.0
U018100,464.0,29.0,16,1,348.0
U012486,464.0,29.0,16,1,348.0
U029637,464.0,29.0,16,1,348.0
U008207,464.0,29.0,16,1,348.0
U026406,464.0,29.0,16,1,348.0
U000892,464.0,29.0,16,1,348.0
U000891,464.0,29.0,16,1,348.0
U015653,464.0,29.0,16,1,348.0
U029670,464.0,29.0,16,1,348.0
U029686,464.0,29.0,16,1,348.0
U018930,464.0,29.0,16,1,348.0
U013338,464.0,29.0,16,1,348.0
U003053,464.0,29.0,16,1,348.0
U017546,464.0,29.0,16,1,348.0
U000881,464.0,29.0,16,1,348.0
U028764,464.0,29.0,16,1,348.0
U007647,464.0,29.0,16,1,348.0
U025886,464.0,29.0,16,1,348.0
U014820,464.0,29.0,16,1,348.0
U016561,464.0,29.0,16,1,348.0
U007714,464.0,29.0,16,1,348.0
U016052,464.0,29.0,16,1,348.0
U028459,464.0,29.0,16,1,348.0
U026105,464.0,29.0,16,1,348.0
U014617,464.0,29.0,16,1,348.0
U008399,464.0,29.0,16,1,348.0
U005210,464.0,29.0,16,1,348.0
U027249,464.0,29.0,16,1,348.0
U029744,464.0,29.0,16,1,348.0
U007104,464.0,29.0,16,1,348.0
U007196,464.0,29.0,16,1,348.0
U029063,464.0,29.0,16,1,348.0
U005068,464.0,29.0,16,1,348.0
U005579,464.0,29.0,16,1,348.0
U004522,464.0,29.0,16,1,348.0
U005954,464.0,29.0,16,1,348.0
U022733,464.0,29.0,16,1,348.0
U006545,464.0,29.0,16,1,348.0
U018285,464.0,29.0,16,1,348.0
U009550,464.0,29.0,16,1,348.0
U021991,464.0,29.0,16,1,348.0
U007107,464.0,29.0,16,1,348.0
U024844,464.0,29.0,16,1,348.0
U023553,464.0,29.0,16,1,348.0
U013316,464.0,29.0,16,1,348.0
U018165,464.0,29.0,16,1,348.0
U002371,464.0,29.0,16,1,348.0
U018565,464.0,29.0,16,1,348.0
U026915,464.0,29.0,16,1,348.0
U011560,464.0,29.0,16,1,348.0
U027730,464.0,29.0,16,1,348.0
U010443,464.0,29.0,16,1,348.0
U012944,464.0,29.0,16,1,348.0
U013652,464.0,29.0,16,1,348.0
U012904,464.0,29.0,16,1,348.0
U002979,464.0,29.0,16,1,348.0
U015655,464.0,29.0,16,1,348.0
U001492,464.0,29.0,16,1,348.0
U017959,464.0,29.0,16,1,348.0
U005104,464.0,29.0,16,1,348.0
U004441,464.0,29.0,16,1,348.0
U011997,464.0,29.0,16,1,348.0
U017624,464.0,29.0,16,1,348.0
U008827,464.0,29.0,16,1,348.0
U017621,464.0,29.0,16,1,348.0
U019052,464.0,29.0,16,1,348.0
U009667,464.0,29.0,16,1,348.0
U014657,464.0,29.0,16,1,348.0
U019164,464.0,29.0,16,1,348.0
U012072,464.0,29.0,16,1,348.0
U023402,464.0,29.0,16,1,348.0
U006904,464.0,29.0,16,1,348.0
U006913,464.0,29.0,16,1,348.0
U015055,464.0,29.0,16,1,348.0
U026884,464.0,29.0,16,1,348.0
U005088,464.0,29.0,16,1,348.0
U001511,464.0,29.0,16,1,348.0
U002530,464.0,29.0,16,1,348.0
U020106,464.0,29.0,16,1,348.0
U011254,464.0,29.0,16,1,348.0
U018962,464.0,29.0,16,1,348.0
U017617,464.0,29.0,16,1,348.0
U002927,464.0,29.0,16,1,348.0
U017151,464.0,29.0,16,1,348.0
U027372,464.0,29.0,16,1,348.0
U003181,464.0,29.0,16,1,348.0
U014542,464.0,29.0,16,1,348.0
U006978,464.0,29.0,16,1,348.0
U014531,464.0,29.0,16,1,348.0
U020199,464.0,29.0,16,1,348.0
U012195,464.0,29.0,16,1,348.0
U026167,464.0,29.0,16,1,348.0
U028975,464.0,29.0,16,1,348.0
U013814,464.0,29.0,16,1,348.0
U011377,464.0,29.0,16,1,348.0
U000319,464.0,29.0,16,1,348.0
U016297,464.0,29.0,16,1,348.0
U021693,464.0,29.0,16,1,348.0
U016416,464.0,29.0,16,1,348.0
U009419,464.0,29.0,16,1,348.0
U019203,464.0,29.0,16,1,348.0
U007932,464.0,29.0,16,1,348.0
U008611,464.0,29.0,16,1,348.0
U015228,464.0,29.0,16,1,348.0
U017351,464.0,29.0,16,1,348.0
U005384,464.0,29.0,16,1,348.0
U013850,464.0,29.0,16,1,348.0
U028605,464.0,29.0,16,1,348.0
U020763,464.0,29.0,16,1,348.0
U003310,464.0,29.0,16,1,348.0
U020114,464.0,29.0,16,1,348.0
U025691,464.0,29.0,16,1,348.0
U024041,464.0,29.0,16,1,348.0
U013237,464.0,29.0,16,1,348.0
U018840,464.0,29.0,16,1,348.0
U001844,464.0,29.0,16,1,348.0
U017475,464.0,29.0,16,1,348.0
U008879,464.0,29.0,16,1,348.0
U026696,464.0,29.0,16,1,348.0
U022604,464.0,29.0,16,1,348.0
U028078,464.0,29.0,16,1,348.0
U017470,464.0,29.0,16,1,348.0
U021676,464.0,29.0,16,1,348.0
U010321,464.0,29.0,16,1,348.0
U015225,464.0,29.0,16,1,348.0
U012176,464.0,29.0,16,1,348.0
U005258,464.0,29.0,16,1,348.0
U028600,464.0,29.0,16,1,348.0
U010338,464.0,29.0,16,1,348.0
U004481,464.0,29.0,16,1,348.0
U003369,464.0,29.0,16,1,348.0
U025233,464.0,29.0,16,1,348.0
U007474,464.0,29.0,16,1,348.0
U024027,464.0,29.0,16,1,348.0
U024463,464.0,29.0,16,1,348.0
U027672,464.0,29.0,16,1,348.0
U014428,464.0,29.0,16,1,348.0
U027323,464.0,29.0,16,1,348.0
U010117,464.0,29.0,16,1,348.0
U016301,464.0,29.0,16,1,348.0
U004119,464.0,29.0,16,1,348.0
U009109,464.0,29.0,16,1,348.0
U018818,464.0,29.0,16,1,348.0
U015543,464.0,29.0,16,1,348.0
U010710,464.0,29.0,16,1,348.0
U008079,464.0,29.0,16,1,348.0
U004110,464.0,29.0,16,1,348.0
U004720,464.0,29.0,16,1,348.0
U028390,464.0,29.0,16,1,348.0
U003473,464.0,29.0,16,1,348.0
U023944,464.0,29.0,16,1,348.0
U013283,464.0,29.0,16,1,348.0
U018802,464.0,29.0,16,1,348.0
U016668,464.0,29.0,16,1,348.0
U019750,464.0,29.0,16,1,348.0
U023498,464.0,29.0,16,1,348.0
U024477,464.0,29.0,16,1,348.0
U013531,464.0,29.0,16,1,348.0
U006426,464.0,29.0,16,1,348.0
U025160,464.0,29.0,16,1,348.0
U028652,464.0,29.0,16,1,348.0
U023520,464.0,29.0,16,1,348.0
U017279,464.0,29.0,16,1,348.0
U014974,464.0,29.0,16,1,348.0
U002764,464.0,29.0,16,1,348.0
U029160,464.0,29.0,16,1,348.0
U016168,464.0,29.0,16,1,348.0
U027198,464.0,29.0,16,1,348.0
U016306,464.0,29.0,16,1,348.0
U007561,464.0,29.0,16,1,348.0
U023774,464.0,29.0,16,1,348.0
U007280,464.0,29.0,16,1,348.0
U017427,464.0,29.0,16,1,348.0
U013513,464.0,29.0,16,1,348.0
U007286,464.0,29.0,16,1,348.0
U000778,464.0,29.0,16,1,348.0
U010355,464.0,29.0,16,1,348.0
U016621,464.0,29.0,16,1,348.0
U012314,464.0,29.0,16,1,348.0
U029225,464.0,29.0,16,1,348.0
U028538,464.0,29.0,16,1,348.0
U014300,464.0,29.0,16,1,348.0
U029237,464.0,29.0,16,1,348.0
U027317,464.0,29.0,16,1,348.0
U016593,464.0,29.0,16,1,348.0
U026738,464.0,29.0,16,1,348.0
U029292,464.0,29.0,16,1,348.0
U011110,464.0,29.0,16,1,348.0
U015123,464.0,29.0,16,1,348.0
U020327,464.0,29.0,16,1,348.0
U004306,435.0,29.0,15,1,348.0
U027234,435.0,29.0,15,1,348.0
U010023,435.0,29.0,15,1,348.0
U029447,435.0,29.0,15,1,348.0
U023262,435.0,29.0,15,1,348.0
U011421,435.0,29.0,15,1,348.0
U019896,435.0,29.0,15,1,348.0
U029366,435.0,29.0,15,1,348.0
U011104,435.0,29.0,15,1,348.0
U029329,435.0,29.0,15,1,348.0
U029306,435.0,29.0,15,1,348.0
U022914,435.0,29.0,15,1,348.0
U017091,435.0,29.0,15,1,348.0
U018228,435.0,29.0,15,1,348.0
U023224,435.0,29.0,15,1,348.0
U008487,435.0,29.0,15,1,348.0
U027974,435.0,29.0,15,1,348.0
U029214,435.0,29.0,15,1,348.0
U029207,435.0,29.0,15,1,348.0
U003962,435.0,29.0,15,1,348.0
U006147,435.0,29.0,15,1,348.0
U029164,435.0,29.0,15,1,348.0
U020732,435.0,29.0,15,1,348.0
U006341,435.0,29.0,15,1,348.0
U007844,435.0,29.0,15,1,348.0
U005318,435.0,29.0,15,1,348.0
U004080,435.0,29.0,15,1,348.0
U019863,435.0,29.0,15,1,348.0
U007178,435.0,29.0,15,1,348.0
U020245,435.0,29.0,15,1,348.0
U024248,435.0,29.0,15,1,348.0
U014599,435.0,29.0,15,1,348.0
U013698,435.0,29.0,15,1,348.0
U014879,435.0,29.0,15,1,348.0
U008368,435.0,29.0,15,1,348.0
U012977,435.0,29.0,15,1,348.0
U012348,435.0,29.0,15,1,348.0
U003485,435.0,29.0,15,1,348.0
U003071,435.0,29.0,15,1,348.0
U018931,435.0,29.0,15,1,348.0
U028146,435.0,29.0,15,1,348.0
U004426,435.0,29.0,15,1,348.0
U005452,435.0,29.0,15,1,348.0
U010123,435.0,29.0,15,1,348.0
U000224,435.0,29.0,15,1,348.0
U012498,435.0,29.0,15,1,348.0
U018271,435.0,29.0,15,1,348.0
U014373,435.0,29.0,15,1,348.0
U014406,435.0,29.0,15,1,348.0
U011677,435.0,29.0,15,1,348.0
U021723,435.0,29.0,15,1,348.0
U013930,435.0,29.0,15,1,348.0
U013923,435.0,29.0,15,1,348.0
U012994,435.0,29.0,15,1,348.0
U022176,435.0,29.0,15,1,348.0
U005640,435.0,29.0,15,1,348.0
U005658,435.0,29.0,15,1,348.0
U016997,435.0,29.0,15,1,348.0
U015886,435.0,29.0,15,1,348.0
U020171,435.0,29.0,15,1,348.0
U010074,435.0,29.0,15,1,348.0
U006752,435.0,29.0,15,1,348.0
U017779,435.0,29.0,15,1,348.0
U029046,435.0,29.0,15,1,348.0
U027918,435.0,29.0,15,1,348.0
U024121,435.0,29.0,15,1,348.0
U010070,435.0,29.0,15,1,348.0
U024128,435.0,29.0,15,1,348.0
U015000,435.0,29.0,15,1,348.0
U015373,435.0,29.0,15,1,348.0
U026340,435.0,29.0,15,1,348.0
U012424,435.0,29.0,15,1,348.0
U016070,435.0,29.0,15,1,348.0
U018898,435.0,29.0,15,1,348.0
U010801,435.0,29.0,15,1,348.0
U014962,435.0,29.0,15,1,348.0
U005782,435.0,29.0,15,1,348.0
U012969,435.0,29.0,15,1,348.0
U020470,435.0,29.0,15,1,348.0
U002952,435.0,29.0,15,1,348.0
U002946,435.0,29.0,15,1,348.0
U010062,435.0,29.0,15,1,348.0
U001150,435.0,29.0,15,1,348.0
U013629,435.0,29.0,15,1,348.0
U004451,435.0,29.0,15,1,348.0
U022219,435.0,29.0,15,1,348.0
U005354,435.0,29.0,15,1,348.0
U018961,435.0,29.0,15,1,348.0
U027233,435.0,29.0,15,1,348.0
U005350,435.0,29.0,15,1,348.0
U028991,435.0,29.0,15,1,348.0
U014662,435.0,29.0,15,1,348.0
U017514,435.0,29.0,15,1,348.0
U018887,435.0,29.0,15,1,348.0
U001308,435.0,29.0,15,1,348.0
U023769,435.0,29.0,15,1,348.0
U004797,435.0,29.0,15,1,348.0
U001325,435.0,29.0,15,1,348.0
U001331,435.0,29.0,15,1,348.0
U019811,435.0,29.0,15,1,348.0
U002903,435.0,29.0,15,1,348.0
U020704,435.0,29.0,15,1,348.0
U021208,435.0,29.0,15,1,348.0
U015226,435.0,29.0,15,1,348.0
U004473,435.0,29.0,15,1,348.0
U014693,435.0,29.0,15,1,348.0
U028930,435.0,29.0,15,1,348.0
U028923,435.0,29.0,15,1,348.0
U008416,435.0,29.0,15,1,348.0
U021751,435.0,29.0,15,1,348.0
U011168,435.0,29.0,15,1,348.0
U024432,435.0,29.0,15,1,348.0
U016147,435.0,29.0,15,1,348.0
U006927,435.0,29.0,15,1,348.0
U019762,435.0,29.0,15,1,348.0
U016152,435.0,29.0,15,1,348.0
U010712,435.0,29.0,15,1,348.0
U005833,435.0,29.0,15,1,348.0
U004014,435.0,29.0,15,1,348.0
U005249,435.0,29.0,15,1,348.0
U010696,435.0,29.0,15,1,348.0
U000404,435.0,29.0,15,1,348.0
U006991,435.0,29.0,15,1,348.0
U027289,435.0,29.0,15,1,348.0
U000416,435.0,29.0,15,1,348.0
U017426,435.0,29.0,15,1,348.0
U028841,435.0,29.0,15,1,348.0
U008954,435.0,29.0,15,1,348.0
U002369,435.0,29.0,15,1,348.0
U019703,435.0,29.0,15,1,348.0
U019008,435.0,29.0,15,1,348.0
U019686,435.0,29.0,15,1,348.0
U027800,435.0,29.0,15,1,348.0
U024530,435.0,29.0,15,1,348.0
U018420,435.0,29.0,15,1,348.0
U022541,435.0,29.0,15,1,348.0
U027773,435.0,29.0,15,1,348.0
U000451,435.0,29.0,15,1,348.0
U023912,435.0,29.0,15,1,348.0
U016843,435.0,29.0,15,1,348.0
U023124,435.0,29.0,15,1,348.0
U018460,435.0,29.0,15,1,348.0
U024566,435.0,29.0,15,1,348.0
U000477,435.0,29.0,15,1,348.0
U023775,435.0,29.0,15,1,348.0
U008100,435.0,29.0,15,1,348.0
U012646,435.0,29.0,15,1,348.0
U028741,435.0,29.0,15,1,348.0
U014793,435.0,29.0,15,1,348.0
U009047,435.0,29.0,15,1,348.0
U009054,435.0,29.0,15,1,348.0
U006132,435.0,29.0,15,1,348.0
U010580,435.0,29.0,15,1,348.0
U026177,435.0,29.0,15,1,348.0
U019045,435.0,29.0,15,1,348.0
U009547,435.0,29.0,15,1,348.0
U019616,435.0,29.0,15,1,348.0
U019053,435.0,29.0,15,1,348.0
U009063,435.0,29.0,15,1,348.0
U011923,435.0,29.0,15,1,348.0
U024637,435.0,29.0,15,1,348.0
U000533,435.0,29.0,15,1,348.0
U028696,435.0,29.0,15,1,348.0
U013391,435.0,29.0,15,1,348.0
U007734,435.0,29.0,15,1,348.0
U026682,435.0,29.0,15,1,348.0
U028682,435.0,29.0,15,1,348.0
U023733,435.0,29.0,15,1,348.0
U006238,435.0,29.0,15,1,348.0
U004860,435.0,29.0,15,1,348.0
U027653,435.0,29.0,15,1,348.0
U013347,435.0,29.0,15,1,348.0
U009745,435.0,29.0,15,1,348.0
U006227,435.0,29.0,15,1,348.0
U026753,435.0,29.0,15,1,348.0
U006589,435.0,29.0,15,1,348.0
U016347,435.0,29.0,15,1,348.0
U024734,435.0,29.0,15,1,348.0
U011994,435.0,29.0,15,1,348.0
U017311,435.0,29.0,15,1,348.0
U009199,435.0,29.0,15,1,348.0
U016371,435.0,29.0,15,1,348.0
U026106,435.0,29.0,15,1,348.0
U026100,435.0,29.0,15,1,348.0
U007887,435.0,29.0,15,1,348.0
U027492,435.0,29.0,15,1,348.0
U002353,435.0,29.0,15,1,348.0
U005580,435.0,29.0,15,1,348.0
U003771,435.0,29.0,15,1,348.0
U003910,435.0,29.0,15,1,348.0
U023798,435.0,29.0,15,1,348.0
U025305,435.0,29.0,15,1,348.0
U019481,435.0,29.0,15,1,348.0
U001667,435.0,29.0,15,1,348.0
U002328,435.0,29.0,15,1,348.0
U012060,435.0,29.0,15,1,348.0
U023049,435.0,29.0,15,1,348.0
U021998,435.0,29.0,15,1,348.0
U003593,435.0,29.0,15,1,348.0
U007865,435.0,29.0,15,1,348.0
U028485,435.0,29.0,15,1,348.0
U005984,435.0,29.0,15,1,348.0
U025100,435.0,29.0,15,1,348.0
U012098,435.0,29.0,15,1,348.0
U002264,435.0,29.0,15,1,348.0
U028455,435.0,29.0,15,1,348.0
U011231,435.0,29.0,15,1,348.0
U005060,435.0,29.0,15,1,348.0
U000713,435.0,29.0,15,1,348.0
U008407,435.0,29.0,15,1,348.0
U004913,435.0,29.0,15,1,348.0
U006181,435.0,29.0,15,1,348.0
U001703,435.0,29.0,15,1,348.0
U009352,435.0,29.0,15,1,348.0
U027013,435.0,29.0,15,1,348.0
U022702,435.0,29.0,15,1,348.0
U018627,435.0,29.0,15,1,348.0
U001904,435.0,29.0,15,1,348.0
U003552,435.0,29.0,15,1,348.0
U005043,435.0,29.0,15,1,348.0
U021588,435.0,29.0,15,1,348.0
U006510,435.0,29.0,15,1,348.0
U007950,435.0,29.0,15,1,348.0
U010351,435.0,29.0,15,1,348.0
U023547,435.0,29.0,15,1,348.0
U027072,435.0,29.0,15,1,348.0
U002141,435.0,29.0,15,1,348.0
U006046,435.0,29.0,15,1,348.0
U017173,435.0,29.0,15,1,348.0
U028365,435.0,29.0,15,1,348.0
U000818,435.0,29.0,15,1,348.0
U019328,435.0,29.0,15,1,348.0
U006485,435.0,29.0,15,1,348.0
U007497,435.0,29.0,15,1,348.0
U023017,435.0,29.0,15,1,348.0
U015528,435.0,29.0,15,1,348.0
U023806,435.0,29.0,15,1,348.0
U002089,435.0,29.0,15,1,348.0
U021221,435.0,29.0,15,1,348.0
U003967,435.0,29.0,15,1,348.0
U025881,435.0,29.0,15,1,348.0
U027133,435.0,29.0,15,1,348.0
U023331,435.0,29.0,15,1,348.0
U029654,435.0,29.0,15,1,348.0
U020144,435.0,29.0,15,1,348.0
U021316,435.0,29.0,15,1,348.0
U000914,435.0,29.0,15,1,348.0
U029536,435.0,29.0,15,1,348.0
U013768,406.0,29.0,14,1,348.0
U026437,406.0,29.0,14,1,348.0
U019898,406.0,29.0,14,1,348.0
U011608,406.0,29.0,14,1,348.0
U029138,406.0,29.0,14,1,348.0
U006785,406.0,29.0,14,1,348.0
U018225,406.0,29.0,14,1,348.0
U024024,406.0,29.0,14,1,348.0
U018227,406.0,29.0,14,1,348.0
U028901,406.0,29.0,14,1,348.0
U008716,406.0,29.0,14,1,348.0
U016015,406.0,29.0,14,1,348.0
U016016,406.0,29.0,14,1,348.0
U004965,406.0,29.0,14,1,348.0
U026855,406.0,29.0,14,1,348.0
U007628,406.0,29.0,14,1,348.0
U024221,406.0,29.0,14,1,348.0
U020764,406.0,29.0,14,1,348.0
U008143,406.0,29.0,14,1,348.0
U006998,406.0,29.0,14,1,348.0
U028084,406.0,29.0,14,1,348.0
U009965,406.0,29.0,14,1,348.0
U008008,406.0,29.0,14,1,348.0
U027846,406.0,29.0,14,1,348.0
U005761,406.0,29.0,14,1,348.0
U011676,406.0,29.0,14,1,348.0
U008195,406.0,29.0,14,1,348.0
U020271,406.0,29.0,14,1,348.0
U022904,406.0,29.0,14,1,348.0
U013582,406.0,29.0,14,1,348.0
U017535,406.0,29.0,14,1,348.0
U013907,406.0,29.0,14,1,348.0
U024296,406.0,29.0,14,1,348.0
U013659,406.0,29.0,14,1,348.0
U029050,406.0,29.0,14,1,348.0
U010823,406.0,29.0,14,1,348.0
U020165,406.0,29.0,14,1,348.0
U016683,406.0,29.0,14,1,348.0
U014629,406.0,29.0,14,1,348.0
U029034,406.0,29.0,14,1,348.0
U003695,406.0,29.0,14,1,348.0
U019817,406.0,29.0,14,1,348.0
U022119,406.0,29.0,14,1,348.0
U005647,406.0,29.0,14,1,348.0
U017931,406.0,29.0,14,1,348.0
U016900,406.0,29.0,14,1,348.0
U011763,406.0,29.0,14,1,348.0
U026325,406.0,29.0,14,1,348.0
U027310,406.0,29.0,14,1,348.0
U026134,406.0,29.0,14,1,348.0
U000609,406.0,29.0,14,1,348.0
U006230,406.0,29.0,14,1,348.0
U002173,406.0,29.0,14,1,348.0
U016402,406.0,29.0,14,1,348.0
U000760,406.0,29.0,14,1,348.0
U024809,406.0,29.0,14,1,348.0
U005156,406.0,29.0,14,1,348.0
U009216,406.0,29.0,14,1,348.0
U020345,406.0,29.0,14,1,348.0
U019794,406.0,29.0,14,1,348.0
U028642,406.0,29.0,14,1,348.0
U017185,406.0,29.0,14,1,348.0
U017935,406.0,29.0,14,1,348.0
U026702,406.0,29.0,14,1,348.0
U012763,406.0,29.0,14,1,348.0
U015118,406.0,29.0,14,1,348.0
U019160,406.0,29.0,14,1,348.0
U012737,406.0,29.0,14,1,348.0
U027266,406.0,29.0,14,1,348.0
U026164,406.0,29.0,14,1,348.0
U009919,406.0,29.0,14,1,348.0
U027064,406.0,29.0,14,1,348.0
U027069,406.0,29.0,14,1,348.0
U019356,406.0,29.0,14,1,348.0
U018555,406.0,29.0,14,1,348.0
U005103,406.0,29.0,14,1,348.0
U006607,406.0,29.0,14,1,348.0
U001132,406.0,29.0,14,1,348.0
U013872,406.0,29.0,14,1,348.0
U007746,406.0,29.0,14,1,348.0
U004644,406.0,29.0,14,1,348.0
U007883,406.0,29.0,14,1,348.0
U016777,406.0,29.0,14,1,348.0
U005972,406.0,29.0,14,1,348.0
U016715,406.0,29.0,14,1,348.0
U020052,406.0,29.0,14,1,348.0
U005028,406.0,29.0,14,1,348.0
U005538,406.0,29.0,14,1,348.0
U007433,406.0,29.0,14,1,348.0
U028671,406.0,29.0,14,1,348.0
U008292,406.0,29.0,14,1,348.0
U023819,406.0,29.0,14,1,348.0
U018649,406.0,29.0,14,1,348.0
U021856,406.0,29.0,14,1,348.0
U019552,406.0,29.0,14,1,348.0
U028960,406.0,29.0,14,1,348.0
U006054,406.0,29.0,14,1,348.0
U008035,406.0,29.0,14,1,348.0
U014873,406.0,29.0,14,1,348.0
U027300,406.0,29.0,14,1,348.0
U015822,406.0,29.0,14,1,348.0
U005948,406.0,29.0,14,1,348.0
U010549,406.0,29.0,14,1,348.0
U027124,406.0,29.0,14,1,348.0
U016746,406.0,29.0,14,1,348.0
U016556,406.0,29.0,14,1,348.0
U027295,406.0,29.0,14,1,348.0
U006376,406.0,29.0,14,1,348.0
U025301,406.0,29.0,14,1,348.0
U025916,406.0,29.0,14,1,348.0
U013381,406.0,29.0,14,1,348.0
U022618,406.0,29.0,14,1,348.0
U021043,406.0,29.0,14,1,348.0
U006568,406.0,29.0,14,1,348.0
U015381,406.0,29.0,14,1,348.0
U021839,406.0,29.0,14,1,348.0
U017616,406.0,29.0,14,1,348.0
U020334,406.0,29.0,14,1,348.0
U029912,406.0,29.0,14,1,348.0
U010484,406.0,29.0,14,1,348.0
U002524,406.0,29.0,14,1,348.0
U020390,406.0,29.0,14,1,348.0
U005183,406.0,29.0,14,1,348.0
U015750,406.0,29.0,14,1,348.0
U001859,406.0,29.0,14,1,348.0
U020876,406.0,29.0,14,1,348.0
U012657,406.0,29.0,14,1,348.0
U017627,406.0,29.0,14,1,348.0
U002616,406.0,29.0,14,1,348.0
U024599,406.0,29.0,14,1,348.0
U016243,406.0,29.0,14,1,348.0
U011548,406.0,29.0,14,1,348.0
U029791,406.0,29.0,14,1,348.0
U015362,406.0,29.0,14,1,348.0
U011744,406.0,29.0,14,1,348.0
U027257,406.0,29.0,14,1,348.0
U028757,406.0,29.0,14,1,348.0
U003210,406.0,29.0,14,1,348.0
U000471,406.0,29.0,14,1,348.0
U009936,406.0,29.0,14,1,348.0
U018128,406.0,29.0,14,1,348.0
U020034,406.0,29.0,14,1,348.0
U003209,406.0,29.0,14,1,348.0
U009493,406.0,29.0,14,1,348.0
U028766,406.0,29.0,14,1,348.0
U017509,406.0,29.0,14,1,348.0
U024806,406.0,29.0,14,1,348.0
U003850,406.0,29.0,14,1,348.0
U016778,406.0,29.0,14,1,348.0
U019816,406.0,29.0,14,1,348.0
U002190,406.0,29.0,14,1,348.0
U018435,406.0,29.0,14,1,348.0
U001448,406.0,29.0,14,1,348.0
U002431,406.0,29.0,14,1,348.0
U027535,406.0,29.0,14,1,348.0
U004611,406.0,29.0,14,1,348.0
U010250,406.0,29.0,14,1,348.0
U028475,406.0,29.0,14,1,348.0
U022990,406.0,29.0,14,1,348.0
U014086,406.0,29.0,14,1,348.0
U027534,406.0,29.0,14,1,348.0
U006596,406.0,29.0,14,1,348.0
U017707,406.0,29.0,14,1,348.0
U012087,406.0,29.0,14,1,348.0
U028010,406.0,29.0,14,1,348.0
U008258,406.0,29.0,14,1,348.0
U008663,406.0,29.0,14,1,348.0
U004287,406.0,29.0,14,1,348.0
U007981,406.0,29.0,14,1,348.0
U002691,406.0,29.0,14,1,348.0
U028006,406.0,29.0,14,1,348.0
U028263,406.0,29.0,14,1,348.0
U013471,406.0,29.0,14,1,348.0
U028981,406.0,29.0,14,1,348.0
U019903,406.0,29.0,14,1,348.0
U007303,406.0,29.0,14,1,348.0
U024183,406.0,29.0,14,1,348.0
U017408,406.0,29.0,14,1,348.0
U017722,406.0,29.0,14,1,348.0
U000701,406.0,29.0,14,1,348.0
U021163,406.0,29.0,14,1,348.0
U028178,406.0,29.0,14,1,348.0
U002030,406.0,29.0,14,1,348.0
U011452,406.0,29.0,14,1,348.0
U008997,406.0,29.0,14,1,348.0
U011450,406.0,29.0,14,1,348.0
U027262,406.0,29.0,14,1,348.0
U029434,406.0,29.0,14,1,348.0
U021172,406.0,29.0,14,1,348.0
U018610,406.0,29.0,14,1,348.0
U028820,406.0,29.0,14,1,348.0
U011431,406.0,29.0,14,1,348.0
U004332,406.0,29.0,14,1,348.0
U000948,406.0,29.0,14,1,348.0
U029374,406.0,29.0,14,1,348.0
U000965,406.0,29.0,14,1,348.0
U022033,406.0,29.0,14,1,348.0
U019437,406.0,29.0,14,1,348.0
U002280,406.0,29.0,14,1,348.0
U006440,406.0,29.0,14,1,348.0
U013484,406.0,29.0,14,1,348.0
U029339,406.0,29.0,14,1,348.0
U027792,406.0,29.0,14,1,348.0
U022876,406.0,29.0,14,1,348.0
U015179,406.0,29.0,14,1,348.0
U021184,406.0,29.0,14,1,348.0
U024504,406.0,29.0,14,1,348.0
U015188,406.0,29.0,14,1,348.0
U025378,406.0,29.0,14,1,348.0
U019702,406.0,29.0,14,1,348.0
U016178,406.0,29.0,14,1,348.0
U025334,406.0,29.0,14,1,348.0
U021014,406.0,29.0,14,1,348.0
U000083,406.0,29.0,14,1,348.0
U012943,406.0,29.0,14,1,348.0
U020311,406.0,29.0,14,1,348.0
U019423,406.0,29.0,14,1,348.0
U018791,406.0,29.0,14,1,348.0
U016459,406.0,29.0,14,1,348.0
U025148,406.0,29.0,14,1,348.0
U000415,406.0,29.0,14,1,348.0
U010157,406.0,29.0,14,1,348.0
U029166,406.0,29.0,14,1,348.0
U000582,406.0,29.0,14,1,348.0
U011816,406.0,29.0,14,1,348.0
U004492,406.0,29.0,14,1,348.0
U012865,406.0,29.0,14,1,348.0
U012331,406.0,29.0,14,1,348.0
U022885,406.0,29.0,14,1,348.0
U011204,406.0,29.0,14,1,348.0
U027833,406.0,29.0,14,1,348.0
U015510,406.0,29.0,14,1,348.0
U010138,406.0,29.0,14,1,348.0
U001614,406.0,29.0,14,1,348.0
U015779,406.0,29.0,14,1,348.0
U019236,406.0,29.0,14,1,348.0
U019302,406.0,29.0,14,1,348.0
U025765,406.0,29.0,14,1,348.0
U017216,406.0,29.0,14,1,348.0
U022035,406.0,29.0,14,1,348.0
U025270,406.0,29.0,14,1,348.0
U004093,406.0,29.0,14,1,348.0
U003476,406.0,29.0,14,1,348.0
U028891,406.0,29.0,14,1,348.0
U015207,406.0,29.0,14,1,348.0
U017448,406.0,29.0,14,1,348.0
U012112,406.0,29.0,14,1,348.0
U020571,406.0,29.0,14,1,348.0
U008590,406.0,29.0,14,1,348.0
U012362,406.0,29.0,14,1,348.0
U006983,406.0,29.0,14,1,348.0
U026275,406.0,29.0,14,1,348.0
U014287,406.0,29.0,14,1,348.0
U017040,406.0,29.0,14,1,348.0
U020074,406.0,29.0,14,1,348.0
U003732,406.0,29.0,14,1,348.0
U020683,406.0,29.0,14,1,348.0
U005431,406.0,29.0,14,1,348.0
U024859,406.0,29.0,14,1,348.0
U013284,406.0,29.0,14,1,348.0
U013920,406.0,29.0,14,1,348.0
U024190,398.0,199.0,2,1,2388.0
U000175,398.0,199.0,2,1,2388.0
U003120,398.0,199.0,2,1,2388.0
U012479,398.0,199.0,2,1,2388.0
U014826,398.0,199.0,2,1,2388.0
U016037,398.0,199.0,2,1,2388.0
U000198,398.0,199.0,2,1,2388.0
U007190,398.0,199.0,2,1,2388.0
U000210,398.0,199.0,2,1,2388.0
U020275,398.0,199.0,2,1,2388.0
U026365,398.0,199.0,2,1,2388.0
U012513,398.0,199.0,2,1,2388.0
U018315,398.0,199.0,2,1,2388.0
U025579,398.0,199.0,2,1,2388.0
U016094,398.0,199.0,2,1,2388.0
U021959,398.0,199.0,2,1,2388.0
U018521,398.0,199.0,2,1,2388.0
U006128,398.0,199.0,2,1,2388.0
U028497,398.0,199.0,2,1,2388.0
U025956,398.0,199.0,2,1,2388.0
U020858,398.0,199.0,2,1,2388.0
U027447,398.0,199.0,2,1,2388.0
U027086,398.0,199.0,2,1,2388.0
U001900,398.0,199.0,2,1,2388.0
U028684,398.0,199.0,2,1,2388.0
U027105,398.0,199.0,2,1,2388.0
U011147,398.0,199.0,2,1,2388.0
U020490,398.0,199.0,2,1,2388.0
U012679,398.0,199.0,2,1,2388.0
U021239,398.0,199.0,2,1,2388.0
U029990,398.0,199.0,2,1,2388.0
U019464,398.0,199.0,2,1,2388.0
U007135,398.0,199.0,2,1,2388.0
U029868,398.0,199.0,2,1,2388.0
U006923,398.0,199.0,2,1,2388.0
U011541,398.0,199.0,2,1,2388.0
U004243,398.0,199.0,2,1,2388.0
U015159,398.0,199.0,2,1,2388.0
U023893,398.0,199.0,2,1,2388.0
U021143,398.0,199.0,2,1,2388.0
U012636,398.0,199.0,2,1,2388.0
U023909,398.0,199.0,2,1,2388.0
U003992,398.0,199.0,2,1,2388.0
U027766,398.0,199.0,2,1,2388.0
U020117,398.0,199.0,2,1,2388.0
U008107,398.0,199.0,2,1,2388.0
U003965,398.0,199.0,2,1,2388.0
U015685,398.0,199.0,2,1,2388.0
U014765,398.0,199.0,2,1,2388.0
U001820,398.0,199.0,2,1,2388.0
U006658,398.0,199.0,2,1,2388.0
U001927,398.0,199.0,2,1,2388.0
U017217,398.0,199.0,2,1,2388.0
U012875,398.0,199.0,2,1,2388.0
U025775,398.0,199.0,2,1,2388.0
U028452,398.0,199.0,2,1,2388.0
U025734,398.0,199.0,2,1,2388.0
U013852,398.0,199.0,2,1,2388.0
U000096,398.0,199.0,2,1,2388.0
U027364,398.0,199.0,2,1,2388.0
U020418,398.0,199.0,2,1,2388.0
U028227,398.0,199.0,2,1,2388.0
U025467,398.0,199.0,2,1,2388.0
U020708,398.0,199.0,2,1,2388.0
U025114,398.0,199.0,2,1,2388.0
U022529,398.0,199.0,2,1,2388.0
U015911,398.0,199.0,2,1,2388.0
U002458,398.0,199.0,2,1,2388.0
U003523,398.0,199.0,2,1,2388.0
U021759,398.0,199.0,2,1,2388.0
U006892,398.0,199.0,2,1,2388.0
U029255,398.0,199.0,2,1,2388.0
U006307,398.0,199.0,2,1,2388.0
U013810,398.0,199.0,2,1,2388.0
U018591,398.0,199.0,2,1,2388.0
U009641,398.0,199.0,2,1,2388.0
U028422,398.0,199.0,2,1,2388.0
U017198,398.0,199.0,2,1,2388.0
U016881,398.0,199.0,2,1,2388.0
U021514,398.0,199.0,2,1,2388.0
U017095,398.0,199.0,2,1,2388.0
U023751,398.0,199.0,2,1,2388.0
U019504,398.0,199.0,2,1,2388.0
U009433,398.0,199.0,2,1,2388.0
U015345,398.0,199.0,2,1,2388.0
U012338,398.0,199.0,2,1,2388.0
U007879,398.0,199.0,2,1,2388.0
U015796,398.0,199.0,2,1,2388.0
U019169,398.0,199.0,2,1,2388.0
U011092,398.0,199.0,2,1,2388.0
U011362,398.0,199.0,2,1,2388.0
U014396,398.0,199.0,2,1,2388.0
U012722,398.0,199.0,2,1,2388.0
U026115,398.0,199.0,2,1,2388.0
U018336,398.0,199.0,2,1,2388.0
U019908,398.0,199.0,2,1,2388.0
U029181,398.0,199.0,2,1,2388.0
U020435,398.0,199.0,2,1,2388.0
U007613,398.0,199.0,2,1,2388.0
U000333,398.0,199.0,2,1,2388.0
U002278,398.0,199.0,2,1,2388.0
U010031,398.0,199.0,2,1,2388.0
U004690,395.0,79.0,5,1,948.0
U015998,395.0,79.0,5,1,948.0
U000676,395.0,79.0,5,1,948.0
U023722,395.0,79.0,5,1,948.0
U005727,395.0,79.0,5,1,948.0
U015989,395.0,79.0,5,1,948.0
U019900,395.0,79.0,5,1,948.0
U022213,395.0,79.0,5,1,948.0
U011278,395.0,79.0,5,1,948.0
U003526,395.0,79.0,5,1,948.0
U029133,395.0,79.0,5,1,948.0
U015949,395.0,79.0,5,1,948.0
U017573,395.0,79.0,5,1,948.0
U015628,395.0,79.0,5,1,948.0
U023546,395.0,79.0,5,1,948.0
U013807,395.0,79.0,5,1,948.0
U013826,395.0,79.0,5,1,948.0
U013836,395.0,79.0,5,1,948.0
U015396,395.0,79.0,5,1,948.0
U020178,395.0,79.0,5,1,948.0
U024094,395.0,79.0,5,1,948.0
U026413,395.0,79.0,5,1,948.0
U021555,395.0,79.0,5,1,948.0
U003354,395.0,79.0,5,1,948.0
U024038,395.0,79.0,5,1,948.0
U015853,395.0,79.0,5,1,948.0
U020148,395.0,79.0,5,1,948.0
U014408,395.0,79.0,5,1,948.0
U026411,395.0,79.0,5,1,948.0
U024000,395.0,79.0,5,1,948.0
U017221,395.0,79.0,5,1,948.0
U005624,395.0,79.0,5,1,948.0
U003446,395.0,79.0,5,1,948.0
U020889,395.0,79.0,5,1,948.0
U003455,395.0,79.0,5,1,948.0
U015802,395.0,79.0,5,1,948.0
U015472,395.0,79.0,5,1,948.0
U023454,395.0,79.0,5,1,948.0
U015617,395.0,79.0,5,1,948.0
U028442,395.0,79.0,5,1,948.0
U013962,395.0,79.0,5,1,948.0
U006760,395.0,79.0,5,1,948.0
U029101,395.0,79.0,5,1,948.0
U003469,395.0,79.0,5,1,948.0
U022278,395.0,79.0,5,1,948.0
U023483,395.0,79.0,5,1,948.0
U005516,395.0,79.0,5,1,948.0
U003491,395.0,79.0,5,1,948.0
U014174,395.0,79.0,5,1,948.0
U015492,395.0,79.0,5,1,948.0
U014175,395.0,79.0,5,1,948.0
U029074,395.0,79.0,5,1,948.0
U003520,395.0,79.0,5,1,948.0
U026443,395.0,79.0,5,1,948.0
U026369,395.0,79.0,5,1,948.0
U029231,395.0,79.0,5,1,948.0
U029251,395.0,79.0,5,1,948.0
U017191,395.0,79.0,5,1,948.0
U000057,395.0,79.0,5,1,948.0
U029263,395.0,79.0,5,1,948.0
U000746,395.0,79.0,5,1,948.0
U010821,395.0,79.0,5,1,948.0
U026568,395.0,79.0,5,1,948.0
U025979,395.0,79.0,5,1,948.0
U008375,395.0,79.0,5,1,948.0
U018026,395.0,79.0,5,1,948.0
U004353,395.0,79.0,5,1,948.0
U011707,395.0,79.0,5,1,948.0
U003564,395.0,79.0,5,1,948.0
U011412,395.0,79.0,5,1,948.0
U011099,395.0,79.0,5,1,948.0
U017739,395.0,79.0,5,1,948.0
U018057,395.0,79.0,5,1,948.0
U018307,395.0,79.0,5,1,948.0
U018068,395.0,79.0,5,1,948.0
U011470,395.0,79.0,5,1,948.0
U011042,395.0,79.0,5,1,948.0
U004281,395.0,79.0,5,1,948.0
U029591,395.0,79.0,5,1,948.0
U000310,395.0,79.0,5,1,948.0
U004270,395.0,79.0,5,1,948.0
U028362,395.0,79.0,5,1,948.0
U029604,395.0,79.0,5,1,948.0
U018105,395.0,79.0,5,1,948.0
U007222,395.0,79.0,5,1,948.0
U017671,395.0,79.0,5,1,948.0
U021605,395.0,79.0,5,1,948.0
U023019,395.0,79.0,5,1,948.0
U011525,395.0,79.0,5,1,948.0
U026320,395.0,79.0,5,1,948.0
U018136,395.0,79.0,5,1,948.0
U007099,395.0,79.0,5,1,948.0
U028348,395.0,79.0,5,1,948.0
U029751,395.0,79.0,5,1,948.0
U000320,395.0,79.0,5,1,948.0
U004227,395.0,79.0,5,1,948.0
U018162,395.0,79.0,5,1,948.0
U029904,395.0,79.0,5,1,948.0
U006483,395.0,79.0,5,1,948.0
U000848,395.0,79.0,5,1,948.0
U007252,395.0,79.0,5,1,948.0
U006478,395.0,79.0,5,1,948.0
U010272,395.0,79.0,5,1,948.0
U020823,395.0,79.0,5,1,948.0
U011761,395.0,79.0,5,1,948.0
U021032,395.0,79.0,5,1,948.0
U010236,395.0,79.0,5,1,948.0
U011766,395.0,79.0,5,1,948.0
U004681,395.0,79.0,5,1,948.0
U010226,395.0,79.0,5,1,948.0
U021653,395.0,79.0,5,1,948.0
U000931,395.0,79.0,5,1,948.0
U000942,395.0,79.0,5,1,948.0
U017468,395.0,79.0,5,1,948.0
U025824,395.0,79.0,5,1,948.0
U028189,395.0,79.0,5,1,948.0
U000993,395.0,79.0,5,1,948.0
U018785,395.0,79.0,5,1,948.0
U001033,395.0,79.0,5,1,948.0
U011347,395.0,79.0,5,1,948.0
U014288,395.0,79.0,5,1,948.0
U021661,395.0,79.0,5,1,948.0
U011786,395.0,79.0,5,1,948.0
U018803,395.0,79.0,5,1,948.0
U006416,395.0,79.0,5,1,948.0
U007569,395.0,79.0,5,1,948.0
U026274,395.0,79.0,5,1,948.0
U028100,395.0,79.0,5,1,948.0
U001089,395.0,79.0,5,1,948.0
U028086,395.0,79.0,5,1,948.0
U023568,395.0,79.0,5,1,948.0
U000386,395.0,79.0,5,1,948.0
U007590,395.0,79.0,5,1,948.0
U012403,395.0,79.0,5,1,948.0
U011807,395.0,79.0,5,1,948.0
U006372,395.0,79.0,5,1,948.0
U021697,395.0,79.0,5,1,948.0
U012446,395.0,79.0,5,1,948.0
U010026,395.0,79.0,5,1,948.0
U007274,395.0,79.0,5,1,948.0
U010689,395.0,79.0,5,1,948.0
U006344,395.0,79.0,5,1,948.0
U020728,395.0,79.0,5,1,948.0
U009958,395.0,79.0,5,1,948.0
U027923,395.0,79.0,5,1,948.0
U012514,395.0,79.0,5,1,948.0
U015539,395.0,79.0,5,1,948.0
U025545,395.0,79.0,5,1,948.0
U012568,395.0,79.0,5,1,948.0
U016879,395.0,79.0,5,1,948.0
U014178,395.0,79.0,5,1,948.0
U025504,395.0,79.0,5,1,948.0
U009880,395.0,79.0,5,1,948.0
U006284,395.0,79.0,5,1,948.0
U015688,395.0,79.0,5,1,948.0
U001450,395.0,79.0,5,1,948.0
U026253,395.0,79.0,5,1,948.0
U006264,395.0,79.0,5,1,948.0
U025444,395.0,79.0,5,1,948.0
U009820,395.0,79.0,5,1,948.0
U012661,395.0,79.0,5,1,948.0
U019046,395.0,79.0,5,1,948.0
U027703,395.0,79.0,5,1,948.0
U019091,395.0,79.0,5,1,948.0
U006229,395.0,79.0,5,1,948.0
U004873,395.0,79.0,5,1,948.0
U021445,395.0,79.0,5,1,948.0
U017870,395.0,79.0,5,1,948.0
U001590,395.0,79.0,5,1,948.0
U028814,395.0,79.0,5,1,948.0
U011265,395.0,79.0,5,1,948.0
U004875,395.0,79.0,5,1,948.0
U012735,395.0,79.0,5,1,948.0
U014094,395.0,79.0,5,1,948.0
U006196,395.0,79.0,5,1,948.0
U025287,395.0,79.0,5,1,948.0
U014892,395.0,79.0,5,1,948.0
U027519,395.0,79.0,5,1,948.0
U006189,395.0,79.0,5,1,948.0
U003621,395.0,79.0,5,1,948.0
U000455,395.0,79.0,5,1,948.0
U017787,395.0,79.0,5,1,948.0
U027443,395.0,79.0,5,1,948.0
U027425,395.0,79.0,5,1,948.0
U012842,395.0,79.0,5,1,948.0
U025187,395.0,79.0,5,1,948.0
U025183,395.0,79.0,5,1,948.0
U011886,395.0,79.0,5,1,948.0
U025164,395.0,79.0,5,1,948.0
U022774,395.0,79.0,5,1,948.0
U027371,395.0,79.0,5,1,948.0
U012887,395.0,79.0,5,1,948.0
U012888,395.0,79.0,5,1,948.0
U019254,395.0,79.0,5,1,948.0
U019256,395.0,79.0,5,1,948.0
U007319,395.0,79.0,5,1,948.0
U020499,395.0,79.0,5,1,948.0
U023113,395.0,79.0,5,1,948.0
U001861,395.0,79.0,5,1,948.0
U001866,395.0,79.0,5,1,948.0
U027339,395.0,79.0,5,1,948.0
U006637,395.0,79.0,5,1,948.0
U028727,395.0,79.0,5,1,948.0
U027332,395.0,79.0,5,1,948.0
U001885,395.0,79.0,5,1,948.0
U001895,395.0,79.0,5,1,948.0
U018215,395.0,79.0,5,1,948.0
U021474,395.0,79.0,5,1,948.0
U009523,395.0,79.0,5,1,948.0
U007334,395.0,79.0,5,1,948.0
U004972,395.0,79.0,5,1,948.0
U004985,395.0,79.0,5,1,948.0
U012962,395.0,79.0,5,1,948.0
U016617,395.0,79.0,5,1,948.0
U011921,395.0,79.0,5,1,948.0
U014977,395.0,79.0,5,1,948.0
U022731,395.0,79.0,5,1,948.0
U001980,395.0,79.0,5,1,948.0
U020466,395.0,79.0,5,1,948.0
U013016,395.0,79.0,5,1,948.0
U017914,395.0,79.0,5,1,948.0
U027148,395.0,79.0,5,1,948.0
U015562,395.0,79.0,5,1,948.0
U024978,395.0,79.0,5,1,948.0
U002098,395.0,79.0,5,1,948.0
U009403,395.0,79.0,5,1,948.0
U002136,395.0,79.0,5,1,948.0
U002137,395.0,79.0,5,1,948.0
U018496,395.0,79.0,5,1,948.0
U027081,395.0,79.0,5,1,948.0
U020446,395.0,79.0,5,1,948.0
U024937,395.0,79.0,5,1,948.0
U013088,395.0,79.0,5,1,948.0
U027068,395.0,79.0,5,1,948.0
U026157,395.0,79.0,5,1,948.0
U022706,395.0,79.0,5,1,948.0
U002164,395.0,79.0,5,1,948.0
U006029,395.0,79.0,5,1,948.0
U006027,395.0,79.0,5,1,948.0
U019406,395.0,79.0,5,1,948.0
U026945,395.0,79.0,5,1,948.0
U018518,395.0,79.0,5,1,948.0
U023804,395.0,79.0,5,1,948.0
U026940,395.0,79.0,5,1,948.0
U026141,395.0,79.0,5,1,948.0
U016461,395.0,79.0,5,1,948.0
U024852,395.0,79.0,5,1,948.0
U018528,395.0,79.0,5,1,948.0
U000573,395.0,79.0,5,1,948.0
U013182,395.0,79.0,5,1,948.0
U019450,395.0,79.0,5,1,948.0
U024835,395.0,79.0,5,1,948.0
U005077,395.0,79.0,5,1,948.0
U010502,395.0,79.0,5,1,948.0
U026887,395.0,79.0,5,1,948.0
U026864,395.0,79.0,5,1,948.0
U003550,395.0,79.0,5,1,948.0
U000595,395.0,79.0,5,1,948.0
U026859,395.0,79.0,5,1,948.0
U019491,395.0,79.0,5,1,948.0
U026834,395.0,79.0,5,1,948.0
U020383,395.0,79.0,5,1,948.0
U013254,395.0,79.0,5,1,948.0
U016390,395.0,79.0,5,1,948.0
U026827,395.0,79.0,5,1,948.0
U009209,395.0,79.0,5,1,948.0
U026814,395.0,79.0,5,1,948.0
U021205,395.0,79.0,5,1,948.0
U015663,395.0,79.0,5,1,948.0
U013309,395.0,79.0,5,1,948.0
U016344,395.0,79.0,5,1,948.0
U024718,395.0,79.0,5,1,948.0
U009145,395.0,79.0,5,1,948.0
U016319,395.0,79.0,5,1,948.0
U016308,395.0,79.0,5,1,948.0
U020342,395.0,79.0,5,1,948.0
U010467,395.0,79.0,5,1,948.0
U022600,395.0,79.0,5,1,948.0
U024669,395.0,79.0,5,1,948.0
U024659,395.0,79.0,5,1,948.0
U008098,395.0,79.0,5,1,948.0
U002593,395.0,79.0,5,1,948.0
U014141,395.0,79.0,5,1,948.0
U016244,395.0,79.0,5,1,948.0
U015153,395.0,79.0,5,1,948.0
U005211,395.0,79.0,5,1,948.0
U002710,395.0,79.0,5,1,948.0
U022534,395.0,79.0,5,1,948.0
U008128,395.0,79.0,5,1,948.0
U019741,395.0,79.0,5,1,948.0
U020310,395.0,79.0,5,1,948.0
U007410,395.0,79.0,5,1,948.0
U024481,395.0,79.0,5,1,948.0
U002811,395.0,79.0,5,1,948.0
U013553,395.0,79.0,5,1,948.0
U012042,395.0,79.0,5,1,948.0
U002865,395.0,79.0,5,1,948.0
U014691,395.0,79.0,5,1,948.0
U008873,395.0,79.0,5,1,948.0
U000656,395.0,79.0,5,1,948.0
U014689,395.0,79.0,5,1,948.0
U024376,395.0,79.0,5,1,948.0
U008830,395.0,79.0,5,1,948.0
U024315,395.0,79.0,5,1,948.0
U015269,395.0,79.0,5,1,948.0
U028518,395.0,79.0,5,1,948.0
U021229,395.0,79.0,5,1,948.0
U005295,395.0,79.0,5,1,948.0
U008393,395.0,79.0,5,1,948.0
U019834,395.0,79.0,5,1,948.0
U005774,395.0,79.0,5,1,948.0
U022172,395.0,79.0,5,1,948.0
U016057,395.0,79.0,5,1,948.0
U008771,395.0,79.0,5,1,948.0
U008742,395.0,79.0,5,1,948.0
U015317,395.0,79.0,5,1,948.0
U008241,395.0,79.0,5,1,948.0
U011950,377.0,29.0,13,1,348.0
U000151,377.0,29.0,13,1,348.0
U023354,377.0,29.0,13,1,348.0
U028030,377.0,29.0,13,1,348.0
U008753,377.0,29.0,13,1,348.0
U011612,377.0,29.0,13,1,348.0
U013185,377.0,29.0,13,1,348.0
U028319,377.0,29.0,13,1,348.0
U029790,377.0,29.0,13,1,348.0
U016446,377.0,29.0,13,1,348.0
U017566,377.0,29.0,13,1,348.0
U007508,377.0,29.0,13,1,348.0
U022123,377.0,29.0,13,1,348.0
U029874,377.0,29.0,13,1,348.0
U010940,377.0,29.0,13,1,348.0
U009277,377.0,29.0,13,1,348.0
U003077,377.0,29.0,13,1,348.0
U004607,377.0,29.0,13,1,348.0
U021070,377.0,29.0,13,1,348.0
U025913,377.0,29.0,13,1,348.0
U007176,377.0,29.0,13,1,348.0
U000016,377.0,29.0,13,1,348.0
U014648,377.0,29.0,13,1,348.0
U025281,377.0,29.0,13,1,348.0
U002306,377.0,29.0,13,1,348.0
U029116,377.0,29.0,13,1,348.0
U005976,377.0,29.0,13,1,348.0
U019852,377.0,29.0,13,1,348.0
U005212,377.0,29.0,13,1,348.0
U022660,377.0,29.0,13,1,348.0
U009424,377.0,29.0,13,1,348.0
U019717,377.0,29.0,13,1,348.0
U006197,377.0,29.0,13,1,348.0
U016968,377.0,29.0,13,1,348.0
U017946,377.0,29.0,13,1,348.0
U000202,377.0,29.0,13,1,348.0
U023869,377.0,29.0,13,1,348.0
U013217,377.0,29.0,13,1,348.0
U000709,377.0,29.0,13,1,348.0
U015298,377.0,29.0,13,1,348.0
U001551,377.0,29.0,13,1,348.0
U006970,377.0,29.0,13,1,348.0
U006201,377.0,29.0,13,1,348.0
U006754,377.0,29.0,13,1,348.0
U009682,377.0,29.0,13,1,348.0
U006916,377.0,29.0,13,1,348.0
U016911,377.0,29.0,13,1,348.0
U023800,377.0,29.0,13,1,348.0
U016079,377.0,29.0,13,1,348.0
U016216,377.0,29.0,13,1,348.0
U003069,377.0,29.0,13,1,348.0
U009478,377.0,29.0,13,1,348.0
U016902,377.0,29.0,13,1,348.0
U006524,377.0,29.0,13,1,348.0
U027810,377.0,29.0,13,1,348.0
U015756,377.0,29.0,13,1,348.0
U006285,377.0,29.0,13,1,348.0
U022528,377.0,29.0,13,1,348.0
U026002,377.0,29.0,13,1,348.0
U002383,377.0,29.0,13,1,348.0
U016792,377.0,29.0,13,1,348.0
U001584,377.0,29.0,13,1,348.0
U006080,377.0,29.0,13,1,348.0
U016854,377.0,29.0,13,1,348.0
U002416,377.0,29.0,13,1,348.0
U025513,377.0,29.0,13,1,348.0
U002891,377.0,29.0,13,1,348.0
U019123,377.0,29.0,13,1,348.0
U024364,377.0,29.0,13,1,348.0
U025569,377.0,29.0,13,1,348.0
U020092,377.0,29.0,13,1,348.0
U013614,377.0,29.0,13,1,348.0
U019531,377.0,29.0,13,1,348.0
U004024,377.0,29.0,13,1,348.0
U016346,377.0,29.0,13,1,348.0
U007837,377.0,29.0,13,1,348.0
U025486,377.0,29.0,13,1,348.0
U012920,377.0,29.0,13,1,348.0
U007247,377.0,29.0,13,1,348.0
U025668,377.0,29.0,13,1,348.0
U028965,377.0,29.0,13,1,348.0
U007769,377.0,29.0,13,1,348.0
U002750,377.0,29.0,13,1,348.0
U007663,377.0,29.0,13,1,348.0
U024680,377.0,29.0,13,1,348.0
U007595,377.0,29.0,13,1,348.0
U025181,377.0,29.0,13,1,348.0
U020761,377.0,29.0,13,1,348.0
U013378,377.0,29.0,13,1,348.0
U003219,377.0,29.0,13,1,348.0
U008198,377.0,29.0,13,1,348.0
U004782,377.0,29.0,13,1,348.0
U009872,377.0,29.0,13,1,348.0
U016656,377.0,29.0,13,1,348.0
U001142,377.0,29.0,13,1,348.0
U020200,377.0,29.0,13,1,348.0
U008870,377.0,29.0,13,1,348.0
U026282,377.0,29.0,13,1,348.0
U005884,377.0,29.0,13,1,348.0
U001818,377.0,29.0,13,1,348.0
U021418,377.0,29.0,13,1,348.0
U006153,377.0,29.0,13,1,348.0
U011337,377.0,29.0,13,1,348.0
U018861,377.0,29.0,13,1,348.0
U002817,377.0,29.0,13,1,348.0
U011805,377.0,29.0,13,1,348.0
U024487,377.0,29.0,13,1,348.0
U007603,377.0,29.0,13,1,348.0
U019909,377.0,29.0,13,1,348.0
U028045,377.0,29.0,13,1,348.0
U022716,377.0,29.0,13,1,348.0
U016982,377.0,29.0,13,1,348.0
U008591,377.0,29.0,13,1,348.0
U018883,377.0,29.0,13,1,348.0
U015896,377.0,29.0,13,1,348.0
U003271,377.0,29.0,13,1,348.0
U017424,377.0,29.0,13,1,348.0
U019365,377.0,29.0,13,1,348.0
U003944,377.0,29.0,13,1,348.0
U023705,377.0,29.0,13,1,348.0
U014714,377.0,29.0,13,1,348.0
U005667,377.0,29.0,13,1,348.0
U013863,377.0,29.0,13,1,348.0
U027474,377.0,29.0,13,1,348.0
U027059,377.0,29.0,13,1,348.0
U002636,377.0,29.0,13,1,348.0
U019974,377.0,29.0,13,1,348.0
U028055,377.0,29.0,13,1,348.0
U006069,377.0,29.0,13,1,348.0
U020333,377.0,29.0,13,1,348.0
U018413,377.0,29.0,13,1,348.0
U025396,377.0,29.0,13,1,348.0
U001471,377.0,29.0,13,1,348.0
U002642,377.0,29.0,13,1,348.0
U010078,377.0,29.0,13,1,348.0
U004809,377.0,29.0,13,1,348.0
U008467,377.0,29.0,13,1,348.0
U019978,377.0,29.0,13,1,348.0
U020221,377.0,29.0,13,1,348.0
U015062,377.0,29.0,13,1,348.0
U005657,377.0,29.0,13,1,348.0
U003368,377.0,29.0,13,1,348.0
U015433,377.0,29.0,13,1,348.0
U014208,377.0,29.0,13,1,348.0
U014310,377.0,29.0,13,1,348.0
U013119,377.0,29.0,13,1,348.0
U011875,377.0,29.0,13,1,348.0
U020159,377.0,29.0,13,1,348.0
U010626,377.0,29.0,13,1,348.0
U024022,377.0,29.0,13,1,348.0
U025175,377.0,29.0,13,1,348.0
U000476,377.0,29.0,13,1,348.0
U009896,377.0,29.0,13,1,348.0
U024957,377.0,29.0,13,1,348.0
U006976,377.0,29.0,13,1,348.0
U015830,377.0,29.0,13,1,348.0
U004973,377.0,29.0,13,1,348.0
U009830,377.0,29.0,13,1,348.0
U025258,377.0,29.0,13,1,348.0
U027840,377.0,29.0,13,1,348.0
U003415,377.0,29.0,13,1,348.0
U026184,377.0,29.0,13,1,348.0
U021638,377.0,29.0,13,1,348.0
U023414,377.0,29.0,13,1,348.0
U015819,377.0,29.0,13,1,348.0
U023847,377.0,29.0,13,1,348.0
U013951,377.0,29.0,13,1,348.0
U025651,377.0,29.0,13,1,348.0
U022381,377.0,29.0,13,1,348.0
U023963,377.0,29.0,13,1,348.0
U003483,377.0,29.0,13,1,348.0
U006625,377.0,29.0,13,1,348.0
U028707,377.0,29.0,13,1,348.0
U005608,377.0,29.0,13,1,348.0
U011926,377.0,29.0,13,1,348.0
U028693,377.0,29.0,13,1,348.0
U004084,377.0,29.0,13,1,348.0
U005605,377.0,29.0,13,1,348.0
U024300,377.0,29.0,13,1,348.0
U010555,377.0,29.0,13,1,348.0
U001195,377.0,29.0,13,1,348.0
U017356,377.0,29.0,13,1,348.0
U016473,377.0,29.0,13,1,348.0
U014000,377.0,29.0,13,1,348.0
U004069,377.0,29.0,13,1,348.0
U023100,377.0,29.0,13,1,348.0
U016948,377.0,29.0,13,1,348.0
U003517,377.0,29.0,13,1,348.0
U016594,377.0,29.0,13,1,348.0
U002534,377.0,29.0,13,1,348.0
U015749,377.0,29.0,13,1,348.0
U007355,377.0,29.0,13,1,348.0
U009650,377.0,29.0,13,1,348.0
U025772,377.0,29.0,13,1,348.0
U029245,377.0,29.0,13,1,348.0
U005872,377.0,29.0,13,1,348.0
U008117,377.0,29.0,13,1,348.0
U000032,377.0,29.0,13,1,348.0
U005473,377.0,29.0,13,1,348.0
U022316,377.0,29.0,13,1,348.0
U029300,377.0,29.0,13,1,348.0
U006876,377.0,29.0,13,1,348.0
U009538,377.0,29.0,13,1,348.0
U029363,377.0,29.0,13,1,348.0
U002016,377.0,29.0,13,1,348.0
U028624,377.0,29.0,13,1,348.0
U021656,377.0,29.0,13,1,348.0
U016465,377.0,29.0,13,1,348.0
U021171,377.0,29.0,13,1,348.0
U001199,377.0,29.0,13,1,348.0
U027919,377.0,29.0,13,1,348.0
U017106,377.0,29.0,13,1,348.0
U013025,377.0,29.0,13,1,348.0
U009950,377.0,29.0,13,1,348.0
U023276,377.0,29.0,13,1,348.0
U024194,377.0,29.0,13,1,348.0
U017973,377.0,29.0,13,1,348.0
U018078,377.0,29.0,13,1,348.0
U023288,377.0,29.0,13,1,348.0
U021645,377.0,29.0,13,1,348.0
U021306,377.0,29.0,13,1,348.0
U009450,377.0,29.0,13,1,348.0
U012013,377.0,29.0,13,1,348.0
U029565,377.0,29.0,13,1,348.0
U004264,377.0,29.0,13,1,348.0
U005326,377.0,29.0,13,1,348.0
U006830,377.0,29.0,13,1,348.0
U025275,377.0,29.0,13,1,348.0
U026090,377.0,29.0,13,1,348.0
U006463,377.0,29.0,13,1,348.0
U021767,377.0,29.0,13,1,348.0
U001209,377.0,29.0,13,1,348.0
U026086,377.0,29.0,13,1,348.0
U027076,377.0,29.0,13,1,348.0
U006573,377.0,29.0,13,1,348.0
U016452,377.0,29.0,13,1,348.0
U012238,377.0,29.0,13,1,348.0
U027513,377.0,29.0,13,1,348.0
U028555,377.0,29.0,13,1,348.0
U028552,377.0,29.0,13,1,348.0
U021145,377.0,29.0,13,1,348.0
U018589,377.0,29.0,13,1,348.0
U023621,377.0,29.0,13,1,348.0
U011247,377.0,29.0,13,1,348.0
U029740,377.0,29.0,13,1,348.0
U006563,377.0,29.0,13,1,348.0
U029745,377.0,29.0,13,1,348.0
U025627,377.0,29.0,13,1,348.0
U027071,377.0,29.0,13,1,348.0
U018593,377.0,29.0,13,1,348.0
U018677,377.0,29.0,13,1,348.0
U002753,348.0,29.0,12,1,348.0
U027659,348.0,29.0,12,1,348.0
U026428,348.0,29.0,12,1,348.0
U015731,348.0,29.0,12,1,348.0
U009763,348.0,29.0,12,1,348.0
U004591,348.0,29.0,12,1,348.0
U011336,348.0,29.0,12,1,348.0
U000662,348.0,29.0,12,1,348.0
U008752,348.0,29.0,12,1,348.0
U019374,348.0,29.0,12,1,348.0
U008639,348.0,29.0,12,1,348.0
U011638,348.0,29.0,12,1,348.0
U000184,348.0,29.0,12,1,348.0
U026060,348.0,29.0,12,1,348.0
U012667,348.0,29.0,12,1,348.0
U006172,348.0,29.0,12,1,348.0
U014190,348.0,29.0,12,1,348.0
U017550,348.0,29.0,12,1,348.0
U018006,348.0,29.0,12,1,348.0
U005770,348.0,29.0,12,1,348.0
U019826,348.0,29.0,12,1,348.0
U018600,348.0,29.0,12,1,348.0
U029104,348.0,29.0,12,1,348.0
U011663,348.0,29.0,12,1,348.0
U010413,348.0,29.0,12,1,348.0
U017545,348.0,29.0,12,1,348.0
U026046,348.0,29.0,12,1,348.0
U000241,348.0,29.0,12,1,348.0
U012074,348.0,29.0,12,1,348.0
U009772,348.0,29.0,12,1,348.0
U019715,348.0,29.0,12,1,348.0
U029052,348.0,29.0,12,1,348.0
U000270,348.0,29.0,12,1,348.0
U014785,348.0,29.0,12,1,348.0
U000280,348.0,29.0,12,1,348.0
U009900,348.0,29.0,12,1,348.0
U007209,348.0,29.0,12,1,348.0
U010804,348.0,29.0,12,1,348.0
U003198,348.0,29.0,12,1,348.0
U002200,348.0,29.0,12,1,348.0
U025389,348.0,29.0,12,1,348.0
U020904,348.0,29.0,12,1,348.0
U029010,348.0,29.0,12,1,348.0
U022353,348.0,29.0,12,1,348.0
U018317,348.0,29.0,12,1,348.0
U023587,348.0,29.0,12,1,348.0
U011380,348.0,29.0,12,1,348.0
U014813,348.0,29.0,12,1,348.0
U025302,348.0,29.0,12,1,348.0
U014623,348.0,29.0,12,1,348.0
U002006,348.0,29.0,12,1,348.0
U028978,348.0,29.0,12,1,348.0
U019805,348.0,29.0,12,1,348.0
U006020,348.0,29.0,12,1,348.0
U001156,348.0,29.0,12,1,348.0
U026316,348.0,29.0,12,1,348.0
U006724,348.0,29.0,12,1,348.0
U023043,348.0,29.0,12,1,348.0
U008380,348.0,29.0,12,1,348.0
U027816,348.0,29.0,12,1,348.0
U001583,348.0,29.0,12,1,348.0
U006528,348.0,29.0,12,1,348.0
U025542,348.0,29.0,12,1,348.0
U008866,348.0,29.0,12,1,348.0
U002787,348.0,29.0,12,1,348.0
U025588,348.0,29.0,12,1,348.0
U014842,348.0,29.0,12,1,348.0
U027914,348.0,29.0,12,1,348.0
U017443,348.0,29.0,12,1,348.0
U026272,348.0,29.0,12,1,348.0
U018387,348.0,29.0,12,1,348.0
U025996,348.0,29.0,12,1,348.0
U025600,348.0,29.0,12,1,348.0
U014690,348.0,29.0,12,1,348.0
U015343,348.0,29.0,12,1,348.0
U001208,348.0,29.0,12,1,348.0
U028848,348.0,29.0,12,1,348.0
U005992,348.0,29.0,12,1,348.0
U003808,348.0,29.0,12,1,348.0
U018407,348.0,29.0,12,1,348.0
U022059,348.0,29.0,12,1,348.0
U025276,348.0,29.0,12,1,348.0
U021432,348.0,29.0,12,1,348.0
U011837,348.0,29.0,12,1,348.0
U023040,348.0,29.0,12,1,348.0
U005344,348.0,29.0,12,1,348.0
U016895,348.0,29.0,12,1,348.0
U024503,348.0,29.0,12,1,348.0
U006943,348.0,29.0,12,1,348.0
U025961,348.0,29.0,12,1,348.0
U007476,348.0,29.0,12,1,348.0
U021002,348.0,29.0,12,1,348.0
U017178,348.0,29.0,12,1,348.0
U009803,348.0,29.0,12,1,348.0
U024519,348.0,29.0,12,1,348.0
U000791,348.0,29.0,12,1,348.0
U020994,348.0,29.0,12,1,348.0
U027836,348.0,29.0,12,1,348.0
U021599,348.0,29.0,12,1,348.0
U013184,348.0,29.0,12,1,348.0
U028781,348.0,29.0,12,1,348.0
U018452,348.0,29.0,12,1,348.0
U000793,348.0,29.0,12,1,348.0
U022294,348.0,29.0,12,1,348.0
U018471,348.0,29.0,12,1,348.0
U005065,348.0,29.0,12,1,348.0
U023114,348.0,29.0,12,1,348.0
U026189,348.0,29.0,12,1,348.0
U009825,348.0,29.0,12,1,348.0
U024662,348.0,29.0,12,1,348.0
U028360,348.0,29.0,12,1,348.0
U001841,348.0,29.0,12,1,348.0
U017367,348.0,29.0,12,1,348.0
U011914,348.0,29.0,12,1,348.0
U009665,348.0,29.0,12,1,348.0
U014619,348.0,29.0,12,1,348.0
U000529,348.0,29.0,12,1,348.0
U004944,348.0,29.0,12,1,348.0
U025922,348.0,29.0,12,1,348.0
U001526,348.0,29.0,12,1,348.0
U011932,348.0,29.0,12,1,348.0
U002029,348.0,29.0,12,1,348.0
U012927,348.0,29.0,12,1,348.0
U028677,348.0,29.0,12,1,348.0
U008185,348.0,29.0,12,1,348.0
U005259,348.0,29.0,12,1,348.0
U019476,348.0,29.0,12,1,348.0
U020659,348.0,29.0,12,1,348.0
U022291,348.0,29.0,12,1,348.0
U024855,348.0,29.0,12,1,348.0
U016008,348.0,29.0,12,1,348.0
U003835,348.0,29.0,12,1,348.0
U010507,348.0,29.0,12,1,348.0
U013635,348.0,29.0,12,1,348.0
U001670,348.0,29.0,12,1,348.0
U020952,348.0,29.0,12,1,348.0
U001275,348.0,29.0,12,1,348.0
U014631,348.0,29.0,12,1,348.0
U011989,348.0,29.0,12,1,348.0
U003712,348.0,29.0,12,1,348.0
U024641,348.0,29.0,12,1,348.0
U025147,348.0,29.0,12,1,348.0
U003696,348.0,29.0,12,1,348.0
U012000,348.0,29.0,12,1,348.0
U021807,348.0,29.0,12,1,348.0
U001285,348.0,29.0,12,1,348.0
U024424,348.0,29.0,12,1,348.0
U003140,348.0,29.0,12,1,348.0
U019067,348.0,29.0,12,1,348.0
U027308,348.0,29.0,12,1,348.0
U001737,348.0,29.0,12,1,348.0
U010452,348.0,29.0,12,1,348.0
U005321,348.0,29.0,12,1,348.0
U003827,348.0,29.0,12,1,348.0
U009364,348.0,29.0,12,1,348.0
U000650,348.0,29.0,12,1,348.0
U006572,348.0,29.0,12,1,348.0
U009491,348.0,29.0,12,1,348.0
U002644,348.0,29.0,12,1,348.0
U001314,348.0,29.0,12,1,348.0
U002329,348.0,29.0,12,1,348.0
U009572,348.0,29.0,12,1,348.0
U011357,348.0,29.0,12,1,348.0
U004816,348.0,29.0,12,1,348.0
U008055,348.0,29.0,12,1,348.0
U005799,348.0,29.0,12,1,348.0
U022032,348.0,29.0,12,1,348.0
U020518,348.0,29.0,12,1,348.0
U024716,348.0,29.0,12,1,348.0
U006225,348.0,29.0,12,1,348.0
U027786,348.0,29.0,12,1,348.0
U026746,348.0,29.0,12,1,348.0
U008004,348.0,29.0,12,1,348.0
U013603,348.0,29.0,12,1,348.0
U026739,348.0,29.0,12,1,348.0
U013232,348.0,29.0,12,1,348.0
U027806,348.0,29.0,12,1,348.0
U013599,348.0,29.0,12,1,348.0
U002475,348.0,29.0,12,1,348.0
U019806,348.0,29.0,12,1,348.0
U016910,348.0,29.0,12,1,348.0
U010066,348.0,29.0,12,1,348.0
U008629,348.0,29.0,12,1,348.0
U025679,348.0,29.0,12,1,348.0
U015387,348.0,29.0,12,1,348.0
U003241,348.0,29.0,12,1,348.0
U023611,348.0,29.0,12,1,348.0
U014969,348.0,29.0,12,1,348.0
U014483,348.0,29.0,12,1,348.0
U008613,348.0,29.0,12,1,348.0
U025685,348.0,29.0,12,1,348.0
U006383,348.0,29.0,12,1,348.0
U005968,348.0,29.0,12,1,348.0
U020454,348.0,29.0,12,1,348.0
U015403,348.0,29.0,12,1,348.0
U009695,348.0,29.0,12,1,348.0
U003298,348.0,29.0,12,1,348.0
U013868,348.0,29.0,12,1,348.0
U025310,348.0,29.0,12,1,348.0
U022887,348.0,29.0,12,1,348.0
U015884,348.0,29.0,12,1,348.0
U022249,348.0,29.0,12,1,348.0
U018852,348.0,29.0,12,1,348.0
U008555,348.0,29.0,12,1,348.0
U012881,348.0,29.0,12,1,348.0
U007902,348.0,29.0,12,1,348.0
U017759,348.0,29.0,12,1,348.0
U010093,348.0,29.0,12,1,348.0
U002092,348.0,29.0,12,1,348.0
U021681,348.0,29.0,12,1,348.0
U014114,348.0,29.0,12,1,348.0
U017814,348.0,29.0,12,1,348.0
U015850,348.0,29.0,12,1,348.0
U008528,348.0,29.0,12,1,348.0
U005638,348.0,29.0,12,1,348.0
U001646,348.0,29.0,12,1,348.0
U010105,348.0,29.0,12,1,348.0
U023649,348.0,29.0,12,1,348.0
U005108,348.0,29.0,12,1,348.0
U009227,348.0,29.0,12,1,348.0
U018831,348.0,29.0,12,1,348.0
U007930,348.0,29.0,12,1,348.0
U016085,348.0,29.0,12,1,348.0
U001802,348.0,29.0,12,1,348.0
U013947,348.0,29.0,12,1,348.0
U022389,348.0,29.0,12,1,348.0
U022352,348.0,29.0,12,1,348.0
U009613,348.0,29.0,12,1,348.0
U027427,348.0,29.0,12,1,348.0
U013968,348.0,29.0,12,1,348.0
U012355,348.0,29.0,12,1,348.0
U022383,348.0,29.0,12,1,348.0
U009410,348.0,29.0,12,1,348.0
U009847,348.0,29.0,12,1,348.0
U008838,348.0,29.0,12,1,348.0
U001049,348.0,29.0,12,1,348.0
U001046,348.0,29.0,12,1,348.0
U005123,348.0,29.0,12,1,348.0
U004086,348.0,29.0,12,1,348.0
U024766,348.0,29.0,12,1,348.0
U027107,348.0,29.0,12,1,348.0
U003494,348.0,29.0,12,1,348.0
U002380,348.0,29.0,12,1,348.0
U003495,348.0,29.0,12,1,348.0
U023493,348.0,29.0,12,1,348.0
U023935,348.0,29.0,12,1,348.0
U017805,348.0,29.0,12,1,348.0
U018795,348.0,29.0,12,1,348.0
U028160,348.0,29.0,12,1,348.0
U029198,348.0,29.0,12,1,348.0
U000112,348.0,29.0,12,1,348.0
U000111,348.0,29.0,12,1,348.0
U021855,348.0,29.0,12,1,348.0
U010173,348.0,29.0,12,1,348.0
U025806,348.0,29.0,12,1,348.0
U026524,348.0,29.0,12,1,348.0
U026536,348.0,29.0,12,1,348.0
U022829,348.0,29.0,12,1,348.0
U013279,348.0,29.0,12,1,348.0
U011113,348.0,29.0,12,1,348.0
U014956,348.0,29.0,12,1,348.0
U010929,348.0,29.0,12,1,348.0
U011109,348.0,29.0,12,1,348.0
U009490,348.0,29.0,12,1,348.0
U005950,348.0,29.0,12,1,348.0
U001951,348.0,29.0,12,1,348.0
U007037,348.0,29.0,12,1,348.0
U017101,348.0,29.0,12,1,348.0
U000935,348.0,29.0,12,1,348.0
U012279,348.0,29.0,12,1,348.0
U025853,348.0,29.0,12,1,348.0
U021291,348.0,29.0,12,1,348.0
U005554,348.0,29.0,12,1,348.0
U017726,348.0,29.0,12,1,348.0
U010214,348.0,29.0,12,1,348.0
U011059,348.0,29.0,12,1,348.0
U018072,348.0,29.0,12,1,348.0
U023285,348.0,29.0,12,1,348.0
U020401,348.0,29.0,12,1,348.0
U029511,348.0,29.0,12,1,348.0
U012909,348.0,29.0,12,1,348.0
U024756,348.0,29.0,12,1,348.0
U028273,348.0,29.0,12,1,348.0
U023306,348.0,29.0,12,1,348.0
U018094,348.0,29.0,12,1,348.0
U021956,348.0,29.0,12,1,348.0
U011497,348.0,29.0,12,1,348.0
U029620,348.0,29.0,12,1,348.0
U024534,348.0,29.0,12,1,348.0
U004258,348.0,29.0,12,1,348.0
U018111,348.0,29.0,12,1,348.0
U014194,348.0,29.0,12,1,348.0
U023328,348.0,29.0,12,1,348.0
U013296,348.0,29.0,12,1,348.0
U012762,348.0,29.0,12,1,348.0
U018130,348.0,29.0,12,1,348.0
U017965,348.0,29.0,12,1,348.0
U014728,348.0,29.0,12,1,348.0
U027782,348.0,29.0,12,1,348.0
U026773,348.0,29.0,12,1,348.0
U029772,348.0,29.0,12,1,348.0
U013479,348.0,29.0,12,1,348.0
U000849,348.0,29.0,12,1,348.0
U004659,348.0,29.0,12,1,348.0
U012973,348.0,29.0,12,1,348.0
U029810,348.0,29.0,12,1,348.0
U021614,348.0,29.0,12,1,348.0
U029879,348.0,29.0,12,1,348.0
U004657,348.0,29.0,12,1,348.0
U010287,348.0,29.0,12,1,348.0
U004185,348.0,29.0,12,1,348.0
U017614,348.0,29.0,12,1,348.0
U029942,348.0,29.0,12,1,348.0
U013308,348.0,29.0,12,1,348.0
U017607,348.0,29.0,12,1,348.0
U014902,348.0,29.0,12,1,348.0
U027223,319.0,29.0,11,1,348.0
U007829,319.0,29.0,11,1,348.0
U018997,319.0,29.0,11,1,348.0
U001959,319.0,29.0,11,1,348.0
U024997,319.0,29.0,11,1,348.0
U012632,319.0,29.0,11,1,348.0
U002745,319.0,29.0,11,1,348.0
U012704,319.0,29.0,11,1,348.0
U015242,319.0,29.0,11,1,348.0
U024827,319.0,29.0,11,1,348.0
U024708,319.0,29.0,11,1,348.0
U002330,319.0,29.0,11,1,348.0
U015658,319.0,29.0,11,1,348.0
U015023,319.0,29.0,11,1,348.0
U021386,319.0,29.0,11,1,348.0
U007906,319.0,29.0,11,1,348.0
U009926,319.0,29.0,11,1,348.0
U015204,319.0,29.0,11,1,348.0
U006950,319.0,29.0,11,1,348.0
U005596,319.0,29.0,11,1,348.0
U014532,319.0,29.0,11,1,348.0
U005467,319.0,29.0,11,1,348.0
U014833,319.0,29.0,11,1,348.0
U005361,319.0,29.0,11,1,348.0
U023177,319.0,29.0,11,1,348.0
U024142,319.0,29.0,11,1,348.0
U015377,319.0,29.0,11,1,348.0
U008632,319.0,29.0,11,1,348.0
U018329,319.0,29.0,11,1,348.0
U014502,319.0,29.0,11,1,348.0
U003903,319.0,29.0,11,1,348.0
U011733,319.0,29.0,11,1,348.0
U020192,319.0,29.0,11,1,348.0
U003230,319.0,29.0,11,1,348.0
U013236,319.0,29.0,11,1,348.0
U008115,319.0,29.0,11,1,348.0
U019734,319.0,29.0,11,1,348.0
U006248,319.0,29.0,11,1,348.0
U008911,319.0,29.0,11,1,348.0
U025307,319.0,29.0,11,1,348.0
U028957,319.0,29.0,11,1,348.0
U009485,319.0,29.0,11,1,348.0
U011768,319.0,29.0,11,1,348.0
U028922,319.0,29.0,11,1,348.0
U010723,319.0,29.0,11,1,348.0
U022369,319.0,29.0,11,1,348.0
U008154,319.0,29.0,11,1,348.0
U010075,319.0,29.0,11,1,348.0
U011240,319.0,29.0,11,1,348.0
U001136,319.0,29.0,11,1,348.0
U011790,319.0,29.0,11,1,348.0
U008412,319.0,29.0,11,1,348.0
U014930,319.0,29.0,11,1,348.0
U002336,319.0,29.0,11,1,348.0
U009692,319.0,29.0,11,1,348.0
U016403,319.0,29.0,11,1,348.0
U011266,319.0,29.0,11,1,348.0
U026239,319.0,29.0,11,1,348.0
U013319,319.0,29.0,11,1,348.0
U006684,319.0,29.0,11,1,348.0
U013767,319.0,29.0,11,1,348.0
U020698,319.0,29.0,11,1,348.0
U024541,319.0,29.0,11,1,348.0
U018409,319.0,29.0,11,1,348.0
U028823,319.0,29.0,11,1,348.0
U015408,319.0,29.0,11,1,348.0
U011353,319.0,29.0,11,1,348.0
U026222,319.0,29.0,11,1,348.0
U023580,319.0,29.0,11,1,348.0
U028819,319.0,29.0,11,1,348.0
U004504,319.0,29.0,11,1,348.0
U020031,319.0,29.0,11,1,348.0
U019983,319.0,29.0,11,1,348.0
U024054,319.0,29.0,11,1,348.0
U026220,319.0,29.0,11,1,348.0
U001813,319.0,29.0,11,1,348.0
U011871,319.0,29.0,11,1,348.0
U003358,319.0,29.0,11,1,348.0
U022896,319.0,29.0,11,1,348.0
U001125,319.0,29.0,11,1,348.0
U026217,319.0,29.0,11,1,348.0
U008244,319.0,29.0,11,1,348.0
U013511,319.0,29.0,11,1,348.0
U018463,319.0,29.0,11,1,348.0
U003724,319.0,29.0,11,1,348.0
U017012,319.0,29.0,11,1,348.0
U010098,319.0,29.0,11,1,348.0
U010099,319.0,29.0,11,1,348.0
U010586,319.0,29.0,11,1,348.0
U006640,319.0,29.0,11,1,348.0
U023674,319.0,29.0,11,1,348.0
U001103,319.0,29.0,11,1,348.0
U023786,319.0,29.0,11,1,348.0
U019654,319.0,29.0,11,1,348.0
U008094,319.0,29.0,11,1,348.0
U004533,319.0,29.0,11,1,348.0
U022405,319.0,29.0,11,1,348.0
U024020,319.0,29.0,11,1,348.0
U006620,319.0,29.0,11,1,348.0
U005731,319.0,29.0,11,1,348.0
U002235,319.0,29.0,11,1,348.0
U001949,319.0,29.0,11,1,348.0
U017887,319.0,29.0,11,1,348.0
U021674,319.0,29.0,11,1,348.0
U016003,319.0,29.0,11,1,348.0
U008350,319.0,29.0,11,1,348.0
U006195,319.0,29.0,11,1,348.0
U025721,319.0,29.0,11,1,348.0
U013945,319.0,29.0,11,1,348.0
U025123,319.0,29.0,11,1,348.0
U004566,319.0,29.0,11,1,348.0
U016946,319.0,29.0,11,1,348.0
U015813,319.0,29.0,11,1,348.0
U008108,319.0,29.0,11,1,348.0
U022385,319.0,29.0,11,1,348.0
U010496,319.0,29.0,11,1,348.0
U019745,319.0,29.0,11,1,348.0
U005026,319.0,29.0,11,1,348.0
U008885,319.0,29.0,11,1,348.0
U003461,319.0,29.0,11,1,348.0
U028613,319.0,29.0,11,1,348.0
U022384,319.0,29.0,11,1,348.0
U021240,319.0,29.0,11,1,348.0
U014579,319.0,29.0,11,1,348.0
U028854,319.0,29.0,11,1,348.0
U026900,319.0,29.0,11,1,348.0
U000632,319.0,29.0,11,1,348.0
U022092,319.0,29.0,11,1,348.0
U014354,319.0,29.0,11,1,348.0
U016380,319.0,29.0,11,1,348.0
U005893,319.0,29.0,11,1,348.0
U020917,319.0,29.0,11,1,348.0
U022380,319.0,29.0,11,1,348.0
U026050,319.0,29.0,11,1,348.0
U020912,319.0,29.0,11,1,348.0
U017864,319.0,29.0,11,1,348.0
U012079,319.0,29.0,11,1,348.0
U027826,319.0,29.0,11,1,348.0
U001227,319.0,29.0,11,1,348.0
U013060,319.0,29.0,11,1,348.0
U010394,319.0,29.0,11,1,348.0
U007441,319.0,29.0,11,1,348.0
U002602,319.0,29.0,11,1,348.0
U014005,319.0,29.0,11,1,348.0
U017059,319.0,29.0,11,1,348.0
U012106,319.0,29.0,11,1,348.0
U003934,319.0,29.0,11,1,348.0
U007992,319.0,29.0,11,1,348.0
U001235,319.0,29.0,11,1,348.0
U022149,319.0,29.0,11,1,348.0
U010148,319.0,29.0,11,1,348.0
U006430,319.0,29.0,11,1,348.0
U002111,319.0,29.0,11,1,348.0
U004401,319.0,29.0,11,1,348.0
U000139,319.0,29.0,11,1,348.0
U027949,319.0,29.0,11,1,348.0
U015138,319.0,29.0,11,1,348.0
U026451,319.0,29.0,11,1,348.0
U000121,319.0,29.0,11,1,348.0
U007463,319.0,29.0,11,1,348.0
U000115,319.0,29.0,11,1,348.0
U012123,319.0,29.0,11,1,348.0
U028434,319.0,29.0,11,1,348.0
U026492,319.0,29.0,11,1,348.0
U015602,319.0,29.0,11,1,348.0
U022080,319.0,29.0,11,1,348.0
U005197,319.0,29.0,11,1,348.0
U012572,319.0,29.0,11,1,348.0
U028419,319.0,29.0,11,1,348.0
U004842,319.0,29.0,11,1,348.0
U012141,319.0,29.0,11,1,348.0
U003631,319.0,29.0,11,1,348.0
U020859,319.0,29.0,11,1,348.0
U005199,319.0,29.0,11,1,348.0
U027271,319.0,29.0,11,1,348.0
U000794,319.0,29.0,11,1,348.0
U010176,319.0,29.0,11,1,348.0
U001402,319.0,29.0,11,1,348.0
U006438,319.0,29.0,11,1,348.0
U007492,319.0,29.0,11,1,348.0
U011317,319.0,29.0,11,1,348.0
U020441,319.0,29.0,11,1,348.0
U011417,319.0,29.0,11,1,348.0
U009380,319.0,29.0,11,1,348.0
U022141,319.0,29.0,11,1,348.0
U003020,319.0,29.0,11,1,348.0
U001742,319.0,29.0,11,1,348.0
U025438,319.0,29.0,11,1,348.0
U003569,319.0,29.0,11,1,348.0
U006034,319.0,29.0,11,1,348.0
U004323,319.0,29.0,11,1,348.0
U021289,319.0,29.0,11,1,348.0
U016497,319.0,29.0,11,1,348.0
U021997,319.0,29.0,11,1,348.0
U023892,319.0,29.0,11,1,348.0
U019632,319.0,29.0,11,1,348.0
U016624,319.0,29.0,11,1,348.0
U005772,319.0,29.0,11,1,348.0
U002212,319.0,29.0,11,1,348.0
U021871,319.0,29.0,11,1,348.0
U023638,319.0,29.0,11,1,348.0
U028240,319.0,29.0,11,1,348.0
U009852,319.0,29.0,11,1,348.0
U029482,319.0,29.0,11,1,348.0
U004692,319.0,29.0,11,1,348.0
U026997,319.0,29.0,11,1,348.0
U026992,319.0,29.0,11,1,348.0
U004688,319.0,29.0,11,1,348.0
U020498,319.0,29.0,11,1,348.0
U004300,319.0,29.0,11,1,348.0
U020680,319.0,29.0,11,1,348.0
U018084,319.0,29.0,11,1,348.0
U026975,319.0,29.0,11,1,348.0
U024470,319.0,29.0,11,1,348.0
U028265,319.0,29.0,11,1,348.0
U019343,319.0,29.0,11,1,348.0
U007803,319.0,29.0,11,1,348.0
U013472,319.0,29.0,11,1,348.0
U022296,319.0,29.0,11,1,348.0
U029555,319.0,29.0,11,1,348.0
U005946,319.0,29.0,11,1,348.0
U020279,319.0,29.0,11,1,348.0
U005776,319.0,29.0,11,1,348.0
U018702,319.0,29.0,11,1,348.0
U013079,319.0,29.0,11,1,348.0
U007840,319.0,29.0,11,1,348.0
U017695,319.0,29.0,11,1,348.0
U002677,319.0,29.0,11,1,348.0
U017694,319.0,29.0,11,1,348.0
U026792,319.0,29.0,11,1,348.0
U029614,319.0,29.0,11,1,348.0
U029616,319.0,29.0,11,1,348.0
U016753,319.0,29.0,11,1,348.0
U016756,319.0,29.0,11,1,348.0
U003596,319.0,29.0,11,1,348.0
U017846,319.0,29.0,11,1,348.0
U018695,319.0,29.0,11,1,348.0
U008428,319.0,29.0,11,1,348.0
U014270,319.0,29.0,11,1,348.0
U013187,319.0,29.0,11,1,348.0
U002711,319.0,29.0,11,1,348.0
U025035,319.0,29.0,11,1,348.0
U013649,319.0,29.0,11,1,348.0
U006822,319.0,29.0,11,1,348.0
U010259,319.0,29.0,11,1,348.0
U005497,319.0,29.0,11,1,348.0
U010987,319.0,29.0,11,1,348.0
U009527,319.0,29.0,11,1,348.0
U005797,319.0,29.0,11,1,348.0
U009940,319.0,29.0,11,1,348.0
U004664,319.0,29.0,11,1,348.0
U016221,319.0,29.0,11,1,348.0
U006997,319.0,29.0,11,1,348.0
U018146,319.0,29.0,11,1,348.0
U005936,319.0,29.0,11,1,348.0
U007105,319.0,29.0,11,1,348.0
U009500,319.0,29.0,11,1,348.0
U020067,319.0,29.0,11,1,348.0
U023913,319.0,29.0,11,1,348.0
U005276,319.0,29.0,11,1,348.0
U009183,319.0,29.0,11,1,348.0
U011135,319.0,29.0,11,1,348.0
U009385,319.0,29.0,11,1,348.0
U029125,319.0,29.0,11,1,348.0
U024701,319.0,29.0,11,1,348.0
U012217,319.0,29.0,11,1,348.0
U003213,319.0,29.0,11,1,348.0
U017625,319.0,29.0,11,1,348.0
U016358,319.0,29.0,11,1,348.0
U029876,319.0,29.0,11,1,348.0
U014315,319.0,29.0,11,1,348.0
U029891,319.0,29.0,11,1,348.0
U005920,319.0,29.0,11,1,348.0
U004192,319.0,29.0,11,1,348.0
U029906,319.0,29.0,11,1,348.0
U007179,319.0,29.0,11,1,348.0
U024724,319.0,29.0,11,1,348.0
U015053,319.0,29.0,11,1,348.0
U021066,319.0,29.0,11,1,348.0
U018254,319.0,29.0,11,1,348.0
U027558,319.0,29.0,11,1,348.0
U013804,319.0,29.0,11,1,348.0
U026383,319.0,29.0,11,1,348.0
U018844,319.0,29.0,11,1,348.0
U007291,316.0,79.0,4,1,948.0
U021440,316.0,79.0,4,1,948.0
U014032,316.0,79.0,4,1,948.0
U018414,316.0,79.0,4,1,948.0
U010647,316.0,79.0,4,1,948.0
U008288,316.0,79.0,4,1,948.0
U014037,316.0,79.0,4,1,948.0
U023543,316.0,79.0,4,1,948.0
U028719,316.0,79.0,4,1,948.0
U028715,316.0,79.0,4,1,948.0
U008564,316.0,79.0,4,1,948.0
U000524,316.0,79.0,4,1,948.0
U022945,316.0,79.0,4,1,948.0
U021486,316.0,79.0,4,1,948.0
U018505,316.0,79.0,4,1,948.0
U007351,316.0,79.0,4,1,948.0
U007357,316.0,79.0,4,1,948.0
U028635,316.0,79.0,4,1,948.0
U020950,316.0,79.0,4,1,948.0
U028621,316.0,79.0,4,1,948.0
U018553,316.0,79.0,4,1,948.0
U021258,316.0,79.0,4,1,948.0
U017303,316.0,79.0,4,1,948.0
U015517,316.0,79.0,4,1,948.0
U013889,316.0,79.0,4,1,948.0
U010466,316.0,79.0,4,1,948.0
U017286,316.0,79.0,4,1,948.0
U012038,316.0,79.0,4,1,948.0
U013893,316.0,79.0,4,1,948.0
U010436,316.0,79.0,4,1,948.0
U010431,316.0,79.0,4,1,948.0
U010422,316.0,79.0,4,1,948.0
U000687,316.0,79.0,4,1,948.0
U012080,316.0,79.0,4,1,948.0
U007005,316.0,79.0,4,1,948.0
U010387,316.0,79.0,4,1,948.0
U026031,316.0,79.0,4,1,948.0
U017204,316.0,79.0,4,1,948.0
U026010,316.0,79.0,4,1,948.0
U008534,316.0,79.0,4,1,948.0
U008533,316.0,79.0,4,1,948.0
U012128,316.0,79.0,4,1,948.0
U007469,316.0,79.0,4,1,948.0
U010365,316.0,79.0,4,1,948.0
U004642,316.0,79.0,4,1,948.0
U028368,316.0,79.0,4,1,948.0
U015728,316.0,79.0,4,1,948.0
U007489,316.0,79.0,4,1,948.0
U010314,316.0,79.0,4,1,948.0
U018656,316.0,79.0,4,1,948.0
U005416,316.0,79.0,4,1,948.0
U007945,316.0,79.0,4,1,948.0
U022708,316.0,79.0,4,1,948.0
U006165,316.0,79.0,4,1,948.0
U002160,316.0,79.0,4,1,948.0
U019284,316.0,79.0,4,1,948.0
U009371,316.0,79.0,4,1,948.0
U019257,316.0,79.0,4,1,948.0
U010114,316.0,79.0,4,1,948.0
U007579,316.0,79.0,4,1,948.0
U002175,316.0,79.0,4,1,948.0
U020434,316.0,79.0,4,1,948.0
U027031,316.0,79.0,4,1,948.0
U002197,316.0,79.0,4,1,948.0
U006028,316.0,79.0,4,1,948.0
U027015,316.0,79.0,4,1,948.0
U027006,316.0,79.0,4,1,948.0
U021210,316.0,79.0,4,1,948.0
U002222,316.0,79.0,4,1,948.0
U004408,316.0,79.0,4,1,948.0
U002243,316.0,79.0,4,1,948.0
U013147,316.0,79.0,4,1,948.0
U023985,316.0,79.0,4,1,948.0
U003867,316.0,79.0,4,1,948.0
U019403,316.0,79.0,4,1,948.0
U002261,316.0,79.0,4,1,948.0
U021859,316.0,79.0,4,1,948.0
U023708,316.0,79.0,4,1,948.0
U002265,316.0,79.0,4,1,948.0
U026942,316.0,79.0,4,1,948.0
U012791,316.0,79.0,4,1,948.0
U026927,316.0,79.0,4,1,948.0
U028108,316.0,79.0,4,1,948.0
U007973,316.0,79.0,4,1,948.0
U010120,316.0,79.0,4,1,948.0
U021881,316.0,79.0,4,1,948.0
U023974,316.0,79.0,4,1,948.0
U001850,316.0,79.0,4,1,948.0
U022666,316.0,79.0,4,1,948.0
U012761,316.0,79.0,4,1,948.0
U008012,316.0,79.0,4,1,948.0
U026854,316.0,79.0,4,1,948.0
U018813,316.0,79.0,4,1,948.0
U002362,316.0,79.0,4,1,948.0
U025074,316.0,79.0,4,1,948.0
U028144,316.0,79.0,4,1,948.0
U003662,316.0,79.0,4,1,948.0
U017053,316.0,79.0,4,1,948.0
U008020,316.0,79.0,4,1,948.0
U009214,316.0,79.0,4,1,948.0
U022826,316.0,79.0,4,1,948.0
U002107,316.0,79.0,4,1,948.0
U004970,316.0,79.0,4,1,948.0
U017828,316.0,79.0,4,1,948.0
U007781,316.0,79.0,4,1,948.0
U016368,316.0,79.0,4,1,948.0
U022308,316.0,79.0,4,1,948.0
U008046,316.0,79.0,4,1,948.0
U002399,316.0,79.0,4,1,948.0
U019518,316.0,79.0,4,1,948.0
U009569,316.0,79.0,4,1,948.0
U021945,316.0,79.0,4,1,948.0
U002402,316.0,79.0,4,1,948.0
U023655,316.0,79.0,4,1,948.0
U022024,316.0,79.0,4,1,948.0
U001582,316.0,79.0,4,1,948.0
U024729,316.0,79.0,4,1,948.0
U003666,316.0,79.0,4,1,948.0
U002775,316.0,79.0,4,1,948.0
U024715,316.0,79.0,4,1,948.0
U019118,316.0,79.0,4,1,948.0
U014017,316.0,79.0,4,1,948.0
U009141,316.0,79.0,4,1,948.0
U026745,316.0,79.0,4,1,948.0
U014093,316.0,79.0,4,1,948.0
U022040,316.0,79.0,4,1,948.0
U027652,316.0,79.0,4,1,948.0
U019300,316.0,79.0,4,1,948.0
U029162,316.0,79.0,4,1,948.0
U012687,316.0,79.0,4,1,948.0
U025777,316.0,79.0,4,1,948.0
U022848,316.0,79.0,4,1,948.0
U009784,316.0,79.0,4,1,948.0
U020636,316.0,79.0,4,1,948.0
U024683,316.0,79.0,4,1,948.0
U007559,316.0,79.0,4,1,948.0
U009101,316.0,79.0,4,1,948.0
U022849,316.0,79.0,4,1,948.0
U026472,316.0,79.0,4,1,948.0
U020788,316.0,79.0,4,1,948.0
U027096,316.0,79.0,4,1,948.0
U026658,316.0,79.0,4,1,948.0
U022315,316.0,79.0,4,1,948.0
U002545,316.0,79.0,4,1,948.0
U026627,316.0,79.0,4,1,948.0
U024618,316.0,79.0,4,1,948.0
U026594,316.0,79.0,4,1,948.0
U002599,316.0,79.0,4,1,948.0
U025434,316.0,79.0,4,1,948.0
U012651,316.0,79.0,4,1,948.0
U026545,316.0,79.0,4,1,948.0
U018022,316.0,79.0,4,1,948.0
U012304,316.0,79.0,4,1,948.0
U019200,316.0,79.0,4,1,948.0
U029974,316.0,79.0,4,1,948.0
U014917,316.0,79.0,4,1,948.0
U009618,316.0,79.0,4,1,948.0
U009834,316.0,79.0,4,1,948.0
U022076,316.0,79.0,4,1,948.0
U014971,316.0,79.0,4,1,948.0
U022726,316.0,79.0,4,1,948.0
U013491,316.0,79.0,4,1,948.0
U008979,316.0,79.0,4,1,948.0
U025491,316.0,79.0,4,1,948.0
U000979,316.0,79.0,4,1,948.0
U012604,316.0,79.0,4,1,948.0
U012290,316.0,79.0,4,1,948.0
U018999,316.0,79.0,4,1,948.0
U023876,316.0,79.0,4,1,948.0
U006872,316.0,79.0,4,1,948.0
U027389,316.0,79.0,4,1,948.0
U005246,316.0,79.0,4,1,948.0
U007549,316.0,79.0,4,1,948.0
U020807,316.0,79.0,4,1,948.0
U016874,316.0,79.0,4,1,948.0
U001996,316.0,79.0,4,1,948.0
U023254,316.0,79.0,4,1,948.0
U024473,316.0,79.0,4,1,948.0
U014222,316.0,79.0,4,1,948.0
U012280,316.0,79.0,4,1,948.0
U018048,316.0,79.0,4,1,948.0
U011182,316.0,79.0,4,1,948.0
U014711,316.0,79.0,4,1,948.0
U029428,316.0,79.0,4,1,948.0
U016148,316.0,79.0,4,1,948.0
U022109,316.0,79.0,4,1,948.0
U009902,316.0,79.0,4,1,948.0
U019783,316.0,79.0,4,1,948.0
U022112,316.0,79.0,4,1,948.0
U018064,316.0,79.0,4,1,948.0
U008884,316.0,79.0,4,1,948.0
U004804,316.0,79.0,4,1,948.0
U023274,316.0,79.0,4,1,948.0
U022347,316.0,79.0,4,1,948.0
U015641,316.0,79.0,4,1,948.0
U009447,316.0,79.0,4,1,948.0
U007670,316.0,79.0,4,1,948.0
U013011,316.0,79.0,4,1,948.0
U009917,316.0,79.0,4,1,948.0
U016118,316.0,79.0,4,1,948.0
U029491,316.0,79.0,4,1,948.0
U018493,316.0,79.0,4,1,948.0
U024382,316.0,79.0,4,1,948.0
U018966,316.0,79.0,4,1,948.0
U024374,316.0,79.0,4,1,948.0
U022513,316.0,79.0,4,1,948.0
U023768,316.0,79.0,4,1,948.0
U025584,316.0,79.0,4,1,948.0
U028253,316.0,79.0,4,1,948.0
U022152,316.0,79.0,4,1,948.0
U012519,316.0,79.0,4,1,948.0
U017877,316.0,79.0,4,1,948.0
U024332,316.0,79.0,4,1,948.0
U029529,316.0,79.0,4,1,948.0
U012518,316.0,79.0,4,1,948.0
U005781,316.0,79.0,4,1,948.0
U020280,316.0,79.0,4,1,948.0
U005777,316.0,79.0,4,1,948.0
U013671,316.0,79.0,4,1,948.0
U012507,316.0,79.0,4,1,948.0
U016047,316.0,79.0,4,1,948.0
U018916,316.0,79.0,4,1,948.0
U011487,316.0,79.0,4,1,948.0
U006337,316.0,79.0,4,1,948.0
U008743,316.0,79.0,4,1,948.0
U025631,316.0,79.0,4,1,948.0
U013721,316.0,79.0,4,1,948.0
U003126,316.0,79.0,4,1,948.0
U015635,316.0,79.0,4,1,948.0
U014117,316.0,79.0,4,1,948.0
U008703,316.0,79.0,4,1,948.0
U019893,316.0,79.0,4,1,948.0
U014182,316.0,79.0,4,1,948.0
U013750,316.0,79.0,4,1,948.0
U004764,316.0,79.0,4,1,948.0
U022777,316.0,79.0,4,1,948.0
U017684,316.0,79.0,4,1,948.0
U017679,316.0,79.0,4,1,948.0
U024640,316.0,79.0,4,1,948.0
U015991,316.0,79.0,4,1,948.0
U027282,316.0,79.0,4,1,948.0
U025655,316.0,79.0,4,1,948.0
U015984,316.0,79.0,4,1,948.0
U023678,316.0,79.0,4,1,948.0
U017674,316.0,79.0,4,1,948.0
U010037,316.0,79.0,4,1,948.0
U025664,316.0,79.0,4,1,948.0
U029663,316.0,79.0,4,1,948.0
U025870,316.0,79.0,4,1,948.0
U015341,316.0,79.0,4,1,948.0
U024163,316.0,79.0,4,1,948.0
U013789,316.0,79.0,4,1,948.0
U012433,316.0,79.0,4,1,948.0
U014525,316.0,79.0,4,1,948.0
U022449,316.0,79.0,4,1,948.0
U001152,316.0,79.0,4,1,948.0
U017662,316.0,79.0,4,1,948.0
U007161,316.0,79.0,4,1,948.0
U011533,316.0,79.0,4,1,948.0
U006786,316.0,79.0,4,1,948.0
U017572,316.0,79.0,4,1,948.0
U029129,316.0,79.0,4,1,948.0
U011635,316.0,79.0,4,1,948.0
U022440,316.0,79.0,4,1,948.0
U011667,316.0,79.0,4,1,948.0
U014503,316.0,79.0,4,1,948.0
U029761,316.0,79.0,4,1,948.0
U018279,316.0,79.0,4,1,948.0
U007200,316.0,79.0,4,1,948.0
U029773,316.0,79.0,4,1,948.0
U026368,316.0,79.0,4,1,948.0
U003229,316.0,79.0,4,1,948.0
U016628,316.0,79.0,4,1,948.0
U021056,316.0,79.0,4,1,948.0
U026334,316.0,79.0,4,1,948.0
U021136,316.0,79.0,4,1,948.0
U017519,316.0,79.0,4,1,948.0
U007217,316.0,79.0,4,1,948.0
U029806,316.0,79.0,4,1,948.0
U028993,316.0,79.0,4,1,948.0
U029829,316.0,79.0,4,1,948.0
U029830,316.0,79.0,4,1,948.0
U021050,316.0,79.0,4,1,948.0
U010757,316.0,79.0,4,1,948.0
U024124,316.0,79.0,4,1,948.0
U010284,316.0,79.0,4,1,948.0
U010751,316.0,79.0,4,1,948.0
U017493,316.0,79.0,4,1,948.0
U023155,316.0,79.0,4,1,948.0
U021128,316.0,79.0,4,1,948.0
U003252,316.0,79.0,4,1,948.0
U000334,316.0,79.0,4,1,948.0
U000344,316.0,79.0,4,1,948.0
U023148,316.0,79.0,4,1,948.0
U011576,316.0,79.0,4,1,948.0
U028918,316.0,79.0,4,1,948.0
U010291,316.0,79.0,4,1,948.0
U008609,316.0,79.0,4,1,948.0
U007017,316.0,79.0,4,1,948.0
U008598,316.0,79.0,4,1,948.0
U011784,316.0,79.0,4,1,948.0
U011788,316.0,79.0,4,1,948.0
U017612,316.0,79.0,4,1,948.0
U018184,316.0,79.0,4,1,948.0
U018393,316.0,79.0,4,1,948.0
U000395,316.0,79.0,4,1,948.0
U028866,316.0,79.0,4,1,948.0
U018664,316.0,79.0,4,1,948.0
U019211,290.0,29.0,10,1,348.0
U009434,290.0,29.0,10,1,348.0
U013526,290.0,29.0,10,1,348.0
U011367,290.0,29.0,10,1,348.0
U002156,290.0,29.0,10,1,348.0
U027469,290.0,29.0,10,1,348.0
U003982,290.0,29.0,10,1,348.0
U012504,290.0,29.0,10,1,348.0
U018652,290.0,29.0,10,1,348.0
U012183,290.0,29.0,10,1,348.0
U023989,290.0,29.0,10,1,348.0
U025596,290.0,29.0,10,1,348.0
U000808,290.0,29.0,10,1,348.0
U025982,290.0,29.0,10,1,348.0
U013942,290.0,29.0,10,1,348.0
U021567,290.0,29.0,10,1,348.0
U022391,290.0,29.0,10,1,348.0
U009873,290.0,29.0,10,1,348.0
U028437,290.0,29.0,10,1,348.0
U015090,290.0,29.0,10,1,348.0
U003988,290.0,29.0,10,1,348.0
U006537,290.0,29.0,10,1,348.0
U022905,290.0,29.0,10,1,348.0
U005757,290.0,29.0,10,1,348.0
U020891,290.0,29.0,10,1,348.0
U017227,290.0,29.0,10,1,348.0
U023046,290.0,29.0,10,1,348.0
U003456,290.0,29.0,10,1,348.0
U023449,290.0,29.0,10,1,348.0
U012083,290.0,29.0,10,1,348.0
U018602,290.0,29.0,10,1,348.0
U019854,290.0,29.0,10,1,348.0
U016828,290.0,29.0,10,1,348.0
U017045,290.0,29.0,10,1,348.0
U012838,290.0,29.0,10,1,348.0
U004604,290.0,29.0,10,1,348.0
U023455,290.0,29.0,10,1,348.0
U004600,290.0,29.0,10,1,348.0
U012052,290.0,29.0,10,1,348.0
U001071,290.0,29.0,10,1,348.0
U019121,290.0,29.0,10,1,348.0
U016937,290.0,29.0,10,1,348.0
U014302,290.0,29.0,10,1,348.0
U028118,290.0,29.0,10,1,348.0
U008460,290.0,29.0,10,1,348.0
U016145,290.0,29.0,10,1,348.0
U004586,290.0,29.0,10,1,348.0
U024439,290.0,29.0,10,1,348.0
U014363,290.0,29.0,10,1,348.0
U012353,290.0,29.0,10,1,348.0
U027159,290.0,29.0,10,1,348.0
U013979,290.0,29.0,10,1,348.0
U027117,290.0,29.0,10,1,348.0
U015306,290.0,29.0,10,1,348.0
U022476,290.0,29.0,10,1,348.0
U020238,290.0,29.0,10,1,348.0
U008225,290.0,29.0,10,1,348.0
U018569,290.0,29.0,10,1,348.0
U026102,290.0,29.0,10,1,348.0
U007702,290.0,29.0,10,1,348.0
U022355,290.0,29.0,10,1,348.0
U012469,290.0,29.0,10,1,348.0
U027202,290.0,29.0,10,1,348.0
U023072,290.0,29.0,10,1,348.0
U019776,290.0,29.0,10,1,348.0
U028598,290.0,29.0,10,1,348.0
U016142,290.0,29.0,10,1,348.0
U005585,290.0,29.0,10,1,348.0
U001043,290.0,29.0,10,1,348.0
U021515,290.0,29.0,10,1,348.0
U005742,290.0,29.0,10,1,348.0
U027976,290.0,29.0,10,1,348.0
U007381,290.0,29.0,10,1,348.0
U018549,290.0,29.0,10,1,348.0
U008231,290.0,29.0,10,1,348.0
U028628,290.0,29.0,10,1,348.0
U015498,290.0,29.0,10,1,348.0
U014043,290.0,29.0,10,1,348.0
U003159,290.0,29.0,10,1,348.0
U001422,290.0,29.0,10,1,348.0
U003514,290.0,29.0,10,1,348.0
U028657,290.0,29.0,10,1,348.0
U003515,290.0,29.0,10,1,348.0
U004067,290.0,29.0,10,1,348.0
U021707,290.0,29.0,10,1,348.0
U028669,290.0,29.0,10,1,348.0
U021493,290.0,29.0,10,1,348.0
U012837,290.0,29.0,10,1,348.0
U010147,290.0,29.0,10,1,348.0
U014308,290.0,29.0,10,1,348.0
U010554,290.0,29.0,10,1,348.0
U028718,290.0,29.0,10,1,348.0
U016654,290.0,29.0,10,1,348.0
U008917,290.0,29.0,10,1,348.0
U007329,290.0,29.0,10,1,348.0
U010588,290.0,29.0,10,1,348.0
U010604,290.0,29.0,10,1,348.0
U014036,290.0,29.0,10,1,348.0
U026614,290.0,29.0,10,1,348.0
U000134,290.0,29.0,10,1,348.0
U018794,290.0,29.0,10,1,348.0
U022588,290.0,29.0,10,1,348.0
U012670,290.0,29.0,10,1,348.0
U029194,290.0,29.0,10,1,348.0
U014564,290.0,29.0,10,1,348.0
U013570,290.0,29.0,10,1,348.0
U029205,290.0,29.0,10,1,348.0
U026654,290.0,29.0,10,1,348.0
U007692,290.0,29.0,10,1,348.0
U022200,290.0,29.0,10,1,348.0
U001023,290.0,29.0,10,1,348.0
U000105,290.0,29.0,10,1,348.0
U021001,290.0,29.0,10,1,348.0
U001001,290.0,29.0,10,1,348.0
U013573,290.0,29.0,10,1,348.0
U013387,290.0,29.0,10,1,348.0
U015329,290.0,29.0,10,1,348.0
U000995,290.0,29.0,10,1,348.0
U026501,290.0,29.0,10,1,348.0
U014877,290.0,29.0,10,1,348.0
U023221,290.0,29.0,10,1,348.0
U013763,290.0,29.0,10,1,348.0
U021004,290.0,29.0,10,1,348.0
U006937,290.0,29.0,10,1,348.0
U011839,290.0,29.0,10,1,348.0
U026231,290.0,29.0,10,1,348.0
U013066,290.0,29.0,10,1,348.0
U002125,290.0,29.0,10,1,348.0
U029269,290.0,29.0,10,1,348.0
U014951,290.0,29.0,10,1,348.0
U020753,290.0,29.0,10,1,348.0
U003832,290.0,29.0,10,1,348.0
U022457,290.0,29.0,10,1,348.0
U000436,290.0,29.0,10,1,348.0
U014551,290.0,29.0,10,1,348.0
U021778,290.0,29.0,10,1,348.0
U010045,290.0,29.0,10,1,348.0
U012302,290.0,29.0,10,1,348.0
U024537,290.0,29.0,10,1,348.0
U028849,290.0,29.0,10,1,348.0
U011400,290.0,29.0,10,1,348.0
U006697,290.0,29.0,10,1,348.0
U000399,290.0,29.0,10,1,348.0
U010175,290.0,29.0,10,1,348.0
U015085,290.0,29.0,10,1,348.0
U004759,290.0,29.0,10,1,348.0
U028905,290.0,29.0,10,1,348.0
U003584,290.0,29.0,10,1,348.0
U017094,290.0,29.0,10,1,348.0
U004474,290.0,29.0,10,1,348.0
U028204,290.0,29.0,10,1,348.0
U000339,290.0,29.0,10,1,348.0
U020542,290.0,29.0,10,1,348.0
U000325,290.0,29.0,10,1,348.0
U006729,290.0,29.0,10,1,348.0
U018040,290.0,29.0,10,1,348.0
U008929,290.0,29.0,10,1,348.0
U018981,290.0,29.0,10,1,348.0
U000311,290.0,29.0,10,1,348.0
U003715,290.0,29.0,10,1,348.0
U029367,290.0,29.0,10,1,348.0
U007213,290.0,29.0,10,1,348.0
U024539,290.0,29.0,10,1,348.0
U029018,290.0,29.0,10,1,348.0
U029062,290.0,29.0,10,1,348.0
U017543,290.0,29.0,10,1,348.0
U015944,290.0,29.0,10,1,348.0
U023258,290.0,29.0,10,1,348.0
U000200,290.0,29.0,10,1,348.0
U019072,290.0,29.0,10,1,348.0
U003955,290.0,29.0,10,1,348.0
U006367,290.0,29.0,10,1,348.0
U027083,290.0,29.0,10,1,348.0
U019918,290.0,29.0,10,1,348.0
U013462,290.0,29.0,10,1,348.0
U028229,290.0,29.0,10,1,348.0
U018256,290.0,29.0,10,1,348.0
U023264,290.0,29.0,10,1,348.0
U001361,290.0,29.0,10,1,348.0
U008645,290.0,29.0,10,1,348.0
U006043,290.0,29.0,10,1,348.0
U000196,290.0,29.0,10,1,348.0
U011062,290.0,29.0,10,1,348.0
U006369,290.0,29.0,10,1,348.0
U000191,290.0,29.0,10,1,348.0
U016974,290.0,29.0,10,1,348.0
U021370,290.0,29.0,10,1,348.0
U007173,290.0,29.0,10,1,348.0
U010886,290.0,29.0,10,1,348.0
U003525,290.0,29.0,10,1,348.0
U016527,290.0,29.0,10,1,348.0
U022050,290.0,29.0,10,1,348.0
U005837,290.0,29.0,10,1,348.0
U015930,290.0,29.0,10,1,348.0
U014741,290.0,29.0,10,1,348.0
U027183,290.0,29.0,10,1,348.0
U004951,290.0,29.0,10,1,348.0
U004309,290.0,29.0,10,1,348.0
U022728,290.0,29.0,10,1,348.0
U002510,290.0,29.0,10,1,348.0
U020703,290.0,29.0,10,1,348.0
U008081,290.0,29.0,10,1,348.0
U025394,290.0,29.0,10,1,348.0
U016120,290.0,29.0,10,1,348.0
U001549,290.0,29.0,10,1,348.0
U026718,290.0,29.0,10,1,348.0
U016119,290.0,29.0,10,1,348.0
U026722,290.0,29.0,10,1,348.0
U009126,290.0,29.0,10,1,348.0
U010227,290.0,29.0,10,1,348.0
U023300,290.0,29.0,10,1,348.0
U003235,290.0,29.0,10,1,348.0
U002473,290.0,29.0,10,1,348.0
U025382,290.0,29.0,10,1,348.0
U025861,290.0,29.0,10,1,348.0
U020190,290.0,29.0,10,1,348.0
U024548,290.0,29.0,10,1,348.0
U029544,290.0,29.0,10,1,348.0
U008275,290.0,29.0,10,1,348.0
U012255,290.0,29.0,10,1,348.0
U021310,290.0,29.0,10,1,348.0
U026741,290.0,29.0,10,1,348.0
U014995,290.0,29.0,10,1,348.0
U029558,290.0,29.0,10,1,348.0
U025241,290.0,29.0,10,1,348.0
U027872,290.0,29.0,10,1,348.0
U022036,290.0,29.0,10,1,348.0
U012631,290.0,29.0,10,1,348.0
U009739,290.0,29.0,10,1,348.0
U007072,290.0,29.0,10,1,348.0
U002440,290.0,29.0,10,1,348.0
U019540,290.0,29.0,10,1,348.0
U016225,290.0,29.0,10,1,348.0
U015015,290.0,29.0,10,1,348.0
U009721,290.0,29.0,10,1,348.0
U011202,290.0,29.0,10,1,348.0
U025453,290.0,29.0,10,1,348.0
U029609,290.0,29.0,10,1,348.0
U003269,290.0,29.0,10,1,348.0
U027340,290.0,29.0,10,1,348.0
U019641,290.0,29.0,10,1,348.0
U021199,290.0,29.0,10,1,348.0
U027895,290.0,29.0,10,1,348.0
U005932,290.0,29.0,10,1,348.0
U008840,290.0,29.0,10,1,348.0
U012249,290.0,29.0,10,1,348.0
U008585,290.0,29.0,10,1,348.0
U012716,290.0,29.0,10,1,348.0
U029642,290.0,29.0,10,1,348.0
U009471,290.0,29.0,10,1,348.0
U026785,290.0,29.0,10,1,348.0
U001598,290.0,29.0,10,1,348.0
U005245,290.0,29.0,10,1,348.0
U009703,290.0,29.0,10,1,348.0
U021863,290.0,29.0,10,1,348.0
U002381,290.0,29.0,10,1,348.0
U004742,290.0,29.0,10,1,348.0
U001608,290.0,29.0,10,1,348.0
U021763,290.0,29.0,10,1,348.0
U008027,290.0,29.0,10,1,348.0
U029673,290.0,29.0,10,1,348.0
U016908,290.0,29.0,10,1,348.0
U009701,290.0,29.0,10,1,348.0
U000885,290.0,29.0,10,1,348.0
U020717,290.0,29.0,10,1,348.0
U018681,290.0,29.0,10,1,348.0
U020579,290.0,29.0,10,1,348.0
U025129,290.0,29.0,10,1,348.0
U027572,290.0,29.0,10,1,348.0
U025449,290.0,29.0,10,1,348.0
U019353,290.0,29.0,10,1,348.0
U014168,290.0,29.0,10,1,348.0
U005660,290.0,29.0,10,1,348.0
U012398,290.0,29.0,10,1,348.0
U019156,290.0,29.0,10,1,348.0
U009251,290.0,29.0,10,1,348.0
U002310,290.0,29.0,10,1,348.0
U005979,290.0,29.0,10,1,348.0
U004901,290.0,29.0,10,1,348.0
U024068,290.0,29.0,10,1,348.0
U022674,290.0,29.0,10,1,348.0
U013886,290.0,29.0,10,1,348.0
U004235,290.0,29.0,10,1,348.0
U003331,290.0,29.0,10,1,348.0
U009273,290.0,29.0,10,1,348.0
U024335,290.0,29.0,10,1,348.0
U022676,290.0,29.0,10,1,348.0
U002646,290.0,29.0,10,1,348.0
U009452,290.0,29.0,10,1,348.0
U006268,290.0,29.0,10,1,348.0
U024843,290.0,29.0,10,1,348.0
U021993,290.0,29.0,10,1,348.0
U020492,290.0,29.0,10,1,348.0
U022259,290.0,29.0,10,1,348.0
U020055,290.0,29.0,10,1,348.0
U023370,290.0,29.0,10,1,348.0
U019301,290.0,29.0,10,1,348.0
U017639,290.0,29.0,10,1,348.0
U004215,290.0,29.0,10,1,348.0
U012218,290.0,29.0,10,1,348.0
U022805,290.0,29.0,10,1,348.0
U020005,290.0,29.0,10,1,348.0
U017634,290.0,29.0,10,1,348.0
U026931,290.0,29.0,10,1,348.0
U021986,290.0,29.0,10,1,348.0
U016246,290.0,29.0,10,1,348.0
U017904,290.0,29.0,10,1,348.0
U027355,290.0,29.0,10,1,348.0
U004658,290.0,29.0,10,1,348.0
U010096,290.0,29.0,10,1,348.0
U027354,290.0,29.0,10,1,348.0
U008806,290.0,29.0,10,1,348.0
U002631,290.0,29.0,10,1,348.0
U012963,290.0,29.0,10,1,348.0
U026947,290.0,29.0,10,1,348.0
U017618,290.0,29.0,10,1,348.0
U001744,290.0,29.0,10,1,348.0
U013913,290.0,29.0,10,1,348.0
U001693,290.0,29.0,10,1,348.0
U003598,290.0,29.0,10,1,348.0
U023008,290.0,29.0,10,1,348.0
U018669,290.0,29.0,10,1,348.0
U007918,290.0,29.0,10,1,348.0
U017021,290.0,29.0,10,1,348.0
U009644,290.0,29.0,10,1,348.0
U007919,290.0,29.0,10,1,348.0
U022300,290.0,29.0,10,1,348.0
U022898,290.0,29.0,10,1,348.0
U009643,290.0,29.0,10,1,348.0
U004177,290.0,29.0,10,1,348.0
U001478,290.0,29.0,10,1,348.0
U002207,290.0,29.0,10,1,348.0
U012811,290.0,29.0,10,1,348.0
U013107,290.0,29.0,10,1,348.0
U029988,290.0,29.0,10,1,348.0
U029989,290.0,29.0,10,1,348.0
U004652,290.0,29.0,10,1,348.0
U010923,290.0,29.0,10,1,348.0
U002161,290.0,29.0,10,1,348.0
U002892,290.0,29.0,10,1,348.0
U001144,261.0,29.0,9,1,348.0
U001139,261.0,29.0,9,1,348.0
U001135,261.0,29.0,9,1,348.0
U028063,261.0,29.0,9,1,348.0
U004737,261.0,29.0,9,1,348.0
U004732,261.0,29.0,9,1,348.0
U001058,261.0,29.0,9,1,348.0
U001048,261.0,29.0,9,1,348.0
U025773,261.0,29.0,9,1,348.0
U028169,261.0,29.0,9,1,348.0
U025778,261.0,29.0,9,1,348.0
U028176,261.0,29.0,9,1,348.0
U025792,261.0,29.0,9,1,348.0
U000924,261.0,29.0,9,1,348.0
U028297,261.0,29.0,9,1,348.0
U000845,261.0,29.0,9,1,348.0
U000840,261.0,29.0,9,1,348.0
U000799,261.0,29.0,9,1,348.0
U025987,261.0,29.0,9,1,348.0
U023038,261.0,29.0,9,1,348.0
U004623,261.0,29.0,9,1,348.0
U000727,261.0,29.0,9,1,348.0
U000706,261.0,29.0,9,1,348.0
U026079,261.0,29.0,9,1,348.0
U000618,261.0,29.0,9,1,348.0
U028589,261.0,29.0,9,1,348.0
U028632,261.0,29.0,9,1,348.0
U000538,261.0,29.0,9,1,348.0
U026192,261.0,29.0,9,1,348.0
U023120,261.0,29.0,9,1,348.0
U026210,261.0,29.0,9,1,348.0
U004502,261.0,29.0,9,1,348.0
U000446,261.0,29.0,9,1,348.0
U000426,261.0,29.0,9,1,348.0
U007014,261.0,29.0,9,1,348.0
U028867,261.0,29.0,9,1,348.0
U006888,261.0,29.0,9,1,348.0
U000327,261.0,29.0,9,1,348.0
U004459,261.0,29.0,9,1,348.0
U000316,261.0,29.0,9,1,348.0
U029013,261.0,29.0,9,1,348.0
U000297,261.0,29.0,9,1,348.0
U000294,261.0,29.0,9,1,348.0
U000266,261.0,29.0,9,1,348.0
U026397,261.0,29.0,9,1,348.0
U000180,261.0,29.0,9,1,348.0
U021354,261.0,29.0,9,1,348.0
U017580,261.0,29.0,9,1,348.0
U017567,261.0,29.0,9,1,348.0
U011644,261.0,29.0,9,1,348.0
U007193,261.0,29.0,9,1,348.0
U029163,261.0,29.0,9,1,348.0
U011712,261.0,29.0,9,1,348.0
U023204,261.0,29.0,9,1,348.0
U006742,261.0,29.0,9,1,348.0
U010788,261.0,29.0,9,1,348.0
U007023,261.0,29.0,9,1,348.0
U021044,261.0,29.0,9,1,348.0
U007260,261.0,29.0,9,1,348.0
U018389,261.0,29.0,9,1,348.0
U029193,261.0,29.0,9,1,348.0
U018394,261.0,29.0,9,1,348.0
U017418,261.0,29.0,9,1,348.0
U007306,261.0,29.0,9,1,348.0
U017394,261.0,29.0,9,1,348.0
U006651,261.0,29.0,9,1,348.0
U021467,261.0,29.0,9,1,348.0
U018467,261.0,29.0,9,1,348.0
U011908,261.0,29.0,9,1,348.0
U011919,261.0,29.0,9,1,348.0
U007341,261.0,29.0,9,1,348.0
U010532,261.0,29.0,9,1,348.0
U018517,261.0,29.0,9,1,348.0
U017328,261.0,29.0,9,1,348.0
U007358,261.0,29.0,9,1,348.0
U010495,261.0,29.0,9,1,348.0
U007392,261.0,29.0,9,1,348.0
U006577,261.0,29.0,9,1,348.0
U017300,261.0,29.0,9,1,348.0
U012027,261.0,29.0,9,1,348.0
U029248,261.0,29.0,9,1,348.0
U020934,261.0,29.0,9,1,348.0
U017271,261.0,29.0,9,1,348.0
U010405,261.0,29.0,9,1,348.0
U008374,261.0,29.0,9,1,348.0
U010388,261.0,29.0,9,1,348.0
U006532,261.0,29.0,9,1,348.0
U018629,261.0,29.0,9,1,348.0
U007472,261.0,29.0,9,1,348.0
U000042,261.0,29.0,9,1,348.0
U006509,261.0,29.0,9,1,348.0
U018634,261.0,29.0,9,1,348.0
U006497,261.0,29.0,9,1,348.0
U010322,261.0,29.0,9,1,348.0
U026548,261.0,29.0,9,1,348.0
U010309,261.0,29.0,9,1,348.0
U010294,261.0,29.0,9,1,348.0
U012219,261.0,29.0,9,1,348.0
U018687,261.0,29.0,9,1,348.0
U017771,261.0,29.0,9,1,348.0
U007027,261.0,29.0,9,1,348.0
U017126,261.0,29.0,9,1,348.0
U006459,261.0,29.0,9,1,348.0
U017118,261.0,29.0,9,1,348.0
U021271,261.0,29.0,9,1,348.0
U010210,261.0,29.0,9,1,348.0
U006443,261.0,29.0,9,1,348.0
U012308,261.0,29.0,9,1,348.0
U006881,261.0,29.0,9,1,348.0
U017082,261.0,29.0,9,1,348.0
U008418,261.0,29.0,9,1,348.0
U018798,261.0,29.0,9,1,348.0
U012366,261.0,29.0,9,1,348.0
U007583,261.0,29.0,9,1,348.0
U012387,261.0,29.0,9,1,348.0
U012431,261.0,29.0,9,1,348.0
U021699,261.0,29.0,9,1,348.0
U012453,261.0,29.0,9,1,348.0
U012456,261.0,29.0,9,1,348.0
U021709,261.0,29.0,9,1,348.0
U006336,261.0,29.0,9,1,348.0
U009949,261.0,29.0,9,1,348.0
U012530,261.0,29.0,9,1,348.0
U006320,261.0,29.0,9,1,348.0
U018996,261.0,29.0,9,1,348.0
U006292,261.0,29.0,9,1,348.0
U012625,261.0,29.0,9,1,348.0
U016846,261.0,29.0,9,1,348.0
U012635,261.0,29.0,9,1,348.0
U007754,261.0,29.0,9,1,348.0
U009749,261.0,29.0,9,1,348.0
U012739,261.0,29.0,9,1,348.0
U012744,261.0,29.0,9,1,348.0
U021828,261.0,29.0,9,1,348.0
U019155,261.0,29.0,9,1,348.0
U007797,261.0,29.0,9,1,348.0
U009673,261.0,29.0,9,1,348.0
U012778,261.0,29.0,9,1,348.0
U012783,261.0,29.0,9,1,348.0
U021844,261.0,29.0,9,1,348.0
U016749,261.0,29.0,9,1,348.0
U006924,261.0,29.0,9,1,348.0
U019177,261.0,29.0,9,1,348.0
U006169,261.0,29.0,9,1,348.0
U020544,261.0,29.0,9,1,348.0
U019237,261.0,29.0,9,1,348.0
U012885,261.0,29.0,9,1,348.0
U016658,261.0,29.0,9,1,348.0
U012936,261.0,29.0,9,1,348.0
U007880,261.0,29.0,9,1,348.0
U020468,261.0,29.0,9,1,348.0
U019315,261.0,29.0,9,1,348.0
U017845,261.0,29.0,9,1,348.0
U006056,261.0,29.0,9,1,348.0
U013081,261.0,29.0,9,1,348.0
U009346,261.0,29.0,9,1,348.0
U019400,261.0,29.0,9,1,348.0
U013160,261.0,29.0,9,1,348.0
U013196,261.0,29.0,9,1,348.0
U013204,261.0,29.0,9,1,348.0
U011460,261.0,29.0,9,1,348.0
U008009,261.0,29.0,9,1,348.0
U016409,261.0,29.0,9,1,348.0
U013256,261.0,29.0,9,1,348.0
U013260,261.0,29.0,9,1,348.0
U029495,261.0,29.0,9,1,348.0
U013290,261.0,29.0,9,1,348.0
U013297,261.0,29.0,9,1,348.0
U023286,261.0,29.0,9,1,348.0
U022017,261.0,29.0,9,1,348.0
U009179,261.0,29.0,9,1,348.0
U016349,261.0,29.0,9,1,348.0
U020353,261.0,29.0,9,1,348.0
U008053,261.0,29.0,9,1,348.0
U013348,261.0,29.0,9,1,348.0
U017720,261.0,29.0,9,1,348.0
U019572,261.0,29.0,9,1,348.0
U009107,261.0,29.0,9,1,348.0
U013388,261.0,29.0,9,1,348.0
U018085,261.0,29.0,9,1,348.0
U019594,261.0,29.0,9,1,348.0
U005896,261.0,29.0,9,1,348.0
U011218,261.0,29.0,9,1,348.0
U029531,261.0,29.0,9,1,348.0
U019622,261.0,29.0,9,1,348.0
U019636,261.0,29.0,9,1,348.0
U016224,261.0,29.0,9,1,348.0
U016223,261.0,29.0,9,1,348.0
U019670,261.0,29.0,9,1,348.0
U008988,261.0,29.0,9,1,348.0
U019710,261.0,29.0,9,1,348.0
U029549,261.0,29.0,9,1,348.0
U008134,261.0,29.0,9,1,348.0
U008909,261.0,29.0,9,1,348.0
U005823,261.0,29.0,9,1,348.0
U008880,261.0,29.0,9,1,348.0
U020292,261.0,29.0,9,1,348.0
U008839,261.0,29.0,9,1,348.0
U008831,261.0,29.0,9,1,348.0
U008791,261.0,29.0,9,1,348.0
U014925,261.0,29.0,9,1,348.0
U022191,261.0,29.0,9,1,348.0
U013745,261.0,29.0,9,1,348.0
U008694,261.0,29.0,9,1,348.0
U005729,261.0,29.0,9,1,348.0
U015983,261.0,29.0,9,1,348.0
U013772,261.0,29.0,9,1,348.0
U022214,261.0,29.0,9,1,348.0
U005710,261.0,29.0,9,1,348.0
U022220,261.0,29.0,9,1,348.0
U020193,261.0,29.0,9,1,348.0
U022247,261.0,29.0,9,1,348.0
U022253,261.0,29.0,9,1,348.0
U008536,261.0,29.0,9,1,348.0
U006979,261.0,29.0,9,1,348.0
U005630,261.0,29.0,9,1,348.0
U013954,261.0,29.0,9,1,348.0
U013960,261.0,29.0,9,1,348.0
U005606,261.0,29.0,9,1,348.0
U004072,261.0,29.0,9,1,348.0
U023528,261.0,29.0,9,1,348.0
U005571,261.0,29.0,9,1,348.0
U023584,261.0,29.0,9,1,348.0
U003921,261.0,29.0,9,1,348.0
U023639,261.0,29.0,9,1,348.0
U003839,261.0,29.0,9,1,348.0
U029656,261.0,29.0,9,1,348.0
U003818,261.0,29.0,9,1,348.0
U014160,261.0,29.0,9,1,348.0
U023704,261.0,29.0,9,1,348.0
U015614,261.0,29.0,9,1,348.0
U014183,261.0,29.0,9,1,348.0
U001457,261.0,29.0,9,1,348.0
U003738,261.0,29.0,9,1,348.0
U023335,261.0,29.0,9,1,348.0
U023744,261.0,29.0,9,1,348.0
U023749,261.0,29.0,9,1,348.0
U015101,261.0,29.0,9,1,348.0
U003623,261.0,29.0,9,1,348.0
U020021,261.0,29.0,9,1,348.0
U023866,261.0,29.0,9,1,348.0
U015535,261.0,29.0,9,1,348.0
U023928,261.0,29.0,9,1,348.0
U017665,261.0,29.0,9,1,348.0
U014346,261.0,29.0,9,1,348.0
U014362,261.0,29.0,9,1,348.0
U003438,261.0,29.0,9,1,348.0
U029723,261.0,29.0,9,1,348.0
U003419,261.0,29.0,9,1,348.0
U006940,261.0,29.0,9,1,348.0
U003417,261.0,29.0,9,1,348.0
U003413,261.0,29.0,9,1,348.0
U015447,261.0,29.0,9,1,348.0
U024043,261.0,29.0,9,1,348.0
U024101,261.0,29.0,9,1,348.0
U018142,261.0,29.0,9,1,348.0
U015388,261.0,29.0,9,1,348.0
U014510,261.0,29.0,9,1,348.0
U014993,261.0,29.0,9,1,348.0
U003196,261.0,29.0,9,1,348.0
U005359,261.0,29.0,9,1,348.0
U003174,261.0,29.0,9,1,348.0
U024188,261.0,29.0,9,1,348.0
U003129,261.0,29.0,9,1,348.0
U015313,261.0,29.0,9,1,348.0
U003095,261.0,29.0,9,1,348.0
U024245,261.0,29.0,9,1,348.0
U003074,261.0,29.0,9,1,348.0
U002989,261.0,29.0,9,1,348.0
U022505,261.0,29.0,9,1,348.0
U005284,261.0,29.0,9,1,348.0
U002939,261.0,29.0,9,1,348.0
U012581,261.0,29.0,9,1,348.0
U006813,261.0,29.0,9,1,348.0
U006811,261.0,29.0,9,1,348.0
U005263,261.0,29.0,9,1,348.0
U024415,261.0,29.0,9,1,348.0
U015211,261.0,29.0,9,1,348.0
U014746,261.0,29.0,9,1,348.0
U002720,261.0,29.0,9,1,348.0
U024593,261.0,29.0,9,1,348.0
U024633,261.0,29.0,9,1,348.0
U022582,261.0,29.0,9,1,348.0
U002541,261.0,29.0,9,1,348.0
U017630,261.0,29.0,9,1,348.0
U026645,261.0,29.0,9,1,348.0
U026678,261.0,29.0,9,1,348.0
U023379,261.0,29.0,9,1,348.0
U002494,261.0,29.0,9,1,348.0
U002464,261.0,29.0,9,1,348.0
U026800,261.0,29.0,9,1,348.0
U024851,261.0,29.0,9,1,348.0
U002203,261.0,29.0,9,1,348.0
U027077,261.0,29.0,9,1,348.0
U002044,261.0,29.0,9,1,348.0
U001993,261.0,29.0,9,1,348.0
U025055,261.0,29.0,9,1,348.0
U001918,261.0,29.0,9,1,348.0
U001891,261.0,29.0,9,1,348.0
U007122,261.0,29.0,9,1,348.0
U025119,261.0,29.0,9,1,348.0
U004954,261.0,29.0,9,1,348.0
U004949,261.0,29.0,9,1,348.0
U025168,261.0,29.0,9,1,348.0
U025194,261.0,29.0,9,1,348.0
U025199,261.0,29.0,9,1,348.0
U025243,261.0,29.0,9,1,348.0
U001743,261.0,29.0,9,1,348.0
U004906,261.0,29.0,9,1,348.0
U022835,261.0,29.0,9,1,348.0
U027635,261.0,29.0,9,1,348.0
U004866,261.0,29.0,9,1,348.0
U029953,261.0,29.0,9,1,348.0
U004864,261.0,29.0,9,1,348.0
U001525,261.0,29.0,9,1,348.0
U027739,261.0,29.0,9,1,348.0
U021102,261.0,29.0,9,1,348.0
U001465,261.0,29.0,9,1,348.0
U001445,261.0,29.0,9,1,348.0
U025469,261.0,29.0,9,1,348.0
U007145,261.0,29.0,9,1,348.0
U027829,261.0,29.0,9,1,348.0
U025525,261.0,29.0,9,1,348.0
U025561,261.0,29.0,9,1,348.0
U001248,261.0,29.0,9,1,348.0
U001240,261.0,29.0,9,1,348.0
U027999,261.0,29.0,9,1,348.0
U016548,237.0,79.0,3,1,948.0
U014866,237.0,79.0,3,1,948.0
U019289,237.0,79.0,3,1,948.0
U012546,237.0,79.0,3,1,948.0
U016979,237.0,79.0,3,1,948.0
U008498,237.0,79.0,3,1,948.0
U020644,237.0,79.0,3,1,948.0
U005495,237.0,79.0,3,1,948.0
U009139,237.0,79.0,3,1,948.0
U006486,237.0,79.0,3,1,948.0
U015299,237.0,79.0,3,1,948.0
U014284,237.0,79.0,3,1,948.0
U006101,237.0,79.0,3,1,948.0
U003766,237.0,79.0,3,1,948.0
U025907,237.0,79.0,3,1,948.0
U021655,237.0,79.0,3,1,948.0
U021016,237.0,79.0,3,1,948.0
U017155,237.0,79.0,3,1,948.0
U027715,237.0,79.0,3,1,948.0
U013130,237.0,79.0,3,1,948.0
U003037,237.0,79.0,3,1,948.0
U017949,237.0,79.0,3,1,948.0
U007898,237.0,79.0,3,1,948.0
U010781,237.0,79.0,3,1,948.0
U018650,237.0,79.0,3,1,948.0
U011325,237.0,79.0,3,1,948.0
U006279,237.0,79.0,3,1,948.0
U023232,237.0,79.0,3,1,948.0
U025426,237.0,79.0,3,1,948.0
U027883,237.0,79.0,3,1,948.0
U019293,237.0,79.0,3,1,948.0
U015278,237.0,79.0,3,1,948.0
U027014,237.0,79.0,3,1,948.0
U008797,237.0,79.0,3,1,948.0
U024942,237.0,79.0,3,1,948.0
U029273,237.0,79.0,3,1,948.0
U009469,237.0,79.0,3,1,948.0
U006496,237.0,79.0,3,1,948.0
U007633,237.0,79.0,3,1,948.0
U008813,237.0,79.0,3,1,948.0
U001967,237.0,79.0,3,1,948.0
U001512,237.0,79.0,3,1,948.0
U005611,237.0,79.0,3,1,948.0
U004089,237.0,79.0,3,1,948.0
U009782,237.0,79.0,3,1,948.0
U007484,237.0,79.0,3,1,948.0
U024753,237.0,79.0,3,1,948.0
U015488,237.0,79.0,3,1,948.0
U000072,237.0,79.0,3,1,948.0
U018862,237.0,79.0,3,1,948.0
U028371,237.0,79.0,3,1,948.0
U027138,237.0,79.0,3,1,948.0
U003935,237.0,79.0,3,1,948.0
U014950,237.0,79.0,3,1,948.0
U028376,237.0,79.0,3,1,948.0
U015553,237.0,79.0,3,1,948.0
U028851,237.0,79.0,3,1,948.0
U004821,237.0,79.0,3,1,948.0
U014344,237.0,79.0,3,1,948.0
U003879,237.0,79.0,3,1,948.0
U017942,237.0,79.0,3,1,948.0
U026802,237.0,79.0,3,1,948.0
U020581,237.0,79.0,3,1,948.0
U003824,237.0,79.0,3,1,948.0
U021950,237.0,79.0,3,1,948.0
U014056,237.0,79.0,3,1,948.0
U013622,237.0,79.0,3,1,948.0
U012731,237.0,79.0,3,1,948.0
U012734,237.0,79.0,3,1,948.0
U028971,237.0,79.0,3,1,948.0
U024373,237.0,79.0,3,1,948.0
U027585,237.0,79.0,3,1,948.0
U012212,237.0,79.0,3,1,948.0
U003957,237.0,79.0,3,1,948.0
U025997,237.0,79.0,3,1,948.0
U015491,237.0,79.0,3,1,948.0
U004537,237.0,79.0,3,1,948.0
U006084,237.0,79.0,3,1,948.0
U006964,237.0,79.0,3,1,948.0
U021772,237.0,79.0,3,1,948.0
U017199,237.0,79.0,3,1,948.0
U020786,237.0,79.0,3,1,948.0
U000735,237.0,79.0,3,1,948.0
U000481,237.0,79.0,3,1,948.0
U009420,237.0,79.0,3,1,948.0
U028773,237.0,79.0,3,1,948.0
U028771,237.0,79.0,3,1,948.0
U014339,237.0,79.0,3,1,948.0
U007795,237.0,79.0,3,1,948.0
U020668,237.0,79.0,3,1,948.0
U008466,237.0,79.0,3,1,948.0
U008021,237.0,79.0,3,1,948.0
U012538,237.0,79.0,3,1,948.0
U016396,237.0,79.0,3,1,948.0
U028692,237.0,79.0,3,1,948.0
U020303,237.0,79.0,3,1,948.0
U029211,237.0,79.0,3,1,948.0
U011835,237.0,79.0,3,1,948.0
U028697,237.0,79.0,3,1,948.0
U016134,237.0,79.0,3,1,948.0
U010206,237.0,79.0,3,1,948.0
U015771,237.0,79.0,3,1,948.0
U011925,237.0,79.0,3,1,948.0
U004070,237.0,79.0,3,1,948.0
U007510,237.0,79.0,3,1,948.0
U022650,237.0,79.0,3,1,948.0
U001012,237.0,79.0,3,1,948.0
U018935,237.0,79.0,3,1,948.0
U013245,237.0,79.0,3,1,948.0
U010606,237.0,79.0,3,1,948.0
U010370,237.0,79.0,3,1,948.0
U026456,237.0,79.0,3,1,948.0
U019003,237.0,79.0,3,1,948.0
U028435,237.0,79.0,3,1,948.0
U006716,237.0,79.0,3,1,948.0
U021564,237.0,79.0,3,1,948.0
U026025,237.0,79.0,3,1,948.0
U019477,237.0,79.0,3,1,948.0
U014329,237.0,79.0,3,1,948.0
U020809,237.0,79.0,3,1,948.0
U015215,237.0,79.0,3,1,948.0
U009442,237.0,79.0,3,1,948.0
U022923,237.0,79.0,3,1,948.0
U009260,237.0,79.0,3,1,948.0
U016761,237.0,79.0,3,1,948.0
U019367,237.0,79.0,3,1,948.0
U008140,237.0,79.0,3,1,948.0
U020058,237.0,79.0,3,1,948.0
U019470,237.0,79.0,3,1,948.0
U010558,237.0,79.0,3,1,948.0
U026874,237.0,79.0,3,1,948.0
U016759,237.0,79.0,3,1,948.0
U012121,237.0,79.0,3,1,948.0
U011901,237.0,79.0,3,1,948.0
U001689,237.0,79.0,3,1,948.0
U024815,237.0,79.0,3,1,948.0
U028807,237.0,79.0,3,1,948.0
U008919,237.0,79.0,3,1,948.0
U009653,237.0,79.0,3,1,948.0
U023922,237.0,79.0,3,1,948.0
U014022,237.0,79.0,3,1,948.0
U000711,237.0,79.0,3,1,948.0
U012810,237.0,79.0,3,1,948.0
U024496,237.0,79.0,3,1,948.0
U006530,237.0,79.0,3,1,948.0
U026176,237.0,79.0,3,1,948.0
U028915,237.0,79.0,3,1,948.0
U017386,237.0,79.0,3,1,948.0
U013497,237.0,79.0,3,1,948.0
U020799,237.0,79.0,3,1,948.0
U020888,237.0,79.0,3,1,948.0
U021265,237.0,79.0,3,1,948.0
U014747,237.0,79.0,3,1,948.0
U001745,237.0,79.0,3,1,948.0
U009429,237.0,79.0,3,1,948.0
U020892,237.0,79.0,3,1,948.0
U010919,237.0,79.0,3,1,948.0
U008999,237.0,79.0,3,1,948.0
U000165,237.0,79.0,3,1,948.0
U003100,237.0,79.0,3,1,948.0
U029135,237.0,79.0,3,1,948.0
U022185,237.0,79.0,3,1,948.0
U009427,237.0,79.0,3,1,948.0
U019668,237.0,79.0,3,1,948.0
U014583,237.0,79.0,3,1,948.0
U012090,237.0,79.0,3,1,948.0
U002708,237.0,79.0,3,1,948.0
U004415,237.0,79.0,3,1,948.0
U001758,237.0,79.0,3,1,948.0
U021420,237.0,79.0,3,1,948.0
U019890,237.0,79.0,3,1,948.0
U002692,237.0,79.0,3,1,948.0
U029902,237.0,79.0,3,1,948.0
U011330,237.0,79.0,3,1,948.0
U010399,237.0,79.0,3,1,948.0
U012269,237.0,79.0,3,1,948.0
U011569,237.0,79.0,3,1,948.0
U007428,237.0,79.0,3,1,948.0
U020748,237.0,79.0,3,1,948.0
U015698,237.0,79.0,3,1,948.0
U023702,237.0,79.0,3,1,948.0
U021340,237.0,79.0,3,1,948.0
U011640,237.0,79.0,3,1,948.0
U014555,237.0,79.0,3,1,948.0
U008665,237.0,79.0,3,1,948.0
U009035,237.0,79.0,3,1,948.0
U002650,237.0,79.0,3,1,948.0
U024570,237.0,79.0,3,1,948.0
U018395,237.0,79.0,3,1,948.0
U024174,237.0,79.0,3,1,948.0
U023374,237.0,79.0,3,1,948.0
U013776,237.0,79.0,3,1,948.0
U021065,237.0,79.0,3,1,948.0
U013783,237.0,79.0,3,1,948.0
U008655,237.0,79.0,3,1,948.0
U020913,237.0,79.0,3,1,948.0
U018992,237.0,79.0,3,1,948.0
U000928,237.0,79.0,3,1,948.0
U012460,237.0,79.0,3,1,948.0
U020417,237.0,79.0,3,1,948.0
U009308,237.0,79.0,3,1,948.0
U014882,237.0,79.0,3,1,948.0
U017431,237.0,79.0,3,1,948.0
U027099,237.0,79.0,3,1,948.0
U027147,237.0,79.0,3,1,948.0
U019420,237.0,79.0,3,1,948.0
U019626,237.0,79.0,3,1,948.0
U029093,237.0,79.0,3,1,948.0
U008652,237.0,79.0,3,1,948.0
U004430,237.0,79.0,3,1,948.0
U024941,237.0,79.0,3,1,948.0
U027403,237.0,79.0,3,1,948.0
U002615,237.0,79.0,3,1,948.0
U011537,237.0,79.0,3,1,948.0
U028801,237.0,79.0,3,1,948.0
U002606,237.0,79.0,3,1,948.0
U013808,237.0,79.0,3,1,948.0
U025170,237.0,79.0,3,1,948.0
U029725,237.0,79.0,3,1,948.0
U007838,237.0,79.0,3,1,948.0
U003222,237.0,79.0,3,1,948.0
U019927,237.0,79.0,3,1,948.0
U002592,237.0,79.0,3,1,948.0
U024135,237.0,79.0,3,1,948.0
U000932,237.0,79.0,3,1,948.0
U021874,237.0,79.0,3,1,948.0
U000240,237.0,79.0,3,1,948.0
U022573,237.0,79.0,3,1,948.0
U021535,237.0,79.0,3,1,948.0
U013409,237.0,79.0,3,1,948.0
U029072,237.0,79.0,3,1,948.0
U019336,237.0,79.0,3,1,948.0
U017539,237.0,79.0,3,1,948.0
U029669,237.0,79.0,3,1,948.0
U004251,237.0,79.0,3,1,948.0
U021534,237.0,79.0,3,1,948.0
U018280,237.0,79.0,3,1,948.0
U002103,237.0,79.0,3,1,948.0
U003238,237.0,79.0,3,1,948.0
U026254,237.0,79.0,3,1,948.0
U003254,237.0,79.0,3,1,948.0
U022956,237.0,79.0,3,1,948.0
U028730,237.0,79.0,3,1,948.0
U017003,237.0,79.0,3,1,948.0
U028522,237.0,79.0,3,1,948.0
U027851,237.0,79.0,3,1,948.0
U025526,237.0,79.0,3,1,948.0
U011015,237.0,79.0,3,1,948.0
U019958,237.0,79.0,3,1,948.0
U019981,237.0,79.0,3,1,948.0
U017265,237.0,79.0,3,1,948.0
U005034,237.0,79.0,3,1,948.0
U017848,237.0,79.0,3,1,948.0
U022257,237.0,79.0,3,1,948.0
U000282,237.0,79.0,3,1,948.0
U023716,237.0,79.0,3,1,948.0
U020080,237.0,79.0,3,1,948.0
U005899,237.0,79.0,3,1,948.0
U013894,237.0,79.0,3,1,948.0
U002527,237.0,79.0,3,1,948.0
U018571,237.0,79.0,3,1,948.0
U017713,237.0,79.0,3,1,948.0
U015415,237.0,79.0,3,1,948.0
U024665,237.0,79.0,3,1,948.0
U005405,237.0,79.0,3,1,948.0
U002520,237.0,79.0,3,1,948.0
U007861,237.0,79.0,3,1,948.0
U022262,237.0,79.0,3,1,948.0
U006119,237.0,79.0,3,1,948.0
U016653,237.0,79.0,3,1,948.0
U018076,237.0,79.0,3,1,948.0
U007649,237.0,79.0,3,1,948.0
U008312,237.0,79.0,3,1,948.0
U013374,237.0,79.0,3,1,948.0
U015600,237.0,79.0,3,1,948.0
U008512,237.0,79.0,3,1,948.0
U010493,237.0,79.0,3,1,948.0
U029421,237.0,79.0,3,1,948.0
U017741,237.0,79.0,3,1,948.0
U003425,237.0,79.0,3,1,948.0
U021898,237.0,79.0,3,1,948.0
U009514,237.0,79.0,3,1,948.0
U011091,237.0,79.0,3,1,948.0
U009106,237.0,79.0,3,1,948.0
U025105,237.0,79.0,3,1,948.0
U011870,237.0,79.0,3,1,948.0
U026332,237.0,79.0,3,1,948.0
U005623,237.0,79.0,3,1,948.0
U011420,237.0,79.0,3,1,948.0
U023441,237.0,79.0,3,1,948.0
U015738,237.0,79.0,3,1,948.0
U014376,237.0,79.0,3,1,948.0
U009853,237.0,79.0,3,1,948.0
U020836,237.0,79.0,3,1,948.0
U019329,237.0,79.0,3,1,948.0
U005055,237.0,79.0,3,1,948.0
U021670,237.0,79.0,3,1,948.0
U003892,237.0,79.0,3,1,948.0
U009835,237.0,79.0,3,1,948.0
U022748,237.0,79.0,3,1,948.0
U020429,237.0,79.0,3,1,948.0
U001913,237.0,79.0,3,1,948.0
U014101,237.0,79.0,3,1,948.0
U026142,237.0,79.0,3,1,948.0
U005493,232.0,29.0,8,1,348.0
U012620,232.0,29.0,8,1,348.0
U004115,232.0,29.0,8,1,348.0
U023450,232.0,29.0,8,1,348.0
U003457,232.0,29.0,8,1,348.0
U003821,232.0,29.0,8,1,348.0
U023448,232.0,29.0,8,1,348.0
U023239,232.0,29.0,8,1,348.0
U008777,232.0,29.0,8,1,348.0
U004100,232.0,29.0,8,1,348.0
U015106,232.0,29.0,8,1,348.0
U024270,232.0,29.0,8,1,348.0
U003038,232.0,29.0,8,1,348.0
U029354,232.0,29.0,8,1,348.0
U017752,232.0,29.0,8,1,348.0
U014398,232.0,29.0,8,1,348.0
U021286,232.0,29.0,8,1,348.0
U019835,232.0,29.0,8,1,348.0
U007054,232.0,29.0,8,1,348.0
U015091,232.0,29.0,8,1,348.0
U021773,232.0,29.0,8,1,348.0
U024007,232.0,29.0,8,1,348.0
U003389,232.0,29.0,8,1,348.0
U022160,232.0,29.0,8,1,348.0
U024306,232.0,29.0,8,1,348.0
U004094,232.0,29.0,8,1,348.0
U014154,232.0,29.0,8,1,348.0
U029470,232.0,29.0,8,1,348.0
U003375,232.0,29.0,8,1,348.0
U013912,232.0,29.0,8,1,348.0
U005412,232.0,29.0,8,1,348.0
U008544,232.0,29.0,8,1,348.0
U005481,232.0,29.0,8,1,348.0
U003352,232.0,29.0,8,1,348.0
U000076,232.0,29.0,8,1,348.0
U024049,232.0,29.0,8,1,348.0
U008832,232.0,29.0,8,1,348.0
U024051,232.0,29.0,8,1,348.0
U013879,232.0,29.0,8,1,348.0
U015252,232.0,29.0,8,1,348.0
U003306,232.0,29.0,8,1,348.0
U027799,232.0,29.0,8,1,348.0
U011031,232.0,29.0,8,1,348.0
U013627,232.0,29.0,8,1,348.0
U016096,232.0,29.0,8,1,348.0
U015772,232.0,29.0,8,1,348.0
U003257,232.0,29.0,8,1,348.0
U021153,232.0,29.0,8,1,348.0
U022240,232.0,29.0,8,1,348.0
U022239,232.0,29.0,8,1,348.0
U005802,232.0,29.0,8,1,348.0
U029645,232.0,29.0,8,1,348.0
U011519,232.0,29.0,8,1,348.0
U008361,232.0,29.0,8,1,348.0
U002906,232.0,29.0,8,1,348.0
U029693,232.0,29.0,8,1,348.0
U008851,232.0,29.0,8,1,348.0
U014507,232.0,29.0,8,1,348.0
U013999,232.0,29.0,8,1,348.0
U010993,232.0,29.0,8,1,348.0
U029712,232.0,29.0,8,1,348.0
U002882,232.0,29.0,8,1,348.0
U029743,232.0,29.0,8,1,348.0
U023946,232.0,29.0,8,1,348.0
U016128,232.0,29.0,8,1,348.0
U014530,232.0,29.0,8,1,348.0
U018153,232.0,29.0,8,1,348.0
U019009,232.0,29.0,8,1,348.0
U013569,232.0,29.0,8,1,348.0
U011546,232.0,29.0,8,1,348.0
U014701,232.0,29.0,8,1,348.0
U007698,232.0,29.0,8,1,348.0
U019916,232.0,29.0,8,1,348.0
U021132,232.0,29.0,8,1,348.0
U015967,232.0,29.0,8,1,348.0
U003185,232.0,29.0,8,1,348.0
U015976,232.0,29.0,8,1,348.0
U014549,232.0,29.0,8,1,348.0
U008898,232.0,29.0,8,1,348.0
U029849,232.0,29.0,8,1,348.0
U011564,232.0,29.0,8,1,348.0
U016871,232.0,29.0,8,1,348.0
U015981,232.0,29.0,8,1,348.0
U005338,232.0,29.0,8,1,348.0
U008698,232.0,29.0,8,1,348.0
U008142,232.0,29.0,8,1,348.0
U024201,232.0,29.0,8,1,348.0
U021112,232.0,29.0,8,1,348.0
U004182,232.0,29.0,8,1,348.0
U029168,232.0,29.0,8,1,348.0
U007128,232.0,29.0,8,1,348.0
U000864,232.0,29.0,8,1,348.0
U016014,232.0,29.0,8,1,348.0
U029029,232.0,29.0,8,1,348.0
U018183,232.0,29.0,8,1,348.0
U010935,232.0,29.0,8,1,348.0
U025894,232.0,29.0,8,1,348.0
U002768,232.0,29.0,8,1,348.0
U008734,232.0,29.0,8,1,348.0
U026446,232.0,29.0,8,1,348.0
U003107,232.0,29.0,8,1,348.0
U024227,232.0,29.0,8,1,348.0
U019682,232.0,29.0,8,1,348.0
U014105,232.0,29.0,8,1,348.0
U022349,232.0,29.0,8,1,348.0
U023533,232.0,29.0,8,1,348.0
U017595,232.0,29.0,8,1,348.0
U000007,232.0,29.0,8,1,348.0
U010897,232.0,29.0,8,1,348.0
U011279,232.0,29.0,8,1,348.0
U009011,232.0,29.0,8,1,348.0
U001376,232.0,29.0,8,1,348.0
U016218,232.0,29.0,8,1,348.0
U010885,232.0,29.0,8,1,348.0
U018236,232.0,29.0,8,1,348.0
U005869,232.0,29.0,8,1,348.0
U006410,232.0,29.0,8,1,348.0
U024574,232.0,29.0,8,1,348.0
U019629,232.0,29.0,8,1,348.0
U024581,232.0,29.0,8,1,348.0
U021062,232.0,29.0,8,1,348.0
U011665,232.0,29.0,8,1,348.0
U021061,232.0,29.0,8,1,348.0
U002630,232.0,29.0,8,1,348.0
U009895,232.0,29.0,8,1,348.0
U015577,232.0,29.0,8,1,348.0
U015041,232.0,29.0,8,1,348.0
U015143,232.0,29.0,8,1,348.0
U017825,232.0,29.0,8,1,348.0
U019617,232.0,29.0,8,1,348.0
U016257,232.0,29.0,8,1,348.0
U016260,232.0,29.0,8,1,348.0
U002589,232.0,29.0,8,1,348.0
U018985,232.0,29.0,8,1,348.0
U002583,232.0,29.0,8,1,348.0
U016264,232.0,29.0,8,1,348.0
U000246,232.0,29.0,8,1,348.0
U019613,232.0,29.0,8,1,348.0
U028305,232.0,29.0,8,1,348.0
U005175,232.0,29.0,8,1,348.0
U010269,232.0,29.0,8,1,348.0
U025719,232.0,29.0,8,1,348.0
U024658,232.0,29.0,8,1,348.0
U017530,232.0,29.0,8,1,348.0
U009918,232.0,29.0,8,1,348.0
U013382,232.0,29.0,8,1,348.0
U017522,232.0,29.0,8,1,348.0
U002514,232.0,29.0,8,1,348.0
U009096,232.0,29.0,8,1,348.0
U012243,232.0,29.0,8,1,348.0
U022989,232.0,29.0,8,1,348.0
U025694,232.0,29.0,8,1,348.0
U017114,232.0,29.0,8,1,348.0
U015752,232.0,29.0,8,1,348.0
U018963,232.0,29.0,8,1,348.0
U000301,232.0,29.0,8,1,348.0
U002476,232.0,29.0,8,1,348.0
U002474,232.0,29.0,8,1,348.0
U014040,232.0,29.0,8,1,348.0
U008488,232.0,29.0,8,1,348.0
U022037,232.0,29.0,8,1,348.0
U004449,232.0,29.0,8,1,348.0
U005917,232.0,29.0,8,1,348.0
U005146,232.0,29.0,8,1,348.0
U025723,232.0,29.0,8,1,348.0
U006920,232.0,29.0,8,1,348.0
U009157,232.0,29.0,8,1,348.0
U005141,232.0,29.0,8,1,348.0
U026767,232.0,29.0,8,1,348.0
U028985,232.0,29.0,8,1,348.0
U009182,232.0,29.0,8,1,348.0
U024743,232.0,29.0,8,1,348.0
U022629,232.0,29.0,8,1,348.0
U020360,232.0,29.0,8,1,348.0
U021053,232.0,29.0,8,1,348.0
U022634,232.0,29.0,8,1,348.0
U010750,232.0,29.0,8,1,348.0
U002391,232.0,29.0,8,1,348.0
U021736,232.0,29.0,8,1,348.0
U008031,232.0,29.0,8,1,348.0
U003999,232.0,29.0,8,1,348.0
U017486,232.0,29.0,8,1,348.0
U020374,232.0,29.0,8,1,348.0
U020375,232.0,29.0,8,1,348.0
U024778,232.0,29.0,8,1,348.0
U020389,232.0,29.0,8,1,348.0
U014946,232.0,29.0,8,1,348.0
U028949,232.0,29.0,8,1,348.0
U013248,232.0,29.0,8,1,348.0
U028948,232.0,29.0,8,1,348.0
U023153,232.0,29.0,8,1,348.0
U018361,232.0,29.0,8,1,348.0
U020813,232.0,29.0,8,1,348.0
U016420,232.0,29.0,8,1,348.0
U028920,232.0,29.0,8,1,348.0
U014846,232.0,29.0,8,1,348.0
U026878,232.0,29.0,8,1,348.0
U013213,232.0,29.0,8,1,348.0
U026888,232.0,29.0,8,1,348.0
U000362,232.0,29.0,8,1,348.0
U013206,232.0,29.0,8,1,348.0
U021996,232.0,29.0,8,1,348.0
U006325,232.0,29.0,8,1,348.0
U005070,232.0,29.0,8,1,348.0
U012517,232.0,29.0,8,1,348.0
U026932,232.0,29.0,8,1,348.0
U012512,232.0,29.0,8,1,348.0
U019411,232.0,29.0,8,1,348.0
U007966,232.0,29.0,8,1,348.0
U013151,232.0,29.0,8,1,348.0
U024864,232.0,29.0,8,1,348.0
U026987,232.0,29.0,8,1,348.0
U004495,232.0,29.0,8,1,348.0
U016493,232.0,29.0,8,1,348.0
U002198,232.0,29.0,8,1,348.0
U027027,232.0,29.0,8,1,348.0
U010678,232.0,29.0,8,1,348.0
U026242,232.0,29.0,8,1,348.0
U028079,232.0,29.0,8,1,348.0
U019371,232.0,29.0,8,1,348.0
U016499,232.0,29.0,8,1,348.0
U027051,232.0,29.0,8,1,348.0
U024924,232.0,29.0,8,1,348.0
U016513,232.0,29.0,8,1,348.0
U024936,232.0,29.0,8,1,348.0
U007944,232.0,29.0,8,1,348.0
U028799,232.0,29.0,8,1,348.0
U017398,232.0,29.0,8,1,348.0
U006042,232.0,29.0,8,1,348.0
U016532,232.0,29.0,8,1,348.0
U018447,232.0,29.0,8,1,348.0
U002123,232.0,29.0,8,1,348.0
U006889,232.0,29.0,8,1,348.0
U028222,232.0,29.0,8,1,348.0
U024969,232.0,29.0,8,1,348.0
U027358,232.0,29.0,8,1,348.0
U014297,232.0,29.0,8,1,348.0
U028735,232.0,29.0,8,1,348.0
U027953,232.0,29.0,8,1,348.0
U009422,232.0,29.0,8,1,348.0
U002088,232.0,29.0,8,1,348.0
U022973,232.0,29.0,8,1,348.0
U013033,232.0,29.0,8,1,348.0
U016577,232.0,29.0,8,1,348.0
U006638,232.0,29.0,8,1,348.0
U025026,232.0,29.0,8,1,348.0
U023107,232.0,29.0,8,1,348.0
U019316,232.0,29.0,8,1,348.0
U014891,232.0,29.0,8,1,348.0
U021922,232.0,29.0,8,1,348.0
U009456,232.0,29.0,8,1,348.0
U028081,232.0,29.0,8,1,348.0
U001985,232.0,29.0,8,1,348.0
U011928,232.0,29.0,8,1,348.0
U017347,232.0,29.0,8,1,348.0
U000541,232.0,29.0,8,1,348.0
U018508,232.0,29.0,8,1,348.0
U028661,232.0,29.0,8,1,348.0
U025067,232.0,29.0,8,1,348.0
U025068,232.0,29.0,8,1,348.0
U000558,232.0,29.0,8,1,348.0
U007632,232.0,29.0,8,1,348.0
U007627,232.0,29.0,8,1,348.0
U006104,232.0,29.0,8,1,348.0
U007893,232.0,29.0,8,1,348.0
U020962,232.0,29.0,8,1,348.0
U000579,232.0,29.0,8,1,348.0
U016644,232.0,29.0,8,1,348.0
U025107,232.0,29.0,8,1,348.0
U020959,232.0,29.0,8,1,348.0
U018909,232.0,29.0,8,1,348.0
U008369,232.0,29.0,8,1,348.0
U028124,232.0,29.0,8,1,348.0
U021896,232.0,29.0,8,1,348.0
U004958,232.0,29.0,8,1,348.0
U012914,232.0,29.0,8,1,348.0
U010453,232.0,29.0,8,1,348.0
U022767,232.0,29.0,8,1,348.0
U015674,232.0,29.0,8,1,348.0
U028566,232.0,29.0,8,1,348.0
U010429,232.0,29.0,8,1,348.0
U027376,232.0,29.0,8,1,348.0
U020521,232.0,29.0,8,1,348.0
U021865,232.0,29.0,8,1,348.0
U020914,232.0,29.0,8,1,348.0
U019229,232.0,29.0,8,1,348.0
U007833,232.0,29.0,8,1,348.0
U009607,232.0,29.0,8,1,348.0
U010416,232.0,29.0,8,1,348.0
U012845,232.0,29.0,8,1,348.0
U017893,232.0,29.0,8,1,348.0
U028491,232.0,29.0,8,1,348.0
U028487,232.0,29.0,8,1,348.0
U026043,232.0,29.0,8,1,348.0
U018608,232.0,29.0,8,1,348.0
U015121,232.0,29.0,8,1,348.0
U001066,232.0,29.0,8,1,348.0
U000693,232.0,29.0,8,1,348.0
U028453,232.0,29.0,8,1,348.0
U016722,232.0,29.0,8,1,348.0
U018787,232.0,29.0,8,1,348.0
U012823,232.0,29.0,8,1,348.0
U014251,232.0,29.0,8,1,348.0
U019187,232.0,29.0,8,1,348.0
U001739,232.0,29.0,8,1,348.0
U004918,232.0,29.0,8,1,348.0
U001731,232.0,29.0,8,1,348.0
U007807,232.0,29.0,8,1,348.0
U025256,232.0,29.0,8,1,348.0
U020554,232.0,29.0,8,1,348.0
U025656,232.0,29.0,8,1,348.0
U014252,232.0,29.0,8,1,348.0
U022807,232.0,29.0,8,1,348.0
U028432,232.0,29.0,8,1,348.0
U012440,232.0,29.0,8,1,348.0
U012754,232.0,29.0,8,1,348.0
U016774,232.0,29.0,8,1,348.0
U012137,232.0,29.0,8,1,348.0
U014677,232.0,29.0,8,1,348.0
U019142,232.0,29.0,8,1,348.0
U001606,232.0,29.0,8,1,348.0
U009708,232.0,29.0,8,1,348.0
U017036,232.0,29.0,8,1,348.0
U016794,232.0,29.0,8,1,348.0
U009720,232.0,29.0,8,1,348.0
U016969,232.0,29.0,8,1,348.0
U028391,232.0,29.0,8,1,348.0
U000785,232.0,29.0,8,1,348.0
U028028,232.0,29.0,8,1,348.0
U007598,232.0,29.0,8,1,348.0
U020627,232.0,29.0,8,1,348.0
U021672,232.0,29.0,8,1,348.0
U006418,232.0,29.0,8,1,348.0
U020853,232.0,29.0,8,1,348.0
U014830,232.0,29.0,8,1,348.0
U012660,232.0,29.0,8,1,348.0
U004846,232.0,29.0,8,1,348.0
U001482,232.0,29.0,8,1,348.0
U021218,232.0,29.0,8,1,348.0
U027737,232.0,29.0,8,1,348.0
U000837,232.0,29.0,8,1,348.0
U008414,232.0,29.0,8,1,348.0
U023874,232.0,29.0,8,1,348.0
U004832,232.0,29.0,8,1,348.0
U018809,232.0,29.0,8,1,348.0
U009845,232.0,29.0,8,1,348.0
U023755,203.0,29.0,7,1,348.0
U016028,203.0,29.0,7,1,348.0
U023469,203.0,29.0,7,1,348.0
U029304,203.0,29.0,7,1,348.0
U015046,203.0,29.0,7,1,348.0
U023471,203.0,29.0,7,1,348.0
U015293,203.0,29.0,7,1,348.0
U019845,203.0,29.0,7,1,348.0
U008784,203.0,29.0,7,1,348.0
U000036,203.0,29.0,7,1,348.0
U013682,203.0,29.0,7,1,348.0
U023478,203.0,29.0,7,1,348.0
U025731,203.0,29.0,7,1,348.0
U022166,203.0,29.0,7,1,348.0
U008184,203.0,29.0,7,1,348.0
U000047,203.0,29.0,7,1,348.0
U025479,203.0,29.0,7,1,348.0
U005610,203.0,29.0,7,1,348.0
U013988,203.0,29.0,7,1,348.0
U005523,203.0,29.0,7,1,348.0
U004654,203.0,29.0,7,1,348.0
U008822,203.0,29.0,7,1,348.0
U020086,203.0,29.0,7,1,348.0
U014345,203.0,29.0,7,1,348.0
U002944,203.0,29.0,7,1,348.0
U022510,203.0,29.0,7,1,348.0
U003748,203.0,29.0,7,1,348.0
U008842,203.0,29.0,7,1,348.0
U020289,203.0,29.0,7,1,348.0
U029233,203.0,29.0,7,1,348.0
U014669,203.0,29.0,7,1,348.0
U004380,203.0,29.0,7,1,348.0
U022125,203.0,29.0,7,1,348.0
U015642,203.0,29.0,7,1,348.0
U022710,203.0,29.0,7,1,348.0
U002902,203.0,29.0,7,1,348.0
U005270,203.0,29.0,7,1,348.0
U020296,203.0,29.0,7,1,348.0
U029210,203.0,29.0,7,1,348.0
U020305,203.0,29.0,7,1,348.0
U023931,203.0,29.0,7,1,348.0
U011350,203.0,29.0,7,1,348.0
U001404,203.0,29.0,7,1,348.0
U000117,203.0,29.0,7,1,348.0
U020308,203.0,29.0,7,1,348.0
U005460,203.0,29.0,7,1,348.0
U024459,203.0,29.0,7,1,348.0
U011244,203.0,29.0,7,1,348.0
U005603,203.0,29.0,7,1,348.0
U009888,203.0,29.0,7,1,348.0
U015586,203.0,29.0,7,1,348.0
U029192,203.0,29.0,7,1,348.0
U026450,203.0,29.0,7,1,348.0
U005601,203.0,29.0,7,1,348.0
U000132,203.0,29.0,7,1,348.0
U023513,203.0,29.0,7,1,348.0
U016163,203.0,29.0,7,1,348.0
U001379,203.0,29.0,7,1,348.0
U022285,203.0,29.0,7,1,348.0
U023524,203.0,29.0,7,1,348.0
U008949,203.0,29.0,7,1,348.0
U000143,203.0,29.0,7,1,348.0
U008990,203.0,29.0,7,1,348.0
U020030,203.0,29.0,7,1,348.0
U027208,203.0,29.0,7,1,348.0
U010686,203.0,29.0,7,1,348.0
U001108,203.0,29.0,7,1,348.0
U018839,203.0,29.0,7,1,348.0
U009957,203.0,29.0,7,1,348.0
U020905,203.0,29.0,7,1,348.0
U020970,203.0,29.0,7,1,348.0
U021494,203.0,29.0,7,1,348.0
U004927,203.0,29.0,7,1,348.0
U009981,203.0,29.0,7,1,348.0
U023801,203.0,29.0,7,1,348.0
U014979,203.0,29.0,7,1,348.0
U015076,203.0,29.0,7,1,348.0
U025221,203.0,29.0,7,1,348.0
U006162,203.0,29.0,7,1,348.0
U017862,203.0,29.0,7,1,348.0
U021023,203.0,29.0,7,1,348.0
U023146,203.0,29.0,7,1,348.0
U028199,203.0,29.0,7,1,348.0
U010718,203.0,29.0,7,1,348.0
U021557,203.0,29.0,7,1,348.0
U000512,203.0,29.0,7,1,348.0
U000365,203.0,29.0,7,1,348.0
U010635,203.0,29.0,7,1,348.0
U018370,203.0,29.0,7,1,348.0
U003606,203.0,29.0,7,1,348.0
U028244,203.0,29.0,7,1,348.0
U027229,203.0,29.0,7,1,348.0
U017836,203.0,29.0,7,1,348.0
U012984,203.0,29.0,7,1,348.0
U010694,203.0,29.0,7,1,348.0
U021958,203.0,29.0,7,1,348.0
U019183,203.0,29.0,7,1,348.0
U000417,203.0,29.0,7,1,348.0
U017467,203.0,29.0,7,1,348.0
U012480,203.0,29.0,7,1,348.0
U020986,203.0,29.0,7,1,348.0
U019180,203.0,29.0,7,1,348.0
U006099,203.0,29.0,7,1,348.0
U022351,203.0,29.0,7,1,348.0
U026886,203.0,29.0,7,1,348.0
U010217,203.0,29.0,7,1,348.0
U018928,203.0,29.0,7,1,348.0
U006180,203.0,29.0,7,1,348.0
U006182,203.0,29.0,7,1,348.0
U003601,203.0,29.0,7,1,348.0
U007994,203.0,29.0,7,1,348.0
U028446,203.0,29.0,7,1,348.0
U001293,203.0,29.0,7,1,348.0
U001687,203.0,29.0,7,1,348.0
U022657,203.0,29.0,7,1,348.0
U006780,203.0,29.0,7,1,348.0
U022081,203.0,29.0,7,1,348.0
U018884,203.0,29.0,7,1,348.0
U002320,203.0,29.0,7,1,348.0
U006694,203.0,29.0,7,1,348.0
U024810,203.0,29.0,7,1,348.0
U001682,203.0,29.0,7,1,348.0
U009259,203.0,29.0,7,1,348.0
U015613,203.0,29.0,7,1,348.0
U027532,203.0,29.0,7,1,348.0
U010047,203.0,29.0,7,1,348.0
U002290,203.0,29.0,7,1,348.0
U025575,203.0,29.0,7,1,348.0
U027538,203.0,29.0,7,1,348.0
U028007,203.0,29.0,7,1,348.0
U001262,203.0,29.0,7,1,348.0
U010728,203.0,29.0,7,1,348.0
U025703,203.0,29.0,7,1,348.0
U026015,203.0,29.0,7,1,348.0
U016709,203.0,29.0,7,1,348.0
U012772,203.0,29.0,7,1,348.0
U004560,203.0,29.0,7,1,348.0
U022695,203.0,29.0,7,1,348.0
U005109,203.0,29.0,7,1,348.0
U014972,203.0,29.0,7,1,348.0
U013271,203.0,29.0,7,1,348.0
U003585,203.0,29.0,7,1,348.0
U023162,203.0,29.0,7,1,348.0
U002132,203.0,29.0,7,1,348.0
U019509,203.0,29.0,7,1,348.0
U020107,203.0,29.0,7,1,348.0
U001083,203.0,29.0,7,1,348.0
U025999,203.0,29.0,7,1,348.0
U017503,203.0,29.0,7,1,348.0
U012276,203.0,29.0,7,1,348.0
U018343,203.0,29.0,7,1,348.0
U002384,203.0,29.0,7,1,348.0
U025319,203.0,29.0,7,1,348.0
U025099,203.0,29.0,7,1,348.0
U021741,203.0,29.0,7,1,348.0
U010119,203.0,29.0,7,1,348.0
U001621,203.0,29.0,7,1,348.0
U011257,203.0,29.0,7,1,348.0
U015706,203.0,29.0,7,1,348.0
U002389,203.0,29.0,7,1,348.0
U028406,203.0,29.0,7,1,348.0
U018519,203.0,29.0,7,1,348.0
U009508,203.0,29.0,7,1,348.0
U001599,203.0,29.0,7,1,348.0
U011966,203.0,29.0,7,1,348.0
U010898,203.0,29.0,7,1,348.0
U025351,203.0,29.0,7,1,348.0
U014964,203.0,29.0,7,1,348.0
U004635,203.0,29.0,7,1,348.0
U001902,203.0,29.0,7,1,348.0
U001160,203.0,29.0,7,1,348.0
U020428,203.0,29.0,7,1,348.0
U016797,203.0,29.0,7,1,348.0
U027629,203.0,29.0,7,1,348.0
U021401,203.0,29.0,7,1,348.0
U027632,203.0,29.0,7,1,348.0
U011307,203.0,29.0,7,1,348.0
U025969,203.0,29.0,7,1,348.0
U016799,203.0,29.0,7,1,348.0
U005857,203.0,29.0,7,1,348.0
U017077,203.0,29.0,7,1,348.0
U023626,203.0,29.0,7,1,348.0
U016365,203.0,29.0,7,1,348.0
U002233,203.0,29.0,7,1,348.0
U014048,203.0,29.0,7,1,348.0
U001554,203.0,29.0,7,1,348.0
U028024,203.0,29.0,7,1,348.0
U025966,203.0,29.0,7,1,348.0
U016637,203.0,29.0,7,1,348.0
U028721,203.0,29.0,7,1,348.0
U018871,203.0,29.0,7,1,348.0
U002009,203.0,29.0,7,1,348.0
U026795,203.0,29.0,7,1,348.0
U003549,203.0,29.0,7,1,348.0
U020855,203.0,29.0,7,1,348.0
U014044,203.0,29.0,7,1,348.0
U013299,203.0,29.0,7,1,348.0
U006113,203.0,29.0,7,1,348.0
U023021,203.0,29.0,7,1,348.0
U024751,203.0,29.0,7,1,348.0
U013300,203.0,29.0,7,1,348.0
U021809,203.0,29.0,7,1,348.0
U009521,203.0,29.0,7,1,348.0
U007564,203.0,29.0,7,1,348.0
U012672,203.0,29.0,7,1,348.0
U010325,203.0,29.0,7,1,348.0
U021499,203.0,29.0,7,1,348.0
U005488,203.0,29.0,7,1,348.0
U019520,203.0,29.0,7,1,348.0
U027702,203.0,29.0,7,1,348.0
U006702,203.0,29.0,7,1,348.0
U002237,203.0,29.0,7,1,348.0
U027944,203.0,29.0,7,1,348.0
U018432,203.0,29.0,7,1,348.0
U002433,203.0,29.0,7,1,348.0
U005143,203.0,29.0,7,1,348.0
U004452,203.0,29.0,7,1,348.0
U014915,203.0,29.0,7,1,348.0
U012292,203.0,29.0,7,1,348.0
U001486,203.0,29.0,7,1,348.0
U025112,203.0,29.0,7,1,348.0
U018318,203.0,29.0,7,1,348.0
U020839,203.0,29.0,7,1,348.0
U007370,203.0,29.0,7,1,348.0
U016976,203.0,29.0,7,1,348.0
U019393,203.0,29.0,7,1,348.0
U004571,203.0,29.0,7,1,348.0
U005913,203.0,29.0,7,1,348.0
U019041,203.0,29.0,7,1,348.0
U027309,203.0,29.0,7,1,348.0
U020349,203.0,29.0,7,1,348.0
U012648,203.0,29.0,7,1,348.0
U025445,203.0,29.0,7,1,348.0
U001141,203.0,29.0,7,1,348.0
U003891,203.0,29.0,7,1,348.0
U010796,203.0,29.0,7,1,348.0
U008065,203.0,29.0,7,1,348.0
U026326,203.0,29.0,7,1,348.0
U004717,203.0,29.0,7,1,348.0
U005553,203.0,29.0,7,1,348.0
U009401,203.0,29.0,7,1,348.0
U022950,203.0,29.0,7,1,348.0
U000920,203.0,29.0,7,1,348.0
U004967,203.0,29.0,7,1,348.0
U009120,203.0,29.0,7,1,348.0
U027771,203.0,29.0,7,1,348.0
U026717,203.0,29.0,7,1,348.0
U005158,203.0,29.0,7,1,348.0
U018492,203.0,29.0,7,1,348.0
U012623,203.0,29.0,7,1,348.0
U014885,203.0,29.0,7,1,348.0
U023836,203.0,29.0,7,1,348.0
U009530,203.0,29.0,7,1,348.0
U015475,203.0,29.0,7,1,348.0
U018556,203.0,29.0,7,1,348.0
U026713,203.0,29.0,7,1,348.0
U003459,203.0,29.0,7,1,348.0
U010469,203.0,29.0,7,1,348.0
U025752,203.0,29.0,7,1,348.0
U018560,203.0,29.0,7,1,348.0
U004142,203.0,29.0,7,1,348.0
U003976,203.0,29.0,7,1,348.0
U029019,203.0,29.0,7,1,348.0
U020495,203.0,29.0,7,1,348.0
U011096,203.0,29.0,7,1,348.0
U002481,203.0,29.0,7,1,348.0
U023252,203.0,29.0,7,1,348.0
U029371,203.0,29.0,7,1,348.0
U004151,203.0,29.0,7,1,348.0
U009365,203.0,29.0,7,1,348.0
U004006,203.0,29.0,7,1,348.0
U004799,203.0,29.0,7,1,348.0
U025122,203.0,29.0,7,1,348.0
U011083,203.0,29.0,7,1,348.0
U002002,203.0,29.0,7,1,348.0
U002495,203.0,29.0,7,1,348.0
U026683,203.0,29.0,7,1,348.0
U016299,203.0,29.0,7,1,348.0
U026679,203.0,29.0,7,1,348.0
U014133,203.0,29.0,7,1,348.0
U000480,203.0,29.0,7,1,348.0
U023268,203.0,29.0,7,1,348.0
U017736,203.0,29.0,7,1,348.0
U019272,203.0,29.0,7,1,348.0
U003411,203.0,29.0,7,1,348.0
U002245,203.0,29.0,7,1,348.0
U010437,203.0,29.0,7,1,348.0
U018776,203.0,29.0,7,1,348.0
U022399,203.0,29.0,7,1,348.0
U013528,203.0,29.0,7,1,348.0
U014057,203.0,29.0,7,1,348.0
U006436,203.0,29.0,7,1,348.0
U005413,203.0,29.0,7,1,348.0
U015857,203.0,29.0,7,1,348.0
U005168,203.0,29.0,7,1,348.0
U002086,203.0,29.0,7,1,348.0
U016535,203.0,29.0,7,1,348.0
U005408,203.0,29.0,7,1,348.0
U020108,203.0,29.0,7,1,348.0
U006849,203.0,29.0,7,1,348.0
U010258,203.0,29.0,7,1,348.0
U008089,203.0,29.0,7,1,348.0
U000874,203.0,29.0,7,1,348.0
U014070,203.0,29.0,7,1,348.0
U014448,203.0,29.0,7,1,348.0
U009915,203.0,29.0,7,1,348.0
U006016,203.0,29.0,7,1,348.0
U026077,203.0,29.0,7,1,348.0
U011041,203.0,29.0,7,1,348.0
U013891,203.0,29.0,7,1,348.0
U009909,203.0,29.0,7,1,348.0
U029547,203.0,29.0,7,1,348.0
U024657,203.0,29.0,7,1,348.0
U017789,203.0,29.0,7,1,348.0
U007411,203.0,29.0,7,1,348.0
U024079,203.0,29.0,7,1,348.0
U003299,203.0,29.0,7,1,348.0
U029570,203.0,29.0,7,1,348.0
U012311,203.0,29.0,7,1,348.0
U003294,203.0,29.0,7,1,348.0
U003291,203.0,29.0,7,1,348.0
U003279,203.0,29.0,7,1,348.0
U008287,203.0,29.0,7,1,348.0
U005173,203.0,29.0,7,1,348.0
U011022,203.0,29.0,7,1,348.0
U003261,203.0,29.0,7,1,348.0
U008607,203.0,29.0,7,1,348.0
U021058,203.0,29.0,7,1,348.0
U007557,203.0,29.0,7,1,348.0
U008277,203.0,29.0,7,1,348.0
U011812,203.0,29.0,7,1,348.0
U011690,203.0,29.0,7,1,348.0
U019394,203.0,29.0,7,1,348.0
U020516,203.0,29.0,7,1,348.0
U011007,203.0,29.0,7,1,348.0
U017049,203.0,29.0,7,1,348.0
U026611,203.0,29.0,7,1,348.0
U005376,203.0,29.0,7,1,348.0
U008627,203.0,29.0,7,1,348.0
U008267,203.0,29.0,7,1,348.0
U007194,203.0,29.0,7,1,348.0
U028520,203.0,29.0,7,1,348.0
U020517,203.0,29.0,7,1,348.0
U025154,203.0,29.0,7,1,348.0
U017666,203.0,29.0,7,1,348.0
U009951,203.0,29.0,7,1,348.0
U011670,203.0,29.0,7,1,348.0
U028777,203.0,29.0,7,1,348.0
U013819,203.0,29.0,7,1,348.0
U011527,203.0,29.0,7,1,348.0
U015369,203.0,29.0,7,1,348.0
U029721,203.0,29.0,7,1,348.0
U004433,203.0,29.0,7,1,348.0
U015366,203.0,29.0,7,1,348.0
U016258,203.0,29.0,7,1,348.0
U019926,203.0,29.0,7,1,348.0
U008640,203.0,29.0,7,1,348.0
U020110,203.0,29.0,7,1,348.0
U009321,203.0,29.0,7,1,348.0
U014808,203.0,29.0,7,1,348.0
U025888,203.0,29.0,7,1,348.0
U003787,203.0,29.0,7,1,348.0
U029765,203.0,29.0,7,1,348.0
U013161,203.0,29.0,7,1,348.0
U015952,203.0,29.0,7,1,348.0
U007191,203.0,29.0,7,1,348.0
U021377,203.0,29.0,7,1,348.0
U003561,203.0,29.0,7,1,348.0
U024165,203.0,29.0,7,1,348.0
U005356,203.0,29.0,7,1,348.0
U014246,203.0,29.0,7,1,348.0
U007845,203.0,29.0,7,1,348.0
U000665,203.0,29.0,7,1,348.0
U028785,203.0,29.0,7,1,348.0
U018257,203.0,29.0,7,1,348.0
U017254,203.0,29.0,7,1,348.0
U003183,203.0,29.0,7,1,348.0
U020425,203.0,29.0,7,1,348.0
U011655,203.0,29.0,7,1,348.0
U004422,203.0,29.0,7,1,348.0
U014247,203.0,29.0,7,1,348.0
U013773,203.0,29.0,7,1,348.0
U006808,203.0,29.0,7,1,348.0
U029844,203.0,29.0,7,1,348.0
U011652,203.0,29.0,7,1,348.0
U000930,203.0,29.0,7,1,348.0
U018678,203.0,29.0,7,1,348.0
U023750,203.0,29.0,7,1,348.0
U009025,203.0,29.0,7,1,348.0
U029861,203.0,29.0,7,1,348.0
U024182,203.0,29.0,7,1,348.0
U019901,203.0,29.0,7,1,348.0
U027394,203.0,29.0,7,1,348.0
U000671,203.0,29.0,7,1,348.0
U020214,203.0,29.0,7,1,348.0
U023399,203.0,29.0,7,1,348.0
U015755,203.0,29.0,7,1,348.0
U006803,203.0,29.0,7,1,348.0
U007168,203.0,29.0,7,1,348.0
U001223,203.0,29.0,7,1,348.0
U015168,203.0,29.0,7,1,348.0
U006001,203.0,29.0,7,1,348.0
U007689,203.0,29.0,7,1,348.0
U002285,203.0,29.0,7,1,348.0
U003147,203.0,29.0,7,1,348.0
U022974,203.0,29.0,7,1,348.0
U021864,203.0,29.0,7,1,348.0
U026236,203.0,29.0,7,1,348.0
U028500,203.0,29.0,7,1,348.0
U012611,199.0,199.0,1,1,2388.0
U010385,199.0,199.0,1,1,2388.0
U018901,199.0,199.0,1,1,2388.0
U016755,199.0,199.0,1,1,2388.0
U022804,199.0,199.0,1,1,2388.0
U008006,199.0,199.0,1,1,2388.0
U015040,199.0,199.0,1,1,2388.0
U006316,199.0,199.0,1,1,2388.0
U006365,199.0,199.0,1,1,2388.0
U000795,199.0,199.0,1,1,2388.0
U024871,199.0,199.0,1,1,2388.0
U029525,199.0,199.0,1,1,2388.0
U019652,199.0,199.0,1,1,2388.0
U011013,199.0,199.0,1,1,2388.0
U023721,199.0,199.0,1,1,2388.0
U022687,199.0,199.0,1,1,2388.0
U019931,199.0,199.0,1,1,2388.0
U003734,199.0,199.0,1,1,2388.0
U027191,199.0,199.0,1,1,2388.0
U029598,199.0,199.0,1,1,2388.0
U026395,199.0,199.0,1,1,2388.0
U001166,174.0,29.0,6,1,348.0
U021696,174.0,29.0,6,1,348.0
U001146,174.0,29.0,6,1,348.0
U016992,174.0,29.0,6,1,348.0
U028056,174.0,29.0,6,1,348.0
U001124,174.0,29.0,6,1,348.0
U025698,174.0,29.0,6,1,348.0
U004738,174.0,29.0,6,1,348.0
U014092,174.0,29.0,6,1,348.0
U003098,174.0,29.0,6,1,348.0
U028112,174.0,29.0,6,1,348.0
U010124,174.0,29.0,6,1,348.0
U004723,174.0,29.0,6,1,348.0
U028136,174.0,29.0,6,1,348.0
U028150,174.0,29.0,6,1,348.0
U010137,174.0,29.0,6,1,348.0
U010154,174.0,29.0,6,1,348.0
U018781,174.0,29.0,6,1,348.0
U025811,174.0,29.0,6,1,348.0
U004701,174.0,29.0,6,1,348.0
U028203,174.0,29.0,6,1,348.0
U000968,174.0,29.0,6,1,348.0
U012273,174.0,29.0,6,1,348.0
U017111,174.0,29.0,6,1,348.0
U000919,174.0,29.0,6,1,348.0
U018696,174.0,29.0,6,1,348.0
U021220,174.0,29.0,6,1,348.0
U020824,174.0,29.0,6,1,348.0
U012232,174.0,29.0,6,1,348.0
U028296,174.0,29.0,6,1,348.0
U000868,174.0,29.0,6,1,348.0
U017131,174.0,29.0,6,1,348.0
U028346,174.0,29.0,6,1,348.0
U000816,174.0,29.0,6,1,348.0
U025927,174.0,29.0,6,1,348.0
U015615,174.0,29.0,6,1,348.0
U018635,174.0,29.0,6,1,348.0
U008447,174.0,29.0,6,1,348.0
U012143,174.0,29.0,6,1,348.0
U000756,174.0,29.0,6,1,348.0
U012134,174.0,29.0,6,1,348.0
U020878,174.0,29.0,6,1,348.0
U023566,174.0,29.0,6,1,348.0
U020085,174.0,29.0,6,1,348.0
U017229,174.0,29.0,6,1,348.0
U000700,174.0,29.0,6,1,348.0
U000688,174.0,29.0,6,1,348.0
U017237,174.0,29.0,6,1,348.0
U028515,174.0,29.0,6,1,348.0
U004594,174.0,29.0,6,1,348.0
U028525,174.0,29.0,6,1,348.0
U028527,174.0,29.0,6,1,348.0
U000653,174.0,29.0,6,1,348.0
U028545,174.0,29.0,6,1,348.0
U009711,174.0,29.0,6,1,348.0
U028553,174.0,29.0,6,1,348.0
U028557,174.0,29.0,6,1,348.0
U000642,174.0,29.0,6,1,348.0
U018570,174.0,29.0,6,1,348.0
U017290,174.0,29.0,6,1,348.0
U026108,174.0,29.0,6,1,348.0
U020943,174.0,29.0,6,1,348.0
U028608,174.0,29.0,6,1,348.0
U000608,174.0,29.0,6,1,348.0
U021520,174.0,29.0,6,1,348.0
U000604,174.0,29.0,6,1,348.0
U018552,174.0,29.0,6,1,348.0
U011984,174.0,29.0,6,1,348.0
U004567,174.0,29.0,6,1,348.0
U003979,174.0,29.0,6,1,348.0
U004558,174.0,29.0,6,1,348.0
U007342,174.0,29.0,6,1,348.0
U028690,174.0,29.0,6,1,348.0
U006628,174.0,29.0,6,1,348.0
U010564,174.0,29.0,6,1,348.0
U028737,174.0,29.0,6,1,348.0
U015071,174.0,29.0,6,1,348.0
U021466,174.0,29.0,6,1,348.0
U026214,174.0,29.0,6,1,348.0
U026215,174.0,29.0,6,1,348.0
U023127,174.0,29.0,6,1,348.0
U023131,174.0,29.0,6,1,348.0
U021454,174.0,29.0,6,1,348.0
U021446,174.0,29.0,6,1,348.0
U007297,174.0,29.0,6,1,348.0
U006688,174.0,29.0,6,1,348.0
U011282,174.0,29.0,6,1,348.0
U000427,174.0,29.0,6,1,348.0
U010683,174.0,29.0,6,1,348.0
U010905,174.0,29.0,6,1,348.0
U011813,174.0,29.0,6,1,348.0
U026255,174.0,29.0,6,1,348.0
U000405,174.0,29.0,6,1,348.0
U008495,174.0,29.0,6,1,348.0
U026257,174.0,29.0,6,1,348.0
U015744,174.0,29.0,6,1,348.0
U021018,174.0,29.0,6,1,348.0
U010717,174.0,29.0,6,1,348.0
U021412,174.0,29.0,6,1,348.0
U018354,174.0,29.0,6,1,348.0
U028937,174.0,29.0,6,1,348.0
U017481,174.0,29.0,6,1,348.0
U018352,174.0,29.0,6,1,348.0
U026309,174.0,29.0,6,1,348.0
U028956,174.0,29.0,6,1,348.0
U006721,174.0,29.0,6,1,348.0
U028967,174.0,29.0,6,1,348.0
U018332,174.0,29.0,6,1,348.0
U000312,174.0,29.0,6,1,348.0
U010779,174.0,29.0,6,1,348.0
U000309,174.0,29.0,6,1,348.0
U029016,174.0,29.0,6,1,348.0
U000298,174.0,29.0,6,1,348.0
U015759,174.0,29.0,6,1,348.0
U010816,174.0,29.0,6,1,348.0
U017529,174.0,29.0,6,1,348.0
U026358,174.0,29.0,6,1,348.0
U007205,174.0,29.0,6,1,348.0
U018282,174.0,29.0,6,1,348.0
U010832,174.0,29.0,6,1,348.0
U011682,174.0,29.0,6,1,348.0
U010836,174.0,29.0,6,1,348.0
U026431,174.0,29.0,6,1,348.0
U026432,174.0,29.0,6,1,348.0
U004035,174.0,29.0,6,1,348.0
U015503,174.0,29.0,6,1,348.0
U023212,174.0,29.0,6,1,348.0
U003737,174.0,29.0,6,1,348.0
U029188,174.0,29.0,6,1,348.0
U014327,174.0,29.0,6,1,348.0
U023484,174.0,29.0,6,1,348.0
U000069,174.0,29.0,6,1,348.0
U026525,174.0,29.0,6,1,348.0
U029265,174.0,29.0,6,1,348.0
U004368,174.0,29.0,6,1,348.0
U015788,174.0,29.0,6,1,348.0
U011394,174.0,29.0,6,1,348.0
U023465,174.0,29.0,6,1,348.0
U020255,174.0,29.0,6,1,348.0
U016038,174.0,29.0,6,1,348.0
U013965,174.0,29.0,6,1,348.0
U024291,174.0,29.0,6,1,348.0
U014624,174.0,29.0,6,1,348.0
U024297,174.0,29.0,6,1,348.0
U008182,174.0,29.0,6,1,348.0
U024338,174.0,29.0,6,1,348.0
U002955,174.0,29.0,6,1,348.0
U003452,174.0,29.0,6,1,348.0
U023983,174.0,29.0,6,1,348.0
U016077,174.0,29.0,6,1,348.0
U021277,174.0,29.0,6,1,348.0
U008835,174.0,29.0,6,1,348.0
U008836,174.0,29.0,6,1,348.0
U016102,174.0,29.0,6,1,348.0
U002909,174.0,29.0,6,1,348.0
U016115,174.0,29.0,6,1,348.0
U003442,174.0,29.0,6,1,348.0
U008854,174.0,29.0,6,1,348.0
U003437,174.0,29.0,6,1,348.0
U005261,174.0,29.0,6,1,348.0
U014699,174.0,29.0,6,1,348.0
U008891,174.0,29.0,6,1,348.0
U011095,174.0,29.0,6,1,348.0
U014704,174.0,29.0,6,1,348.0
U023253,174.0,29.0,6,1,348.0
U008893,174.0,29.0,6,1,348.0
U019766,174.0,29.0,6,1,348.0
U013550,174.0,29.0,6,1,348.0
U008905,174.0,29.0,6,1,348.0
U006975,174.0,29.0,6,1,348.0
U020309,174.0,29.0,6,1,348.0
U011076,174.0,29.0,6,1,348.0
U004168,174.0,29.0,6,1,348.0
U005843,174.0,29.0,6,1,348.0
U022096,174.0,29.0,6,1,348.0
U008114,174.0,29.0,6,1,348.0
U022393,174.0,29.0,6,1,348.0
U013468,174.0,29.0,6,1,348.0
U016207,174.0,29.0,6,1,348.0
U011070,174.0,29.0,6,1,348.0
U014412,174.0,29.0,6,1,348.0
U002676,174.0,29.0,6,1,348.0
U029440,174.0,29.0,6,1,348.0
U029444,174.0,29.0,6,1,348.0
U014779,174.0,29.0,6,1,348.0
U005205,174.0,29.0,6,1,348.0
U024592,174.0,29.0,6,1,348.0
U005198,174.0,29.0,6,1,348.0
U013410,174.0,29.0,6,1,348.0
U003733,174.0,29.0,6,1,348.0
U011363,174.0,29.0,6,1,348.0
U003387,174.0,29.0,6,1,348.0
U009066,174.0,29.0,6,1,348.0
U026621,174.0,29.0,6,1,348.0
U020157,174.0,29.0,6,1,348.0
U011457,174.0,29.0,6,1,348.0
U015111,174.0,29.0,6,1,348.0
U008526,174.0,29.0,6,1,348.0
U024643,174.0,29.0,6,1,348.0
U016272,174.0,29.0,6,1,348.0
U019609,174.0,29.0,6,1,348.0
U013911,174.0,29.0,6,1,348.0
U026637,174.0,29.0,6,1,348.0
U002533,174.0,29.0,6,1,348.0
U008400,174.0,29.0,6,1,348.0
U029504,174.0,29.0,6,1,348.0
U013393,174.0,29.0,6,1,348.0
U017721,174.0,29.0,6,1,348.0
U013392,174.0,29.0,6,1,348.0
U013385,174.0,29.0,6,1,348.0
U002521,174.0,29.0,6,1,348.0
U002499,174.0,29.0,6,1,348.0
U005546,174.0,29.0,6,1,348.0
U002493,174.0,29.0,6,1,348.0
U013371,174.0,29.0,6,1,348.0
U024694,174.0,29.0,6,1,348.0
U008074,174.0,29.0,6,1,348.0
U013357,174.0,29.0,6,1,348.0
U002469,174.0,29.0,6,1,348.0
U019558,174.0,29.0,6,1,348.0
U022413,174.0,29.0,6,1,348.0
U002450,174.0,29.0,6,1,348.0
U029543,174.0,29.0,6,1,348.0
U011324,174.0,29.0,6,1,348.0
U026779,174.0,29.0,6,1,348.0
U026803,174.0,29.0,6,1,348.0
U019513,174.0,29.0,6,1,348.0
U013880,174.0,29.0,6,1,348.0
U015409,174.0,29.0,6,1,348.0
U016370,174.0,29.0,6,1,348.0
U029560,174.0,29.0,6,1,348.0
U009231,174.0,29.0,6,1,348.0
U016397,174.0,29.0,6,1,348.0
U019492,174.0,29.0,6,1,348.0
U016410,174.0,29.0,6,1,348.0
U008290,174.0,29.0,6,1,348.0
U004276,174.0,29.0,6,1,348.0
U004275,174.0,29.0,6,1,348.0
U013222,174.0,29.0,6,1,348.0
U019467,174.0,29.0,6,1,348.0
U002314,174.0,29.0,6,1,348.0
U011493,174.0,29.0,6,1,348.0
U013205,174.0,29.0,6,1,348.0
U017832,174.0,29.0,6,1,348.0
U011496,174.0,29.0,6,1,348.0
U005669,174.0,29.0,6,1,348.0
U024838,174.0,29.0,6,1,348.0
U011023,174.0,29.0,6,1,348.0
U013186,174.0,29.0,6,1,348.0
U020414,174.0,29.0,6,1,348.0
U015569,174.0,29.0,6,1,348.0
U002271,174.0,29.0,6,1,348.0
U013164,174.0,29.0,6,1,348.0
U009320,174.0,29.0,6,1,348.0
U029623,174.0,29.0,6,1,348.0
U013156,174.0,29.0,6,1,348.0
U009335,174.0,29.0,6,1,348.0
U002239,174.0,29.0,6,1,348.0
U019384,174.0,29.0,6,1,348.0
U002221,174.0,29.0,6,1,348.0
U016480,174.0,29.0,6,1,348.0
U019941,174.0,29.0,6,1,348.0
U027020,174.0,29.0,6,1,348.0
U013123,174.0,29.0,6,1,348.0
U027040,174.0,29.0,6,1,348.0
U014171,174.0,29.0,6,1,348.0
U022228,174.0,29.0,6,1,348.0
U005687,174.0,29.0,6,1,348.0
U024919,174.0,29.0,6,1,348.0
U019368,174.0,29.0,6,1,348.0
U013097,174.0,29.0,6,1,348.0
U015923,174.0,29.0,6,1,348.0
U029672,174.0,29.0,6,1,348.0
U016515,174.0,29.0,6,1,348.0
U019355,174.0,29.0,6,1,348.0
U027106,174.0,29.0,6,1,348.0
U019340,174.0,29.0,6,1,348.0
U018124,174.0,29.0,6,1,348.0
U027116,174.0,29.0,6,1,348.0
U020453,174.0,29.0,6,1,348.0
U006062,174.0,29.0,6,1,348.0
U013037,174.0,29.0,6,1,348.0
U019324,174.0,29.0,6,1,348.0
U002054,174.0,29.0,6,1,348.0
U016578,174.0,29.0,6,1,348.0
U014120,174.0,29.0,6,1,348.0
U016596,174.0,29.0,6,1,348.0
U025046,174.0,29.0,6,1,348.0
U016609,174.0,29.0,6,1,348.0
U027241,174.0,29.0,6,1,348.0
U004993,174.0,29.0,6,1,348.0
U009487,174.0,29.0,6,1,348.0
U029726,174.0,29.0,6,1,348.0
U016647,174.0,29.0,6,1,348.0
U029729,174.0,29.0,6,1,348.0
U005527,174.0,29.0,6,1,348.0
U020491,174.0,29.0,6,1,348.0
U016667,174.0,29.0,6,1,348.0
U009543,174.0,29.0,6,1,348.0
U025146,174.0,29.0,6,1,348.0
U019922,174.0,29.0,6,1,348.0
U010974,174.0,29.0,6,1,348.0
U012891,174.0,29.0,6,1,348.0
U004237,174.0,29.0,6,1,348.0
U015352,174.0,29.0,6,1,348.0
U001832,174.0,29.0,6,1,348.0
U015018,174.0,29.0,6,1,348.0
U004937,174.0,29.0,6,1,348.0
U012841,174.0,29.0,6,1,348.0
U001774,174.0,29.0,6,1,348.0
U027464,174.0,29.0,6,1,348.0
U007810,174.0,29.0,6,1,348.0
U029782,174.0,29.0,6,1,348.0
U005512,174.0,29.0,6,1,348.0
U025261,174.0,29.0,6,1,348.0
U025268,174.0,29.0,6,1,348.0
U012787,174.0,29.0,6,1,348.0
U009656,174.0,29.0,6,1,348.0
U027530,174.0,29.0,6,1,348.0
U029799,174.0,29.0,6,1,348.0
U015344,174.0,29.0,6,1,348.0
U027533,174.0,29.0,6,1,348.0
U009666,174.0,29.0,6,1,348.0
U025288,174.0,29.0,6,1,348.0
U009676,174.0,29.0,6,1,348.0
U016769,174.0,29.0,6,1,348.0
U019157,174.0,29.0,6,1,348.0
U019145,174.0,29.0,6,1,348.0
U019129,174.0,29.0,6,1,348.0
U027637,174.0,29.0,6,1,348.0
U009734,174.0,29.0,6,1,348.0
U029838,174.0,29.0,6,1,348.0
U016802,174.0,29.0,6,1,348.0
U009762,174.0,29.0,6,1,348.0
U004861,174.0,29.0,6,1,348.0
U016806,174.0,29.0,6,1,348.0
U025383,174.0,29.0,6,1,348.0
U006239,174.0,29.0,6,1,348.0
U022845,174.0,29.0,6,1,348.0
U016821,174.0,29.0,6,1,348.0
U009802,174.0,29.0,6,1,348.0
U001513,174.0,29.0,6,1,348.0
U027736,174.0,29.0,6,1,348.0
U022857,174.0,29.0,6,1,348.0
U001464,174.0,29.0,6,1,348.0
U009831,174.0,29.0,6,1,348.0
U006270,174.0,29.0,6,1,348.0
U022862,174.0,29.0,6,1,348.0
U025454,174.0,29.0,6,1,348.0
U010949,174.0,29.0,6,1,348.0
U004198,174.0,29.0,6,1,348.0
U022468,174.0,29.0,6,1,348.0
U012637,174.0,29.0,6,1,348.0
U008690,174.0,29.0,6,1,348.0
U017620,174.0,29.0,6,1,348.0
U011573,174.0,29.0,6,1,348.0
U007711,174.0,29.0,6,1,348.0
U019892,174.0,29.0,6,1,348.0
U017786,174.0,29.0,6,1,348.0
U027785,174.0,29.0,6,1,348.0
U016873,174.0,29.0,6,1,348.0
U014104,174.0,29.0,6,1,348.0
U027843,174.0,29.0,6,1,348.0
U001369,174.0,29.0,6,1,348.0
U027849,174.0,29.0,6,1,348.0
U014212,174.0,29.0,6,1,348.0
U001364,174.0,29.0,6,1,348.0
U027869,174.0,29.0,6,1,348.0
U025557,174.0,29.0,6,1,348.0
U016898,174.0,29.0,6,1,348.0
U009955,174.0,29.0,6,1,348.0
U001284,174.0,29.0,6,1,348.0
U029960,174.0,29.0,6,1,348.0
U020244,174.0,29.0,6,1,348.0
U003110,174.0,29.0,6,1,348.0
U016921,174.0,29.0,6,1,348.0
U018937,174.0,29.0,6,1,348.0
U007636,174.0,29.0,6,1,348.0
U020741,174.0,29.0,6,1,348.0
U027991,174.0,29.0,6,1,348.0
U004173,174.0,29.0,6,1,348.0
U018208,174.0,29.0,6,1,348.0
U020749,174.0,29.0,6,1,348.0
U012008,158.0,79.0,2,1,948.0
U012356,158.0,79.0,2,1,948.0
U008654,158.0,79.0,2,1,948.0
U018481,158.0,79.0,2,1,948.0
U008877,158.0,79.0,2,1,948.0
U009414,158.0,79.0,2,1,948.0
U020982,158.0,79.0,2,1,948.0
U014004,158.0,79.0,2,1,948.0
U017651,158.0,79.0,2,1,948.0
U017016,158.0,79.0,2,1,948.0
U024964,158.0,79.0,2,1,948.0
U027103,158.0,79.0,2,1,948.0
U028620,158.0,79.0,2,1,948.0
U027095,158.0,79.0,2,1,948.0
U000102,158.0,79.0,2,1,948.0
U025820,158.0,79.0,2,1,948.0
U002130,158.0,79.0,2,1,948.0
U016648,158.0,79.0,2,1,948.0
U004781,158.0,79.0,2,1,948.0
U026130,158.0,79.0,2,1,948.0
U017800,158.0,79.0,2,1,948.0
U027954,158.0,79.0,2,1,948.0
U002917,158.0,79.0,2,1,948.0
U020201,158.0,79.0,2,1,948.0
U021758,158.0,79.0,2,1,948.0
U010627,158.0,79.0,2,1,948.0
U009979,158.0,79.0,2,1,948.0
U018434,158.0,79.0,2,1,948.0
U002949,158.0,79.0,2,1,948.0
U020960,158.0,79.0,2,1,948.0
U011873,158.0,79.0,2,1,948.0
U021952,158.0,79.0,2,1,948.0
U000073,158.0,79.0,2,1,948.0
U021899,158.0,79.0,2,1,948.0
U002143,158.0,79.0,2,1,948.0
U012945,158.0,79.0,2,1,948.0
U006109,158.0,79.0,2,1,948.0
U020438,158.0,79.0,2,1,948.0
U012347,158.0,79.0,2,1,948.0
U010643,158.0,79.0,2,1,948.0
U027920,158.0,79.0,2,1,948.0
U003555,158.0,79.0,2,1,948.0
U022280,158.0,79.0,2,1,948.0
U018527,158.0,79.0,2,1,948.0
U003486,158.0,79.0,2,1,948.0
U009505,158.0,79.0,2,1,948.0
U002168,158.0,79.0,2,1,948.0
U015009,158.0,79.0,2,1,948.0
U015128,158.0,79.0,2,1,948.0
U026145,158.0,79.0,2,1,948.0
U012520,158.0,79.0,2,1,948.0
U002978,158.0,79.0,2,1,948.0
U019294,158.0,79.0,2,1,948.0
U024325,158.0,79.0,2,1,948.0
U018728,158.0,79.0,2,1,948.0
U029871,158.0,79.0,2,1,948.0
U015266,158.0,79.0,2,1,948.0
U013650,158.0,79.0,2,1,948.0
U027224,158.0,79.0,2,1,948.0
U016494,158.0,79.0,2,1,948.0
U005044,158.0,79.0,2,1,948.0
U005779,158.0,79.0,2,1,948.0
U010535,158.0,79.0,2,1,948.0
U011820,158.0,79.0,2,1,948.0
U008323,158.0,79.0,2,1,948.0
U024295,158.0,79.0,2,1,948.0
U022179,158.0,79.0,2,1,948.0
U010539,158.0,79.0,2,1,948.0
U001966,158.0,79.0,2,1,948.0
U012287,158.0,79.0,2,1,948.0
U021730,158.0,79.0,2,1,948.0
U015483,158.0,79.0,2,1,948.0
U024860,158.0,79.0,2,1,948.0
U014361,158.0,79.0,2,1,948.0
U014059,158.0,79.0,2,1,948.0
U004689,158.0,79.0,2,1,948.0
U018727,158.0,79.0,2,1,948.0
U009314,158.0,79.0,2,1,948.0
U019848,158.0,79.0,2,1,948.0
U001389,158.0,79.0,2,1,948.0
U025053,158.0,79.0,2,1,948.0
U004536,158.0,79.0,2,1,948.0
U026271,158.0,79.0,2,1,948.0
U020710,158.0,79.0,2,1,948.0
U022484,158.0,79.0,2,1,948.0
U003082,158.0,79.0,2,1,948.0
U006083,158.0,79.0,2,1,948.0
U026905,158.0,79.0,2,1,948.0
U008720,158.0,79.0,2,1,948.0
U010301,158.0,79.0,2,1,948.0
U018724,158.0,79.0,2,1,948.0
U026898,158.0,79.0,2,1,948.0
U004188,158.0,79.0,2,1,948.0
U017768,158.0,79.0,2,1,948.0
U029925,158.0,79.0,2,1,948.0
U027813,158.0,79.0,2,1,948.0
U008728,158.0,79.0,2,1,948.0
U027181,158.0,79.0,2,1,948.0
U008736,158.0,79.0,2,1,948.0
U018674,158.0,79.0,2,1,948.0
U004121,158.0,79.0,2,1,948.0
U018364,158.0,79.0,2,1,948.0
U002008,158.0,79.0,2,1,948.0
U000521,158.0,79.0,2,1,948.0
U020663,158.0,79.0,2,1,948.0
U002332,158.0,79.0,2,1,948.0
U017141,158.0,79.0,2,1,948.0
U005097,158.0,79.0,2,1,948.0
U027793,158.0,79.0,2,1,948.0
U013955,158.0,79.0,2,1,948.0
U018195,158.0,79.0,2,1,948.0
U020661,158.0,79.0,2,1,948.0
U010736,158.0,79.0,2,1,948.0
U011599,158.0,79.0,2,1,948.0
U017379,158.0,79.0,2,1,948.0
U007708,158.0,79.0,2,1,948.0
U004138,158.0,79.0,2,1,948.0
U013708,158.0,79.0,2,1,948.0
U023413,158.0,79.0,2,1,948.0
U004346,158.0,79.0,2,1,948.0
U017635,158.0,79.0,2,1,948.0
U013268,158.0,79.0,2,1,948.0
U026823,158.0,79.0,2,1,948.0
U027738,158.0,79.0,2,1,948.0
U011341,158.0,79.0,2,1,948.0
U003445,158.0,79.0,2,1,948.0
U015460,158.0,79.0,2,1,948.0
U026815,158.0,79.0,2,1,948.0
U027868,158.0,79.0,2,1,948.0
U004726,158.0,79.0,2,1,948.0
U028970,158.0,79.0,2,1,948.0
U007491,158.0,79.0,2,1,948.0
U012190,158.0,79.0,2,1,948.0
U027719,158.0,79.0,2,1,948.0
U025925,158.0,79.0,2,1,948.0
U022958,158.0,79.0,2,1,948.0
U010761,158.0,79.0,2,1,948.0
U012411,158.0,79.0,2,1,948.0
U017170,158.0,79.0,2,1,948.0
U021285,158.0,79.0,2,1,948.0
U016351,158.0,79.0,2,1,948.0
U021180,158.0,79.0,2,1,948.0
U021644,158.0,79.0,2,1,948.0
U017117,158.0,79.0,2,1,948.0
U009813,158.0,79.0,2,1,948.0
U018647,158.0,79.0,2,1,948.0
U011082,158.0,79.0,2,1,948.0
U028999,158.0,79.0,2,1,948.0
U020619,158.0,79.0,2,1,948.0
U013932,158.0,79.0,2,1,948.0
U029427,158.0,79.0,2,1,948.0
U009767,158.0,79.0,2,1,948.0
U007525,158.0,79.0,2,1,948.0
U005148,158.0,79.0,2,1,948.0
U010346,158.0,79.0,2,1,948.0
U029012,158.0,79.0,2,1,948.0
U027657,158.0,79.0,2,1,948.0
U006232,158.0,79.0,2,1,948.0
U011256,158.0,79.0,2,1,948.0
U001056,158.0,79.0,2,1,948.0
U001556,158.0,79.0,2,1,948.0
U011713,158.0,79.0,2,1,948.0
U023272,158.0,79.0,2,1,948.0
U006856,158.0,79.0,2,1,948.0
U013364,158.0,79.0,2,1,948.0
U024696,158.0,79.0,2,1,948.0
U003882,158.0,79.0,2,1,948.0
U026333,158.0,79.0,2,1,948.0
U028039,158.0,79.0,2,1,948.0
U006747,158.0,79.0,2,1,948.0
U025991,158.0,79.0,2,1,948.0
U029485,158.0,79.0,2,1,948.0
U021299,158.0,79.0,2,1,948.0
U009922,158.0,79.0,2,1,948.0
U003376,158.0,79.0,2,1,948.0
U001338,158.0,79.0,2,1,948.0
U027865,158.0,79.0,2,1,948.0
U010811,158.0,79.0,2,1,948.0
U012142,158.0,79.0,2,1,948.0
U006753,158.0,79.0,2,1,948.0
U014138,158.0,79.0,2,1,948.0
U014084,158.0,79.0,2,1,948.0
U026361,158.0,79.0,2,1,948.0
U024033,158.0,79.0,2,1,948.0
U020575,158.0,79.0,2,1,948.0
U000734,158.0,79.0,2,1,948.0
U022809,158.0,79.0,2,1,948.0
U025883,158.0,79.0,2,1,948.0
U019985,158.0,79.0,2,1,948.0
U022411,158.0,79.0,2,1,948.0
U021304,158.0,79.0,2,1,948.0
U014450,158.0,79.0,2,1,948.0
U002584,158.0,79.0,2,1,948.0
U018856,158.0,79.0,2,1,948.0
U029540,158.0,79.0,2,1,948.0
U024055,158.0,79.0,2,1,948.0
U026026,158.0,79.0,2,1,948.0
U026389,158.0,79.0,2,1,948.0
U004921,158.0,79.0,2,1,948.0
U002605,158.0,79.0,2,1,948.0
U021560,158.0,79.0,2,1,948.0
U000211,158.0,79.0,2,1,948.0
U004427,158.0,79.0,2,1,948.0
U017706,158.0,79.0,2,1,948.0
U017075,158.0,79.0,2,1,948.0
U004922,158.0,79.0,2,1,948.0
U004011,158.0,79.0,2,1,948.0
U008560,158.0,79.0,2,1,948.0
U007444,158.0,79.0,2,1,948.0
U009045,158.0,79.0,2,1,948.0
U012827,158.0,79.0,2,1,948.0
U028021,158.0,79.0,2,1,948.0
U009614,158.0,79.0,2,1,948.0
U005515,158.0,79.0,2,1,948.0
U016237,158.0,79.0,2,1,948.0
U024103,158.0,79.0,2,1,948.0
U006766,158.0,79.0,2,1,948.0
U011648,158.0,79.0,2,1,948.0
U000190,158.0,79.0,2,1,948.0
U007185,158.0,79.0,2,1,948.0
U018244,158.0,79.0,2,1,948.0
U003645,158.0,79.0,2,1,948.0
U023630,158.0,79.0,2,1,948.0
U016712,158.0,79.0,2,1,948.0
U024555,158.0,79.0,2,1,948.0
U013458,158.0,79.0,2,1,948.0
U005386,158.0,79.0,2,1,948.0
U021546,158.0,79.0,2,1,948.0
U027424,158.0,79.0,2,1,948.0
U023317,158.0,79.0,2,1,948.0
U025172,158.0,79.0,2,1,948.0
U016200,158.0,79.0,2,1,948.0
U019669,158.0,79.0,2,1,948.0
U012859,158.0,79.0,2,1,948.0
U020187,158.0,79.0,2,1,948.0
U020191,158.0,79.0,2,1,948.0
U003894,158.0,79.0,2,1,948.0
U010056,158.0,79.0,2,1,948.0
U021686,158.0,79.0,2,1,948.0
U005381,158.0,79.0,2,1,948.0
U028519,158.0,79.0,2,1,948.0
U022227,158.0,79.0,2,1,948.0
U019681,158.0,79.0,2,1,948.0
U019704,158.0,79.0,2,1,948.0
U008130,158.0,79.0,2,1,948.0
U019735,158.0,79.0,2,1,948.0
U015921,158.0,79.0,2,1,948.0
U025666,158.0,79.0,2,1,948.0
U012890,158.0,79.0,2,1,948.0
U011288,158.0,79.0,2,1,948.0
U028539,158.0,79.0,2,1,948.0
U016945,158.0,79.0,2,1,948.0
U013534,158.0,79.0,2,1,948.0
U029710,158.0,79.0,2,1,948.0
U028187,158.0,79.0,2,1,948.0
U000649,158.0,79.0,2,1,948.0
U000133,158.0,79.0,2,1,948.0
U015929,158.0,79.0,2,1,948.0
U001857,158.0,79.0,2,1,948.0
U025541,158.0,79.0,2,1,948.0
U019265,158.0,79.0,2,1,948.0
U013540,158.0,79.0,2,1,948.0
U000989,158.0,79.0,2,1,948.0
U020939,158.0,79.0,2,1,948.0
U007400,158.0,79.0,2,1,948.0
U014878,158.0,79.0,2,1,948.0
U028582,158.0,79.0,2,1,948.0
U022759,158.0,79.0,2,1,948.0
U005250,158.0,79.0,2,1,948.0
U029197,158.0,79.0,2,1,948.0
U002836,158.0,79.0,2,1,948.0
U014706,158.0,79.0,2,1,948.0
U004962,158.0,79.0,2,1,948.0
U002859,158.0,79.0,2,1,948.0
U008146,158.0,79.0,2,1,948.0
U028194,158.0,79.0,2,1,948.0
U021937,145.0,29.0,5,1,348.0
U016551,145.0,29.0,5,1,348.0
U028219,145.0,29.0,5,1,348.0
U023855,145.0,29.0,5,1,348.0
U000485,145.0,29.0,5,1,348.0
U024682,145.0,29.0,5,1,348.0
U027118,145.0,29.0,5,1,348.0
U013064,145.0,29.0,5,1,348.0
U011232,145.0,29.0,5,1,348.0
U010613,145.0,29.0,5,1,348.0
U003560,145.0,29.0,5,1,348.0
U025589,145.0,29.0,5,1,348.0
U007939,145.0,29.0,5,1,348.0
U002131,145.0,29.0,5,1,348.0
U020450,145.0,29.0,5,1,348.0
U017105,145.0,29.0,5,1,348.0
U018440,145.0,29.0,5,1,348.0
U028783,145.0,29.0,5,1,348.0
U013073,145.0,29.0,5,1,348.0
U021729,145.0,29.0,5,1,348.0
U023641,145.0,29.0,5,1,348.0
U009390,145.0,29.0,5,1,348.0
U019351,145.0,29.0,5,1,348.0
U028232,145.0,29.0,5,1,348.0
U016508,145.0,29.0,5,1,348.0
U010092,145.0,29.0,5,1,348.0
U012511,145.0,29.0,5,1,348.0
U010654,145.0,29.0,5,1,348.0
U010660,145.0,29.0,5,1,348.0
U002169,145.0,29.0,5,1,348.0
U002172,145.0,29.0,5,1,348.0
U023137,145.0,29.0,5,1,348.0
U009362,145.0,29.0,5,1,348.0
U028837,145.0,29.0,5,1,348.0
U002182,145.0,29.0,5,1,348.0
U015059,145.0,29.0,5,1,348.0
U028847,145.0,29.0,5,1,348.0
U016913,145.0,29.0,5,1,348.0
U022703,145.0,29.0,5,1,348.0
U009354,145.0,29.0,5,1,348.0
U016482,145.0,29.0,5,1,348.0
U024877,145.0,29.0,5,1,348.0
U004496,145.0,29.0,5,1,348.0
U002231,145.0,29.0,5,1,348.0
U007962,145.0,29.0,5,1,348.0
U000925,145.0,29.0,5,1,348.0
U013143,145.0,29.0,5,1,348.0
U021972,145.0,29.0,5,1,348.0
U027904,145.0,29.0,5,1,348.0
U020409,145.0,29.0,5,1,348.0
U019458,145.0,29.0,5,1,348.0
U005484,145.0,29.0,5,1,348.0
U002294,145.0,29.0,5,1,348.0
U001328,145.0,29.0,5,1,348.0
U013195,145.0,29.0,5,1,348.0
U016435,145.0,29.0,5,1,348.0
U002298,145.0,29.0,5,1,348.0
U022673,145.0,29.0,5,1,348.0
U024828,145.0,29.0,5,1,348.0
U005082,145.0,29.0,5,1,348.0
U017830,145.0,29.0,5,1,348.0
U018369,145.0,29.0,5,1,348.0
U000357,145.0,29.0,5,1,348.0
U016426,145.0,29.0,5,1,348.0
U004478,145.0,29.0,5,1,348.0
U002324,145.0,29.0,5,1,348.0
U022985,145.0,29.0,5,1,348.0
U019490,145.0,29.0,5,1,348.0
U018362,145.0,29.0,5,1,348.0
U028928,145.0,29.0,5,1,348.0
U000340,145.0,29.0,5,1,348.0
U020817,145.0,29.0,5,1,348.0
U000335,145.0,29.0,5,1,348.0
U001329,145.0,29.0,5,1,348.0
U017022,145.0,29.0,5,1,348.0
U005098,145.0,29.0,5,1,348.0
U010233,145.0,29.0,5,1,348.0
U024790,145.0,29.0,5,1,348.0
U024784,145.0,29.0,5,1,348.0
U011759,145.0,29.0,5,1,348.0
U015690,145.0,29.0,5,1,348.0
U020705,145.0,29.0,5,1,348.0
U004680,145.0,29.0,5,1,348.0
U005115,145.0,29.0,5,1,348.0
U011139,145.0,29.0,5,1,348.0
U017499,145.0,29.0,5,1,348.0
U016369,145.0,29.0,5,1,348.0
U022637,145.0,29.0,5,1,348.0
U024757,145.0,29.0,5,1,348.0
U020362,145.0,29.0,5,1,348.0
U017507,145.0,29.0,5,1,348.0
U018339,145.0,29.0,5,1,348.0
U009192,145.0,29.0,5,1,348.0
U026788,145.0,29.0,5,1,348.0
U019519,145.0,29.0,5,1,348.0
U028270,145.0,29.0,5,1,348.0
U011225,145.0,29.0,5,1,348.0
U006736,145.0,29.0,5,1,348.0
U028994,145.0,29.0,5,1,348.0
U011725,145.0,29.0,5,1,348.0
U008057,145.0,29.0,5,1,348.0
U010783,145.0,29.0,5,1,348.0
U009144,145.0,29.0,5,1,348.0
U005548,145.0,29.0,5,1,348.0
U020346,145.0,29.0,5,1,348.0
U019563,145.0,29.0,5,1,348.0
U008072,145.0,29.0,5,1,348.0
U000906,145.0,29.0,5,1,348.0
U002480,145.0,29.0,5,1,348.0
U008471,145.0,29.0,5,1,348.0
U016286,145.0,29.0,5,1,348.0
U009095,145.0,29.0,5,1,348.0
U022591,145.0,29.0,5,1,348.0
U025868,145.0,29.0,5,1,348.0
U003672,145.0,29.0,5,1,348.0
U026356,145.0,29.0,5,1,348.0
U022051,145.0,29.0,5,1,348.0
U012239,145.0,29.0,5,1,348.0
U023540,145.0,29.0,5,1,348.0
U009067,145.0,29.0,5,1,348.0
U028285,145.0,29.0,5,1,348.0
U025755,145.0,29.0,5,1,348.0
U003678,145.0,29.0,5,1,348.0
U029064,145.0,29.0,5,1,348.0
U013406,145.0,29.0,5,1,348.0
U014142,145.0,29.0,5,1,348.0
U024624,145.0,29.0,5,1,348.0
U026589,145.0,29.0,5,1,348.0
U013412,145.0,29.0,5,1,348.0
U024610,145.0,29.0,5,1,348.0
U026392,145.0,29.0,5,1,348.0
U019620,145.0,29.0,5,1,348.0
U014802,145.0,29.0,5,1,348.0
U016249,145.0,29.0,5,1,348.0
U024584,145.0,29.0,5,1,348.0
U022064,145.0,29.0,5,1,348.0
U010850,145.0,29.0,5,1,348.0
U005878,145.0,29.0,5,1,348.0
U019635,145.0,29.0,5,1,348.0
U014787,145.0,29.0,5,1,348.0
U014786,145.0,29.0,5,1,348.0
U016233,145.0,29.0,5,1,348.0
U008105,145.0,29.0,5,1,348.0
U017557,145.0,29.0,5,1,348.0
U011634,145.0,29.0,5,1,348.0
U009013,145.0,29.0,5,1,348.0
U014770,145.0,29.0,5,1,348.0
U016206,145.0,29.0,5,1,348.0
U015175,145.0,29.0,5,1,348.0
U002709,145.0,29.0,5,1,348.0
U029136,145.0,29.0,5,1,348.0
U005233,145.0,29.0,5,1,348.0
U014226,145.0,29.0,5,1,348.0
U023199,145.0,29.0,5,1,348.0
U016186,145.0,29.0,5,1,348.0
U018218,145.0,29.0,5,1,348.0
U008437,145.0,29.0,5,1,348.0
U013520,145.0,29.0,5,1,348.0
U026449,145.0,29.0,5,1,348.0
U008924,145.0,29.0,5,1,348.0
U003951,145.0,29.0,5,1,348.0
U022098,145.0,29.0,5,1,348.0
U017127,145.0,29.0,5,1,348.0
U023501,145.0,29.0,5,1,348.0
U019749,145.0,29.0,5,1,348.0
U023494,145.0,29.0,5,1,348.0
U022104,145.0,29.0,5,1,348.0
U022997,145.0,29.0,5,1,348.0
U019756,145.0,29.0,5,1,348.0
U004068,145.0,29.0,5,1,348.0
U000124,145.0,29.0,5,1,348.0
U027850,145.0,29.0,5,1,348.0
U009907,145.0,29.0,5,1,348.0
U024469,145.0,29.0,5,1,348.0
U013551,145.0,29.0,5,1,348.0
U002852,145.0,29.0,5,1,348.0
U016138,145.0,29.0,5,1,348.0
U000114,145.0,29.0,5,1,348.0
U014148,145.0,29.0,5,1,348.0
U022317,145.0,29.0,5,1,348.0
U019802,145.0,29.0,5,1,348.0
U000107,145.0,29.0,5,1,348.0
U014002,145.0,29.0,5,1,348.0
U016121,145.0,29.0,5,1,348.0
U008853,145.0,29.0,5,1,348.0
U015238,145.0,29.0,5,1,348.0
U005804,145.0,29.0,5,1,348.0
U013610,145.0,29.0,5,1,348.0
U002929,145.0,29.0,5,1,348.0
U023672,145.0,29.0,5,1,348.0
U008825,145.0,29.0,5,1,348.0
U002964,145.0,29.0,5,1,348.0
U008819,145.0,29.0,5,1,348.0
U008181,145.0,29.0,5,1,348.0
U014349,145.0,29.0,5,1,348.0
U014641,145.0,29.0,5,1,348.0
U007688,145.0,29.0,5,1,348.0
U004369,145.0,29.0,5,1,348.0
U018994,145.0,29.0,5,1,348.0
U010077,145.0,29.0,5,1,348.0
U005299,145.0,29.0,5,1,348.0
U000043,145.0,29.0,5,1,348.0
U003023,145.0,29.0,5,1,348.0
U023474,145.0,29.0,5,1,348.0
U024260,145.0,29.0,5,1,348.0
U022487,145.0,29.0,5,1,348.0
U004358,145.0,29.0,5,1,348.0
U014365,145.0,29.0,5,1,348.0
U020249,145.0,29.0,5,1,348.0
U000863,145.0,29.0,5,1,348.0
U003820,145.0,29.0,5,1,348.0
U000860,145.0,29.0,5,1,348.0
U023976,145.0,29.0,5,1,348.0
U011351,145.0,29.0,5,1,348.0
U029318,145.0,29.0,5,1,348.0
U018673,145.0,29.0,5,1,348.0
U020832,145.0,29.0,5,1,348.0
U020833,145.0,29.0,5,1,348.0
U012618,145.0,29.0,5,1,348.0
U029337,145.0,29.0,5,1,348.0
U025460,145.0,29.0,5,1,348.0
U011106,145.0,29.0,5,1,348.0
U000705,145.0,29.0,5,1,348.0
U018097,145.0,29.0,5,1,348.0
U003414,145.0,29.0,5,1,348.0
U028472,145.0,29.0,5,1,348.0
U025229,145.0,29.0,5,1,348.0
U000781,145.0,29.0,5,1,348.0
U012829,145.0,29.0,5,1,348.0
U008574,145.0,29.0,5,1,348.0
U023717,145.0,29.0,5,1,348.0
U008430,145.0,29.0,5,1,348.0
U007056,145.0,29.0,5,1,348.0
U004929,145.0,29.0,5,1,348.0
U029390,145.0,29.0,5,1,348.0
U025209,145.0,29.0,5,1,348.0
U005429,145.0,29.0,5,1,348.0
U022390,145.0,29.0,5,1,348.0
U014278,145.0,29.0,5,1,348.0
U021551,145.0,29.0,5,1,348.0
U012149,145.0,29.0,5,1,348.0
U025420,145.0,29.0,5,1,348.0
U028343,145.0,29.0,5,1,348.0
U024109,145.0,29.0,5,1,348.0
U003395,145.0,29.0,5,1,348.0
U028013,145.0,29.0,5,1,348.0
U012848,145.0,29.0,5,1,348.0
U001811,145.0,29.0,5,1,348.0
U006155,145.0,29.0,5,1,348.0
U016823,145.0,29.0,5,1,348.0
U011011,145.0,29.0,5,1,348.0
U025970,145.0,29.0,5,1,348.0
U018633,145.0,29.0,5,1,348.0
U001833,145.0,29.0,5,1,348.0
U001591,145.0,29.0,5,1,348.0
U003247,145.0,29.0,5,1,348.0
U027388,145.0,29.0,5,1,348.0
U020524,145.0,29.0,5,1,348.0
U021878,145.0,29.0,5,1,348.0
U026061,145.0,29.0,5,1,348.0
U015390,145.0,29.0,5,1,348.0
U012146,145.0,29.0,5,1,348.0
U021826,145.0,29.0,5,1,348.0
U004597,145.0,29.0,5,1,348.0
U027375,145.0,29.0,5,1,348.0
U005634,145.0,29.0,5,1,348.0
U003574,145.0,29.0,5,1,348.0
U017672,145.0,29.0,5,1,348.0
U023995,145.0,29.0,5,1,348.0
U020011,145.0,29.0,5,1,348.0
U009567,145.0,29.0,5,1,348.0
U025150,145.0,29.0,5,1,348.0
U018073,145.0,29.0,5,1,348.0
U001175,145.0,29.0,5,1,348.0
U001186,145.0,29.0,5,1,348.0
U009560,145.0,29.0,5,1,348.0
U000660,145.0,29.0,5,1,348.0
U018590,145.0,29.0,5,1,348.0
U014918,145.0,29.0,5,1,348.0
U003427,145.0,29.0,5,1,348.0
U006353,145.0,29.0,5,1,348.0
U014505,145.0,29.0,5,1,348.0
U029687,145.0,29.0,5,1,348.0
U029481,145.0,29.0,5,1,348.0
U017020,145.0,29.0,5,1,348.0
U008634,145.0,29.0,5,1,348.0
U029483,145.0,29.0,5,1,348.0
U024141,145.0,29.0,5,1,348.0
U025750,145.0,29.0,5,1,348.0
U027978,145.0,29.0,5,1,348.0
U027359,145.0,29.0,5,1,348.0
U003770,145.0,29.0,5,1,348.0
U004145,145.0,29.0,5,1,348.0
U007406,145.0,29.0,5,1,348.0
U020162,145.0,29.0,5,1,348.0
U023260,145.0,29.0,5,1,348.0
U012659,145.0,29.0,5,1,348.0
U007620,145.0,29.0,5,1,348.0
U004326,145.0,29.0,5,1,348.0
U012894,145.0,29.0,5,1,348.0
U010447,145.0,29.0,5,1,348.0
U005631,145.0,29.0,5,1,348.0
U025132,145.0,29.0,5,1,348.0
U028569,145.0,29.0,5,1,348.0
U018772,145.0,29.0,5,1,348.0
U008638,145.0,29.0,5,1,348.0
U001618,145.0,29.0,5,1,348.0
U006574,145.0,29.0,5,1,348.0
U007867,145.0,29.0,5,1,348.0
U004886,145.0,29.0,5,1,348.0
U001643,145.0,29.0,5,1,348.0
U012736,145.0,29.0,5,1,348.0
U014192,145.0,29.0,5,1,348.0
U013801,145.0,29.0,5,1,348.0
U023561,145.0,29.0,5,1,348.0
U024149,145.0,29.0,5,1,348.0
U017193,145.0,29.0,5,1,348.0
U014403,145.0,29.0,5,1,348.0
U008649,145.0,29.0,5,1,348.0
U014244,145.0,29.0,5,1,348.0
U016775,145.0,29.0,5,1,348.0
U010470,145.0,29.0,5,1,348.0
U024156,145.0,29.0,5,1,348.0
U004964,145.0,29.0,5,1,348.0
U011293,145.0,29.0,5,1,348.0
U017306,145.0,29.0,5,1,348.0
U027575,145.0,29.0,5,1,348.0
U021217,145.0,29.0,5,1,348.0
U012363,145.0,29.0,5,1,348.0
U001220,145.0,29.0,5,1,348.0
U003357,145.0,29.0,5,1,348.0
U018770,145.0,29.0,5,1,348.0
U012926,145.0,29.0,5,1,348.0
U014536,145.0,29.0,5,1,348.0
U016650,145.0,29.0,5,1,348.0
U008299,145.0,29.0,5,1,348.0
U022816,145.0,29.0,5,1,348.0
U004777,145.0,29.0,5,1,348.0
U007372,145.0,29.0,5,1,348.0
U027673,145.0,29.0,5,1,348.0
U028165,145.0,29.0,5,1,348.0
U014976,145.0,29.0,5,1,348.0
U016646,145.0,29.0,5,1,348.0
U006431,145.0,29.0,5,1,348.0
U027556,145.0,29.0,5,1,348.0
U027713,145.0,29.0,5,1,348.0
U003421,145.0,29.0,5,1,348.0
U009668,145.0,29.0,5,1,348.0
U006809,145.0,29.0,5,1,348.0
U025286,145.0,29.0,5,1,348.0
U018374,145.0,29.0,5,1,348.0
U020643,145.0,29.0,5,1,348.0
U029426,145.0,29.0,5,1,348.0
U005718,145.0,29.0,5,1,348.0
U004211,145.0,29.0,5,1,348.0
U017163,145.0,29.0,5,1,348.0
U010952,145.0,29.0,5,1,348.0
U010512,145.0,29.0,5,1,348.0
U014451,145.0,29.0,5,1,348.0
U029843,145.0,29.0,5,1,348.0
U020484,145.0,29.0,5,1,348.0
U009507,145.0,29.0,5,1,348.0
U009660,145.0,29.0,5,1,348.0
U014242,145.0,29.0,5,1,348.0
U000717,145.0,29.0,5,1,348.0
U011962,145.0,29.0,5,1,348.0
U019167,145.0,29.0,5,1,348.0
U028073,145.0,29.0,5,1,348.0
U000557,145.0,29.0,5,1,348.0
U006605,145.0,29.0,5,1,348.0
U029869,145.0,29.0,5,1,348.0
U000714,145.0,29.0,5,1,348.0
U008482,145.0,29.0,5,1,348.0
U027506,145.0,29.0,5,1,348.0
U006087,145.0,29.0,5,1,348.0
U003166,145.0,29.0,5,1,348.0
U009461,145.0,29.0,5,1,348.0
U019897,145.0,29.0,5,1,348.0
U012793,145.0,29.0,5,1,348.0
U021918,145.0,29.0,5,1,348.0
U020883,145.0,29.0,5,1,348.0
U028675,145.0,29.0,5,1,348.0
U017755,145.0,29.0,5,1,348.0
U006174,145.0,29.0,5,1,348.0
U028377,145.0,29.0,5,1,348.0
U003870,145.0,29.0,5,1,348.0
U018086,145.0,29.0,5,1,348.0
U021348,145.0,29.0,5,1,348.0
U001983,145.0,29.0,5,1,348.0
U017353,145.0,29.0,5,1,348.0
U017360,145.0,29.0,5,1,348.0
U000954,145.0,29.0,5,1,348.0
U001733,145.0,29.0,5,1,348.0
U018092,145.0,29.0,5,1,348.0
U016005,145.0,29.0,5,1,348.0
U008717,145.0,29.0,5,1,348.0
U017031,145.0,29.0,5,1,348.0
U005333,145.0,29.0,5,1,348.0
U001747,145.0,29.0,5,1,348.0
U011929,145.0,29.0,5,1,348.0
U013000,145.0,29.0,5,1,348.0
U023430,145.0,29.0,5,1,348.0
U024205,145.0,29.0,5,1,348.0
U002001,145.0,29.0,5,1,348.0
U027185,145.0,29.0,5,1,348.0
U011580,145.0,29.0,5,1,348.0
U029939,145.0,29.0,5,1,348.0
U028383,145.0,29.0,5,1,348.0
U013012,145.0,29.0,5,1,348.0
U008558,145.0,29.0,5,1,348.0
U029944,145.0,29.0,5,1,348.0
U022722,145.0,29.0,5,1,348.0
U005013,145.0,29.0,5,1,348.0
U008731,145.0,29.0,5,1,348.0
U013718,145.0,29.0,5,1,348.0
U007540,145.0,29.0,5,1,348.0
U027951,145.0,29.0,5,1,348.0
U023699,145.0,29.0,5,1,348.0
U026174,145.0,29.0,5,1,348.0
U003115,145.0,29.0,5,1,348.0
U020147,145.0,29.0,5,1,348.0
U007335,145.0,29.0,5,1,348.0
U016020,145.0,29.0,5,1,348.0
U003112,145.0,29.0,5,1,348.0
U018483,145.0,29.0,5,1,348.0
U005559,145.0,29.0,5,1,348.0
U005015,145.0,29.0,5,1,348.0
U023807,145.0,29.0,5,1,348.0
U017373,145.0,29.0,5,1,348.0
U014934,145.0,29.0,5,1,348.0
U002023,145.0,29.0,5,1,348.0
U002033,145.0,29.0,5,1,348.0
U014959,145.0,29.0,5,1,348.0
U012826,145.0,29.0,5,1,348.0
U012419,145.0,29.0,5,1,348.0
U005017,145.0,29.0,5,1,348.0
U004751,145.0,29.0,5,1,348.0
U003571,145.0,29.0,5,1,348.0
U017182,145.0,29.0,5,1,348.0
U022407,145.0,29.0,5,1,348.0
U014789,116.0,29.0,4,1,348.0
U014792,116.0,29.0,4,1,348.0
U014937,116.0,29.0,4,1,348.0
U026250,116.0,29.0,4,1,348.0
U015097,116.0,29.0,4,1,348.0
U015114,116.0,29.0,4,1,348.0
U015250,116.0,29.0,4,1,348.0
U015263,116.0,29.0,4,1,348.0
U015312,116.0,29.0,4,1,348.0
U015349,116.0,29.0,4,1,348.0
U015378,116.0,29.0,4,1,348.0
U015463,116.0,29.0,4,1,348.0
U015479,116.0,29.0,4,1,348.0
U029346,116.0,29.0,4,1,348.0
U015649,116.0,29.0,4,1,348.0
U015697,116.0,29.0,4,1,348.0
U016104,116.0,29.0,4,1,348.0
U027497,116.0,29.0,4,1,348.0
U016105,116.0,29.0,4,1,348.0
U016117,116.0,29.0,4,1,348.0
U029357,116.0,29.0,4,1,348.0
U016171,116.0,29.0,4,1,348.0
U016194,116.0,29.0,4,1,348.0
U016296,116.0,29.0,4,1,348.0
U016385,116.0,29.0,4,1,348.0
U016388,116.0,29.0,4,1,348.0
U016414,116.0,29.0,4,1,348.0
U016444,116.0,29.0,4,1,348.0
U016467,116.0,29.0,4,1,348.0
U016486,116.0,29.0,4,1,348.0
U016503,116.0,29.0,4,1,348.0
U028158,116.0,29.0,4,1,348.0
U016504,116.0,29.0,4,1,348.0
U016528,116.0,29.0,4,1,348.0
U016576,116.0,29.0,4,1,348.0
U016675,116.0,29.0,4,1,348.0
U016849,116.0,29.0,4,1,348.0
U016967,116.0,29.0,4,1,348.0
U017212,116.0,29.0,4,1,348.0
U017287,116.0,29.0,4,1,348.0
U017446,116.0,29.0,4,1,348.0
U017560,116.0,29.0,4,1,348.0
U017643,116.0,29.0,4,1,348.0
U017653,116.0,29.0,4,1,348.0
U017753,116.0,29.0,4,1,348.0
U017770,116.0,29.0,4,1,348.0
U017801,116.0,29.0,4,1,348.0
U017829,116.0,29.0,4,1,348.0
U017851,116.0,29.0,4,1,348.0
U017956,116.0,29.0,4,1,348.0
U017978,116.0,29.0,4,1,348.0
U017979,116.0,29.0,4,1,348.0
U018036,116.0,29.0,4,1,348.0
U018082,116.0,29.0,4,1,348.0
U018220,116.0,29.0,4,1,348.0
U018299,116.0,29.0,4,1,348.0
U018304,116.0,29.0,4,1,348.0
U018479,116.0,29.0,4,1,348.0
U018516,116.0,29.0,4,1,348.0
U018688,116.0,29.0,4,1,348.0
U018780,116.0,29.0,4,1,348.0
U018849,116.0,29.0,4,1,348.0
U018885,116.0,29.0,4,1,348.0
U018968,116.0,29.0,4,1,348.0
U019084,116.0,29.0,4,1,348.0
U019170,116.0,29.0,4,1,348.0
U027591,116.0,29.0,4,1,348.0
U019244,116.0,29.0,4,1,348.0
U019333,116.0,29.0,4,1,348.0
U019349,116.0,29.0,4,1,348.0
U019363,116.0,29.0,4,1,348.0
U019556,116.0,29.0,4,1,348.0
U019604,116.0,29.0,4,1,348.0
U019615,116.0,29.0,4,1,348.0
U019688,116.0,29.0,4,1,348.0
U019699,116.0,29.0,4,1,348.0
U019808,116.0,29.0,4,1,348.0
U020096,116.0,29.0,4,1,348.0
U020161,116.0,29.0,4,1,348.0
U020197,116.0,29.0,4,1,348.0
U020218,116.0,29.0,4,1,348.0
U020246,116.0,29.0,4,1,348.0
U027619,116.0,29.0,4,1,348.0
U020272,116.0,29.0,4,1,348.0
U020354,116.0,29.0,4,1,348.0
U020373,116.0,29.0,4,1,348.0
U020447,116.0,29.0,4,1,348.0
U020479,116.0,29.0,4,1,348.0
U020591,116.0,29.0,4,1,348.0
U020693,116.0,29.0,4,1,348.0
U020869,116.0,29.0,4,1,348.0
U028255,116.0,29.0,4,1,348.0
U021028,116.0,29.0,4,1,348.0
U021034,116.0,29.0,4,1,348.0
U021090,116.0,29.0,4,1,348.0
U021099,116.0,29.0,4,1,348.0
U028261,116.0,29.0,4,1,348.0
U021109,116.0,29.0,4,1,348.0
U021351,116.0,29.0,4,1,348.0
U021484,116.0,29.0,4,1,348.0
U021779,116.0,29.0,4,1,348.0
U021785,116.0,29.0,4,1,348.0
U021876,116.0,29.0,4,1,348.0
U022055,116.0,29.0,4,1,348.0
U022224,116.0,29.0,4,1,348.0
U022238,116.0,29.0,4,1,348.0
U028893,116.0,29.0,4,1,348.0
U022270,116.0,29.0,4,1,348.0
U022341,116.0,29.0,4,1,348.0
U022467,116.0,29.0,4,1,348.0
U022567,116.0,29.0,4,1,348.0
U022606,116.0,29.0,4,1,348.0
U022639,116.0,29.0,4,1,348.0
U022790,116.0,29.0,4,1,348.0
U022861,116.0,29.0,4,1,348.0
U022873,116.0,29.0,4,1,348.0
U022912,116.0,29.0,4,1,348.0
U023053,116.0,29.0,4,1,348.0
U023057,116.0,29.0,4,1,348.0
U027683,116.0,29.0,4,1,348.0
U023109,116.0,29.0,4,1,348.0
U023227,116.0,29.0,4,1,348.0
U029524,116.0,29.0,4,1,348.0
U023230,116.0,29.0,4,1,348.0
U023329,116.0,29.0,4,1,348.0
U023384,116.0,29.0,4,1,348.0
U023428,116.0,29.0,4,1,348.0
U023523,116.0,29.0,4,1,348.0
U023577,116.0,29.0,4,1,348.0
U023590,116.0,29.0,4,1,348.0
U023654,116.0,29.0,4,1,348.0
U028932,116.0,29.0,4,1,348.0
U023676,116.0,29.0,4,1,348.0
U023693,116.0,29.0,4,1,348.0
U023715,116.0,29.0,4,1,348.0
U027712,116.0,29.0,4,1,348.0
U023943,116.0,29.0,4,1,348.0
U024076,116.0,29.0,4,1,348.0
U024195,116.0,29.0,4,1,348.0
U024234,116.0,29.0,4,1,348.0
U024273,116.0,29.0,4,1,348.0
U024411,116.0,29.0,4,1,348.0
U024455,116.0,29.0,4,1,348.0
U024471,116.0,29.0,4,1,348.0
U024500,116.0,29.0,4,1,348.0
U024612,116.0,29.0,4,1,348.0
U024625,116.0,29.0,4,1,348.0
U024639,116.0,29.0,4,1,348.0
U024798,116.0,29.0,4,1,348.0
U024993,116.0,29.0,4,1,348.0
U025094,116.0,29.0,4,1,348.0
U025178,116.0,29.0,4,1,348.0
U028339,116.0,29.0,4,1,348.0
U025225,116.0,29.0,4,1,348.0
U025227,116.0,29.0,4,1,348.0
U025411,116.0,29.0,4,1,348.0
U025499,116.0,29.0,4,1,348.0
U025662,116.0,29.0,4,1,348.0
U025700,116.0,29.0,4,1,348.0
U025725,116.0,29.0,4,1,348.0
U025756,116.0,29.0,4,1,348.0
U025869,116.0,29.0,4,1,348.0
U025908,116.0,29.0,4,1,348.0
U026036,116.0,29.0,4,1,348.0
U026354,116.0,29.0,4,1,348.0
U026362,116.0,29.0,4,1,348.0
U026461,116.0,29.0,4,1,348.0
U026546,116.0,29.0,4,1,348.0
U026547,116.0,29.0,4,1,348.0
U026559,116.0,29.0,4,1,348.0
U000144,116.0,29.0,4,1,348.0
U000561,116.0,29.0,4,1,348.0
U000563,116.0,29.0,4,1,348.0
U000652,116.0,29.0,4,1,348.0
U000696,116.0,29.0,4,1,348.0
U000872,116.0,29.0,4,1,348.0
U027150,116.0,29.0,4,1,348.0
U000886,116.0,29.0,4,1,348.0
U000899,116.0,29.0,4,1,348.0
U000976,116.0,29.0,4,1,348.0
U000990,116.0,29.0,4,1,348.0
U001170,116.0,29.0,4,1,348.0
U001233,116.0,29.0,4,1,348.0
U001277,116.0,29.0,4,1,348.0
U001290,116.0,29.0,4,1,348.0
U001341,116.0,29.0,4,1,348.0
U027174,116.0,29.0,4,1,348.0
U001496,116.0,29.0,4,1,348.0
U027805,116.0,29.0,4,1,348.0
U001497,116.0,29.0,4,1,348.0
U001602,116.0,29.0,4,1,348.0
U001653,116.0,29.0,4,1,348.0
U001697,116.0,29.0,4,1,348.0
U028403,116.0,29.0,4,1,348.0
U001727,116.0,29.0,4,1,348.0
U028409,116.0,29.0,4,1,348.0
U001780,116.0,29.0,4,1,348.0
U001821,116.0,29.0,4,1,348.0
U029041,116.0,29.0,4,1,348.0
U001962,116.0,29.0,4,1,348.0
U001969,116.0,29.0,4,1,348.0
U002066,116.0,29.0,4,1,348.0
U002205,116.0,29.0,4,1,348.0
U002224,116.0,29.0,4,1,348.0
U002248,116.0,29.0,4,1,348.0
U002259,116.0,29.0,4,1,348.0
U002322,116.0,29.0,4,1,348.0
U002323,116.0,29.0,4,1,348.0
U002342,116.0,29.0,4,1,348.0
U002523,116.0,29.0,4,1,348.0
U002556,116.0,29.0,4,1,348.0
U027207,116.0,29.0,4,1,348.0
U002567,116.0,29.0,4,1,348.0
U002781,116.0,29.0,4,1,348.0
U002873,116.0,29.0,4,1,348.0
U003040,116.0,29.0,4,1,348.0
U003311,116.0,29.0,4,1,348.0
U027215,116.0,29.0,4,1,348.0
U003385,116.0,29.0,4,1,348.0
U003447,116.0,29.0,4,1,348.0
U003570,116.0,29.0,4,1,348.0
U003572,116.0,29.0,4,1,348.0
U003688,116.0,29.0,4,1,348.0
U003693,116.0,29.0,4,1,348.0
U003711,116.0,29.0,4,1,348.0
U003916,116.0,29.0,4,1,348.0
U003928,116.0,29.0,4,1,348.0
U003993,116.0,29.0,4,1,348.0
U004002,116.0,29.0,4,1,348.0
U004112,116.0,29.0,4,1,348.0
U004443,116.0,29.0,4,1,348.0
U004596,116.0,29.0,4,1,348.0
U004676,116.0,29.0,4,1,348.0
U004848,116.0,29.0,4,1,348.0
U005021,116.0,29.0,4,1,348.0
U005023,116.0,29.0,4,1,348.0
U005025,116.0,29.0,4,1,348.0
U005042,116.0,29.0,4,1,348.0
U005189,116.0,29.0,4,1,348.0
U005267,116.0,29.0,4,1,348.0
U005342,116.0,29.0,4,1,348.0
U005368,116.0,29.0,4,1,348.0
U005455,116.0,29.0,4,1,348.0
U005518,116.0,29.0,4,1,348.0
U005609,116.0,29.0,4,1,348.0
U005712,116.0,29.0,4,1,348.0
U005747,116.0,29.0,4,1,348.0
U005965,116.0,29.0,4,1,348.0
U006032,116.0,29.0,4,1,348.0
U006065,116.0,29.0,4,1,348.0
U006071,116.0,29.0,4,1,348.0
U006266,116.0,29.0,4,1,348.0
U006321,116.0,29.0,4,1,348.0
U006482,116.0,29.0,4,1,348.0
U006624,116.0,29.0,4,1,348.0
U006653,116.0,29.0,4,1,348.0
U006664,116.0,29.0,4,1,348.0
U006685,116.0,29.0,4,1,348.0
U006701,116.0,29.0,4,1,348.0
U006731,116.0,29.0,4,1,348.0
U006827,116.0,29.0,4,1,348.0
U006847,116.0,29.0,4,1,348.0
U006874,116.0,29.0,4,1,348.0
U029780,116.0,29.0,4,1,348.0
U006912,116.0,29.0,4,1,348.0
U007127,116.0,29.0,4,1,348.0
U007143,116.0,29.0,4,1,348.0
U007264,116.0,29.0,4,1,348.0
U007266,116.0,29.0,4,1,348.0
U007323,116.0,29.0,4,1,348.0
U007366,116.0,29.0,4,1,348.0
U007539,116.0,29.0,4,1,348.0
U029797,116.0,29.0,4,1,348.0
U007669,116.0,29.0,4,1,348.0
U007766,116.0,29.0,4,1,348.0
U007809,116.0,29.0,4,1,348.0
U007823,116.0,29.0,4,1,348.0
U007955,116.0,29.0,4,1,348.0
U007989,116.0,29.0,4,1,348.0
U007999,116.0,29.0,4,1,348.0
U008058,116.0,29.0,4,1,348.0
U008097,116.0,29.0,4,1,348.0
U008103,116.0,29.0,4,1,348.0
U008326,116.0,29.0,4,1,348.0
U008398,116.0,29.0,4,1,348.0
U008541,116.0,29.0,4,1,348.0
U027341,116.0,29.0,4,1,348.0
U008592,116.0,29.0,4,1,348.0
U008597,116.0,29.0,4,1,348.0
U008659,116.0,29.0,4,1,348.0
U008693,116.0,29.0,4,1,348.0
U008725,116.0,29.0,4,1,348.0
U008757,116.0,29.0,4,1,348.0
U008758,116.0,29.0,4,1,348.0
U008872,116.0,29.0,4,1,348.0
U009048,116.0,29.0,4,1,348.0
U009091,116.0,29.0,4,1,348.0
U009234,116.0,29.0,4,1,348.0
U009326,116.0,29.0,4,1,348.0
U009366,116.0,29.0,4,1,348.0
U026794,116.0,29.0,4,1,348.0
U009440,116.0,29.0,4,1,348.0
U026796,116.0,29.0,4,1,348.0
U027993,116.0,29.0,4,1,348.0
U009492,116.0,29.0,4,1,348.0
U009609,116.0,29.0,4,1,348.0
U009631,116.0,29.0,4,1,348.0
U009714,116.0,29.0,4,1,348.0
U009771,116.0,29.0,4,1,348.0
U009793,116.0,29.0,4,1,348.0
U028593,116.0,29.0,4,1,348.0
U009804,116.0,29.0,4,1,348.0
U009817,116.0,29.0,4,1,348.0
U009854,116.0,29.0,4,1,348.0
U009871,116.0,29.0,4,1,348.0
U009899,116.0,29.0,4,1,348.0
U009938,116.0,29.0,4,1,348.0
U010095,116.0,29.0,4,1,348.0
U010335,116.0,29.0,4,1,348.0
U010440,116.0,29.0,4,1,348.0
U010547,116.0,29.0,4,1,348.0
U010673,116.0,29.0,4,1,348.0
U010762,116.0,29.0,4,1,348.0
U029240,116.0,29.0,4,1,348.0
U010829,116.0,29.0,4,1,348.0
U010878,116.0,29.0,4,1,348.0
U010943,116.0,29.0,4,1,348.0
U011112,116.0,29.0,4,1,348.0
U011163,116.0,29.0,4,1,348.0
U011462,116.0,29.0,4,1,348.0
U011597,116.0,29.0,4,1,348.0
U011653,116.0,29.0,4,1,348.0
U011691,116.0,29.0,4,1,348.0
U011710,116.0,29.0,4,1,348.0
U011752,116.0,29.0,4,1,348.0
U011906,116.0,29.0,4,1,348.0
U011956,116.0,29.0,4,1,348.0
U029922,116.0,29.0,4,1,348.0
U012248,116.0,29.0,4,1,348.0
U012251,116.0,29.0,4,1,348.0
U012570,116.0,29.0,4,1,348.0
U027422,116.0,29.0,4,1,348.0
U028053,116.0,29.0,4,1,348.0
U012583,116.0,29.0,4,1,348.0
U028647,116.0,29.0,4,1,348.0
U012592,116.0,29.0,4,1,348.0
U029278,116.0,29.0,4,1,348.0
U012628,116.0,29.0,4,1,348.0
U012759,116.0,29.0,4,1,348.0
U012779,116.0,29.0,4,1,348.0
U012820,116.0,29.0,4,1,348.0
U029289,116.0,29.0,4,1,348.0
U012850,116.0,29.0,4,1,348.0
U012931,116.0,29.0,4,1,348.0
U012981,116.0,29.0,4,1,348.0
U013039,116.0,29.0,4,1,348.0
U027439,116.0,29.0,4,1,348.0
U013124,116.0,29.0,4,1,348.0
U013165,116.0,29.0,4,1,348.0
U029961,116.0,29.0,4,1,348.0
U029962,116.0,29.0,4,1,348.0
U013346,116.0,29.0,4,1,348.0
U028674,116.0,29.0,4,1,348.0
U013359,116.0,29.0,4,1,348.0
U013549,116.0,29.0,4,1,348.0
U014065,116.0,29.0,4,1,348.0
U014108,116.0,29.0,4,1,348.0
U029310,116.0,29.0,4,1,348.0
U029996,116.0,29.0,4,1,348.0
U014132,116.0,29.0,4,1,348.0
U014201,116.0,29.0,4,1,348.0
U014205,116.0,29.0,4,1,348.0
U014230,116.0,29.0,4,1,348.0
U014333,116.0,29.0,4,1,348.0
U014352,116.0,29.0,4,1,348.0
U014385,116.0,29.0,4,1,348.0
U014518,116.0,29.0,4,1,348.0
U014581,116.0,29.0,4,1,348.0
U014679,116.0,29.0,4,1,348.0
U014692,116.0,29.0,4,1,348.0
U011165,87.0,29.0,3,1,348.0
U009903,87.0,29.0,3,1,348.0
U009445,87.0,29.0,3,1,348.0
U012729,87.0,29.0,3,1,348.0
U029353,87.0,29.0,3,1,348.0
U018657,87.0,29.0,3,1,348.0
U023321,87.0,29.0,3,1,348.0
U019849,87.0,29.0,3,1,348.0
U012697,87.0,29.0,3,1,348.0
U023059,87.0,29.0,3,1,348.0
U006746,87.0,29.0,3,1,348.0
U005349,87.0,29.0,3,1,348.0
U029463,87.0,29.0,3,1,348.0
U016936,87.0,29.0,3,1,348.0
U017976,87.0,29.0,3,1,348.0
U017977,87.0,29.0,3,1,348.0
U029617,87.0,29.0,3,1,348.0
U007825,87.0,29.0,3,1,348.0
U020553,87.0,29.0,3,1,348.0
U004091,87.0,29.0,3,1,348.0
U017982,87.0,29.0,3,1,348.0
U012441,87.0,29.0,3,1,348.0
U004469,87.0,29.0,3,1,348.0
U018698,87.0,29.0,3,1,348.0
U029632,87.0,29.0,3,1,348.0
U009065,87.0,29.0,3,1,348.0
U009083,87.0,29.0,3,1,348.0
U021103,87.0,29.0,3,1,348.0
U012420,87.0,29.0,3,1,348.0
U023061,87.0,29.0,3,1,348.0
U005353,87.0,29.0,3,1,348.0
U007408,87.0,29.0,3,1,348.0
U029683,87.0,29.0,3,1,348.0
U005715,87.0,29.0,3,1,348.0
U029709,87.0,29.0,3,1,348.0
U004641,87.0,29.0,3,1,348.0
U009877,87.0,29.0,3,1,348.0
U029749,87.0,29.0,3,1,348.0
U011631,87.0,29.0,3,1,348.0
U018676,87.0,29.0,3,1,348.0
U022664,87.0,29.0,3,1,348.0
U010275,87.0,29.0,3,1,348.0
U018713,87.0,29.0,3,1,348.0
U005007,87.0,29.0,3,1,348.0
U020921,87.0,29.0,3,1,348.0
U008084,87.0,29.0,3,1,348.0
U017072,87.0,29.0,3,1,348.0
U019311,87.0,29.0,3,1,348.0
U005810,87.0,29.0,3,1,348.0
U011577,87.0,29.0,3,1,348.0
U005708,87.0,29.0,3,1,348.0
U008041,87.0,29.0,3,1,348.0
U006274,87.0,29.0,3,1,348.0
U004639,87.0,29.0,3,1,348.0
U006884,87.0,29.0,3,1,348.0
U012325,87.0,29.0,3,1,348.0
U023597,87.0,29.0,3,1,348.0
U006540,87.0,29.0,3,1,348.0
U018726,87.0,29.0,3,1,348.0
U007384,87.0,29.0,3,1,348.0
U029873,87.0,29.0,3,1,348.0
U017107,87.0,29.0,3,1,348.0
U029915,87.0,29.0,3,1,348.0
U003823,87.0,29.0,3,1,348.0
U017116,87.0,29.0,3,1,348.0
U023686,87.0,29.0,3,1,348.0
U023687,87.0,29.0,3,1,348.0
U017136,87.0,29.0,3,1,348.0
U028170,87.0,29.0,3,1,348.0
U003741,87.0,29.0,3,1,348.0
U003667,87.0,29.0,3,1,348.0
U003628,87.0,29.0,3,1,348.0
U004180,87.0,29.0,3,1,348.0
U009807,87.0,29.0,3,1,348.0
U023067,87.0,29.0,3,1,348.0
U003619,87.0,29.0,3,1,348.0
U003614,87.0,29.0,3,1,348.0
U005698,87.0,29.0,3,1,348.0
U023859,87.0,29.0,3,1,348.0
U023934,87.0,29.0,3,1,348.0
U003492,87.0,29.0,3,1,348.0
U003482,87.0,29.0,3,1,348.0
U003471,87.0,29.0,3,1,348.0
U008019,87.0,29.0,3,1,348.0
U003465,87.0,29.0,3,1,348.0
U005689,87.0,29.0,3,1,348.0
U008650,87.0,29.0,3,1,348.0
U018753,87.0,29.0,3,1,348.0
U005921,87.0,29.0,3,1,348.0
U018045,87.0,29.0,3,1,348.0
U024004,87.0,29.0,3,1,348.0
U003402,87.0,29.0,3,1,348.0
U021924,87.0,29.0,3,1,348.0
U003397,87.0,29.0,3,1,348.0
U006683,87.0,29.0,3,1,348.0
U005080,87.0,29.0,3,1,348.0
U024053,87.0,29.0,3,1,348.0
U006681,87.0,29.0,3,1,348.0
U003336,87.0,29.0,3,1,348.0
U019925,87.0,29.0,3,1,348.0
U024084,87.0,29.0,3,1,348.0
U022611,87.0,29.0,3,1,348.0
U003290,87.0,29.0,3,1,348.0
U010648,87.0,29.0,3,1,348.0
U024102,87.0,29.0,3,1,348.0
U024136,87.0,29.0,3,1,348.0
U025163,87.0,29.0,3,1,348.0
U007349,87.0,29.0,3,1,348.0
U003195,87.0,29.0,3,1,348.0
U005328,87.0,29.0,3,1,348.0
U003193,87.0,29.0,3,1,348.0
U003176,87.0,29.0,3,1,348.0
U003156,87.0,29.0,3,1,348.0
U003152,87.0,29.0,3,1,348.0
U024233,87.0,29.0,3,1,348.0
U006063,87.0,29.0,3,1,348.0
U006679,87.0,29.0,3,1,348.0
U003024,87.0,29.0,3,1,348.0
U024353,87.0,29.0,3,1,348.0
U024365,87.0,29.0,3,1,348.0
U024403,87.0,29.0,3,1,348.0
U011504,87.0,29.0,3,1,348.0
U002857,87.0,29.0,3,1,348.0
U006676,87.0,29.0,3,1,348.0
U023342,87.0,29.0,3,1,348.0
U009331,87.0,29.0,3,1,348.0
U017693,87.0,29.0,3,1,348.0
U002813,87.0,29.0,3,1,348.0
U024478,87.0,29.0,3,1,348.0
U002731,87.0,29.0,3,1,348.0
U002726,87.0,29.0,3,1,348.0
U002712,87.0,29.0,3,1,348.0
U010165,87.0,29.0,3,1,348.0
U002634,87.0,29.0,3,1,348.0
U002547,87.0,29.0,3,1,348.0
U022401,87.0,29.0,3,1,348.0
U002543,87.0,29.0,3,1,348.0
U002508,87.0,29.0,3,1,348.0
U024688,87.0,29.0,3,1,348.0
U002449,87.0,29.0,3,1,348.0
U006840,87.0,29.0,3,1,348.0
U019689,87.0,29.0,3,1,348.0
U011481,87.0,29.0,3,1,348.0
U019951,87.0,29.0,3,1,348.0
U005220,87.0,29.0,3,1,348.0
U024722,87.0,29.0,3,1,348.0
U009741,87.0,29.0,3,1,348.0
U002360,87.0,29.0,3,1,348.0
U004322,87.0,29.0,3,1,348.0
U009318,87.0,29.0,3,1,348.0
U024839,87.0,29.0,3,1,348.0
U019416,87.0,29.0,3,1,348.0
U024841,87.0,29.0,3,1,348.0
U024911,87.0,29.0,3,1,348.0
U024927,87.0,29.0,3,1,348.0
U021309,87.0,29.0,3,1,348.0
U004534,87.0,29.0,3,1,348.0
U024939,87.0,29.0,3,1,348.0
U002138,87.0,29.0,3,1,348.0
U024991,87.0,29.0,3,1,348.0
U007972,87.0,29.0,3,1,348.0
U008257,87.0,29.0,3,1,348.0
U024996,87.0,29.0,3,1,348.0
U022243,87.0,29.0,3,1,348.0
U002038,87.0,29.0,3,1,348.0
U019429,87.0,29.0,3,1,348.0
U019967,87.0,29.0,3,1,348.0
U006833,87.0,29.0,3,1,348.0
U019969,87.0,29.0,3,1,348.0
U020818,87.0,29.0,3,1,348.0
U018118,87.0,29.0,3,1,348.0
U005791,87.0,29.0,3,1,348.0
U001945,87.0,29.0,3,1,348.0
U001896,87.0,29.0,3,1,348.0
U001887,87.0,29.0,3,1,348.0
U001865,87.0,29.0,3,1,348.0
U004150,87.0,29.0,3,1,348.0
U001858,87.0,29.0,3,1,348.0
U001736,87.0,29.0,3,1,348.0
U025278,87.0,29.0,3,1,348.0
U022154,87.0,29.0,3,1,348.0
U007958,87.0,29.0,3,1,348.0
U025299,87.0,29.0,3,1,348.0
U018828,87.0,29.0,3,1,348.0
U025333,87.0,29.0,3,1,348.0
U001499,87.0,29.0,3,1,348.0
U025465,87.0,29.0,3,1,348.0
U025478,87.0,29.0,3,1,348.0
U011419,87.0,29.0,3,1,348.0
U004345,87.0,29.0,3,1,348.0
U021840,87.0,29.0,3,1,348.0
U001416,87.0,29.0,3,1,348.0
U010545,87.0,29.0,3,1,348.0
U005403,87.0,29.0,3,1,348.0
U018140,87.0,29.0,3,1,348.0
U017761,87.0,29.0,3,1,348.0
U011405,87.0,29.0,3,1,348.0
U011942,87.0,29.0,3,1,348.0
U004672,87.0,29.0,3,1,348.0
U025549,87.0,29.0,3,1,348.0
U025563,87.0,29.0,3,1,348.0
U001211,87.0,29.0,3,1,348.0
U001164,87.0,29.0,3,1,348.0
U004624,87.0,29.0,3,1,348.0
U001119,87.0,29.0,3,1,348.0
U001045,87.0,29.0,3,1,348.0
U018506,87.0,29.0,3,1,348.0
U006641,87.0,29.0,3,1,348.0
U011934,87.0,29.0,3,1,348.0
U010089,87.0,29.0,3,1,348.0
U001017,87.0,29.0,3,1,348.0
U025856,87.0,29.0,3,1,348.0
U025878,87.0,29.0,3,1,348.0
U000857,87.0,29.0,3,1,348.0
U004240,87.0,29.0,3,1,348.0
U010087,87.0,29.0,3,1,348.0
U000780,87.0,29.0,3,1,348.0
U000759,87.0,29.0,3,1,348.0
U021331,87.0,29.0,3,1,348.0
U018160,87.0,29.0,3,1,348.0
U014798,87.0,29.0,3,1,348.0
U000638,87.0,29.0,3,1,348.0
U004032,87.0,29.0,3,1,348.0
U008227,87.0,29.0,3,1,348.0
U000611,87.0,29.0,3,1,348.0
U006817,87.0,29.0,3,1,348.0
U000605,87.0,29.0,3,1,348.0
U026148,87.0,29.0,3,1,348.0
U000528,87.0,29.0,3,1,348.0
U026195,87.0,29.0,3,1,348.0
U026310,87.0,29.0,3,1,348.0
U000318,87.0,29.0,3,1,348.0
U026359,87.0,29.0,3,1,348.0
U000207,87.0,29.0,3,1,348.0
U011889,87.0,29.0,3,1,348.0
U026414,87.0,29.0,3,1,348.0
U000101,87.0,29.0,3,1,348.0
U000094,87.0,29.0,3,1,348.0
U026544,87.0,29.0,3,1,348.0
U020460,87.0,29.0,3,1,348.0
U006487,87.0,29.0,3,1,348.0
U004163,87.0,29.0,3,1,348.0
U019479,87.0,29.0,3,1,348.0
U011349,87.0,29.0,3,1,348.0
U008912,87.0,29.0,3,1,348.0
U000024,87.0,29.0,3,1,348.0
U014766,87.0,29.0,3,1,348.0
U019757,87.0,29.0,3,1,348.0
U017809,87.0,29.0,3,1,348.0
U019482,87.0,29.0,3,1,348.0
U014760,87.0,29.0,3,1,348.0
U026657,87.0,29.0,3,1,348.0
U021339,87.0,29.0,3,1,348.0
U014698,87.0,29.0,3,1,348.0
U026716,87.0,29.0,3,1,348.0
U026772,87.0,29.0,3,1,348.0
U014634,87.0,29.0,3,1,348.0
U026857,87.0,29.0,3,1,348.0
U014500,87.0,29.0,3,1,348.0
U014486,87.0,29.0,3,1,348.0
U014456,87.0,29.0,3,1,348.0
U020856,87.0,29.0,3,1,348.0
U015439,87.0,29.0,3,1,348.0
U014392,87.0,29.0,3,1,348.0
U014377,87.0,29.0,3,1,348.0
U027120,87.0,29.0,3,1,348.0
U007011,87.0,29.0,3,1,348.0
U014355,87.0,29.0,3,1,348.0
U027163,87.0,29.0,3,1,348.0
U017423,87.0,29.0,3,1,348.0
U014309,87.0,29.0,3,1,348.0
U014303,87.0,29.0,3,1,348.0
U015525,87.0,29.0,3,1,348.0
U027285,87.0,29.0,3,1,348.0
U027302,87.0,29.0,3,1,348.0
U019773,87.0,29.0,3,1,348.0
U006804,87.0,29.0,3,1,348.0
U020262,87.0,29.0,3,1,348.0
U027343,87.0,29.0,3,1,348.0
U014167,87.0,29.0,3,1,348.0
U015625,87.0,29.0,3,1,348.0
U017435,87.0,29.0,3,1,348.0
U020867,87.0,29.0,3,1,348.0
U014150,87.0,29.0,3,1,348.0
U019506,87.0,29.0,3,1,348.0
U015651,87.0,29.0,3,1,348.0
U020268,87.0,29.0,3,1,348.0
U014128,87.0,29.0,3,1,348.0
U004236,87.0,29.0,3,1,348.0
U027445,87.0,29.0,3,1,348.0
U015709,87.0,29.0,3,1,348.0
U015718,87.0,29.0,3,1,348.0
U027545,87.0,29.0,3,1,348.0
U027547,87.0,29.0,3,1,348.0
U007889,87.0,29.0,3,1,348.0
U015742,87.0,29.0,3,1,348.0
U027581,87.0,29.0,3,1,348.0
U027628,87.0,29.0,3,1,348.0
U015773,87.0,29.0,3,1,348.0
U013989,87.0,29.0,3,1,348.0
U027645,87.0,29.0,3,1,348.0
U027648,87.0,29.0,3,1,348.0
U006602,87.0,29.0,3,1,348.0
U017457,87.0,29.0,3,1,348.0
U005860,87.0,29.0,3,1,348.0
U027662,87.0,29.0,3,1,348.0
U013958,87.0,29.0,3,1,348.0
U013933,87.0,29.0,3,1,348.0
U013931,87.0,29.0,3,1,348.0
U027745,87.0,29.0,3,1,348.0
U015842,87.0,29.0,3,1,348.0
U027804,87.0,29.0,3,1,348.0
U027832,87.0,29.0,3,1,348.0
U006973,87.0,29.0,3,1,348.0
U017869,87.0,29.0,3,1,348.0
U015105,87.0,29.0,3,1,348.0
U008452,87.0,29.0,3,1,348.0
U027839,87.0,29.0,3,1,348.0
U018929,87.0,29.0,3,1,348.0
U027847,87.0,29.0,3,1,348.0
U007206,87.0,29.0,3,1,348.0
U013809,87.0,29.0,3,1,348.0
U013792,87.0,29.0,3,1,348.0
U015959,87.0,29.0,3,1,348.0
U015968,87.0,29.0,3,1,348.0
U013706,87.0,29.0,3,1,348.0
U028110,87.0,29.0,3,1,348.0
U013664,87.0,29.0,3,1,348.0
U016082,87.0,29.0,3,1,348.0
U022868,87.0,29.0,3,1,348.0
U013594,87.0,29.0,3,1,348.0
U023395,87.0,29.0,3,1,348.0
U008438,87.0,29.0,3,1,348.0
U028251,87.0,29.0,3,1,348.0
U013543,87.0,29.0,3,1,348.0
U011261,87.0,29.0,3,1,348.0
U028313,87.0,29.0,3,1,348.0
U018946,87.0,29.0,3,1,348.0
U016236,87.0,29.0,3,1,348.0
U019820,87.0,29.0,3,1,348.0
U013425,87.0,29.0,3,1,348.0
U013421,87.0,29.0,3,1,348.0
U013402,87.0,29.0,3,1,348.0
U005375,87.0,29.0,3,1,348.0
U028501,87.0,29.0,3,1,348.0
U013372,87.0,29.0,3,1,348.0
U028544,87.0,29.0,3,1,348.0
U010371,87.0,29.0,3,1,348.0
U008815,87.0,29.0,3,1,348.0
U022584,87.0,29.0,3,1,348.0
U028588,87.0,29.0,3,1,348.0
U013302,87.0,29.0,3,1,348.0
U007852,87.0,29.0,3,1,348.0
U023012,87.0,29.0,3,1,348.0
U011742,87.0,29.0,3,1,348.0
U013263,87.0,29.0,3,1,348.0
U016399,87.0,29.0,3,1,348.0
U019271,87.0,29.0,3,1,348.0
U013221,87.0,29.0,3,1,348.0
U028751,87.0,29.0,3,1,348.0
U016438,87.0,29.0,3,1,348.0
U023209,87.0,29.0,3,1,348.0
U008421,87.0,29.0,3,1,348.0
U028868,87.0,29.0,3,1,348.0
U005371,87.0,29.0,3,1,348.0
U017917,87.0,29.0,3,1,348.0
U028894,87.0,29.0,3,1,348.0
U028910,87.0,29.0,3,1,348.0
U006126,87.0,29.0,3,1,348.0
U013084,87.0,29.0,3,1,348.0
U008406,87.0,29.0,3,1,348.0
U028963,87.0,29.0,3,1,348.0
U006123,87.0,29.0,3,1,348.0
U018644,87.0,29.0,3,1,348.0
U029028,87.0,29.0,3,1,348.0
U029067,87.0,29.0,3,1,348.0
U011696,87.0,29.0,3,1,348.0
U029146,87.0,29.0,3,1,348.0
U029175,87.0,29.0,3,1,348.0
U011693,87.0,29.0,3,1,348.0
U016685,87.0,29.0,3,1,348.0
U020095,87.0,29.0,3,1,348.0
U009911,87.0,29.0,3,1,348.0
U021774,87.0,29.0,3,1,348.0
U029196,87.0,29.0,3,1,348.0
U017494,79.0,79.0,1,1,948.0
U008740,79.0,79.0,1,1,948.0
U013465,79.0,79.0,1,1,948.0
U013028,79.0,79.0,1,1,948.0
U007113,79.0,79.0,1,1,948.0
U014165,79.0,79.0,1,1,948.0
U006556,79.0,79.0,1,1,948.0
U013678,79.0,79.0,1,1,948.0
U010474,79.0,79.0,1,1,948.0
U021627,79.0,79.0,1,1,948.0
U014697,79.0,79.0,1,1,948.0
U029774,79.0,79.0,1,1,948.0
U022698,79.0,79.0,1,1,948.0
U019021,79.0,79.0,1,1,948.0
U020602,79.0,79.0,1,1,948.0
U026650,79.0,79.0,1,1,948.0
U012155,79.0,79.0,1,1,948.0
U010734,79.0,79.0,1,1,948.0
U007617,79.0,79.0,1,1,948.0
U020827,79.0,79.0,1,1,948.0
U019810,79.0,79.0,1,1,948.0
U008548,79.0,79.0,1,1,948.0
U017686,79.0,79.0,1,1,948.0
U008343,79.0,79.0,1,1,948.0
U000523,79.0,79.0,1,1,948.0
U013321,79.0,79.0,1,1,948.0
U001016,79.0,79.0,1,1,948.0
U023588,79.0,79.0,1,1,948.0
U023015,79.0,79.0,1,1,948.0
U009118,79.0,79.0,1,1,948.0
U026396,79.0,79.0,1,1,948.0
U025280,79.0,79.0,1,1,948.0
U003604,79.0,79.0,1,1,948.0
U020667,79.0,79.0,1,1,948.0
U014940,79.0,79.0,1,1,948.0
U026301,79.0,79.0,1,1,948.0
U014609,79.0,79.0,1,1,948.0
U023625,79.0,79.0,1,1,948.0
U026580,79.0,79.0,1,1,948.0
U019357,79.0,79.0,1,1,948.0
U016584,79.0,79.0,1,1,948.0
U007432,79.0,79.0,1,1,948.0
U006944,79.0,79.0,1,1,948.0
U017790,79.0,79.0,1,1,948.0
U023047,79.0,79.0,1,1,948.0
U019063,79.0,79.0,1,1,948.0
U023068,79.0,79.0,1,1,948.0
U013026,79.0,79.0,1,1,948.0
U028761,79.0,79.0,1,1,948.0
U026820,79.0,79.0,1,1,948.0
U020958,79.0,79.0,1,1,948.0
U000520,79.0,79.0,1,1,948.0
U009370,79.0,79.0,1,1,948.0
U021616,79.0,79.0,1,1,948.0
U017571,58.0,29.0,2,1,348.0
U022927,58.0,29.0,2,1,348.0
U011156,58.0,29.0,2,1,348.0
U010763,58.0,29.0,2,1,348.0
U004760,58.0,29.0,2,1,348.0
U014920,58.0,29.0,2,1,348.0
U020551,58.0,29.0,2,1,348.0
U018691,58.0,29.0,2,1,348.0
U021901,58.0,29.0,2,1,348.0
U020120,58.0,29.0,2,1,348.0
U023339,58.0,29.0,2,1,348.0
U022599,58.0,29.0,2,1,348.0
U021545,58.0,29.0,2,1,348.0
U012148,58.0,29.0,2,1,348.0
U019619,58.0,29.0,2,1,348.0
U005713,58.0,29.0,2,1,348.0
U008714,58.0,29.0,2,1,348.0
U020564,58.0,29.0,2,1,348.0
U018001,58.0,29.0,2,1,348.0
U029881,58.0,29.0,2,1,348.0
U017613,58.0,29.0,2,1,348.0
U009822,58.0,29.0,2,1,348.0
U017104,58.0,29.0,2,1,348.0
U007393,58.0,29.0,2,1,348.0
U010709,58.0,29.0,2,1,348.0
U026507,58.0,29.0,2,1,348.0
U007582,58.0,29.0,2,1,348.0
U029919,58.0,29.0,2,1,348.0
U007578,58.0,29.0,2,1,348.0
U007577,58.0,29.0,2,1,348.0
U019054,58.0,29.0,2,1,348.0
U006096,58.0,29.0,2,1,348.0
U002930,58.0,29.0,2,1,348.0
U020153,58.0,29.0,2,1,348.0
U022834,58.0,29.0,2,1,348.0
U011554,58.0,29.0,2,1,348.0
U011552,58.0,29.0,2,1,348.0
U019650,58.0,29.0,2,1,348.0
U012256,58.0,29.0,2,1,348.0
U023485,58.0,29.0,2,1,348.0
U009372,58.0,29.0,2,1,348.0
U017658,58.0,29.0,2,1,348.0
U012063,58.0,29.0,2,1,348.0
U018410,58.0,29.0,2,1,348.0
U006863,58.0,29.0,2,1,348.0
U022852,58.0,29.0,2,1,348.0
U002041,58.0,29.0,2,1,348.0
U019085,58.0,29.0,2,1,348.0
U019383,58.0,29.0,2,1,348.0
U005918,58.0,29.0,2,1,348.0
U020397,58.0,29.0,2,1,348.0
U004466,58.0,29.0,2,1,348.0
U010639,58.0,29.0,2,1,348.0
U007098,58.0,29.0,2,1,348.0
U018777,58.0,29.0,2,1,348.0
U004744,58.0,29.0,2,1,348.0
U011052,58.0,29.0,2,1,348.0
U022140,58.0,29.0,2,1,348.0
U005221,58.0,29.0,2,1,348.0
U019942,58.0,29.0,2,1,348.0
U022041,58.0,29.0,2,1,348.0
U022400,58.0,29.0,2,1,348.0
U008614,58.0,29.0,2,1,348.0
U018448,58.0,29.0,2,1,348.0
U020984,58.0,29.0,2,1,348.0
U018451,58.0,29.0,2,1,348.0
U005678,58.0,29.0,2,1,348.0
U018096,58.0,29.0,2,1,348.0
U008976,58.0,29.0,2,1,348.0
U006670,58.0,29.0,2,1,348.0
U012005,58.0,29.0,2,1,348.0
U008260,58.0,29.0,2,1,348.0
U023488,58.0,29.0,2,1,348.0
U017738,58.0,29.0,2,1,348.0
U018120,58.0,29.0,2,1,348.0
U007519,58.0,29.0,2,1,348.0
U022151,58.0,29.0,2,1,348.0
U010577,58.0,29.0,2,1,348.0
U004578,58.0,29.0,2,1,348.0
U019716,58.0,29.0,2,1,348.0
U018488,58.0,29.0,2,1,348.0
U018829,58.0,29.0,2,1,348.0
U022621,58.0,29.0,2,1,348.0
U004207,58.0,29.0,2,1,348.0
U008246,58.0,29.0,2,1,348.0
U019730,58.0,29.0,2,1,348.0
U008936,58.0,29.0,2,1,348.0
U010969,58.0,29.0,2,1,348.0
U011927,58.0,29.0,2,1,348.0
U021011,58.0,29.0,2,1,348.0
U007049,58.0,29.0,2,1,348.0
U006326,58.0,29.0,2,1,348.0
U004489,58.0,29.0,2,1,348.0
U008228,58.0,29.0,2,1,348.0
U019999,58.0,29.0,2,1,348.0
U010955,58.0,29.0,2,1,348.0
U023312,58.0,29.0,2,1,348.0
U020845,58.0,29.0,2,1,348.0
U010069,58.0,29.0,2,1,348.0
U008915,58.0,29.0,2,1,348.0
U007036,58.0,29.0,2,1,348.0
U010513,58.0,29.0,2,1,348.0
U010951,58.0,29.0,2,1,348.0
U004250,58.0,29.0,2,1,348.0
U007261,58.0,29.0,2,1,348.0
U009628,58.0,29.0,2,1,348.0
U017400,58.0,29.0,2,1,348.0
U020852,58.0,29.0,2,1,348.0
U010932,58.0,29.0,2,1,348.0
U011854,58.0,29.0,2,1,348.0
U004771,58.0,29.0,2,1,348.0
U020015,58.0,29.0,2,1,348.0
U009243,58.0,29.0,2,1,348.0
U005649,58.0,29.0,2,1,348.0
U008513,58.0,29.0,2,1,348.0
U021738,58.0,29.0,2,1,348.0
U018550,58.0,29.0,2,1,348.0
U018199,58.0,29.0,2,1,348.0
U022753,58.0,29.0,2,1,348.0
U019202,58.0,29.0,2,1,348.0
U022569,58.0,29.0,2,1,348.0
U022173,58.0,29.0,2,1,348.0
U004402,58.0,29.0,2,1,348.0
U017841,58.0,29.0,2,1,348.0
U021200,58.0,29.0,2,1,348.0
U005642,58.0,29.0,2,1,348.0
U010011,58.0,29.0,2,1,348.0
U009200,58.0,29.0,2,1,348.0
U008193,58.0,29.0,2,1,348.0
U021974,58.0,29.0,2,1,348.0
U022178,58.0,29.0,2,1,348.0
U008191,58.0,29.0,2,1,348.0
U020486,58.0,29.0,2,1,348.0
U005862,58.0,29.0,2,1,348.0
U005288,58.0,29.0,2,1,348.0
U010435,58.0,29.0,2,1,348.0
U011785,58.0,29.0,2,1,348.0
U020692,58.0,29.0,2,1,348.0
U008469,58.0,29.0,2,1,348.0
U008465,58.0,29.0,2,1,348.0
U023404,58.0,29.0,2,1,348.0
U023296,58.0,29.0,2,1,348.0
U022704,58.0,29.0,2,1,348.0
U005854,58.0,29.0,2,1,348.0
U020501,58.0,29.0,2,1,348.0
U021635,58.0,29.0,2,1,348.0
U019245,58.0,29.0,2,1,348.0
U007668,58.0,29.0,2,1,348.0
U020702,58.0,29.0,2,1,348.0
U021636,58.0,29.0,2,1,348.0
U004249,58.0,29.0,2,1,348.0
U018261,58.0,29.0,2,1,348.0
U005039,58.0,29.0,2,1,348.0
U022648,58.0,29.0,2,1,348.0
U022583,58.0,29.0,2,1,348.0
U021643,58.0,29.0,2,1,348.0
U017496,58.0,29.0,2,1,348.0
U009137,58.0,29.0,2,1,348.0
U007177,58.0,29.0,2,1,348.0
U010374,58.0,29.0,2,1,348.0
U009545,58.0,29.0,2,1,348.0
U006763,58.0,29.0,2,1,348.0
U020079,58.0,29.0,2,1,348.0
U007849,58.0,29.0,2,1,348.0
U007650,58.0,29.0,2,1,348.0
U017521,58.0,29.0,2,1,348.0
U009108,58.0,29.0,2,1,348.0
U009099,58.0,29.0,2,1,348.0
U020529,58.0,29.0,2,1,348.0
U021654,58.0,29.0,2,1,348.0
U008770,58.0,29.0,2,1,348.0
U009901,58.0,29.0,2,1,348.0
U005475,58.0,29.0,2,1,348.0
U004288,58.0,29.0,2,1,348.0
U009893,58.0,29.0,2,1,348.0
U008112,58.0,29.0,2,1,348.0
U006435,58.0,29.0,2,1,348.0
U011646,58.0,29.0,2,1,348.0
U019307,58.0,29.0,2,1,348.0
U019002,58.0,29.0,2,1,348.0
U005464,58.0,29.0,2,1,348.0
U011170,58.0,29.0,2,1,348.0
U003914,58.0,29.0,2,1,348.0
U023627,58.0,29.0,2,1,348.0
U023695,58.0,29.0,2,1,348.0
U000019,58.0,29.0,2,1,348.0
U014767,58.0,29.0,2,1,348.0
U003558,58.0,29.0,2,1,348.0
U025019,58.0,29.0,2,1,348.0
U014744,58.0,29.0,2,1,348.0
U002022,58.0,29.0,2,1,348.0
U015195,58.0,29.0,2,1,348.0
U026689,58.0,29.0,2,1,348.0
U026691,58.0,29.0,2,1,348.0
U001961,58.0,29.0,2,1,348.0
U024399,58.0,29.0,2,1,348.0
U025093,58.0,29.0,2,1,348.0
U003636,58.0,29.0,2,1,348.0
U026791,58.0,29.0,2,1,348.0
U015276,58.0,29.0,2,1,348.0
U015297,58.0,29.0,2,1,348.0
U026828,58.0,29.0,2,1,348.0
U014595,58.0,29.0,2,1,348.0
U015323,58.0,29.0,2,1,348.0
U015006,58.0,29.0,2,1,348.0
U015351,58.0,29.0,2,1,348.0
U015007,58.0,29.0,2,1,348.0
U002838,58.0,29.0,2,1,348.0
U002822,58.0,29.0,2,1,348.0
U001849,58.0,29.0,2,1,348.0
U014434,58.0,29.0,2,1,348.0
U003764,58.0,29.0,2,1,348.0
U014407,58.0,29.0,2,1,348.0
U025185,58.0,29.0,2,1,348.0
U025191,58.0,29.0,2,1,348.0
U001776,58.0,29.0,2,1,348.0
U014368,58.0,29.0,2,1,348.0
U025235,58.0,29.0,2,1,348.0
U015489,58.0,29.0,2,1,348.0
U027157,58.0,29.0,2,1,348.0
U003683,58.0,29.0,2,1,348.0
U027165,58.0,29.0,2,1,348.0
U027167,58.0,29.0,2,1,348.0
U027176,58.0,29.0,2,1,348.0
U001719,58.0,29.0,2,1,348.0
U001711,58.0,29.0,2,1,348.0
U014296,58.0,29.0,2,1,348.0
U001699,58.0,29.0,2,1,348.0
U025274,58.0,29.0,2,1,348.0
U001681,58.0,29.0,2,1,348.0
U027330,58.0,29.0,2,1,348.0
U023957,58.0,29.0,2,1,348.0
U002765,58.0,29.0,2,1,348.0
U027401,58.0,29.0,2,1,348.0
U001630,58.0,29.0,2,1,348.0
U003757,58.0,29.0,2,1,348.0
U001596,58.0,29.0,2,1,348.0
U001594,58.0,29.0,2,1,348.0
U015682,58.0,29.0,2,1,348.0
U014095,58.0,29.0,2,1,348.0
U015687,58.0,29.0,2,1,348.0
U001592,58.0,29.0,2,1,348.0
U027515,58.0,29.0,2,1,348.0
U001562,58.0,29.0,2,1,348.0
U027543,58.0,29.0,2,1,348.0
U003264,58.0,29.0,2,1,348.0
U001483,58.0,29.0,2,1,348.0
U003647,58.0,29.0,2,1,348.0
U024139,58.0,29.0,2,1,348.0
U014039,58.0,29.0,2,1,348.0
U015757,58.0,29.0,2,1,348.0
U027611,58.0,29.0,2,1,348.0
U002625,58.0,29.0,2,1,348.0
U001370,58.0,29.0,2,1,348.0
U001335,58.0,29.0,2,1,348.0
U002620,58.0,29.0,2,1,348.0
U027650,58.0,29.0,2,1,348.0
U024609,58.0,29.0,2,1,348.0
U001305,58.0,29.0,2,1,348.0
U027729,58.0,29.0,2,1,348.0
U001283,58.0,29.0,2,1,348.0
U025621,58.0,29.0,2,1,348.0
U024614,58.0,29.0,2,1,348.0
U015860,58.0,29.0,2,1,348.0
U027827,58.0,29.0,2,1,348.0
U001151,58.0,29.0,2,1,348.0
U024629,58.0,29.0,2,1,348.0
U015890,58.0,29.0,2,1,348.0
U027859,58.0,29.0,2,1,348.0
U013854,58.0,29.0,2,1,348.0
U015901,58.0,29.0,2,1,348.0
U015907,58.0,29.0,2,1,348.0
U027879,58.0,29.0,2,1,348.0
U027890,58.0,29.0,2,1,348.0
U013827,58.0,29.0,2,1,348.0
U014805,58.0,29.0,2,1,348.0
U002563,58.0,29.0,2,1,348.0
U015954,58.0,29.0,2,1,348.0
U015955,58.0,29.0,2,1,348.0
U003607,58.0,29.0,2,1,348.0
U028087,58.0,29.0,2,1,348.0
U028102,58.0,29.0,2,1,348.0
U025797,58.0,29.0,2,1,348.0
U028145,58.0,29.0,2,1,348.0
U000941,58.0,29.0,2,1,348.0
U017673,58.0,29.0,2,1,348.0
U028172,58.0,29.0,2,1,348.0
U003451,58.0,29.0,2,1,348.0
U028233,58.0,29.0,2,1,348.0
U024667,58.0,29.0,2,1,348.0
U023993,58.0,29.0,2,1,348.0
U013589,58.0,29.0,2,1,348.0
U013548,58.0,29.0,2,1,348.0
U025902,58.0,29.0,2,1,348.0
U000843,58.0,29.0,2,1,348.0
U016201,58.0,29.0,2,1,348.0
U016234,58.0,29.0,2,1,348.0
U003641,58.0,29.0,2,1,348.0
U002444,58.0,29.0,2,1,348.0
U016266,58.0,29.0,2,1,348.0
U000640,58.0,29.0,2,1,348.0
U013398,58.0,29.0,2,1,348.0
U003400,58.0,29.0,2,1,348.0
U013376,58.0,29.0,2,1,348.0
U000630,58.0,29.0,2,1,348.0
U028540,58.0,29.0,2,1,348.0
U002435,58.0,29.0,2,1,348.0
U028572,58.0,29.0,2,1,348.0
U002348,58.0,29.0,2,1,348.0
U024807,58.0,29.0,2,1,348.0
U013257,58.0,29.0,2,1,348.0
U016428,58.0,29.0,2,1,348.0
U003092,58.0,29.0,2,1,348.0
U028755,58.0,29.0,2,1,348.0
U026207,58.0,29.0,2,1,348.0
U028826,58.0,29.0,2,1,348.0
U026219,58.0,29.0,2,1,348.0
U000443,58.0,29.0,2,1,348.0
U013095,58.0,29.0,2,1,348.0
U000431,58.0,29.0,2,1,348.0
U000429,58.0,29.0,2,1,348.0
U028951,58.0,29.0,2,1,348.0
U000384,58.0,29.0,2,1,348.0
U028968,58.0,29.0,2,1,348.0
U001032,58.0,29.0,2,1,348.0
U015027,58.0,29.0,2,1,348.0
U000381,58.0,29.0,2,1,348.0
U016600,58.0,29.0,2,1,348.0
U016638,58.0,29.0,2,1,348.0
U000343,58.0,29.0,2,1,348.0
U012896,58.0,29.0,2,1,348.0
U029167,58.0,29.0,2,1,348.0
U012889,58.0,29.0,2,1,348.0
U024254,58.0,29.0,2,1,348.0
U002214,58.0,29.0,2,1,348.0
U024276,58.0,29.0,2,1,348.0
U016708,58.0,29.0,2,1,348.0
U012817,58.0,29.0,2,1,348.0
U016741,58.0,29.0,2,1,348.0
U029352,58.0,29.0,2,1,348.0
U003575,58.0,29.0,2,1,348.0
U016822,58.0,29.0,2,1,348.0
U029453,58.0,29.0,2,1,348.0
U012626,58.0,29.0,2,1,348.0
U026405,58.0,29.0,2,1,348.0
U012585,58.0,29.0,2,1,348.0
U012544,58.0,29.0,2,1,348.0
U029534,58.0,29.0,2,1,348.0
U003011,58.0,29.0,2,1,348.0
U012464,58.0,29.0,2,1,348.0
U000152,58.0,29.0,2,1,348.0
U026452,58.0,29.0,2,1,348.0
U026454,58.0,29.0,2,1,348.0
U029682,58.0,29.0,2,1,348.0
U012402,58.0,29.0,2,1,348.0
U029701,58.0,29.0,2,1,348.0
U016998,58.0,29.0,2,1,348.0
U026465,58.0,29.0,2,1,348.0
U029771,58.0,29.0,2,1,348.0
U012328,58.0,29.0,2,1,348.0
U024322,58.0,29.0,2,1,348.0
U024046,58.0,29.0,2,1,348.0
U004386,29.0,29.0,1,1,348.0
U020137,29.0,29.0,1,1,348.0
U006393,29.0,29.0,1,1,348.0
U006539,29.0,29.0,1,1,348.0
U006090,29.0,29.0,1,1,348.0
U009805,29.0,29.0,1,1,348.0
U009347,29.0,29.0,1,1,348.0
U019512,29.0,29.0,1,1,348.0
U003093,29.0,29.0,1,1,348.0
U021008,29.0,29.0,1,1,348.0
U004162,29.0,29.0,1,1,348.0
U010914,29.0,29.0,1,1,348.0
U027392,29.0,29.0,1,1,348.0
U026364,29.0,29.0,1,1,348.0
U020224,29.0,29.0,1,1,348.0
U007758,29.0,29.0,1,1,348.0
U021158,29.0,29.0,1,1,348.0
U009564,29.0,29.0,1,1,348.0
U013846,29.0,29.0,1,1,348.0
U027679,29.0,29.0,1,1,348.0
U020625,29.0,29.0,1,1,348.0
U023149,29.0,29.0,1,1,348.0
U028804,29.0,29.0,1,1,348.0
U013946,29.0,29.0,1,1,348.0
U021994,29.0,29.0,1,1,348.0
U003816,29.0,29.0,1,1,348.0
U026417,29.0,29.0,1,1,348.0
U025593,29.0,29.0,1,1,348.0
U005879,29.0,29.0,1,1,348.0
U008116,29.0,29.0,1,1,348.0
U029678,29.0,29.0,1,1,348.0
U018762,29.0,29.0,1,1,348.0
U026459,29.0,29.0,1,1,348.0
U024066,29.0,29.0,1,1,348.0
U020260,29.0,29.0,1,1,348.0
U004887,29.0,29.0,1,1,348.0
U026460,29.0,29.0,1,1,348.0
U010926,29.0,29.0,1,1,348.0
U019960,29.0,29.0,1,1,348.0
U023070,29.0,29.0,1,1,348.0
U020196,29.0,29.0,1,1,348.0
U028082,29.0,29.0,1,1,348.0
U016284,29.0,29.0,1,1,348.0
U012323,29.0,29.0,1,1,348.0
U026496,29.0,29.0,1,1,348.0
U020985,29.0,29.0,1,1,348.0
U002582,29.0,29.0,1,1,348.0
U009116,29.0,29.0,1,1,348.0
U026508,29.0,29.0,1,1,348.0
U016673,29.0,29.0,1,1,348.0
U001375,29.0,29.0,1,1,348.0
U001143,29.0,29.0,1,1,348.0
U019178,29.0,29.0,1,1,348.0
U011574,0.0,0.0,24,1,0.0
U017619,0.0,0.0,14,1,0.0
U011571,0.0,0.0,23,1,0.0
U011570,0.0,0.0,3,1,0.0
U011568,0.0,0.0,27,1,0.0
U011566,0.0,0.0,18,1,0.0
U011565,0.0,0.0,14,1,0.0
U011563,0.0,0.0,4,1,0.0
U017626,0.0,0.0,23,1,0.0
U011561,0.0,0.0,17,1,0.0
U017628,0.0,0.0,25,1,0.0
U017629,0.0,0.0,6,1,0.0
U011559,0.0,0.0,7,1,0.0
U017631,0.0,0.0,19,1,0.0
U017632,0.0,0.0,19,1,0.0
U011557,0.0,0.0,13,1,0.0
U011556,0.0,0.0,17,1,0.0
U011555,0.0,0.0,19,1,0.0
U017636,0.0,0.0,8,1,0.0
U017637,0.0,0.0,20,1,0.0
U011550,0.0,0.0,16,1,0.0
U011549,0.0,0.0,24,1,0.0
U017642,0.0,0.0,17,1,0.0
U014938,0.0,0.0,4,1,0.0
U017644,0.0,0.0,21,1,0.0
U017645,0.0,0.0,10,1,0.0
U017646,0.0,0.0,28,1,0.0
U011547,0.0,0.0,3,1,0.0
U011545,0.0,0.0,3,1,0.0
U011544,0.0,0.0,14,1,0.0
U017650,0.0,0.0,19,1,0.0
U011543,0.0,0.0,26,1,0.0
U011539,0.0,0.0,10,1,0.0
U014936,0.0,0.0,2,1,0.0
U017654,0.0,0.0,22,1,0.0
U011538,0.0,0.0,12,1,0.0
U011536,0.0,0.0,26,1,0.0
U017657,0.0,0.0,29,1,0.0
U011535,0.0,0.0,23,1,0.0
U011532,0.0,0.0,24,1,0.0
U017661,0.0,0.0,30,1,0.0
U011530,0.0,0.0,3,1,0.0
U011529,0.0,0.0,3,1,0.0
U011528,0.0,0.0,23,1,0.0
U011526,0.0,0.0,26,1,0.0
U011522,0.0,0.0,8,1,0.0
U017667,0.0,0.0,18,1,0.0
U011521,0.0,0.0,14,1,0.0
U017669,0.0,0.0,6,1,0.0
U011520,0.0,0.0,22,1,0.0
U011515,0.0,0.0,31,1,0.0
U011514,0.0,0.0,23,1,0.0
U011513,0.0,0.0,9,1,0.0
U011511,0.0,0.0,24,1,0.0
U017676,0.0,0.0,30,1,0.0
U017677,0.0,0.0,15,1,0.0
U017678,0.0,0.0,16,1,0.0
U011509,0.0,0.0,24,1,0.0
U011508,0.0,0.0,30,1,0.0
U017681,0.0,0.0,8,1,0.0
U017682,0.0,0.0,30,1,0.0
U017683,0.0,0.0,25,1,0.0
U011507,0.0,0.0,16,1,0.0
U017685,0.0,0.0,28,1,0.0
U017687,0.0,0.0,14,1,0.0
U017689,0.0,0.0,5,1,0.0
U017690,0.0,0.0,23,1,0.0
U011503,0.0,0.0,9,1,0.0
U011501,0.0,0.0,2,1,0.0
U011498,0.0,0.0,31,1,0.0
U011495,0.0,0.0,18,1,0.0
U017696,0.0,0.0,13,1,0.0
U017697,0.0,0.0,21,1,0.0
U011491,0.0,0.0,18,1,0.0
U011490,0.0,0.0,14,1,0.0
U011489,0.0,0.0,15,1,0.0
U017701,0.0,0.0,31,1,0.0
U017702,0.0,0.0,2,1,0.0
U017703,0.0,0.0,18,1,0.0
U017704,0.0,0.0,25,1,0.0
U011488,0.0,0.0,25,1,0.0
U011486,0.0,0.0,7,1,0.0
U011485,0.0,0.0,3,1,0.0
U017708,0.0,0.0,16,1,0.0
U011480,0.0,0.0,6,1,0.0
U011476,0.0,0.0,12,1,0.0
U011473,0.0,0.0,25,1,0.0
U011471,0.0,0.0,13,1,0.0
U017714,0.0,0.0,29,1,0.0
U017715,0.0,0.0,11,1,0.0
U017716,0.0,0.0,9,1,0.0
U011469,0.0,0.0,20,1,0.0
U017718,0.0,0.0,11,1,0.0
U017719,0.0,0.0,20,1,0.0
U011468,0.0,0.0,23,1,0.0
U011465,0.0,0.0,6,1,0.0
U011464,0.0,0.0,3,1,0.0
U017723,0.0,0.0,12,1,0.0
U011459,0.0,0.0,25,1,0.0
U011458,0.0,0.0,14,1,0.0
U011451,0.0,0.0,18,1,0.0
U017727,0.0,0.0,25,1,0.0
U011447,0.0,0.0,21,1,0.0
U011446,0.0,0.0,14,1,0.0
U017730,0.0,0.0,26,1,0.0
U017731,0.0,0.0,13,1,0.0
U011445,0.0,0.0,19,1,0.0
U017733,0.0,0.0,20,1,0.0
U017734,0.0,0.0,4,1,0.0
U017735,0.0,0.0,17,1,0.0
U011444,0.0,0.0,15,1,0.0
U011440,0.0,0.0,24,1,0.0
U011437,0.0,0.0,31,1,0.0
U011436,0.0,0.0,2,1,0.0
U011434,0.0,0.0,2,1,0.0
U017742,0.0,0.0,12,1,0.0
U017743,0.0,0.0,8,1,0.0
U011430,0.0,0.0,26,1,0.0
U011429,0.0,0.0,6,1,0.0
U017746,0.0,0.0,21,1,0.0
U017747,0.0,0.0,25,1,0.0
U017748,0.0,0.0,21,1,0.0
U011427,0.0,0.0,18,1,0.0
U011426,0.0,0.0,7,1,0.0
U011423,0.0,0.0,29,1,0.0
U011422,0.0,0.0,5,1,0.0
U015037,0.0,0.0,22,1,0.0
U011416,0.0,0.0,14,1,0.0
U011414,0.0,0.0,9,1,0.0
U011413,0.0,0.0,13,1,0.0
U011411,0.0,0.0,12,1,0.0
U011406,0.0,0.0,22,1,0.0
U017760,0.0,0.0,16,1,0.0
U017763,0.0,0.0,8,1,0.0
U011398,0.0,0.0,4,1,0.0
U017765,0.0,0.0,3,1,0.0
U017766,0.0,0.0,18,1,0.0
U011397,0.0,0.0,2,1,0.0
U011396,0.0,0.0,18,1,0.0
U017769,0.0,0.0,25,1,0.0
U014933,0.0,0.0,27,1,0.0
U011395,0.0,0.0,22,1,0.0
U017772,0.0,0.0,4,1,0.0
U017773,0.0,0.0,13,1,0.0
U017774,0.0,0.0,20,1,0.0
U011393,0.0,0.0,29,1,0.0
U011391,0.0,0.0,3,1,0.0
U011390,0.0,0.0,29,1,0.0
U017778,0.0,0.0,3,1,0.0
U011389,0.0,0.0,3,1,0.0
U011386,0.0,0.0,13,1,0.0
U011385,0.0,0.0,31,1,0.0
U011382,0.0,0.0,28,1,0.0
U017783,0.0,0.0,30,1,0.0
U011379,0.0,0.0,3,1,0.0
U011376,0.0,0.0,24,1,0.0
U011373,0.0,0.0,27,1,0.0
U011370,0.0,0.0,10,1,0.0
U011366,0.0,0.0,24,1,0.0
U011365,0.0,0.0,5,1,0.0
U017791,0.0,0.0,3,1,0.0
U011364,0.0,0.0,12,1,0.0
U011359,0.0,0.0,8,1,0.0
U017794,0.0,0.0,22,1,0.0
U017795,0.0,0.0,24,1,0.0
U017796,0.0,0.0,15,1,0.0
U011358,0.0,0.0,13,1,0.0
U011356,0.0,0.0,23,1,0.0
U017799,0.0,0.0,25,1,0.0
U011354,0.0,0.0,23,1,0.0
U015039,0.0,0.0,29,1,0.0
U017802,0.0,0.0,10,1,0.0
U011352,0.0,0.0,7,1,0.0
U017804,0.0,0.0,13,1,0.0
U011346,0.0,0.0,18,1,0.0
U011345,0.0,0.0,31,1,0.0
U011344,0.0,0.0,16,1,0.0
U017810,0.0,0.0,2,1,0.0
U017811,0.0,0.0,24,1,0.0
U017812,0.0,0.0,7,1,0.0
U011343,0.0,0.0,2,1,0.0
U011339,0.0,0.0,26,1,0.0
U017815,0.0,0.0,27,1,0.0
U017816,0.0,0.0,11,1,0.0
U011338,0.0,0.0,15,1,0.0
U011335,0.0,0.0,25,1,0.0
U011334,0.0,0.0,20,1,0.0
U011333,0.0,0.0,28,1,0.0
U011332,0.0,0.0,4,1,0.0
U011331,0.0,0.0,7,1,0.0
U017823,0.0,0.0,8,1,0.0
U017824,0.0,0.0,24,1,0.0
U011329,0.0,0.0,29,1,0.0
U011328,0.0,0.0,11,1,0.0
U011327,0.0,0.0,2,1,0.0
U011323,0.0,0.0,28,1,0.0
U014931,0.0,0.0,31,1,0.0
U011321,0.0,0.0,22,1,0.0
U017831,0.0,0.0,2,1,0.0
U011320,0.0,0.0,30,1,0.0
U017833,0.0,0.0,16,1,0.0
U017834,0.0,0.0,23,1,0.0
U017835,0.0,0.0,13,1,0.0
U011318,0.0,0.0,6,1,0.0
U017837,0.0,0.0,3,1,0.0
U017838,0.0,0.0,15,1,0.0
U017839,0.0,0.0,23,1,0.0
U017840,0.0,0.0,15,1,0.0
U017842,0.0,0.0,26,1,0.0
U017843,0.0,0.0,13,1,0.0
U011316,0.0,0.0,10,1,0.0
U011315,0.0,0.0,28,1,0.0
U011313,0.0,0.0,11,1,0.0
U011312,0.0,0.0,14,1,0.0
U011311,0.0,0.0,9,1,0.0
U017849,0.0,0.0,3,1,0.0
U017850,0.0,0.0,17,1,0.0
U014929,0.0,0.0,16,1,0.0
U017852,0.0,0.0,6,1,0.0
U017853,0.0,0.0,16,1,0.0
U011309,0.0,0.0,30,1,0.0
U011303,0.0,0.0,25,1,0.0
U011302,0.0,0.0,18,1,0.0
U017857,0.0,0.0,17,1,0.0
U017858,0.0,0.0,5,1,0.0
U011299,0.0,0.0,22,1,0.0
U011297,0.0,0.0,7,1,0.0
U011294,0.0,0.0,22,1,0.0
U011292,0.0,0.0,10,1,0.0
U017863,0.0,0.0,13,1,0.0
U011290,0.0,0.0,17,1,0.0
U011287,0.0,0.0,22,1,0.0
U017866,0.0,0.0,29,1,0.0
U011285,0.0,0.0,21,1,0.0
U017868,0.0,0.0,9,1,0.0
U011284,0.0,0.0,30,1,0.0
U017871,0.0,0.0,3,1,0.0
U011275,0.0,0.0,6,1,0.0
U017873,0.0,0.0,22,1,0.0
U017874,0.0,0.0,6,1,0.0
U017875,0.0,0.0,19,1,0.0
U017876,0.0,0.0,14,1,0.0
U011274,0.0,0.0,15,1,0.0
U017878,0.0,0.0,30,1,0.0
U017879,0.0,0.0,8,1,0.0
U011273,0.0,0.0,7,1,0.0
U017881,0.0,0.0,13,1,0.0
U011270,0.0,0.0,15,1,0.0
U017883,0.0,0.0,8,1,0.0
U017884,0.0,0.0,3,1,0.0
U011267,0.0,0.0,11,1,0.0
U017886,0.0,0.0,3,1,0.0
U011264,0.0,0.0,29,1,0.0
U011263,0.0,0.0,8,1,0.0
U011262,0.0,0.0,5,1,0.0
U017891,0.0,0.0,3,1,0.0
U017892,0.0,0.0,3,1,0.0
U011260,0.0,0.0,23,1,0.0
U017894,0.0,0.0,15,1,0.0
U011258,0.0,0.0,17,1,0.0
U017896,0.0,0.0,8,1,0.0
U017897,0.0,0.0,19,1,0.0
U011252,0.0,0.0,28,1,0.0
U011249,0.0,0.0,20,1,0.0
U017900,0.0,0.0,28,1,0.0
U011245,0.0,0.0,31,1,0.0
U011243,0.0,0.0,22,1,0.0
U017903,0.0,0.0,7,1,0.0
U011239,0.0,0.0,9,1,0.0
U011238,0.0,0.0,2,1,0.0
U011237,0.0,0.0,11,1,0.0
U017907,0.0,0.0,29,1,0.0
U017908,0.0,0.0,8,1,0.0
U017909,0.0,0.0,16,1,0.0
U017910,0.0,0.0,19,1,0.0
U011236,0.0,0.0,4,1,0.0
U017912,0.0,0.0,20,1,0.0
U017913,0.0,0.0,8,1,0.0
U011233,0.0,0.0,30,1,0.0
U017915,0.0,0.0,6,1,0.0
U011230,0.0,0.0,25,1,0.0
U017918,0.0,0.0,17,1,0.0
U017919,0.0,0.0,18,1,0.0
U011229,0.0,0.0,8,1,0.0
U011228,0.0,0.0,14,1,0.0
U017922,0.0,0.0,11,1,0.0
U011227,0.0,0.0,25,1,0.0
U011224,0.0,0.0,30,1,0.0
U011219,0.0,0.0,28,1,0.0
U011217,0.0,0.0,26,1,0.0
U017927,0.0,0.0,14,1,0.0
U017928,0.0,0.0,9,1,0.0
U017929,0.0,0.0,26,1,0.0
U011214,0.0,0.0,31,1,0.0
U011210,0.0,0.0,12,1,0.0
U011209,0.0,0.0,21,1,0.0
U017933,0.0,0.0,25,1,0.0
U011208,0.0,0.0,21,1,0.0
U011207,0.0,0.0,2,1,0.0
U011206,0.0,0.0,11,1,0.0
U017937,0.0,0.0,9,1,0.0
U011203,0.0,0.0,24,1,0.0
U017939,0.0,0.0,18,1,0.0
U011201,0.0,0.0,4,1,0.0
U017941,0.0,0.0,24,1,0.0
U011199,0.0,0.0,3,1,0.0
U017943,0.0,0.0,25,1,0.0
U011198,0.0,0.0,7,1,0.0
U017945,0.0,0.0,12,1,0.0
U011194,0.0,0.0,11,1,0.0
U017947,0.0,0.0,10,1,0.0
U017948,0.0,0.0,12,1,0.0
U011191,0.0,0.0,21,1,0.0
U017950,0.0,0.0,3,1,0.0
U011187,0.0,0.0,11,1,0.0
U011183,0.0,0.0,22,1,0.0
U017953,0.0,0.0,28,1,0.0
U011180,0.0,0.0,18,1,0.0
U011175,0.0,0.0,30,1,0.0
U015042,0.0,0.0,13,1,0.0
U017957,0.0,0.0,28,1,0.0
U011174,0.0,0.0,23,1,0.0
U011171,0.0,0.0,29,1,0.0
U011169,0.0,0.0,7,1,0.0
U011167,0.0,0.0,5,1,0.0
U011161,0.0,0.0,1,1,0.0
U011160,0.0,0.0,17,1,0.0
U011157,0.0,0.0,5,1,0.0
U017968,0.0,0.0,27,1,0.0
U011155,0.0,0.0,2,1,0.0
U011153,0.0,0.0,25,1,0.0
U017971,0.0,0.0,6,1,0.0
U017972,0.0,0.0,21,1,0.0
U011152,0.0,0.0,9,1,0.0
U011148,0.0,0.0,15,1,0.0
U017975,0.0,0.0,7,1,0.0
U015043,0.0,0.0,14,1,0.0
U015044,0.0,0.0,24,1,0.0
U011146,0.0,0.0,14,1,0.0
U017981,0.0,0.0,14,1,0.0
U017983,0.0,0.0,12,1,0.0
U017984,0.0,0.0,7,1,0.0
U011145,0.0,0.0,29,1,0.0
U017986,0.0,0.0,3,1,0.0
U011144,0.0,0.0,17,1,0.0
U017988,0.0,0.0,5,1,0.0
U017989,0.0,0.0,31,1,0.0
U011143,0.0,0.0,7,1,0.0
U017991,0.0,0.0,7,1,0.0
U017992,0.0,0.0,29,1,0.0
U017993,0.0,0.0,25,1,0.0
U017994,0.0,0.0,6,1,0.0
U011142,0.0,0.0,14,1,0.0
U017996,0.0,0.0,20,1,0.0
U011141,0.0,0.0,10,1,0.0
U017998,0.0,0.0,28,1,0.0
U017999,0.0,0.0,6,1,0.0
U018000,0.0,0.0,8,1,0.0
U018002,0.0,0.0,30,1,0.0
U018003,0.0,0.0,21,1,0.0
U018004,0.0,0.0,25,1,0.0
U018005,0.0,0.0,15,1,0.0
U011138,0.0,0.0,20,1,0.0
U018007,0.0,0.0,5,1,0.0
U018008,0.0,0.0,24,1,0.0
U018009,0.0,0.0,14,1,0.0
U018010,0.0,0.0,29,1,0.0
U018011,0.0,0.0,26,1,0.0
U018012,0.0,0.0,11,1,0.0
U018013,0.0,0.0,14,1,0.0
U011137,0.0,0.0,30,1,0.0
U018015,0.0,0.0,17,1,0.0
U011136,0.0,0.0,2,1,0.0
U011134,0.0,0.0,31,1,0.0
U011133,0.0,0.0,25,1,0.0
U018019,0.0,0.0,28,1,0.0
U011132,0.0,0.0,30,1,0.0
U011129,0.0,0.0,19,1,0.0
U011128,0.0,0.0,24,1,0.0
U018023,0.0,0.0,15,1,0.0
U011127,0.0,0.0,4,1,0.0
U018025,0.0,0.0,26,1,0.0
U011123,0.0,0.0,29,1,0.0
U011121,0.0,0.0,25,1,0.0
U011120,0.0,0.0,10,1,0.0
U011118,0.0,0.0,6,1,0.0
U011114,0.0,0.0,24,1,0.0
U018031,0.0,0.0,15,1,0.0
U011111,0.0,0.0,5,1,0.0
U011103,0.0,0.0,31,1,0.0
U011101,0.0,0.0,2,1,0.0
U018035,0.0,0.0,25,1,0.0
U014928,0.0,0.0,17,1,0.0
U011100,0.0,0.0,26,1,0.0
U018038,0.0,0.0,2,1,0.0
U018039,0.0,0.0,13,1,0.0
U011097,0.0,0.0,14,1,0.0
U011093,0.0,0.0,19,1,0.0
U018042,0.0,0.0,3,1,0.0
U011086,0.0,0.0,21,1,0.0
U018044,0.0,0.0,23,1,0.0
U011079,0.0,0.0,29,1,0.0
U011078,0.0,0.0,20,1,0.0
U011077,0.0,0.0,16,1,0.0
U018049,0.0,0.0,2,1,0.0
U011074,0.0,0.0,24,1,0.0
U018051,0.0,0.0,3,1,0.0
U018052,0.0,0.0,21,1,0.0
U018053,0.0,0.0,31,1,0.0
U018054,0.0,0.0,18,1,0.0
U018055,0.0,0.0,19,1,0.0
U011068,0.0,0.0,18,1,0.0
U011067,0.0,0.0,24,1,0.0
U018058,0.0,0.0,16,1,0.0
U018059,0.0,0.0,31,1,0.0
U018060,0.0,0.0,3,1,0.0
U011065,0.0,0.0,31,1,0.0
U018062,0.0,0.0,7,1,0.0
U011064,0.0,0.0,8,1,0.0
U011060,0.0,0.0,3,1,0.0
U018065,0.0,0.0,10,1,0.0
U011056,0.0,0.0,19,1,0.0
U011055,0.0,0.0,18,1,0.0
U011054,0.0,0.0,12,1,0.0
U018069,0.0,0.0,13,1,0.0
U018070,0.0,0.0,14,1,0.0
U018071,0.0,0.0,26,1,0.0
U011053,0.0,0.0,2,1,0.0
U018074,0.0,0.0,23,1,0.0
U018075,0.0,0.0,26,1,0.0
U011051,0.0,0.0,25,1,0.0
U011049,0.0,0.0,12,1,0.0
U011048,0.0,0.0,13,1,0.0
U011047,0.0,0.0,19,1,0.0
U018080,0.0,0.0,22,1,0.0
U018081,0.0,0.0,3,1,0.0
U014926,0.0,0.0,16,1,0.0
U018083,0.0,0.0,1,1,0.0
U011046,0.0,0.0,10,1,0.0
U011044,0.0,0.0,10,1,0.0
U011038,0.0,0.0,14,1,0.0
U011037,0.0,0.0,2,1,0.0
U018088,0.0,0.0,22,1,0.0
U018089,0.0,0.0,28,1,0.0
U018090,0.0,0.0,2,1,0.0
U018091,0.0,0.0,13,1,0.0
U011036,0.0,0.0,2,1,0.0
U018093,0.0,0.0,13,1,0.0
U011034,0.0,0.0,21,1,0.0
U018095,0.0,0.0,11,1,0.0
U011033,0.0,0.0,2,1,0.0
U011032,0.0,0.0,18,1,0.0
U011029,0.0,0.0,4,1,0.0
U011028,0.0,0.0,5,1,0.0
U018101,0.0,0.0,26,1,0.0
U011027,0.0,0.0,7,1,0.0
U011024,0.0,0.0,21,1,0.0
U011020,0.0,0.0,6,1,0.0
U011019,0.0,0.0,10,1,0.0
U018106,0.0,0.0,10,1,0.0
U011014,0.0,0.0,6,1,0.0
U018108,0.0,0.0,4,1,0.0
U011010,0.0,0.0,16,1,0.0
U011008,0.0,0.0,5,1,0.0
U011005,0.0,0.0,9,1,0.0
U011004,0.0,0.0,8,1,0.0
U011003,0.0,0.0,17,1,0.0
U011002,0.0,0.0,30,1,0.0
U018115,0.0,0.0,12,1,0.0
U018116,0.0,0.0,8,1,0.0
U018117,0.0,0.0,16,1,0.0
U018119,0.0,0.0,6,1,0.0
U018121,0.0,0.0,15,1,0.0
U018122,0.0,0.0,2,1,0.0
U011001,0.0,0.0,15,1,0.0
U011000,0.0,0.0,5,1,0.0
U010998,0.0,0.0,22,1,0.0
U018126,0.0,0.0,30,1,0.0
U010997,0.0,0.0,18,1,0.0
U010994,0.0,0.0,3,1,0.0
U010992,0.0,0.0,4,1,0.0
U010991,0.0,0.0,18,1,0.0
U018131,0.0,0.0,23,1,0.0
U018132,0.0,0.0,29,1,0.0
U010986,0.0,0.0,8,1,0.0
U018134,0.0,0.0,26,1,0.0
U018135,0.0,0.0,22,1,0.0
U010984,0.0,0.0,6,1,0.0
U010982,0.0,0.0,8,1,0.0
U010981,0.0,0.0,19,1,0.0
U010978,0.0,0.0,4,1,0.0
U018141,0.0,0.0,21,1,0.0
U010976,0.0,0.0,14,1,0.0
U010975,0.0,0.0,3,1,0.0
U018144,0.0,0.0,2,1,0.0
U018145,0.0,0.0,25,1,0.0
U010970,0.0,0.0,6,1,0.0
U018147,0.0,0.0,5,1,0.0
U018149,0.0,0.0,16,1,0.0
U010968,0.0,0.0,2,1,0.0
U010966,0.0,0.0,24,1,0.0
U010965,0.0,0.0,14,1,0.0
U010964,0.0,0.0,10,1,0.0
U018154,0.0,0.0,10,1,0.0
U018155,0.0,0.0,26,1,0.0
U010962,0.0,0.0,4,1,0.0
U018157,0.0,0.0,10,1,0.0
U018158,0.0,0.0,16,1,0.0
U018159,0.0,0.0,18,1,0.0
U010960,0.0,0.0,26,1,0.0
U010959,0.0,0.0,21,1,0.0
U010958,0.0,0.0,5,1,0.0
U018164,0.0,0.0,3,1,0.0
U018166,0.0,0.0,7,1,0.0
U018167,0.0,0.0,25,1,0.0
U018168,0.0,0.0,8,1,0.0
U010954,0.0,0.0,29,1,0.0
U018170,0.0,0.0,4,1,0.0
U018171,0.0,0.0,14,1,0.0
U018172,0.0,0.0,8,1,0.0
U018173,0.0,0.0,4,1,0.0
U018175,0.0,0.0,21,1,0.0
U018176,0.0,0.0,14,1,0.0
U018177,0.0,0.0,31,1,0.0
U018178,0.0,0.0,30,1,0.0
U010950,0.0,0.0,24,1,0.0
U010948,0.0,0.0,25,1,0.0
U010946,0.0,0.0,25,1,0.0
U018182,0.0,0.0,11,1,0.0
U010939,0.0,0.0,18,1,0.0
U010934,0.0,0.0,11,1,0.0
U018185,0.0,0.0,31,1,0.0
U010933,0.0,0.0,25,1,0.0
U010930,0.0,0.0,22,1,0.0
U010924,0.0,0.0,14,1,0.0
U018191,0.0,0.0,31,1,0.0
U010922,0.0,0.0,19,1,0.0
U010921,0.0,0.0,30,1,0.0
U018194,0.0,0.0,12,1,0.0
U010918,0.0,0.0,26,1,0.0
U018196,0.0,0.0,14,1,0.0
U018197,0.0,0.0,11,1,0.0
U018198,0.0,0.0,19,1,0.0
U010917,0.0,0.0,16,1,0.0
U018201,0.0,0.0,24,1,0.0
U018202,0.0,0.0,16,1,0.0
U010916,0.0,0.0,19,1,0.0
U018204,0.0,0.0,11,1,0.0
U018205,0.0,0.0,13,1,0.0
U010915,0.0,0.0,27,1,0.0
U010910,0.0,0.0,22,1,0.0
U018209,0.0,0.0,15,1,0.0
U018210,0.0,0.0,14,1,0.0
U010909,0.0,0.0,30,1,0.0
U018212,0.0,0.0,31,1,0.0
U018213,0.0,0.0,8,1,0.0
U018214,0.0,0.0,25,1,0.0
U010907,0.0,0.0,2,1,0.0
U010906,0.0,0.0,7,1,0.0
U010904,0.0,0.0,21,1,0.0
U010903,0.0,0.0,16,1,0.0
U010901,0.0,0.0,10,1,0.0
U015047,0.0,0.0,16,1,0.0
U010900,0.0,0.0,16,1,0.0
U018222,0.0,0.0,26,1,0.0
U010896,0.0,0.0,11,1,0.0
U018224,0.0,0.0,10,1,0.0
U010894,0.0,0.0,2,1,0.0
U010893,0.0,0.0,24,1,0.0
U010892,0.0,0.0,17,1,0.0
U010891,0.0,0.0,28,1,0.0
U018229,0.0,0.0,7,1,0.0
U018230,0.0,0.0,19,1,0.0
U018231,0.0,0.0,4,1,0.0
U010887,0.0,0.0,11,1,0.0
U010884,0.0,0.0,5,1,0.0
U010882,0.0,0.0,21,1,0.0
U010877,0.0,0.0,14,1,0.0
U010876,0.0,0.0,14,1,0.0
U010875,0.0,0.0,11,1,0.0
U010874,0.0,0.0,20,1,0.0
U010871,0.0,0.0,8,1,0.0
U018240,0.0,0.0,16,1,0.0
U010870,0.0,0.0,28,1,0.0
U018242,0.0,0.0,28,1,0.0
U018243,0.0,0.0,13,1,0.0
U010868,0.0,0.0,9,1,0.0
U010867,0.0,0.0,23,1,0.0
U010866,0.0,0.0,23,1,0.0
U010865,0.0,0.0,6,1,0.0
U018248,0.0,0.0,31,1,0.0
U018249,0.0,0.0,4,1,0.0
U010862,0.0,0.0,14,1,0.0
U010861,0.0,0.0,24,1,0.0
U018252,0.0,0.0,22,1,0.0
U018253,0.0,0.0,25,1,0.0
U010858,0.0,0.0,17,1,0.0
U018255,0.0,0.0,23,1,0.0
U010855,0.0,0.0,30,1,0.0
U010854,0.0,0.0,22,1,0.0
U018258,0.0,0.0,11,1,0.0
U018259,0.0,0.0,8,1,0.0
U018260,0.0,0.0,20,1,0.0
U010851,0.0,0.0,4,1,0.0
U018263,0.0,0.0,17,1,0.0
U010849,0.0,0.0,28,1,0.0
U010848,0.0,0.0,10,1,0.0
U010845,0.0,0.0,16,1,0.0
U018267,0.0,0.0,30,1,0.0
U018268,0.0,0.0,3,1,0.0
U010844,0.0,0.0,26,1,0.0
U010842,0.0,0.0,2,1,0.0
U010841,0.0,0.0,13,1,0.0
U018272,0.0,0.0,2,1,0.0
U018273,0.0,0.0,13,1,0.0
U018274,0.0,0.0,10,1,0.0
U010840,0.0,0.0,23,1,0.0
U018276,0.0,0.0,19,1,0.0
U010839,0.0,0.0,13,1,0.0
U018278,0.0,0.0,11,1,0.0
U010838,0.0,0.0,5,1,0.0
U010834,0.0,0.0,14,1,0.0
U010833,0.0,0.0,12,1,0.0
U010830,0.0,0.0,19,1,0.0
U018283,0.0,0.0,11,1,0.0
U018284,0.0,0.0,25,1,0.0
U010828,0.0,0.0,8,1,0.0
U010826,0.0,0.0,17,1,0.0
U010825,0.0,0.0,8,1,0.0
U010824,0.0,0.0,28,1,0.0
U010819,0.0,0.0,16,1,0.0
U018290,0.0,0.0,28,1,0.0
U010817,0.0,0.0,21,1,0.0
U010815,0.0,0.0,21,1,0.0
U010813,0.0,0.0,20,1,0.0
U018294,0.0,0.0,14,1,0.0
U018295,0.0,0.0,26,1,0.0
U010812,0.0,0.0,14,1,0.0
U010807,0.0,0.0,14,1,0.0
U018298,0.0,0.0,6,1,0.0
U015048,0.0,0.0,21,1,0.0
U018300,0.0,0.0,21,1,0.0
U010805,0.0,0.0,20,1,0.0
U010802,0.0,0.0,7,1,0.0
U018303,0.0,0.0,25,1,0.0
U015049,0.0,0.0,22,1,0.0
U018305,0.0,0.0,20,1,0.0
U010799,0.0,0.0,6,1,0.0
U010798,0.0,0.0,8,1,0.0
U010797,0.0,0.0,9,1,0.0
U018309,0.0,0.0,26,1,0.0
U018310,0.0,0.0,4,1,0.0
U010795,0.0,0.0,31,1,0.0
U010794,0.0,0.0,30,1,0.0
U010793,0.0,0.0,17,1,0.0
U018314,0.0,0.0,14,1,0.0
U010790,0.0,0.0,9,1,0.0
U018316,0.0,0.0,6,1,0.0
U010789,0.0,0.0,15,1,0.0
U010787,0.0,0.0,7,1,0.0
U010784,0.0,0.0,11,1,0.0
U018320,0.0,0.0,12,1,0.0
U010780,0.0,0.0,16,1,0.0
U010778,0.0,0.0,24,1,0.0
U010777,0.0,0.0,17,1,0.0
U018324,0.0,0.0,29,1,0.0
U018325,0.0,0.0,31,1,0.0
U010775,0.0,0.0,3,1,0.0
U018327,0.0,0.0,20,1,0.0
U018328,0.0,0.0,3,1,0.0
U010774,0.0,0.0,18,1,0.0
U010773,0.0,0.0,7,1,0.0
U018331,0.0,0.0,27,1,0.0
U010772,0.0,0.0,18,1,0.0
U018333,0.0,0.0,7,1,0.0
U010771,0.0,0.0,17,1,0.0
U010770,0.0,0.0,29,1,0.0
U010768,0.0,0.0,5,1,0.0
U010760,0.0,0.0,13,1,0.0
U010759,0.0,0.0,28,1,0.0
U010758,0.0,0.0,27,1,0.0
U010754,0.0,0.0,5,1,0.0
U010753,0.0,0.0,27,1,0.0
U010749,0.0,0.0,2,1,0.0
U010748,0.0,0.0,3,1,0.0
U018345,0.0,0.0,27,1,0.0
U018346,0.0,0.0,6,1,0.0
U010746,0.0,0.0,8,1,0.0
U018348,0.0,0.0,4,1,0.0
U010745,0.0,0.0,24,1,0.0
U010743,0.0,0.0,30,1,0.0
U018351,0.0,0.0,27,1,0.0
U010741,0.0,0.0,8,1,0.0
U010739,0.0,0.0,24,1,0.0
U010735,0.0,0.0,10,1,0.0
U018356,0.0,0.0,19,1,0.0
U018357,0.0,0.0,14,1,0.0
U010732,0.0,0.0,19,1,0.0
U018359,0.0,0.0,30,1,0.0
U018360,0.0,0.0,5,1,0.0
U010730,0.0,0.0,8,1,0.0
U010727,0.0,0.0,29,1,0.0
U018363,0.0,0.0,14,1,0.0
U010726,0.0,0.0,11,1,0.0
U018365,0.0,0.0,30,1,0.0
U018366,0.0,0.0,13,1,0.0
U018367,0.0,0.0,4,1,0.0
U018368,0.0,0.0,17,1,0.0
U010725,0.0,0.0,23,1,0.0
U010724,0.0,0.0,3,1,0.0
U010722,0.0,0.0,11,1,0.0
U018372,0.0,0.0,29,1,0.0
U010719,0.0,0.0,10,1,0.0
U010716,0.0,0.0,20,1,0.0
U018375,0.0,0.0,22,1,0.0
U010713,0.0,0.0,7,1,0.0
U018378,0.0,0.0,17,1,0.0
U018379,0.0,0.0,3,1,0.0
U018380,0.0,0.0,10,1,0.0
U010706,0.0,0.0,19,1,0.0
U018382,0.0,0.0,30,1,0.0
U018383,0.0,0.0,5,1,0.0
U018384,0.0,0.0,19,1,0.0
U018385,0.0,0.0,28,1,0.0
U010705,0.0,0.0,4,1,0.0
U010704,0.0,0.0,4,1,0.0
U018388,0.0,0.0,29,1,0.0
U010703,0.0,0.0,4,1,0.0
U018390,0.0,0.0,26,1,0.0
U010700,0.0,0.0,10,1,0.0
U018392,0.0,0.0,27,1,0.0
U010699,0.0,0.0,14,1,0.0
U010698,0.0,0.0,26,1,0.0
U010693,0.0,0.0,19,1,0.0
U018396,0.0,0.0,19,1,0.0
U018397,0.0,0.0,29,1,0.0
U010691,0.0,0.0,11,1,0.0
U010690,0.0,0.0,4,1,0.0
U010684,0.0,0.0,4,1,0.0
U010681,0.0,0.0,14,1,0.0
U010675,0.0,0.0,27,1,0.0
U010671,0.0,0.0,25,1,0.0
U018404,0.0,0.0,25,1,0.0
U018405,0.0,0.0,5,1,0.0
U018406,0.0,0.0,18,1,0.0
U010670,0.0,0.0,29,1,0.0
U018408,0.0,0.0,12,1,0.0
U010667,0.0,0.0,22,1,0.0
U010666,0.0,0.0,3,1,0.0
U018412,0.0,0.0,29,1,0.0
U010665,0.0,0.0,17,1,0.0
U010663,0.0,0.0,17,1,0.0
U010656,0.0,0.0,9,1,0.0
U018416,0.0,0.0,25,1,0.0
U010653,0.0,0.0,2,1,0.0
U010650,0.0,0.0,16,1,0.0
U010649,0.0,0.0,10,1,0.0
U010646,0.0,0.0,20,1,0.0
U010645,0.0,0.0,11,1,0.0
U018423,0.0,0.0,5,1,0.0
U018424,0.0,0.0,17,1,0.0
U018425,0.0,0.0,19,1,0.0
U010644,0.0,0.0,15,1,0.0
U018427,0.0,0.0,16,1,0.0
U018428,0.0,0.0,2,1,0.0
U010640,0.0,0.0,29,1,0.0
U018431,0.0,0.0,20,1,0.0
U010638,0.0,0.0,14,1,0.0
U010636,0.0,0.0,3,1,0.0
U010629,0.0,0.0,28,1,0.0
U010628,0.0,0.0,24,1,0.0
U010625,0.0,0.0,15,1,0.0
U018437,0.0,0.0,23,1,0.0
U010624,0.0,0.0,27,1,0.0
U018439,0.0,0.0,31,1,0.0
U010623,0.0,0.0,14,1,0.0
U018441,0.0,0.0,10,1,0.0
U010622,0.0,0.0,23,1,0.0
U010621,0.0,0.0,23,1,0.0
U018444,0.0,0.0,1,1,0.0
U018445,0.0,0.0,24,1,0.0
U010619,0.0,0.0,18,1,0.0
U010618,0.0,0.0,12,1,0.0
U010617,0.0,0.0,19,1,0.0
U010616,0.0,0.0,2,1,0.0
U010615,0.0,0.0,13,1,0.0
U010614,0.0,0.0,28,1,0.0
U018454,0.0,0.0,13,1,0.0
U010611,0.0,0.0,27,1,0.0
U018456,0.0,0.0,27,1,0.0
U010610,0.0,0.0,17,1,0.0
U010609,0.0,0.0,14,1,0.0
U018459,0.0,0.0,3,1,0.0
U010608,0.0,0.0,27,1,0.0
U018461,0.0,0.0,15,1,0.0
U010605,0.0,0.0,24,1,0.0
U010600,0.0,0.0,11,1,0.0
U018464,0.0,0.0,6,1,0.0
U018465,0.0,0.0,22,1,0.0
U010599,0.0,0.0,31,1,0.0
U010596,0.0,0.0,5,1,0.0
U010595,0.0,0.0,5,1,0.0
U010593,0.0,0.0,15,1,0.0
U018470,0.0,0.0,4,1,0.0
U010592,0.0,0.0,7,1,0.0
U018472,0.0,0.0,9,1,0.0
U010590,0.0,0.0,11,1,0.0
U018474,0.0,0.0,21,1,0.0
U010589,0.0,0.0,26,1,0.0
U010585,0.0,0.0,23,1,0.0
U018477,0.0,0.0,4,1,0.0
U018478,0.0,0.0,7,1,0.0
U014922,0.0,0.0,14,1,0.0
U018480,0.0,0.0,27,1,0.0
U010581,0.0,0.0,6,1,0.0
U010578,0.0,0.0,19,1,0.0
U018484,0.0,0.0,15,1,0.0
U010573,0.0,0.0,4,1,0.0
U018486,0.0,0.0,28,1,0.0
U010571,0.0,0.0,22,1,0.0
U010567,0.0,0.0,16,1,0.0
U010562,0.0,0.0,14,1,0.0
U010557,0.0,0.0,3,1,0.0
U010556,0.0,0.0,13,1,0.0
U010553,0.0,0.0,28,1,0.0
U018494,0.0,0.0,10,1,0.0
U010552,0.0,0.0,27,1,0.0
U010548,0.0,0.0,16,1,0.0
U010543,0.0,0.0,7,1,0.0
U010541,0.0,0.0,20,1,0.0
U010540,0.0,0.0,19,1,0.0
U018501,0.0,0.0,5,1,0.0
U018502,0.0,0.0,15,1,0.0
U018503,0.0,0.0,8,1,0.0
U018504,0.0,0.0,27,1,0.0
U010537,0.0,0.0,7,1,0.0
U018507,0.0,0.0,13,1,0.0
U010536,0.0,0.0,18,1,0.0
U010534,0.0,0.0,22,1,0.0
U010530,0.0,0.0,21,1,0.0
U018511,0.0,0.0,5,1,0.0
U010527,0.0,0.0,29,1,0.0
U018513,0.0,0.0,20,1,0.0
U010526,0.0,0.0,4,1,0.0
U018515,0.0,0.0,22,1,0.0
U015051,0.0,0.0,4,1,0.0
U010525,0.0,0.0,20,1,0.0
U010524,0.0,0.0,17,1,0.0
U010523,0.0,0.0,16,1,0.0
U018520,0.0,0.0,16,1,0.0
U010522,0.0,0.0,6,1,0.0
U018522,0.0,0.0,14,1,0.0
U010519,0.0,0.0,15,1,0.0
U018524,0.0,0.0,19,1,0.0
U018525,0.0,0.0,22,1,0.0
U018526,0.0,0.0,7,1,0.0
U010518,0.0,0.0,7,1,0.0
U010509,0.0,0.0,29,1,0.0
U018530,0.0,0.0,22,1,0.0
U010508,0.0,0.0,28,1,0.0
U018532,0.0,0.0,4,1,0.0
U018533,0.0,0.0,17,1,0.0
U010506,0.0,0.0,13,1,0.0
U018535,0.0,0.0,12,1,0.0
U010503,0.0,0.0,30,1,0.0
U018537,0.0,0.0,2,1,0.0
U018538,0.0,0.0,6,1,0.0
U018539,0.0,0.0,12,1,0.0
U010501,0.0,0.0,5,1,0.0
U010499,0.0,0.0,26,1,0.0
U018542,0.0,0.0,30,1,0.0
U010498,0.0,0.0,23,1,0.0
U018544,0.0,0.0,28,1,0.0
U010492,0.0,0.0,28,1,0.0
U018546,0.0,0.0,22,1,0.0
U018547,0.0,0.0,21,1,0.0
U018548,0.0,0.0,26,1,0.0
U010490,0.0,0.0,16,1,0.0
U010488,0.0,0.0,9,1,0.0
U010487,0.0,0.0,9,1,0.0
U010486,0.0,0.0,12,1,0.0
U010481,0.0,0.0,10,1,0.0
U010479,0.0,0.0,30,1,0.0
U010475,0.0,0.0,24,1,0.0
U018557,0.0,0.0,12,1,0.0
U018559,0.0,0.0,22,1,0.0
U010468,0.0,0.0,12,1,0.0
U010465,0.0,0.0,5,1,0.0
U018562,0.0,0.0,20,1,0.0
U018563,0.0,0.0,5,1,0.0
U010463,0.0,0.0,11,1,0.0
U010462,0.0,0.0,6,1,0.0
U010458,0.0,0.0,20,1,0.0
U018567,0.0,0.0,29,1,0.0
U018568,0.0,0.0,13,1,0.0
U010457,0.0,0.0,29,1,0.0
U010451,0.0,0.0,26,1,0.0
U010450,0.0,0.0,31,1,0.0
U010449,0.0,0.0,22,1,0.0
U010448,0.0,0.0,5,1,0.0
U018574,0.0,0.0,13,1,0.0
U018575,0.0,0.0,6,1,0.0
U010446,0.0,0.0,4,1,0.0
U018577,0.0,0.0,5,1,0.0
U018578,0.0,0.0,2,1,0.0
U010444,0.0,0.0,17,1,0.0
U018580,0.0,0.0,5,1,0.0
U010439,0.0,0.0,7,1,0.0
U010438,0.0,0.0,3,1,0.0
U018583,0.0,0.0,2,1,0.0
U018584,0.0,0.0,27,1,0.0
U018585,0.0,0.0,28,1,0.0
U018587,0.0,0.0,10,1,0.0
U010434,0.0,0.0,29,1,0.0
U010432,0.0,0.0,23,1,0.0
U010430,0.0,0.0,29,1,0.0
U010428,0.0,0.0,5,1,0.0
U018592,0.0,0.0,7,1,0.0
U010426,0.0,0.0,13,1,0.0
U010418,0.0,0.0,24,1,0.0
U018595,0.0,0.0,16,1,0.0
U018596,0.0,0.0,3,1,0.0
U018597,0.0,0.0,21,1,0.0
U010415,0.0,0.0,20,1,0.0
U018599,0.0,0.0,8,1,0.0
U010414,0.0,0.0,15,1,0.0
U010411,0.0,0.0,6,1,0.0
U010410,0.0,0.0,22,1,0.0
U018603,0.0,0.0,31,1,0.0
U018604,0.0,0.0,16,1,0.0
U018605,0.0,0.0,22,1,0.0
U010402,0.0,0.0,4,1,0.0
U018607,0.0,0.0,12,1,0.0
U010401,0.0,0.0,11,1,0.0
U010398,0.0,0.0,4,1,0.0
U010393,0.0,0.0,15,1,0.0
U018611,0.0,0.0,27,1,0.0
U010389,0.0,0.0,18,1,0.0
U018613,0.0,0.0,13,1,0.0
U010384,0.0,0.0,24,1,0.0
U010383,0.0,0.0,15,1,0.0
U018616,0.0,0.0,22,1,0.0
U010378,0.0,0.0,8,1,0.0
U010376,0.0,0.0,16,1,0.0
U018619,0.0,0.0,26,1,0.0
U010369,0.0,0.0,18,1,0.0
U018623,0.0,0.0,6,1,0.0
U010366,0.0,0.0,4,1,0.0
U018625,0.0,0.0,28,1,0.0
U010364,0.0,0.0,28,1,0.0
U010363,0.0,0.0,25,1,0.0
U010362,0.0,0.0,2,1,0.0
U010361,0.0,0.0,3,1,0.0
U010359,0.0,0.0,10,1,0.0
U010358,0.0,0.0,31,1,0.0
U018632,0.0,0.0,2,1,0.0
U010354,0.0,0.0,3,1,0.0
U010347,0.0,0.0,14,1,0.0
U010345,0.0,0.0,14,1,0.0
U010342,0.0,0.0,9,1,0.0
U010341,0.0,0.0,28,1,0.0
U010340,0.0,0.0,5,1,0.0
U010336,0.0,0.0,16,1,0.0
U010332,0.0,0.0,27,1,0.0
U018641,0.0,0.0,10,1,0.0
U010331,0.0,0.0,15,1,0.0
U018643,0.0,0.0,2,1,0.0
U010330,0.0,0.0,31,1,0.0
U010328,0.0,0.0,7,1,0.0
U010324,0.0,0.0,28,1,0.0
U010320,0.0,0.0,8,1,0.0
U010319,0.0,0.0,23,1,0.0
U010318,0.0,0.0,16,1,0.0
U010317,0.0,0.0,11,1,0.0
U010315,0.0,0.0,4,1,0.0
U010313,0.0,0.0,2,1,0.0
U010312,0.0,0.0,28,1,0.0
U018655,0.0,0.0,24,1,0.0
U010311,0.0,0.0,10,1,0.0
U018658,0.0,0.0,15,1,0.0
U018659,0.0,0.0,18,1,0.0
U018660,0.0,0.0,22,1,0.0
U018661,0.0,0.0,9,1,0.0
U010310,0.0,0.0,22,1,0.0
U010306,0.0,0.0,19,1,0.0
U010305,0.0,0.0,28,1,0.0
U010300,0.0,0.0,18,1,0.0
U018666,0.0,0.0,16,1,0.0
U018667,0.0,0.0,26,1,0.0
U018668,0.0,0.0,27,1,0.0
U010290,0.0,0.0,8,1,0.0
U010282,0.0,0.0,18,1,0.0
U018671,0.0,0.0,31,1,0.0
U018672,0.0,0.0,9,1,0.0
U010278,0.0,0.0,6,1,0.0
U010277,0.0,0.0,8,1,0.0
U018675,0.0,0.0,23,1,0.0
U010274,0.0,0.0,21,1,0.0
U018679,0.0,0.0,25,1,0.0
U010273,0.0,0.0,29,1,0.0
U010263,0.0,0.0,10,1,0.0
U018682,0.0,0.0,20,1,0.0
U018683,0.0,0.0,2,1,0.0
U018684,0.0,0.0,22,1,0.0
U018685,0.0,0.0,30,1,0.0
U018686,0.0,0.0,11,1,0.0
U010262,0.0,0.0,11,1,0.0
U010260,0.0,0.0,23,1,0.0
U010256,0.0,0.0,21,1,0.0
U018692,0.0,0.0,13,1,0.0
U010255,0.0,0.0,2,1,0.0
U010253,0.0,0.0,12,1,0.0
U010248,0.0,0.0,15,1,0.0
U010246,0.0,0.0,18,1,0.0
U010245,0.0,0.0,6,1,0.0
U018699,0.0,0.0,22,1,0.0
U018700,0.0,0.0,8,1,0.0
U010244,0.0,0.0,27,1,0.0
U010243,0.0,0.0,25,1,0.0
U010241,0.0,0.0,20,1,0.0
U010240,0.0,0.0,14,1,0.0
U018705,0.0,0.0,29,1,0.0
U010239,0.0,0.0,27,1,0.0
U010237,0.0,0.0,13,1,0.0
U010234,0.0,0.0,10,1,0.0
U018709,0.0,0.0,27,1,0.0
U018710,0.0,0.0,2,1,0.0
U018711,0.0,0.0,9,1,0.0
U018712,0.0,0.0,15,1,0.0
U018714,0.0,0.0,14,1,0.0
U018715,0.0,0.0,5,1,0.0
U010232,0.0,0.0,24,1,0.0
U010231,0.0,0.0,15,1,0.0
U010229,0.0,0.0,8,1,0.0
U018719,0.0,0.0,15,1,0.0
U018720,0.0,0.0,20,1,0.0
U018721,0.0,0.0,31,1,0.0
U010228,0.0,0.0,12,1,0.0
U010224,0.0,0.0,19,1,0.0
U010222,0.0,0.0,21,1,0.0
U010219,0.0,0.0,29,1,0.0
U010218,0.0,0.0,8,1,0.0
U010216,0.0,0.0,28,1,0.0
U018729,0.0,0.0,24,1,0.0
U010212,0.0,0.0,13,1,0.0
U010211,0.0,0.0,9,1,0.0
U018732,0.0,0.0,12,1,0.0
U010209,0.0,0.0,6,1,0.0
U018734,0.0,0.0,22,1,0.0
U010208,0.0,0.0,23,1,0.0
U010205,0.0,0.0,2,1,0.0
U018737,0.0,0.0,19,1,0.0
U018738,0.0,0.0,23,1,0.0
U010202,0.0,0.0,17,1,0.0
U018740,0.0,0.0,14,1,0.0
U010200,0.0,0.0,19,1,0.0
U018742,0.0,0.0,23,1,0.0
U018743,0.0,0.0,29,1,0.0
U010198,0.0,0.0,10,1,0.0
U010197,0.0,0.0,24,1,0.0
U018746,0.0,0.0,19,1,0.0
U018747,0.0,0.0,23,1,0.0
U018748,0.0,0.0,31,1,0.0
U010196,0.0,0.0,9,1,0.0
U018750,0.0,0.0,4,1,0.0
U018751,0.0,0.0,14,1,0.0
U010194,0.0,0.0,8,1,0.0
U018754,0.0,0.0,12,1,0.0
U018755,0.0,0.0,11,1,0.0
U018756,0.0,0.0,29,1,0.0
U010193,0.0,0.0,17,1,0.0
U010191,0.0,0.0,13,1,0.0
U010190,0.0,0.0,21,1,0.0
U018760,0.0,0.0,30,1,0.0
U018761,0.0,0.0,24,1,0.0
U010187,0.0,0.0,2,1,0.0
U018764,0.0,0.0,5,1,0.0
U018765,0.0,0.0,26,1,0.0
U018766,0.0,0.0,6,1,0.0
U010185,0.0,0.0,6,1,0.0
U010183,0.0,0.0,15,1,0.0
U018769,0.0,0.0,12,1,0.0
U010181,0.0,0.0,25,1,0.0
U010179,0.0,0.0,24,1,0.0
U010177,0.0,0.0,19,1,0.0
U018773,0.0,0.0,9,1,0.0
U018774,0.0,0.0,20,1,0.0
U018775,0.0,0.0,4,1,0.0
U010174,0.0,0.0,5,1,0.0
U010172,0.0,0.0,26,1,0.0
U018779,0.0,0.0,7,1,0.0
U014919,0.0,0.0,28,1,0.0
U010171,0.0,0.0,13,1,0.0
U018782,0.0,0.0,28,1,0.0
U010170,0.0,0.0,15,1,0.0
U010169,0.0,0.0,3,1,0.0
U010166,0.0,0.0,3,1,0.0
U018786,0.0,0.0,13,1,0.0
U010164,0.0,0.0,17,1,0.0
U010163,0.0,0.0,20,1,0.0
U018790,0.0,0.0,20,1,0.0
U010162,0.0,0.0,14,1,0.0
U010158,0.0,0.0,4,1,0.0
U018793,0.0,0.0,3,1,0.0
U010155,0.0,0.0,27,1,0.0
U010153,0.0,0.0,2,1,0.0
U010152,0.0,0.0,29,1,0.0
U018797,0.0,0.0,4,1,0.0
U010150,0.0,0.0,21,1,0.0
U018799,0.0,0.0,2,1,0.0
U010146,0.0,0.0,30,1,0.0
U010145,0.0,0.0,28,1,0.0
U010144,0.0,0.0,17,1,0.0
U010143,0.0,0.0,9,1,0.0
U018804,0.0,0.0,10,1,0.0
U010140,0.0,0.0,25,1,0.0
U018806,0.0,0.0,12,1,0.0
U010139,0.0,0.0,14,1,0.0
U010135,0.0,0.0,7,1,0.0
U010133,0.0,0.0,23,1,0.0
U010132,0.0,0.0,3,1,0.0
U018811,0.0,0.0,6,1,0.0
U018812,0.0,0.0,6,1,0.0
U010131,0.0,0.0,15,1,0.0
U018814,0.0,0.0,13,1,0.0
U018815,0.0,0.0,30,1,0.0
U010129,0.0,0.0,19,1,0.0
U010128,0.0,0.0,16,1,0.0
U010125,0.0,0.0,26,1,0.0
U010121,0.0,0.0,28,1,0.0
U018820,0.0,0.0,24,1,0.0
U018821,0.0,0.0,30,1,0.0
U010116,0.0,0.0,18,1,0.0
U010109,0.0,0.0,17,1,0.0
U018824,0.0,0.0,23,1,0.0
U018825,0.0,0.0,23,1,0.0
U018826,0.0,0.0,14,1,0.0
U010107,0.0,0.0,3,1,0.0
U018830,0.0,0.0,15,1,0.0
U010106,0.0,0.0,9,1,0.0
U010102,0.0,0.0,24,1,0.0
U018833,0.0,0.0,29,1,0.0
U018834,0.0,0.0,2,1,0.0
U018835,0.0,0.0,24,1,0.0
U018836,0.0,0.0,14,1,0.0
U010101,0.0,0.0,28,1,0.0
U010100,0.0,0.0,17,1,0.0
U010097,0.0,0.0,12,1,0.0
U010094,0.0,0.0,17,1,0.0
U018841,0.0,0.0,28,1,0.0
U018842,0.0,0.0,20,1,0.0
U018843,0.0,0.0,19,1,0.0
U010091,0.0,0.0,28,1,0.0
U010088,0.0,0.0,20,1,0.0
U018847,0.0,0.0,13,1,0.0
U018848,0.0,0.0,6,1,0.0
U015054,0.0,0.0,16,1,0.0
U010084,0.0,0.0,5,1,0.0
U010082,0.0,0.0,16,1,0.0
U018853,0.0,0.0,11,1,0.0
U018854,0.0,0.0,10,1,0.0
U018855,0.0,0.0,28,1,0.0
U010081,0.0,0.0,28,1,0.0
U010076,0.0,0.0,27,1,0.0
U010073,0.0,0.0,27,1,0.0
U018859,0.0,0.0,19,1,0.0
U018860,0.0,0.0,25,1,0.0
U010068,0.0,0.0,31,1,0.0
U018863,0.0,0.0,19,1,0.0
U018864,0.0,0.0,3,1,0.0
U018865,0.0,0.0,9,1,0.0
U018866,0.0,0.0,8,1,0.0
U010067,0.0,0.0,9,1,0.0
U010065,0.0,0.0,7,1,0.0
U010063,0.0,0.0,6,1,0.0
U018870,0.0,0.0,2,1,0.0
U010061,0.0,0.0,12,1,0.0
U018872,0.0,0.0,14,1,0.0
U010059,0.0,0.0,13,1,0.0
U010058,0.0,0.0,3,1,0.0
U010055,0.0,0.0,3,1,0.0
U018876,0.0,0.0,7,1,0.0
U010054,0.0,0.0,18,1,0.0
U010053,0.0,0.0,26,1,0.0
U018879,0.0,0.0,22,1,0.0
U018880,0.0,0.0,29,1,0.0
U018881,0.0,0.0,27,1,0.0
U010052,0.0,0.0,30,1,0.0
U010048,0.0,0.0,22,1,0.0
U010044,0.0,0.0,17,1,0.0
U014916,0.0,0.0,24,1,0.0
U018886,0.0,0.0,6,1,0.0
U010043,0.0,0.0,18,1,0.0
U010042,0.0,0.0,11,1,0.0
U018889,0.0,0.0,3,1,0.0
U010041,0.0,0.0,16,1,0.0
U018891,0.0,0.0,20,1,0.0
U010040,0.0,0.0,25,1,0.0
U018893,0.0,0.0,17,1,0.0
U018894,0.0,0.0,9,1,0.0
U010034,0.0,0.0,13,1,0.0
U010033,0.0,0.0,11,1,0.0
U010032,0.0,0.0,8,1,0.0
U010030,0.0,0.0,7,1,0.0
U018899,0.0,0.0,25,1,0.0
U010024,0.0,0.0,24,1,0.0
U010022,0.0,0.0,27,1,0.0
U018902,0.0,0.0,19,1,0.0
U010014,0.0,0.0,15,1,0.0
U010012,0.0,0.0,14,1,0.0
U010010,0.0,0.0,27,1,0.0
U010009,0.0,0.0,12,1,0.0
U010008,0.0,0.0,14,1,0.0
U010007,0.0,0.0,10,1,0.0
U018910,0.0,0.0,14,1,0.0
U018911,0.0,0.0,30,1,0.0
U010005,0.0,0.0,23,1,0.0
U018913,0.0,0.0,19,1,0.0
U009999,0.0,0.0,18,1,0.0
U009998,0.0,0.0,12,1,0.0
U009992,0.0,0.0,9,1,0.0
U009989,0.0,0.0,2,1,0.0
U009988,0.0,0.0,2,1,0.0
U009985,0.0,0.0,12,1,0.0
U009984,0.0,0.0,12,1,0.0
U018921,0.0,0.0,22,1,0.0
U009982,0.0,0.0,9,1,0.0
U009978,0.0,0.0,11,1,0.0
U018924,0.0,0.0,19,1,0.0
U018925,0.0,0.0,13,1,0.0
U018926,0.0,0.0,3,1,0.0
U018927,0.0,0.0,17,1,0.0
U009976,0.0,0.0,30,1,0.0
U009975,0.0,0.0,15,1,0.0
U009973,0.0,0.0,30,1,0.0
U009971,0.0,0.0,8,1,0.0
U018933,0.0,0.0,8,1,0.0
U009969,0.0,0.0,25,1,0.0
U009968,0.0,0.0,28,1,0.0
U009967,0.0,0.0,22,1,0.0
U009962,0.0,0.0,20,1,0.0
U009960,0.0,0.0,21,1,0.0
U018939,0.0,0.0,15,1,0.0
U009959,0.0,0.0,19,1,0.0
U009954,0.0,0.0,7,1,0.0
U009953,0.0,0.0,3,1,0.0
U018943,0.0,0.0,14,1,0.0
U018944,0.0,0.0,10,1,0.0
U009952,0.0,0.0,20,1,0.0
U018947,0.0,0.0,19,1,0.0
U018948,0.0,0.0,17,1,0.0
U018949,0.0,0.0,23,1,0.0
U009947,0.0,0.0,4,1,0.0
U009945,0.0,0.0,19,1,0.0
U018952,0.0,0.0,14,1,0.0
U009944,0.0,0.0,4,1,0.0
U018954,0.0,0.0,5,1,0.0
U018955,0.0,0.0,26,1,0.0
U018956,0.0,0.0,25,1,0.0
U018957,0.0,0.0,12,1,0.0
U009943,0.0,0.0,16,1,0.0
U018959,0.0,0.0,12,1,0.0
U018960,0.0,0.0,11,1,0.0
U009939,0.0,0.0,22,1,0.0
U009937,0.0,0.0,20,1,0.0
U009932,0.0,0.0,17,1,0.0
U018964,0.0,0.0,13,1,0.0
U018965,0.0,0.0,7,1,0.0
U009931,0.0,0.0,14,1,0.0
U009930,0.0,0.0,3,1,0.0
U014913,0.0,0.0,30,1,0.0
U018969,0.0,0.0,14,1,0.0
U018970,0.0,0.0,20,1,0.0
U018971,0.0,0.0,6,1,0.0
U009929,0.0,0.0,23,1,0.0
U009927,0.0,0.0,21,1,0.0
U009924,0.0,0.0,9,1,0.0
U018975,0.0,0.0,30,1,0.0
U018976,0.0,0.0,15,1,0.0
U018977,0.0,0.0,8,1,0.0
U009921,0.0,0.0,23,1,0.0
U009920,0.0,0.0,2,1,0.0
U009916,0.0,0.0,31,1,0.0
U009905,0.0,0.0,12,1,0.0
U018983,0.0,0.0,5,1,0.0
U009898,0.0,0.0,6,1,0.0
U018987,0.0,0.0,13,1,0.0
U018988,0.0,0.0,22,1,0.0
U018989,0.0,0.0,27,1,0.0
U018990,0.0,0.0,27,1,0.0
U009897,0.0,0.0,30,1,0.0
U009890,0.0,0.0,11,1,0.0
U009889,0.0,0.0,7,1,0.0
U009886,0.0,0.0,21,1,0.0
U009885,0.0,0.0,30,1,0.0
U009884,0.0,0.0,18,1,0.0
U018998,0.0,0.0,15,1,0.0
U009879,0.0,0.0,10,1,0.0
U009878,0.0,0.0,5,1,0.0
U019001,0.0,0.0,16,1,0.0
U019004,0.0,0.0,26,1,0.0
U009876,0.0,0.0,3,1,0.0
U019006,0.0,0.0,10,1,0.0
U009874,0.0,0.0,4,1,0.0
U009870,0.0,0.0,20,1,0.0
U009869,0.0,0.0,3,1,0.0
U019010,0.0,0.0,23,1,0.0
U009867,0.0,0.0,15,1,0.0
U009862,0.0,0.0,20,1,0.0
U019013,0.0,0.0,13,1,0.0
U009861,0.0,0.0,14,1,0.0
U009855,0.0,0.0,8,1,0.0
U009849,0.0,0.0,10,1,0.0
U009848,0.0,0.0,28,1,0.0
U009846,0.0,0.0,6,1,0.0
U009844,0.0,0.0,12,1,0.0
U009843,0.0,0.0,23,1,0.0
U019022,0.0,0.0,5,1,0.0
U009840,0.0,0.0,21,1,0.0
U019024,0.0,0.0,10,1,0.0
U009839,0.0,0.0,13,1,0.0
U019026,0.0,0.0,8,1,0.0
U009837,0.0,0.0,29,1,0.0
U009836,0.0,0.0,18,1,0.0
U019029,0.0,0.0,15,1,0.0
U009833,0.0,0.0,14,1,0.0
U009832,0.0,0.0,9,1,0.0
U019032,0.0,0.0,13,1,0.0
U019033,0.0,0.0,19,1,0.0
U009829,0.0,0.0,4,1,0.0
U009824,0.0,0.0,9,1,0.0
U019036,0.0,0.0,26,1,0.0
U019037,0.0,0.0,10,1,0.0
U019038,0.0,0.0,14,1,0.0
U019040,0.0,0.0,8,1,0.0
U009821,0.0,0.0,23,1,0.0
U019042,0.0,0.0,21,1,0.0
U009818,0.0,0.0,8,1,0.0
U019044,0.0,0.0,5,1,0.0
U009816,0.0,0.0,9,1,0.0
U009815,0.0,0.0,9,1,0.0
U019047,0.0,0.0,2,1,0.0
U019048,0.0,0.0,8,1,0.0
U019049,0.0,0.0,6,1,0.0
U019050,0.0,0.0,28,1,0.0
U009812,0.0,0.0,8,1,0.0
U009811,0.0,0.0,2,1,0.0
U009810,0.0,0.0,23,1,0.0
U019055,0.0,0.0,23,1,0.0
U009809,0.0,0.0,4,1,0.0
U019057,0.0,0.0,26,1,0.0
U009808,0.0,0.0,29,1,0.0
U019059,0.0,0.0,26,1,0.0
U019060,0.0,0.0,16,1,0.0
U019062,0.0,0.0,24,1,0.0
U019064,0.0,0.0,9,1,0.0
U009806,0.0,0.0,19,1,0.0
U019066,0.0,0.0,3,1,0.0
U009801,0.0,0.0,13,1,0.0
U019069,0.0,0.0,21,1,0.0
U019070,0.0,0.0,7,1,0.0
U019071,0.0,0.0,18,1,0.0
U009800,0.0,0.0,11,1,0.0
U019073,0.0,0.0,17,1,0.0
U009799,0.0,0.0,25,1,0.0
U019075,0.0,0.0,8,1,0.0
U019076,0.0,0.0,30,1,0.0
U009796,0.0,0.0,4,1,0.0
U009791,0.0,0.0,26,1,0.0
U009786,0.0,0.0,1,1,0.0
U009783,0.0,0.0,24,1,0.0
U019081,0.0,0.0,20,1,0.0
U009781,0.0,0.0,23,1,0.0
U009780,0.0,0.0,14,1,0.0
U015057,0.0,0.0,21,1,0.0
U019086,0.0,0.0,17,1,0.0
U009778,0.0,0.0,13,1,0.0
U019088,0.0,0.0,8,1,0.0
U009777,0.0,0.0,11,1,0.0
U009773,0.0,0.0,16,1,0.0
U009769,0.0,0.0,7,1,0.0
U019092,0.0,0.0,8,1,0.0
U019093,0.0,0.0,15,1,0.0
U009765,0.0,0.0,8,1,0.0
U019095,0.0,0.0,10,1,0.0
U019096,0.0,0.0,12,1,0.0
U019097,0.0,0.0,17,1,0.0
U009764,0.0,0.0,15,1,0.0
U009759,0.0,0.0,7,1,0.0
U009758,0.0,0.0,19,1,0.0
U009754,0.0,0.0,19,1,0.0
U019102,0.0,0.0,27,1,0.0
U009753,0.0,0.0,16,1,0.0
U019104,0.0,0.0,14,1,0.0
U019105,0.0,0.0,31,1,0.0
U019106,0.0,0.0,10,1,0.0
U019107,0.0,0.0,31,1,0.0
U009748,0.0,0.0,1,1,0.0
U009746,0.0,0.0,21,1,0.0
U009743,0.0,0.0,20,1,0.0
U019111,0.0,0.0,24,1,0.0
U019112,0.0,0.0,3,1,0.0
U019113,0.0,0.0,29,1,0.0
U019114,0.0,0.0,24,1,0.0
U019115,0.0,0.0,15,1,0.0
U009738,0.0,0.0,6,1,0.0
U009737,0.0,0.0,14,1,0.0
U009733,0.0,0.0,1,1,0.0
U009725,0.0,0.0,1,1,0.0
U009723,0.0,0.0,20,1,0.0
U009722,0.0,0.0,31,1,0.0
U009719,0.0,0.0,22,1,0.0
U009718,0.0,0.0,3,1,0.0
U019125,0.0,0.0,27,1,0.0
U009715,0.0,0.0,26,1,0.0
U009713,0.0,0.0,9,1,0.0
U019128,0.0,0.0,9,1,0.0
U009712,0.0,0.0,20,1,0.0
U009709,0.0,0.0,17,1,0.0
U019131,0.0,0.0,20,1,0.0
U009707,0.0,0.0,22,1,0.0
U019133,0.0,0.0,11,1,0.0
U009706,0.0,0.0,18,1,0.0
U019135,0.0,0.0,14,1,0.0
U009705,0.0,0.0,17,1,0.0
U019137,0.0,0.0,18,1,0.0
U019138,0.0,0.0,7,1,0.0
U019139,0.0,0.0,27,1,0.0
U009704,0.0,0.0,13,1,0.0
U019141,0.0,0.0,21,1,0.0
U009702,0.0,0.0,8,1,0.0
U019143,0.0,0.0,26,1,0.0
U009700,0.0,0.0,27,1,0.0
U009699,0.0,0.0,21,1,0.0
U019146,0.0,0.0,11,1,0.0
U009696,0.0,0.0,8,1,0.0
U009691,0.0,0.0,15,1,0.0
U019149,0.0,0.0,4,1,0.0
U009690,0.0,0.0,13,1,0.0
U009689,0.0,0.0,17,1,0.0
U019152,0.0,0.0,11,1,0.0
U019153,0.0,0.0,16,1,0.0
U009687,0.0,0.0,3,1,0.0
U009685,0.0,0.0,19,1,0.0
U009684,0.0,0.0,9,1,0.0
U009681,0.0,0.0,22,1,0.0
U019158,0.0,0.0,21,1,0.0
U009679,0.0,0.0,18,1,0.0
U009678,0.0,0.0,31,1,0.0
U009674,0.0,0.0,3,1,0.0
U019162,0.0,0.0,7,1,0.0
U009672,0.0,0.0,17,1,0.0
U009669,0.0,0.0,14,1,0.0
U009661,0.0,0.0,29,1,0.0
U019166,0.0,0.0,19,1,0.0
U009657,0.0,0.0,14,1,0.0
U019168,0.0,0.0,29,1,0.0
U009655,0.0,0.0,17,1,0.0
U015058,0.0,0.0,4,1,0.0
U019171,0.0,0.0,3,1,0.0
U009654,0.0,0.0,11,1,0.0
U009649,0.0,0.0,6,1,0.0
U019174,0.0,0.0,21,1,0.0
U009647,0.0,0.0,2,1,0.0
U009646,0.0,0.0,5,1,0.0
U009642,0.0,0.0,19,1,0.0
U019179,0.0,0.0,30,1,0.0
U009639,0.0,0.0,19,1,0.0
U019181,0.0,0.0,19,1,0.0
U009635,0.0,0.0,10,1,0.0
U009633,0.0,0.0,21,1,0.0
U009632,0.0,0.0,15,1,0.0
U009629,0.0,0.0,11,1,0.0
U009627,0.0,0.0,29,1,0.0
U019188,0.0,0.0,15,1,0.0
U009626,0.0,0.0,9,1,0.0
U019190,0.0,0.0,20,1,0.0
U009625,0.0,0.0,8,1,0.0
U009624,0.0,0.0,23,1,0.0
U019193,0.0,0.0,7,1,0.0
U019194,0.0,0.0,12,1,0.0
U019195,0.0,0.0,2,1,0.0
U009623,0.0,0.0,24,1,0.0
U019197,0.0,0.0,7,1,0.0
U009622,0.0,0.0,8,1,0.0
U009619,0.0,0.0,3,1,0.0
U009617,0.0,0.0,2,1,0.0
U009616,0.0,0.0,17,1,0.0
U009612,0.0,0.0,2,1,0.0
U009611,0.0,0.0,9,1,0.0
U019205,0.0,0.0,31,1,0.0
U019206,0.0,0.0,5,1,0.0
U019207,0.0,0.0,26,1,0.0
U019208,0.0,0.0,4,1,0.0
U019209,0.0,0.0,1,1,0.0
U009610,0.0,0.0,20,1,0.0
U009608,0.0,0.0,22,1,0.0
U019212,0.0,0.0,17,1,0.0
U019213,0.0,0.0,14,1,0.0
U009602,0.0,0.0,17,1,0.0
U009600,0.0,0.0,5,1,0.0
U019216,0.0,0.0,18,1,0.0
U009598,0.0,0.0,29,1,0.0
U019218,0.0,0.0,22,1,0.0
U009597,0.0,0.0,4,1,0.0
U009595,0.0,0.0,5,1,0.0
U019221,0.0,0.0,21,1,0.0
U019222,0.0,0.0,14,1,0.0
U009593,0.0,0.0,24,1,0.0
U019224,0.0,0.0,28,1,0.0
U009592,0.0,0.0,7,1,0.0
U009591,0.0,0.0,29,1,0.0
U019227,0.0,0.0,24,1,0.0
U019228,0.0,0.0,5,1,0.0
U009590,0.0,0.0,4,1,0.0
U019230,0.0,0.0,11,1,0.0
U009586,0.0,0.0,18,1,0.0
U019232,0.0,0.0,7,1,0.0
U009582,0.0,0.0,14,1,0.0
U019234,0.0,0.0,24,1,0.0
U019235,0.0,0.0,17,1,0.0
U009580,0.0,0.0,5,1,0.0
U009579,0.0,0.0,31,1,0.0
U009578,0.0,0.0,24,1,0.0
U019239,0.0,0.0,15,1,0.0
U009576,0.0,0.0,10,1,0.0
U019241,0.0,0.0,24,1,0.0
U019242,0.0,0.0,13,1,0.0
U019243,0.0,0.0,22,1,0.0
U014912,0.0,0.0,11,1,0.0
U019246,0.0,0.0,15,1,0.0
U009574,0.0,0.0,10,1,0.0
U009573,0.0,0.0,10,1,0.0
U009568,0.0,0.0,8,1,0.0
U009565,0.0,0.0,24,1,0.0
U019251,0.0,0.0,18,1,0.0
U009563,0.0,0.0,28,1,0.0
U009559,0.0,0.0,10,1,0.0
U019255,0.0,0.0,13,1,0.0
U009558,0.0,0.0,4,1,0.0
U009554,0.0,0.0,28,1,0.0
U019258,0.0,0.0,2,1,0.0
U019259,0.0,0.0,17,1,0.0
U019260,0.0,0.0,27,1,0.0
U009548,0.0,0.0,2,1,0.0
U019262,0.0,0.0,21,1,0.0
U009546,0.0,0.0,14,1,0.0
U019264,0.0,0.0,21,1,0.0
U019266,0.0,0.0,13,1,0.0
U009544,0.0,0.0,21,1,0.0
U019268,0.0,0.0,22,1,0.0
U009542,0.0,0.0,8,1,0.0
U019270,0.0,0.0,3,1,0.0
U009541,0.0,0.0,28,1,0.0
U009534,0.0,0.0,12,1,0.0
U009528,0.0,0.0,31,1,0.0
U019275,0.0,0.0,25,1,0.0
U019276,0.0,0.0,25,1,0.0
U009524,0.0,0.0,16,1,0.0
U009520,0.0,0.0,9,1,0.0
U009509,0.0,0.0,10,1,0.0
U019280,0.0,0.0,25,1,0.0
U009506,0.0,0.0,18,1,0.0
U009503,0.0,0.0,12,1,0.0
U019283,0.0,0.0,26,1,0.0
U009499,0.0,0.0,28,1,0.0
U009498,0.0,0.0,17,1,0.0
U019286,0.0,0.0,14,1,0.0
U019287,0.0,0.0,4,1,0.0
U009497,0.0,0.0,12,1,0.0
U009494,0.0,0.0,21,1,0.0
U009484,0.0,0.0,25,1,0.0
U009483,0.0,0.0,22,1,0.0
U009477,0.0,0.0,6,1,0.0
U009476,0.0,0.0,25,1,0.0
U009475,0.0,0.0,10,1,0.0
U009474,0.0,0.0,21,1,0.0
U009472,0.0,0.0,11,1,0.0
U019297,0.0,0.0,26,1,0.0
U009467,0.0,0.0,8,1,0.0
U009464,0.0,0.0,28,1,0.0
U009462,0.0,0.0,18,1,0.0
U009460,0.0,0.0,4,1,0.0
U009459,0.0,0.0,9,1,0.0
U009458,0.0,0.0,27,1,0.0
U009457,0.0,0.0,21,1,0.0
U019305,0.0,0.0,12,1,0.0
U009455,0.0,0.0,7,1,0.0
U019308,0.0,0.0,30,1,0.0
U019309,0.0,0.0,24,1,0.0
U009448,0.0,0.0,8,1,0.0
U019312,0.0,0.0,11,1,0.0
U019314,0.0,0.0,4,1,0.0
U009444,0.0,0.0,6,1,0.0
U009441,0.0,0.0,2,1,0.0
U009438,0.0,0.0,10,1,0.0
U019318,0.0,0.0,22,1,0.0
U019319,0.0,0.0,3,1,0.0
U009437,0.0,0.0,29,1,0.0
U019321,0.0,0.0,24,1,0.0
U009431,0.0,0.0,27,1,0.0
U009428,0.0,0.0,11,1,0.0
U009425,0.0,0.0,14,1,0.0
U009423,0.0,0.0,27,1,0.0
U009421,0.0,0.0,22,1,0.0
U009415,0.0,0.0,10,1,0.0
U009413,0.0,0.0,24,1,0.0
U009412,0.0,0.0,29,1,0.0
U019330,0.0,0.0,2,1,0.0
U019331,0.0,0.0,22,1,0.0
U019332,0.0,0.0,1,1,0.0
U015060,0.0,0.0,22,1,0.0
U009409,0.0,0.0,24,1,0.0
U009408,0.0,0.0,13,1,0.0
U009407,0.0,0.0,13,1,0.0
U019337,0.0,0.0,24,1,0.0
U009405,0.0,0.0,25,1,0.0
U019339,0.0,0.0,5,1,0.0
U009402,0.0,0.0,23,1,0.0
U009397,0.0,0.0,6,1,0.0
U009396,0.0,0.0,23,1,0.0
U009395,0.0,0.0,30,1,0.0
U019344,0.0,0.0,30,1,0.0
U019345,0.0,0.0,9,1,0.0
U009393,0.0,0.0,9,1,0.0
U019347,0.0,0.0,7,1,0.0
U009391,0.0,0.0,17,1,0.0
U015061,0.0,0.0,14,1,0.0
U019350,0.0,0.0,2,1,0.0
U009389,0.0,0.0,4,1,0.0
U019352,0.0,0.0,20,1,0.0
U009388,0.0,0.0,25,1,0.0
U019354,0.0,0.0,20,1,0.0
U009386,0.0,0.0,5,1,0.0
U009384,0.0,0.0,30,1,0.0
U019358,0.0,0.0,8,1,0.0
U009383,0.0,0.0,21,1,0.0
U019360,0.0,0.0,30,1,0.0
U009382,0.0,0.0,23,1,0.0
U019362,0.0,0.0,12,1,0.0
U014910,0.0,0.0,13,1,0.0
U019364,0.0,0.0,24,1,0.0
U009379,0.0,0.0,25,1,0.0
U009375,0.0,0.0,7,1,0.0
U009373,0.0,0.0,3,1,0.0
U019369,0.0,0.0,23,1,0.0
U009363,0.0,0.0,29,1,0.0
U009361,0.0,0.0,18,1,0.0
U019373,0.0,0.0,3,1,0.0
U009360,0.0,0.0,31,1,0.0
U009359,0.0,0.0,28,1,0.0
U019376,0.0,0.0,19,1,0.0
U019377,0.0,0.0,27,1,0.0
U009356,0.0,0.0,6,1,0.0
U009350,0.0,0.0,8,1,0.0
U019380,0.0,0.0,16,1,0.0
U009348,0.0,0.0,17,1,0.0
U009345,0.0,0.0,19,1,0.0
U019385,0.0,0.0,5,1,0.0
U009344,0.0,0.0,8,1,0.0
U009343,0.0,0.0,12,1,0.0
U009340,0.0,0.0,17,1,0.0
U009337,0.0,0.0,10,1,0.0
U019390,0.0,0.0,20,1,0.0
U019391,0.0,0.0,19,1,0.0
U019392,0.0,0.0,17,1,0.0
U009336,0.0,0.0,30,1,0.0
U009332,0.0,0.0,8,1,0.0
U019395,0.0,0.0,11,1,0.0
U019396,0.0,0.0,19,1,0.0
U009329,0.0,0.0,13,1,0.0
U019399,0.0,0.0,25,1,0.0
U009328,0.0,0.0,26,1,0.0
U019401,0.0,0.0,27,1,0.0
U019402,0.0,0.0,19,1,0.0
U009327,0.0,0.0,18,1,0.0
U019404,0.0,0.0,4,1,0.0
U009324,0.0,0.0,27,1,0.0
U009323,0.0,0.0,12,1,0.0
U019407,0.0,0.0,18,1,0.0
U019408,0.0,0.0,19,1,0.0
U019409,0.0,0.0,20,1,0.0
U019410,0.0,0.0,9,1,0.0
U009322,0.0,0.0,8,1,0.0
U019412,0.0,0.0,4,1,0.0
U019413,0.0,0.0,30,1,0.0
U009316,0.0,0.0,25,1,0.0
U019417,0.0,0.0,24,1,0.0
U019418,0.0,0.0,29,1,0.0
U019419,0.0,0.0,20,1,0.0
U009315,0.0,0.0,10,1,0.0
U019421,0.0,0.0,14,1,0.0
U009313,0.0,0.0,18,1,0.0
U009310,0.0,0.0,22,1,0.0
U019424,0.0,0.0,27,1,0.0
U009309,0.0,0.0,21,1,0.0
U009307,0.0,0.0,8,1,0.0
U009306,0.0,0.0,18,1,0.0
U009304,0.0,0.0,14,1,0.0
U009303,0.0,0.0,12,1,0.0
U019431,0.0,0.0,3,1,0.0
U009302,0.0,0.0,15,1,0.0
U009300,0.0,0.0,20,1,0.0
U019434,0.0,0.0,25,1,0.0
U009298,0.0,0.0,20,1,0.0
U009297,0.0,0.0,15,1,0.0
U009296,0.0,0.0,3,1,0.0
U009294,0.0,0.0,27,1,0.0
U009292,0.0,0.0,26,1,0.0
U009291,0.0,0.0,20,1,0.0
U009289,0.0,0.0,6,1,0.0
U009288,0.0,0.0,6,1,0.0
U009287,0.0,0.0,18,1,0.0
U009285,0.0,0.0,29,1,0.0
U009284,0.0,0.0,14,1,0.0
U019446,0.0,0.0,9,1,0.0
U019447,0.0,0.0,4,1,0.0
U019448,0.0,0.0,31,1,0.0
U019449,0.0,0.0,18,1,0.0
U009283,0.0,0.0,10,1,0.0
U019451,0.0,0.0,3,1,0.0
U019452,0.0,0.0,2,1,0.0
U009282,0.0,0.0,4,1,0.0
U019454,0.0,0.0,3,1,0.0
U019455,0.0,0.0,29,1,0.0
U009280,0.0,0.0,23,1,0.0
U009279,0.0,0.0,3,1,0.0
U009275,0.0,0.0,9,1,0.0
U019459,0.0,0.0,18,1,0.0
U019460,0.0,0.0,9,1,0.0
U009274,0.0,0.0,19,1,0.0
U019462,0.0,0.0,17,1,0.0
U019463,0.0,0.0,28,1,0.0
U009270,0.0,0.0,2,1,0.0
U019465,0.0,0.0,29,1,0.0
U009268,0.0,0.0,27,1,0.0
U009266,0.0,0.0,11,1,0.0
U019468,0.0,0.0,14,1,0.0
U019469,0.0,0.0,22,1,0.0
U009265,0.0,0.0,22,1,0.0
U009264,0.0,0.0,9,1,0.0
U019472,0.0,0.0,24,1,0.0
U009257,0.0,0.0,9,1,0.0
U019474,0.0,0.0,6,1,0.0
U019475,0.0,0.0,11,1,0.0
U009256,0.0,0.0,21,1,0.0
U009255,0.0,0.0,31,1,0.0
U009254,0.0,0.0,5,1,0.0
U009253,0.0,0.0,31,1,0.0
U009252,0.0,0.0,15,1,0.0
U009248,0.0,0.0,24,1,0.0
U009247,0.0,0.0,21,1,0.0
U009246,0.0,0.0,11,1,0.0
U009245,0.0,0.0,12,1,0.0
U019488,0.0,0.0,26,1,0.0
U019489,0.0,0.0,5,1,0.0
U009241,0.0,0.0,20,1,0.0
U009240,0.0,0.0,19,1,0.0
U009239,0.0,0.0,29,1,0.0
U019493,0.0,0.0,13,1,0.0
U009238,0.0,0.0,21,1,0.0
U019495,0.0,0.0,19,1,0.0
U009237,0.0,0.0,31,1,0.0
U009236,0.0,0.0,19,1,0.0
U009235,0.0,0.0,17,1,0.0
U019499,0.0,0.0,19,1,0.0
U009233,0.0,0.0,5,1,0.0
U009232,0.0,0.0,19,1,0.0
U019502,0.0,0.0,15,1,0.0
U009230,0.0,0.0,24,1,0.0
U009229,0.0,0.0,8,1,0.0
U009228,0.0,0.0,10,1,0.0
U009226,0.0,0.0,25,1,0.0
U019508,0.0,0.0,3,1,0.0
U009208,0.0,0.0,9,1,0.0
U009206,0.0,0.0,2,1,0.0
U009198,0.0,0.0,23,1,0.0
U009197,0.0,0.0,11,1,0.0
U009194,0.0,0.0,20,1,0.0
U009191,0.0,0.0,5,1,0.0
U009190,0.0,0.0,27,1,0.0
U009188,0.0,0.0,13,1,0.0
U009186,0.0,0.0,12,1,0.0
U009185,0.0,0.0,18,1,0.0
U009180,0.0,0.0,2,1,0.0
U019522,0.0,0.0,20,1,0.0
U009178,0.0,0.0,9,1,0.0
U019524,0.0,0.0,24,1,0.0
U009176,0.0,0.0,12,1,0.0
U009175,0.0,0.0,26,1,0.0
U019527,0.0,0.0,24,1,0.0
U009171,0.0,0.0,18,1,0.0
U019529,0.0,0.0,9,1,0.0
U019530,0.0,0.0,6,1,0.0
U009169,0.0,0.0,3,1,0.0
U009168,0.0,0.0,17,1,0.0
U009166,0.0,0.0,8,1,0.0
U019534,0.0,0.0,17,1,0.0
U009165,0.0,0.0,22,1,0.0
U019536,0.0,0.0,26,1,0.0
U019537,0.0,0.0,18,1,0.0
U009162,0.0,0.0,19,1,0.0
U019539,0.0,0.0,14,1,0.0
U009161,0.0,0.0,10,1,0.0
U019541,0.0,0.0,9,1,0.0
U009160,0.0,0.0,13,1,0.0
U009151,0.0,0.0,19,1,0.0
U009150,0.0,0.0,27,1,0.0
U009148,0.0,0.0,23,1,0.0
U009146,0.0,0.0,19,1,0.0
U019547,0.0,0.0,8,1,0.0
U009142,0.0,0.0,8,1,0.0
U019549,0.0,0.0,29,1,0.0
U009138,0.0,0.0,22,1,0.0
U019551,0.0,0.0,11,1,0.0
U019553,0.0,0.0,21,1,0.0
U009133,0.0,0.0,18,1,0.0
U019555,0.0,0.0,9,1,0.0
U015063,0.0,0.0,5,1,0.0
U019557,0.0,0.0,5,1,0.0
U009132,0.0,0.0,20,1,0.0
U009131,0.0,0.0,7,1,0.0
U019560,0.0,0.0,15,1,0.0
U009128,0.0,0.0,28,1,0.0
U009127,0.0,0.0,16,1,0.0
U009124,0.0,0.0,11,1,0.0
U019564,0.0,0.0,23,1,0.0
U009121,0.0,0.0,15,1,0.0
U019566,0.0,0.0,30,1,0.0
U019567,0.0,0.0,10,1,0.0
U009117,0.0,0.0,9,1,0.0
U009110,0.0,0.0,18,1,0.0
U009105,0.0,0.0,8,1,0.0
U009103,0.0,0.0,7,1,0.0
U019576,0.0,0.0,29,1,0.0
U009093,0.0,0.0,19,1,0.0
U019578,0.0,0.0,4,1,0.0
U019579,0.0,0.0,13,1,0.0
U019580,0.0,0.0,19,1,0.0
U009092,0.0,0.0,25,1,0.0
U019582,0.0,0.0,31,1,0.0
U019583,0.0,0.0,31,1,0.0
U009088,0.0,0.0,12,1,0.0
U019585,0.0,0.0,10,1,0.0
U009087,0.0,0.0,16,1,0.0
U019587,0.0,0.0,29,1,0.0
U019588,0.0,0.0,13,1,0.0
U019589,0.0,0.0,14,1,0.0
U009086,0.0,0.0,6,1,0.0
U019591,0.0,0.0,6,1,0.0
U019593,0.0,0.0,13,1,0.0
U009081,0.0,0.0,18,1,0.0
U009080,0.0,0.0,15,1,0.0
U019596,0.0,0.0,19,1,0.0
U009079,0.0,0.0,22,1,0.0
U009078,0.0,0.0,5,1,0.0
U009077,0.0,0.0,20,1,0.0
U009075,0.0,0.0,9,1,0.0
U019601,0.0,0.0,11,1,0.0
U009070,0.0,0.0,5,1,0.0
U019603,0.0,0.0,2,1,0.0
U015064,0.0,0.0,31,1,0.0
U019605,0.0,0.0,3,1,0.0
U019606,0.0,0.0,11,1,0.0
U019607,0.0,0.0,12,1,0.0
U009069,0.0,0.0,12,1,0.0
U009068,0.0,0.0,3,1,0.0
U019610,0.0,0.0,18,1,0.0
U019611,0.0,0.0,12,1,0.0
U019612,0.0,0.0,3,1,0.0
U009064,0.0,0.0,3,1,0.0
U015065,0.0,0.0,22,1,0.0
U009062,0.0,0.0,4,1,0.0
U009058,0.0,0.0,13,1,0.0
U019618,0.0,0.0,10,1,0.0
U009057,0.0,0.0,5,1,0.0
U019621,0.0,0.0,27,1,0.0
U009053,0.0,0.0,26,1,0.0
U009051,0.0,0.0,31,1,0.0
U009050,0.0,0.0,29,1,0.0
U019625,0.0,0.0,17,1,0.0
U009049,0.0,0.0,13,1,0.0
U019627,0.0,0.0,31,1,0.0
U009044,0.0,0.0,17,1,0.0
U009043,0.0,0.0,21,1,0.0
U009042,0.0,0.0,19,1,0.0
U019631,0.0,0.0,17,1,0.0
U009041,0.0,0.0,6,1,0.0
U019633,0.0,0.0,22,1,0.0
U019634,0.0,0.0,23,1,0.0
U009040,0.0,0.0,16,1,0.0
U009039,0.0,0.0,17,1,0.0
U019637,0.0,0.0,24,1,0.0
U009038,0.0,0.0,24,1,0.0
U009037,0.0,0.0,10,1,0.0
U019640,0.0,0.0,19,1,0.0
U009032,0.0,0.0,26,1,0.0
U019642,0.0,0.0,4,1,0.0
U019643,0.0,0.0,27,1,0.0
U009026,0.0,0.0,25,1,0.0
U019645,0.0,0.0,3,1,0.0
U019646,0.0,0.0,11,1,0.0
U019647,0.0,0.0,2,1,0.0
U019648,0.0,0.0,27,1,0.0
U009024,0.0,0.0,20,1,0.0
U009023,0.0,0.0,7,1,0.0
U009022,0.0,0.0,2,1,0.0
U019653,0.0,0.0,28,1,0.0
U009020,0.0,0.0,4,1,0.0
U019655,0.0,0.0,7,1,0.0
U009019,0.0,0.0,10,1,0.0
U019657,0.0,0.0,6,1,0.0
U019658,0.0,0.0,15,1,0.0
U009018,0.0,0.0,30,1,0.0
U009017,0.0,0.0,20,1,0.0
U009015,0.0,0.0,16,1,0.0
U009014,0.0,0.0,22,1,0.0
U019663,0.0,0.0,21,1,0.0
U009012,0.0,0.0,10,1,0.0
U019665,0.0,0.0,12,1,0.0
U009006,0.0,0.0,4,1,0.0
U009005,0.0,0.0,6,1,0.0
U009003,0.0,0.0,25,1,0.0
U009000,0.0,0.0,22,1,0.0
U008998,0.0,0.0,28,1,0.0
U019671,0.0,0.0,14,1,0.0
U019672,0.0,0.0,10,1,0.0
U019673,0.0,0.0,9,1,0.0
U008995,0.0,0.0,10,1,0.0
U019675,0.0,0.0,20,1,0.0
U019676,0.0,0.0,21,1,0.0
U019677,0.0,0.0,14,1,0.0
U019678,0.0,0.0,1,1,0.0
U008992,0.0,0.0,9,1,0.0
U008991,0.0,0.0,2,1,0.0
U008989,0.0,0.0,7,1,0.0
U008985,0.0,0.0,3,1,0.0
U019683,0.0,0.0,8,1,0.0
U019684,0.0,0.0,11,1,0.0
U008982,0.0,0.0,4,1,0.0
U008981,0.0,0.0,11,1,0.0
U019687,0.0,0.0,15,1,0.0
U014908,0.0,0.0,8,1,0.0
U008980,0.0,0.0,17,1,0.0
U008978,0.0,0.0,27,1,0.0
U008977,0.0,0.0,13,1,0.0
U019693,0.0,0.0,28,1,0.0
U019694,0.0,0.0,29,1,0.0
U019696,0.0,0.0,7,1,0.0
U019697,0.0,0.0,21,1,0.0
U019698,0.0,0.0,13,1,0.0
U015067,0.0,0.0,16,1,0.0
U019700,0.0,0.0,12,1,0.0
U019701,0.0,0.0,14,1,0.0
U008974,0.0,0.0,13,1,0.0
U008972,0.0,0.0,30,1,0.0
U008971,0.0,0.0,14,1,0.0
U019705,0.0,0.0,19,1,0.0
U008970,0.0,0.0,27,1,0.0
U019707,0.0,0.0,5,1,0.0
U008969,0.0,0.0,15,1,0.0
U019709,0.0,0.0,2,1,0.0
U008962,0.0,0.0,10,1,0.0
U008961,0.0,0.0,21,1,0.0
U008960,0.0,0.0,15,1,0.0
U008958,0.0,0.0,14,1,0.0
U019714,0.0,0.0,10,1,0.0
U008957,0.0,0.0,21,1,0.0
U008955,0.0,0.0,17,1,0.0
U019718,0.0,0.0,17,1,0.0
U019719,0.0,0.0,23,1,0.0
U008947,0.0,0.0,2,1,0.0
U008943,0.0,0.0,23,1,0.0
U019722,0.0,0.0,16,1,0.0
U019723,0.0,0.0,27,1,0.0
U008942,0.0,0.0,29,1,0.0
U008941,0.0,0.0,28,1,0.0
U008940,0.0,0.0,20,1,0.0
U008939,0.0,0.0,15,1,0.0
U008938,0.0,0.0,14,1,0.0
U019729,0.0,0.0,27,1,0.0
U008937,0.0,0.0,31,1,0.0
U008934,0.0,0.0,8,1,0.0
U008931,0.0,0.0,27,1,0.0
U008930,0.0,0.0,26,1,0.0
U019736,0.0,0.0,16,1,0.0
U019737,0.0,0.0,31,1,0.0
U019738,0.0,0.0,29,1,0.0
U019739,0.0,0.0,24,1,0.0
U008928,0.0,0.0,16,1,0.0
U008921,0.0,0.0,20,1,0.0
U019742,0.0,0.0,30,1,0.0
U019743,0.0,0.0,16,1,0.0
U008920,0.0,0.0,29,1,0.0
U008918,0.0,0.0,7,1,0.0
U019746,0.0,0.0,8,1,0.0
U019747,0.0,0.0,11,1,0.0
U008914,0.0,0.0,23,1,0.0
U008913,0.0,0.0,27,1,0.0
U019751,0.0,0.0,17,1,0.0
U019752,0.0,0.0,4,1,0.0
U019753,0.0,0.0,8,1,0.0
U019754,0.0,0.0,28,1,0.0
U019755,0.0,0.0,22,1,0.0
U019758,0.0,0.0,28,1,0.0
U008910,0.0,0.0,30,1,0.0
U019760,0.0,0.0,16,1,0.0
U008908,0.0,0.0,14,1,0.0
U008907,0.0,0.0,6,1,0.0
U008906,0.0,0.0,2,1,0.0
U019764,0.0,0.0,20,1,0.0
U019765,0.0,0.0,8,1,0.0
U008904,0.0,0.0,15,1,0.0
U019767,0.0,0.0,30,1,0.0
U008902,0.0,0.0,16,1,0.0
U019769,0.0,0.0,31,1,0.0
U008900,0.0,0.0,15,1,0.0
U019771,0.0,0.0,31,1,0.0
U008897,0.0,0.0,27,1,0.0
U008895,0.0,0.0,15,1,0.0
U019775,0.0,0.0,17,1,0.0
U008892,0.0,0.0,27,1,0.0
U008890,0.0,0.0,15,1,0.0
U019778,0.0,0.0,18,1,0.0
U019779,0.0,0.0,27,1,0.0
U019780,0.0,0.0,25,1,0.0
U008889,0.0,0.0,20,1,0.0
U019782,0.0,0.0,28,1,0.0
U008888,0.0,0.0,6,1,0.0
U008887,0.0,0.0,18,1,0.0
U019785,0.0,0.0,15,1,0.0
U019786,0.0,0.0,25,1,0.0
U008882,0.0,0.0,11,1,0.0
U019788,0.0,0.0,2,1,0.0
U008878,0.0,0.0,22,1,0.0
U008876,0.0,0.0,20,1,0.0
U019791,0.0,0.0,16,1,0.0
U008874,0.0,0.0,31,1,0.0
U019793,0.0,0.0,18,1,0.0
U008871,0.0,0.0,25,1,0.0
U019795,0.0,0.0,8,1,0.0
U019796,0.0,0.0,1,1,0.0
U019797,0.0,0.0,10,1,0.0
U019798,0.0,0.0,24,1,0.0
U008868,0.0,0.0,10,1,0.0
U008865,0.0,0.0,18,1,0.0
U019801,0.0,0.0,7,1,0.0
U008861,0.0,0.0,20,1,0.0
U019803,0.0,0.0,17,1,0.0
U019804,0.0,0.0,25,1,0.0
U008857,0.0,0.0,25,1,0.0
U008856,0.0,0.0,2,1,0.0
U008855,0.0,0.0,29,1,0.0
U015068,0.0,0.0,8,1,0.0
U019809,0.0,0.0,3,1,0.0
U008849,0.0,0.0,6,1,0.0
U019812,0.0,0.0,7,1,0.0
U019813,0.0,0.0,31,1,0.0
U008848,0.0,0.0,6,1,0.0
U008846,0.0,0.0,6,1,0.0
U008845,0.0,0.0,13,1,0.0
U008837,0.0,0.0,16,1,0.0
U008829,0.0,0.0,10,1,0.0
U008823,0.0,0.0,30,1,0.0
U019821,0.0,0.0,21,1,0.0
U008818,0.0,0.0,11,1,0.0
U008817,0.0,0.0,28,1,0.0
U019825,0.0,0.0,24,1,0.0
U008812,0.0,0.0,19,1,0.0
U008809,0.0,0.0,3,1,0.0
U019828,0.0,0.0,17,1,0.0
U019829,0.0,0.0,14,1,0.0
U008807,0.0,0.0,15,1,0.0
U008803,0.0,0.0,11,1,0.0
U008801,0.0,0.0,29,1,0.0
U008800,0.0,0.0,6,1,0.0
U008799,0.0,0.0,18,1,0.0
U008796,0.0,0.0,24,1,0.0
U008793,0.0,0.0,19,1,0.0
U019837,0.0,0.0,24,1,0.0
U008790,0.0,0.0,7,1,0.0
U019839,0.0,0.0,19,1,0.0
U008789,0.0,0.0,20,1,0.0
U008786,0.0,0.0,16,1,0.0
U019842,0.0,0.0,19,1,0.0
U008783,0.0,0.0,31,1,0.0
U008780,0.0,0.0,18,1,0.0
U008779,0.0,0.0,11,1,0.0
U008778,0.0,0.0,25,1,0.0
U008764,0.0,0.0,27,1,0.0
U019850,0.0,0.0,21,1,0.0
U019851,0.0,0.0,2,1,0.0
U008759,0.0,0.0,27,1,0.0
U008756,0.0,0.0,12,1,0.0
U008755,0.0,0.0,10,1,0.0
U008754,0.0,0.0,18,1,0.0
U008748,0.0,0.0,12,1,0.0
U019857,0.0,0.0,4,1,0.0
U019858,0.0,0.0,4,1,0.0
U019859,0.0,0.0,28,1,0.0
U019860,0.0,0.0,3,1,0.0
U019861,0.0,0.0,20,1,0.0
U019862,0.0,0.0,5,1,0.0
U008747,0.0,0.0,29,1,0.0
U019864,0.0,0.0,19,1,0.0
U008738,0.0,0.0,7,1,0.0
U019867,0.0,0.0,10,1,0.0
U008737,0.0,0.0,8,1,0.0
U008733,0.0,0.0,20,1,0.0
U019870,0.0,0.0,15,1,0.0
U008732,0.0,0.0,25,1,0.0
U008729,0.0,0.0,28,1,0.0
U019873,0.0,0.0,8,1,0.0
U008723,0.0,0.0,27,1,0.0
U008722,0.0,0.0,22,1,0.0
U019876,0.0,0.0,5,1,0.0
U008721,0.0,0.0,24,1,0.0
U019878,0.0,0.0,12,1,0.0
U008719,0.0,0.0,4,1,0.0
U008718,0.0,0.0,22,1,0.0
U019881,0.0,0.0,3,1,0.0
U008715,0.0,0.0,9,1,0.0
U019883,0.0,0.0,16,1,0.0
U019884,0.0,0.0,2,1,0.0
U008708,0.0,0.0,11,1,0.0
U019887,0.0,0.0,2,1,0.0
U008705,0.0,0.0,29,1,0.0
U008704,0.0,0.0,26,1,0.0
U008702,0.0,0.0,26,1,0.0
U008699,0.0,0.0,20,1,0.0
U008696,0.0,0.0,8,1,0.0
U008695,0.0,0.0,1,1,0.0
U019894,0.0,0.0,21,1,0.0
U008689,0.0,0.0,15,1,0.0
U008688,0.0,0.0,5,1,0.0
U008685,0.0,0.0,3,1,0.0
U008679,0.0,0.0,5,1,0.0
U008678,0.0,0.0,22,1,0.0
U008677,0.0,0.0,16,1,0.0
U008675,0.0,0.0,27,1,0.0
U019902,0.0,0.0,15,1,0.0
U008674,0.0,0.0,5,1,0.0
U008672,0.0,0.0,5,1,0.0
U008671,0.0,0.0,8,1,0.0
U008668,0.0,0.0,31,1,0.0
U019907,0.0,0.0,20,1,0.0
U008664,0.0,0.0,14,1,0.0
U008662,0.0,0.0,20,1,0.0
U008661,0.0,0.0,7,1,0.0
U008660,0.0,0.0,6,1,0.0
U019912,0.0,0.0,12,1,0.0
U019913,0.0,0.0,27,1,0.0
U019914,0.0,0.0,29,1,0.0
U008657,0.0,0.0,7,1,0.0
U008656,0.0,0.0,25,1,0.0
U008648,0.0,0.0,5,1,0.0
U019919,0.0,0.0,9,1,0.0
U019920,0.0,0.0,10,1,0.0
U019921,0.0,0.0,28,1,0.0
U008647,0.0,0.0,20,1,0.0
U019923,0.0,0.0,29,1,0.0
U019924,0.0,0.0,15,1,0.0
U008637,0.0,0.0,23,1,0.0
U008636,0.0,0.0,31,1,0.0
U019928,0.0,0.0,16,1,0.0
U008635,0.0,0.0,19,1,0.0
U008633,0.0,0.0,16,1,0.0
U008626,0.0,0.0,22,1,0.0
U019932,0.0,0.0,18,1,0.0
U008623,0.0,0.0,5,1,0.0
U019934,0.0,0.0,26,1,0.0
U019935,0.0,0.0,22,1,0.0
U008622,0.0,0.0,16,1,0.0
U019937,0.0,0.0,7,1,0.0
U008621,0.0,0.0,18,1,0.0
U008620,0.0,0.0,30,1,0.0
U008619,0.0,0.0,13,1,0.0
U008618,0.0,0.0,5,1,0.0
U019943,0.0,0.0,25,1,0.0
U008617,0.0,0.0,16,1,0.0
U008615,0.0,0.0,19,1,0.0
U019947,0.0,0.0,4,1,0.0
U019948,0.0,0.0,25,1,0.0
U008604,0.0,0.0,20,1,0.0
U019950,0.0,0.0,3,1,0.0
U008602,0.0,0.0,14,1,0.0
U008601,0.0,0.0,10,1,0.0
U008600,0.0,0.0,18,1,0.0
U019955,0.0,0.0,26,1,0.0
U019956,0.0,0.0,17,1,0.0
U008599,0.0,0.0,2,1,0.0
U008595,0.0,0.0,29,1,0.0
U008587,0.0,0.0,8,1,0.0
U008586,0.0,0.0,3,1,0.0
U008583,0.0,0.0,13,1,0.0
U019963,0.0,0.0,30,1,0.0
U019964,0.0,0.0,12,1,0.0
U008581,0.0,0.0,8,1,0.0
U008578,0.0,0.0,17,1,0.0
U019968,0.0,0.0,26,1,0.0
U019970,0.0,0.0,3,1,0.0
U008577,0.0,0.0,8,1,0.0
U008572,0.0,0.0,10,1,0.0
U008571,0.0,0.0,7,1,0.0
U008567,0.0,0.0,25,1,0.0
U019975,0.0,0.0,17,1,0.0
U008566,0.0,0.0,4,1,0.0
U008554,0.0,0.0,12,1,0.0
U008553,0.0,0.0,23,1,0.0
U019979,0.0,0.0,4,1,0.0
U019980,0.0,0.0,22,1,0.0
U008552,0.0,0.0,5,1,0.0
U019982,0.0,0.0,19,1,0.0
U008551,0.0,0.0,2,1,0.0
U008550,0.0,0.0,15,1,0.0
U008549,0.0,0.0,11,1,0.0
U019987,0.0,0.0,4,1,0.0
U019988,0.0,0.0,2,1,0.0
U019989,0.0,0.0,26,1,0.0
U019990,0.0,0.0,17,1,0.0
U019991,0.0,0.0,29,1,0.0
U019992,0.0,0.0,7,1,0.0
U008547,0.0,0.0,19,1,0.0
U008545,0.0,0.0,14,1,0.0
U019995,0.0,0.0,25,1,0.0
U019996,0.0,0.0,8,1,0.0
U008543,0.0,0.0,2,1,0.0
U019998,0.0,0.0,16,1,0.0
U008542,0.0,0.0,15,1,0.0
U020001,0.0,0.0,26,1,0.0
U008540,0.0,0.0,3,1,0.0
U020003,0.0,0.0,12,1,0.0
U008539,0.0,0.0,22,1,0.0
U008537,0.0,0.0,30,1,0.0
U020006,0.0,0.0,7,1,0.0
U008535,0.0,0.0,11,1,0.0
U008531,0.0,0.0,4,1,0.0
U008527,0.0,0.0,2,1,0.0
U008525,0.0,0.0,11,1,0.0
U008524,0.0,0.0,28,1,0.0
U008522,0.0,0.0,24,1,0.0
U020013,0.0,0.0,28,1,0.0
U020014,0.0,0.0,27,1,0.0
U020016,0.0,0.0,31,1,0.0
U008517,0.0,0.0,21,1,0.0
U020019,0.0,0.0,2,1,0.0
U020020,0.0,0.0,14,1,0.0
U008508,0.0,0.0,7,1,0.0
U008507,0.0,0.0,26,1,0.0
U008506,0.0,0.0,4,1,0.0
U020024,0.0,0.0,3,1,0.0
U020025,0.0,0.0,10,1,0.0
U008502,0.0,0.0,6,1,0.0
U008501,0.0,0.0,24,1,0.0
U008497,0.0,0.0,3,1,0.0
U008496,0.0,0.0,7,1,0.0
U008494,0.0,0.0,17,1,0.0
U008493,0.0,0.0,14,1,0.0
U008492,0.0,0.0,27,1,0.0
U008491,0.0,0.0,6,1,0.0
U008489,0.0,0.0,23,1,0.0
U008486,0.0,0.0,21,1,0.0
U020036,0.0,0.0,18,1,0.0
U008485,0.0,0.0,28,1,0.0
U020038,0.0,0.0,23,1,0.0
U020039,0.0,0.0,8,1,0.0
U020040,0.0,0.0,22,1,0.0
U008483,0.0,0.0,4,1,0.0
U008481,0.0,0.0,7,1,0.0
U020043,0.0,0.0,19,1,0.0
U008480,0.0,0.0,10,1,0.0
U008479,0.0,0.0,22,1,0.0
U008475,0.0,0.0,10,1,0.0
U008474,0.0,0.0,22,1,0.0
U020048,0.0,0.0,19,1,0.0
U008470,0.0,0.0,25,1,0.0
U008462,0.0,0.0,19,1,0.0
U008461,0.0,0.0,20,1,0.0
U008457,0.0,0.0,15,1,0.0
U008456,0.0,0.0,8,1,0.0
U020057,0.0,0.0,18,1,0.0
U008449,0.0,0.0,23,1,0.0
U008445,0.0,0.0,26,1,0.0
U008444,0.0,0.0,4,1,0.0
U008443,0.0,0.0,6,1,0.0
U020062,0.0,0.0,28,1,0.0
U008442,0.0,0.0,13,1,0.0
U008441,0.0,0.0,18,1,0.0
U020065,0.0,0.0,22,1,0.0
U020066,0.0,0.0,21,1,0.0
U008439,0.0,0.0,20,1,0.0
U008435,0.0,0.0,31,1,0.0
U020070,0.0,0.0,25,1,0.0
U020071,0.0,0.0,18,1,0.0
U020072,0.0,0.0,31,1,0.0
U008434,0.0,0.0,12,1,0.0
U008433,0.0,0.0,6,1,0.0
U008432,0.0,0.0,12,1,0.0
U008427,0.0,0.0,8,1,0.0
U020077,0.0,0.0,11,1,0.0
U020078,0.0,0.0,19,1,0.0
U008425,0.0,0.0,18,1,0.0
U020081,0.0,0.0,27,1,0.0
U020082,0.0,0.0,24,1,0.0
U020083,0.0,0.0,22,1,0.0
U020084,0.0,0.0,14,1,0.0
U008415,0.0,0.0,6,1,0.0
U008411,0.0,0.0,25,1,0.0
U008408,0.0,0.0,14,1,0.0
U008404,0.0,0.0,5,1,0.0
U020091,0.0,0.0,18,1,0.0
U008402,0.0,0.0,9,1,0.0
U008396,0.0,0.0,20,1,0.0
U020094,0.0,0.0,21,1,0.0
U014906,0.0,0.0,16,1,0.0
U008392,0.0,0.0,23,1,0.0
U008390,0.0,0.0,29,1,0.0
U008389,0.0,0.0,10,1,0.0
U020100,0.0,0.0,18,1,0.0
U008386,0.0,0.0,20,1,0.0
U008384,0.0,0.0,10,1,0.0
U020103,0.0,0.0,30,1,0.0
U020104,0.0,0.0,13,1,0.0
U020105,0.0,0.0,5,1,0.0
U008382,0.0,0.0,13,1,0.0
U008377,0.0,0.0,11,1,0.0
U008376,0.0,0.0,18,1,0.0
U008373,0.0,0.0,17,1,0.0
U008372,0.0,0.0,29,1,0.0
U020111,0.0,0.0,2,1,0.0
U020112,0.0,0.0,15,1,0.0
U020113,0.0,0.0,23,1,0.0
U008366,0.0,0.0,4,1,0.0
U008365,0.0,0.0,2,1,0.0
U020116,0.0,0.0,26,1,0.0
U008363,0.0,0.0,26,1,0.0
U008360,0.0,0.0,26,1,0.0
U008359,0.0,0.0,12,1,0.0
U020121,0.0,0.0,22,1,0.0
U008352,0.0,0.0,22,1,0.0
U008348,0.0,0.0,31,1,0.0
U008347,0.0,0.0,27,1,0.0
U020125,0.0,0.0,13,1,0.0
U020126,0.0,0.0,3,1,0.0
U020127,0.0,0.0,15,1,0.0
U020128,0.0,0.0,19,1,0.0
U020129,0.0,0.0,6,1,0.0
U020130,0.0,0.0,11,1,0.0
U008344,0.0,0.0,24,1,0.0
U008340,0.0,0.0,17,1,0.0
U020134,0.0,0.0,14,1,0.0
U008339,0.0,0.0,24,1,0.0
U020136,0.0,0.0,21,1,0.0
U020138,0.0,0.0,8,1,0.0
U008338,0.0,0.0,17,1,0.0
U020140,0.0,0.0,16,1,0.0
U008336,0.0,0.0,7,1,0.0
U008332,0.0,0.0,8,1,0.0
U008331,0.0,0.0,2,1,0.0
U008329,0.0,0.0,18,1,0.0
U020145,0.0,0.0,6,1,0.0
U020146,0.0,0.0,3,1,0.0
U008322,0.0,0.0,3,1,0.0
U008320,0.0,0.0,31,1,0.0
U008318,0.0,0.0,17,1,0.0
U020150,0.0,0.0,29,1,0.0
U008317,0.0,0.0,11,1,0.0
U008316,0.0,0.0,21,1,0.0
U008314,0.0,0.0,27,1,0.0
U020155,0.0,0.0,18,1,0.0
U008309,0.0,0.0,7,1,0.0
U008308,0.0,0.0,29,1,0.0
U020158,0.0,0.0,24,1,0.0
U008307,0.0,0.0,13,1,0.0
U020160,0.0,0.0,8,1,0.0
U015070,0.0,0.0,13,1,0.0
U008305,0.0,0.0,9,1,0.0
U008303,0.0,0.0,18,1,0.0
U020164,0.0,0.0,8,1,0.0
U008301,0.0,0.0,14,1,0.0
U020166,0.0,0.0,11,1,0.0
U008297,0.0,0.0,27,1,0.0
U008296,0.0,0.0,3,1,0.0
U020169,0.0,0.0,19,1,0.0
U020170,0.0,0.0,16,1,0.0
U008295,0.0,0.0,12,1,0.0
U020172,0.0,0.0,26,1,0.0
U020173,0.0,0.0,7,1,0.0
U008293,0.0,0.0,15,1,0.0
U020175,0.0,0.0,24,1,0.0
U008289,0.0,0.0,18,1,0.0
U008286,0.0,0.0,18,1,0.0
U008284,0.0,0.0,23,1,0.0
U020179,0.0,0.0,5,1,0.0
U008283,0.0,0.0,31,1,0.0
U008281,0.0,0.0,27,1,0.0
U020182,0.0,0.0,27,1,0.0
U008280,0.0,0.0,3,1,0.0
U020184,0.0,0.0,24,1,0.0
U020185,0.0,0.0,29,1,0.0
U008279,0.0,0.0,23,1,0.0
U008276,0.0,0.0,7,1,0.0
U008274,0.0,0.0,21,1,0.0
U020189,0.0,0.0,21,1,0.0
U008273,0.0,0.0,30,1,0.0
U008271,0.0,0.0,14,1,0.0
U008269,0.0,0.0,26,1,0.0
U008266,0.0,0.0,8,1,0.0
U020194,0.0,0.0,14,1,0.0
U020195,0.0,0.0,12,1,0.0
U014905,0.0,0.0,30,1,0.0
U020198,0.0,0.0,29,1,0.0
U008265,0.0,0.0,5,1,0.0
U008259,0.0,0.0,20,1,0.0
U020202,0.0,0.0,13,1,0.0
U020204,0.0,0.0,10,1,0.0
U020205,0.0,0.0,2,1,0.0
U020206,0.0,0.0,22,1,0.0
U008256,0.0,0.0,30,1,0.0
U020208,0.0,0.0,18,1,0.0
U020209,0.0,0.0,13,1,0.0
U020210,0.0,0.0,21,1,0.0
U008255,0.0,0.0,20,1,0.0
U020212,0.0,0.0,19,1,0.0
U008250,0.0,0.0,2,1,0.0
U008249,0.0,0.0,2,1,0.0
U008248,0.0,0.0,15,1,0.0
U020216,0.0,0.0,23,1,0.0
U020217,0.0,0.0,23,1,0.0
U015072,0.0,0.0,22,1,0.0
U020219,0.0,0.0,13,1,0.0
U020220,0.0,0.0,2,1,0.0
U020222,0.0,0.0,19,1,0.0
U008243,0.0,0.0,11,1,0.0
U020225,0.0,0.0,12,1,0.0
U008242,0.0,0.0,19,1,0.0
U020227,0.0,0.0,14,1,0.0
U020228,0.0,0.0,31,1,0.0
U008240,0.0,0.0,21,1,0.0
U020230,0.0,0.0,4,1,0.0
U008237,0.0,0.0,14,1,0.0
U008235,0.0,0.0,13,1,0.0
U008233,0.0,0.0,11,1,0.0
U008230,0.0,0.0,24,1,0.0
U020236,0.0,0.0,26,1,0.0
U008224,0.0,0.0,18,1,0.0
U020239,0.0,0.0,19,1,0.0
U008222,0.0,0.0,10,1,0.0
U020241,0.0,0.0,9,1,0.0
U020242,0.0,0.0,9,1,0.0
U008221,0.0,0.0,31,1,0.0
U008220,0.0,0.0,8,1,0.0
U008218,0.0,0.0,8,1,0.0
U015073,0.0,0.0,16,1,0.0
U020247,0.0,0.0,11,1,0.0
U020248,0.0,0.0,4,1,0.0
U008216,0.0,0.0,9,1,0.0
U008214,0.0,0.0,9,1,0.0
U020251,0.0,0.0,8,1,0.0
U020252,0.0,0.0,15,1,0.0
U020253,0.0,0.0,8,1,0.0
U020254,0.0,0.0,5,1,0.0
U008211,0.0,0.0,28,1,0.0
U008210,0.0,0.0,2,1,0.0
U008208,0.0,0.0,17,1,0.0
U020258,0.0,0.0,1,1,0.0
U008206,0.0,0.0,17,1,0.0
U020261,0.0,0.0,3,1,0.0
U020263,0.0,0.0,2,1,0.0
U020264,0.0,0.0,22,1,0.0
U008203,0.0,0.0,2,1,0.0
U020266,0.0,0.0,25,1,0.0
U008202,0.0,0.0,15,1,0.0
U008200,0.0,0.0,4,1,0.0
U008194,0.0,0.0,10,1,0.0
U015074,0.0,0.0,12,1,0.0
U008192,0.0,0.0,21,1,0.0
U020274,0.0,0.0,26,1,0.0
U020276,0.0,0.0,20,1,0.0
U008190,0.0,0.0,7,1,0.0
U008188,0.0,0.0,4,1,0.0
U008186,0.0,0.0,23,1,0.0
U008183,0.0,0.0,11,1,0.0
U020281,0.0,0.0,24,1,0.0
U008180,0.0,0.0,3,1,0.0
U008179,0.0,0.0,4,1,0.0
U020284,0.0,0.0,13,1,0.0
U008178,0.0,0.0,24,1,0.0
U008177,0.0,0.0,7,1,0.0
U008175,0.0,0.0,12,1,0.0
U008174,0.0,0.0,20,1,0.0
U008170,0.0,0.0,23,1,0.0
U008169,0.0,0.0,4,1,0.0
U020291,0.0,0.0,17,1,0.0
U008168,0.0,0.0,19,1,0.0
U008167,0.0,0.0,7,1,0.0
U008166,0.0,0.0,5,1,0.0
U020295,0.0,0.0,6,1,0.0
U008164,0.0,0.0,13,1,0.0
U020297,0.0,0.0,5,1,0.0
U008163,0.0,0.0,19,1,0.0
U008161,0.0,0.0,21,1,0.0
U008160,0.0,0.0,3,1,0.0
U008158,0.0,0.0,18,1,0.0
U008157,0.0,0.0,21,1,0.0
U008153,0.0,0.0,2,1,0.0
U008149,0.0,0.0,27,1,0.0
U008148,0.0,0.0,3,1,0.0
U020306,0.0,0.0,24,1,0.0
U008147,0.0,0.0,11,1,0.0
U008145,0.0,0.0,7,1,0.0
U008139,0.0,0.0,16,1,0.0
U008138,0.0,0.0,22,1,0.0
U008133,0.0,0.0,19,1,0.0
U008132,0.0,0.0,2,1,0.0
U020313,0.0,0.0,2,1,0.0
U008127,0.0,0.0,11,1,0.0
U020315,0.0,0.0,29,1,0.0
U020316,0.0,0.0,30,1,0.0
U020317,0.0,0.0,15,1,0.0
U008124,0.0,0.0,11,1,0.0
U020319,0.0,0.0,28,1,0.0
U020320,0.0,0.0,19,1,0.0
U008122,0.0,0.0,17,1,0.0
U020322,0.0,0.0,19,1,0.0
U020323,0.0,0.0,11,1,0.0
U008120,0.0,0.0,25,1,0.0
U020325,0.0,0.0,2,1,0.0
U008119,0.0,0.0,25,1,0.0
U020329,0.0,0.0,3,1,0.0
U008102,0.0,0.0,31,1,0.0
U008092,0.0,0.0,16,1,0.0
U008091,0.0,0.0,29,1,0.0
U008086,0.0,0.0,19,1,0.0
U008085,0.0,0.0,5,1,0.0
U020335,0.0,0.0,3,1,0.0
U020336,0.0,0.0,30,1,0.0
U020338,0.0,0.0,30,1,0.0
U020339,0.0,0.0,14,1,0.0
U020340,0.0,0.0,18,1,0.0
U008080,0.0,0.0,4,1,0.0
U008078,0.0,0.0,20,1,0.0
U020343,0.0,0.0,8,1,0.0
U008076,0.0,0.0,15,1,0.0
U008071,0.0,0.0,28,1,0.0
U008069,0.0,0.0,16,1,0.0
U008068,0.0,0.0,5,1,0.0
U008066,0.0,0.0,12,1,0.0
U008064,0.0,0.0,8,1,0.0
U008059,0.0,0.0,3,1,0.0
U008056,0.0,0.0,12,1,0.0
U020352,0.0,0.0,29,1,0.0
U008052,0.0,0.0,29,1,0.0
U015075,0.0,0.0,7,1,0.0
U020355,0.0,0.0,20,1,0.0
U020356,0.0,0.0,22,1,0.0
U008050,0.0,0.0,19,1,0.0
U008049,0.0,0.0,11,1,0.0
U008048,0.0,0.0,29,1,0.0
U008047,0.0,0.0,14,1,0.0
U020361,0.0,0.0,11,1,0.0
U008043,0.0,0.0,19,1,0.0
U008038,0.0,0.0,19,1,0.0
U020365,0.0,0.0,16,1,0.0
U020366,0.0,0.0,7,1,0.0
U008033,0.0,0.0,6,1,0.0
U020368,0.0,0.0,15,1,0.0
U008029,0.0,0.0,20,1,0.0
U020370,0.0,0.0,24,1,0.0
U020371,0.0,0.0,13,1,0.0
U020372,0.0,0.0,26,1,0.0
U014904,0.0,0.0,19,1,0.0
U008028,0.0,0.0,9,1,0.0
U008026,0.0,0.0,17,1,0.0
U020376,0.0,0.0,25,1,0.0
U008025,0.0,0.0,30,1,0.0
U020378,0.0,0.0,16,1,0.0
U008024,0.0,0.0,14,1,0.0
U020380,0.0,0.0,26,1,0.0
U020381,0.0,0.0,6,1,0.0
U008023,0.0,0.0,7,1,0.0
U020384,0.0,0.0,29,1,0.0
U020385,0.0,0.0,9,1,0.0
U020386,0.0,0.0,31,1,0.0
U020387,0.0,0.0,21,1,0.0
U020388,0.0,0.0,14,1,0.0
U008018,0.0,0.0,31,1,0.0
U008016,0.0,0.0,24,1,0.0
U008015,0.0,0.0,14,1,0.0
U020392,0.0,0.0,26,1,0.0
U008013,0.0,0.0,23,1,0.0
U008011,0.0,0.0,14,1,0.0
U020395,0.0,0.0,30,1,0.0
U008005,0.0,0.0,23,1,0.0
U008003,0.0,0.0,11,1,0.0
U020399,0.0,0.0,21,1,0.0
U020400,0.0,0.0,13,1,0.0
U008000,0.0,0.0,21,1,0.0
U020402,0.0,0.0,23,1,0.0
U007998,0.0,0.0,20,1,0.0
U007997,0.0,0.0,24,1,0.0
U007995,0.0,0.0,20,1,0.0
U007993,0.0,0.0,11,1,0.0
U007990,0.0,0.0,18,1,0.0
U020408,0.0,0.0,23,1,0.0
U007986,0.0,0.0,3,1,0.0
U020410,0.0,0.0,14,1,0.0
U020411,0.0,0.0,4,1,0.0
U007985,0.0,0.0,4,1,0.0
U007984,0.0,0.0,24,1,0.0
U007983,0.0,0.0,29,1,0.0
U007982,0.0,0.0,25,1,0.0
U007977,0.0,0.0,16,1,0.0
U007975,0.0,0.0,19,1,0.0
U007974,0.0,0.0,6,1,0.0
U020419,0.0,0.0,10,1,0.0
U020420,0.0,0.0,7,1,0.0
U020421,0.0,0.0,25,1,0.0
U007968,0.0,0.0,22,1,0.0
U020424,0.0,0.0,27,1,0.0
U007967,0.0,0.0,22,1,0.0
U020426,0.0,0.0,29,1,0.0
U007965,0.0,0.0,7,1,0.0
U007961,0.0,0.0,19,1,0.0
U007960,0.0,0.0,17,1,0.0
U007959,0.0,0.0,30,1,0.0
U020431,0.0,0.0,12,1,0.0
U020432,0.0,0.0,4,1,0.0
U020433,0.0,0.0,16,1,0.0
U007954,0.0,0.0,13,1,0.0
U020436,0.0,0.0,5,1,0.0
U007952,0.0,0.0,12,1,0.0
U007947,0.0,0.0,23,1,0.0
U020439,0.0,0.0,1,1,0.0
U020440,0.0,0.0,19,1,0.0
U007946,0.0,0.0,2,1,0.0
U020442,0.0,0.0,11,1,0.0
U007943,0.0,0.0,12,1,0.0
U020444,0.0,0.0,30,1,0.0
U020445,0.0,0.0,22,1,0.0
U007942,0.0,0.0,11,1,0.0
U015077,0.0,0.0,19,1,0.0
U007941,0.0,0.0,10,1,0.0
U020449,0.0,0.0,11,1,0.0
U007940,0.0,0.0,7,1,0.0
U007935,0.0,0.0,25,1,0.0
U020452,0.0,0.0,22,1,0.0
U007933,0.0,0.0,27,1,0.0
U007928,0.0,0.0,14,1,0.0
U007927,0.0,0.0,19,1,0.0
U020456,0.0,0.0,8,1,0.0
U020457,0.0,0.0,2,1,0.0
U007926,0.0,0.0,19,1,0.0
U007923,0.0,0.0,4,1,0.0
U007922,0.0,0.0,17,1,0.0
U020462,0.0,0.0,22,1,0.0
U007917,0.0,0.0,15,1,0.0
U007916,0.0,0.0,19,1,0.0
U020465,0.0,0.0,24,1,0.0
U007915,0.0,0.0,7,1,0.0
U007911,0.0,0.0,13,1,0.0
U007909,0.0,0.0,28,1,0.0
U020469,0.0,0.0,27,1,0.0
U007905,0.0,0.0,18,1,0.0
U020471,0.0,0.0,24,1,0.0
U007901,0.0,0.0,14,1,0.0
U007899,0.0,0.0,13,1,0.0
U007897,0.0,0.0,17,1,0.0
U020475,0.0,0.0,7,1,0.0
U007895,0.0,0.0,6,1,0.0
U020477,0.0,0.0,21,1,0.0
U007894,0.0,0.0,17,1,0.0
U014901,0.0,0.0,27,1,0.0
U007891,0.0,0.0,5,1,0.0
U020481,0.0,0.0,29,1,0.0
U007890,0.0,0.0,27,1,0.0
U007885,0.0,0.0,13,1,0.0
U020485,0.0,0.0,18,1,0.0
U007884,0.0,0.0,31,1,0.0
U007882,0.0,0.0,18,1,0.0
U007877,0.0,0.0,22,1,0.0
U007876,0.0,0.0,13,1,0.0
U007875,0.0,0.0,7,1,0.0
U007872,0.0,0.0,18,1,0.0
U020493,0.0,0.0,7,1,0.0
U020494,0.0,0.0,6,1,0.0
U007871,0.0,0.0,7,1,0.0
U007870,0.0,0.0,20,1,0.0
U007869,0.0,0.0,14,1,0.0
U007868,0.0,0.0,1,1,0.0
U007860,0.0,0.0,8,1,0.0
U020500,0.0,0.0,28,1,0.0
U007859,0.0,0.0,8,1,0.0
U007858,0.0,0.0,26,1,0.0
U020504,0.0,0.0,29,1,0.0
U007857,0.0,0.0,10,1,0.0
U020506,0.0,0.0,12,1,0.0
U020507,0.0,0.0,5,1,0.0
U020508,0.0,0.0,12,1,0.0
U020509,0.0,0.0,29,1,0.0
U020510,0.0,0.0,22,1,0.0
U007856,0.0,0.0,29,1,0.0
U020512,0.0,0.0,5,1,0.0
U020513,0.0,0.0,10,1,0.0
U020514,0.0,0.0,4,1,0.0
U020515,0.0,0.0,7,1,0.0
U007855,0.0,0.0,31,1,0.0
U007851,0.0,0.0,27,1,0.0
U007848,0.0,0.0,1,1,0.0
U007847,0.0,0.0,15,1,0.0
U007843,0.0,0.0,9,1,0.0
U020523,0.0,0.0,4,1,0.0
U007841,0.0,0.0,10,1,0.0
U007836,0.0,0.0,15,1,0.0
U020526,0.0,0.0,27,1,0.0
U007834,0.0,0.0,20,1,0.0
U020528,0.0,0.0,3,1,0.0
U007832,0.0,0.0,6,1,0.0
U020531,0.0,0.0,21,1,0.0
U020532,0.0,0.0,20,1,0.0
U007827,0.0,0.0,6,1,0.0
U007826,0.0,0.0,3,1,0.0
U020535,0.0,0.0,9,1,0.0
U020536,0.0,0.0,19,1,0.0
U020538,0.0,0.0,26,1,0.0
U007824,0.0,0.0,7,1,0.0
U020540,0.0,0.0,7,1,0.0
U020541,0.0,0.0,29,1,0.0
U007816,0.0,0.0,26,1,0.0
U020543,0.0,0.0,22,1,0.0
U007814,0.0,0.0,18,1,0.0
U020545,0.0,0.0,8,1,0.0
U020546,0.0,0.0,11,1,0.0
U020547,0.0,0.0,19,1,0.0
U020548,0.0,0.0,5,1,0.0
U007812,0.0,0.0,31,1,0.0
U020550,0.0,0.0,26,1,0.0
U007808,0.0,0.0,16,1,0.0
U007806,0.0,0.0,5,1,0.0
U007805,0.0,0.0,27,1,0.0
U020556,0.0,0.0,2,1,0.0
U007802,0.0,0.0,31,1,0.0
U007799,0.0,0.0,4,1,0.0
U020559,0.0,0.0,20,1,0.0
U007798,0.0,0.0,26,1,0.0
U020561,0.0,0.0,18,1,0.0
U007792,0.0,0.0,1,1,0.0
U020563,0.0,0.0,3,1,0.0
U020565,0.0,0.0,28,1,0.0
U020566,0.0,0.0,24,1,0.0
U007791,0.0,0.0,10,1,0.0
U007790,0.0,0.0,23,1,0.0
U020569,0.0,0.0,22,1,0.0
U020570,0.0,0.0,5,1,0.0
U007789,0.0,0.0,22,1,0.0
U020572,0.0,0.0,3,1,0.0
U020573,0.0,0.0,24,1,0.0
U007788,0.0,0.0,25,1,0.0
U007786,0.0,0.0,30,1,0.0
U020576,0.0,0.0,23,1,0.0
U007784,0.0,0.0,14,1,0.0
U020578,0.0,0.0,17,1,0.0
U007783,0.0,0.0,2,1,0.0
U007782,0.0,0.0,13,1,0.0
U007780,0.0,0.0,9,1,0.0
U020582,0.0,0.0,27,1,0.0
U020583,0.0,0.0,28,1,0.0
U020584,0.0,0.0,17,1,0.0
U007779,0.0,0.0,19,1,0.0
U007777,0.0,0.0,10,1,0.0
U020587,0.0,0.0,9,1,0.0
U007776,0.0,0.0,22,1,0.0
U020589,0.0,0.0,4,1,0.0
U007775,0.0,0.0,9,1,0.0
U015079,0.0,0.0,28,1,0.0
U007772,0.0,0.0,27,1,0.0
U020593,0.0,0.0,6,1,0.0
U020594,0.0,0.0,30,1,0.0
U020595,0.0,0.0,2,1,0.0
U020596,0.0,0.0,24,1,0.0
U007770,0.0,0.0,21,1,0.0
U020598,0.0,0.0,29,1,0.0
U020599,0.0,0.0,29,1,0.0
U007768,0.0,0.0,25,1,0.0
U020601,0.0,0.0,16,1,0.0
U020603,0.0,0.0,15,1,0.0
U007767,0.0,0.0,24,1,0.0
U020605,0.0,0.0,7,1,0.0
U020606,0.0,0.0,19,1,0.0
U007765,0.0,0.0,13,1,0.0
U007763,0.0,0.0,11,1,0.0
U007762,0.0,0.0,29,1,0.0
U020610,0.0,0.0,30,1,0.0
U020611,0.0,0.0,21,1,0.0
U007760,0.0,0.0,18,1,0.0
U020614,0.0,0.0,8,1,0.0
U020615,0.0,0.0,29,1,0.0
U007756,0.0,0.0,8,1,0.0
U007755,0.0,0.0,15,1,0.0
U020618,0.0,0.0,2,1,0.0
U007752,0.0,0.0,28,1,0.0
U020620,0.0,0.0,23,1,0.0
U020621,0.0,0.0,9,1,0.0
U020622,0.0,0.0,9,1,0.0
U007751,0.0,0.0,12,1,0.0
U020624,0.0,0.0,18,1,0.0
U020626,0.0,0.0,21,1,0.0
U007748,0.0,0.0,31,1,0.0
U007747,0.0,0.0,8,1,0.0
U020629,0.0,0.0,19,1,0.0
U020630,0.0,0.0,24,1,0.0
U007745,0.0,0.0,19,1,0.0
U020632,0.0,0.0,11,1,0.0
U007744,0.0,0.0,17,1,0.0
U020634,0.0,0.0,30,1,0.0
U007743,0.0,0.0,29,1,0.0
U007740,0.0,0.0,4,1,0.0
U007738,0.0,0.0,9,1,0.0
U007737,0.0,0.0,21,1,0.0
U007736,0.0,0.0,16,1,0.0
U007735,0.0,0.0,1,1,0.0
U007731,0.0,0.0,28,1,0.0
U007728,0.0,0.0,7,1,0.0
U007727,0.0,0.0,12,1,0.0
U007726,0.0,0.0,8,1,0.0
U020645,0.0,0.0,21,1,0.0
U007723,0.0,0.0,4,1,0.0
U007722,0.0,0.0,16,1,0.0
U007721,0.0,0.0,2,1,0.0
U007720,0.0,0.0,31,1,0.0
U020650,0.0,0.0,11,1,0.0
U007719,0.0,0.0,18,1,0.0
U020652,0.0,0.0,23,1,0.0
U020653,0.0,0.0,10,1,0.0
U020654,0.0,0.0,15,1,0.0
U007717,0.0,0.0,11,1,0.0
U007716,0.0,0.0,11,1,0.0
U020657,0.0,0.0,30,1,0.0
U020658,0.0,0.0,4,1,0.0
U007713,0.0,0.0,18,1,0.0
U007709,0.0,0.0,6,1,0.0
U007707,0.0,0.0,8,1,0.0
U020662,0.0,0.0,27,1,0.0
U007703,0.0,0.0,28,1,0.0
U020664,0.0,0.0,9,1,0.0
U020665,0.0,0.0,11,1,0.0
U007701,0.0,0.0,10,1,0.0
U007700,0.0,0.0,28,1,0.0
U020669,0.0,0.0,6,1,0.0
U007697,0.0,0.0,13,1,0.0
U007696,0.0,0.0,20,1,0.0
U007691,0.0,0.0,12,1,0.0
U020673,0.0,0.0,12,1,0.0
U020674,0.0,0.0,5,1,0.0
U020675,0.0,0.0,12,1,0.0
U020676,0.0,0.0,25,1,0.0
U020677,0.0,0.0,19,1,0.0
U020678,0.0,0.0,3,1,0.0
U020679,0.0,0.0,29,1,0.0
U007687,0.0,0.0,26,1,0.0
U020681,0.0,0.0,16,1,0.0
U020682,0.0,0.0,17,1,0.0
U007681,0.0,0.0,29,1,0.0
U007680,0.0,0.0,11,1,0.0
U020685,0.0,0.0,18,1,0.0
U020686,0.0,0.0,12,1,0.0
U007679,0.0,0.0,27,1,0.0
U007678,0.0,0.0,31,1,0.0
U020689,0.0,0.0,4,1,0.0
U007676,0.0,0.0,26,1,0.0
U020691,0.0,0.0,10,1,0.0
U015080,0.0,0.0,29,1,0.0
U007675,0.0,0.0,6,1,0.0
U020695,0.0,0.0,29,1,0.0
U007674,0.0,0.0,31,1,0.0
U020697,0.0,0.0,22,1,0.0
U007672,0.0,0.0,21,1,0.0
U020699,0.0,0.0,30,1,0.0
U007671,0.0,0.0,23,1,0.0
U007667,0.0,0.0,28,1,0.0
U007664,0.0,0.0,8,1,0.0
U007662,0.0,0.0,16,1,0.0
U007661,0.0,0.0,12,1,0.0
U020707,0.0,0.0,12,1,0.0
U007659,0.0,0.0,15,1,0.0
U020709,0.0,0.0,17,1,0.0
U007658,0.0,0.0,2,1,0.0
U007656,0.0,0.0,22,1,0.0
U020712,0.0,0.0,2,1,0.0
U007654,0.0,0.0,3,1,0.0
U020714,0.0,0.0,22,1,0.0
U020715,0.0,0.0,8,1,0.0
U007653,0.0,0.0,14,1,0.0
U007651,0.0,0.0,6,1,0.0
U007646,0.0,0.0,18,1,0.0
U020720,0.0,0.0,5,1,0.0
U007645,0.0,0.0,21,1,0.0
U020722,0.0,0.0,10,1,0.0
U020723,0.0,0.0,29,1,0.0
U020724,0.0,0.0,23,1,0.0
U020725,0.0,0.0,26,1,0.0
U007641,0.0,0.0,4,1,0.0
U007640,0.0,0.0,14,1,0.0
U007639,0.0,0.0,15,1,0.0
U020729,0.0,0.0,28,1,0.0
U020730,0.0,0.0,21,1,0.0
U020731,0.0,0.0,30,1,0.0
U007631,0.0,0.0,19,1,0.0
U020733,0.0,0.0,12,1,0.0
U020734,0.0,0.0,27,1,0.0
U007630,0.0,0.0,21,1,0.0
U007629,0.0,0.0,17,1,0.0
U020737,0.0,0.0,29,1,0.0
U020738,0.0,0.0,19,1,0.0
U020739,0.0,0.0,22,1,0.0
U020740,0.0,0.0,24,1,0.0
U007626,0.0,0.0,17,1,0.0
U007623,0.0,0.0,20,1,0.0
U007622,0.0,0.0,16,1,0.0
U020744,0.0,0.0,19,1,0.0
U020745,0.0,0.0,5,1,0.0
U020746,0.0,0.0,25,1,0.0
U020747,0.0,0.0,14,1,0.0
U007619,0.0,0.0,3,1,0.0
U007618,0.0,0.0,8,1,0.0
U020750,0.0,0.0,14,1,0.0
U020752,0.0,0.0,30,1,0.0
U007614,0.0,0.0,10,1,0.0
U007612,0.0,0.0,28,1,0.0
U020755,0.0,0.0,23,1,0.0
U007611,0.0,0.0,4,1,0.0
U007608,0.0,0.0,4,1,0.0
U007606,0.0,0.0,30,1,0.0
U007605,0.0,0.0,6,1,0.0
U007604,0.0,0.0,12,1,0.0
U007599,0.0,0.0,27,1,0.0
U020762,0.0,0.0,8,1,0.0
U007591,0.0,0.0,16,1,0.0
U007588,0.0,0.0,3,1,0.0
U007586,0.0,0.0,8,1,0.0
U007585,0.0,0.0,26,1,0.0
U007580,0.0,0.0,2,1,0.0
U007574,0.0,0.0,16,1,0.0
U020772,0.0,0.0,30,1,0.0
U020773,0.0,0.0,18,1,0.0
U007572,0.0,0.0,10,1,0.0
U007571,0.0,0.0,24,1,0.0
U007570,0.0,0.0,30,1,0.0
U020777,0.0,0.0,27,1,0.0
U020778,0.0,0.0,21,1,0.0
U007568,0.0,0.0,5,1,0.0
U007567,0.0,0.0,29,1,0.0
U007565,0.0,0.0,9,1,0.0
U020782,0.0,0.0,5,1,0.0
U007562,0.0,0.0,28,1,0.0
U007560,0.0,0.0,23,1,0.0
U020785,0.0,0.0,5,1,0.0
U007558,0.0,0.0,30,1,0.0
U020787,0.0,0.0,22,1,0.0
U007556,0.0,0.0,12,1,0.0
U007555,0.0,0.0,13,1,0.0
U020790,0.0,0.0,5,1,0.0
U007554,0.0,0.0,25,1,0.0
U020792,0.0,0.0,7,1,0.0
U020793,0.0,0.0,21,1,0.0
U020794,0.0,0.0,12,1,0.0
U020795,0.0,0.0,24,1,0.0
U020796,0.0,0.0,25,1,0.0
U020797,0.0,0.0,28,1,0.0
U007552,0.0,0.0,2,1,0.0
U007551,0.0,0.0,17,1,0.0
U020800,0.0,0.0,19,1,0.0
U007550,0.0,0.0,10,1,0.0
U020802,0.0,0.0,14,1,0.0
U007548,0.0,0.0,20,1,0.0
U007547,0.0,0.0,13,1,0.0
U020805,0.0,0.0,4,1,0.0
U020806,0.0,0.0,28,1,0.0
U007545,0.0,0.0,12,1,0.0
U007544,0.0,0.0,10,1,0.0
U007535,0.0,0.0,17,1,0.0
U007534,0.0,0.0,28,1,0.0
U020811,0.0,0.0,10,1,0.0
U020812,0.0,0.0,5,1,0.0
U007531,0.0,0.0,27,1,0.0
U007529,0.0,0.0,6,1,0.0
U007528,0.0,0.0,5,1,0.0
U020816,0.0,0.0,22,1,0.0
U007527,0.0,0.0,24,1,0.0
U007522,0.0,0.0,14,1,0.0
U007518,0.0,0.0,23,1,0.0
U020822,0.0,0.0,6,1,0.0
U007516,0.0,0.0,5,1,0.0
U007513,0.0,0.0,7,1,0.0
U007509,0.0,0.0,4,1,0.0
U020826,0.0,0.0,13,1,0.0
U020828,0.0,0.0,3,1,0.0
U020829,0.0,0.0,19,1,0.0
U020830,0.0,0.0,18,1,0.0
U007507,0.0,0.0,3,1,0.0
U007506,0.0,0.0,28,1,0.0
U007505,0.0,0.0,27,1,0.0
U007503,0.0,0.0,3,1,0.0
U020835,0.0,0.0,16,1,0.0
U007502,0.0,0.0,31,1,0.0
U007501,0.0,0.0,4,1,0.0
U020838,0.0,0.0,9,1,0.0
U007496,0.0,0.0,3,1,0.0
U020840,0.0,0.0,23,1,0.0
U020841,0.0,0.0,25,1,0.0
U020842,0.0,0.0,14,1,0.0
U020843,0.0,0.0,7,1,0.0
U007495,0.0,0.0,25,1,0.0
U020846,0.0,0.0,16,1,0.0
U007494,0.0,0.0,17,1,0.0
U020848,0.0,0.0,8,1,0.0
U020849,0.0,0.0,16,1,0.0
U007493,0.0,0.0,16,1,0.0
U007490,0.0,0.0,13,1,0.0
U007488,0.0,0.0,29,1,0.0
U007487,0.0,0.0,20,1,0.0
U007482,0.0,0.0,9,1,0.0
U020857,0.0,0.0,4,1,0.0
U007479,0.0,0.0,1,1,0.0
U007477,0.0,0.0,28,1,0.0
U007473,0.0,0.0,6,1,0.0
U007470,0.0,0.0,18,1,0.0
U020862,0.0,0.0,22,1,0.0
U020863,0.0,0.0,17,1,0.0
U007467,0.0,0.0,15,1,0.0
U020865,0.0,0.0,8,1,0.0
U020866,0.0,0.0,20,1,0.0
U020868,0.0,0.0,30,1,0.0
U015081,0.0,0.0,17,1,0.0
U020870,0.0,0.0,17,1,0.0
U020871,0.0,0.0,23,1,0.0
U020872,0.0,0.0,5,1,0.0
U020873,0.0,0.0,16,1,0.0
U020874,0.0,0.0,10,1,0.0
U020875,0.0,0.0,10,1,0.0
U007466,0.0,0.0,15,1,0.0
U020877,0.0,0.0,12,1,0.0
U007465,0.0,0.0,19,1,0.0
U020879,0.0,0.0,19,1,0.0
U007464,0.0,0.0,6,1,0.0
U020881,0.0,0.0,5,1,0.0
U007461,0.0,0.0,14,1,0.0
U007459,0.0,0.0,19,1,0.0
U007458,0.0,0.0,2,1,0.0
U007457,0.0,0.0,2,1,0.0
U020886,0.0,0.0,8,1,0.0
U020887,0.0,0.0,17,1,0.0
U007456,0.0,0.0,15,1,0.0
U007455,0.0,0.0,20,1,0.0
U007454,0.0,0.0,26,1,0.0
U007451,0.0,0.0,23,1,0.0
U007449,0.0,0.0,4,1,0.0
U007448,0.0,0.0,4,1,0.0
U007446,0.0,0.0,21,1,0.0
U020895,0.0,0.0,15,1,0.0
U007445,0.0,0.0,21,1,0.0
U007443,0.0,0.0,28,1,0.0
U020898,0.0,0.0,24,1,0.0
U007442,0.0,0.0,21,1,0.0
U007439,0.0,0.0,10,1,0.0
U020901,0.0,0.0,7,1,0.0
U020902,0.0,0.0,24,1,0.0
U020903,0.0,0.0,15,1,0.0
U007438,0.0,0.0,25,1,0.0
U007436,0.0,0.0,24,1,0.0
U007435,0.0,0.0,13,1,0.0
U007434,0.0,0.0,19,1,0.0
U007431,0.0,0.0,23,1,0.0
U007430,0.0,0.0,19,1,0.0
U020911,0.0,0.0,10,1,0.0
U007429,0.0,0.0,23,1,0.0
U007426,0.0,0.0,3,1,0.0
U007424,0.0,0.0,12,1,0.0
U020915,0.0,0.0,18,1,0.0
U020916,0.0,0.0,9,1,0.0
U007423,0.0,0.0,6,1,0.0
U020918,0.0,0.0,17,1,0.0
U020919,0.0,0.0,10,1,0.0
U007422,0.0,0.0,10,1,0.0
U007419,0.0,0.0,19,1,0.0
U007418,0.0,0.0,10,1,0.0
U020924,0.0,0.0,25,1,0.0
U007417,0.0,0.0,7,1,0.0
U007415,0.0,0.0,21,1,0.0
U020927,0.0,0.0,31,1,0.0
U007413,0.0,0.0,20,1,0.0
U020929,0.0,0.0,10,1,0.0
U020930,0.0,0.0,12,1,0.0
U007409,0.0,0.0,21,1,0.0
U020932,0.0,0.0,4,1,0.0
U020933,0.0,0.0,9,1,0.0
U007405,0.0,0.0,24,1,0.0
U020936,0.0,0.0,19,1,0.0
U020937,0.0,0.0,17,1,0.0
U007402,0.0,0.0,4,1,0.0
U007401,0.0,0.0,27,1,0.0
U007398,0.0,0.0,15,1,0.0
U020941,0.0,0.0,28,1,0.0
U007396,0.0,0.0,20,1,0.0
U007391,0.0,0.0,11,1,0.0
U007388,0.0,0.0,18,1,0.0
U020946,0.0,0.0,23,1,0.0
U007385,0.0,0.0,23,1,0.0
U007376,0.0,0.0,29,1,0.0
U007375,0.0,0.0,31,1,0.0
U020951,0.0,0.0,13,1,0.0
U007369,0.0,0.0,29,1,0.0
U020953,0.0,0.0,21,1,0.0
U020954,0.0,0.0,23,1,0.0
U007368,0.0,0.0,11,1,0.0
U007367,0.0,0.0,31,1,0.0
U007365,0.0,0.0,21,1,0.0
U007363,0.0,0.0,14,1,0.0
U007362,0.0,0.0,9,1,0.0
U020961,0.0,0.0,23,1,0.0
U007361,0.0,0.0,29,1,0.0
U020963,0.0,0.0,13,1,0.0
U007359,0.0,0.0,15,1,0.0
U007353,0.0,0.0,27,1,0.0
U020966,0.0,0.0,9,1,0.0
U007350,0.0,0.0,28,1,0.0
U020969,0.0,0.0,7,1,0.0
U007345,0.0,0.0,4,1,0.0
U007340,0.0,0.0,29,1,0.0
U020972,0.0,0.0,27,1,0.0
U007338,0.0,0.0,25,1,0.0
U007333,0.0,0.0,2,1,0.0
U007332,0.0,0.0,24,1,0.0
U007327,0.0,0.0,11,1,0.0
U020977,0.0,0.0,15,1,0.0
U007326,0.0,0.0,9,1,0.0
U020979,0.0,0.0,8,1,0.0
U007325,0.0,0.0,17,1,0.0
U020981,0.0,0.0,18,1,0.0
U007317,0.0,0.0,14,1,0.0
U007316,0.0,0.0,3,1,0.0
U007315,0.0,0.0,6,1,0.0
U020987,0.0,0.0,15,1,0.0
U020988,0.0,0.0,30,1,0.0
U007314,0.0,0.0,23,1,0.0
U007313,0.0,0.0,2,1,0.0
U007312,0.0,0.0,16,1,0.0
U007310,0.0,0.0,6,1,0.0
U007309,0.0,0.0,18,1,0.0
U007307,0.0,0.0,28,1,0.0
U007305,0.0,0.0,23,1,0.0
U020996,0.0,0.0,27,1,0.0
U020997,0.0,0.0,7,1,0.0
U020998,0.0,0.0,12,1,0.0
U020999,0.0,0.0,26,1,0.0
U007304,0.0,0.0,22,1,0.0
U007301,0.0,0.0,16,1,0.0
U007300,0.0,0.0,6,1,0.0
U021003,0.0,0.0,29,1,0.0
U007296,0.0,0.0,15,1,0.0
U007295,0.0,0.0,2,1,0.0
U021006,0.0,0.0,22,1,0.0
U021007,0.0,0.0,19,1,0.0
U007294,0.0,0.0,5,1,0.0
U007293,0.0,0.0,30,1,0.0
U021012,0.0,0.0,28,1,0.0
U007292,0.0,0.0,28,1,0.0
U007290,0.0,0.0,5,1,0.0
U007281,0.0,0.0,17,1,0.0
U007277,0.0,0.0,2,1,0.0
U007275,0.0,0.0,15,1,0.0
U007272,0.0,0.0,11,1,0.0
U021019,0.0,0.0,30,1,0.0
U021020,0.0,0.0,16,1,0.0
U021021,0.0,0.0,11,1,0.0
U007270,0.0,0.0,5,1,0.0
U007263,0.0,0.0,22,1,0.0
U021025,0.0,0.0,19,1,0.0
U021026,0.0,0.0,5,1,0.0
U021027,0.0,0.0,28,1,0.0
U014899,0.0,0.0,30,1,0.0
U007259,0.0,0.0,21,1,0.0
U007258,0.0,0.0,5,1,0.0
U021031,0.0,0.0,31,1,0.0
U007256,0.0,0.0,22,1,0.0
U021033,0.0,0.0,31,1,0.0
U014898,0.0,0.0,2,1,0.0
U021035,0.0,0.0,7,1,0.0
U007253,0.0,0.0,3,1,0.0
U007251,0.0,0.0,6,1,0.0
U007250,0.0,0.0,4,1,0.0
U007249,0.0,0.0,24,1,0.0
U007248,0.0,0.0,19,1,0.0
U007240,0.0,0.0,10,1,0.0
U021042,0.0,0.0,23,1,0.0
U007238,0.0,0.0,29,1,0.0
U007237,0.0,0.0,4,1,0.0
U021045,0.0,0.0,16,1,0.0
U007233,0.0,0.0,4,1,0.0
U021047,0.0,0.0,19,1,0.0
U021048,0.0,0.0,19,1,0.0
U021049,0.0,0.0,16,1,0.0
U007231,0.0,0.0,12,1,0.0
U021051,0.0,0.0,20,1,0.0
U007228,0.0,0.0,14,1,0.0
U007225,0.0,0.0,28,1,0.0
U007224,0.0,0.0,30,1,0.0
U007211,0.0,0.0,23,1,0.0
U007208,0.0,0.0,28,1,0.0
U007201,0.0,0.0,15,1,0.0
U021059,0.0,0.0,2,1,0.0
U007192,0.0,0.0,22,1,0.0
U007189,0.0,0.0,25,1,0.0
U007188,0.0,0.0,22,1,0.0
U021063,0.0,0.0,23,1,0.0
U021064,0.0,0.0,2,1,0.0
U007187,0.0,0.0,26,1,0.0
U007186,0.0,0.0,1,1,0.0
U021067,0.0,0.0,2,1,0.0
U007175,0.0,0.0,5,1,0.0
U007174,0.0,0.0,18,1,0.0
U007171,0.0,0.0,29,1,0.0
U007167,0.0,0.0,21,1,0.0
U007166,0.0,0.0,12,1,0.0
U021074,0.0,0.0,29,1,0.0
U021075,0.0,0.0,16,1,0.0
U021076,0.0,0.0,27,1,0.0
U007165,0.0,0.0,19,1,0.0
U007160,0.0,0.0,11,1,0.0
U021079,0.0,0.0,27,1,0.0
U007159,0.0,0.0,28,1,0.0
U007157,0.0,0.0,31,1,0.0
U007155,0.0,0.0,28,1,0.0
U021083,0.0,0.0,25,1,0.0
U007153,0.0,0.0,6,1,0.0
U007150,0.0,0.0,14,1,0.0
U021086,0.0,0.0,6,1,0.0
U007148,0.0,0.0,25,1,0.0
U007147,0.0,0.0,11,1,0.0
U007146,0.0,0.0,4,1,0.0
U014896,0.0,0.0,5,1,0.0
U007141,0.0,0.0,18,1,0.0
U021092,0.0,0.0,26,1,0.0
U021093,0.0,0.0,19,1,0.0
U007140,0.0,0.0,19,1,0.0
U021095,0.0,0.0,25,1,0.0
U021096,0.0,0.0,5,1,0.0
U021097,0.0,0.0,9,1,0.0
U021098,0.0,0.0,29,1,0.0
U014895,0.0,0.0,19,1,0.0
U021100,0.0,0.0,14,1,0.0
U021101,0.0,0.0,10,1,0.0
U007137,0.0,0.0,15,1,0.0
U021104,0.0,0.0,14,1,0.0
U021105,0.0,0.0,26,1,0.0
U007136,0.0,0.0,22,1,0.0
U007134,0.0,0.0,2,1,0.0
U021108,0.0,0.0,15,1,0.0
U014894,0.0,0.0,27,1,0.0
U007132,0.0,0.0,28,1,0.0
U007130,0.0,0.0,20,1,0.0
U007126,0.0,0.0,19,1,0.0
U007125,0.0,0.0,11,1,0.0
U021114,0.0,0.0,24,1,0.0
U021115,0.0,0.0,22,1,0.0
U021116,0.0,0.0,9,1,0.0
U021117,0.0,0.0,11,1,0.0
U021118,0.0,0.0,7,1,0.0
U021119,0.0,0.0,5,1,0.0
U007124,0.0,0.0,31,1,0.0
U021121,0.0,0.0,20,1,0.0
U021122,0.0,0.0,12,1,0.0
U007123,0.0,0.0,31,1,0.0
U021124,0.0,0.0,7,1,0.0
U021125,0.0,0.0,3,1,0.0
U007120,0.0,0.0,25,1,0.0
U021127,0.0,0.0,12,1,0.0
U007119,0.0,0.0,12,1,0.0
U021129,0.0,0.0,15,1,0.0
U021130,0.0,0.0,25,1,0.0
U007114,0.0,0.0,3,1,0.0
U021133,0.0,0.0,11,1,0.0
U021134,0.0,0.0,26,1,0.0
U007111,0.0,0.0,20,1,0.0
U007110,0.0,0.0,18,1,0.0
U007106,0.0,0.0,23,1,0.0
U007102,0.0,0.0,7,1,0.0
U021139,0.0,0.0,16,1,0.0
U007097,0.0,0.0,15,1,0.0
U021142,0.0,0.0,20,1,0.0
U007096,0.0,0.0,6,1,0.0
U007095,0.0,0.0,6,1,0.0
U007093,0.0,0.0,17,1,0.0
U007092,0.0,0.0,30,1,0.0
U007091,0.0,0.0,12,1,0.0
U021148,0.0,0.0,21,1,0.0
U007090,0.0,0.0,17,1,0.0
U007087,0.0,0.0,24,1,0.0
U007084,0.0,0.0,20,1,0.0
U021152,0.0,0.0,31,1,0.0
U007083,0.0,0.0,19,1,0.0
U007081,0.0,0.0,17,1,0.0
U007079,0.0,0.0,11,1,0.0
U007077,0.0,0.0,15,1,0.0
U007074,0.0,0.0,3,1,0.0
U007073,0.0,0.0,3,1,0.0
U021160,0.0,0.0,4,1,0.0
U007070,0.0,0.0,26,1,0.0
U007069,0.0,0.0,17,1,0.0
U007066,0.0,0.0,28,1,0.0
U021164,0.0,0.0,10,1,0.0
U007062,0.0,0.0,31,1,0.0
U007060,0.0,0.0,30,1,0.0
U021167,0.0,0.0,23,1,0.0
U021168,0.0,0.0,31,1,0.0
U007059,0.0,0.0,21,1,0.0
U021170,0.0,0.0,30,1,0.0
U007055,0.0,0.0,27,1,0.0
U007052,0.0,0.0,1,1,0.0
U021173,0.0,0.0,22,1,0.0
U021175,0.0,0.0,14,1,0.0
U021176,0.0,0.0,10,1,0.0
U021177,0.0,0.0,17,1,0.0
U007045,0.0,0.0,9,1,0.0
U021179,0.0,0.0,13,1,0.0
U007038,0.0,0.0,15,1,0.0
U021181,0.0,0.0,23,1,0.0
U007035,0.0,0.0,23,1,0.0
U007034,0.0,0.0,10,1,0.0
U007032,0.0,0.0,7,1,0.0
U021186,0.0,0.0,21,1,0.0
U007030,0.0,0.0,7,1,0.0
U007029,0.0,0.0,18,1,0.0
U007028,0.0,0.0,11,1,0.0
U007024,0.0,0.0,19,1,0.0
U007016,0.0,0.0,30,1,0.0
U021193,0.0,0.0,16,1,0.0
U007010,0.0,0.0,5,1,0.0
U007007,0.0,0.0,13,1,0.0
U021196,0.0,0.0,1,1,0.0
U007001,0.0,0.0,24,1,0.0
U021198,0.0,0.0,29,1,0.0
U007000,0.0,0.0,29,1,0.0
U021201,0.0,0.0,30,1,0.0
U006999,0.0,0.0,20,1,0.0
U021203,0.0,0.0,14,1,0.0
U006995,0.0,0.0,9,1,0.0
U006993,0.0,0.0,26,1,0.0
U021206,0.0,0.0,11,1,0.0
U006992,0.0,0.0,31,1,0.0
U006988,0.0,0.0,4,1,0.0
U021209,0.0,0.0,25,1,0.0
U006986,0.0,0.0,23,1,0.0
U006984,0.0,0.0,26,1,0.0
U021212,0.0,0.0,22,1,0.0
U006971,0.0,0.0,2,1,0.0
U021215,0.0,0.0,10,1,0.0
U021216,0.0,0.0,15,1,0.0
U006969,0.0,0.0,1,1,0.0
U006967,0.0,0.0,28,1,0.0
U006963,0.0,0.0,7,1,0.0
U006961,0.0,0.0,2,1,0.0
U006960,0.0,0.0,25,1,0.0
U021222,0.0,0.0,19,1,0.0
U021223,0.0,0.0,21,1,0.0
U006958,0.0,0.0,7,1,0.0
U006957,0.0,0.0,17,1,0.0
U006956,0.0,0.0,8,1,0.0
U021227,0.0,0.0,3,1,0.0
U021228,0.0,0.0,27,1,0.0
U006953,0.0,0.0,21,1,0.0
U006951,0.0,0.0,12,1,0.0
U021231,0.0,0.0,28,1,0.0
U021232,0.0,0.0,14,1,0.0
U006949,0.0,0.0,19,1,0.0
U021234,0.0,0.0,26,1,0.0
U006948,0.0,0.0,27,1,0.0
U006945,0.0,0.0,5,1,0.0
U006941,0.0,0.0,17,1,0.0
U006939,0.0,0.0,19,1,0.0
U006935,0.0,0.0,6,1,0.0
U021241,0.0,0.0,23,1,0.0
U021242,0.0,0.0,10,1,0.0
U006933,0.0,0.0,15,1,0.0
U006928,0.0,0.0,7,1,0.0
U006926,0.0,0.0,26,1,0.0
U006922,0.0,0.0,23,1,0.0
U006919,0.0,0.0,6,1,0.0
U006918,0.0,0.0,29,1,0.0
U021249,0.0,0.0,30,1,0.0
U006911,0.0,0.0,12,1,0.0
U021251,0.0,0.0,10,1,0.0
U021252,0.0,0.0,19,1,0.0
U006908,0.0,0.0,26,1,0.0
U021254,0.0,0.0,8,1,0.0
U021255,0.0,0.0,10,1,0.0
U006907,0.0,0.0,13,1,0.0
U006906,0.0,0.0,11,1,0.0
U006905,0.0,0.0,30,1,0.0
U006900,0.0,0.0,28,1,0.0
U006899,0.0,0.0,4,1,0.0
U006898,0.0,0.0,2,1,0.0
U021262,0.0,0.0,20,1,0.0
U021263,0.0,0.0,21,1,0.0
U006897,0.0,0.0,4,1,0.0
U006895,0.0,0.0,24,1,0.0
U006894,0.0,0.0,23,1,0.0
U006890,0.0,0.0,8,1,0.0
U006887,0.0,0.0,7,1,0.0
U006885,0.0,0.0,16,1,0.0
U006883,0.0,0.0,7,1,0.0
U006882,0.0,0.0,25,1,0.0
U006880,0.0,0.0,20,1,0.0
U021274,0.0,0.0,9,1,0.0
U021275,0.0,0.0,4,1,0.0
U021276,0.0,0.0,28,1,0.0
U006875,0.0,0.0,17,1,0.0
U021278,0.0,0.0,28,1,0.0
U006873,0.0,0.0,30,1,0.0
U021280,0.0,0.0,29,1,0.0
U021281,0.0,0.0,24,1,0.0
U006871,0.0,0.0,19,1,0.0
U021283,0.0,0.0,25,1,0.0
U006869,0.0,0.0,27,1,0.0
U006868,0.0,0.0,16,1,0.0
U006867,0.0,0.0,3,1,0.0
U006862,0.0,0.0,29,1,0.0
U006860,0.0,0.0,31,1,0.0
U021290,0.0,0.0,14,1,0.0
U006858,0.0,0.0,14,1,0.0
U021292,0.0,0.0,26,1,0.0
U021293,0.0,0.0,19,1,0.0
U021294,0.0,0.0,8,1,0.0
U021295,0.0,0.0,21,1,0.0
U006857,0.0,0.0,27,1,0.0
U006855,0.0,0.0,9,1,0.0
U021298,0.0,0.0,8,1,0.0
U006852,0.0,0.0,28,1,0.0
U006851,0.0,0.0,22,1,0.0
U006850,0.0,0.0,2,1,0.0
U006842,0.0,0.0,1,1,0.0
U006841,0.0,0.0,31,1,0.0
U006839,0.0,0.0,28,1,0.0
U006838,0.0,0.0,5,1,0.0
U021307,0.0,0.0,12,1,0.0
U021308,0.0,0.0,27,1,0.0
U006837,0.0,0.0,30,1,0.0
U006835,0.0,0.0,5,1,0.0
U021312,0.0,0.0,9,1,0.0
U021314,0.0,0.0,3,1,0.0
U006831,0.0,0.0,9,1,0.0
U006829,0.0,0.0,20,1,0.0
U021317,0.0,0.0,7,1,0.0
U021318,0.0,0.0,13,1,0.0
U021319,0.0,0.0,24,1,0.0
U006825,0.0,0.0,29,1,0.0
U021321,0.0,0.0,26,1,0.0
U021322,0.0,0.0,15,1,0.0
U021323,0.0,0.0,12,1,0.0
U006824,0.0,0.0,1,1,0.0
U021325,0.0,0.0,18,1,0.0
U006823,0.0,0.0,21,1,0.0
U021327,0.0,0.0,8,1,0.0
U006821,0.0,0.0,12,1,0.0
U006819,0.0,0.0,12,1,0.0
U021330,0.0,0.0,11,1,0.0
U006818,0.0,0.0,2,1,0.0
U021334,0.0,0.0,25,1,0.0
U021335,0.0,0.0,9,1,0.0
U006815,0.0,0.0,21,1,0.0
U006814,0.0,0.0,12,1,0.0
U006810,0.0,0.0,15,1,0.0
U006807,0.0,0.0,18,1,0.0
U006805,0.0,0.0,25,1,0.0
U021342,0.0,0.0,6,1,0.0
U021343,0.0,0.0,23,1,0.0
U021344,0.0,0.0,11,1,0.0
U021345,0.0,0.0,8,1,0.0
U021346,0.0,0.0,22,1,0.0
U006800,0.0,0.0,4,1,0.0
U006799,0.0,0.0,9,1,0.0
U006794,0.0,0.0,8,1,0.0
U014888,0.0,0.0,26,1,0.0
U021352,0.0,0.0,10,1,0.0
U006788,0.0,0.0,15,1,0.0
U006787,0.0,0.0,4,1,0.0
U006784,0.0,0.0,30,1,0.0
U021356,0.0,0.0,13,1,0.0
U006783,0.0,0.0,12,1,0.0
U006782,0.0,0.0,25,1,0.0
U006781,0.0,0.0,4,1,0.0
U021360,0.0,0.0,22,1,0.0
U021361,0.0,0.0,2,1,0.0
U006779,0.0,0.0,20,1,0.0
U006778,0.0,0.0,5,1,0.0
U021364,0.0,0.0,30,1,0.0
U021365,0.0,0.0,5,1,0.0
U006777,0.0,0.0,1,1,0.0
U006776,0.0,0.0,16,1,0.0
U006774,0.0,0.0,4,1,0.0
U021369,0.0,0.0,11,1,0.0
U006770,0.0,0.0,16,1,0.0
U021371,0.0,0.0,18,1,0.0
U006769,0.0,0.0,13,1,0.0
U006765,0.0,0.0,21,1,0.0
U021374,0.0,0.0,20,1,0.0
U021375,0.0,0.0,17,1,0.0
U021376,0.0,0.0,24,1,0.0
U021378,0.0,0.0,9,1,0.0
U006762,0.0,0.0,2,1,0.0
U006759,0.0,0.0,4,1,0.0
U021381,0.0,0.0,16,1,0.0
U021382,0.0,0.0,22,1,0.0
U021383,0.0,0.0,24,1,0.0
U006757,0.0,0.0,28,1,0.0
U006756,0.0,0.0,7,1,0.0
U006751,0.0,0.0,12,1,0.0
U021387,0.0,0.0,11,1,0.0
U021388,0.0,0.0,31,1,0.0
U021389,0.0,0.0,26,1,0.0
U006749,0.0,0.0,9,1,0.0
U006745,0.0,0.0,11,1,0.0
U006743,0.0,0.0,23,1,0.0
U006741,0.0,0.0,20,1,0.0
U006740,0.0,0.0,28,1,0.0
U006738,0.0,0.0,22,1,0.0
U006737,0.0,0.0,30,1,0.0
U021398,0.0,0.0,13,1,0.0
U006734,0.0,0.0,24,1,0.0
U006732,0.0,0.0,22,1,0.0
U006730,0.0,0.0,3,1,0.0
U021402,0.0,0.0,4,1,0.0
U021403,0.0,0.0,6,1,0.0
U006727,0.0,0.0,30,1,0.0
U006726,0.0,0.0,13,1,0.0
U006723,0.0,0.0,15,1,0.0
U006720,0.0,0.0,7,1,0.0
U006719,0.0,0.0,22,1,0.0
U021409,0.0,0.0,8,1,0.0
U021410,0.0,0.0,10,1,0.0
U021411,0.0,0.0,3,1,0.0
U006714,0.0,0.0,29,1,0.0
U021413,0.0,0.0,10,1,0.0
U021414,0.0,0.0,16,1,0.0
U021415,0.0,0.0,13,1,0.0
U021416,0.0,0.0,4,1,0.0
U021417,0.0,0.0,19,1,0.0
U006710,0.0,0.0,16,1,0.0
U006709,0.0,0.0,28,1,0.0
U006708,0.0,0.0,1,1,0.0
U021421,0.0,0.0,4,1,0.0
U006705,0.0,0.0,6,1,0.0
U021423,0.0,0.0,27,1,0.0
U006700,0.0,0.0,2,1,0.0
U006699,0.0,0.0,28,1,0.0
U021426,0.0,0.0,12,1,0.0
U006695,0.0,0.0,9,1,0.0
U006692,0.0,0.0,19,1,0.0
U021429,0.0,0.0,8,1,0.0
U006687,0.0,0.0,31,1,0.0
U021431,0.0,0.0,5,1,0.0
U021433,0.0,0.0,5,1,0.0
U021435,0.0,0.0,19,1,0.0
U021436,0.0,0.0,8,1,0.0
U021437,0.0,0.0,29,1,0.0
U021438,0.0,0.0,12,1,0.0
U021439,0.0,0.0,3,1,0.0
U006680,0.0,0.0,2,1,0.0
U006677,0.0,0.0,14,1,0.0
U021444,0.0,0.0,14,1,0.0
U006675,0.0,0.0,19,1,0.0
U006674,0.0,0.0,24,1,0.0
U021447,0.0,0.0,6,1,0.0
U021448,0.0,0.0,15,1,0.0
U006673,0.0,0.0,21,1,0.0
U021450,0.0,0.0,19,1,0.0
U021451,0.0,0.0,20,1,0.0
U006671,0.0,0.0,11,1,0.0
U006669,0.0,0.0,23,1,0.0
U006656,0.0,0.0,9,1,0.0
U021456,0.0,0.0,3,1,0.0
U006655,0.0,0.0,6,1,0.0
U021458,0.0,0.0,25,1,0.0
U021459,0.0,0.0,31,1,0.0
U006654,0.0,0.0,23,1,0.0
U021461,0.0,0.0,28,1,0.0
U006650,0.0,0.0,4,1,0.0
U021463,0.0,0.0,14,1,0.0
U006649,0.0,0.0,19,1,0.0
U021465,0.0,0.0,14,1,0.0
U006648,0.0,0.0,9,1,0.0
U006647,0.0,0.0,13,1,0.0
U006644,0.0,0.0,22,1,0.0
U021470,0.0,0.0,21,1,0.0
U021471,0.0,0.0,22,1,0.0
U021472,0.0,0.0,18,1,0.0
U006636,0.0,0.0,8,1,0.0
U006634,0.0,0.0,27,1,0.0
U021475,0.0,0.0,16,1,0.0
U021476,0.0,0.0,4,1,0.0
U006632,0.0,0.0,8,1,0.0
U021478,0.0,0.0,15,1,0.0
U006630,0.0,0.0,5,1,0.0
U006626,0.0,0.0,15,1,0.0
U021481,0.0,0.0,10,1,0.0
U006622,0.0,0.0,14,1,0.0
U006621,0.0,0.0,30,1,0.0
U015088,0.0,0.0,11,1,0.0
U021485,0.0,0.0,17,1,0.0
U006619,0.0,0.0,7,1,0.0
U006618,0.0,0.0,9,1,0.0
U021488,0.0,0.0,22,1,0.0
U021489,0.0,0.0,29,1,0.0
U021490,0.0,0.0,2,1,0.0
U006617,0.0,0.0,10,1,0.0
U021492,0.0,0.0,21,1,0.0
U006612,0.0,0.0,9,1,0.0
U006608,0.0,0.0,2,1,0.0
U021495,0.0,0.0,31,1,0.0
U006606,0.0,0.0,12,1,0.0
U006601,0.0,0.0,23,1,0.0
U006599,0.0,0.0,8,1,0.0
U021500,0.0,0.0,22,1,0.0
U006598,0.0,0.0,14,1,0.0
U006597,0.0,0.0,31,1,0.0
U006595,0.0,0.0,29,1,0.0
U021504,0.0,0.0,20,1,0.0
U006594,0.0,0.0,26,1,0.0
U021506,0.0,0.0,2,1,0.0
U006592,0.0,0.0,19,1,0.0
U021508,0.0,0.0,19,1,0.0
U021509,0.0,0.0,10,1,0.0
U021510,0.0,0.0,6,1,0.0
U021511,0.0,0.0,30,1,0.0
U006591,0.0,0.0,8,1,0.0
U021513,0.0,0.0,1,1,0.0
U006588,0.0,0.0,16,1,0.0
U006586,0.0,0.0,17,1,0.0
U006585,0.0,0.0,21,1,0.0
U021517,0.0,0.0,4,1,0.0
U006584,0.0,0.0,4,1,0.0
U006583,0.0,0.0,26,1,0.0
U006580,0.0,0.0,15,1,0.0
U021521,0.0,0.0,3,1,0.0
U006571,0.0,0.0,12,1,0.0
U021523,0.0,0.0,28,1,0.0
U006569,0.0,0.0,6,1,0.0
U021525,0.0,0.0,22,1,0.0
U021526,0.0,0.0,6,1,0.0
U006566,0.0,0.0,3,1,0.0
U021528,0.0,0.0,8,1,0.0
U006565,0.0,0.0,22,1,0.0
U021530,0.0,0.0,14,1,0.0
U021531,0.0,0.0,2,1,0.0
U021532,0.0,0.0,13,1,0.0
U006562,0.0,0.0,28,1,0.0
U006561,0.0,0.0,17,1,0.0
U006559,0.0,0.0,30,1,0.0
U006558,0.0,0.0,20,1,0.0
U006557,0.0,0.0,12,1,0.0
U021538,0.0,0.0,9,1,0.0
U021540,0.0,0.0,28,1,0.0
U021541,0.0,0.0,21,1,0.0
U021542,0.0,0.0,29,1,0.0
U006555,0.0,0.0,20,1,0.0
U021544,0.0,0.0,26,1,0.0
U006553,0.0,0.0,14,1,0.0
U021547,0.0,0.0,30,1,0.0
U021548,0.0,0.0,8,1,0.0
U021549,0.0,0.0,7,1,0.0
U021550,0.0,0.0,4,1,0.0
U006552,0.0,0.0,6,1,0.0
U006551,0.0,0.0,6,1,0.0
U006549,0.0,0.0,12,1,0.0
U006548,0.0,0.0,5,1,0.0
U006547,0.0,0.0,15,1,0.0
U021558,0.0,0.0,18,1,0.0
U006538,0.0,0.0,29,1,0.0
U006536,0.0,0.0,20,1,0.0
U021561,0.0,0.0,17,1,0.0
U006535,0.0,0.0,27,1,0.0
U021563,0.0,0.0,6,1,0.0
U006527,0.0,0.0,23,1,0.0
U006525,0.0,0.0,1,1,0.0
U006523,0.0,0.0,28,1,0.0
U006521,0.0,0.0,22,1,0.0
U006520,0.0,0.0,4,1,0.0
U021569,0.0,0.0,12,1,0.0
U021570,0.0,0.0,26,1,0.0
U021571,0.0,0.0,25,1,0.0
U021572,0.0,0.0,28,1,0.0
U006518,0.0,0.0,20,1,0.0
U021574,0.0,0.0,11,1,0.0
U021575,0.0,0.0,17,1,0.0
U021576,0.0,0.0,3,1,0.0
U021577,0.0,0.0,29,1,0.0
U021578,0.0,0.0,2,1,0.0
U006517,0.0,0.0,3,1,0.0
U006516,0.0,0.0,12,1,0.0
U006513,0.0,0.0,4,1,0.0
U021582,0.0,0.0,15,1,0.0
U021583,0.0,0.0,13,1,0.0
U021584,0.0,0.0,18,1,0.0
U021585,0.0,0.0,22,1,0.0
U021586,0.0,0.0,23,1,0.0
U021587,0.0,0.0,13,1,0.0
U006511,0.0,0.0,6,1,0.0
U021589,0.0,0.0,20,1,0.0
U021590,0.0,0.0,24,1,0.0
U021591,0.0,0.0,16,1,0.0
U006508,0.0,0.0,4,1,0.0
U006503,0.0,0.0,12,1,0.0
U021594,0.0,0.0,2,1,0.0
U021595,0.0,0.0,9,1,0.0
U006502,0.0,0.0,23,1,0.0
U006501,0.0,0.0,27,1,0.0
U021598,0.0,0.0,9,1,0.0
U006500,0.0,0.0,23,1,0.0
U021600,0.0,0.0,16,1,0.0
U006499,0.0,0.0,25,1,0.0
U006498,0.0,0.0,6,1,0.0
U021603,0.0,0.0,20,1,0.0
U006494,0.0,0.0,3,1,0.0
U006492,0.0,0.0,4,1,0.0
U006491,0.0,0.0,16,1,0.0
U006488,0.0,0.0,17,1,0.0
U021608,0.0,0.0,2,1,0.0
U006481,0.0,0.0,15,1,0.0
U006479,0.0,0.0,26,1,0.0
U021612,0.0,0.0,16,1,0.0
U006476,0.0,0.0,10,1,0.0
U006475,0.0,0.0,9,1,0.0
U021615,0.0,0.0,9,1,0.0
U021617,0.0,0.0,28,1,0.0
U021618,0.0,0.0,24,1,0.0
U006474,0.0,0.0,25,1,0.0
U021620,0.0,0.0,5,1,0.0
U021621,0.0,0.0,20,1,0.0
U021622,0.0,0.0,28,1,0.0
U006472,0.0,0.0,19,1,0.0
U006471,0.0,0.0,22,1,0.0
U006467,0.0,0.0,24,1,0.0
U021626,0.0,0.0,4,1,0.0
U021628,0.0,0.0,29,1,0.0
U021629,0.0,0.0,1,1,0.0
U006465,0.0,0.0,11,1,0.0
U021631,0.0,0.0,15,1,0.0
U006464,0.0,0.0,17,1,0.0
U006462,0.0,0.0,27,1,0.0
U006461,0.0,0.0,12,1,0.0
U021637,0.0,0.0,12,1,0.0
U006460,0.0,0.0,2,1,0.0
U021639,0.0,0.0,21,1,0.0
U021640,0.0,0.0,28,1,0.0
U006458,0.0,0.0,10,1,0.0
U021642,0.0,0.0,24,1,0.0
U006457,0.0,0.0,8,1,0.0
U006456,0.0,0.0,9,1,0.0
U021646,0.0,0.0,3,1,0.0
U021647,0.0,0.0,14,1,0.0
U021648,0.0,0.0,22,1,0.0
U006455,0.0,0.0,22,1,0.0
U006454,0.0,0.0,2,1,0.0
U006447,0.0,0.0,8,1,0.0
U006446,0.0,0.0,12,1,0.0
U006445,0.0,0.0,19,1,0.0
U006444,0.0,0.0,5,1,0.0
U006441,0.0,0.0,8,1,0.0
U006439,0.0,0.0,2,1,0.0
U021658,0.0,0.0,6,1,0.0
U006437,0.0,0.0,16,1,0.0
U006429,0.0,0.0,6,1,0.0
U006427,0.0,0.0,23,1,0.0
U021663,0.0,0.0,27,1,0.0
U006422,0.0,0.0,30,1,0.0
U021665,0.0,0.0,25,1,0.0
U006417,0.0,0.0,30,1,0.0
U006415,0.0,0.0,24,1,0.0
U006413,0.0,0.0,17,1,0.0
U021669,0.0,0.0,15,1,0.0
U006411,0.0,0.0,31,1,0.0
U021671,0.0,0.0,16,1,0.0
U006407,0.0,0.0,3,1,0.0
U021673,0.0,0.0,9,1,0.0
U006406,0.0,0.0,22,1,0.0
U006402,0.0,0.0,7,1,0.0
U006400,0.0,0.0,30,1,0.0
U021677,0.0,0.0,22,1,0.0
U021678,0.0,0.0,18,1,0.0
U006396,0.0,0.0,14,1,0.0
U021680,0.0,0.0,28,1,0.0
U006394,0.0,0.0,24,1,0.0
U021682,0.0,0.0,22,1,0.0
U006391,0.0,0.0,9,1,0.0
U021685,0.0,0.0,12,1,0.0
U006389,0.0,0.0,16,1,0.0
U021687,0.0,0.0,18,1,0.0
U006388,0.0,0.0,20,1,0.0
U006384,0.0,0.0,28,1,0.0
U021690,0.0,0.0,26,1,0.0
U006380,0.0,0.0,1,1,0.0
U021692,0.0,0.0,17,1,0.0
U006379,0.0,0.0,3,1,0.0
U006378,0.0,0.0,25,1,0.0
U021695,0.0,0.0,18,1,0.0
U006364,0.0,0.0,7,1,0.0
U006361,0.0,0.0,16,1,0.0
U021698,0.0,0.0,12,1,0.0
U006360,0.0,0.0,30,1,0.0
U006358,0.0,0.0,4,1,0.0
U021701,0.0,0.0,21,1,0.0
U021702,0.0,0.0,9,1,0.0
U021703,0.0,0.0,6,1,0.0
U006356,0.0,0.0,23,1,0.0
U021705,0.0,0.0,19,1,0.0
U021706,0.0,0.0,19,1,0.0
U006352,0.0,0.0,5,1,0.0
U006347,0.0,0.0,12,1,0.0
U006346,0.0,0.0,25,1,0.0
U006345,0.0,0.0,7,1,0.0
U021711,0.0,0.0,18,1,0.0
U021712,0.0,0.0,30,1,0.0
U006343,0.0,0.0,7,1,0.0
U006342,0.0,0.0,11,1,0.0
U006339,0.0,0.0,31,1,0.0
U006338,0.0,0.0,8,1,0.0
U006335,0.0,0.0,27,1,0.0
U006334,0.0,0.0,5,1,0.0
U021719,0.0,0.0,15,1,0.0
U021720,0.0,0.0,31,1,0.0
U021721,0.0,0.0,20,1,0.0
U006332,0.0,0.0,16,1,0.0
U006330,0.0,0.0,11,1,0.0
U006329,0.0,0.0,21,1,0.0
U021725,0.0,0.0,11,1,0.0
U006328,0.0,0.0,26,1,0.0
U006327,0.0,0.0,9,1,0.0
U021728,0.0,0.0,25,1,0.0
U006323,0.0,0.0,28,1,0.0
U021731,0.0,0.0,29,1,0.0
U021732,0.0,0.0,30,1,0.0
U006322,0.0,0.0,3,1,0.0
U021734,0.0,0.0,14,1,0.0
U021735,0.0,0.0,3,1,0.0
U006319,0.0,0.0,6,1,0.0
U021737,0.0,0.0,24,1,0.0
U021739,0.0,0.0,23,1,0.0
U021740,0.0,0.0,21,1,0.0
U006318,0.0,0.0,24,1,0.0
U006317,0.0,0.0,2,1,0.0
U006315,0.0,0.0,15,1,0.0
U021744,0.0,0.0,19,1,0.0
U021745,0.0,0.0,6,1,0.0
U021746,0.0,0.0,12,1,0.0
U021747,0.0,0.0,3,1,0.0
U006313,0.0,0.0,19,1,0.0
U006312,0.0,0.0,22,1,0.0
U006308,0.0,0.0,28,1,0.0
U006306,0.0,0.0,7,1,0.0
U021752,0.0,0.0,4,1,0.0
U006304,0.0,0.0,22,1,0.0
U006303,0.0,0.0,22,1,0.0
U021755,0.0,0.0,24,1,0.0
U006301,0.0,0.0,7,1,0.0
U006300,0.0,0.0,30,1,0.0
U006299,0.0,0.0,15,1,0.0
U006298,0.0,0.0,28,1,0.0
U006297,0.0,0.0,19,1,0.0
U006296,0.0,0.0,19,1,0.0
U021762,0.0,0.0,6,1,0.0
U006294,0.0,0.0,3,1,0.0
U021764,0.0,0.0,22,1,0.0
U021765,0.0,0.0,5,1,0.0
U006293,0.0,0.0,25,1,0.0
U006288,0.0,0.0,20,1,0.0
U006283,0.0,0.0,27,1,0.0
U021769,0.0,0.0,16,1,0.0
U006282,0.0,0.0,9,1,0.0
U021771,0.0,0.0,10,1,0.0
U006281,0.0,0.0,7,1,0.0
U006280,0.0,0.0,24,1,0.0
U021775,0.0,0.0,5,1,0.0
U021776,0.0,0.0,10,1,0.0
U021777,0.0,0.0,21,1,0.0
U006278,0.0,0.0,11,1,0.0
U015089,0.0,0.0,24,1,0.0
U021780,0.0,0.0,23,1,0.0
U006277,0.0,0.0,31,1,0.0
U006275,0.0,0.0,16,1,0.0
U006273,0.0,0.0,7,1,0.0
U014887,0.0,0.0,5,1,0.0
U006267,0.0,0.0,20,1,0.0
U021787,0.0,0.0,18,1,0.0
U021788,0.0,0.0,3,1,0.0
U021789,0.0,0.0,8,1,0.0
U021790,0.0,0.0,11,1,0.0
U021791,0.0,0.0,19,1,0.0
U006263,0.0,0.0,30,1,0.0
U021793,0.0,0.0,19,1,0.0
U006260,0.0,0.0,25,1,0.0
U021795,0.0,0.0,3,1,0.0
U021796,0.0,0.0,17,1,0.0
U006258,0.0,0.0,29,1,0.0
U021798,0.0,0.0,21,1,0.0
U006257,0.0,0.0,3,1,0.0
U021800,0.0,0.0,4,1,0.0
U021801,0.0,0.0,8,1,0.0
U006254,0.0,0.0,29,1,0.0
U006251,0.0,0.0,7,1,0.0
U021804,0.0,0.0,24,1,0.0
U021805,0.0,0.0,27,1,0.0
U006250,0.0,0.0,7,1,0.0
U006249,0.0,0.0,26,1,0.0
U006245,0.0,0.0,10,1,0.0
U006244,0.0,0.0,29,1,0.0
U006242,0.0,0.0,10,1,0.0
U021811,0.0,0.0,31,1,0.0
U006240,0.0,0.0,29,1,0.0
U006235,0.0,0.0,19,1,0.0
U006233,0.0,0.0,14,1,0.0
U006228,0.0,0.0,28,1,0.0
U021816,0.0,0.0,31,1,0.0
U006226,0.0,0.0,11,1,0.0
U006223,0.0,0.0,29,1,0.0
U021819,0.0,0.0,28,1,0.0
U006220,0.0,0.0,9,1,0.0
U006219,0.0,0.0,13,1,0.0
U006218,0.0,0.0,11,1,0.0
U006216,0.0,0.0,28,1,0.0
U006215,0.0,0.0,5,1,0.0
U021825,0.0,0.0,27,1,0.0
U006214,0.0,0.0,12,1,0.0
U006210,0.0,0.0,4,1,0.0
U006208,0.0,0.0,23,1,0.0
U021829,0.0,0.0,8,1,0.0
U006203,0.0,0.0,25,1,0.0
U021831,0.0,0.0,5,1,0.0
U021832,0.0,0.0,2,1,0.0
U006199,0.0,0.0,4,1,0.0
U021834,0.0,0.0,14,1,0.0
U006198,0.0,0.0,10,1,0.0
U021836,0.0,0.0,10,1,0.0
U006194,0.0,0.0,6,1,0.0
U006193,0.0,0.0,9,1,0.0
U006192,0.0,0.0,9,1,0.0
U021841,0.0,0.0,6,1,0.0
U006188,0.0,0.0,14,1,0.0
U006186,0.0,0.0,28,1,0.0
U006185,0.0,0.0,13,1,0.0
U006183,0.0,0.0,10,1,0.0
U006179,0.0,0.0,24,1,0.0
U006178,0.0,0.0,5,1,0.0
U021848,0.0,0.0,5,1,0.0
U006167,0.0,0.0,16,1,0.0
U021850,0.0,0.0,9,1,0.0
U021851,0.0,0.0,29,1,0.0
U021852,0.0,0.0,6,1,0.0
U006164,0.0,0.0,9,1,0.0
U021854,0.0,0.0,29,1,0.0
U006161,0.0,0.0,24,1,0.0
U006160,0.0,0.0,13,1,0.0
U021857,0.0,0.0,27,1,0.0
U006158,0.0,0.0,22,1,0.0
U006157,0.0,0.0,22,1,0.0
U021860,0.0,0.0,20,1,0.0
U021861,0.0,0.0,23,1,0.0
U021862,0.0,0.0,23,1,0.0
U006156,0.0,0.0,15,1,0.0
U006154,0.0,0.0,23,1,0.0
U006150,0.0,0.0,23,1,0.0
U021866,0.0,0.0,23,1,0.0
U006149,0.0,0.0,21,1,0.0
U021868,0.0,0.0,14,1,0.0
U021869,0.0,0.0,10,1,0.0
U006148,0.0,0.0,7,1,0.0
U006146,0.0,0.0,21,1,0.0
U021872,0.0,0.0,16,1,0.0
U006145,0.0,0.0,9,1,0.0
U006144,0.0,0.0,18,1,0.0
U021875,0.0,0.0,23,1,0.0
U014880,0.0,0.0,5,1,0.0
U021877,0.0,0.0,17,1,0.0
U006142,0.0,0.0,24,1,0.0
U021879,0.0,0.0,5,1,0.0
U006141,0.0,0.0,31,1,0.0
U006138,0.0,0.0,8,1,0.0
U006137,0.0,0.0,26,1,0.0
U006136,0.0,0.0,18,1,0.0
U021884,0.0,0.0,28,1,0.0
U006131,0.0,0.0,13,1,0.0
U021886,0.0,0.0,17,1,0.0
U021889,0.0,0.0,7,1,0.0
U021890,0.0,0.0,18,1,0.0
U006122,0.0,0.0,12,1,0.0
U021892,0.0,0.0,21,1,0.0
U021893,0.0,0.0,16,1,0.0
U006121,0.0,0.0,3,1,0.0
U021895,0.0,0.0,1,1,0.0
U006118,0.0,0.0,10,1,0.0
U021897,0.0,0.0,13,1,0.0
U006115,0.0,0.0,12,1,0.0
U006114,0.0,0.0,27,1,0.0
U006110,0.0,0.0,17,1,0.0
U006108,0.0,0.0,13,1,0.0
U021903,0.0,0.0,6,1,0.0
U021904,0.0,0.0,30,1,0.0
U006107,0.0,0.0,15,1,0.0
U006106,0.0,0.0,20,1,0.0
U021907,0.0,0.0,7,1,0.0
U021908,0.0,0.0,12,1,0.0
U021909,0.0,0.0,30,1,0.0
U021910,0.0,0.0,15,1,0.0
U006105,0.0,0.0,3,1,0.0
U006102,0.0,0.0,9,1,0.0
U006097,0.0,0.0,10,1,0.0
U021916,0.0,0.0,26,1,0.0
U006088,0.0,0.0,5,1,0.0
U006086,0.0,0.0,12,1,0.0
U006085,0.0,0.0,25,1,0.0
U021920,0.0,0.0,5,1,0.0
U021921,0.0,0.0,24,1,0.0
U006077,0.0,0.0,9,1,0.0
U006074,0.0,0.0,5,1,0.0
U021925,0.0,0.0,19,1,0.0
U006073,0.0,0.0,19,1,0.0
U006072,0.0,0.0,2,1,0.0
U006070,0.0,0.0,1,1,0.0
U006066,0.0,0.0,7,1,0.0
U021930,0.0,0.0,6,1,0.0
U021932,0.0,0.0,9,1,0.0
U021933,0.0,0.0,5,1,0.0
U021934,0.0,0.0,17,1,0.0
U021935,0.0,0.0,13,1,0.0
U006061,0.0,0.0,13,1,0.0
U006059,0.0,0.0,25,1,0.0
U006058,0.0,0.0,15,1,0.0
U021939,0.0,0.0,7,1,0.0
U006057,0.0,0.0,30,1,0.0
U021941,0.0,0.0,27,1,0.0
U021942,0.0,0.0,11,1,0.0
U006055,0.0,0.0,20,1,0.0
U006052,0.0,0.0,18,1,0.0
U006051,0.0,0.0,3,1,0.0
U006049,0.0,0.0,21,1,0.0
U021947,0.0,0.0,30,1,0.0
U021948,0.0,0.0,17,1,0.0
U006047,0.0,0.0,21,1,0.0
U006045,0.0,0.0,4,1,0.0
U021951,0.0,0.0,9,1,0.0
U006041,0.0,0.0,9,1,0.0
U021953,0.0,0.0,18,1,0.0
U021954,0.0,0.0,2,1,0.0
U021955,0.0,0.0,8,1,0.0
U006039,0.0,0.0,8,1,0.0
U006038,0.0,0.0,15,1,0.0
U006035,0.0,0.0,13,1,0.0
U006033,0.0,0.0,4,1,0.0
U021960,0.0,0.0,26,1,0.0
U021961,0.0,0.0,8,1,0.0
U021962,0.0,0.0,15,1,0.0
U006026,0.0,0.0,6,1,0.0
U006023,0.0,0.0,26,1,0.0
U021965,0.0,0.0,25,1,0.0
U006019,0.0,0.0,10,1,0.0
U021967,0.0,0.0,24,1,0.0
U006018,0.0,0.0,26,1,0.0
U006014,0.0,0.0,30,1,0.0
U006013,0.0,0.0,22,1,0.0
U021971,0.0,0.0,25,1,0.0
U006012,0.0,0.0,11,1,0.0
U006011,0.0,0.0,5,1,0.0
U006009,0.0,0.0,27,1,0.0
U006008,0.0,0.0,20,1,0.0
U021977,0.0,0.0,17,1,0.0
U021978,0.0,0.0,27,1,0.0
U021979,0.0,0.0,27,1,0.0
U006006,0.0,0.0,27,1,0.0
U021981,0.0,0.0,24,1,0.0
U021982,0.0,0.0,7,1,0.0
U021983,0.0,0.0,23,1,0.0
U021984,0.0,0.0,8,1,0.0
U006004,0.0,0.0,31,1,0.0
U006002,0.0,0.0,2,1,0.0
U021987,0.0,0.0,24,1,0.0
U021988,0.0,0.0,8,1,0.0
U021989,0.0,0.0,23,1,0.0
U021990,0.0,0.0,5,1,0.0
U005993,0.0,0.0,28,1,0.0
U021992,0.0,0.0,30,1,0.0
U005989,0.0,0.0,14,1,0.0
U005988,0.0,0.0,25,1,0.0
U005986,0.0,0.0,19,1,0.0
U005985,0.0,0.0,3,1,0.0
U005982,0.0,0.0,29,1,0.0
U005981,0.0,0.0,23,1,0.0
U005974,0.0,0.0,10,1,0.0
U005971,0.0,0.0,5,1,0.0
U022002,0.0,0.0,1,1,0.0
U005969,0.0,0.0,24,1,0.0
U005964,0.0,0.0,3,1,0.0
U022005,0.0,0.0,10,1,0.0
U005963,0.0,0.0,14,1,0.0
U005959,0.0,0.0,3,1,0.0
U005958,0.0,0.0,16,1,0.0
U005957,0.0,0.0,22,1,0.0
U022010,0.0,0.0,14,1,0.0
U005947,0.0,0.0,7,1,0.0
U005944,0.0,0.0,18,1,0.0
U005941,0.0,0.0,22,1,0.0
U022014,0.0,0.0,28,1,0.0
U022015,0.0,0.0,30,1,0.0
U022016,0.0,0.0,26,1,0.0
U005940,0.0,0.0,18,1,0.0
U005939,0.0,0.0,23,1,0.0
U022019,0.0,0.0,22,1,0.0
U022020,0.0,0.0,22,1,0.0
U005937,0.0,0.0,30,1,0.0
U022022,0.0,0.0,24,1,0.0
U022023,0.0,0.0,7,1,0.0
U005934,0.0,0.0,7,1,0.0
U022025,0.0,0.0,10,1,0.0
U022026,0.0,0.0,13,1,0.0
U005925,0.0,0.0,22,1,0.0
U022028,0.0,0.0,10,1,0.0
U005924,0.0,0.0,18,1,0.0
U022031,0.0,0.0,29,1,0.0
U005919,0.0,0.0,31,1,0.0
U005916,0.0,0.0,20,1,0.0
U005915,0.0,0.0,7,1,0.0
U005914,0.0,0.0,14,1,0.0
U005912,0.0,0.0,21,1,0.0
U022038,0.0,0.0,3,1,0.0
U022039,0.0,0.0,2,1,0.0
U005910,0.0,0.0,10,1,0.0
U022042,0.0,0.0,6,1,0.0
U005905,0.0,0.0,16,1,0.0
U005904,0.0,0.0,19,1,0.0
U022045,0.0,0.0,14,1,0.0
U022046,0.0,0.0,23,1,0.0
U005903,0.0,0.0,23,1,0.0
U005902,0.0,0.0,17,1,0.0
U022049,0.0,0.0,2,1,0.0
U005901,0.0,0.0,4,1,0.0
U005897,0.0,0.0,2,1,0.0
U022052,0.0,0.0,14,1,0.0
U005895,0.0,0.0,24,1,0.0
U005892,0.0,0.0,6,1,0.0
U015092,0.0,0.0,22,1,0.0
U005889,0.0,0.0,2,1,0.0
U022057,0.0,0.0,22,1,0.0
U022058,0.0,0.0,12,1,0.0
U005888,0.0,0.0,27,1,0.0
U022060,0.0,0.0,24,1,0.0
U005886,0.0,0.0,21,1,0.0
U022062,0.0,0.0,4,1,0.0
U005883,0.0,0.0,7,1,0.0
U005882,0.0,0.0,11,1,0.0
U022065,0.0,0.0,10,1,0.0
U022067,0.0,0.0,15,1,0.0
U005875,0.0,0.0,25,1,0.0
U005874,0.0,0.0,15,1,0.0
U022070,0.0,0.0,4,1,0.0
U005871,0.0,0.0,16,1,0.0
U005870,0.0,0.0,26,1,0.0
U022073,0.0,0.0,6,1,0.0
U022074,0.0,0.0,15,1,0.0
U022075,0.0,0.0,30,1,0.0
U005868,0.0,0.0,24,1,0.0
U005865,0.0,0.0,15,1,0.0
U022078,0.0,0.0,8,1,0.0
U022079,0.0,0.0,9,1,0.0
U005863,0.0,0.0,20,1,0.0
U005858,0.0,0.0,5,1,0.0
U022084,0.0,0.0,8,1,0.0
U022085,0.0,0.0,15,1,0.0
U022086,0.0,0.0,5,1,0.0
U005855,0.0,0.0,27,1,0.0
U022089,0.0,0.0,26,1,0.0
U005852,0.0,0.0,21,1,0.0
U022091,0.0,0.0,29,1,0.0
U005851,0.0,0.0,11,1,0.0
U022093,0.0,0.0,24,1,0.0
U005849,0.0,0.0,11,1,0.0
U005848,0.0,0.0,17,1,0.0
U005846,0.0,0.0,23,1,0.0
U005845,0.0,0.0,22,1,0.0
U005844,0.0,0.0,26,1,0.0
U022099,0.0,0.0,4,1,0.0
U005842,0.0,0.0,15,1,0.0
U022101,0.0,0.0,21,1,0.0
U022102,0.0,0.0,10,1,0.0
U005840,0.0,0.0,28,1,0.0
U005838,0.0,0.0,21,1,0.0
U005836,0.0,0.0,30,1,0.0
U022106,0.0,0.0,24,1,0.0
U005832,0.0,0.0,23,1,0.0
U022108,0.0,0.0,27,1,0.0
U005829,0.0,0.0,31,1,0.0
U005828,0.0,0.0,8,1,0.0
U022111,0.0,0.0,7,1,0.0
U005825,0.0,0.0,20,1,0.0
U022113,0.0,0.0,26,1,0.0
U022114,0.0,0.0,14,1,0.0
U022115,0.0,0.0,21,1,0.0
U022116,0.0,0.0,24,1,0.0
U005824,0.0,0.0,27,1,0.0
U005820,0.0,0.0,26,1,0.0
U005818,0.0,0.0,10,1,0.0
U005816,0.0,0.0,5,1,0.0
U005814,0.0,0.0,4,1,0.0
U005811,0.0,0.0,14,1,0.0
U005808,0.0,0.0,9,1,0.0
U005807,0.0,0.0,23,1,0.0
U022126,0.0,0.0,1,1,0.0
U005806,0.0,0.0,29,1,0.0
U022128,0.0,0.0,3,1,0.0
U022129,0.0,0.0,23,1,0.0
U022130,0.0,0.0,29,1,0.0
U022131,0.0,0.0,7,1,0.0
U005805,0.0,0.0,2,1,0.0
U005800,0.0,0.0,7,1,0.0
U022134,0.0,0.0,11,1,0.0
U022135,0.0,0.0,7,1,0.0
U005798,0.0,0.0,24,1,0.0
U005796,0.0,0.0,18,1,0.0
U022138,0.0,0.0,25,1,0.0
U022139,0.0,0.0,16,1,0.0
U005795,0.0,0.0,26,1,0.0
U022142,0.0,0.0,14,1,0.0
U022143,0.0,0.0,1,1,0.0
U022144,0.0,0.0,15,1,0.0
U022145,0.0,0.0,23,1,0.0
U022146,0.0,0.0,7,1,0.0
U022147,0.0,0.0,26,1,0.0
U022148,0.0,0.0,20,1,0.0
U005793,0.0,0.0,13,1,0.0
U005789,0.0,0.0,12,1,0.0
U005788,0.0,0.0,24,1,0.0
U005787,0.0,0.0,3,1,0.0
U005786,0.0,0.0,3,1,0.0
U022157,0.0,0.0,28,1,0.0
U022158,0.0,0.0,29,1,0.0
U022159,0.0,0.0,17,1,0.0
U005780,0.0,0.0,20,1,0.0
U022161,0.0,0.0,18,1,0.0
U005775,0.0,0.0,26,1,0.0
U022163,0.0,0.0,22,1,0.0
U022164,0.0,0.0,12,1,0.0
U022165,0.0,0.0,17,1,0.0
U005773,0.0,0.0,7,1,0.0
U022167,0.0,0.0,9,1,0.0
U005771,0.0,0.0,16,1,0.0
U022169,0.0,0.0,10,1,0.0
U022170,0.0,0.0,31,1,0.0
U005769,0.0,0.0,3,1,0.0
U005767,0.0,0.0,18,1,0.0
U022174,0.0,0.0,2,1,0.0
U022175,0.0,0.0,9,1,0.0
U005766,0.0,0.0,6,1,0.0
U022177,0.0,0.0,9,1,0.0
U005765,0.0,0.0,5,1,0.0
U005764,0.0,0.0,26,1,0.0
U005762,0.0,0.0,19,1,0.0
U005760,0.0,0.0,16,1,0.0
U005753,0.0,0.0,13,1,0.0
U005750,0.0,0.0,17,1,0.0
U005749,0.0,0.0,21,1,0.0
U005748,0.0,0.0,3,1,0.0
U022187,0.0,0.0,19,1,0.0
U022188,0.0,0.0,21,1,0.0
U005746,0.0,0.0,6,1,0.0
U005738,0.0,0.0,22,1,0.0
U005737,0.0,0.0,19,1,0.0
U005736,0.0,0.0,31,1,0.0
U005735,0.0,0.0,26,1,0.0
U005734,0.0,0.0,4,1,0.0
U005733,0.0,0.0,24,1,0.0
U022196,0.0,0.0,4,1,0.0
U005730,0.0,0.0,17,1,0.0
U005726,0.0,0.0,27,1,0.0
U022199,0.0,0.0,11,1,0.0
U005724,0.0,0.0,3,1,0.0
U005723,0.0,0.0,17,1,0.0
U022202,0.0,0.0,24,1,0.0
U005722,0.0,0.0,12,1,0.0
U022204,0.0,0.0,18,1,0.0
U022205,0.0,0.0,23,1,0.0
U005720,0.0,0.0,2,1,0.0
U022207,0.0,0.0,22,1,0.0
U005719,0.0,0.0,20,1,0.0
U022209,0.0,0.0,15,1,0.0
U005717,0.0,0.0,24,1,0.0
U005716,0.0,0.0,12,1,0.0
U022212,0.0,0.0,19,1,0.0
U005714,0.0,0.0,25,1,0.0
U022216,0.0,0.0,2,1,0.0
U022217,0.0,0.0,31,1,0.0
U022218,0.0,0.0,30,1,0.0
U005705,0.0,0.0,9,1,0.0
U022221,0.0,0.0,27,1,0.0
U005703,0.0,0.0,27,1,0.0
U005700,0.0,0.0,22,1,0.0
U014871,0.0,0.0,26,1,0.0
U005692,0.0,0.0,19,1,0.0
U005686,0.0,0.0,15,1,0.0
U022229,0.0,0.0,21,1,0.0
U022230,0.0,0.0,13,1,0.0
U022231,0.0,0.0,2,1,0.0
U022232,0.0,0.0,11,1,0.0
U022233,0.0,0.0,10,1,0.0
U005685,0.0,0.0,30,1,0.0
U022235,0.0,0.0,16,1,0.0
U005682,0.0,0.0,7,1,0.0
U005679,0.0,0.0,29,1,0.0
U014870,0.0,0.0,22,1,0.0
U005675,0.0,0.0,17,1,0.0
U022241,0.0,0.0,30,1,0.0
U022242,0.0,0.0,19,1,0.0
U005674,0.0,0.0,7,1,0.0
U005671,0.0,0.0,4,1,0.0
U022246,0.0,0.0,20,1,0.0
U005668,0.0,0.0,2,1,0.0
U005666,0.0,0.0,3,1,0.0
U005664,0.0,0.0,29,1,0.0
U022250,0.0,0.0,6,1,0.0
U005663,0.0,0.0,10,1,0.0
U005662,0.0,0.0,10,1,0.0
U005661,0.0,0.0,26,1,0.0
U022254,0.0,0.0,12,1,0.0
U022255,0.0,0.0,17,1,0.0
U005656,0.0,0.0,10,1,0.0
U005652,0.0,0.0,31,1,0.0
U022258,0.0,0.0,6,1,0.0
U005650,0.0,0.0,22,1,0.0
U022261,0.0,0.0,30,1,0.0
U005648,0.0,0.0,25,1,0.0
U005645,0.0,0.0,21,1,0.0
U005644,0.0,0.0,8,1,0.0
U022265,0.0,0.0,28,1,0.0
U005636,0.0,0.0,16,1,0.0
U005633,0.0,0.0,21,1,0.0
U005629,0.0,0.0,30,1,0.0
U015095,0.0,0.0,12,1,0.0
U005627,0.0,0.0,19,1,0.0
U005626,0.0,0.0,20,1,0.0
U022273,0.0,0.0,22,1,0.0
U005625,0.0,0.0,28,1,0.0
U005621,0.0,0.0,7,1,0.0
U005614,0.0,0.0,19,1,0.0
U022277,0.0,0.0,31,1,0.0
U005612,0.0,0.0,3,1,0.0
U022279,0.0,0.0,11,1,0.0
U005607,0.0,0.0,28,1,0.0
U022281,0.0,0.0,24,1,0.0
U005602,0.0,0.0,22,1,0.0
U005600,0.0,0.0,17,1,0.0
U022284,0.0,0.0,23,1,0.0
U005597,0.0,0.0,26,1,0.0
U005594,0.0,0.0,28,1,0.0
U022287,0.0,0.0,29,1,0.0
U005592,0.0,0.0,14,1,0.0
U005591,0.0,0.0,23,1,0.0
U005590,0.0,0.0,20,1,0.0
U005588,0.0,0.0,3,1,0.0
U005586,0.0,0.0,10,1,0.0
U005584,0.0,0.0,19,1,0.0
U005577,0.0,0.0,4,1,0.0
U005574,0.0,0.0,10,1,0.0
U005573,0.0,0.0,30,1,0.0
U005572,0.0,0.0,6,1,0.0
U005570,0.0,0.0,7,1,0.0
U005568,0.0,0.0,18,1,0.0
U005567,0.0,0.0,28,1,0.0
U022301,0.0,0.0,22,1,0.0
U005563,0.0,0.0,25,1,0.0
U005560,0.0,0.0,18,1,0.0
U005550,0.0,0.0,3,1,0.0
U005547,0.0,0.0,6,1,0.0
U022306,0.0,0.0,18,1,0.0
U005544,0.0,0.0,18,1,0.0
U005543,0.0,0.0,19,1,0.0
U005542,0.0,0.0,5,1,0.0
U005541,0.0,0.0,9,1,0.0
U022311,0.0,0.0,17,1,0.0
U022312,0.0,0.0,5,1,0.0
U022313,0.0,0.0,18,1,0.0
U005539,0.0,0.0,30,1,0.0
U005537,0.0,0.0,24,1,0.0
U005536,0.0,0.0,10,1,0.0
U005535,0.0,0.0,11,1,0.0
U005533,0.0,0.0,30,1,0.0
U022319,0.0,0.0,26,1,0.0
U005529,0.0,0.0,12,1,0.0
U005528,0.0,0.0,19,1,0.0
U022322,0.0,0.0,26,1,0.0
U022323,0.0,0.0,13,1,0.0
U022324,0.0,0.0,8,1,0.0
U022325,0.0,0.0,4,1,0.0
U005525,0.0,0.0,7,1,0.0
U005524,0.0,0.0,8,1,0.0
U022328,0.0,0.0,26,1,0.0
U022329,0.0,0.0,11,1,0.0
U005520,0.0,0.0,30,1,0.0
U022331,0.0,0.0,16,1,0.0
U022332,0.0,0.0,5,1,0.0
U022333,0.0,0.0,26,1,0.0
U022334,0.0,0.0,6,1,0.0
U022335,0.0,0.0,29,1,0.0
U005517,0.0,0.0,5,1,0.0
U005513,0.0,0.0,31,1,0.0
U005509,0.0,0.0,7,1,0.0
U022339,0.0,0.0,23,1,0.0
U005508,0.0,0.0,22,1,0.0
U014867,0.0,0.0,23,1,0.0
U022342,0.0,0.0,26,1,0.0
U022343,0.0,0.0,15,1,0.0
U022344,0.0,0.0,27,1,0.0
U022345,0.0,0.0,4,1,0.0
U022346,0.0,0.0,25,1,0.0
U005507,0.0,0.0,4,1,0.0
U022348,0.0,0.0,23,1,0.0
U005506,0.0,0.0,11,1,0.0
U022350,0.0,0.0,3,1,0.0
U005504,0.0,0.0,27,1,0.0
U005501,0.0,0.0,21,1,0.0
U005492,0.0,0.0,20,1,0.0
U005491,0.0,0.0,10,1,0.0
U005485,0.0,0.0,14,1,0.0
U022356,0.0,0.0,8,1,0.0
U022357,0.0,0.0,13,1,0.0
U005483,0.0,0.0,19,1,0.0
U005482,0.0,0.0,16,1,0.0
U005480,0.0,0.0,24,1,0.0
U022361,0.0,0.0,16,1,0.0
U022362,0.0,0.0,26,1,0.0
U022363,0.0,0.0,28,1,0.0
U005479,0.0,0.0,14,1,0.0
U005478,0.0,0.0,16,1,0.0
U005477,0.0,0.0,15,1,0.0
U005474,0.0,0.0,23,1,0.0
U005470,0.0,0.0,2,1,0.0
U022370,0.0,0.0,18,1,0.0
U022371,0.0,0.0,22,1,0.0
U005469,0.0,0.0,30,1,0.0
U005465,0.0,0.0,14,1,0.0
U022375,0.0,0.0,31,1,0.0
U005463,0.0,0.0,11,1,0.0
U022377,0.0,0.0,19,1,0.0
U005462,0.0,0.0,3,1,0.0
U005458,0.0,0.0,9,1,0.0
U005456,0.0,0.0,22,1,0.0
U005454,0.0,0.0,20,1,0.0
U022382,0.0,0.0,7,1,0.0
U005453,0.0,0.0,25,1,0.0
U005450,0.0,0.0,6,1,0.0
U005446,0.0,0.0,9,1,0.0
U022386,0.0,0.0,19,1,0.0
U022387,0.0,0.0,5,1,0.0
U022388,0.0,0.0,23,1,0.0
U005444,0.0,0.0,30,1,0.0
U005442,0.0,0.0,30,1,0.0
U005441,0.0,0.0,2,1,0.0
U005439,0.0,0.0,26,1,0.0
U005430,0.0,0.0,22,1,0.0
U005428,0.0,0.0,6,1,0.0
U005427,0.0,0.0,14,1,0.0
U022396,0.0,0.0,12,1,0.0
U022397,0.0,0.0,11,1,0.0
U005425,0.0,0.0,2,1,0.0
U005423,0.0,0.0,25,1,0.0
U022402,0.0,0.0,7,1,0.0
U005422,0.0,0.0,21,1,0.0
U005421,0.0,0.0,23,1,0.0
U005417,0.0,0.0,17,1,0.0
U022406,0.0,0.0,12,1,0.0
U005414,0.0,0.0,13,1,0.0
U005409,0.0,0.0,22,1,0.0
U022409,0.0,0.0,19,1,0.0
U005404,0.0,0.0,3,1,0.0
U022412,0.0,0.0,17,1,0.0
U005401,0.0,0.0,29,1,0.0
U022414,0.0,0.0,2,1,0.0
U005400,0.0,0.0,8,1,0.0
U005399,0.0,0.0,20,1,0.0
U022417,0.0,0.0,15,1,0.0
U005397,0.0,0.0,7,1,0.0
U005396,0.0,0.0,30,1,0.0
U005395,0.0,0.0,15,1,0.0
U005393,0.0,0.0,9,1,0.0
U022422,0.0,0.0,9,1,0.0
U005391,0.0,0.0,10,1,0.0
U005390,0.0,0.0,7,1,0.0
U022425,0.0,0.0,25,1,0.0
U022426,0.0,0.0,18,1,0.0
U005388,0.0,0.0,8,1,0.0
U022428,0.0,0.0,24,1,0.0
U022429,0.0,0.0,14,1,0.0
U022430,0.0,0.0,22,1,0.0
U022431,0.0,0.0,21,1,0.0
U005385,0.0,0.0,27,1,0.0
U005383,0.0,0.0,18,1,0.0
U005379,0.0,0.0,28,1,0.0
U022435,0.0,0.0,26,1,0.0
U022436,0.0,0.0,14,1,0.0
U005377,0.0,0.0,3,1,0.0
U022438,0.0,0.0,23,1,0.0
U022439,0.0,0.0,22,1,0.0
U022441,0.0,0.0,22,1,0.0
U005373,0.0,0.0,22,1,0.0
U022443,0.0,0.0,21,1,0.0
U022444,0.0,0.0,27,1,0.0
U005372,0.0,0.0,20,1,0.0
U022447,0.0,0.0,21,1,0.0
U005367,0.0,0.0,19,1,0.0
U005366,0.0,0.0,14,1,0.0
U022450,0.0,0.0,28,1,0.0
U005357,0.0,0.0,19,1,0.0
U022453,0.0,0.0,15,1,0.0
U022454,0.0,0.0,3,1,0.0
U005352,0.0,0.0,7,1,0.0
U005348,0.0,0.0,28,1,0.0
U022458,0.0,0.0,2,1,0.0
U022459,0.0,0.0,26,1,0.0
U022460,0.0,0.0,20,1,0.0
U005347,0.0,0.0,27,1,0.0
U022462,0.0,0.0,25,1,0.0
U005341,0.0,0.0,26,1,0.0
U022464,0.0,0.0,6,1,0.0
U005340,0.0,0.0,18,1,0.0
U022466,0.0,0.0,17,1,0.0
U014999,0.0,0.0,18,1,0.0
U005339,0.0,0.0,21,1,0.0
U005334,0.0,0.0,20,1,0.0
U022470,0.0,0.0,11,1,0.0
U005332,0.0,0.0,24,1,0.0
U005327,0.0,0.0,17,1,0.0
U005325,0.0,0.0,22,1,0.0
U022475,0.0,0.0,4,1,0.0
U005324,0.0,0.0,29,1,0.0
U022477,0.0,0.0,17,1,0.0
U005322,0.0,0.0,27,1,0.0
U022479,0.0,0.0,29,1,0.0
U022480,0.0,0.0,30,1,0.0
U005319,0.0,0.0,8,1,0.0
U005317,0.0,0.0,6,1,0.0
U022483,0.0,0.0,16,1,0.0
U005314,0.0,0.0,20,1,0.0
U022485,0.0,0.0,6,1,0.0
U022486,0.0,0.0,26,1,0.0
U005311,0.0,0.0,21,1,0.0
U022488,0.0,0.0,4,1,0.0
U005310,0.0,0.0,25,1,0.0
U005309,0.0,0.0,13,1,0.0
U005308,0.0,0.0,17,1,0.0
U005307,0.0,0.0,2,1,0.0
U005304,0.0,0.0,5,1,0.0
U005300,0.0,0.0,10,1,0.0
U022495,0.0,0.0,12,1,0.0
U005296,0.0,0.0,6,1,0.0
U022497,0.0,0.0,30,1,0.0
U022498,0.0,0.0,25,1,0.0
U022499,0.0,0.0,20,1,0.0
U005289,0.0,0.0,2,1,0.0
U022501,0.0,0.0,15,1,0.0
U022502,0.0,0.0,17,1,0.0
U022503,0.0,0.0,20,1,0.0
U005287,0.0,0.0,12,1,0.0
U005286,0.0,0.0,2,1,0.0
U022507,0.0,0.0,21,1,0.0
U022508,0.0,0.0,23,1,0.0
U022509,0.0,0.0,8,1,0.0
U005285,0.0,0.0,5,1,0.0
U005283,0.0,0.0,21,1,0.0
U022512,0.0,0.0,16,1,0.0
U005279,0.0,0.0,8,1,0.0
U022514,0.0,0.0,3,1,0.0
U022515,0.0,0.0,4,1,0.0
U005278,0.0,0.0,18,1,0.0
U005277,0.0,0.0,6,1,0.0
U005274,0.0,0.0,15,1,0.0
U022519,0.0,0.0,12,1,0.0
U022520,0.0,0.0,19,1,0.0
U005271,0.0,0.0,15,1,0.0
U005264,0.0,0.0,17,1,0.0
U022523,0.0,0.0,27,1,0.0
U005254,0.0,0.0,11,1,0.0
U022525,0.0,0.0,2,1,0.0
U022526,0.0,0.0,20,1,0.0
U005251,0.0,0.0,14,1,0.0
U005248,0.0,0.0,10,1,0.0
U005247,0.0,0.0,31,1,0.0
U005244,0.0,0.0,31,1,0.0
U022531,0.0,0.0,20,1,0.0
U005237,0.0,0.0,18,1,0.0
U022533,0.0,0.0,3,1,0.0
U005236,0.0,0.0,30,1,0.0
U005235,0.0,0.0,10,1,0.0
U022536,0.0,0.0,16,1,0.0
U022537,0.0,0.0,5,1,0.0
U005234,0.0,0.0,21,1,0.0
U022539,0.0,0.0,5,1,0.0
U022540,0.0,0.0,10,1,0.0
U005230,0.0,0.0,10,1,0.0
U005229,0.0,0.0,14,1,0.0
U022543,0.0,0.0,14,1,0.0
U005224,0.0,0.0,23,1,0.0
U022545,0.0,0.0,5,1,0.0
U005223,0.0,0.0,1,1,0.0
U022549,0.0,0.0,10,1,0.0
U005217,0.0,0.0,20,1,0.0
U022551,0.0,0.0,3,1,0.0
U022552,0.0,0.0,16,1,0.0
U005216,0.0,0.0,16,1,0.0
U022554,0.0,0.0,8,1,0.0
U005215,0.0,0.0,29,1,0.0
U005214,0.0,0.0,7,1,0.0
U022557,0.0,0.0,24,1,0.0
U005209,0.0,0.0,8,1,0.0
U005207,0.0,0.0,15,1,0.0
U005206,0.0,0.0,21,1,0.0
U005204,0.0,0.0,25,1,0.0
U005203,0.0,0.0,24,1,0.0
U005201,0.0,0.0,25,1,0.0
U005200,0.0,0.0,30,1,0.0
U005195,0.0,0.0,30,1,0.0
U005192,0.0,0.0,23,1,0.0
U014865,0.0,0.0,18,1,0.0
U005191,0.0,0.0,14,1,0.0
U022570,0.0,0.0,4,1,0.0
U022571,0.0,0.0,28,1,0.0
U005190,0.0,0.0,10,1,0.0
U005187,0.0,0.0,19,1,0.0
U005186,0.0,0.0,15,1,0.0
U022575,0.0,0.0,12,1,0.0
U022576,0.0,0.0,24,1,0.0
U005185,0.0,0.0,5,1,0.0
U022578,0.0,0.0,6,1,0.0
U022579,0.0,0.0,27,1,0.0
U022580,0.0,0.0,3,1,0.0
U005184,0.0,0.0,23,1,0.0
U005182,0.0,0.0,23,1,0.0
U022585,0.0,0.0,11,1,0.0
U022586,0.0,0.0,31,1,0.0
U005180,0.0,0.0,9,1,0.0
U005178,0.0,0.0,30,1,0.0
U022589,0.0,0.0,4,1,0.0
U005176,0.0,0.0,17,1,0.0
U005170,0.0,0.0,23,1,0.0
U022592,0.0,0.0,2,1,0.0
U005169,0.0,0.0,9,1,0.0
U022594,0.0,0.0,26,1,0.0
U022595,0.0,0.0,2,1,0.0
U022596,0.0,0.0,3,1,0.0
U005167,0.0,0.0,26,1,0.0
U005166,0.0,0.0,3,1,0.0
U005165,0.0,0.0,14,1,0.0
U005164,0.0,0.0,26,1,0.0
U005163,0.0,0.0,29,1,0.0
U005161,0.0,0.0,3,1,0.0
U005159,0.0,0.0,12,1,0.0
U022605,0.0,0.0,30,1,0.0
U014862,0.0,0.0,6,1,0.0
U022607,0.0,0.0,19,1,0.0
U005153,0.0,0.0,28,1,0.0
U005152,0.0,0.0,1,1,0.0
U022610,0.0,0.0,11,1,0.0
U005151,0.0,0.0,24,1,0.0
U005150,0.0,0.0,6,1,0.0
U005147,0.0,0.0,5,1,0.0
U022615,0.0,0.0,12,1,0.0
U005144,0.0,0.0,31,1,0.0
U005140,0.0,0.0,12,1,0.0
U005139,0.0,0.0,5,1,0.0
U022619,0.0,0.0,14,1,0.0
U022620,0.0,0.0,29,1,0.0
U022622,0.0,0.0,26,1,0.0
U005136,0.0,0.0,17,1,0.0
U022624,0.0,0.0,27,1,0.0
U005135,0.0,0.0,5,1,0.0
U022626,0.0,0.0,27,1,0.0
U022627,0.0,0.0,3,1,0.0
U022628,0.0,0.0,13,1,0.0
U005134,0.0,0.0,23,1,0.0
U005133,0.0,0.0,28,1,0.0
U005128,0.0,0.0,14,1,0.0
U022632,0.0,0.0,11,1,0.0
U005127,0.0,0.0,17,1,0.0
U005125,0.0,0.0,18,1,0.0
U005124,0.0,0.0,7,1,0.0
U005122,0.0,0.0,25,1,0.0
U005118,0.0,0.0,30,1,0.0
U022638,0.0,0.0,17,1,0.0
U015100,0.0,0.0,4,1,0.0
U022640,0.0,0.0,26,1,0.0
U022641,0.0,0.0,13,1,0.0
U022642,0.0,0.0,22,1,0.0
U005117,0.0,0.0,3,1,0.0
U005112,0.0,0.0,28,1,0.0
U005106,0.0,0.0,31,1,0.0
U022646,0.0,0.0,16,1,0.0
U005102,0.0,0.0,7,1,0.0
U022649,0.0,0.0,30,1,0.0
U005101,0.0,0.0,15,1,0.0
U022651,0.0,0.0,2,1,0.0
U005095,0.0,0.0,13,1,0.0
U005094,0.0,0.0,8,1,0.0
U022654,0.0,0.0,7,1,0.0
U022655,0.0,0.0,2,1,0.0
U005093,0.0,0.0,14,1,0.0
U005087,0.0,0.0,21,1,0.0
U022658,0.0,0.0,20,1,0.0
U022659,0.0,0.0,22,1,0.0
U005086,0.0,0.0,24,1,0.0
U022661,0.0,0.0,3,1,0.0
U022662,0.0,0.0,16,1,0.0
U022663,0.0,0.0,7,1,0.0
U022665,0.0,0.0,2,1,0.0
U005084,0.0,0.0,8,1,0.0
U005083,0.0,0.0,8,1,0.0
U022668,0.0,0.0,18,1,0.0
U022669,0.0,0.0,23,1,0.0
U022670,0.0,0.0,7,1,0.0
U022671,0.0,0.0,13,1,0.0
U022672,0.0,0.0,4,1,0.0
U005079,0.0,0.0,27,1,0.0
U022675,0.0,0.0,2,1,0.0
U005076,0.0,0.0,4,1,0.0
U005073,0.0,0.0,12,1,0.0
U005071,0.0,0.0,14,1,0.0
U022679,0.0,0.0,10,1,0.0
U022680,0.0,0.0,11,1,0.0
U005069,0.0,0.0,17,1,0.0
U005067,0.0,0.0,14,1,0.0
U022683,0.0,0.0,17,1,0.0
U005063,0.0,0.0,9,1,0.0
U005062,0.0,0.0,6,1,0.0
U022686,0.0,0.0,20,1,0.0
U005059,0.0,0.0,2,1,0.0
U022688,0.0,0.0,3,1,0.0
U005056,0.0,0.0,29,1,0.0
U005052,0.0,0.0,13,1,0.0
U005051,0.0,0.0,26,1,0.0
U022692,0.0,0.0,27,1,0.0
U022693,0.0,0.0,28,1,0.0
U005050,0.0,0.0,20,1,0.0
U005049,0.0,0.0,14,1,0.0
U022696,0.0,0.0,21,1,0.0
U005048,0.0,0.0,8,1,0.0
U022699,0.0,0.0,31,1,0.0
U022700,0.0,0.0,20,1,0.0
U022701,0.0,0.0,24,1,0.0
U005047,0.0,0.0,6,1,0.0
U005046,0.0,0.0,7,1,0.0
U005041,0.0,0.0,4,1,0.0
U005040,0.0,0.0,24,1,0.0
U022707,0.0,0.0,12,1,0.0
U005037,0.0,0.0,20,1,0.0
U005036,0.0,0.0,21,1,0.0
U022711,0.0,0.0,20,1,0.0
U022712,0.0,0.0,21,1,0.0
U022713,0.0,0.0,19,1,0.0
U022714,0.0,0.0,8,1,0.0
U005032,0.0,0.0,10,1,0.0
U005024,0.0,0.0,17,1,0.0
U022717,0.0,0.0,24,1,0.0
U005022,0.0,0.0,7,1,0.0
U005020,0.0,0.0,13,1,0.0
U022720,0.0,0.0,16,1,0.0
U005014,0.0,0.0,30,1,0.0
U005011,0.0,0.0,27,1,0.0
U005010,0.0,0.0,3,1,0.0
U005004,0.0,0.0,29,1,0.0
U005003,0.0,0.0,4,1,0.0
U005000,0.0,0.0,11,1,0.0
U004996,0.0,0.0,27,1,0.0
U022729,0.0,0.0,3,1,0.0
U004995,0.0,0.0,25,1,0.0
U004994,0.0,0.0,19,1,0.0
U022732,0.0,0.0,19,1,0.0
U004990,0.0,0.0,16,1,0.0
U022734,0.0,0.0,18,1,0.0
U004987,0.0,0.0,21,1,0.0
U022736,0.0,0.0,18,1,0.0
U004986,0.0,0.0,8,1,0.0
U004984,0.0,0.0,6,1,0.0
U004982,0.0,0.0,5,1,0.0
U022740,0.0,0.0,26,1,0.0
U022741,0.0,0.0,19,1,0.0
U022742,0.0,0.0,18,1,0.0
U004981,0.0,0.0,31,1,0.0
U022744,0.0,0.0,29,1,0.0
U022745,0.0,0.0,10,1,0.0
U004980,0.0,0.0,2,1,0.0
U004979,0.0,0.0,24,1,0.0
U004976,0.0,0.0,25,1,0.0
U004975,0.0,0.0,9,1,0.0
U004974,0.0,0.0,7,1,0.0
U004971,0.0,0.0,21,1,0.0
U022752,0.0,0.0,4,1,0.0
U004968,0.0,0.0,23,1,0.0
U022755,0.0,0.0,23,1,0.0
U004966,0.0,0.0,14,1,0.0
U022757,0.0,0.0,31,1,0.0
U004963,0.0,0.0,16,1,0.0
U004960,0.0,0.0,28,1,0.0
U022760,0.0,0.0,14,1,0.0
U022761,0.0,0.0,15,1,0.0
U022762,0.0,0.0,16,1,0.0
U022763,0.0,0.0,23,1,0.0
U022764,0.0,0.0,28,1,0.0
U004956,0.0,0.0,3,1,0.0
U022766,0.0,0.0,25,1,0.0
U004955,0.0,0.0,26,1,0.0
U004952,0.0,0.0,31,1,0.0
U022769,0.0,0.0,5,1,0.0
U004950,0.0,0.0,5,1,0.0
U022771,0.0,0.0,16,1,0.0
U022772,0.0,0.0,5,1,0.0
U022773,0.0,0.0,23,1,0.0
U004948,0.0,0.0,5,1,0.0
U004946,0.0,0.0,8,1,0.0
U004945,0.0,0.0,13,1,0.0
U004941,0.0,0.0,26,1,0.0
U022778,0.0,0.0,24,1,0.0
U022779,0.0,0.0,11,1,0.0
U022780,0.0,0.0,17,1,0.0
U004940,0.0,0.0,22,1,0.0
U004939,0.0,0.0,25,1,0.0
U004935,0.0,0.0,30,1,0.0
U022784,0.0,0.0,15,1,0.0
U004926,0.0,0.0,6,1,0.0
U004925,0.0,0.0,20,1,0.0
U022787,0.0,0.0,17,1,0.0
U004923,0.0,0.0,3,1,0.0
U022789,0.0,0.0,26,1,0.0
U014859,0.0,0.0,27,1,0.0
U004920,0.0,0.0,27,1,0.0
U022792,0.0,0.0,18,1,0.0
U004919,0.0,0.0,2,1,0.0
U022794,0.0,0.0,5,1,0.0
U004917,0.0,0.0,3,1,0.0
U022796,0.0,0.0,15,1,0.0
U022797,0.0,0.0,29,1,0.0
U004916,0.0,0.0,7,1,0.0
U022799,0.0,0.0,2,1,0.0
U004915,0.0,0.0,29,1,0.0
U022801,0.0,0.0,2,1,0.0
U004912,0.0,0.0,12,1,0.0
U022803,0.0,0.0,23,1,0.0
U004911,0.0,0.0,20,1,0.0
U004910,0.0,0.0,9,1,0.0
U004907,0.0,0.0,1,1,0.0
U004905,0.0,0.0,16,1,0.0
U022808,0.0,0.0,16,1,0.0
U004904,0.0,0.0,9,1,0.0
U022810,0.0,0.0,11,1,0.0
U022811,0.0,0.0,27,1,0.0
U022812,0.0,0.0,19,1,0.0
U022813,0.0,0.0,8,1,0.0
U004903,0.0,0.0,8,1,0.0
U022815,0.0,0.0,30,1,0.0
U004900,0.0,0.0,15,1,0.0
U004899,0.0,0.0,8,1,0.0
U004897,0.0,0.0,21,1,0.0
U004896,0.0,0.0,2,1,0.0
U004895,0.0,0.0,18,1,0.0
U004894,0.0,0.0,14,1,0.0
U004892,0.0,0.0,16,1,0.0
U004888,0.0,0.0,11,1,0.0
U004884,0.0,0.0,8,1,0.0
U004883,0.0,0.0,13,1,0.0
U022827,0.0,0.0,8,1,0.0
U022828,0.0,0.0,29,1,0.0
U004881,0.0,0.0,4,1,0.0
U022830,0.0,0.0,18,1,0.0
U004880,0.0,0.0,11,1,0.0
U022832,0.0,0.0,20,1,0.0
U004874,0.0,0.0,11,1,0.0
U004872,0.0,0.0,8,1,0.0
U022836,0.0,0.0,10,1,0.0
U004869,0.0,0.0,1,1,0.0
U022838,0.0,0.0,3,1,0.0
U004865,0.0,0.0,4,1,0.0
U004863,0.0,0.0,24,1,0.0
U022841,0.0,0.0,5,1,0.0
U004859,0.0,0.0,10,1,0.0
U022843,0.0,0.0,18,1,0.0
U022844,0.0,0.0,6,1,0.0
U004858,0.0,0.0,7,1,0.0
U022846,0.0,0.0,30,1,0.0
U022847,0.0,0.0,24,1,0.0
U004857,0.0,0.0,26,1,0.0
U004855,0.0,0.0,29,1,0.0
U004854,0.0,0.0,2,1,0.0
U022851,0.0,0.0,20,1,0.0
U004850,0.0,0.0,27,1,0.0
U004847,0.0,0.0,24,1,0.0
U022855,0.0,0.0,12,1,0.0
U004844,0.0,0.0,14,1,0.0
U004836,0.0,0.0,29,1,0.0
U022858,0.0,0.0,29,1,0.0
U022859,0.0,0.0,3,1,0.0
U004834,0.0,0.0,13,1,0.0
U014858,0.0,0.0,29,1,0.0
U004833,0.0,0.0,12,1,0.0
U022863,0.0,0.0,4,1,0.0
U004830,0.0,0.0,20,1,0.0
U004829,0.0,0.0,12,1,0.0
U004828,0.0,0.0,5,1,0.0
U022867,0.0,0.0,23,1,0.0
U004826,0.0,0.0,15,1,0.0
U022870,0.0,0.0,18,1,0.0
U004825,0.0,0.0,2,1,0.0
U022872,0.0,0.0,13,1,0.0
U015103,0.0,0.0,23,1,0.0
U022874,0.0,0.0,30,1,0.0
U004824,0.0,0.0,6,1,0.0
U004822,0.0,0.0,11,1,0.0
U004820,0.0,0.0,14,1,0.0
U022878,0.0,0.0,14,1,0.0
U004819,0.0,0.0,12,1,0.0
U022880,0.0,0.0,22,1,0.0
U022881,0.0,0.0,10,1,0.0
U022882,0.0,0.0,26,1,0.0
U004817,0.0,0.0,18,1,0.0
U004813,0.0,0.0,19,1,0.0
U004811,0.0,0.0,7,1,0.0
U022886,0.0,0.0,8,1,0.0
U004810,0.0,0.0,15,1,0.0
U004806,0.0,0.0,22,1,0.0
U004803,0.0,0.0,20,1,0.0
U004802,0.0,0.0,12,1,0.0
U022891,0.0,0.0,28,1,0.0
U004801,0.0,0.0,21,1,0.0
U022893,0.0,0.0,2,1,0.0
U004794,0.0,0.0,29,1,0.0
U022895,0.0,0.0,7,1,0.0
U004792,0.0,0.0,8,1,0.0
U004791,0.0,0.0,31,1,0.0
U004787,0.0,0.0,31,1,0.0
U022899,0.0,0.0,26,1,0.0
U022900,0.0,0.0,13,1,0.0
U022901,0.0,0.0,30,1,0.0
U022902,0.0,0.0,3,1,0.0
U004786,0.0,0.0,3,1,0.0
U004784,0.0,0.0,24,1,0.0
U004780,0.0,0.0,11,1,0.0
U004778,0.0,0.0,12,1,0.0
U004775,0.0,0.0,17,1,0.0
U004773,0.0,0.0,10,1,0.0
U022910,0.0,0.0,26,1,0.0
U022911,0.0,0.0,27,1,0.0
U015104,0.0,0.0,30,1,0.0
U022913,0.0,0.0,21,1,0.0
U004768,0.0,0.0,28,1,0.0
U004767,0.0,0.0,22,1,0.0
U022916,0.0,0.0,20,1,0.0
U022917,0.0,0.0,17,1,0.0
U022918,0.0,0.0,3,1,0.0
U022919,0.0,0.0,4,1,0.0
U022920,0.0,0.0,15,1,0.0
U004766,0.0,0.0,15,1,0.0
U004765,0.0,0.0,7,1,0.0
U004762,0.0,0.0,24,1,0.0
U004761,0.0,0.0,8,1,0.0
U022925,0.0,0.0,21,1,0.0
U022926,0.0,0.0,2,1,0.0
U022928,0.0,0.0,7,1,0.0
U022930,0.0,0.0,20,1,0.0
U004758,0.0,0.0,13,1,0.0
U004757,0.0,0.0,27,1,0.0
U004755,0.0,0.0,5,1,0.0
U004754,0.0,0.0,21,1,0.0
U004752,0.0,0.0,29,1,0.0
U004750,0.0,0.0,25,1,0.0
U004749,0.0,0.0,4,1,0.0
U004746,0.0,0.0,14,1,0.0
U022939,0.0,0.0,4,1,0.0
U004745,0.0,0.0,3,1,0.0
U004743,0.0,0.0,3,1,0.0
U022943,0.0,0.0,14,1,0.0
U022944,0.0,0.0,14,1,0.0
U004741,0.0,0.0,10,1,0.0
U004740,0.0,0.0,29,1,0.0
U004734,0.0,0.0,23,1,0.0
U022948,0.0,0.0,19,1,0.0
U022949,0.0,0.0,29,1,0.0
U004731,0.0,0.0,22,1,0.0
U004729,0.0,0.0,4,1,0.0
U022952,0.0,0.0,5,1,0.0
U004727,0.0,0.0,29,1,0.0
U022954,0.0,0.0,26,1,0.0
U004725,0.0,0.0,14,1,0.0
U004722,0.0,0.0,28,1,0.0
U004721,0.0,0.0,21,1,0.0
U004719,0.0,0.0,12,1,0.0
U004718,0.0,0.0,10,1,0.0
U004715,0.0,0.0,23,1,0.0
U022961,0.0,0.0,15,1,0.0
U022962,0.0,0.0,9,1,0.0
U004714,0.0,0.0,10,1,0.0
U004712,0.0,0.0,14,1,0.0
U022965,0.0,0.0,8,1,0.0
U004710,0.0,0.0,9,1,0.0
U004706,0.0,0.0,31,1,0.0
U004705,0.0,0.0,19,1,0.0
U004702,0.0,0.0,20,1,0.0
U004697,0.0,0.0,30,1,0.0
U004696,0.0,0.0,30,1,0.0
U022972,0.0,0.0,7,1,0.0
U004695,0.0,0.0,20,1,0.0
U004693,0.0,0.0,30,1,0.0
U004687,0.0,0.0,13,1,0.0
U022976,0.0,0.0,18,1,0.0
U004685,0.0,0.0,8,1,0.0
U004684,0.0,0.0,29,1,0.0
U022979,0.0,0.0,19,1,0.0
U004683,0.0,0.0,22,1,0.0
U022981,0.0,0.0,4,1,0.0
U022982,0.0,0.0,13,1,0.0
U022983,0.0,0.0,3,1,0.0
U022984,0.0,0.0,16,1,0.0
U004682,0.0,0.0,9,1,0.0
U022986,0.0,0.0,23,1,0.0
U022987,0.0,0.0,17,1,0.0
U022988,0.0,0.0,19,1,0.0
U004679,0.0,0.0,2,1,0.0
U004678,0.0,0.0,11,1,0.0
U004677,0.0,0.0,11,1,0.0
U022992,0.0,0.0,8,1,0.0
U004673,0.0,0.0,23,1,0.0
U022994,0.0,0.0,27,1,0.0
U022996,0.0,0.0,14,1,0.0
U004667,0.0,0.0,3,1,0.0
U022998,0.0,0.0,3,1,0.0
U004666,0.0,0.0,3,1,0.0
U023000,0.0,0.0,19,1,0.0
U004663,0.0,0.0,30,1,0.0
U023002,0.0,0.0,29,1,0.0
U023003,0.0,0.0,21,1,0.0
U023004,0.0,0.0,6,1,0.0
U023005,0.0,0.0,19,1,0.0
U004662,0.0,0.0,19,1,0.0
U004656,0.0,0.0,15,1,0.0
U004655,0.0,0.0,26,1,0.0
U023009,0.0,0.0,15,1,0.0
U023010,0.0,0.0,17,1,0.0
U023011,0.0,0.0,20,1,0.0
U023013,0.0,0.0,27,1,0.0
U023014,0.0,0.0,8,1,0.0
U023016,0.0,0.0,7,1,0.0
U004653,0.0,0.0,3,1,0.0
U023018,0.0,0.0,13,1,0.0
U004650,0.0,0.0,11,1,0.0
U004646,0.0,0.0,29,1,0.0
U004645,0.0,0.0,13,1,0.0
U023022,0.0,0.0,26,1,0.0
U023024,0.0,0.0,30,1,0.0
U023026,0.0,0.0,12,1,0.0
U023027,0.0,0.0,28,1,0.0
U004638,0.0,0.0,23,1,0.0
U004636,0.0,0.0,16,1,0.0
U004634,0.0,0.0,22,1,0.0
U004633,0.0,0.0,28,1,0.0
U023032,0.0,0.0,6,1,0.0
U004632,0.0,0.0,13,1,0.0
U004630,0.0,0.0,27,1,0.0
U004629,0.0,0.0,30,1,0.0
U004627,0.0,0.0,27,1,0.0
U023037,0.0,0.0,15,1,0.0
U004626,0.0,0.0,4,1,0.0
U023039,0.0,0.0,15,1,0.0
U004621,0.0,0.0,2,1,0.0
U004619,0.0,0.0,25,1,0.0
U004618,0.0,0.0,13,1,0.0
U004617,0.0,0.0,6,1,0.0
U023045,0.0,0.0,13,1,0.0
U004614,0.0,0.0,11,1,0.0
U004612,0.0,0.0,5,1,0.0
U004605,0.0,0.0,16,1,0.0
U023050,0.0,0.0,8,1,0.0
U023051,0.0,0.0,2,1,0.0
U004601,0.0,0.0,6,1,0.0
U004599,0.0,0.0,19,1,0.0
U023055,0.0,0.0,29,1,0.0
U023056,0.0,0.0,27,1,0.0
U014856,0.0,0.0,8,1,0.0
U004595,0.0,0.0,7,1,0.0
U004593,0.0,0.0,13,1,0.0
U023062,0.0,0.0,2,1,0.0
U023063,0.0,0.0,29,1,0.0
U004590,0.0,0.0,19,1,0.0
U004589,0.0,0.0,2,1,0.0
U023066,0.0,0.0,22,1,0.0
U023069,0.0,0.0,27,1,0.0
U023071,0.0,0.0,26,1,0.0
U004582,0.0,0.0,3,1,0.0
U004580,0.0,0.0,11,1,0.0
U023074,0.0,0.0,25,1,0.0
U023075,0.0,0.0,29,1,0.0
U004579,0.0,0.0,13,1,0.0
U004577,0.0,0.0,14,1,0.0
U004575,0.0,0.0,6,1,0.0
U023080,0.0,0.0,22,1,0.0
U004574,0.0,0.0,9,1,0.0
U004565,0.0,0.0,18,1,0.0
U004561,0.0,0.0,19,1,0.0
U023084,0.0,0.0,20,1,0.0
U004556,0.0,0.0,12,1,0.0
U023086,0.0,0.0,13,1,0.0
U004555,0.0,0.0,10,1,0.0
U004554,0.0,0.0,14,1,0.0
U023089,0.0,0.0,21,1,0.0
U004552,0.0,0.0,15,1,0.0
U004551,0.0,0.0,28,1,0.0
U004550,0.0,0.0,21,1,0.0
U004549,0.0,0.0,22,1,0.0
U023094,0.0,0.0,1,1,0.0
U023095,0.0,0.0,23,1,0.0
U004548,0.0,0.0,24,1,0.0
U023097,0.0,0.0,23,1,0.0
U023098,0.0,0.0,8,1,0.0
U004545,0.0,0.0,23,1,0.0
U004544,0.0,0.0,18,1,0.0
U023101,0.0,0.0,11,1,0.0
U023102,0.0,0.0,9,1,0.0
U004541,0.0,0.0,30,1,0.0
U004539,0.0,0.0,8,1,0.0
U004538,0.0,0.0,20,1,0.0
U004532,0.0,0.0,22,1,0.0
U023108,0.0,0.0,24,1,0.0
U014855,0.0,0.0,17,1,0.0
U023110,0.0,0.0,10,1,0.0
U004531,0.0,0.0,5,1,0.0
U004525,0.0,0.0,29,1,0.0
U004524,0.0,0.0,11,1,0.0
U004523,0.0,0.0,4,1,0.0
U004521,0.0,0.0,19,1,0.0
U004520,0.0,0.0,13,1,0.0
U004518,0.0,0.0,12,1,0.0
U023118,0.0,0.0,28,1,0.0
U004516,0.0,0.0,17,1,0.0
U004515,0.0,0.0,2,1,0.0
U004512,0.0,0.0,26,1,0.0
U023122,0.0,0.0,12,1,0.0
U023123,0.0,0.0,16,1,0.0
U004510,0.0,0.0,8,1,0.0
U023125,0.0,0.0,23,1,0.0
U023126,0.0,0.0,31,1,0.0
U004508,0.0,0.0,13,1,0.0
U004507,0.0,0.0,3,1,0.0
U023129,0.0,0.0,3,1,0.0
U023130,0.0,0.0,8,1,0.0
U004505,0.0,0.0,19,1,0.0
U004500,0.0,0.0,30,1,0.0
U004499,0.0,0.0,7,1,0.0
U023134,0.0,0.0,30,1,0.0
U004498,0.0,0.0,25,1,0.0
U023136,0.0,0.0,23,1,0.0
U004497,0.0,0.0,24,1,0.0
U023138,0.0,0.0,26,1,0.0
U004491,0.0,0.0,25,1,0.0
U004490,0.0,0.0,27,1,0.0
U023141,0.0,0.0,22,1,0.0
U023143,0.0,0.0,20,1,0.0
U004487,0.0,0.0,19,1,0.0
U004485,0.0,0.0,12,1,0.0
U004483,0.0,0.0,25,1,0.0
U004482,0.0,0.0,17,1,0.0
U004477,0.0,0.0,19,1,0.0
U023150,0.0,0.0,6,1,0.0
U023151,0.0,0.0,8,1,0.0
U004476,0.0,0.0,18,1,0.0
U004472,0.0,0.0,5,1,0.0
U023154,0.0,0.0,21,1,0.0
U004471,0.0,0.0,19,1,0.0
U023156,0.0,0.0,29,1,0.0
U004470,0.0,0.0,24,1,0.0
U023158,0.0,0.0,19,1,0.0
U023159,0.0,0.0,3,1,0.0
U023161,0.0,0.0,19,1,0.0
U004468,0.0,0.0,2,1,0.0
U004467,0.0,0.0,10,1,0.0
U023165,0.0,0.0,21,1,0.0
U023166,0.0,0.0,17,1,0.0
U004462,0.0,0.0,6,1,0.0
U004461,0.0,0.0,29,1,0.0
U023169,0.0,0.0,7,1,0.0
U023170,0.0,0.0,10,1,0.0
U023171,0.0,0.0,5,1,0.0
U004458,0.0,0.0,16,1,0.0
U023173,0.0,0.0,5,1,0.0
U004457,0.0,0.0,18,1,0.0
U023175,0.0,0.0,18,1,0.0
U023176,0.0,0.0,3,1,0.0
U004453,0.0,0.0,30,1,0.0
U004445,0.0,0.0,19,1,0.0
U023179,0.0,0.0,7,1,0.0
U023180,0.0,0.0,21,1,0.0
U004440,0.0,0.0,25,1,0.0
U004436,0.0,0.0,11,1,0.0
U004435,0.0,0.0,26,1,0.0
U023184,0.0,0.0,25,1,0.0
U004432,0.0,0.0,12,1,0.0
U023186,0.0,0.0,17,1,0.0
U023187,0.0,0.0,20,1,0.0
U004428,0.0,0.0,9,1,0.0
U023189,0.0,0.0,6,1,0.0
U023190,0.0,0.0,26,1,0.0
U004420,0.0,0.0,5,1,0.0
U004416,0.0,0.0,13,1,0.0
U023193,0.0,0.0,6,1,0.0
U023194,0.0,0.0,22,1,0.0
U004412,0.0,0.0,23,1,0.0
U023196,0.0,0.0,8,1,0.0
U023197,0.0,0.0,18,1,0.0
U004411,0.0,0.0,17,1,0.0
U004410,0.0,0.0,5,1,0.0
U023200,0.0,0.0,29,1,0.0
U004403,0.0,0.0,14,1,0.0
U004397,0.0,0.0,14,1,0.0
U004396,0.0,0.0,23,1,0.0
U023205,0.0,0.0,27,1,0.0
U004393,0.0,0.0,15,1,0.0
U004392,0.0,0.0,14,1,0.0
U023208,0.0,0.0,28,1,0.0
U023210,0.0,0.0,22,1,0.0
U023211,0.0,0.0,19,1,0.0
U004391,0.0,0.0,22,1,0.0
U004388,0.0,0.0,11,1,0.0
U004381,0.0,0.0,17,1,0.0
U004378,0.0,0.0,3,1,0.0
U004375,0.0,0.0,16,1,0.0
U004374,0.0,0.0,22,1,0.0
U023219,0.0,0.0,15,1,0.0
U023220,0.0,0.0,26,1,0.0
U004373,0.0,0.0,16,1,0.0
U004372,0.0,0.0,30,1,0.0
U023223,0.0,0.0,17,1,0.0
U004371,0.0,0.0,17,1,0.0
U023225,0.0,0.0,20,1,0.0
U023226,0.0,0.0,8,1,0.0
U015108,0.0,0.0,18,1,0.0
U004370,0.0,0.0,25,1,0.0
U023229,0.0,0.0,28,1,0.0
U014854,0.0,0.0,30,1,0.0
U004367,0.0,0.0,23,1,0.0
U004363,0.0,0.0,9,1,0.0
U004362,0.0,0.0,22,1,0.0
U023234,0.0,0.0,12,1,0.0
U004361,0.0,0.0,13,1,0.0
U023236,0.0,0.0,13,1,0.0
U004360,0.0,0.0,27,1,0.0
U004352,0.0,0.0,17,1,0.0
U004349,0.0,0.0,8,1,0.0
U023240,0.0,0.0,3,1,0.0
U004348,0.0,0.0,17,1,0.0
U004347,0.0,0.0,29,1,0.0
U023243,0.0,0.0,18,1,0.0
U023244,0.0,0.0,24,1,0.0
U023246,0.0,0.0,23,1,0.0
U023247,0.0,0.0,28,1,0.0
U023248,0.0,0.0,9,1,0.0
U004344,0.0,0.0,12,1,0.0
U004342,0.0,0.0,16,1,0.0
U023251,0.0,0.0,5,1,0.0
U004341,0.0,0.0,11,1,0.0
U004338,0.0,0.0,22,1,0.0
U004336,0.0,0.0,25,1,0.0
U004334,0.0,0.0,23,1,0.0
U004331,0.0,0.0,24,1,0.0
U023257,0.0,0.0,25,1,0.0
U004329,0.0,0.0,15,1,0.0
U004328,0.0,0.0,11,1,0.0
U004327,0.0,0.0,23,1,0.0
U023261,0.0,0.0,18,1,0.0
U004324,0.0,0.0,17,1,0.0
U023263,0.0,0.0,28,1,0.0
U023265,0.0,0.0,7,1,0.0
U023266,0.0,0.0,8,1,0.0
U023267,0.0,0.0,13,1,0.0
U004321,0.0,0.0,8,1,0.0
U023269,0.0,0.0,17,1,0.0
U023270,0.0,0.0,16,1,0.0
U004320,0.0,0.0,18,1,0.0
U004319,0.0,0.0,14,1,0.0
U023273,0.0,0.0,19,1,0.0
U004318,0.0,0.0,6,1,0.0
U023275,0.0,0.0,15,1,0.0
U004314,0.0,0.0,4,1,0.0
U023277,0.0,0.0,2,1,0.0
U023278,0.0,0.0,26,1,0.0
U023279,0.0,0.0,14,1,0.0
U023280,0.0,0.0,20,1,0.0
U023281,0.0,0.0,25,1,0.0
U004312,0.0,0.0,30,1,0.0
U004308,0.0,0.0,31,1,0.0
U023284,0.0,0.0,11,1,0.0
U004305,0.0,0.0,21,1,0.0
U004304,0.0,0.0,3,1,0.0
U004303,0.0,0.0,27,1,0.0
U004302,0.0,0.0,16,1,0.0
U023289,0.0,0.0,22,1,0.0
U004301,0.0,0.0,16,1,0.0
U023291,0.0,0.0,13,1,0.0
U004297,0.0,0.0,6,1,0.0
U023293,0.0,0.0,5,1,0.0
U004293,0.0,0.0,24,1,0.0
U004290,0.0,0.0,8,1,0.0
U004289,0.0,0.0,19,1,0.0
U023298,0.0,0.0,4,1,0.0
U023299,0.0,0.0,21,1,0.0
U023301,0.0,0.0,3,1,0.0
U023302,0.0,0.0,5,1,0.0
U023303,0.0,0.0,26,1,0.0
U004286,0.0,0.0,13,1,0.0
U004283,0.0,0.0,14,1,0.0
U004279,0.0,0.0,22,1,0.0
U004278,0.0,0.0,19,1,0.0
U004277,0.0,0.0,18,1,0.0
U023309,0.0,0.0,5,1,0.0
U004273,0.0,0.0,25,1,0.0
U023311,0.0,0.0,27,1,0.0
U023313,0.0,0.0,12,1,0.0
U004271,0.0,0.0,17,1,0.0
U004268,0.0,0.0,17,1,0.0
U023316,0.0,0.0,30,1,0.0
U004261,0.0,0.0,29,1,0.0
U004259,0.0,0.0,29,1,0.0
U023319,0.0,0.0,10,1,0.0
U023320,0.0,0.0,12,1,0.0
U023322,0.0,0.0,11,1,0.0
U004256,0.0,0.0,9,1,0.0
U023324,0.0,0.0,15,1,0.0
U004254,0.0,0.0,20,1,0.0
U023326,0.0,0.0,16,1,0.0
U023327,0.0,0.0,3,1,0.0
U004253,0.0,0.0,29,1,0.0
U015110,0.0,0.0,7,1,0.0
U004252,0.0,0.0,2,1,0.0
U023332,0.0,0.0,25,1,0.0
U023333,0.0,0.0,12,1,0.0
U023334,0.0,0.0,25,1,0.0
U023336,0.0,0.0,30,1,0.0
U023337,0.0,0.0,19,1,0.0
U023338,0.0,0.0,13,1,0.0
U004246,0.0,0.0,23,1,0.0
U023341,0.0,0.0,30,1,0.0
U004245,0.0,0.0,19,1,0.0
U004241,0.0,0.0,2,1,0.0
U023345,0.0,0.0,4,1,0.0
U004239,0.0,0.0,2,1,0.0
U023348,0.0,0.0,21,1,0.0
U023350,0.0,0.0,20,1,0.0
U004234,0.0,0.0,27,1,0.0
U023352,0.0,0.0,20,1,0.0
U023353,0.0,0.0,17,1,0.0
U004233,0.0,0.0,19,1,0.0
U023355,0.0,0.0,18,1,0.0
U004232,0.0,0.0,26,1,0.0
U023357,0.0,0.0,5,1,0.0
U004230,0.0,0.0,10,1,0.0
U023359,0.0,0.0,15,1,0.0
U023360,0.0,0.0,26,1,0.0
U004229,0.0,0.0,5,1,0.0
U023362,0.0,0.0,15,1,0.0
U004228,0.0,0.0,25,1,0.0
U023364,0.0,0.0,18,1,0.0
U023365,0.0,0.0,23,1,0.0
U023366,0.0,0.0,5,1,0.0
U004224,0.0,0.0,4,1,0.0
U023368,0.0,0.0,30,1,0.0
U004219,0.0,0.0,7,1,0.0
U004218,0.0,0.0,13,1,0.0
U004217,0.0,0.0,20,1,0.0
U023372,0.0,0.0,11,1,0.0
U023373,0.0,0.0,30,1,0.0
U004213,0.0,0.0,22,1,0.0
U004212,0.0,0.0,3,1,0.0
U004210,0.0,0.0,11,1,0.0
U004209,0.0,0.0,9,1,0.0
U023378,0.0,0.0,24,1,0.0
U004208,0.0,0.0,12,1,0.0
U023380,0.0,0.0,24,1,0.0
U023381,0.0,0.0,3,1,0.0
U023382,0.0,0.0,2,1,0.0
U023383,0.0,0.0,21,1,0.0
U014849,0.0,0.0,10,1,0.0
U023385,0.0,0.0,2,1,0.0
U023386,0.0,0.0,2,1,0.0
U023387,0.0,0.0,22,1,0.0
U023388,0.0,0.0,27,1,0.0
U023389,0.0,0.0,12,1,0.0
U023390,0.0,0.0,10,1,0.0
U004206,0.0,0.0,22,1,0.0
U023393,0.0,0.0,20,1,0.0
U004203,0.0,0.0,17,1,0.0
U023396,0.0,0.0,25,1,0.0
U023397,0.0,0.0,5,1,0.0
U004202,0.0,0.0,2,1,0.0
U004201,0.0,0.0,21,1,0.0
U004197,0.0,0.0,15,1,0.0
U004190,0.0,0.0,16,1,0.0
U004189,0.0,0.0,27,1,0.0
U004187,0.0,0.0,11,1,0.0
U004183,0.0,0.0,2,1,0.0
U004181,0.0,0.0,12,1,0.0
U004178,0.0,0.0,28,1,0.0
U023409,0.0,0.0,26,1,0.0
U004175,0.0,0.0,20,1,0.0
U004174,0.0,0.0,25,1,0.0
U004172,0.0,0.0,5,1,0.0
U004171,0.0,0.0,21,1,0.0
U004166,0.0,0.0,14,1,0.0
U023415,0.0,0.0,23,1,0.0
U004165,0.0,0.0,14,1,0.0
U004164,0.0,0.0,3,1,0.0
U023418,0.0,0.0,9,1,0.0
U023421,0.0,0.0,17,1,0.0
U023422,0.0,0.0,28,1,0.0
U004161,0.0,0.0,11,1,0.0
U004160,0.0,0.0,22,1,0.0
U023425,0.0,0.0,7,1,0.0
U023426,0.0,0.0,12,1,0.0
U023427,0.0,0.0,4,1,0.0
U015112,0.0,0.0,16,1,0.0
U023429,0.0,0.0,11,1,0.0
U004159,0.0,0.0,15,1,0.0
U023431,0.0,0.0,22,1,0.0
U023432,0.0,0.0,31,1,0.0
U023433,0.0,0.0,23,1,0.0
U023434,0.0,0.0,7,1,0.0
U004158,0.0,0.0,29,1,0.0
U004156,0.0,0.0,26,1,0.0
U023437,0.0,0.0,14,1,0.0
U004153,0.0,0.0,25,1,0.0
U004144,0.0,0.0,31,1,0.0
U004143,0.0,0.0,19,1,0.0
U023442,0.0,0.0,8,1,0.0
U023443,0.0,0.0,25,1,0.0
U023444,0.0,0.0,2,1,0.0
U004141,0.0,0.0,17,1,0.0
U023446,0.0,0.0,17,1,0.0
U004136,0.0,0.0,23,1,0.0
U004135,0.0,0.0,6,1,0.0
U004134,0.0,0.0,29,1,0.0
U004133,0.0,0.0,19,1,0.0
U004132,0.0,0.0,27,1,0.0
U023452,0.0,0.0,16,1,0.0
U004131,0.0,0.0,18,1,0.0
U004128,0.0,0.0,10,1,0.0
U004122,0.0,0.0,31,1,0.0
U004118,0.0,0.0,11,1,0.0
U023457,0.0,0.0,4,1,0.0
U023458,0.0,0.0,27,1,0.0
U004116,0.0,0.0,19,1,0.0
U023460,0.0,0.0,22,1,0.0
U023461,0.0,0.0,12,1,0.0
U023462,0.0,0.0,5,1,0.0
U004114,0.0,0.0,12,1,0.0
U023464,0.0,0.0,24,1,0.0
U004113,0.0,0.0,3,1,0.0
U004111,0.0,0.0,3,1,0.0
U023467,0.0,0.0,4,1,0.0
U004109,0.0,0.0,11,1,0.0
U004105,0.0,0.0,6,1,0.0
U004104,0.0,0.0,28,1,0.0
U004103,0.0,0.0,12,1,0.0
U004102,0.0,0.0,4,1,0.0
U023473,0.0,0.0,11,1,0.0
U004098,0.0,0.0,30,1,0.0
U023475,0.0,0.0,25,1,0.0
U004097,0.0,0.0,29,1,0.0
U004096,0.0,0.0,6,1,0.0
U004095,0.0,0.0,2,1,0.0
U023479,0.0,0.0,25,1,0.0
U004092,0.0,0.0,20,1,0.0
U004090,0.0,0.0,9,1,0.0
U004088,0.0,0.0,31,1,0.0
U004087,0.0,0.0,18,1,0.0
U023486,0.0,0.0,25,1,0.0
U004085,0.0,0.0,25,1,0.0
U004082,0.0,0.0,2,1,0.0
U004079,0.0,0.0,9,1,0.0
U023491,0.0,0.0,13,1,0.0
U004078,0.0,0.0,8,1,0.0
U004071,0.0,0.0,5,1,0.0
U004066,0.0,0.0,29,1,0.0
U023495,0.0,0.0,8,1,0.0
U023496,0.0,0.0,9,1,0.0
U023497,0.0,0.0,12,1,0.0
U004064,0.0,0.0,30,1,0.0
U004063,0.0,0.0,5,1,0.0
U004061,0.0,0.0,4,1,0.0
U004059,0.0,0.0,27,1,0.0
U023502,0.0,0.0,5,1,0.0
U004057,0.0,0.0,16,1,0.0
U023504,0.0,0.0,13,1,0.0
U023505,0.0,0.0,9,1,0.0
U004055,0.0,0.0,22,1,0.0
U004054,0.0,0.0,7,1,0.0
U004053,0.0,0.0,4,1,0.0
U023509,0.0,0.0,27,1,0.0
U004052,0.0,0.0,31,1,0.0
U004050,0.0,0.0,25,1,0.0
U023512,0.0,0.0,9,1,0.0
U004048,0.0,0.0,7,1,0.0
U004047,0.0,0.0,18,1,0.0
U004043,0.0,0.0,9,1,0.0
U023516,0.0,0.0,7,1,0.0
U023517,0.0,0.0,4,1,0.0
U023518,0.0,0.0,8,1,0.0
U023519,0.0,0.0,12,1,0.0
U004038,0.0,0.0,12,1,0.0
U004037,0.0,0.0,17,1,0.0
U023522,0.0,0.0,23,1,0.0
U015113,0.0,0.0,9,1,0.0
U004033,0.0,0.0,30,1,0.0
U023525,0.0,0.0,5,1,0.0
U023526,0.0,0.0,18,1,0.0
U004031,0.0,0.0,24,1,0.0
U023529,0.0,0.0,4,1,0.0
U023530,0.0,0.0,4,1,0.0
U023531,0.0,0.0,13,1,0.0
U023532,0.0,0.0,25,1,0.0
U004030,0.0,0.0,4,1,0.0
U004028,0.0,0.0,15,1,0.0
U023535,0.0,0.0,30,1,0.0
U004017,0.0,0.0,25,1,0.0
U004013,0.0,0.0,28,1,0.0
U004012,0.0,0.0,15,1,0.0
U004010,0.0,0.0,23,1,0.0
U004009,0.0,0.0,16,1,0.0
U004005,0.0,0.0,24,1,0.0
U004004,0.0,0.0,28,1,0.0
U004000,0.0,0.0,12,1,0.0
U003998,0.0,0.0,17,1,0.0
U003995,0.0,0.0,27,1,0.0
U003991,0.0,0.0,9,1,0.0
U003987,0.0,0.0,6,1,0.0
U023548,0.0,0.0,19,1,0.0
U003985,0.0,0.0,5,1,0.0
U003984,0.0,0.0,21,1,0.0
U023551,0.0,0.0,31,1,0.0
U003980,0.0,0.0,6,1,0.0
U003978,0.0,0.0,5,1,0.0
U003977,0.0,0.0,14,1,0.0
U003975,0.0,0.0,27,1,0.0
U003974,0.0,0.0,12,1,0.0
U003972,0.0,0.0,14,1,0.0
U003969,0.0,0.0,4,1,0.0
U003966,0.0,0.0,29,1,0.0
U023560,0.0,0.0,20,1,0.0
U003964,0.0,0.0,27,1,0.0
U003963,0.0,0.0,7,1,0.0
U023563,0.0,0.0,26,1,0.0
U003961,0.0,0.0,26,1,0.0
U003959,0.0,0.0,26,1,0.0
U003958,0.0,0.0,5,1,0.0
U023567,0.0,0.0,28,1,0.0
U003956,0.0,0.0,2,1,0.0
U003954,0.0,0.0,12,1,0.0
U003953,0.0,0.0,23,1,0.0
U023571,0.0,0.0,5,1,0.0
U003952,0.0,0.0,14,1,0.0
U023573,0.0,0.0,23,1,0.0
U023574,0.0,0.0,14,1,0.0
U003949,0.0,0.0,22,1,0.0
U003945,0.0,0.0,27,1,0.0
U015002,0.0,0.0,23,1,0.0
U023578,0.0,0.0,5,1,0.0
U003941,0.0,0.0,6,1,0.0
U003939,0.0,0.0,21,1,0.0
U023581,0.0,0.0,2,1,0.0
U003938,0.0,0.0,25,1,0.0
U003936,0.0,0.0,23,1,0.0
U003933,0.0,0.0,5,1,0.0
U023585,0.0,0.0,10,1,0.0
U003932,0.0,0.0,30,1,0.0
U003927,0.0,0.0,5,1,0.0
U012188,0.0,0.0,30,1,0.0
U003926,0.0,0.0,17,1,0.0
U014841,0.0,0.0,15,1,0.0
U023591,0.0,0.0,11,1,0.0
U023592,0.0,0.0,21,1,0.0
U003923,0.0,0.0,4,1,0.0
U023594,0.0,0.0,17,1,0.0
U003918,0.0,0.0,16,1,0.0
U003917,0.0,0.0,22,1,0.0
U012186,0.0,0.0,21,1,0.0
U017156,0.0,0.0,23,1,0.0
U023599,0.0,0.0,10,1,0.0
U023600,0.0,0.0,22,1,0.0
U003913,0.0,0.0,13,1,0.0
U023602,0.0,0.0,22,1,0.0
U023603,0.0,0.0,31,1,0.0
U003912,0.0,0.0,10,1,0.0
U023605,0.0,0.0,11,1,0.0
U023606,0.0,0.0,7,1,0.0
U003911,0.0,0.0,28,1,0.0
U023608,0.0,0.0,20,1,0.0
U023609,0.0,0.0,5,1,0.0
U023610,0.0,0.0,28,1,0.0
U003909,0.0,0.0,3,1,0.0
U003904,0.0,0.0,15,1,0.0
U003900,0.0,0.0,4,1,0.0
U003899,0.0,0.0,18,1,0.0
U003898,0.0,0.0,27,1,0.0
U023616,0.0,0.0,28,1,0.0
U023617,0.0,0.0,29,1,0.0
U023618,0.0,0.0,12,1,0.0
U003895,0.0,0.0,16,1,0.0
U003889,0.0,0.0,26,1,0.0
U003888,0.0,0.0,12,1,0.0
U003887,0.0,0.0,16,1,0.0
U023623,0.0,0.0,12,1,0.0
U003885,0.0,0.0,13,1,0.0
U012185,0.0,0.0,10,1,0.0
U003883,0.0,0.0,16,1,0.0
U012184,0.0,0.0,30,1,0.0
U003878,0.0,0.0,9,1,0.0
U003877,0.0,0.0,22,1,0.0
U003876,0.0,0.0,2,1,0.0
U003874,0.0,0.0,3,1,0.0
U003873,0.0,0.0,16,1,0.0
U023633,0.0,0.0,11,1,0.0
U023634,0.0,0.0,27,1,0.0
U023635,0.0,0.0,26,1,0.0
U023636,0.0,0.0,27,1,0.0
U023637,0.0,0.0,10,1,0.0
U003869,0.0,0.0,12,1,0.0
U003866,0.0,0.0,31,1,0.0
U023640,0.0,0.0,25,1,0.0
U003864,0.0,0.0,30,1,0.0
U023642,0.0,0.0,17,1,0.0
U023643,0.0,0.0,23,1,0.0
U003862,0.0,0.0,1,1,0.0
U023645,0.0,0.0,19,1,0.0
U023646,0.0,0.0,20,1,0.0
U023647,0.0,0.0,6,1,0.0
U003861,0.0,0.0,8,1,0.0
U003858,0.0,0.0,25,1,0.0
U003855,0.0,0.0,13,1,0.0
U003854,0.0,0.0,3,1,0.0
U023652,0.0,0.0,25,1,0.0
U003852,0.0,0.0,29,1,0.0
U015116,0.0,0.0,21,1,0.0
U003851,0.0,0.0,8,1,0.0
U003849,0.0,0.0,24,1,0.0
U023657,0.0,0.0,25,1,0.0
U023658,0.0,0.0,5,1,0.0
U023659,0.0,0.0,12,1,0.0
U003847,0.0,0.0,6,1,0.0
U003844,0.0,0.0,6,1,0.0
U023662,0.0,0.0,5,1,0.0
U003842,0.0,0.0,8,1,0.0
U003840,0.0,0.0,27,1,0.0
U023665,0.0,0.0,31,1,0.0
U023666,0.0,0.0,28,1,0.0
U003837,0.0,0.0,29,1,0.0
U003834,0.0,0.0,27,1,0.0
U023669,0.0,0.0,7,1,0.0
U023670,0.0,0.0,20,1,0.0
U003828,0.0,0.0,26,1,0.0
U017159,0.0,0.0,29,1,0.0
U003817,0.0,0.0,13,1,0.0
U017160,0.0,0.0,24,1,0.0
U003815,0.0,0.0,31,1,0.0
U015117,0.0,0.0,12,1,0.0
U003814,0.0,0.0,20,1,0.0
U003811,0.0,0.0,30,1,0.0
U023679,0.0,0.0,12,1,0.0
U003809,0.0,0.0,7,1,0.0
U003806,0.0,0.0,5,1,0.0
U023682,0.0,0.0,29,1,0.0
U023683,0.0,0.0,6,1,0.0
U023684,0.0,0.0,18,1,0.0
U003805,0.0,0.0,17,1,0.0
U017161,0.0,0.0,12,1,0.0
U017162,0.0,0.0,22,1,0.0
U023688,0.0,0.0,11,1,0.0
U023689,0.0,0.0,9,1,0.0
U003804,0.0,0.0,6,1,0.0
U003801,0.0,0.0,1,1,0.0
U023692,0.0,0.0,2,1,0.0
U014838,0.0,0.0,21,1,0.0
U003800,0.0,0.0,4,1,0.0
U012182,0.0,0.0,27,1,0.0
U023696,0.0,0.0,20,1,0.0
U023697,0.0,0.0,17,1,0.0
U023698,0.0,0.0,16,1,0.0
U003798,0.0,0.0,12,1,0.0
U003797,0.0,0.0,2,1,0.0
U023701,0.0,0.0,12,1,0.0
U003795,0.0,0.0,30,1,0.0
U003792,0.0,0.0,28,1,0.0
U003791,0.0,0.0,27,1,0.0
U003790,0.0,0.0,19,1,0.0
U023706,0.0,0.0,11,1,0.0
U003784,0.0,0.0,2,1,0.0
U003780,0.0,0.0,15,1,0.0
U023709,0.0,0.0,18,1,0.0
U023710,0.0,0.0,19,1,0.0
U003779,0.0,0.0,24,1,0.0
U003778,0.0,0.0,12,1,0.0
U003777,0.0,0.0,25,1,0.0
U003776,0.0,0.0,23,1,0.0
U015119,0.0,0.0,4,1,0.0
U003773,0.0,0.0,5,1,0.0
U003772,0.0,0.0,29,1,0.0
U003768,0.0,0.0,25,1,0.0
U003767,0.0,0.0,13,1,0.0
U023720,0.0,0.0,17,1,0.0
U017164,0.0,0.0,20,1,0.0
U003762,0.0,0.0,6,1,0.0
U003761,0.0,0.0,4,1,0.0
U023724,0.0,0.0,29,1,0.0
U003760,0.0,0.0,13,1,0.0
U003759,0.0,0.0,3,1,0.0
U023727,0.0,0.0,21,1,0.0
U023728,0.0,0.0,20,1,0.0
U023729,0.0,0.0,8,1,0.0
U017165,0.0,0.0,30,1,0.0
U003755,0.0,0.0,9,1,0.0
U003754,0.0,0.0,27,1,0.0
U003753,0.0,0.0,11,1,0.0
U003749,0.0,0.0,16,1,0.0
U023735,0.0,0.0,8,1,0.0
U003747,0.0,0.0,3,1,0.0
U023737,0.0,0.0,17,1,0.0
U023738,0.0,0.0,20,1,0.0
U012181,0.0,0.0,3,1,0.0
U023740,0.0,0.0,2,1,0.0
U023741,0.0,0.0,25,1,0.0
U023742,0.0,0.0,18,1,0.0
U003740,0.0,0.0,4,1,0.0
U003736,0.0,0.0,20,1,0.0
U003735,0.0,0.0,1,1,0.0
U003729,0.0,0.0,26,1,0.0
U003727,0.0,0.0,19,1,0.0
U003726,0.0,0.0,10,1,0.0
U003725,0.0,0.0,22,1,0.0
U003723,0.0,0.0,26,1,0.0
U003720,0.0,0.0,14,1,0.0
U003718,0.0,0.0,7,1,0.0
U023753,0.0,0.0,24,1,0.0
U003709,0.0,0.0,4,1,0.0
U003708,0.0,0.0,14,1,0.0
U003706,0.0,0.0,17,1,0.0
U003704,0.0,0.0,31,1,0.0
U003703,0.0,0.0,19,1,0.0
U003702,0.0,0.0,20,1,0.0
U003701,0.0,0.0,9,1,0.0
U023761,0.0,0.0,22,1,0.0
U023762,0.0,0.0,17,1,0.0
U003700,0.0,0.0,14,1,0.0
U023764,0.0,0.0,24,1,0.0
U023765,0.0,0.0,29,1,0.0
U003699,0.0,0.0,31,1,0.0
U023767,0.0,0.0,3,1,0.0
U003694,0.0,0.0,21,1,0.0
U003690,0.0,0.0,6,1,0.0
U003689,0.0,0.0,2,1,0.0
U003687,0.0,0.0,5,1,0.0
U017167,0.0,0.0,24,1,0.0
U023773,0.0,0.0,23,1,0.0
U003682,0.0,0.0,20,1,0.0
U003681,0.0,0.0,8,1,0.0
U023776,0.0,0.0,23,1,0.0
U003680,0.0,0.0,26,1,0.0
U023778,0.0,0.0,2,1,0.0
U023779,0.0,0.0,9,1,0.0
U023780,0.0,0.0,28,1,0.0
U003676,0.0,0.0,24,1,0.0
U003675,0.0,0.0,18,1,0.0
U023783,0.0,0.0,21,1,0.0
U023784,0.0,0.0,13,1,0.0
U023785,0.0,0.0,3,1,0.0
U003674,0.0,0.0,23,1,0.0
U023787,0.0,0.0,24,1,0.0
U003673,0.0,0.0,23,1,0.0
U003671,0.0,0.0,17,1,0.0
U017168,0.0,0.0,13,1,0.0
U003665,0.0,0.0,19,1,0.0
U003664,0.0,0.0,24,1,0.0
U023793,0.0,0.0,1,1,0.0
U023794,0.0,0.0,25,1,0.0
U023795,0.0,0.0,16,1,0.0
U003663,0.0,0.0,21,1,0.0
U003661,0.0,0.0,9,1,0.0
U003657,0.0,0.0,10,1,0.0
U003656,0.0,0.0,15,1,0.0
U003653,0.0,0.0,2,1,0.0
U003652,0.0,0.0,5,1,0.0
U003650,0.0,0.0,22,1,0.0
U003649,0.0,0.0,23,1,0.0
U003648,0.0,0.0,18,1,0.0
U023805,0.0,0.0,10,1,0.0
U017169,0.0,0.0,15,1,0.0
U003643,0.0,0.0,20,1,0.0
U023808,0.0,0.0,30,1,0.0
U003642,0.0,0.0,2,1,0.0
U023810,0.0,0.0,12,1,0.0
U012180,0.0,0.0,22,1,0.0
U003640,0.0,0.0,26,1,0.0
U023813,0.0,0.0,1,1,0.0
U023814,0.0,0.0,13,1,0.0
U003637,0.0,0.0,8,1,0.0
U023816,0.0,0.0,17,1,0.0
U023817,0.0,0.0,21,1,0.0
U023818,0.0,0.0,7,1,0.0
U017171,0.0,0.0,27,1,0.0
U003634,0.0,0.0,25,1,0.0
U023821,0.0,0.0,22,1,0.0
U023822,0.0,0.0,15,1,0.0
U003633,0.0,0.0,7,1,0.0
U023824,0.0,0.0,22,1,0.0
U023825,0.0,0.0,1,1,0.0
U003632,0.0,0.0,23,1,0.0
U023827,0.0,0.0,22,1,0.0
U003630,0.0,0.0,3,1,0.0
U012177,0.0,0.0,2,1,0.0
U023830,0.0,0.0,8,1,0.0
U003627,0.0,0.0,5,1,0.0
U023832,0.0,0.0,13,1,0.0
U003625,0.0,0.0,19,1,0.0
U003624,0.0,0.0,20,1,0.0
U003622,0.0,0.0,7,1,0.0
U003620,0.0,0.0,6,1,0.0
U012174,0.0,0.0,4,1,0.0
U023838,0.0,0.0,10,1,0.0
U003618,0.0,0.0,16,1,0.0
U023840,0.0,0.0,29,1,0.0
U023841,0.0,0.0,18,1,0.0
U003615,0.0,0.0,26,1,0.0
U012172,0.0,0.0,26,1,0.0
U023844,0.0,0.0,22,1,0.0
U023845,0.0,0.0,9,1,0.0
U023846,0.0,0.0,9,1,0.0
U003613,0.0,0.0,22,1,0.0
U023848,0.0,0.0,20,1,0.0
U003610,0.0,0.0,7,1,0.0
U012169,0.0,0.0,2,1,0.0
U023851,0.0,0.0,22,1,0.0
U023852,0.0,0.0,15,1,0.0
U023853,0.0,0.0,3,1,0.0
U023854,0.0,0.0,9,1,0.0
U012164,0.0,0.0,21,1,0.0
U023856,0.0,0.0,20,1,0.0
U003603,0.0,0.0,5,1,0.0
U023858,0.0,0.0,5,1,0.0
U017177,0.0,0.0,18,1,0.0
U023860,0.0,0.0,12,1,0.0
U023861,0.0,0.0,16,1,0.0
U003602,0.0,0.0,9,1,0.0
U003600,0.0,0.0,27,1,0.0
U023864,0.0,0.0,2,1,0.0
U003594,0.0,0.0,19,1,0.0
U003592,0.0,0.0,25,1,0.0
U023867,0.0,0.0,29,1,0.0
U023868,0.0,0.0,24,1,0.0
U003590,0.0,0.0,19,1,0.0
U023870,0.0,0.0,22,1,0.0
U023871,0.0,0.0,28,1,0.0
U023872,0.0,0.0,17,1,0.0
U023873,0.0,0.0,10,1,0.0
U003589,0.0,0.0,13,1,0.0
U023875,0.0,0.0,21,1,0.0
U003586,0.0,0.0,9,1,0.0
U023877,0.0,0.0,30,1,0.0
U003583,0.0,0.0,12,1,0.0
U003580,0.0,0.0,22,1,0.0
U003579,0.0,0.0,16,1,0.0
U023881,0.0,0.0,15,1,0.0
U023882,0.0,0.0,15,1,0.0
U023883,0.0,0.0,13,1,0.0
U003578,0.0,0.0,23,1,0.0
U023885,0.0,0.0,12,1,0.0
U023886,0.0,0.0,3,1,0.0
U003577,0.0,0.0,4,1,0.0
U023888,0.0,0.0,28,1,0.0
U012162,0.0,0.0,12,1,0.0
U023890,0.0,0.0,31,1,0.0
U023891,0.0,0.0,20,1,0.0
U003566,0.0,0.0,6,1,0.0
U003565,0.0,0.0,26,1,0.0
U003562,0.0,0.0,5,1,0.0
U012158,0.0,0.0,27,1,0.0
U023896,0.0,0.0,27,1,0.0
U003557,0.0,0.0,15,1,0.0
U023898,0.0,0.0,31,1,0.0
U003551,0.0,0.0,11,1,0.0
U023900,0.0,0.0,3,1,0.0
U003548,0.0,0.0,12,1,0.0
U023902,0.0,0.0,9,1,0.0
U023903,0.0,0.0,27,1,0.0
U023904,0.0,0.0,21,1,0.0
U023905,0.0,0.0,17,1,0.0
U023906,0.0,0.0,13,1,0.0
U003547,0.0,0.0,26,1,0.0
U023908,0.0,0.0,5,1,0.0
U003546,0.0,0.0,8,1,0.0
U023910,0.0,0.0,4,1,0.0
U023911,0.0,0.0,9,1,0.0
U003543,0.0,0.0,16,1,0.0
U003542,0.0,0.0,21,1,0.0
U023914,0.0,0.0,3,1,0.0
U023915,0.0,0.0,12,1,0.0
U023916,0.0,0.0,8,1,0.0
U003541,0.0,0.0,25,1,0.0
U003535,0.0,0.0,21,1,0.0
U023919,0.0,0.0,19,1,0.0
U023920,0.0,0.0,20,1,0.0
U003534,0.0,0.0,21,1,0.0
U003530,0.0,0.0,2,1,0.0
U003529,0.0,0.0,26,1,0.0
U003524,0.0,0.0,12,1,0.0
U003522,0.0,0.0,19,1,0.0
U023926,0.0,0.0,15,1,0.0
U023927,0.0,0.0,27,1,0.0
U003519,0.0,0.0,14,1,0.0
U003516,0.0,0.0,23,1,0.0
U023930,0.0,0.0,27,1,0.0
U003511,0.0,0.0,8,1,0.0
U003510,0.0,0.0,15,1,0.0
U023933,0.0,0.0,6,1,0.0
U017180,0.0,0.0,27,1,0.0
U003508,0.0,0.0,13,1,0.0
U023936,0.0,0.0,7,1,0.0
U003507,0.0,0.0,9,1,0.0
U023938,0.0,0.0,26,1,0.0
U023939,0.0,0.0,8,1,0.0
U023940,0.0,0.0,6,1,0.0
U023941,0.0,0.0,16,1,0.0
U023942,0.0,0.0,1,1,0.0
U015120,0.0,0.0,25,1,0.0
U003506,0.0,0.0,24,1,0.0
U003505,0.0,0.0,14,1,0.0
U003504,0.0,0.0,19,1,0.0
U003502,0.0,0.0,22,1,0.0
U003501,0.0,0.0,23,1,0.0
U023949,0.0,0.0,6,1,0.0
U023950,0.0,0.0,18,1,0.0
U023951,0.0,0.0,16,1,0.0
U003499,0.0,0.0,26,1,0.0
U003496,0.0,0.0,8,1,0.0
U023954,0.0,0.0,11,1,0.0
U003493,0.0,0.0,24,1,0.0
U012156,0.0,0.0,5,1,0.0
U017183,0.0,0.0,21,1,0.0
U023958,0.0,0.0,20,1,0.0
U003487,0.0,0.0,19,1,0.0
U003484,0.0,0.0,30,1,0.0
U012153,0.0,0.0,4,1,0.0
U023962,0.0,0.0,14,1,0.0
U003481,0.0,0.0,15,1,0.0
U003480,0.0,0.0,20,1,0.0
U003477,0.0,0.0,7,1,0.0
U003475,0.0,0.0,19,1,0.0
U003474,0.0,0.0,26,1,0.0
U003472,0.0,0.0,4,1,0.0
U012150,0.0,0.0,17,1,0.0
U023970,0.0,0.0,10,1,0.0
U023971,0.0,0.0,10,1,0.0
U003470,0.0,0.0,6,1,0.0
U003468,0.0,0.0,26,1,0.0
U003466,0.0,0.0,25,1,0.0
U012147,0.0,0.0,11,1,0.0
U003464,0.0,0.0,22,1,0.0
U003458,0.0,0.0,13,1,0.0
U003453,0.0,0.0,10,1,0.0
U023979,0.0,0.0,27,1,0.0
U023980,0.0,0.0,20,1,0.0
U012145,0.0,0.0,11,1,0.0
U023982,0.0,0.0,10,1,0.0
U003450,0.0,0.0,24,1,0.0
U023984,0.0,0.0,2,1,0.0
U003448,0.0,0.0,24,1,0.0
U023986,0.0,0.0,26,1,0.0
U023987,0.0,0.0,17,1,0.0
U003441,0.0,0.0,18,1,0.0
U003434,0.0,0.0,3,1,0.0
U003431,0.0,0.0,9,1,0.0
U023991,0.0,0.0,6,1,0.0
U023992,0.0,0.0,2,1,0.0
U012144,0.0,0.0,21,1,0.0
U023994,0.0,0.0,8,1,0.0
U003429,0.0,0.0,5,1,0.0
U023996,0.0,0.0,3,1,0.0
U023997,0.0,0.0,31,1,0.0
U003428,0.0,0.0,17,1,0.0
U003424,0.0,0.0,2,1,0.0
U003423,0.0,0.0,21,1,0.0
U003422,0.0,0.0,2,1,0.0
U024002,0.0,0.0,18,1,0.0
U003410,0.0,0.0,12,1,0.0
U012140,0.0,0.0,13,1,0.0
U003408,0.0,0.0,27,1,0.0
U003407,0.0,0.0,13,1,0.0
U003406,0.0,0.0,22,1,0.0
U012138,0.0,0.0,25,1,0.0
U024009,0.0,0.0,7,1,0.0
U012136,0.0,0.0,20,1,0.0
U024011,0.0,0.0,4,1,0.0
U003399,0.0,0.0,11,1,0.0
U024013,0.0,0.0,17,1,0.0
U012132,0.0,0.0,23,1,0.0
U003394,0.0,0.0,4,1,0.0
U024016,0.0,0.0,16,1,0.0
U003393,0.0,0.0,15,1,0.0
U003392,0.0,0.0,28,1,0.0
U003391,0.0,0.0,28,1,0.0
U003390,0.0,0.0,7,1,0.0
U003381,0.0,0.0,7,1,0.0
U003380,0.0,0.0,19,1,0.0
U024023,0.0,0.0,28,1,0.0
U003377,0.0,0.0,16,1,0.0
U024025,0.0,0.0,15,1,0.0
U003374,0.0,0.0,15,1,0.0
U003373,0.0,0.0,27,1,0.0
U024028,0.0,0.0,2,1,0.0
U024029,0.0,0.0,19,1,0.0
U003372,0.0,0.0,7,1,0.0
U003367,0.0,0.0,17,1,0.0
U024032,0.0,0.0,4,1,0.0
U003366,0.0,0.0,29,1,0.0
U003363,0.0,0.0,30,1,0.0
U003361,0.0,0.0,3,1,0.0
U024036,0.0,0.0,26,1,0.0
U003360,0.0,0.0,9,1,0.0
U003356,0.0,0.0,8,1,0.0
U003355,0.0,0.0,20,1,0.0
U003353,0.0,0.0,30,1,0.0
U003351,0.0,0.0,13,1,0.0
U024042,0.0,0.0,8,1,0.0
U003350,0.0,0.0,2,1,0.0
U024044,0.0,0.0,14,1,0.0
U003349,0.0,0.0,18,1,0.0
U017194,0.0,0.0,24,1,0.0
U024047,0.0,0.0,23,1,0.0
U024048,0.0,0.0,30,1,0.0
U003344,0.0,0.0,11,1,0.0
U024050,0.0,0.0,27,1,0.0
U003342,0.0,0.0,18,1,0.0
U024052,0.0,0.0,28,1,0.0
U017195,0.0,0.0,12,1,0.0
U003337,0.0,0.0,29,1,0.0
U017196,0.0,0.0,13,1,0.0
U003333,0.0,0.0,27,1,0.0
U024057,0.0,0.0,19,1,0.0
U024058,0.0,0.0,8,1,0.0
U024059,0.0,0.0,6,1,0.0
U003327,0.0,0.0,4,1,0.0
U024061,0.0,0.0,17,1,0.0
U024062,0.0,0.0,24,1,0.0
U003321,0.0,0.0,2,1,0.0
U024064,0.0,0.0,29,1,0.0
U024065,0.0,0.0,15,1,0.0
U017197,0.0,0.0,20,1,0.0
U003320,0.0,0.0,3,1,0.0
U003319,0.0,0.0,11,1,0.0
U003318,0.0,0.0,12,1,0.0
U024070,0.0,0.0,28,1,0.0
U003315,0.0,0.0,15,1,0.0
U024072,0.0,0.0,12,1,0.0
U003314,0.0,0.0,8,1,0.0
U003312,0.0,0.0,15,1,0.0
U024075,0.0,0.0,3,1,0.0
U014836,0.0,0.0,24,1,0.0
U024077,0.0,0.0,11,1,0.0
U003308,0.0,0.0,26,1,0.0
U003305,0.0,0.0,2,1,0.0
U003304,0.0,0.0,15,1,0.0
U003303,0.0,0.0,15,1,0.0
U024082,0.0,0.0,27,1,0.0
U024083,0.0,0.0,4,1,0.0
U012131,0.0,0.0,19,1,0.0
U024085,0.0,0.0,8,1,0.0
U003295,0.0,0.0,12,1,0.0
U012129,0.0,0.0,19,1,0.0
U024088,0.0,0.0,29,1,0.0
U003287,0.0,0.0,11,1,0.0
U003285,0.0,0.0,13,1,0.0
U024091,0.0,0.0,28,1,0.0
U003281,0.0,0.0,6,1,0.0
U024093,0.0,0.0,24,1,0.0
U003278,0.0,0.0,22,1,0.0
U024095,0.0,0.0,28,1,0.0
U003277,0.0,0.0,4,1,0.0
U024097,0.0,0.0,18,1,0.0
U024098,0.0,0.0,29,1,0.0
U003276,0.0,0.0,6,1,0.0
U003274,0.0,0.0,17,1,0.0
U003273,0.0,0.0,26,1,0.0
U017200,0.0,0.0,12,1,0.0
U003272,0.0,0.0,21,1,0.0
U003268,0.0,0.0,19,1,0.0
U017201,0.0,0.0,26,1,0.0
U024106,0.0,0.0,27,1,0.0
U003262,0.0,0.0,3,1,0.0
U003260,0.0,0.0,18,1,0.0
U003259,0.0,0.0,28,1,0.0
U024110,0.0,0.0,18,1,0.0
U024111,0.0,0.0,24,1,0.0
U003258,0.0,0.0,19,1,0.0
U003255,0.0,0.0,6,1,0.0
U003253,0.0,0.0,10,1,0.0
U024115,0.0,0.0,10,1,0.0
U003251,0.0,0.0,8,1,0.0
U024117,0.0,0.0,1,1,0.0
U024118,0.0,0.0,24,1,0.0
U024119,0.0,0.0,2,1,0.0
U003249,0.0,0.0,26,1,0.0
U003246,0.0,0.0,8,1,0.0
U003245,0.0,0.0,26,1,0.0
U024123,0.0,0.0,23,1,0.0
U003243,0.0,0.0,6,1,0.0
U003242,0.0,0.0,7,1,0.0
U024126,0.0,0.0,6,1,0.0
U003239,0.0,0.0,13,1,0.0
U003234,0.0,0.0,14,1,0.0
U024129,0.0,0.0,16,1,0.0
U024130,0.0,0.0,7,1,0.0
U024131,0.0,0.0,15,1,0.0
U003231,0.0,0.0,9,1,0.0
U024133,0.0,0.0,31,1,0.0
U024134,0.0,0.0,12,1,0.0
U003226,0.0,0.0,7,1,0.0
U012125,0.0,0.0,2,1,0.0
U024137,0.0,0.0,21,1,0.0
U024138,0.0,0.0,13,1,0.0
U012119,0.0,0.0,9,1,0.0
U024140,0.0,0.0,17,1,0.0
U003225,0.0,0.0,4,1,0.0
U003223,0.0,0.0,26,1,0.0
U024143,0.0,0.0,28,1,0.0
U024144,0.0,0.0,27,1,0.0
U024145,0.0,0.0,24,1,0.0
U003221,0.0,0.0,30,1,0.0
U003216,0.0,0.0,30,1,0.0
U003211,0.0,0.0,7,1,0.0
U003206,0.0,0.0,11,1,0.0
U003204,0.0,0.0,11,1,0.0
U003203,0.0,0.0,17,1,0.0
U003201,0.0,0.0,26,1,0.0
U024153,0.0,0.0,8,1,0.0
U024154,0.0,0.0,12,1,0.0
U024155,0.0,0.0,8,1,0.0
U012118,0.0,0.0,7,1,0.0
U012115,0.0,0.0,2,1,0.0
U024158,0.0,0.0,10,1,0.0
U003192,0.0,0.0,26,1,0.0
U003191,0.0,0.0,26,1,0.0
U003190,0.0,0.0,3,1,0.0
U024162,0.0,0.0,27,1,0.0
U003189,0.0,0.0,22,1,0.0
U003188,0.0,0.0,28,1,0.0
U003187,0.0,0.0,16,1,0.0
U003186,0.0,0.0,27,1,0.0
U024167,0.0,0.0,26,1,0.0
U024168,0.0,0.0,28,1,0.0
U024169,0.0,0.0,14,1,0.0
U003184,0.0,0.0,30,1,0.0
U024171,0.0,0.0,29,1,0.0
U003178,0.0,0.0,11,1,0.0
U003177,0.0,0.0,2,1,0.0
U017206,0.0,0.0,10,1,0.0
U003175,0.0,0.0,6,1,0.0
U003172,0.0,0.0,9,1,0.0
U024177,0.0,0.0,24,1,0.0
U024178,0.0,0.0,3,1,0.0
U024179,0.0,0.0,31,1,0.0
U024180,0.0,0.0,9,1,0.0
U024181,0.0,0.0,18,1,0.0
U003171,0.0,0.0,20,1,0.0
U003170,0.0,0.0,22,1,0.0
U003168,0.0,0.0,7,1,0.0
U003165,0.0,0.0,26,1,0.0
U024186,0.0,0.0,20,1,0.0
U024187,0.0,0.0,21,1,0.0
U003161,0.0,0.0,18,1,0.0
U024189,0.0,0.0,27,1,0.0
U003160,0.0,0.0,7,1,0.0
U024191,0.0,0.0,5,1,0.0
U003157,0.0,0.0,17,1,0.0
U024193,0.0,0.0,4,1,0.0
U012114,0.0,0.0,12,1,0.0
U015122,0.0,0.0,18,1,0.0
U003155,0.0,0.0,26,1,0.0
U024197,0.0,0.0,6,1,0.0
U024198,0.0,0.0,19,1,0.0
U003154,0.0,0.0,19,1,0.0
U003153,0.0,0.0,30,1,0.0
U012113,0.0,0.0,28,1,0.0
U003150,0.0,0.0,17,1,0.0
U003144,0.0,0.0,30,1,0.0
U024204,0.0,0.0,31,1,0.0
U003143,0.0,0.0,25,1,0.0
U024206,0.0,0.0,29,1,0.0
U003141,0.0,0.0,26,1,0.0
U024208,0.0,0.0,30,1,0.0
U003139,0.0,0.0,13,1,0.0
U024210,0.0,0.0,30,1,0.0
U003131,0.0,0.0,19,1,0.0
U003130,0.0,0.0,4,1,0.0
U024213,0.0,0.0,23,1,0.0
U003128,0.0,0.0,4,1,0.0
U003124,0.0,0.0,20,1,0.0
U024216,0.0,0.0,18,1,0.0
U003123,0.0,0.0,5,1,0.0
U003121,0.0,0.0,17,1,0.0
U024219,0.0,0.0,8,1,0.0
U003117,0.0,0.0,15,1,0.0
U003114,0.0,0.0,22,1,0.0
U003113,0.0,0.0,31,1,0.0
U024223,0.0,0.0,30,1,0.0
U003111,0.0,0.0,23,1,0.0
U003109,0.0,0.0,20,1,0.0
U003108,0.0,0.0,29,1,0.0
U003106,0.0,0.0,8,1,0.0
U024228,0.0,0.0,30,1,0.0
U024229,0.0,0.0,7,1,0.0
U003105,0.0,0.0,31,1,0.0
U024231,0.0,0.0,26,1,0.0
U024232,0.0,0.0,11,1,0.0
U017209,0.0,0.0,27,1,0.0
U014835,0.0,0.0,9,1,0.0
U003104,0.0,0.0,19,1,0.0
U003103,0.0,0.0,14,1,0.0
U003102,0.0,0.0,15,1,0.0
U003097,0.0,0.0,12,1,0.0
U003096,0.0,0.0,25,1,0.0
U003094,0.0,0.0,16,1,0.0
U024241,0.0,0.0,22,1,0.0
U024242,0.0,0.0,23,1,0.0
U024243,0.0,0.0,10,1,0.0
U017210,0.0,0.0,26,1,0.0
U012110,0.0,0.0,16,1,0.0
U024246,0.0,0.0,26,1,0.0
U003089,0.0,0.0,7,1,0.0
U003085,0.0,0.0,11,1,0.0
U024249,0.0,0.0,1,1,0.0
U003084,0.0,0.0,4,1,0.0
U003073,0.0,0.0,3,1,0.0
U024252,0.0,0.0,3,1,0.0
U003068,0.0,0.0,11,1,0.0
U014943,0.0,0.0,22,1,0.0
U003066,0.0,0.0,14,1,0.0
U024256,0.0,0.0,26,1,0.0
U003064,0.0,0.0,6,1,0.0
U024258,0.0,0.0,5,1,0.0
U024259,0.0,0.0,31,1,0.0
U003063,0.0,0.0,2,1,0.0
U024261,0.0,0.0,17,1,0.0
U003062,0.0,0.0,21,1,0.0
U003059,0.0,0.0,7,1,0.0
U003058,0.0,0.0,8,1,0.0
U024265,0.0,0.0,25,1,0.0
U003057,0.0,0.0,26,1,0.0
U024267,0.0,0.0,19,1,0.0
U003056,0.0,0.0,15,1,0.0
U003054,0.0,0.0,7,1,0.0
U003050,0.0,0.0,30,1,0.0
U003049,0.0,0.0,8,1,0.0
U003047,0.0,0.0,29,1,0.0
U015124,0.0,0.0,27,1,0.0
U003045,0.0,0.0,6,1,0.0
U003044,0.0,0.0,9,1,0.0
U017213,0.0,0.0,12,1,0.0
U003039,0.0,0.0,24,1,0.0
U003036,0.0,0.0,2,1,0.0
U024279,0.0,0.0,3,1,0.0
U003034,0.0,0.0,30,1,0.0
U024281,0.0,0.0,8,1,0.0
U003033,0.0,0.0,18,1,0.0
U024283,0.0,0.0,8,1,0.0
U003031,0.0,0.0,27,1,0.0
U003030,0.0,0.0,7,1,0.0
U003028,0.0,0.0,8,1,0.0
U024287,0.0,0.0,13,1,0.0
U003025,0.0,0.0,23,1,0.0
U012109,0.0,0.0,16,1,0.0
U003021,0.0,0.0,18,1,0.0
U003019,0.0,0.0,1,1,0.0
U003018,0.0,0.0,9,1,0.0
U024293,0.0,0.0,28,1,0.0
U024294,0.0,0.0,28,1,0.0
U003017,0.0,0.0,25,1,0.0
U003016,0.0,0.0,15,1,0.0
U003015,0.0,0.0,3,1,0.0
U003014,0.0,0.0,21,1,0.0
U003013,0.0,0.0,27,1,0.0
U017215,0.0,0.0,12,1,0.0
U003008,0.0,0.0,4,1,0.0
U024302,0.0,0.0,17,1,0.0
U024303,0.0,0.0,9,1,0.0
U024304,0.0,0.0,18,1,0.0
U003007,0.0,0.0,7,1,0.0
U003005,0.0,0.0,27,1,0.0
U024307,0.0,0.0,8,1,0.0
U024308,0.0,0.0,24,1,0.0
U024309,0.0,0.0,28,1,0.0
U003004,0.0,0.0,27,1,0.0
U024311,0.0,0.0,4,1,0.0
U003003,0.0,0.0,2,1,0.0
U024313,0.0,0.0,7,1,0.0
U002999,0.0,0.0,2,1,0.0
U002996,0.0,0.0,13,1,0.0
U002992,0.0,0.0,11,1,0.0
U002990,0.0,0.0,29,1,0.0
U024318,0.0,0.0,15,1,0.0
U002988,0.0,0.0,13,1,0.0
U002987,0.0,0.0,9,1,0.0
U002986,0.0,0.0,8,1,0.0
U012108,0.0,0.0,29,1,0.0
U002985,0.0,0.0,15,1,0.0
U002984,0.0,0.0,20,1,0.0
U002983,0.0,0.0,18,1,0.0
U002981,0.0,0.0,17,1,0.0
U024327,0.0,0.0,12,1,0.0
U024328,0.0,0.0,13,1,0.0
U002976,0.0,0.0,22,1,0.0
U024330,0.0,0.0,31,1,0.0
U002975,0.0,0.0,25,1,0.0
U002972,0.0,0.0,23,1,0.0
U024333,0.0,0.0,11,1,0.0
U002969,0.0,0.0,10,1,0.0
U002967,0.0,0.0,5,1,0.0
U024336,0.0,0.0,21,1,0.0
U002963,0.0,0.0,11,1,0.0
U002962,0.0,0.0,16,1,0.0
U024339,0.0,0.0,8,1,0.0
U002957,0.0,0.0,2,1,0.0
U024341,0.0,0.0,27,1,0.0
U002956,0.0,0.0,19,1,0.0
U024343,0.0,0.0,31,1,0.0
U002953,0.0,0.0,11,1,0.0
U024345,0.0,0.0,14,1,0.0
U002951,0.0,0.0,12,1,0.0
U024347,0.0,0.0,13,1,0.0
U024348,0.0,0.0,11,1,0.0
U002947,0.0,0.0,15,1,0.0
U024350,0.0,0.0,22,1,0.0
U002942,0.0,0.0,17,1,0.0
U002940,0.0,0.0,17,1,0.0
U012107,0.0,0.0,27,1,0.0
U024354,0.0,0.0,24,1,0.0
U002938,0.0,0.0,17,1,0.0
U024356,0.0,0.0,30,1,0.0
U002935,0.0,0.0,15,1,0.0
U024358,0.0,0.0,4,1,0.0
U024359,0.0,0.0,14,1,0.0
U002934,0.0,0.0,30,1,0.0
U002933,0.0,0.0,9,1,0.0
U024362,0.0,0.0,3,1,0.0
U002931,0.0,0.0,18,1,0.0
U017218,0.0,0.0,21,1,0.0
U017219,0.0,0.0,20,1,0.0
U024366,0.0,0.0,30,1,0.0
U002928,0.0,0.0,19,1,0.0
U024368,0.0,0.0,26,1,0.0
U002926,0.0,0.0,19,1,0.0
U002923,0.0,0.0,7,1,0.0
U002922,0.0,0.0,31,1,0.0
U002921,0.0,0.0,15,1,0.0
U002920,0.0,0.0,18,1,0.0
U002919,0.0,0.0,4,1,0.0
U002915,0.0,0.0,16,1,0.0
U002914,0.0,0.0,30,1,0.0
U002913,0.0,0.0,29,1,0.0
U024378,0.0,0.0,22,1,0.0
U024379,0.0,0.0,4,1,0.0
U002912,0.0,0.0,23,1,0.0
U024381,0.0,0.0,20,1,0.0
U002911,0.0,0.0,30,1,0.0
U024383,0.0,0.0,13,1,0.0
U024384,0.0,0.0,24,1,0.0
U024385,0.0,0.0,17,1,0.0
U002908,0.0,0.0,6,1,0.0
U002907,0.0,0.0,22,1,0.0
U024388,0.0,0.0,22,1,0.0
U002905,0.0,0.0,23,1,0.0
U002898,0.0,0.0,2,1,0.0
U002897,0.0,0.0,19,1,0.0
U024392,0.0,0.0,31,1,0.0
U002896,0.0,0.0,21,1,0.0
U002895,0.0,0.0,6,1,0.0
U002890,0.0,0.0,5,1,0.0
U024396,0.0,0.0,7,1,0.0
U024397,0.0,0.0,19,1,0.0
U002889,0.0,0.0,4,1,0.0
U017220,0.0,0.0,12,1,0.0
U002886,0.0,0.0,14,1,0.0
U002885,0.0,0.0,3,1,0.0
U002883,0.0,0.0,6,1,0.0
U012105,0.0,0.0,3,1,0.0
U002881,0.0,0.0,2,1,0.0
U024405,0.0,0.0,7,1,0.0
U024406,0.0,0.0,10,1,0.0
U024407,0.0,0.0,17,1,0.0
U002878,0.0,0.0,28,1,0.0
U024409,0.0,0.0,16,1,0.0
U024410,0.0,0.0,7,1,0.0
U014834,0.0,0.0,29,1,0.0
U024412,0.0,0.0,9,1,0.0
U002877,0.0,0.0,20,1,0.0
U024414,0.0,0.0,28,1,0.0
U002876,0.0,0.0,28,1,0.0
U024416,0.0,0.0,17,1,0.0
U024417,0.0,0.0,30,1,0.0
U024418,0.0,0.0,26,1,0.0
U024419,0.0,0.0,2,1,0.0
U002870,0.0,0.0,18,1,0.0
U002869,0.0,0.0,25,1,0.0
U002868,0.0,0.0,12,1,0.0
U024423,0.0,0.0,16,1,0.0
U002866,0.0,0.0,26,1,0.0
U002861,0.0,0.0,6,1,0.0
U012104,0.0,0.0,12,1,0.0
U024427,0.0,0.0,28,1,0.0
U002850,0.0,0.0,19,1,0.0
U024429,0.0,0.0,7,1,0.0
U024430,0.0,0.0,5,1,0.0
U024431,0.0,0.0,5,1,0.0
U002848,0.0,0.0,21,1,0.0
U002847,0.0,0.0,22,1,0.0
U002845,0.0,0.0,27,1,0.0
U024435,0.0,0.0,3,1,0.0
U024436,0.0,0.0,14,1,0.0
U002844,0.0,0.0,22,1,0.0
U002843,0.0,0.0,13,1,0.0
U002842,0.0,0.0,12,1,0.0
U024440,0.0,0.0,27,1,0.0
U002839,0.0,0.0,23,1,0.0
U017223,0.0,0.0,23,1,0.0
U024443,0.0,0.0,30,1,0.0
U002837,0.0,0.0,12,1,0.0
U024445,0.0,0.0,28,1,0.0
U024446,0.0,0.0,5,1,0.0
U024447,0.0,0.0,6,1,0.0
U002835,0.0,0.0,11,1,0.0
U024449,0.0,0.0,16,1,0.0
U024450,0.0,0.0,29,1,0.0
U002834,0.0,0.0,14,1,0.0
U002832,0.0,0.0,15,1,0.0
U024453,0.0,0.0,21,1,0.0
U002829,0.0,0.0,10,1,0.0
U014832,0.0,0.0,8,1,0.0
U002828,0.0,0.0,17,1,0.0
U002827,0.0,0.0,30,1,0.0
U017224,0.0,0.0,7,1,0.0
U002821,0.0,0.0,14,1,0.0
U002820,0.0,0.0,17,1,0.0
U002819,0.0,0.0,21,1,0.0
U024462,0.0,0.0,30,1,0.0
U002816,0.0,0.0,12,1,0.0
U024464,0.0,0.0,10,1,0.0
U002814,0.0,0.0,11,1,0.0
U017225,0.0,0.0,29,1,0.0
U002812,0.0,0.0,18,1,0.0
U024468,0.0,0.0,9,1,0.0
U002809,0.0,0.0,12,1,0.0
U002807,0.0,0.0,10,1,0.0
U015127,0.0,0.0,29,1,0.0
U002805,0.0,0.0,28,1,0.0
U002801,0.0,0.0,23,1,0.0
U024474,0.0,0.0,2,1,0.0
U024475,0.0,0.0,5,1,0.0
U024476,0.0,0.0,2,1,0.0
U002798,0.0,0.0,22,1,0.0
U012101,0.0,0.0,27,1,0.0
U002797,0.0,0.0,22,1,0.0
U002796,0.0,0.0,17,1,0.0
U002790,0.0,0.0,18,1,0.0
U002788,0.0,0.0,20,1,0.0
U002786,0.0,0.0,7,1,0.0
U002783,0.0,0.0,18,1,0.0
U024485,0.0,0.0,2,1,0.0
U002782,0.0,0.0,17,1,0.0
U002780,0.0,0.0,25,1,0.0
U002779,0.0,0.0,27,1,0.0
U002778,0.0,0.0,13,1,0.0
U002776,0.0,0.0,20,1,0.0
U002773,0.0,0.0,3,1,0.0
U002771,0.0,0.0,13,1,0.0
U024493,0.0,0.0,12,1,0.0
U024494,0.0,0.0,18,1,0.0
U002770,0.0,0.0,7,1,0.0
U002767,0.0,0.0,8,1,0.0
U024497,0.0,0.0,3,1,0.0
U024498,0.0,0.0,13,1,0.0
U012100,0.0,0.0,25,1,0.0
U014828,0.0,0.0,28,1,0.0
U024501,0.0,0.0,25,1,0.0
U002760,0.0,0.0,4,1,0.0
U002757,0.0,0.0,16,1,0.0
U002756,0.0,0.0,9,1,0.0
U002754,0.0,0.0,4,1,0.0
U024506,0.0,0.0,10,1,0.0
U002752,0.0,0.0,3,1,0.0
U002751,0.0,0.0,5,1,0.0
U024509,0.0,0.0,27,1,0.0
U002749,0.0,0.0,30,1,0.0
U002746,0.0,0.0,17,1,0.0
U002743,0.0,0.0,14,1,0.0
U024513,0.0,0.0,25,1,0.0
U024514,0.0,0.0,15,1,0.0
U002742,0.0,0.0,18,1,0.0
U002737,0.0,0.0,31,1,0.0
U002733,0.0,0.0,12,1,0.0
U002732,0.0,0.0,2,1,0.0
U017228,0.0,0.0,2,1,0.0
U024520,0.0,0.0,6,1,0.0
U002729,0.0,0.0,14,1,0.0
U024522,0.0,0.0,7,1,0.0
U002727,0.0,0.0,18,1,0.0
U012097,0.0,0.0,2,1,0.0
U024525,0.0,0.0,22,1,0.0
U002724,0.0,0.0,25,1,0.0
U002722,0.0,0.0,23,1,0.0
U024528,0.0,0.0,16,1,0.0
U002718,0.0,0.0,20,1,0.0
U002714,0.0,0.0,28,1,0.0
U024531,0.0,0.0,14,1,0.0
U012093,0.0,0.0,13,1,0.0
U002706,0.0,0.0,18,1,0.0
U002704,0.0,0.0,4,1,0.0
U002702,0.0,0.0,20,1,0.0
U024536,0.0,0.0,27,1,0.0
U002701,0.0,0.0,27,1,0.0
U002700,0.0,0.0,10,1,0.0
U002696,0.0,0.0,23,1,0.0
U002695,0.0,0.0,28,1,0.0
U002690,0.0,0.0,6,1,0.0
U024542,0.0,0.0,15,1,0.0
U002689,0.0,0.0,12,1,0.0
U024544,0.0,0.0,3,1,0.0
U002685,0.0,0.0,16,1,0.0
U024546,0.0,0.0,23,1,0.0
U024547,0.0,0.0,19,1,0.0
U002684,0.0,0.0,17,1,0.0
U024549,0.0,0.0,25,1,0.0
U002681,0.0,0.0,4,1,0.0
U002675,0.0,0.0,11,1,0.0
U002674,0.0,0.0,17,1,0.0
U002673,0.0,0.0,16,1,0.0
U024554,0.0,0.0,12,1,0.0
U002670,0.0,0.0,30,1,0.0
U024556,0.0,0.0,5,1,0.0
U024557,0.0,0.0,11,1,0.0
U024558,0.0,0.0,8,1,0.0
U024559,0.0,0.0,11,1,0.0
U002666,0.0,0.0,30,1,0.0
U002665,0.0,0.0,3,1,0.0
U002664,0.0,0.0,11,1,0.0
U002656,0.0,0.0,21,1,0.0
U002655,0.0,0.0,27,1,0.0
U002652,0.0,0.0,7,1,0.0
U002651,0.0,0.0,2,1,0.0
U002649,0.0,0.0,20,1,0.0
U024568,0.0,0.0,17,1,0.0
U024569,0.0,0.0,25,1,0.0
U002648,0.0,0.0,4,1,0.0
U024571,0.0,0.0,18,1,0.0
U024572,0.0,0.0,11,1,0.0
U024573,0.0,0.0,14,1,0.0
U002647,0.0,0.0,22,1,0.0
U024575,0.0,0.0,14,1,0.0
U002643,0.0,0.0,8,1,0.0
U002640,0.0,0.0,20,1,0.0
U024578,0.0,0.0,12,1,0.0
U024579,0.0,0.0,12,1,0.0
U002639,0.0,0.0,28,1,0.0
U002637,0.0,0.0,2,1,0.0
U024582,0.0,0.0,29,1,0.0
U024583,0.0,0.0,7,1,0.0
U002635,0.0,0.0,26,1,0.0
U017231,0.0,0.0,23,1,0.0
U002632,0.0,0.0,9,1,0.0
U024587,0.0,0.0,29,1,0.0
U024588,0.0,0.0,1,1,0.0
U024589,0.0,0.0,5,1,0.0
U024590,0.0,0.0,27,1,0.0
U002629,0.0,0.0,21,1,0.0
U002628,0.0,0.0,31,1,0.0
U012088,0.0,0.0,22,1,0.0
U024594,0.0,0.0,24,1,0.0
U002624,0.0,0.0,18,1,0.0
U002623,0.0,0.0,18,1,0.0
U002622,0.0,0.0,29,1,0.0
U002621,0.0,0.0,19,1,0.0
U012081,0.0,0.0,30,1,0.0
U002617,0.0,0.0,12,1,0.0
U002610,0.0,0.0,27,1,0.0
U002603,0.0,0.0,7,1,0.0
U002601,0.0,0.0,31,1,0.0
U024604,0.0,0.0,4,1,0.0
U002600,0.0,0.0,6,1,0.0
U024606,0.0,0.0,12,1,0.0
U024607,0.0,0.0,18,1,0.0
U002598,0.0,0.0,18,1,0.0
U012076,0.0,0.0,10,1,0.0
U002595,0.0,0.0,3,1,0.0
U024611,0.0,0.0,21,1,0.0
U014824,0.0,0.0,7,1,0.0
U002588,0.0,0.0,11,1,0.0
U012075,0.0,0.0,5,1,0.0
U024615,0.0,0.0,9,1,0.0
U024616,0.0,0.0,5,1,0.0
U002587,0.0,0.0,9,1,0.0
U012073,0.0,0.0,3,1,0.0
U024619,0.0,0.0,10,1,0.0
U002580,0.0,0.0,7,1,0.0
U002577,0.0,0.0,20,1,0.0
U024622,0.0,0.0,15,1,0.0
U002574,0.0,0.0,23,1,0.0
U002573,0.0,0.0,12,1,0.0
U014822,0.0,0.0,19,1,0.0
U024626,0.0,0.0,29,1,0.0
U002570,0.0,0.0,12,1,0.0
U002568,0.0,0.0,29,1,0.0
U012071,0.0,0.0,26,1,0.0
U024630,0.0,0.0,19,1,0.0
U002566,0.0,0.0,5,1,0.0
U024632,0.0,0.0,3,1,0.0
U002565,0.0,0.0,18,1,0.0
U002564,0.0,0.0,29,1,0.0
U024635,0.0,0.0,13,1,0.0
U024636,0.0,0.0,8,1,0.0
U017238,0.0,0.0,7,1,0.0
U002561,0.0,0.0,23,1,0.0
U014821,0.0,0.0,6,1,0.0
U002560,0.0,0.0,24,1,0.0
U002558,0.0,0.0,10,1,0.0
U002557,0.0,0.0,19,1,0.0
U002555,0.0,0.0,5,1,0.0
U024644,0.0,0.0,23,1,0.0
U002554,0.0,0.0,24,1,0.0
U002553,0.0,0.0,2,1,0.0
U002551,0.0,0.0,30,1,0.0
U012070,0.0,0.0,18,1,0.0
U024649,0.0,0.0,7,1,0.0
U024650,0.0,0.0,30,1,0.0
U024651,0.0,0.0,14,1,0.0
U002544,0.0,0.0,30,1,0.0
U024653,0.0,0.0,22,1,0.0
U017240,0.0,0.0,6,1,0.0
U002542,0.0,0.0,17,1,0.0
U002539,0.0,0.0,25,1,0.0
U002538,0.0,0.0,12,1,0.0
U002535,0.0,0.0,30,1,0.0
U002529,0.0,0.0,2,1,0.0
U024660,0.0,0.0,29,1,0.0
U024661,0.0,0.0,25,1,0.0
U002528,0.0,0.0,6,1,0.0
U002526,0.0,0.0,7,1,0.0
U024664,0.0,0.0,11,1,0.0
U002522,0.0,0.0,19,1,0.0
U024666,0.0,0.0,18,1,0.0
U012068,0.0,0.0,25,1,0.0
U002518,0.0,0.0,26,1,0.0
U002516,0.0,0.0,6,1,0.0
U024670,0.0,0.0,31,1,0.0
U002515,0.0,0.0,30,1,0.0
U024672,0.0,0.0,15,1,0.0
U024673,0.0,0.0,5,1,0.0
U002513,0.0,0.0,9,1,0.0
U024675,0.0,0.0,5,1,0.0
U002512,0.0,0.0,9,1,0.0
U002511,0.0,0.0,11,1,0.0
U024678,0.0,0.0,28,1,0.0
U024679,0.0,0.0,26,1,0.0
U002509,0.0,0.0,8,1,0.0
U012067,0.0,0.0,30,1,0.0
U002505,0.0,0.0,18,1,0.0
U002503,0.0,0.0,8,1,0.0
U002502,0.0,0.0,24,1,0.0
U002500,0.0,0.0,10,1,0.0
U002497,0.0,0.0,14,1,0.0
U024687,0.0,0.0,12,1,0.0
U012065,0.0,0.0,9,1,0.0
U002496,0.0,0.0,10,1,0.0
U002491,0.0,0.0,8,1,0.0
U002490,0.0,0.0,7,1,0.0
U024692,0.0,0.0,17,1,0.0
U024693,0.0,0.0,6,1,0.0
U002489,0.0,0.0,15,1,0.0
U002488,0.0,0.0,14,1,0.0
U002487,0.0,0.0,18,1,0.0
U002484,0.0,0.0,4,1,0.0
U024698,0.0,0.0,17,1,0.0
U002483,0.0,0.0,20,1,0.0
U002482,0.0,0.0,16,1,0.0
U002479,0.0,0.0,17,1,0.0
U024702,0.0,0.0,21,1,0.0
U024703,0.0,0.0,4,1,0.0
U024704,0.0,0.0,20,1,0.0
U002477,0.0,0.0,1,1,0.0
U002472,0.0,0.0,21,1,0.0
U002468,0.0,0.0,15,1,0.0
U002463,0.0,0.0,2,1,0.0
U024709,0.0,0.0,23,1,0.0
U024710,0.0,0.0,12,1,0.0
U024711,0.0,0.0,17,1,0.0
U024712,0.0,0.0,21,1,0.0
U002457,0.0,0.0,23,1,0.0
U002456,0.0,0.0,19,1,0.0
U002455,0.0,0.0,8,1,0.0
U017244,0.0,0.0,20,1,0.0
U024717,0.0,0.0,28,1,0.0
U002448,0.0,0.0,8,1,0.0
U002447,0.0,0.0,2,1,0.0
U024720,0.0,0.0,23,1,0.0
U017246,0.0,0.0,14,1,0.0
U017247,0.0,0.0,23,1,0.0
U024723,0.0,0.0,16,1,0.0
U002443,0.0,0.0,13,1,0.0
U024725,0.0,0.0,10,1,0.0
U002442,0.0,0.0,22,1,0.0
U002439,0.0,0.0,7,1,0.0
U002438,0.0,0.0,1,1,0.0
U002437,0.0,0.0,13,1,0.0
U024730,0.0,0.0,25,1,0.0
U024731,0.0,0.0,18,1,0.0
U017248,0.0,0.0,10,1,0.0
U002432,0.0,0.0,23,1,0.0
U002428,0.0,0.0,4,1,0.0
U024735,0.0,0.0,16,1,0.0
U024736,0.0,0.0,4,1,0.0
U024737,0.0,0.0,16,1,0.0
U024738,0.0,0.0,6,1,0.0
U024739,0.0,0.0,15,1,0.0
U002427,0.0,0.0,3,1,0.0
U024741,0.0,0.0,30,1,0.0
U002426,0.0,0.0,25,1,0.0
U002418,0.0,0.0,31,1,0.0
U002417,0.0,0.0,27,1,0.0
U024745,0.0,0.0,21,1,0.0
U002414,0.0,0.0,22,1,0.0
U024747,0.0,0.0,3,1,0.0
U002412,0.0,0.0,15,1,0.0
U024749,0.0,0.0,13,1,0.0
U002411,0.0,0.0,16,1,0.0
U002410,0.0,0.0,28,1,0.0
U002408,0.0,0.0,21,1,0.0
U002406,0.0,0.0,21,1,0.0
U002404,0.0,0.0,27,1,0.0
U002401,0.0,0.0,3,1,0.0
U002397,0.0,0.0,30,1,0.0
U002396,0.0,0.0,1,1,0.0
U002388,0.0,0.0,4,1,0.0
U002386,0.0,0.0,11,1,0.0
U024760,0.0,0.0,7,1,0.0
U024761,0.0,0.0,2,1,0.0
U002382,0.0,0.0,9,1,0.0
U024763,0.0,0.0,27,1,0.0
U024764,0.0,0.0,7,1,0.0
U002379,0.0,0.0,19,1,0.0
U002378,0.0,0.0,25,1,0.0
U002377,0.0,0.0,22,1,0.0
U002376,0.0,0.0,8,1,0.0
U024769,0.0,0.0,20,1,0.0
U024770,0.0,0.0,16,1,0.0
U002375,0.0,0.0,9,1,0.0
U024772,0.0,0.0,15,1,0.0
U002374,0.0,0.0,18,1,0.0
U002368,0.0,0.0,30,1,0.0
U002367,0.0,0.0,12,1,0.0
U024776,0.0,0.0,27,1,0.0
U024777,0.0,0.0,6,1,0.0
U002366,0.0,0.0,23,1,0.0
U017249,0.0,0.0,30,1,0.0
U002359,0.0,0.0,14,1,0.0
U024781,0.0,0.0,11,1,0.0
U002356,0.0,0.0,23,1,0.0
U024783,0.0,0.0,25,1,0.0
U002350,0.0,0.0,17,1,0.0
U024785,0.0,0.0,22,1,0.0
U024786,0.0,0.0,18,1,0.0
U024787,0.0,0.0,3,1,0.0
U002349,0.0,0.0,12,1,0.0
U024789,0.0,0.0,18,1,0.0
U012061,0.0,0.0,9,1,0.0
U002346,0.0,0.0,6,1,0.0
U024792,0.0,0.0,23,1,0.0
U024793,0.0,0.0,11,1,0.0
U002345,0.0,0.0,3,1,0.0
U024795,0.0,0.0,15,1,0.0
U002343,0.0,0.0,31,1,0.0
U024797,0.0,0.0,16,1,0.0
U015132,0.0,0.0,28,1,0.0
U024799,0.0,0.0,20,1,0.0
U024800,0.0,0.0,11,1,0.0
U002341,0.0,0.0,13,1,0.0
U024802,0.0,0.0,26,1,0.0
U024803,0.0,0.0,20,1,0.0
U002339,0.0,0.0,26,1,0.0
U002338,0.0,0.0,8,1,0.0
U002333,0.0,0.0,22,1,0.0
U017251,0.0,0.0,25,1,0.0
U002331,0.0,0.0,8,1,0.0
U002327,0.0,0.0,10,1,0.0
U002326,0.0,0.0,28,1,0.0
U002321,0.0,0.0,6,1,0.0
U024812,0.0,0.0,7,1,0.0
U002317,0.0,0.0,28,1,0.0
U024814,0.0,0.0,11,1,0.0
U002315,0.0,0.0,8,1,0.0
U024816,0.0,0.0,8,1,0.0
U024817,0.0,0.0,9,1,0.0
U024818,0.0,0.0,26,1,0.0
U002312,0.0,0.0,18,1,0.0
U024820,0.0,0.0,27,1,0.0
U024821,0.0,0.0,7,1,0.0
U024822,0.0,0.0,28,1,0.0
U024823,0.0,0.0,27,1,0.0
U002309,0.0,0.0,19,1,0.0
U024825,0.0,0.0,29,1,0.0
U024826,0.0,0.0,4,1,0.0
U002308,0.0,0.0,28,1,0.0
U002304,0.0,0.0,14,1,0.0
U024829,0.0,0.0,11,1,0.0
U002302,0.0,0.0,2,1,0.0
U002301,0.0,0.0,26,1,0.0
U002299,0.0,0.0,25,1,0.0
U024833,0.0,0.0,3,1,0.0
U024834,0.0,0.0,17,1,0.0
U002297,0.0,0.0,16,1,0.0
U024836,0.0,0.0,31,1,0.0
U024837,0.0,0.0,27,1,0.0
U002296,0.0,0.0,18,1,0.0
U017252,0.0,0.0,18,1,0.0
U024840,0.0,0.0,25,1,0.0
U017253,0.0,0.0,9,1,0.0
U002293,0.0,0.0,23,1,0.0
U002288,0.0,0.0,22,1,0.0
U002287,0.0,0.0,22,1,0.0
U024845,0.0,0.0,31,1,0.0
U002286,0.0,0.0,4,1,0.0
U002284,0.0,0.0,23,1,0.0
U024848,0.0,0.0,9,1,0.0
U002276,0.0,0.0,5,1,0.0
U024850,0.0,0.0,7,1,0.0
U002274,0.0,0.0,24,1,0.0
U002272,0.0,0.0,10,1,0.0
U024853,0.0,0.0,5,1,0.0
U002268,0.0,0.0,11,1,0.0
U002266,0.0,0.0,15,1,0.0
U002262,0.0,0.0,9,1,0.0
U024857,0.0,0.0,8,1,0.0
U024858,0.0,0.0,30,1,0.0
U002258,0.0,0.0,15,1,0.0
U002255,0.0,0.0,25,1,0.0
U024861,0.0,0.0,31,1,0.0
U002254,0.0,0.0,13,1,0.0
U002252,0.0,0.0,7,1,0.0
U002251,0.0,0.0,16,1,0.0
U024865,0.0,0.0,19,1,0.0
U002250,0.0,0.0,5,1,0.0
U024867,0.0,0.0,14,1,0.0
U002249,0.0,0.0,15,1,0.0
U024869,0.0,0.0,16,1,0.0
U002244,0.0,0.0,15,1,0.0
U002242,0.0,0.0,8,1,0.0
U002238,0.0,0.0,30,1,0.0
U024873,0.0,0.0,4,1,0.0
U024874,0.0,0.0,23,1,0.0
U002232,0.0,0.0,12,1,0.0
U002226,0.0,0.0,20,1,0.0
U002219,0.0,0.0,9,1,0.0
U002218,0.0,0.0,16,1,0.0
U024879,0.0,0.0,31,1,0.0
U024880,0.0,0.0,31,1,0.0
U024881,0.0,0.0,15,1,0.0
U024882,0.0,0.0,24,1,0.0
U024883,0.0,0.0,20,1,0.0
U024884,0.0,0.0,8,1,0.0
U024885,0.0,0.0,20,1,0.0
U024886,0.0,0.0,7,1,0.0
U012059,0.0,0.0,9,1,0.0
U024888,0.0,0.0,9,1,0.0
U024889,0.0,0.0,23,1,0.0
U002211,0.0,0.0,11,1,0.0
U002208,0.0,0.0,29,1,0.0
U002206,0.0,0.0,21,1,0.0
U002204,0.0,0.0,8,1,0.0
U002202,0.0,0.0,20,1,0.0
U024895,0.0,0.0,24,1,0.0
U002195,0.0,0.0,4,1,0.0
U024897,0.0,0.0,19,1,0.0
U002192,0.0,0.0,10,1,0.0
U024899,0.0,0.0,20,1,0.0
U024900,0.0,0.0,25,1,0.0
U002186,0.0,0.0,1,1,0.0
U002184,0.0,0.0,28,1,0.0
U024903,0.0,0.0,18,1,0.0
U002180,0.0,0.0,31,1,0.0
U002177,0.0,0.0,6,1,0.0
U024906,0.0,0.0,29,1,0.0
U024907,0.0,0.0,17,1,0.0
U024908,0.0,0.0,20,1,0.0
U024909,0.0,0.0,22,1,0.0
U024910,0.0,0.0,20,1,0.0
U017255,0.0,0.0,21,1,0.0
U002176,0.0,0.0,23,1,0.0
U002174,0.0,0.0,28,1,0.0
U024914,0.0,0.0,3,1,0.0
U002171,0.0,0.0,17,1,0.0
U024916,0.0,0.0,1,1,0.0
U002170,0.0,0.0,9,1,0.0
U002166,0.0,0.0,27,1,0.0
U002163,0.0,0.0,21,1,0.0
U024920,0.0,0.0,23,1,0.0
U024921,0.0,0.0,16,1,0.0
U024922,0.0,0.0,31,1,0.0
U024923,0.0,0.0,31,1,0.0
U002162,0.0,0.0,31,1,0.0
U002159,0.0,0.0,18,1,0.0
U002158,0.0,0.0,3,1,0.0
U012057,0.0,0.0,14,1,0.0
U024928,0.0,0.0,2,1,0.0
U024929,0.0,0.0,2,1,0.0
U002157,0.0,0.0,20,1,0.0
U002154,0.0,0.0,30,1,0.0
U024932,0.0,0.0,29,1,0.0
U002153,0.0,0.0,15,1,0.0
U002152,0.0,0.0,17,1,0.0
U002150,0.0,0.0,3,1,0.0
U002149,0.0,0.0,21,1,0.0
U002148,0.0,0.0,9,1,0.0
U002146,0.0,0.0,13,1,0.0
U012055,0.0,0.0,5,1,0.0
U002145,0.0,0.0,12,1,0.0
U002144,0.0,0.0,13,1,0.0
U002140,0.0,0.0,3,1,0.0
U002139,0.0,0.0,27,1,0.0
U024944,0.0,0.0,2,1,0.0
U012054,0.0,0.0,27,1,0.0
U002135,0.0,0.0,4,1,0.0
U024947,0.0,0.0,18,1,0.0
U024948,0.0,0.0,26,1,0.0
U002134,0.0,0.0,31,1,0.0
U002133,0.0,0.0,6,1,0.0
U002126,0.0,0.0,17,1,0.0
U024952,0.0,0.0,11,1,0.0
U024953,0.0,0.0,29,1,0.0
U002124,0.0,0.0,8,1,0.0
U024955,0.0,0.0,3,1,0.0
U002121,0.0,0.0,24,1,0.0
U002119,0.0,0.0,29,1,0.0
U002118,0.0,0.0,30,1,0.0
U024959,0.0,0.0,9,1,0.0
U024960,0.0,0.0,15,1,0.0
U002117,0.0,0.0,26,1,0.0
U024962,0.0,0.0,13,1,0.0
U024963,0.0,0.0,27,1,0.0
U002110,0.0,0.0,7,1,0.0
U024965,0.0,0.0,16,1,0.0
U024966,0.0,0.0,29,1,0.0
U002106,0.0,0.0,18,1,0.0
U024968,0.0,0.0,4,1,0.0
U002105,0.0,0.0,29,1,0.0
U024970,0.0,0.0,22,1,0.0
U002104,0.0,0.0,12,1,0.0
U024972,0.0,0.0,5,1,0.0
U002102,0.0,0.0,15,1,0.0
U002100,0.0,0.0,23,1,0.0
U002096,0.0,0.0,30,1,0.0
U002095,0.0,0.0,24,1,0.0
U024977,0.0,0.0,27,1,0.0
U002094,0.0,0.0,20,1,0.0
U002084,0.0,0.0,2,1,0.0
U024980,0.0,0.0,13,1,0.0
U002081,0.0,0.0,26,1,0.0
U002079,0.0,0.0,23,1,0.0
U002078,0.0,0.0,5,1,0.0
U024984,0.0,0.0,4,1,0.0
U002076,0.0,0.0,15,1,0.0
U002071,0.0,0.0,5,1,0.0
U024987,0.0,0.0,20,1,0.0
U024988,0.0,0.0,28,1,0.0
U002068,0.0,0.0,2,1,0.0
U024990,0.0,0.0,29,1,0.0
U017259,0.0,0.0,24,1,0.0
U024992,0.0,0.0,22,1,0.0
U015133,0.0,0.0,12,1,0.0
U002062,0.0,0.0,21,1,0.0
U024995,0.0,0.0,17,1,0.0
U017260,0.0,0.0,7,1,0.0
U002058,0.0,0.0,21,1,0.0
U002057,0.0,0.0,14,1,0.0
U024999,0.0,0.0,24,1,0.0
U002056,0.0,0.0,27,1,0.0
U025001,0.0,0.0,13,1,0.0
U002050,0.0,0.0,2,1,0.0
U002048,0.0,0.0,1,1,0.0
U025004,0.0,0.0,5,1,0.0
U002046,0.0,0.0,1,1,0.0
U025006,0.0,0.0,19,1,0.0
U025007,0.0,0.0,13,1,0.0
U017261,0.0,0.0,16,1,0.0
U002039,0.0,0.0,3,1,0.0
U025010,0.0,0.0,2,1,0.0
U012050,0.0,0.0,21,1,0.0
U002035,0.0,0.0,8,1,0.0
U002032,0.0,0.0,4,1,0.0
U002028,0.0,0.0,8,1,0.0
U002027,0.0,0.0,26,1,0.0
U025016,0.0,0.0,18,1,0.0
U025017,0.0,0.0,26,1,0.0
U002025,0.0,0.0,21,1,0.0
U017263,0.0,0.0,21,1,0.0
U025020,0.0,0.0,21,1,0.0
U012049,0.0,0.0,15,1,0.0
U025022,0.0,0.0,18,1,0.0
U002021,0.0,0.0,2,1,0.0
U025024,0.0,0.0,7,1,0.0
U025025,0.0,0.0,30,1,0.0
U002019,0.0,0.0,30,1,0.0
U002017,0.0,0.0,25,1,0.0
U025028,0.0,0.0,4,1,0.0
U025029,0.0,0.0,29,1,0.0
U002012,0.0,0.0,28,1,0.0
U025031,0.0,0.0,24,1,0.0
U002010,0.0,0.0,2,1,0.0
U025033,0.0,0.0,11,1,0.0
U025034,0.0,0.0,6,1,0.0
U002004,0.0,0.0,19,1,0.0
U025036,0.0,0.0,17,1,0.0
U002003,0.0,0.0,23,1,0.0
U002000,0.0,0.0,13,1,0.0
U001998,0.0,0.0,13,1,0.0
U001997,0.0,0.0,19,1,0.0
U025041,0.0,0.0,4,1,0.0
U001994,0.0,0.0,14,1,0.0
U025043,0.0,0.0,4,1,0.0
U001986,0.0,0.0,29,1,0.0
U001984,0.0,0.0,4,1,0.0
U001981,0.0,0.0,17,1,0.0
U001979,0.0,0.0,16,1,0.0
U001978,0.0,0.0,29,1,0.0
U025049,0.0,0.0,25,1,0.0
U001975,0.0,0.0,25,1,0.0
U025051,0.0,0.0,11,1,0.0
U025052,0.0,0.0,19,1,0.0
U001974,0.0,0.0,2,1,0.0
U025054,0.0,0.0,20,1,0.0
U001971,0.0,0.0,28,1,0.0
U025056,0.0,0.0,3,1,0.0
U025057,0.0,0.0,20,1,0.0
U001970,0.0,0.0,11,1,0.0
U025059,0.0,0.0,17,1,0.0
U001968,0.0,0.0,19,1,0.0
U025061,0.0,0.0,15,1,0.0
U001964,0.0,0.0,12,1,0.0
U025063,0.0,0.0,13,1,0.0
U012047,0.0,0.0,4,1,0.0
U025065,0.0,0.0,6,1,0.0
U001960,0.0,0.0,25,1,0.0
U001958,0.0,0.0,2,1,0.0
U001954,0.0,0.0,26,1,0.0
U025069,0.0,0.0,22,1,0.0
U025070,0.0,0.0,3,1,0.0
U017266,0.0,0.0,13,1,0.0
U025072,0.0,0.0,17,1,0.0
U001942,0.0,0.0,15,1,0.0
U001938,0.0,0.0,18,1,0.0
U025075,0.0,0.0,28,1,0.0
U001937,0.0,0.0,15,1,0.0
U025077,0.0,0.0,30,1,0.0
U001935,0.0,0.0,27,1,0.0
U025079,0.0,0.0,2,1,0.0
U001933,0.0,0.0,26,1,0.0
U025081,0.0,0.0,22,1,0.0
U001932,0.0,0.0,6,1,0.0
U001931,0.0,0.0,14,1,0.0
U001930,0.0,0.0,23,1,0.0
U001928,0.0,0.0,27,1,0.0
U001926,0.0,0.0,4,1,0.0
U001925,0.0,0.0,30,1,0.0
U001922,0.0,0.0,2,1,0.0
U001921,0.0,0.0,14,1,0.0
U001916,0.0,0.0,14,1,0.0
U025091,0.0,0.0,4,1,0.0
U001915,0.0,0.0,4,1,0.0
U017267,0.0,0.0,30,1,0.0
U014815,0.0,0.0,22,1,0.0
U025095,0.0,0.0,3,1,0.0
U001914,0.0,0.0,5,1,0.0
U025097,0.0,0.0,25,1,0.0
U001910,0.0,0.0,5,1,0.0
U001909,0.0,0.0,22,1,0.0
U001907,0.0,0.0,10,1,0.0
U001905,0.0,0.0,5,1,0.0
U025102,0.0,0.0,3,1,0.0
U025103,0.0,0.0,12,1,0.0
U025104,0.0,0.0,11,1,0.0
U001901,0.0,0.0,2,1,0.0
U001898,0.0,0.0,23,1,0.0
U001897,0.0,0.0,17,1,0.0
U025108,0.0,0.0,8,1,0.0
U025109,0.0,0.0,19,1,0.0
U017268,0.0,0.0,11,1,0.0
U025111,0.0,0.0,15,1,0.0
U001894,0.0,0.0,26,1,0.0
U025113,0.0,0.0,13,1,0.0
U001892,0.0,0.0,5,1,0.0
U025115,0.0,0.0,15,1,0.0
U001889,0.0,0.0,7,1,0.0
U025117,0.0,0.0,27,1,0.0
U012046,0.0,0.0,4,1,0.0
U001886,0.0,0.0,19,1,0.0
U001879,0.0,0.0,16,1,0.0
U025121,0.0,0.0,31,1,0.0
U001878,0.0,0.0,22,1,0.0
U001877,0.0,0.0,21,1,0.0
U001876,0.0,0.0,30,1,0.0
U001874,0.0,0.0,17,1,0.0
U001873,0.0,0.0,13,1,0.0
U025127,0.0,0.0,31,1,0.0
U001872,0.0,0.0,3,1,0.0
U001871,0.0,0.0,5,1,0.0
U025130,0.0,0.0,12,1,0.0
U025131,0.0,0.0,3,1,0.0
U001870,0.0,0.0,27,1,0.0
U001869,0.0,0.0,28,1,0.0
U001867,0.0,0.0,19,1,0.0
U017270,0.0,0.0,24,1,0.0
U001863,0.0,0.0,24,1,0.0
U001862,0.0,0.0,19,1,0.0
U025138,0.0,0.0,13,1,0.0
U025139,0.0,0.0,28,1,0.0
U025140,0.0,0.0,11,1,0.0
U025141,0.0,0.0,3,1,0.0
U012045,0.0,0.0,11,1,0.0
U025143,0.0,0.0,23,1,0.0
U001856,0.0,0.0,15,1,0.0
U025145,0.0,0.0,7,1,0.0
U001855,0.0,0.0,18,1,0.0
U001854,0.0,0.0,4,1,0.0
U001853,0.0,0.0,31,1,0.0
U025149,0.0,0.0,16,1,0.0
U001852,0.0,0.0,23,1,0.0
U025151,0.0,0.0,13,1,0.0
U025152,0.0,0.0,21,1,0.0
U001851,0.0,0.0,10,1,0.0
U012043,0.0,0.0,31,1,0.0
U025155,0.0,0.0,5,1,0.0
U025156,0.0,0.0,25,1,0.0
U025157,0.0,0.0,12,1,0.0
U001840,0.0,0.0,14,1,0.0
U025159,0.0,0.0,3,1,0.0
U001838,0.0,0.0,22,1,0.0
U025161,0.0,0.0,19,1,0.0
U025162,0.0,0.0,2,1,0.0
U012040,0.0,0.0,21,1,0.0
U001837,0.0,0.0,21,1,0.0
U025165,0.0,0.0,3,1,0.0
U025166,0.0,0.0,10,1,0.0
U001836,0.0,0.0,27,1,0.0
U001835,0.0,0.0,12,1,0.0
U025169,0.0,0.0,1,1,0.0
U001834,0.0,0.0,11,1,0.0
U001829,0.0,0.0,19,1,0.0
U001828,0.0,0.0,17,1,0.0
U025173,0.0,0.0,8,1,0.0
U001827,0.0,0.0,26,1,0.0
U001826,0.0,0.0,2,1,0.0
U025176,0.0,0.0,22,1,0.0
U001825,0.0,0.0,1,1,0.0
U015135,0.0,0.0,27,1,0.0
U001824,0.0,0.0,11,1,0.0
U001823,0.0,0.0,14,1,0.0
U001822,0.0,0.0,7,1,0.0
U001817,0.0,0.0,31,1,0.0
U001816,0.0,0.0,3,1,0.0
U001814,0.0,0.0,11,1,0.0
U012036,0.0,0.0,19,1,0.0
U001812,0.0,0.0,2,1,0.0
U001806,0.0,0.0,6,1,0.0
U001803,0.0,0.0,7,1,0.0
U025189,0.0,0.0,23,1,0.0
U025190,0.0,0.0,13,1,0.0
U012033,0.0,0.0,9,1,0.0
U001800,0.0,0.0,11,1,0.0
U001798,0.0,0.0,30,1,0.0
U001797,0.0,0.0,19,1,0.0
U001795,0.0,0.0,23,1,0.0
U025196,0.0,0.0,22,1,0.0
U001793,0.0,0.0,27,1,0.0
U001792,0.0,0.0,5,1,0.0
U001791,0.0,0.0,7,1,0.0
U001790,0.0,0.0,21,1,0.0
U001788,0.0,0.0,28,1,0.0
U025202,0.0,0.0,12,1,0.0
U025203,0.0,0.0,23,1,0.0
U001786,0.0,0.0,6,1,0.0
U001785,0.0,0.0,20,1,0.0
U025206,0.0,0.0,5,1,0.0
U025207,0.0,0.0,8,1,0.0
U025208,0.0,0.0,9,1,0.0
U001784,0.0,0.0,22,1,0.0
U025210,0.0,0.0,11,1,0.0
U001783,0.0,0.0,19,1,0.0
U001778,0.0,0.0,8,1,0.0
U025213,0.0,0.0,20,1,0.0
U001777,0.0,0.0,16,1,0.0
U025215,0.0,0.0,7,1,0.0
U025216,0.0,0.0,12,1,0.0
U017276,0.0,0.0,26,1,0.0
U001775,0.0,0.0,2,1,0.0
U025219,0.0,0.0,2,1,0.0
U025220,0.0,0.0,12,1,0.0
U001773,0.0,0.0,5,1,0.0
U001769,0.0,0.0,17,1,0.0
U025223,0.0,0.0,4,1,0.0
U025224,0.0,0.0,29,1,0.0
U014814,0.0,0.0,6,1,0.0
U001767,0.0,0.0,14,1,0.0
U014810,0.0,0.0,29,1,0.0
U025228,0.0,0.0,4,1,0.0
U001764,0.0,0.0,7,1,0.0
U001760,0.0,0.0,3,1,0.0
U025231,0.0,0.0,28,1,0.0
U001759,0.0,0.0,5,1,0.0
U001757,0.0,0.0,22,1,0.0
U025234,0.0,0.0,7,1,0.0
U012032,0.0,0.0,20,1,0.0
U025236,0.0,0.0,17,1,0.0
U025237,0.0,0.0,23,1,0.0
U025238,0.0,0.0,9,1,0.0
U001755,0.0,0.0,25,1,0.0
U001752,0.0,0.0,30,1,0.0
U001751,0.0,0.0,15,1,0.0
U001750,0.0,0.0,20,1,0.0
U001748,0.0,0.0,8,1,0.0
U001746,0.0,0.0,23,1,0.0
U025245,0.0,0.0,16,1,0.0
U001741,0.0,0.0,14,1,0.0
U001738,0.0,0.0,4,1,0.0
U017278,0.0,0.0,21,1,0.0
U001734,0.0,0.0,15,1,0.0
U025250,0.0,0.0,12,1,0.0
U025251,0.0,0.0,4,1,0.0
U001729,0.0,0.0,13,1,0.0
U001724,0.0,0.0,23,1,0.0
U001720,0.0,0.0,14,1,0.0
U012031,0.0,0.0,11,1,0.0
U001718,0.0,0.0,27,1,0.0
U025257,0.0,0.0,26,1,0.0
U001716,0.0,0.0,20,1,0.0
U025259,0.0,0.0,20,1,0.0
U001715,0.0,0.0,8,1,0.0
U001714,0.0,0.0,11,1,0.0
U025262,0.0,0.0,20,1,0.0
U025263,0.0,0.0,25,1,0.0
U025264,0.0,0.0,9,1,0.0
U025265,0.0,0.0,25,1,0.0
U025266,0.0,0.0,26,1,0.0
U017280,0.0,0.0,8,1,0.0
U001701,0.0,0.0,25,1,0.0
U001700,0.0,0.0,22,1,0.0
U012029,0.0,0.0,31,1,0.0
U025271,0.0,0.0,7,1,0.0
U001696,0.0,0.0,25,1,0.0
U001692,0.0,0.0,11,1,0.0
U017282,0.0,0.0,19,1,0.0
U001686,0.0,0.0,3,1,0.0
U012028,0.0,0.0,24,1,0.0
U025277,0.0,0.0,23,1,0.0
U017284,0.0,0.0,13,1,0.0
U025279,0.0,0.0,21,1,0.0
U017285,0.0,0.0,4,1,0.0
U001680,0.0,0.0,17,1,0.0
U025282,0.0,0.0,17,1,0.0
U025283,0.0,0.0,10,1,0.0
U025284,0.0,0.0,20,1,0.0
U025285,0.0,0.0,6,1,0.0
U001677,0.0,0.0,25,1,0.0
U001674,0.0,0.0,4,1,0.0
U001673,0.0,0.0,5,1,0.0
U001672,0.0,0.0,11,1,0.0
U001671,0.0,0.0,19,1,0.0
U001666,0.0,0.0,22,1,0.0
U025292,0.0,0.0,12,1,0.0
U025293,0.0,0.0,23,1,0.0
U001663,0.0,0.0,22,1,0.0
U001662,0.0,0.0,18,1,0.0
U001660,0.0,0.0,12,1,0.0
U025297,0.0,0.0,17,1,0.0
U025298,0.0,0.0,31,1,0.0
U012026,0.0,0.0,27,1,0.0
U025300,0.0,0.0,11,1,0.0
U001658,0.0,0.0,28,1,0.0
U001657,0.0,0.0,5,1,0.0
U001656,0.0,0.0,8,1,0.0
U025304,0.0,0.0,31,1,0.0
U001652,0.0,0.0,24,1,0.0
U025306,0.0,0.0,23,1,0.0
U001651,0.0,0.0,13,1,0.0
U001650,0.0,0.0,19,1,0.0
U025309,0.0,0.0,2,1,0.0
U001649,0.0,0.0,11,1,0.0
U025311,0.0,0.0,11,1,0.0
U025312,0.0,0.0,11,1,0.0
U001645,0.0,0.0,25,1,0.0
U025314,0.0,0.0,15,1,0.0
U025315,0.0,0.0,4,1,0.0
U025316,0.0,0.0,2,1,0.0
U001644,0.0,0.0,3,1,0.0
U001641,0.0,0.0,10,1,0.0
U001640,0.0,0.0,25,1,0.0
U025320,0.0,0.0,26,1,0.0
U025321,0.0,0.0,19,1,0.0
U001637,0.0,0.0,25,1,0.0
U001636,0.0,0.0,22,1,0.0
U001635,0.0,0.0,25,1,0.0
U001634,0.0,0.0,7,1,0.0
U001631,0.0,0.0,28,1,0.0
U015032,0.0,0.0,28,1,0.0
U025328,0.0,0.0,12,1,0.0
U001628,0.0,0.0,9,1,0.0
U001627,0.0,0.0,6,1,0.0
U025331,0.0,0.0,15,1,0.0
U025332,0.0,0.0,3,1,0.0
U017288,0.0,0.0,10,1,0.0
U001626,0.0,0.0,6,1,0.0
U001624,0.0,0.0,31,1,0.0
U001622,0.0,0.0,8,1,0.0
U001619,0.0,0.0,20,1,0.0
U025338,0.0,0.0,27,1,0.0
U025339,0.0,0.0,12,1,0.0
U025340,0.0,0.0,6,1,0.0
U025341,0.0,0.0,10,1,0.0
U025342,0.0,0.0,22,1,0.0
U025343,0.0,0.0,13,1,0.0
U001616,0.0,0.0,20,1,0.0
U025345,0.0,0.0,2,1,0.0
U001611,0.0,0.0,3,1,0.0
U001610,0.0,0.0,13,1,0.0
U025348,0.0,0.0,2,1,0.0
U025349,0.0,0.0,26,1,0.0
U001607,0.0,0.0,30,1,0.0
U001597,0.0,0.0,3,1,0.0
U017289,0.0,0.0,7,1,0.0
U025353,0.0,0.0,11,1,0.0
U012025,0.0,0.0,20,1,0.0
U025355,0.0,0.0,3,1,0.0
U001593,0.0,0.0,9,1,0.0
U025357,0.0,0.0,24,1,0.0
U012024,0.0,0.0,19,1,0.0
U001588,0.0,0.0,27,1,0.0
U025360,0.0,0.0,30,1,0.0
U025361,0.0,0.0,24,1,0.0
U001587,0.0,0.0,11,1,0.0
U025363,0.0,0.0,3,1,0.0
U025364,0.0,0.0,29,1,0.0
U001586,0.0,0.0,7,1,0.0
U001585,0.0,0.0,19,1,0.0
U025367,0.0,0.0,10,1,0.0
U001579,0.0,0.0,17,1,0.0
U025369,0.0,0.0,5,1,0.0
U001578,0.0,0.0,16,1,0.0
U001577,0.0,0.0,17,1,0.0
U001574,0.0,0.0,18,1,0.0
U001571,0.0,0.0,25,1,0.0
U025374,0.0,0.0,14,1,0.0
U001563,0.0,0.0,17,1,0.0
U012023,0.0,0.0,22,1,0.0
U001561,0.0,0.0,18,1,0.0
U001560,0.0,0.0,15,1,0.0
U025379,0.0,0.0,25,1,0.0
U025380,0.0,0.0,15,1,0.0
U025381,0.0,0.0,10,1,0.0
U001559,0.0,0.0,15,1,0.0
U001553,0.0,0.0,19,1,0.0
U001550,0.0,0.0,8,1,0.0
U025385,0.0,0.0,24,1,0.0
U001545,0.0,0.0,12,1,0.0
U001543,0.0,0.0,10,1,0.0
U025388,0.0,0.0,6,1,0.0
U001542,0.0,0.0,19,1,0.0
U001541,0.0,0.0,27,1,0.0
U001539,0.0,0.0,23,1,0.0
U001536,0.0,0.0,7,1,0.0
U001534,0.0,0.0,6,1,0.0
U001530,0.0,0.0,22,1,0.0
U025395,0.0,0.0,30,1,0.0
U001529,0.0,0.0,25,1,0.0
U001524,0.0,0.0,31,1,0.0
U025398,0.0,0.0,29,1,0.0
U025399,0.0,0.0,29,1,0.0
U025400,0.0,0.0,29,1,0.0
U001522,0.0,0.0,5,1,0.0
U001520,0.0,0.0,22,1,0.0
U001514,0.0,0.0,26,1,0.0
U001510,0.0,0.0,13,1,0.0
U001509,0.0,0.0,26,1,0.0
U001508,0.0,0.0,25,1,0.0
U025407,0.0,0.0,24,1,0.0
U025408,0.0,0.0,28,1,0.0
U025409,0.0,0.0,15,1,0.0
U025410,0.0,0.0,19,1,0.0
U014809,0.0,0.0,5,1,0.0
U025412,0.0,0.0,10,1,0.0
U001507,0.0,0.0,29,1,0.0
U025414,0.0,0.0,17,1,0.0
U001504,0.0,0.0,26,1,0.0
U025416,0.0,0.0,15,1,0.0
U025417,0.0,0.0,15,1,0.0
U025418,0.0,0.0,21,1,0.0
U001503,0.0,0.0,20,1,0.0
U001501,0.0,0.0,9,1,0.0
U012021,0.0,0.0,16,1,0.0
U001498,0.0,0.0,4,1,0.0
U025423,0.0,0.0,8,1,0.0
U001495,0.0,0.0,8,1,0.0
U001493,0.0,0.0,18,1,0.0
U001491,0.0,0.0,3,1,0.0
U001490,0.0,0.0,19,1,0.0
U001488,0.0,0.0,12,1,0.0
U025429,0.0,0.0,14,1,0.0
U025430,0.0,0.0,18,1,0.0
U001485,0.0,0.0,14,1,0.0
U012020,0.0,0.0,10,1,0.0
U025433,0.0,0.0,7,1,0.0
U001481,0.0,0.0,7,1,0.0
U001480,0.0,0.0,17,1,0.0
U025436,0.0,0.0,20,1,0.0
U001476,0.0,0.0,11,1,0.0
U001475,0.0,0.0,6,1,0.0
U001473,0.0,0.0,22,1,0.0
U025440,0.0,0.0,11,1,0.0
U001472,0.0,0.0,18,1,0.0
U001469,0.0,0.0,20,1,0.0
U025443,0.0,0.0,6,1,0.0
U001467,0.0,0.0,13,1,0.0
U001466,0.0,0.0,26,1,0.0
U001461,0.0,0.0,21,1,0.0
U001460,0.0,0.0,18,1,0.0
U001459,0.0,0.0,25,1,0.0
U001456,0.0,0.0,13,1,0.0
U025450,0.0,0.0,5,1,0.0
U001455,0.0,0.0,18,1,0.0
U001454,0.0,0.0,8,1,0.0
U001453,0.0,0.0,17,1,0.0
U001451,0.0,0.0,26,1,0.0
U001449,0.0,0.0,27,1,0.0
U025456,0.0,0.0,19,1,0.0
U001447,0.0,0.0,14,1,0.0
U025458,0.0,0.0,21,1,0.0
U025459,0.0,0.0,5,1,0.0
U001446,0.0,0.0,29,1,0.0
U025461,0.0,0.0,11,1,0.0
U025462,0.0,0.0,2,1,0.0
U001444,0.0,0.0,24,1,0.0
U001443,0.0,0.0,8,1,0.0
U017295,0.0,0.0,21,1,0.0
U001441,0.0,0.0,16,1,0.0
U001434,0.0,0.0,27,1,0.0
U025468,0.0,0.0,10,1,0.0
U001433,0.0,0.0,16,1,0.0
U025470,0.0,0.0,19,1,0.0
U001432,0.0,0.0,6,1,0.0
U001430,0.0,0.0,25,1,0.0
U001425,0.0,0.0,23,1,0.0
U001424,0.0,0.0,12,1,0.0
U001420,0.0,0.0,23,1,0.0
U001419,0.0,0.0,5,1,0.0
U025477,0.0,0.0,8,1,0.0
U017296,0.0,0.0,24,1,0.0
U001417,0.0,0.0,15,1,0.0
U017297,0.0,0.0,6,1,0.0
U025481,0.0,0.0,16,1,0.0
U025482,0.0,0.0,30,1,0.0
U001412,0.0,0.0,25,1,0.0
U025484,0.0,0.0,20,1,0.0
U025485,0.0,0.0,20,1,0.0
U001411,0.0,0.0,20,1,0.0
U025487,0.0,0.0,19,1,0.0
U025488,0.0,0.0,13,1,0.0
U025489,0.0,0.0,6,1,0.0
U001408,0.0,0.0,31,1,0.0
U001407,0.0,0.0,23,1,0.0
U025492,0.0,0.0,23,1,0.0
U025493,0.0,0.0,10,1,0.0
U025494,0.0,0.0,9,1,0.0
U025495,0.0,0.0,2,1,0.0
U025496,0.0,0.0,2,1,0.0
U001401,0.0,0.0,1,1,0.0
U025498,0.0,0.0,16,1,0.0
U015139,0.0,0.0,3,1,0.0
U025500,0.0,0.0,28,1,0.0
U001400,0.0,0.0,27,1,0.0
U025502,0.0,0.0,5,1,0.0
U001398,0.0,0.0,28,1,0.0
U001397,0.0,0.0,31,1,0.0
U001396,0.0,0.0,18,1,0.0
U001395,0.0,0.0,18,1,0.0
U025507,0.0,0.0,26,1,0.0
U001393,0.0,0.0,7,1,0.0
U025509,0.0,0.0,29,1,0.0
U025510,0.0,0.0,5,1,0.0
U025511,0.0,0.0,8,1,0.0
U025512,0.0,0.0,23,1,0.0
U001391,0.0,0.0,13,1,0.0
U001388,0.0,0.0,23,1,0.0
U001384,0.0,0.0,24,1,0.0
U025516,0.0,0.0,19,1,0.0
U001381,0.0,0.0,17,1,0.0
U025518,0.0,0.0,21,1,0.0
U025519,0.0,0.0,11,1,0.0
U001378,0.0,0.0,18,1,0.0
U012018,0.0,0.0,3,1,0.0
U025522,0.0,0.0,6,1,0.0
U001374,0.0,0.0,13,1,0.0
U001371,0.0,0.0,8,1,0.0
U012015,0.0,0.0,17,1,0.0
U001366,0.0,0.0,20,1,0.0
U001365,0.0,0.0,2,1,0.0
U001362,0.0,0.0,8,1,0.0
U025529,0.0,0.0,18,1,0.0
U001357,0.0,0.0,17,1,0.0
U025531,0.0,0.0,27,1,0.0
U001353,0.0,0.0,14,1,0.0
U001352,0.0,0.0,17,1,0.0
U001351,0.0,0.0,13,1,0.0
U025535,0.0,0.0,28,1,0.0
U025536,0.0,0.0,13,1,0.0
U001349,0.0,0.0,7,1,0.0
U025538,0.0,0.0,26,1,0.0
U001346,0.0,0.0,19,1,0.0
U001345,0.0,0.0,5,1,0.0
U001343,0.0,0.0,29,1,0.0
U001339,0.0,0.0,8,1,0.0
U001336,0.0,0.0,30,1,0.0
U025544,0.0,0.0,17,1,0.0
U012012,0.0,0.0,9,1,0.0
U025546,0.0,0.0,25,1,0.0
U001334,0.0,0.0,26,1,0.0
U001330,0.0,0.0,16,1,0.0
U012011,0.0,0.0,31,1,0.0
U025550,0.0,0.0,1,1,0.0
U025551,0.0,0.0,17,1,0.0
U001323,0.0,0.0,21,1,0.0
U025553,0.0,0.0,18,1,0.0
U025554,0.0,0.0,10,1,0.0
U001321,0.0,0.0,15,1,0.0
U025556,0.0,0.0,26,1,0.0
U001320,0.0,0.0,2,1,0.0
U001319,0.0,0.0,24,1,0.0
U001318,0.0,0.0,3,1,0.0
U001317,0.0,0.0,10,1,0.0
U001316,0.0,0.0,22,1,0.0
U025562,0.0,0.0,29,1,0.0
U012010,0.0,0.0,10,1,0.0
U025564,0.0,0.0,18,1,0.0
U025565,0.0,0.0,27,1,0.0
U001315,0.0,0.0,12,1,0.0
U001312,0.0,0.0,4,1,0.0
U025568,0.0,0.0,12,1,0.0
U001307,0.0,0.0,19,1,0.0
U025570,0.0,0.0,4,1,0.0
U025571,0.0,0.0,2,1,0.0
U001306,0.0,0.0,24,1,0.0
U025573,0.0,0.0,10,1,0.0
U025574,0.0,0.0,28,1,0.0
U012009,0.0,0.0,13,1,0.0
U025576,0.0,0.0,25,1,0.0
U025577,0.0,0.0,20,1,0.0
U001304,0.0,0.0,28,1,0.0
U001300,0.0,0.0,29,1,0.0
U001299,0.0,0.0,10,1,0.0
U025581,0.0,0.0,17,1,0.0
U001297,0.0,0.0,2,1,0.0
U001295,0.0,0.0,26,1,0.0
U001292,0.0,0.0,30,1,0.0
U001291,0.0,0.0,3,1,0.0
U025586,0.0,0.0,4,1,0.0
U001289,0.0,0.0,6,1,0.0
U001288,0.0,0.0,9,1,0.0
U017304,0.0,0.0,4,1,0.0
U025590,0.0,0.0,27,1,0.0
U001282,0.0,0.0,17,1,0.0
U001281,0.0,0.0,17,1,0.0
U017305,0.0,0.0,20,1,0.0
U001280,0.0,0.0,15,1,0.0
U001278,0.0,0.0,21,1,0.0
U001273,0.0,0.0,10,1,0.0
U025597,0.0,0.0,19,1,0.0
U025598,0.0,0.0,6,1,0.0
U001270,0.0,0.0,5,1,0.0
U001267,0.0,0.0,4,1,0.0
U025601,0.0,0.0,26,1,0.0
U001265,0.0,0.0,15,1,0.0
U001264,0.0,0.0,13,1,0.0
U001261,0.0,0.0,10,1,0.0
U025605,0.0,0.0,8,1,0.0
U025606,0.0,0.0,11,1,0.0
U025607,0.0,0.0,26,1,0.0
U001260,0.0,0.0,27,1,0.0
U025609,0.0,0.0,23,1,0.0
U025610,0.0,0.0,12,1,0.0
U001257,0.0,0.0,27,1,0.0
U001249,0.0,0.0,20,1,0.0
U001246,0.0,0.0,17,1,0.0
U001244,0.0,0.0,23,1,0.0
U001242,0.0,0.0,23,1,0.0
U025616,0.0,0.0,4,1,0.0
U001237,0.0,0.0,2,1,0.0
U025618,0.0,0.0,23,1,0.0
U001236,0.0,0.0,3,1,0.0
U025620,0.0,0.0,6,1,0.0
U012006,0.0,0.0,5,1,0.0
U001232,0.0,0.0,19,1,0.0
U001229,0.0,0.0,20,1,0.0
U001219,0.0,0.0,15,1,0.0
U001218,0.0,0.0,24,1,0.0
U025626,0.0,0.0,19,1,0.0
U001214,0.0,0.0,10,1,0.0
U001212,0.0,0.0,30,1,0.0
U017307,0.0,0.0,30,1,0.0
U001207,0.0,0.0,8,1,0.0
U001206,0.0,0.0,5,1,0.0
U025632,0.0,0.0,26,1,0.0
U001205,0.0,0.0,6,1,0.0
U001204,0.0,0.0,18,1,0.0
U025635,0.0,0.0,4,1,0.0
U001201,0.0,0.0,29,1,0.0
U025637,0.0,0.0,19,1,0.0
U001200,0.0,0.0,25,1,0.0
U001197,0.0,0.0,4,1,0.0
U001190,0.0,0.0,25,1,0.0
U001189,0.0,0.0,12,1,0.0
U025642,0.0,0.0,13,1,0.0
U001188,0.0,0.0,20,1,0.0
U025644,0.0,0.0,25,1,0.0
U001187,0.0,0.0,7,1,0.0
U001184,0.0,0.0,11,1,0.0
U001183,0.0,0.0,13,1,0.0
U025648,0.0,0.0,25,1,0.0
U025649,0.0,0.0,22,1,0.0
U025650,0.0,0.0,27,1,0.0
U001181,0.0,0.0,29,1,0.0
U001178,0.0,0.0,22,1,0.0
U001177,0.0,0.0,23,1,0.0
U001176,0.0,0.0,28,1,0.0
U001174,0.0,0.0,9,1,0.0
U001172,0.0,0.0,8,1,0.0
U025657,0.0,0.0,9,1,0.0
U001169,0.0,0.0,15,1,0.0
U025659,0.0,0.0,13,1,0.0
U025660,0.0,0.0,26,1,0.0
U025661,0.0,0.0,14,1,0.0
U014807,0.0,0.0,18,1,0.0
U025663,0.0,0.0,31,1,0.0
U001168,0.0,0.0,16,1,0.0
U001167,0.0,0.0,11,1,0.0
U001165,0.0,0.0,15,1,0.0
U025667,0.0,0.0,30,1,0.0
U012003,0.0,0.0,26,1,0.0
U001163,0.0,0.0,26,1,0.0
U001161,0.0,0.0,3,1,0.0
U025671,0.0,0.0,29,1,0.0
U025672,0.0,0.0,27,1,0.0
U001158,0.0,0.0,23,1,0.0
U025674,0.0,0.0,25,1,0.0
U025675,0.0,0.0,29,1,0.0
U025676,0.0,0.0,21,1,0.0
U011998,0.0,0.0,5,1,0.0
U001149,0.0,0.0,12,1,0.0
U001148,0.0,0.0,28,1,0.0
U001145,0.0,0.0,1,1,0.0
U011996,0.0,0.0,10,1,0.0
U001140,0.0,0.0,18,1,0.0
U001138,0.0,0.0,9,1,0.0
U025684,0.0,0.0,3,1,0.0
U001137,0.0,0.0,28,1,0.0
U025686,0.0,0.0,28,1,0.0
U025687,0.0,0.0,26,1,0.0
U001130,0.0,0.0,30,1,0.0
U025689,0.0,0.0,6,1,0.0
U001129,0.0,0.0,7,1,0.0
U001127,0.0,0.0,9,1,0.0
U025692,0.0,0.0,14,1,0.0
U001123,0.0,0.0,29,1,0.0
U001122,0.0,0.0,17,1,0.0
U001120,0.0,0.0,7,1,0.0
U025696,0.0,0.0,17,1,0.0
U025697,0.0,0.0,27,1,0.0
U011995,0.0,0.0,15,1,0.0
U025699,0.0,0.0,7,1,0.0
U014806,0.0,0.0,7,1,0.0
U001114,0.0,0.0,14,1,0.0
U001111,0.0,0.0,24,1,0.0
U001110,0.0,0.0,30,1,0.0
U025704,0.0,0.0,22,1,0.0
U001109,0.0,0.0,29,1,0.0
U001107,0.0,0.0,9,1,0.0
U025707,0.0,0.0,26,1,0.0
U025708,0.0,0.0,16,1,0.0
U001105,0.0,0.0,31,1,0.0
U025710,0.0,0.0,14,1,0.0
U025711,0.0,0.0,21,1,0.0
U025712,0.0,0.0,17,1,0.0
U001101,0.0,0.0,8,1,0.0
U001097,0.0,0.0,7,1,0.0
U001093,0.0,0.0,30,1,0.0
U001091,0.0,0.0,10,1,0.0
U001090,0.0,0.0,18,1,0.0
U025718,0.0,0.0,3,1,0.0
U001086,0.0,0.0,25,1,0.0
U001084,0.0,0.0,26,1,0.0
U001082,0.0,0.0,23,1,0.0
U025722,0.0,0.0,26,1,0.0
U001081,0.0,0.0,9,1,0.0
U001080,0.0,0.0,25,1,0.0
U015142,0.0,0.0,17,1,0.0
U025726,0.0,0.0,9,1,0.0
U001078,0.0,0.0,29,1,0.0
U025728,0.0,0.0,13,1,0.0
U025729,0.0,0.0,28,1,0.0
U025730,0.0,0.0,28,1,0.0
U001077,0.0,0.0,7,1,0.0
U025732,0.0,0.0,5,1,0.0
U001075,0.0,0.0,28,1,0.0
U001074,0.0,0.0,16,1,0.0
U001073,0.0,0.0,9,1,0.0
U025736,0.0,0.0,16,1,0.0
U001069,0.0,0.0,24,1,0.0
U025738,0.0,0.0,30,1,0.0
U025739,0.0,0.0,23,1,0.0
U025740,0.0,0.0,16,1,0.0
U025741,0.0,0.0,31,1,0.0
U025742,0.0,0.0,14,1,0.0
U025743,0.0,0.0,16,1,0.0
U025744,0.0,0.0,25,1,0.0
U025745,0.0,0.0,15,1,0.0
U001064,0.0,0.0,18,1,0.0
U025747,0.0,0.0,12,1,0.0
U025748,0.0,0.0,17,1,0.0
U025749,0.0,0.0,20,1,0.0
U001063,0.0,0.0,22,1,0.0
U025751,0.0,0.0,6,1,0.0
U001061,0.0,0.0,9,1,0.0
U001057,0.0,0.0,23,1,0.0
U001055,0.0,0.0,8,1,0.0
U001053,0.0,0.0,28,1,0.0
U017313,0.0,0.0,13,1,0.0
U025757,0.0,0.0,6,1,0.0
U025758,0.0,0.0,13,1,0.0
U025759,0.0,0.0,2,1,0.0
U001052,0.0,0.0,19,1,0.0
U001051,0.0,0.0,4,1,0.0
U025762,0.0,0.0,22,1,0.0
U025763,0.0,0.0,10,1,0.0
U025764,0.0,0.0,2,1,0.0
U001050,0.0,0.0,9,1,0.0
U017314,0.0,0.0,17,1,0.0
U001044,0.0,0.0,30,1,0.0
U025768,0.0,0.0,28,1,0.0
U025769,0.0,0.0,20,1,0.0
U001042,0.0,0.0,7,1,0.0
U025771,0.0,0.0,1,1,0.0
U001041,0.0,0.0,2,1,0.0
U001040,0.0,0.0,31,1,0.0
U001039,0.0,0.0,25,1,0.0
U001038,0.0,0.0,21,1,0.0
U025776,0.0,0.0,28,1,0.0
U001036,0.0,0.0,12,1,0.0
U011991,0.0,0.0,29,1,0.0
U001029,0.0,0.0,17,1,0.0
U001022,0.0,0.0,5,1,0.0
U025781,0.0,0.0,15,1,0.0
U011985,0.0,0.0,6,1,0.0
U017317,0.0,0.0,30,1,0.0
U025784,0.0,0.0,22,1,0.0
U025785,0.0,0.0,19,1,0.0
U001015,0.0,0.0,27,1,0.0
U001014,0.0,0.0,28,1,0.0
U025788,0.0,0.0,11,1,0.0
U025789,0.0,0.0,12,1,0.0
U001013,0.0,0.0,22,1,0.0
U025791,0.0,0.0,20,1,0.0
U001010,0.0,0.0,15,1,0.0
U025793,0.0,0.0,27,1,0.0
U025794,0.0,0.0,2,1,0.0
U025795,0.0,0.0,21,1,0.0
U001009,0.0,0.0,29,1,0.0
U011982,0.0,0.0,13,1,0.0
U025798,0.0,0.0,9,1,0.0
U001007,0.0,0.0,31,1,0.0
U001003,0.0,0.0,18,1,0.0
U001000,0.0,0.0,9,1,0.0
U000997,0.0,0.0,22,1,0.0
U000996,0.0,0.0,20,1,0.0
U025804,0.0,0.0,18,1,0.0
U000994,0.0,0.0,12,1,0.0
U000992,0.0,0.0,17,1,0.0
U025807,0.0,0.0,11,1,0.0
U000986,0.0,0.0,23,1,0.0
U000984,0.0,0.0,23,1,0.0
U025810,0.0,0.0,12,1,0.0
U000981,0.0,0.0,26,1,0.0
U025812,0.0,0.0,10,1,0.0
U025813,0.0,0.0,4,1,0.0
U025814,0.0,0.0,27,1,0.0
U000978,0.0,0.0,18,1,0.0
U025816,0.0,0.0,6,1,0.0
U000975,0.0,0.0,29,1,0.0
U025818,0.0,0.0,11,1,0.0
U025819,0.0,0.0,29,1,0.0
U000974,0.0,0.0,26,1,0.0
U000972,0.0,0.0,21,1,0.0
U025822,0.0,0.0,8,1,0.0
U000971,0.0,0.0,9,1,0.0
U000969,0.0,0.0,16,1,0.0
U025825,0.0,0.0,23,1,0.0
U025826,0.0,0.0,31,1,0.0
U025827,0.0,0.0,1,1,0.0
U000967,0.0,0.0,29,1,0.0
U000964,0.0,0.0,28,1,0.0
U000963,0.0,0.0,16,1,0.0
U025831,0.0,0.0,2,1,0.0
U000960,0.0,0.0,10,1,0.0
U000956,0.0,0.0,15,1,0.0
U025834,0.0,0.0,12,1,0.0
U025835,0.0,0.0,29,1,0.0
U025836,0.0,0.0,16,1,0.0
U000951,0.0,0.0,4,1,0.0
U000949,0.0,0.0,19,1,0.0
U000946,0.0,0.0,15,1,0.0
U000944,0.0,0.0,15,1,0.0
U025841,0.0,0.0,8,1,0.0
U000943,0.0,0.0,10,1,0.0
U017319,0.0,0.0,21,1,0.0
U025844,0.0,0.0,13,1,0.0
U025845,0.0,0.0,28,1,0.0
U000937,0.0,0.0,11,1,0.0
U025847,0.0,0.0,25,1,0.0
U025848,0.0,0.0,28,1,0.0
U000936,0.0,0.0,16,1,0.0
U025850,0.0,0.0,31,1,0.0
U025851,0.0,0.0,27,1,0.0
U000934,0.0,0.0,23,1,0.0
U000933,0.0,0.0,13,1,0.0
U000929,0.0,0.0,23,1,0.0
U000927,0.0,0.0,30,1,0.0
U011980,0.0,0.0,4,1,0.0
U025857,0.0,0.0,20,1,0.0
U025858,0.0,0.0,31,1,0.0
U000923,0.0,0.0,5,1,0.0
U000922,0.0,0.0,11,1,0.0
U000917,0.0,0.0,28,1,0.0
U000913,0.0,0.0,13,1,0.0
U000912,0.0,0.0,23,1,0.0
U000908,0.0,0.0,27,1,0.0
U025865,0.0,0.0,23,1,0.0
U000907,0.0,0.0,5,1,0.0
U000905,0.0,0.0,25,1,0.0
U000904,0.0,0.0,24,1,0.0
U015144,0.0,0.0,21,1,0.0
U000898,0.0,0.0,2,1,0.0
U000897,0.0,0.0,7,1,0.0
U000895,0.0,0.0,24,1,0.0
U025873,0.0,0.0,31,1,0.0
U000894,0.0,0.0,5,1,0.0
U025875,0.0,0.0,7,1,0.0
U025876,0.0,0.0,24,1,0.0
U000890,0.0,0.0,18,1,0.0
U011979,0.0,0.0,16,1,0.0
U025879,0.0,0.0,12,1,0.0
U025880,0.0,0.0,3,1,0.0
U000888,0.0,0.0,26,1,0.0
U000887,0.0,0.0,4,1,0.0
U000883,0.0,0.0,8,1,0.0
U000879,0.0,0.0,2,1,0.0
U000878,0.0,0.0,26,1,0.0
U000876,0.0,0.0,4,1,0.0
U000875,0.0,0.0,23,1,0.0
U000871,0.0,0.0,14,1,0.0
U025889,0.0,0.0,25,1,0.0
U000870,0.0,0.0,7,1,0.0
U025891,0.0,0.0,19,1,0.0
U000867,0.0,0.0,2,1,0.0
U025893,0.0,0.0,15,1,0.0
U000865,0.0,0.0,10,1,0.0
U011978,0.0,0.0,23,1,0.0
U025896,0.0,0.0,4,1,0.0
U025897,0.0,0.0,14,1,0.0
U000856,0.0,0.0,20,1,0.0
U000855,0.0,0.0,30,1,0.0
U000854,0.0,0.0,7,1,0.0
U000852,0.0,0.0,3,1,0.0
U011977,0.0,0.0,30,1,0.0
U025903,0.0,0.0,25,1,0.0
U000850,0.0,0.0,27,1,0.0
U000847,0.0,0.0,10,1,0.0
U025906,0.0,0.0,16,1,0.0
U000844,0.0,0.0,18,1,0.0
U015145,0.0,0.0,5,1,0.0
U025909,0.0,0.0,25,1,0.0
U011975,0.0,0.0,29,1,0.0
U000842,0.0,0.0,3,1,0.0
U000841,0.0,0.0,11,1,0.0
U000839,0.0,0.0,29,1,0.0
U025914,0.0,0.0,8,1,0.0
U000834,0.0,0.0,3,1,0.0
U000832,0.0,0.0,2,1,0.0
U000829,0.0,0.0,13,1,0.0
U000828,0.0,0.0,8,1,0.0
U025919,0.0,0.0,20,1,0.0
U025920,0.0,0.0,23,1,0.0
U000824,0.0,0.0,23,1,0.0
U000819,0.0,0.0,3,1,0.0
U025923,0.0,0.0,11,1,0.0
U025924,0.0,0.0,21,1,0.0
U000817,0.0,0.0,7,1,0.0
U000814,0.0,0.0,8,1,0.0
U000813,0.0,0.0,26,1,0.0
U000810,0.0,0.0,31,1,0.0
U025929,0.0,0.0,30,1,0.0
U000809,0.0,0.0,29,1,0.0
U000806,0.0,0.0,19,1,0.0
U000804,0.0,0.0,4,1,0.0
U025933,0.0,0.0,11,1,0.0
U025934,0.0,0.0,31,1,0.0
U000803,0.0,0.0,2,1,0.0
U000802,0.0,0.0,13,1,0.0
U000801,0.0,0.0,18,1,0.0
U025938,0.0,0.0,14,1,0.0
U025939,0.0,0.0,11,1,0.0
U025940,0.0,0.0,10,1,0.0
U000798,0.0,0.0,18,1,0.0
U025942,0.0,0.0,19,1,0.0
U025943,0.0,0.0,20,1,0.0
U025944,0.0,0.0,6,1,0.0
U025945,0.0,0.0,30,1,0.0
U025946,0.0,0.0,23,1,0.0
U025947,0.0,0.0,22,1,0.0
U025948,0.0,0.0,3,1,0.0
U000797,0.0,0.0,7,1,0.0
U025950,0.0,0.0,12,1,0.0
U025951,0.0,0.0,21,1,0.0
U025952,0.0,0.0,9,1,0.0
U025953,0.0,0.0,20,1,0.0
U025954,0.0,0.0,15,1,0.0
U025955,0.0,0.0,27,1,0.0
U000790,0.0,0.0,29,1,0.0
U025957,0.0,0.0,29,1,0.0
U000788,0.0,0.0,30,1,0.0
U000786,0.0,0.0,14,1,0.0
U025960,0.0,0.0,18,1,0.0
U000784,0.0,0.0,3,1,0.0
U025962,0.0,0.0,23,1,0.0
U025963,0.0,0.0,25,1,0.0
U025964,0.0,0.0,23,1,0.0
U011973,0.0,0.0,3,1,0.0
U000779,0.0,0.0,6,1,0.0
U000777,0.0,0.0,7,1,0.0
U025968,0.0,0.0,14,1,0.0
U000776,0.0,0.0,17,1,0.0
U000775,0.0,0.0,2,1,0.0
U000770,0.0,0.0,15,1,0.0
U025972,0.0,0.0,3,1,0.0
U000769,0.0,0.0,22,1,0.0
U025974,0.0,0.0,27,1,0.0
U025975,0.0,0.0,2,1,0.0
U025976,0.0,0.0,10,1,0.0
U025977,0.0,0.0,19,1,0.0
U025978,0.0,0.0,11,1,0.0
U000766,0.0,0.0,27,1,0.0
U025980,0.0,0.0,7,1,0.0
U000765,0.0,0.0,11,1,0.0
U000764,0.0,0.0,25,1,0.0
U025983,0.0,0.0,26,1,0.0
U025984,0.0,0.0,20,1,0.0
U000762,0.0,0.0,5,1,0.0
U025986,0.0,0.0,25,1,0.0
U000761,0.0,0.0,3,1,0.0
U011972,0.0,0.0,20,1,0.0
U025989,0.0,0.0,28,1,0.0
U025990,0.0,0.0,30,1,0.0
U000758,0.0,0.0,14,1,0.0
U000753,0.0,0.0,16,1,0.0
U025993,0.0,0.0,21,1,0.0
U000750,0.0,0.0,24,1,0.0
U000747,0.0,0.0,27,1,0.0
U000745,0.0,0.0,26,1,0.0
U000744,0.0,0.0,26,1,0.0
U025998,0.0,0.0,19,1,0.0
U000743,0.0,0.0,10,1,0.0
U026000,0.0,0.0,8,1,0.0
U026001,0.0,0.0,19,1,0.0
U000742,0.0,0.0,31,1,0.0
U000739,0.0,0.0,19,1,0.0
U000738,0.0,0.0,7,1,0.0
U026005,0.0,0.0,10,1,0.0
U026006,0.0,0.0,12,1,0.0
U026007,0.0,0.0,22,1,0.0
U000736,0.0,0.0,3,1,0.0
U026009,0.0,0.0,23,1,0.0
U000733,0.0,0.0,3,1,0.0
U000729,0.0,0.0,21,1,0.0
U000725,0.0,0.0,12,1,0.0
U000723,0.0,0.0,4,1,0.0
U026014,0.0,0.0,21,1,0.0
U000722,0.0,0.0,13,1,0.0
U026016,0.0,0.0,30,1,0.0
U026017,0.0,0.0,7,1,0.0
U026018,0.0,0.0,14,1,0.0
U000721,0.0,0.0,26,1,0.0
U000720,0.0,0.0,20,1,0.0
U000718,0.0,0.0,5,1,0.0
U026022,0.0,0.0,30,1,0.0
U026023,0.0,0.0,29,1,0.0
U026024,0.0,0.0,11,1,0.0
U000716,0.0,0.0,11,1,0.0
U000710,0.0,0.0,23,1,0.0
U026027,0.0,0.0,11,1,0.0
U026028,0.0,0.0,28,1,0.0
U000708,0.0,0.0,29,1,0.0
U026030,0.0,0.0,25,1,0.0
U000707,0.0,0.0,13,1,0.0
U000704,0.0,0.0,15,1,0.0
U000703,0.0,0.0,10,1,0.0
U000702,0.0,0.0,31,1,0.0
U026035,0.0,0.0,25,1,0.0
U011971,0.0,0.0,10,1,0.0
U026037,0.0,0.0,6,1,0.0
U026038,0.0,0.0,8,1,0.0
U026039,0.0,0.0,23,1,0.0
U026040,0.0,0.0,17,1,0.0
U000697,0.0,0.0,15,1,0.0
U000692,0.0,0.0,29,1,0.0
U000691,0.0,0.0,5,1,0.0
U026044,0.0,0.0,26,1,0.0
U000689,0.0,0.0,23,1,0.0
U000686,0.0,0.0,31,1,0.0
U000681,0.0,0.0,25,1,0.0
U000680,0.0,0.0,23,1,0.0
U000678,0.0,0.0,14,1,0.0
U000673,0.0,0.0,28,1,0.0
U026051,0.0,0.0,22,1,0.0
U000670,0.0,0.0,27,1,0.0
U026053,0.0,0.0,2,1,0.0
U026054,0.0,0.0,29,1,0.0
U000669,0.0,0.0,16,1,0.0
U026056,0.0,0.0,20,1,0.0
U026057,0.0,0.0,8,1,0.0
U000668,0.0,0.0,28,1,0.0
U026059,0.0,0.0,2,1,0.0
U000667,0.0,0.0,2,1,0.0
U000663,0.0,0.0,29,1,0.0
U000657,0.0,0.0,13,1,0.0
U026063,0.0,0.0,25,1,0.0
U026064,0.0,0.0,18,1,0.0
U000655,0.0,0.0,23,1,0.0
U000654,0.0,0.0,24,1,0.0
U000648,0.0,0.0,17,1,0.0
U026068,0.0,0.0,14,1,0.0
U026069,0.0,0.0,18,1,0.0
U000647,0.0,0.0,28,1,0.0
U026071,0.0,0.0,18,1,0.0
U000646,0.0,0.0,5,1,0.0
U000645,0.0,0.0,30,1,0.0
U026074,0.0,0.0,13,1,0.0
U026075,0.0,0.0,4,1,0.0
U000644,0.0,0.0,20,1,0.0
U000641,0.0,0.0,23,1,0.0
U011968,0.0,0.0,10,1,0.0
U000639,0.0,0.0,9,1,0.0
U026080,0.0,0.0,19,1,0.0
U011964,0.0,0.0,28,1,0.0
U026082,0.0,0.0,8,1,0.0
U026083,0.0,0.0,24,1,0.0
U026084,0.0,0.0,16,1,0.0
U026085,0.0,0.0,8,1,0.0
U000631,0.0,0.0,2,1,0.0
U011961,0.0,0.0,29,1,0.0
U000629,0.0,0.0,30,1,0.0
U026089,0.0,0.0,5,1,0.0
U000627,0.0,0.0,22,1,0.0
U026091,0.0,0.0,29,1,0.0
U026092,0.0,0.0,29,1,0.0
U026093,0.0,0.0,24,1,0.0
U026094,0.0,0.0,8,1,0.0
U026095,0.0,0.0,11,1,0.0
U026096,0.0,0.0,31,1,0.0
U000626,0.0,0.0,22,1,0.0
U000625,0.0,0.0,19,1,0.0
U000623,0.0,0.0,7,1,0.0
U000621,0.0,0.0,4,1,0.0
U026101,0.0,0.0,8,1,0.0
U000619,0.0,0.0,29,1,0.0
U026103,0.0,0.0,2,1,0.0
U026104,0.0,0.0,24,1,0.0
U000617,0.0,0.0,11,1,0.0
U000615,0.0,0.0,28,1,0.0
U000614,0.0,0.0,28,1,0.0
U000612,0.0,0.0,31,1,0.0
U017331,0.0,0.0,4,1,0.0
U000610,0.0,0.0,20,1,0.0
U017332,0.0,0.0,2,1,0.0
U000602,0.0,0.0,30,1,0.0
U000600,0.0,0.0,22,1,0.0
U000599,0.0,0.0,17,1,0.0
U000596,0.0,0.0,12,1,0.0
U026116,0.0,0.0,10,1,0.0
U000594,0.0,0.0,16,1,0.0
U000593,0.0,0.0,12,1,0.0
U026119,0.0,0.0,8,1,0.0
U000592,0.0,0.0,6,1,0.0
U026121,0.0,0.0,8,1,0.0
U000591,0.0,0.0,25,1,0.0
U000590,0.0,0.0,3,1,0.0
U026124,0.0,0.0,30,1,0.0
U026125,0.0,0.0,28,1,0.0
U000589,0.0,0.0,13,1,0.0
U000588,0.0,0.0,22,1,0.0
U000583,0.0,0.0,27,1,0.0
U026129,0.0,0.0,24,1,0.0
U000581,0.0,0.0,2,1,0.0
U026131,0.0,0.0,13,1,0.0
U026132,0.0,0.0,2,1,0.0
U000575,0.0,0.0,18,1,0.0
U000574,0.0,0.0,8,1,0.0
U000572,0.0,0.0,24,1,0.0
U026136,0.0,0.0,17,1,0.0
U026137,0.0,0.0,22,1,0.0
U026138,0.0,0.0,3,1,0.0
U026139,0.0,0.0,29,1,0.0
U026140,0.0,0.0,11,1,0.0
U000571,0.0,0.0,3,1,0.0
U000570,0.0,0.0,15,1,0.0
U026143,0.0,0.0,3,1,0.0
U000568,0.0,0.0,16,1,0.0
U000567,0.0,0.0,28,1,0.0
U000566,0.0,0.0,19,1,0.0
U026147,0.0,0.0,17,1,0.0
U017333,0.0,0.0,11,1,0.0
U000565,0.0,0.0,31,1,0.0
U000562,0.0,0.0,6,1,0.0
U000559,0.0,0.0,9,1,0.0
U000556,0.0,0.0,30,1,0.0
U000553,0.0,0.0,13,1,0.0
U026154,0.0,0.0,9,1,0.0
U026155,0.0,0.0,27,1,0.0
U026156,0.0,0.0,25,1,0.0
U000551,0.0,0.0,30,1,0.0
U026158,0.0,0.0,28,1,0.0
U000546,0.0,0.0,26,1,0.0
U000545,0.0,0.0,7,1,0.0
U000544,0.0,0.0,5,1,0.0
U026162,0.0,0.0,15,1,0.0
U026163,0.0,0.0,19,1,0.0
U000543,0.0,0.0,18,1,0.0
U000540,0.0,0.0,15,1,0.0
U000536,0.0,0.0,18,1,0.0
U000535,0.0,0.0,1,1,0.0
U000532,0.0,0.0,30,1,0.0
U011960,0.0,0.0,6,1,0.0
U026170,0.0,0.0,19,1,0.0
U026171,0.0,0.0,13,1,0.0
U026172,0.0,0.0,13,1,0.0
U000525,0.0,0.0,4,1,0.0
U017335,0.0,0.0,10,1,0.0
U026175,0.0,0.0,16,1,0.0
U000522,0.0,0.0,20,1,0.0
U017336,0.0,0.0,24,1,0.0
U026178,0.0,0.0,17,1,0.0
U026179,0.0,0.0,13,1,0.0
U000519,0.0,0.0,15,1,0.0
U000515,0.0,0.0,19,1,0.0
U026182,0.0,0.0,27,1,0.0
U026183,0.0,0.0,26,1,0.0
U000514,0.0,0.0,3,1,0.0
U000509,0.0,0.0,16,1,0.0
U000502,0.0,0.0,3,1,0.0
U000500,0.0,0.0,10,1,0.0
U000494,0.0,0.0,16,1,0.0
U000491,0.0,0.0,17,1,0.0
U026190,0.0,0.0,19,1,0.0
U026191,0.0,0.0,7,1,0.0
U000490,0.0,0.0,19,1,0.0
U000489,0.0,0.0,13,1,0.0
U000487,0.0,0.0,10,1,0.0
U011959,0.0,0.0,9,1,0.0
U000484,0.0,0.0,22,1,0.0
U000482,0.0,0.0,25,1,0.0
U000479,0.0,0.0,5,1,0.0
U026199,0.0,0.0,6,1,0.0
U026200,0.0,0.0,15,1,0.0
U000475,0.0,0.0,21,1,0.0
U026202,0.0,0.0,27,1,0.0
U026203,0.0,0.0,6,1,0.0
U000469,0.0,0.0,17,1,0.0
U000468,0.0,0.0,9,1,0.0
U026206,0.0,0.0,12,1,0.0
U011958,0.0,0.0,7,1,0.0
U000467,0.0,0.0,16,1,0.0
U026209,0.0,0.0,29,1,0.0
U000465,0.0,0.0,29,1,0.0
U026211,0.0,0.0,30,1,0.0
U026212,0.0,0.0,28,1,0.0
U026213,0.0,0.0,9,1,0.0
U000464,0.0,0.0,13,1,0.0
U000463,0.0,0.0,20,1,0.0
U000462,0.0,0.0,12,1,0.0
U000460,0.0,0.0,28,1,0.0
U000456,0.0,0.0,28,1,0.0
U017339,0.0,0.0,31,1,0.0
U000454,0.0,0.0,6,1,0.0
U000449,0.0,0.0,13,1,0.0
U000448,0.0,0.0,18,1,0.0
U026223,0.0,0.0,2,1,0.0
U000447,0.0,0.0,14,1,0.0
U026225,0.0,0.0,9,1,0.0
U026226,0.0,0.0,2,1,0.0
U017340,0.0,0.0,13,1,0.0
U000441,0.0,0.0,6,1,0.0
U000439,0.0,0.0,26,1,0.0
U026230,0.0,0.0,19,1,0.0
U000437,0.0,0.0,5,1,0.0
U000435,0.0,0.0,4,1,0.0
U026233,0.0,0.0,29,1,0.0
U026234,0.0,0.0,29,1,0.0
U000434,0.0,0.0,30,1,0.0
U000432,0.0,0.0,9,1,0.0
U011955,0.0,0.0,17,1,0.0
U026238,0.0,0.0,21,1,0.0
U000430,0.0,0.0,14,1,0.0
U026240,0.0,0.0,17,1,0.0
U011953,0.0,0.0,6,1,0.0
U000428,0.0,0.0,26,1,0.0
U026243,0.0,0.0,30,1,0.0
U026244,0.0,0.0,28,1,0.0
U000423,0.0,0.0,16,1,0.0
U000422,0.0,0.0,21,1,0.0
U000419,0.0,0.0,17,1,0.0
U000409,0.0,0.0,27,1,0.0
U026249,0.0,0.0,15,1,0.0
U011250,0.0,0.0,29,1,0.0
U026251,0.0,0.0,21,1,0.0
U026252,0.0,0.0,19,1,0.0
U000408,0.0,0.0,23,1,0.0
U000407,0.0,0.0,29,1,0.0
U000406,0.0,0.0,16,1,0.0
U000396,0.0,0.0,16,1,0.0
U000394,0.0,0.0,8,1,0.0
U000393,0.0,0.0,18,1,0.0
U026259,0.0,0.0,29,1,0.0
U000390,0.0,0.0,22,1,0.0
U026261,0.0,0.0,15,1,0.0
U000388,0.0,0.0,20,1,0.0
U000387,0.0,0.0,30,1,0.0
U000385,0.0,0.0,3,1,0.0
U026265,0.0,0.0,18,1,0.0
U011949,0.0,0.0,26,1,0.0
U000383,0.0,0.0,27,1,0.0
U017344,0.0,0.0,8,1,0.0
U026269,0.0,0.0,16,1,0.0
U026270,0.0,0.0,15,1,0.0
U000380,0.0,0.0,10,1,0.0
U000377,0.0,0.0,6,1,0.0
U026273,0.0,0.0,9,1,0.0
U000376,0.0,0.0,17,1,0.0
U000373,0.0,0.0,18,1,0.0
U026276,0.0,0.0,23,1,0.0
U000371,0.0,0.0,16,1,0.0
U026278,0.0,0.0,16,1,0.0
U026279,0.0,0.0,12,1,0.0
U026280,0.0,0.0,9,1,0.0
U000369,0.0,0.0,12,1,0.0
U000368,0.0,0.0,27,1,0.0
U000367,0.0,0.0,18,1,0.0
U000366,0.0,0.0,11,1,0.0
U000364,0.0,0.0,16,1,0.0
U000363,0.0,0.0,22,1,0.0
U000360,0.0,0.0,3,1,0.0
U000358,0.0,0.0,25,1,0.0
U026289,0.0,0.0,18,1,0.0
U026290,0.0,0.0,30,1,0.0
U026291,0.0,0.0,8,1,0.0
U026292,0.0,0.0,13,1,0.0
U026293,0.0,0.0,24,1,0.0
U000355,0.0,0.0,17,1,0.0
U026295,0.0,0.0,29,1,0.0
U026296,0.0,0.0,22,1,0.0
U000354,0.0,0.0,24,1,0.0
U026298,0.0,0.0,3,1,0.0
U000353,0.0,0.0,28,1,0.0
U026300,0.0,0.0,16,1,0.0
U011948,0.0,0.0,8,1,0.0
U026302,0.0,0.0,2,1,0.0
U000351,0.0,0.0,22,1,0.0
U000350,0.0,0.0,30,1,0.0
U026305,0.0,0.0,21,1,0.0
U000348,0.0,0.0,24,1,0.0
U011947,0.0,0.0,31,1,0.0
U000338,0.0,0.0,19,1,0.0
U000331,0.0,0.0,30,1,0.0
U011944,0.0,0.0,8,1,0.0
U026311,0.0,0.0,14,1,0.0
U000329,0.0,0.0,19,1,0.0
U000328,0.0,0.0,30,1,0.0
U026314,0.0,0.0,25,1,0.0
U000326,0.0,0.0,10,1,0.0
U000323,0.0,0.0,21,1,0.0
U026317,0.0,0.0,30,1,0.0
U026318,0.0,0.0,22,1,0.0
U026319,0.0,0.0,6,1,0.0
U017348,0.0,0.0,19,1,0.0
U000317,0.0,0.0,9,1,0.0
U026322,0.0,0.0,28,1,0.0
U026323,0.0,0.0,24,1,0.0
U000315,0.0,0.0,21,1,0.0
U000314,0.0,0.0,5,1,0.0
U000308,0.0,0.0,22,1,0.0
U000306,0.0,0.0,28,1,0.0
U000304,0.0,0.0,27,1,0.0
U026329,0.0,0.0,5,1,0.0
U026330,0.0,0.0,7,1,0.0
U000303,0.0,0.0,9,1,0.0
U000296,0.0,0.0,15,1,0.0
U000293,0.0,0.0,4,1,0.0
U000292,0.0,0.0,2,1,0.0
U026335,0.0,0.0,3,1,0.0
U026336,0.0,0.0,3,1,0.0
U026337,0.0,0.0,25,1,0.0
U000288,0.0,0.0,27,1,0.0
U000286,0.0,0.0,6,1,0.0
U000285,0.0,0.0,7,1,0.0
U000284,0.0,0.0,5,1,0.0
U000278,0.0,0.0,11,1,0.0
U026343,0.0,0.0,18,1,0.0
U026344,0.0,0.0,10,1,0.0
U026345,0.0,0.0,9,1,0.0
U026346,0.0,0.0,4,1,0.0
U026347,0.0,0.0,7,1,0.0
U000277,0.0,0.0,5,1,0.0
U000275,0.0,0.0,3,1,0.0
U026350,0.0,0.0,17,1,0.0
U026351,0.0,0.0,6,1,0.0
U000274,0.0,0.0,25,1,0.0
U000273,0.0,0.0,9,1,0.0
U015147,0.0,0.0,15,1,0.0
U026355,0.0,0.0,13,1,0.0
U000272,0.0,0.0,25,1,0.0
U000271,0.0,0.0,21,1,0.0
U000267,0.0,0.0,30,1,0.0
U017349,0.0,0.0,22,1,0.0
U026360,0.0,0.0,9,1,0.0
U000265,0.0,0.0,29,1,0.0
U015148,0.0,0.0,23,1,0.0
U000262,0.0,0.0,31,1,0.0
U011943,0.0,0.0,5,1,0.0
U000261,0.0,0.0,17,1,0.0
U000258,0.0,0.0,8,1,0.0
U000255,0.0,0.0,19,1,0.0
U000254,0.0,0.0,21,1,0.0
U000253,0.0,0.0,25,1,0.0
U000251,0.0,0.0,19,1,0.0
U000250,0.0,0.0,17,1,0.0
U000248,0.0,0.0,25,1,0.0
U026373,0.0,0.0,29,1,0.0
U000247,0.0,0.0,4,1,0.0
U000245,0.0,0.0,5,1,0.0
U000244,0.0,0.0,10,1,0.0
U000243,0.0,0.0,20,1,0.0
U000238,0.0,0.0,19,1,0.0
U000237,0.0,0.0,29,1,0.0
U026380,0.0,0.0,20,1,0.0
U000234,0.0,0.0,10,1,0.0
U000229,0.0,0.0,16,1,0.0
U000228,0.0,0.0,12,1,0.0
U000227,0.0,0.0,21,1,0.0
U026385,0.0,0.0,16,1,0.0
U000225,0.0,0.0,11,1,0.0
U026387,0.0,0.0,4,1,0.0
U000219,0.0,0.0,5,1,0.0
U000218,0.0,0.0,19,1,0.0
U026390,0.0,0.0,15,1,0.0
U000217,0.0,0.0,7,1,0.0
U000213,0.0,0.0,11,1,0.0
U026393,0.0,0.0,22,1,0.0
U026394,0.0,0.0,12,1,0.0
U000212,0.0,0.0,14,1,0.0
U017352,0.0,0.0,5,1,0.0
U000208,0.0,0.0,31,1,0.0
U026398,0.0,0.0,9,1,0.0
U011941,0.0,0.0,18,1,0.0
U026400,0.0,0.0,18,1,0.0
U026401,0.0,0.0,6,1,0.0
U026402,0.0,0.0,24,1,0.0
U000201,0.0,0.0,26,1,0.0
U000199,0.0,0.0,18,1,0.0
U011940,0.0,0.0,12,1,0.0
U000195,0.0,0.0,10,1,0.0
U026407,0.0,0.0,7,1,0.0
U000194,0.0,0.0,5,1,0.0
U000193,0.0,0.0,25,1,0.0
U000192,0.0,0.0,22,1,0.0
U000186,0.0,0.0,14,1,0.0
U026412,0.0,0.0,4,1,0.0
U000181,0.0,0.0,5,1,0.0
U017355,0.0,0.0,9,1,0.0
U000179,0.0,0.0,2,1,0.0
U026416,0.0,0.0,31,1,0.0
U011937,0.0,0.0,16,1,0.0
U026418,0.0,0.0,5,1,0.0
U000178,0.0,0.0,26,1,0.0
U000177,0.0,0.0,9,1,0.0
U026421,0.0,0.0,14,1,0.0
U000176,0.0,0.0,17,1,0.0
U000174,0.0,0.0,22,1,0.0
U000172,0.0,0.0,15,1,0.0
U026425,0.0,0.0,31,1,0.0
U000170,0.0,0.0,14,1,0.0
U000169,0.0,0.0,5,1,0.0
U000166,0.0,0.0,14,1,0.0
U026429,0.0,0.0,24,1,0.0
U026430,0.0,0.0,5,1,0.0
U000164,0.0,0.0,21,1,0.0
U000163,0.0,0.0,26,1,0.0
U000162,0.0,0.0,21,1,0.0
U026434,0.0,0.0,18,1,0.0
U026435,0.0,0.0,3,1,0.0
U000161,0.0,0.0,25,1,0.0
U000160,0.0,0.0,20,1,0.0
U026438,0.0,0.0,12,1,0.0
U026439,0.0,0.0,2,1,0.0
U000153,0.0,0.0,10,1,0.0
U026441,0.0,0.0,20,1,0.0
U017357,0.0,0.0,12,1,0.0
U000149,0.0,0.0,18,1,0.0
U000146,0.0,0.0,5,1,0.0
U000141,0.0,0.0,15,1,0.0
U000140,0.0,0.0,4,1,0.0
U026447,0.0,0.0,6,1,0.0
U026448,0.0,0.0,11,1,0.0
U000136,0.0,0.0,4,1,0.0
U000129,0.0,0.0,4,1,0.0
U000127,0.0,0.0,11,1,0.0
U017358,0.0,0.0,6,1,0.0
U026453,0.0,0.0,20,1,0.0
U017359,0.0,0.0,25,1,0.0
U000126,0.0,0.0,25,1,0.0
U000120,0.0,0.0,10,1,0.0
U000118,0.0,0.0,15,1,0.0
U026458,0.0,0.0,9,1,0.0
U011936,0.0,0.0,22,1,0.0
U017361,0.0,0.0,14,1,0.0
U014794,0.0,0.0,28,1,0.0
U000116,0.0,0.0,25,1,0.0
U026463,0.0,0.0,17,1,0.0
U026464,0.0,0.0,27,1,0.0
U011931,0.0,0.0,3,1,0.0
U026466,0.0,0.0,7,1,0.0
U026467,0.0,0.0,14,1,0.0
U000109,0.0,0.0,28,1,0.0
U011917,0.0,0.0,20,1,0.0
U026470,0.0,0.0,16,1,0.0
U026471,0.0,0.0,22,1,0.0
U000100,0.0,0.0,17,1,0.0
U000097,0.0,0.0,25,1,0.0
U026474,0.0,0.0,8,1,0.0
U026475,0.0,0.0,7,1,0.0
U000095,0.0,0.0,27,1,0.0
U017366,0.0,0.0,26,1,0.0
U026478,0.0,0.0,24,1,0.0
U000093,0.0,0.0,31,1,0.0
U026480,0.0,0.0,13,1,0.0
U026481,0.0,0.0,24,1,0.0
U026482,0.0,0.0,9,1,0.0
U000091,0.0,0.0,22,1,0.0
U026484,0.0,0.0,8,1,0.0
U026485,0.0,0.0,22,1,0.0
U026486,0.0,0.0,8,1,0.0
U026487,0.0,0.0,26,1,0.0
U000090,0.0,0.0,4,1,0.0
U026489,0.0,0.0,11,1,0.0
U000087,0.0,0.0,8,1,0.0
U000086,0.0,0.0,29,1,0.0
U000084,0.0,0.0,3,1,0.0
U026493,0.0,0.0,17,1,0.0
U026494,0.0,0.0,19,1,0.0
U026495,0.0,0.0,10,1,0.0
U011912,0.0,0.0,25,1,0.0
U000082,0.0,0.0,12,1,0.0
U026498,0.0,0.0,18,1,0.0
U026499,0.0,0.0,24,1,0.0
U000081,0.0,0.0,20,1,0.0
U000079,0.0,0.0,30,1,0.0
U026502,0.0,0.0,29,1,0.0
U000074,0.0,0.0,29,1,0.0
U026504,0.0,0.0,18,1,0.0
U026505,0.0,0.0,12,1,0.0
U000071,0.0,0.0,30,1,0.0
U017368,0.0,0.0,31,1,0.0
U017369,0.0,0.0,29,1,0.0
U000068,0.0,0.0,20,1,0.0
U000066,0.0,0.0,30,1,0.0
U026511,0.0,0.0,22,1,0.0
U026512,0.0,0.0,14,1,0.0
U026513,0.0,0.0,13,1,0.0
U026514,0.0,0.0,6,1,0.0
U000065,0.0,0.0,15,1,0.0
U000064,0.0,0.0,20,1,0.0
U026517,0.0,0.0,27,1,0.0
U026518,0.0,0.0,4,1,0.0
U000063,0.0,0.0,31,1,0.0
U026520,0.0,0.0,12,1,0.0
U000062,0.0,0.0,8,1,0.0
U026522,0.0,0.0,3,1,0.0
U026523,0.0,0.0,6,1,0.0
U000061,0.0,0.0,21,1,0.0
U000060,0.0,0.0,21,1,0.0
U026526,0.0,0.0,28,1,0.0
U026527,0.0,0.0,2,1,0.0
U026528,0.0,0.0,21,1,0.0
U000058,0.0,0.0,4,1,0.0
U000055,0.0,0.0,26,1,0.0
U000054,0.0,0.0,14,1,0.0
U000053,0.0,0.0,24,1,0.0
U000052,0.0,0.0,12,1,0.0
U026534,0.0,0.0,22,1,0.0
U000050,0.0,0.0,12,1,0.0
U000049,0.0,0.0,27,1,0.0
U000048,0.0,0.0,16,1,0.0
U000045,0.0,0.0,4,1,0.0
U000039,0.0,0.0,26,1,0.0
U000037,0.0,0.0,22,1,0.0
U000035,0.0,0.0,18,1,0.0
U000034,0.0,0.0,8,1,0.0
U000030,0.0,0.0,16,1,0.0
U017370,0.0,0.0,4,1,0.0
U000028,0.0,0.0,27,1,0.0
U015150,0.0,0.0,13,1,0.0
U014790,0.0,0.0,20,1,0.0
U000025,0.0,0.0,14,1,0.0
U017371,0.0,0.0,19,1,0.0
U026550,0.0,0.0,28,1,0.0
U000023,0.0,0.0,21,1,0.0
U026552,0.0,0.0,3,1,0.0
U000022,0.0,0.0,20,1,0.0
U000021,0.0,0.0,22,1,0.0
U026555,0.0,0.0,28,1,0.0
U017372,0.0,0.0,29,1,0.0
U026557,0.0,0.0,28,1,0.0
U026558,0.0,0.0,30,1,0.0
U014788,0.0,0.0,27,1,0.0
U000018,0.0,0.0,11,1,0.0
U026561,0.0,0.0,3,1,0.0
U029984,0.0,0.0,20,1,0.0
U026563,0.0,0.0,26,1,0.0
U026564,0.0,0.0,26,1,0.0
U026565,0.0,0.0,21,1,0.0
U026566,0.0,0.0,23,1,0.0
U026567,0.0,0.0,2,1,0.0
U029983,0.0,0.0,29,1,0.0
U026569,0.0,0.0,29,1,0.0
U026570,0.0,0.0,4,1,0.0
U026571,0.0,0.0,2,1,0.0
U029982,0.0,0.0,23,1,0.0
U026573,0.0,0.0,4,1,0.0
U026574,0.0,0.0,8,1,0.0
U026575,0.0,0.0,23,1,0.0
U026576,0.0,0.0,12,1,0.0
U029981,0.0,0.0,5,1,0.0
U029980,0.0,0.0,30,1,0.0
U029979,0.0,0.0,20,1,0.0
U011910,0.0,0.0,26,1,0.0
U026581,0.0,0.0,31,1,0.0
U029976,0.0,0.0,2,1,0.0
U026583,0.0,0.0,28,1,0.0
U026584,0.0,0.0,9,1,0.0
U029970,0.0,0.0,17,1,0.0
U014780,0.0,0.0,2,1,0.0
U015154,0.0,0.0,15,1,0.0
U014778,0.0,0.0,6,1,0.0
U015156,0.0,0.0,10,1,0.0
U026590,0.0,0.0,14,1,0.0
U026591,0.0,0.0,30,1,0.0
U026592,0.0,0.0,6,1,0.0
U015157,0.0,0.0,15,1,0.0
U014777,0.0,0.0,27,1,0.0
U026595,0.0,0.0,10,1,0.0
U014776,0.0,0.0,6,1,0.0
U026597,0.0,0.0,21,1,0.0
U015160,0.0,0.0,4,1,0.0
U026599,0.0,0.0,4,1,0.0
U026600,0.0,0.0,6,1,0.0
U026601,0.0,0.0,20,1,0.0
U015161,0.0,0.0,4,1,0.0
U015162,0.0,0.0,29,1,0.0
U015163,0.0,0.0,4,1,0.0
U014774,0.0,0.0,28,1,0.0
U026606,0.0,0.0,17,1,0.0
U026607,0.0,0.0,31,1,0.0
U015165,0.0,0.0,21,1,0.0
U026609,0.0,0.0,8,1,0.0
U026610,0.0,0.0,8,1,0.0
U014772,0.0,0.0,17,1,0.0
U014769,0.0,0.0,12,1,0.0
U026613,0.0,0.0,27,1,0.0
U017374,0.0,0.0,4,1,0.0
U015169,0.0,0.0,11,1,0.0
U011907,0.0,0.0,19,1,0.0
U015171,0.0,0.0,27,1,0.0
U014762,0.0,0.0,24,1,0.0
U015173,0.0,0.0,21,1,0.0
U026620,0.0,0.0,24,1,0.0
U014761,0.0,0.0,24,1,0.0
U017376,0.0,0.0,22,1,0.0
U014759,0.0,0.0,26,1,0.0
U026624,0.0,0.0,19,1,0.0
U026625,0.0,0.0,10,1,0.0
U015177,0.0,0.0,29,1,0.0
U014752,0.0,0.0,4,1,0.0
U014750,0.0,0.0,31,1,0.0
U026629,0.0,0.0,21,1,0.0
U015180,0.0,0.0,6,1,0.0
U026631,0.0,0.0,7,1,0.0
U026632,0.0,0.0,2,1,0.0
U015181,0.0,0.0,30,1,0.0
U015182,0.0,0.0,22,1,0.0
U026635,0.0,0.0,3,1,0.0
U026636,0.0,0.0,17,1,0.0
U015183,0.0,0.0,10,1,0.0
U026638,0.0,0.0,24,1,0.0
U026639,0.0,0.0,28,1,0.0
U014748,0.0,0.0,18,1,0.0
U026641,0.0,0.0,28,1,0.0
U014745,0.0,0.0,8,1,0.0
U011905,0.0,0.0,15,1,0.0
U026644,0.0,0.0,19,1,0.0
U015187,0.0,0.0,30,1,0.0
U026646,0.0,0.0,21,1,0.0
U026647,0.0,0.0,5,1,0.0
U014743,0.0,0.0,18,1,0.0
U015189,0.0,0.0,3,1,0.0
U017378,0.0,0.0,29,1,0.0
U015190,0.0,0.0,16,1,0.0
U015191,0.0,0.0,26,1,0.0
U014742,0.0,0.0,27,1,0.0
U014739,0.0,0.0,4,1,0.0
U026655,0.0,0.0,12,1,0.0
U014735,0.0,0.0,7,1,0.0
U011902,0.0,0.0,4,1,0.0
U011899,0.0,0.0,31,1,0.0
U026659,0.0,0.0,24,1,0.0
U015196,0.0,0.0,27,1,0.0
U026661,0.0,0.0,8,1,0.0
U015197,0.0,0.0,23,1,0.0
U026663,0.0,0.0,5,1,0.0
U026664,0.0,0.0,9,1,0.0
U026665,0.0,0.0,18,1,0.0
U014734,0.0,0.0,7,1,0.0
U015199,0.0,0.0,9,1,0.0
U015200,0.0,0.0,15,1,0.0
U015201,0.0,0.0,11,1,0.0
U015202,0.0,0.0,5,1,0.0
U015203,0.0,0.0,10,1,0.0
U014730,0.0,0.0,17,1,0.0
U026673,0.0,0.0,14,1,0.0
U026674,0.0,0.0,16,1,0.0
U014725,0.0,0.0,27,1,0.0
U015206,0.0,0.0,5,1,0.0
U026677,0.0,0.0,15,1,0.0
U014722,0.0,0.0,28,1,0.0
U015208,0.0,0.0,7,1,0.0
U014720,0.0,0.0,23,1,0.0
U026681,0.0,0.0,18,1,0.0
U014719,0.0,0.0,29,1,0.0
U014718,0.0,0.0,28,1,0.0
U026684,0.0,0.0,18,1,0.0
U026685,0.0,0.0,12,1,0.0
U026686,0.0,0.0,10,1,0.0
U015212,0.0,0.0,12,1,0.0
U026688,0.0,0.0,12,1,0.0
U017381,0.0,0.0,24,1,0.0
U014717,0.0,0.0,10,1,0.0
U017382,0.0,0.0,9,1,0.0
U026692,0.0,0.0,24,1,0.0
U026693,0.0,0.0,12,1,0.0
U015214,0.0,0.0,14,1,0.0
U026695,0.0,0.0,20,1,0.0
U014715,0.0,0.0,2,1,0.0
U026697,0.0,0.0,19,1,0.0
U014713,0.0,0.0,27,1,0.0
U014708,0.0,0.0,11,1,0.0
U014705,0.0,0.0,22,1,0.0
U026701,0.0,0.0,5,1,0.0
U014702,0.0,0.0,21,1,0.0
U014700,0.0,0.0,22,1,0.0
U026704,0.0,0.0,14,1,0.0
U026705,0.0,0.0,20,1,0.0
U026706,0.0,0.0,8,1,0.0
U026707,0.0,0.0,19,1,0.0
U011898,0.0,0.0,6,1,0.0
U026709,0.0,0.0,17,1,0.0
U026710,0.0,0.0,18,1,0.0
U015222,0.0,0.0,21,1,0.0
U017384,0.0,0.0,27,1,0.0
U014696,0.0,0.0,12,1,0.0
U026714,0.0,0.0,20,1,0.0
U014694,0.0,0.0,14,1,0.0
U011897,0.0,0.0,2,1,0.0
U014688,0.0,0.0,4,1,0.0
U015227,0.0,0.0,19,1,0.0
U014684,0.0,0.0,7,1,0.0
U014683,0.0,0.0,28,1,0.0
U026721,0.0,0.0,21,1,0.0
U014682,0.0,0.0,21,1,0.0
U015231,0.0,0.0,17,1,0.0
U026724,0.0,0.0,15,1,0.0
U026725,0.0,0.0,16,1,0.0
U015232,0.0,0.0,7,1,0.0
U026727,0.0,0.0,29,1,0.0
U026728,0.0,0.0,4,1,0.0
U015233,0.0,0.0,10,1,0.0
U026730,0.0,0.0,13,1,0.0
U026731,0.0,0.0,22,1,0.0
U015234,0.0,0.0,10,1,0.0
U026733,0.0,0.0,2,1,0.0
U026734,0.0,0.0,15,1,0.0
U026735,0.0,0.0,4,1,0.0
U026736,0.0,0.0,8,1,0.0
U026737,0.0,0.0,3,1,0.0
U014681,0.0,0.0,21,1,0.0
U015236,0.0,0.0,5,1,0.0
U015237,0.0,0.0,16,1,0.0
U014680,0.0,0.0,2,1,0.0
U014674,0.0,0.0,6,1,0.0
U015240,0.0,0.0,6,1,0.0
U015241,0.0,0.0,22,1,0.0
U014673,0.0,0.0,3,1,0.0
U014671,0.0,0.0,26,1,0.0
U026747,0.0,0.0,3,1,0.0
U014666,0.0,0.0,27,1,0.0
U026749,0.0,0.0,30,1,0.0
U014665,0.0,0.0,10,1,0.0
U026751,0.0,0.0,4,1,0.0
U014663,0.0,0.0,15,1,0.0
U014659,0.0,0.0,9,1,0.0
U026754,0.0,0.0,31,1,0.0
U015248,0.0,0.0,24,1,0.0
U014658,0.0,0.0,31,1,0.0
U015003,0.0,0.0,23,1,0.0
U015251,0.0,0.0,22,1,0.0
U014655,0.0,0.0,19,1,0.0
U015253,0.0,0.0,31,1,0.0
U015254,0.0,0.0,13,1,0.0
U026762,0.0,0.0,28,1,0.0
U014653,0.0,0.0,7,1,0.0
U015256,0.0,0.0,14,1,0.0
U026765,0.0,0.0,26,1,0.0
U026766,0.0,0.0,19,1,0.0
U014649,0.0,0.0,7,1,0.0
U026768,0.0,0.0,19,1,0.0
U026769,0.0,0.0,4,1,0.0
U015258,0.0,0.0,11,1,0.0
U014647,0.0,0.0,12,1,0.0
U011893,0.0,0.0,21,1,0.0
U015260,0.0,0.0,10,1,0.0
U014646,0.0,0.0,13,1,0.0
U014644,0.0,0.0,18,1,0.0
U026776,0.0,0.0,10,1,0.0
U026777,0.0,0.0,25,1,0.0
U026778,0.0,0.0,26,1,0.0
U015004,0.0,0.0,30,1,0.0
U014643,0.0,0.0,5,1,0.0
U014642,0.0,0.0,17,1,0.0
U026782,0.0,0.0,13,1,0.0
U026783,0.0,0.0,4,1,0.0
U014637,0.0,0.0,30,1,0.0
U014636,0.0,0.0,8,1,0.0
U015268,0.0,0.0,9,1,0.0
U011892,0.0,0.0,6,1,0.0
U015270,0.0,0.0,25,1,0.0
U026789,0.0,0.0,13,1,0.0
U026790,0.0,0.0,13,1,0.0
U011883,0.0,0.0,25,1,0.0
U014633,0.0,0.0,29,1,0.0
U026793,0.0,0.0,26,1,0.0
U014632,0.0,0.0,9,1,0.0
U014630,0.0,0.0,11,1,0.0
U014628,0.0,0.0,17,1,0.0
U015275,0.0,0.0,15,1,0.0
U017390,0.0,0.0,4,1,0.0
U014627,0.0,0.0,8,1,0.0
U014626,0.0,0.0,13,1,0.0
U026801,0.0,0.0,25,1,0.0
U015279,0.0,0.0,24,1,0.0
U014625,0.0,0.0,12,1,0.0
U026804,0.0,0.0,21,1,0.0
U014616,0.0,0.0,21,1,0.0
U015282,0.0,0.0,23,1,0.0
U014615,0.0,0.0,26,1,0.0
U026808,0.0,0.0,13,1,0.0
U014612,0.0,0.0,8,1,0.0
U015285,0.0,0.0,15,1,0.0
U026811,0.0,0.0,26,1,0.0
U014611,0.0,0.0,20,1,0.0
U026813,0.0,0.0,13,1,0.0
U015287,0.0,0.0,13,1,0.0
U014610,0.0,0.0,10,1,0.0
U017391,0.0,0.0,8,1,0.0
U014608,0.0,0.0,30,1,0.0
U026818,0.0,0.0,22,1,0.0
U026819,0.0,0.0,6,1,0.0
U017392,0.0,0.0,31,1,0.0
U015291,0.0,0.0,27,1,0.0
U015292,0.0,0.0,7,1,0.0
U014607,0.0,0.0,24,1,0.0
U015294,0.0,0.0,29,1,0.0
U015295,0.0,0.0,1,1,0.0
U015296,0.0,0.0,23,1,0.0
U011878,0.0,0.0,12,1,0.0
U011872,0.0,0.0,26,1,0.0
U026829,0.0,0.0,29,1,0.0
U014606,0.0,0.0,3,1,0.0
U014605,0.0,0.0,11,1,0.0
U014604,0.0,0.0,27,1,0.0
U014598,0.0,0.0,4,1,0.0
U011868,0.0,0.0,21,1,0.0
U026835,0.0,0.0,21,1,0.0
U014593,0.0,0.0,5,1,0.0
U014589,0.0,0.0,23,1,0.0
U015305,0.0,0.0,27,1,0.0
U014588,0.0,0.0,20,1,0.0
U014586,0.0,0.0,5,1,0.0
U015308,0.0,0.0,24,1,0.0
U014585,0.0,0.0,2,1,0.0
U014584,0.0,0.0,8,1,0.0
U026844,0.0,0.0,18,1,0.0
U026845,0.0,0.0,4,1,0.0
U026846,0.0,0.0,28,1,0.0
U026847,0.0,0.0,23,1,0.0
U015311,0.0,0.0,14,1,0.0
U014997,0.0,0.0,9,1,0.0
U014582,0.0,0.0,16,1,0.0
U026851,0.0,0.0,31,1,0.0
U014578,0.0,0.0,24,1,0.0
U026853,0.0,0.0,9,1,0.0
U014576,0.0,0.0,7,1,0.0
U014571,0.0,0.0,27,1,0.0
U014570,0.0,0.0,5,1,0.0
U017396,0.0,0.0,17,1,0.0
U015318,0.0,0.0,7,1,0.0
U015319,0.0,0.0,12,1,0.0
U026860,0.0,0.0,14,1,0.0
U026861,0.0,0.0,4,1,0.0
U026862,0.0,0.0,12,1,0.0
U026863,0.0,0.0,18,1,0.0
U014567,0.0,0.0,24,1,0.0
U015321,0.0,0.0,18,1,0.0
U014566,0.0,0.0,21,1,0.0
U011867,0.0,0.0,24,1,0.0
U026868,0.0,0.0,9,1,0.0
U015324,0.0,0.0,24,1,0.0
U015325,0.0,0.0,6,1,0.0
U026871,0.0,0.0,13,1,0.0
U026872,0.0,0.0,10,1,0.0
U015326,0.0,0.0,8,1,0.0
U015327,0.0,0.0,13,1,0.0
U014562,0.0,0.0,16,1,0.0
U014561,0.0,0.0,28,1,0.0
U026877,0.0,0.0,17,1,0.0
U015330,0.0,0.0,7,1,0.0
U015331,0.0,0.0,13,1,0.0
U015332,0.0,0.0,6,1,0.0
U026881,0.0,0.0,25,1,0.0
U026882,0.0,0.0,16,1,0.0
U014559,0.0,0.0,19,1,0.0
U015334,0.0,0.0,5,1,0.0
U014557,0.0,0.0,5,1,0.0
U015336,0.0,0.0,7,1,0.0
U014556,0.0,0.0,8,1,0.0
U015338,0.0,0.0,4,1,0.0
U026889,0.0,0.0,10,1,0.0
U014553,0.0,0.0,1,1,0.0
U015340,0.0,0.0,3,1,0.0
U026892,0.0,0.0,26,1,0.0
U014548,0.0,0.0,14,1,0.0
U015342,0.0,0.0,16,1,0.0
U014547,0.0,0.0,7,1,0.0
U014540,0.0,0.0,9,1,0.0
U014539,0.0,0.0,26,1,0.0
U014538,0.0,0.0,29,1,0.0
U026899,0.0,0.0,28,1,0.0
U014534,0.0,0.0,20,1,0.0
U026901,0.0,0.0,25,1,0.0
U026902,0.0,0.0,23,1,0.0
U015348,0.0,0.0,20,1,0.0
U026904,0.0,0.0,1,1,0.0
U011866,0.0,0.0,16,1,0.0
U015350,0.0,0.0,24,1,0.0
U017399,0.0,0.0,11,1,0.0
U014526,0.0,0.0,10,1,0.0
U014521,0.0,0.0,26,1,0.0
U026910,0.0,0.0,11,1,0.0
U015354,0.0,0.0,6,1,0.0
U015355,0.0,0.0,22,1,0.0
U015356,0.0,0.0,18,1,0.0
U026914,0.0,0.0,2,1,0.0
U015357,0.0,0.0,2,1,0.0
U015358,0.0,0.0,7,1,0.0
U026917,0.0,0.0,7,1,0.0
U026918,0.0,0.0,6,1,0.0
U014519,0.0,0.0,19,1,0.0
U026920,0.0,0.0,17,1,0.0
U026921,0.0,0.0,17,1,0.0
U015360,0.0,0.0,12,1,0.0
U026923,0.0,0.0,29,1,0.0
U026924,0.0,0.0,21,1,0.0
U015361,0.0,0.0,7,1,0.0
U026926,0.0,0.0,16,1,0.0
U014517,0.0,0.0,3,1,0.0
U026928,0.0,0.0,13,1,0.0
U015363,0.0,0.0,24,1,0.0
U015364,0.0,0.0,7,1,0.0
U015365,0.0,0.0,21,1,0.0
U014515,0.0,0.0,17,1,0.0
U014514,0.0,0.0,23,1,0.0
U026934,0.0,0.0,2,1,0.0
U026935,0.0,0.0,25,1,0.0
U015368,0.0,0.0,7,1,0.0
U014513,0.0,0.0,27,1,0.0
U015370,0.0,0.0,15,1,0.0
U026939,0.0,0.0,1,1,0.0
U015371,0.0,0.0,22,1,0.0
U026941,0.0,0.0,16,1,0.0
U015372,0.0,0.0,22,1,0.0
U026943,0.0,0.0,23,1,0.0
U014512,0.0,0.0,22,1,0.0
U015374,0.0,0.0,19,1,0.0
U026946,0.0,0.0,22,1,0.0
U015375,0.0,0.0,25,1,0.0
U014511,0.0,0.0,10,1,0.0
U014509,0.0,0.0,28,1,0.0
U026950,0.0,0.0,20,1,0.0
U026951,0.0,0.0,24,1,0.0
U011865,0.0,0.0,7,1,0.0
U026953,0.0,0.0,7,1,0.0
U026954,0.0,0.0,21,1,0.0
U014501,0.0,0.0,9,1,0.0
U026956,0.0,0.0,26,1,0.0
U026957,0.0,0.0,18,1,0.0
U011864,0.0,0.0,6,1,0.0
U014499,0.0,0.0,28,1,0.0
U015382,0.0,0.0,8,1,0.0
U026961,0.0,0.0,14,1,0.0
U026962,0.0,0.0,17,1,0.0
U015383,0.0,0.0,7,1,0.0
U014496,0.0,0.0,30,1,0.0
U026965,0.0,0.0,14,1,0.0
U015385,0.0,0.0,2,1,0.0
U026967,0.0,0.0,7,1,0.0
U026968,0.0,0.0,7,1,0.0
U026969,0.0,0.0,10,1,0.0
U014495,0.0,0.0,15,1,0.0
U026971,0.0,0.0,28,1,0.0
U026972,0.0,0.0,13,1,0.0
U026973,0.0,0.0,26,1,0.0
U014494,0.0,0.0,23,1,0.0
U014493,0.0,0.0,11,1,0.0
U026976,0.0,0.0,13,1,0.0
U026977,0.0,0.0,26,1,0.0
U014491,0.0,0.0,6,1,0.0
U026979,0.0,0.0,29,1,0.0
U026980,0.0,0.0,5,1,0.0
U014490,0.0,0.0,4,1,0.0
U014488,0.0,0.0,15,1,0.0
U026983,0.0,0.0,21,1,0.0
U026984,0.0,0.0,23,1,0.0
U026985,0.0,0.0,15,1,0.0
U026986,0.0,0.0,27,1,0.0
U015392,0.0,0.0,16,1,0.0
U026988,0.0,0.0,18,1,0.0
U026989,0.0,0.0,15,1,0.0
U026990,0.0,0.0,20,1,0.0
U026991,0.0,0.0,28,1,0.0
U015393,0.0,0.0,8,1,0.0
U017403,0.0,0.0,7,1,0.0
U026994,0.0,0.0,28,1,0.0
U015395,0.0,0.0,17,1,0.0
U014484,0.0,0.0,23,1,0.0
U015397,0.0,0.0,21,1,0.0
U026998,0.0,0.0,10,1,0.0
U026999,0.0,0.0,14,1,0.0
U027000,0.0,0.0,13,1,0.0
U014480,0.0,0.0,14,1,0.0
U015399,0.0,0.0,20,1,0.0
U015400,0.0,0.0,15,1,0.0
U027004,0.0,0.0,9,1,0.0
U014478,0.0,0.0,12,1,0.0
U015402,0.0,0.0,17,1,0.0
U014476,0.0,0.0,18,1,0.0
U027008,0.0,0.0,8,1,0.0
U027009,0.0,0.0,19,1,0.0
U027010,0.0,0.0,6,1,0.0
U015404,0.0,0.0,3,1,0.0
U014464,0.0,0.0,20,1,0.0
U015406,0.0,0.0,28,1,0.0
U015407,0.0,0.0,3,1,0.0
U014462,0.0,0.0,27,1,0.0
U014461,0.0,0.0,2,1,0.0
U027017,0.0,0.0,30,1,0.0
U014459,0.0,0.0,9,1,0.0
U027019,0.0,0.0,15,1,0.0
U015411,0.0,0.0,30,1,0.0
U017404,0.0,0.0,30,1,0.0
U027022,0.0,0.0,9,1,0.0
U027023,0.0,0.0,23,1,0.0
U014453,0.0,0.0,18,1,0.0
U027025,0.0,0.0,30,1,0.0
U014445,0.0,0.0,26,1,0.0
U014444,0.0,0.0,30,1,0.0
U014443,0.0,0.0,28,1,0.0
U027029,0.0,0.0,16,1,0.0
U027030,0.0,0.0,21,1,0.0
U014442,0.0,0.0,9,1,0.0
U027032,0.0,0.0,29,1,0.0
U027033,0.0,0.0,10,1,0.0
U027034,0.0,0.0,30,1,0.0
U015418,0.0,0.0,5,1,0.0
U015419,0.0,0.0,4,1,0.0
U015420,0.0,0.0,10,1,0.0
U027038,0.0,0.0,14,1,0.0
U027039,0.0,0.0,11,1,0.0
U015421,0.0,0.0,27,1,0.0
U027041,0.0,0.0,31,1,0.0
U015422,0.0,0.0,4,1,0.0
U014441,0.0,0.0,15,1,0.0
U027044,0.0,0.0,7,1,0.0
U015424,0.0,0.0,7,1,0.0
U027046,0.0,0.0,20,1,0.0
U027047,0.0,0.0,7,1,0.0
U015425,0.0,0.0,9,1,0.0
U014440,0.0,0.0,30,1,0.0
U027050,0.0,0.0,13,1,0.0
U015427,0.0,0.0,25,1,0.0
U014438,0.0,0.0,22,1,0.0
U014436,0.0,0.0,7,1,0.0
U015430,0.0,0.0,22,1,0.0
U015431,0.0,0.0,17,1,0.0
U015432,0.0,0.0,21,1,0.0
U027057,0.0,0.0,17,1,0.0
U014435,0.0,0.0,16,1,0.0
U015434,0.0,0.0,28,1,0.0
U011861,0.0,0.0,15,1,0.0
U027061,0.0,0.0,21,1,0.0
U015436,0.0,0.0,26,1,0.0
U027063,0.0,0.0,26,1,0.0
U014433,0.0,0.0,28,1,0.0
U014430,0.0,0.0,7,1,0.0
U027066,0.0,0.0,9,1,0.0
U027067,0.0,0.0,21,1,0.0
U011860,0.0,0.0,26,1,0.0
U015440,0.0,0.0,18,1,0.0
U027070,0.0,0.0,22,1,0.0
U014429,0.0,0.0,27,1,0.0
U014427,0.0,0.0,16,1,0.0
U014426,0.0,0.0,14,1,0.0
U014424,0.0,0.0,14,1,0.0
U014423,0.0,0.0,29,1,0.0
U014421,0.0,0.0,21,1,0.0
U014420,0.0,0.0,29,1,0.0
U015448,0.0,0.0,26,1,0.0
U014418,0.0,0.0,2,1,0.0
U014415,0.0,0.0,5,1,0.0
U014411,0.0,0.0,25,1,0.0
U015452,0.0,0.0,9,1,0.0
U015453,0.0,0.0,11,1,0.0
U011857,0.0,0.0,26,1,0.0
U015455,0.0,0.0,17,1,0.0
U014402,0.0,0.0,17,1,0.0
U014394,0.0,0.0,16,1,0.0
U011853,0.0,0.0,27,1,0.0
U027089,0.0,0.0,27,1,0.0
U027090,0.0,0.0,19,1,0.0
U015459,0.0,0.0,28,1,0.0
U014391,0.0,0.0,6,1,0.0
U027093,0.0,0.0,29,1,0.0
U014389,0.0,0.0,12,1,0.0
U014387,0.0,0.0,15,1,0.0
U014994,0.0,0.0,9,1,0.0
U027097,0.0,0.0,27,1,0.0
U027098,0.0,0.0,2,1,0.0
U014386,0.0,0.0,30,1,0.0
U027100,0.0,0.0,6,1,0.0
U027101,0.0,0.0,15,1,0.0
U015465,0.0,0.0,23,1,0.0
U014382,0.0,0.0,8,1,0.0
U015467,0.0,0.0,25,1,0.0
U014379,0.0,0.0,5,1,0.0
U015469,0.0,0.0,22,1,0.0
U015470,0.0,0.0,22,1,0.0
U027108,0.0,0.0,4,1,0.0
U011852,0.0,0.0,7,1,0.0
U027110,0.0,0.0,25,1,0.0
U014375,0.0,0.0,20,1,0.0
U014374,0.0,0.0,29,1,0.0
U027113,0.0,0.0,11,1,0.0
U015474,0.0,0.0,19,1,0.0
U014372,0.0,0.0,9,1,0.0
U014371,0.0,0.0,15,1,0.0
U014370,0.0,0.0,2,1,0.0
U015478,0.0,0.0,9,1,0.0
U014991,0.0,0.0,28,1,0.0
U011850,0.0,0.0,27,1,0.0
U017412,0.0,0.0,24,1,0.0
U015481,0.0,0.0,17,1,0.0
U027123,0.0,0.0,16,1,0.0
U014366,0.0,0.0,25,1,0.0
U014360,0.0,0.0,25,1,0.0
U014357,0.0,0.0,7,1,0.0
U027127,0.0,0.0,3,1,0.0
U027128,0.0,0.0,15,1,0.0
U014356,0.0,0.0,14,1,0.0
U015486,0.0,0.0,7,1,0.0
U017413,0.0,0.0,11,1,0.0
U014347,0.0,0.0,31,1,0.0
U011849,0.0,0.0,25,1,0.0
U015490,0.0,0.0,12,1,0.0
U014341,0.0,0.0,25,1,0.0
U027136,0.0,0.0,10,1,0.0
U027137,0.0,0.0,25,1,0.0
U014340,0.0,0.0,15,1,0.0
U014338,0.0,0.0,30,1,0.0
U014337,0.0,0.0,3,1,0.0
U027141,0.0,0.0,11,1,0.0
U027142,0.0,0.0,30,1,0.0
U015495,0.0,0.0,1,1,0.0
U014336,0.0,0.0,22,1,0.0
U027145,0.0,0.0,12,1,0.0
U027146,0.0,0.0,4,1,0.0
U015497,0.0,0.0,17,1,0.0
U014335,0.0,0.0,30,1,0.0
U027149,0.0,0.0,6,1,0.0
U014334,0.0,0.0,19,1,0.0
U027151,0.0,0.0,3,1,0.0
U015500,0.0,0.0,9,1,0.0
U027153,0.0,0.0,14,1,0.0
U014325,0.0,0.0,21,1,0.0
U027155,0.0,0.0,8,1,0.0
U027156,0.0,0.0,10,1,0.0
U017415,0.0,0.0,20,1,0.0
U014321,0.0,0.0,2,1,0.0
U014320,0.0,0.0,4,1,0.0
U027160,0.0,0.0,29,1,0.0
U015504,0.0,0.0,19,1,0.0
U027162,0.0,0.0,18,1,0.0
U011844,0.0,0.0,27,1,0.0
U027164,0.0,0.0,26,1,0.0
U017417,0.0,0.0,16,1,0.0
U027166,0.0,0.0,7,1,0.0
U011843,0.0,0.0,30,1,0.0
U015505,0.0,0.0,28,1,0.0
U027169,0.0,0.0,21,1,0.0
U027170,0.0,0.0,6,1,0.0
U014317,0.0,0.0,24,1,0.0
U015507,0.0,0.0,23,1,0.0
U014314,0.0,0.0,26,1,0.0
U015509,0.0,0.0,19,1,0.0
U014312,0.0,0.0,12,1,0.0
U011840,0.0,0.0,7,1,0.0
U027177,0.0,0.0,26,1,0.0
U011836,0.0,0.0,26,1,0.0
U027179,0.0,0.0,19,1,0.0
U015512,0.0,0.0,10,1,0.0
U014306,0.0,0.0,19,1,0.0
U014304,0.0,0.0,13,1,0.0
U015515,0.0,0.0,9,1,0.0
U015516,0.0,0.0,27,1,0.0
U011833,0.0,0.0,20,1,0.0
U015518,0.0,0.0,16,1,0.0
U015519,0.0,0.0,13,1,0.0
U027188,0.0,0.0,25,1,0.0
U027189,0.0,0.0,6,1,0.0
U014301,0.0,0.0,23,1,0.0
U015521,0.0,0.0,28,1,0.0
U027192,0.0,0.0,3,1,0.0
U027193,0.0,0.0,2,1,0.0
U027194,0.0,0.0,2,1,0.0
U014299,0.0,0.0,25,1,0.0
U011830,0.0,0.0,26,1,0.0
U027197,0.0,0.0,9,1,0.0
U015524,0.0,0.0,9,1,0.0
U027199,0.0,0.0,27,1,0.0
U011829,0.0,0.0,27,1,0.0
U027201,0.0,0.0,5,1,0.0
U015526,0.0,0.0,13,1,0.0
U027203,0.0,0.0,17,1,0.0
U015527,0.0,0.0,19,1,0.0
U014294,0.0,0.0,16,1,0.0
U014291,0.0,0.0,25,1,0.0
U014290,0.0,0.0,2,1,0.0
U015531,0.0,0.0,6,1,0.0
U027209,0.0,0.0,18,1,0.0
U015532,0.0,0.0,4,1,0.0
U014289,0.0,0.0,20,1,0.0
U015534,0.0,0.0,5,1,0.0
U027213,0.0,0.0,14,1,0.0
U014285,0.0,0.0,10,1,0.0
U015536,0.0,0.0,6,1,0.0
U014282,0.0,0.0,25,1,0.0
U027217,0.0,0.0,26,1,0.0
U014280,0.0,0.0,8,1,0.0
U027219,0.0,0.0,5,1,0.0
U014276,0.0,0.0,18,1,0.0
U027221,0.0,0.0,7,1,0.0
U027222,0.0,0.0,14,1,0.0
U015540,0.0,0.0,29,1,0.0
U014275,0.0,0.0,11,1,0.0
U027225,0.0,0.0,5,1,0.0
U027226,0.0,0.0,17,1,0.0
U015542,0.0,0.0,17,1,0.0
U014273,0.0,0.0,28,1,0.0
U014269,0.0,0.0,12,1,0.0
U027230,0.0,0.0,26,1,0.0
U027231,0.0,0.0,14,1,0.0
U027232,0.0,0.0,3,1,0.0
U015545,0.0,0.0,4,1,0.0
U014268,0.0,0.0,13,1,0.0
U027235,0.0,0.0,18,1,0.0
U014263,0.0,0.0,28,1,0.0
U027237,0.0,0.0,23,1,0.0
U027238,0.0,0.0,19,1,0.0
U015548,0.0,0.0,10,1,0.0
U027240,0.0,0.0,30,1,0.0
U015549,0.0,0.0,30,1,0.0
U027242,0.0,0.0,31,1,0.0
U015550,0.0,0.0,3,1,0.0
U027244,0.0,0.0,21,1,0.0
U027245,0.0,0.0,3,1,0.0
U014262,0.0,0.0,22,1,0.0
U014261,0.0,0.0,9,1,0.0
U027248,0.0,0.0,9,1,0.0
U014256,0.0,0.0,29,1,0.0
U027250,0.0,0.0,31,1,0.0
U014255,0.0,0.0,6,1,0.0
U027252,0.0,0.0,11,1,0.0
U015555,0.0,0.0,2,1,0.0
U027254,0.0,0.0,9,1,0.0
U027255,0.0,0.0,2,1,0.0
U015556,0.0,0.0,30,1,0.0
U015557,0.0,0.0,19,1,0.0
U027258,0.0,0.0,27,1,0.0
U014253,0.0,0.0,5,1,0.0
U027260,0.0,0.0,10,1,0.0
U027261,0.0,0.0,17,1,0.0
U015559,0.0,0.0,25,1,0.0
U014250,0.0,0.0,30,1,0.0
U014248,0.0,0.0,8,1,0.0
U027265,0.0,0.0,9,1,0.0
U014243,0.0,0.0,9,1,0.0
U014241,0.0,0.0,5,1,0.0
U027268,0.0,0.0,7,1,0.0
U027269,0.0,0.0,9,1,0.0
U027270,0.0,0.0,28,1,0.0
U014238,0.0,0.0,24,1,0.0
U027272,0.0,0.0,16,1,0.0
U027273,0.0,0.0,12,1,0.0
U014237,0.0,0.0,24,1,0.0
U015566,0.0,0.0,23,1,0.0
U027276,0.0,0.0,23,1,0.0
U015567,0.0,0.0,30,1,0.0
U015568,0.0,0.0,30,1,0.0
U014236,0.0,0.0,18,1,0.0
U027280,0.0,0.0,12,1,0.0
U027281,0.0,0.0,11,1,0.0
U015570,0.0,0.0,4,1,0.0
U027283,0.0,0.0,8,1,0.0
U014233,0.0,0.0,13,1,0.0
U011828,0.0,0.0,27,1,0.0
U027286,0.0,0.0,16,1,0.0
U015572,0.0,0.0,15,1,0.0
U014232,0.0,0.0,16,1,0.0
U015574,0.0,0.0,5,1,0.0
U015575,0.0,0.0,17,1,0.0
U027291,0.0,0.0,17,1,0.0
U027292,0.0,0.0,12,1,0.0
U014228,0.0,0.0,15,1,0.0
U014227,0.0,0.0,30,1,0.0
U015578,0.0,0.0,17,1,0.0
U015579,0.0,0.0,21,1,0.0
U027297,0.0,0.0,4,1,0.0
U015580,0.0,0.0,17,1,0.0
U027299,0.0,0.0,27,1,0.0
U015581,0.0,0.0,4,1,0.0
U027301,0.0,0.0,5,1,0.0
U011826,0.0,0.0,27,1,0.0
U027303,0.0,0.0,19,1,0.0
U014225,0.0,0.0,3,1,0.0
U027305,0.0,0.0,10,1,0.0
U027306,0.0,0.0,21,1,0.0
U027307,0.0,0.0,26,1,0.0
U015583,0.0,0.0,11,1,0.0
U015584,0.0,0.0,22,1,0.0
U015585,0.0,0.0,22,1,0.0
U027311,0.0,0.0,21,1,0.0
U027312,0.0,0.0,26,1,0.0
U027313,0.0,0.0,3,1,0.0
U027314,0.0,0.0,27,1,0.0
U027315,0.0,0.0,12,1,0.0
U014224,0.0,0.0,15,1,0.0
U015587,0.0,0.0,30,1,0.0
U014223,0.0,0.0,4,1,0.0
U015589,0.0,0.0,15,1,0.0
U027320,0.0,0.0,4,1,0.0
U027321,0.0,0.0,5,1,0.0
U014218,0.0,0.0,28,1,0.0
U014217,0.0,0.0,28,1,0.0
U015592,0.0,0.0,22,1,0.0
U014215,0.0,0.0,28,1,0.0
U014213,0.0,0.0,23,1,0.0
U014207,0.0,0.0,7,1,0.0
U027328,0.0,0.0,5,1,0.0
U027329,0.0,0.0,9,1,0.0
U011823,0.0,0.0,25,1,0.0
U014203,0.0,0.0,18,1,0.0
U014202,0.0,0.0,15,1,0.0
U015598,0.0,0.0,29,1,0.0
U027334,0.0,0.0,16,1,0.0
U015599,0.0,0.0,12,1,0.0
U027336,0.0,0.0,4,1,0.0
U014200,0.0,0.0,11,1,0.0
U027338,0.0,0.0,16,1,0.0
U014199,0.0,0.0,5,1,0.0
U014198,0.0,0.0,24,1,0.0
U015603,0.0,0.0,10,1,0.0
U014191,0.0,0.0,8,1,0.0
U011822,0.0,0.0,4,1,0.0
U015605,0.0,0.0,17,1,0.0
U027345,0.0,0.0,15,1,0.0
U015606,0.0,0.0,29,1,0.0
U015607,0.0,0.0,27,1,0.0
U027348,0.0,0.0,20,1,0.0
U027349,0.0,0.0,28,1,0.0
U014189,0.0,0.0,10,1,0.0
U015609,0.0,0.0,16,1,0.0
U015610,0.0,0.0,30,1,0.0
U027353,0.0,0.0,11,1,0.0
U014188,0.0,0.0,22,1,0.0
U014187,0.0,0.0,22,1,0.0
U014186,0.0,0.0,13,1,0.0
U027357,0.0,0.0,15,1,0.0
U014181,0.0,0.0,24,1,0.0
U014180,0.0,0.0,19,1,0.0
U014179,0.0,0.0,14,1,0.0
U014173,0.0,0.0,5,1,0.0
U014172,0.0,0.0,16,1,0.0
U027363,0.0,0.0,21,1,0.0
U015619,0.0,0.0,30,1,0.0
U014170,0.0,0.0,5,1,0.0
U027366,0.0,0.0,27,1,0.0
U027367,0.0,0.0,20,1,0.0
U027368,0.0,0.0,9,1,0.0
U027369,0.0,0.0,3,1,0.0
U015621,0.0,0.0,23,1,0.0
U011814,0.0,0.0,25,1,0.0
U015623,0.0,0.0,18,1,0.0
U015624,0.0,0.0,16,1,0.0
U027374,0.0,0.0,4,1,0.0
U017430,0.0,0.0,18,1,0.0
U014166,0.0,0.0,15,1,0.0
U011811,0.0,0.0,4,1,0.0
U027378,0.0,0.0,30,1,0.0
U027379,0.0,0.0,17,1,0.0
U014164,0.0,0.0,7,1,0.0
U027381,0.0,0.0,22,1,0.0
U015629,0.0,0.0,14,1,0.0
U014161,0.0,0.0,9,1,0.0
U014158,0.0,0.0,9,1,0.0
U015632,0.0,0.0,22,1,0.0
U027386,0.0,0.0,30,1,0.0
U015633,0.0,0.0,6,1,0.0
U015634,0.0,0.0,19,1,0.0
U014156,0.0,0.0,10,1,0.0
U014155,0.0,0.0,25,1,0.0
U015637,0.0,0.0,29,1,0.0
U017432,0.0,0.0,1,1,0.0
U027393,0.0,0.0,18,1,0.0
U015638,0.0,0.0,24,1,0.0
U015639,0.0,0.0,4,1,0.0
U027396,0.0,0.0,7,1,0.0
U027397,0.0,0.0,16,1,0.0
U027398,0.0,0.0,14,1,0.0
U027399,0.0,0.0,22,1,0.0
U027400,0.0,0.0,6,1,0.0
U017433,0.0,0.0,26,1,0.0
U015640,0.0,0.0,7,1,0.0
U014151,0.0,0.0,29,1,0.0
U017434,0.0,0.0,18,1,0.0
U015643,0.0,0.0,30,1,0.0
U015644,0.0,0.0,18,1,0.0
U015645,0.0,0.0,27,1,0.0
U027408,0.0,0.0,18,1,0.0
U027409,0.0,0.0,25,1,0.0
U014149,0.0,0.0,21,1,0.0
U015647,0.0,0.0,24,1,0.0
U027412,0.0,0.0,8,1,0.0
U015648,0.0,0.0,28,1,0.0
U027414,0.0,0.0,26,1,0.0
U015010,0.0,0.0,23,1,0.0
U027416,0.0,0.0,2,1,0.0
U014146,0.0,0.0,14,1,0.0
U011810,0.0,0.0,16,1,0.0
U014145,0.0,0.0,4,1,0.0
U027420,0.0,0.0,11,1,0.0
U014144,0.0,0.0,15,1,0.0
U014143,0.0,0.0,17,1,0.0
U014140,0.0,0.0,30,1,0.0
U015656,0.0,0.0,16,1,0.0
U014135,0.0,0.0,25,1,0.0
U027426,0.0,0.0,14,1,0.0
U014134,0.0,0.0,12,1,0.0
U014129,0.0,0.0,1,1,0.0
U027429,0.0,0.0,24,1,0.0
U015660,0.0,0.0,25,1,0.0
U015661,0.0,0.0,2,1,0.0
U015662,0.0,0.0,11,1,0.0
U027433,0.0,0.0,8,1,0.0
U027434,0.0,0.0,14,1,0.0
U027435,0.0,0.0,3,1,0.0
U011809,0.0,0.0,3,1,0.0
U014127,0.0,0.0,31,1,0.0
U027438,0.0,0.0,10,1,0.0
U015665,0.0,0.0,29,1,0.0
U015666,0.0,0.0,14,1,0.0
U027441,0.0,0.0,10,1,0.0
U027442,0.0,0.0,19,1,0.0
U015667,0.0,0.0,11,1,0.0
U015668,0.0,0.0,11,1,0.0
U011808,0.0,0.0,9,1,0.0
U014126,0.0,0.0,8,1,0.0
U014125,0.0,0.0,27,1,0.0
U014123,0.0,0.0,27,1,0.0
U014122,0.0,0.0,31,1,0.0
U015673,0.0,0.0,27,1,0.0
U014113,0.0,0.0,28,1,0.0
U027452,0.0,0.0,3,1,0.0
U014112,0.0,0.0,4,1,0.0
U014109,0.0,0.0,15,1,0.0
U014107,0.0,0.0,29,1,0.0
U027456,0.0,0.0,17,1,0.0
U027457,0.0,0.0,11,1,0.0
U027458,0.0,0.0,17,1,0.0
U014102,0.0,0.0,29,1,0.0
U015679,0.0,0.0,15,1,0.0
U014099,0.0,0.0,10,1,0.0
U027462,0.0,0.0,28,1,0.0
U027463,0.0,0.0,23,1,0.0
U015681,0.0,0.0,18,1,0.0
U027465,0.0,0.0,4,1,0.0
U027466,0.0,0.0,25,1,0.0
U017439,0.0,0.0,5,1,0.0
U027468,0.0,0.0,20,1,0.0
U014097,0.0,0.0,3,1,0.0
U011806,0.0,0.0,26,1,0.0
U014090,0.0,0.0,19,1,0.0
U027472,0.0,0.0,31,1,0.0
U027473,0.0,0.0,21,1,0.0
U015686,0.0,0.0,13,1,0.0
U027475,0.0,0.0,8,1,0.0
U011803,0.0,0.0,19,1,0.0
U014089,0.0,0.0,10,1,0.0
U027478,0.0,0.0,9,1,0.0
U027479,0.0,0.0,24,1,0.0
U015689,0.0,0.0,19,1,0.0
U014088,0.0,0.0,19,1,0.0
U027482,0.0,0.0,13,1,0.0
U015691,0.0,0.0,27,1,0.0
U027484,0.0,0.0,16,1,0.0
U027485,0.0,0.0,2,1,0.0
U015692,0.0,0.0,24,1,0.0
U014087,0.0,0.0,27,1,0.0
U027488,0.0,0.0,21,1,0.0
U014085,0.0,0.0,5,1,0.0
U015695,0.0,0.0,31,1,0.0
U015696,0.0,0.0,18,1,0.0
U015011,0.0,0.0,13,1,0.0
U014082,0.0,0.0,21,1,0.0
U014081,0.0,0.0,16,1,0.0
U027495,0.0,0.0,13,1,0.0
U027496,0.0,0.0,15,1,0.0
U014078,0.0,0.0,2,1,0.0
U014077,0.0,0.0,28,1,0.0
U027499,0.0,0.0,19,1,0.0
U015702,0.0,0.0,23,1,0.0
U015703,0.0,0.0,12,1,0.0
U014076,0.0,0.0,6,1,0.0
U015705,0.0,0.0,16,1,0.0
U027504,0.0,0.0,16,1,0.0
U014075,0.0,0.0,20,1,0.0
U014074,0.0,0.0,13,1,0.0
U027507,0.0,0.0,2,1,0.0
U015708,0.0,0.0,24,1,0.0
U011797,0.0,0.0,11,1,0.0
U027510,0.0,0.0,17,1,0.0
U014073,0.0,0.0,9,1,0.0
U027512,0.0,0.0,4,1,0.0
U015711,0.0,0.0,23,1,0.0
U027514,0.0,0.0,15,1,0.0
U011796,0.0,0.0,30,1,0.0
U015712,0.0,0.0,9,1,0.0
U027517,0.0,0.0,25,1,0.0
U027518,0.0,0.0,9,1,0.0
U015713,0.0,0.0,24,1,0.0
U027520,0.0,0.0,19,1,0.0
U027521,0.0,0.0,26,1,0.0
U027522,0.0,0.0,6,1,0.0
U015714,0.0,0.0,25,1,0.0
U027524,0.0,0.0,18,1,0.0
U027525,0.0,0.0,19,1,0.0
U015715,0.0,0.0,27,1,0.0
U027527,0.0,0.0,3,1,0.0
U027528,0.0,0.0,16,1,0.0
U027529,0.0,0.0,13,1,0.0
U015716,0.0,0.0,8,1,0.0
U027531,0.0,0.0,6,1,0.0
U014072,0.0,0.0,17,1,0.0
U017444,0.0,0.0,2,1,0.0
U014071,0.0,0.0,14,1,0.0
U014069,0.0,0.0,7,1,0.0
U027536,0.0,0.0,13,1,0.0
U027537,0.0,0.0,8,1,0.0
U015721,0.0,0.0,2,1,0.0
U014066,0.0,0.0,22,1,0.0
U014064,0.0,0.0,18,1,0.0
U027541,0.0,0.0,2,1,0.0
U027542,0.0,0.0,22,1,0.0
U017445,0.0,0.0,20,1,0.0
U027544,0.0,0.0,16,1,0.0
U011795,0.0,0.0,14,1,0.0
U027546,0.0,0.0,15,1,0.0
U011793,0.0,0.0,30,1,0.0
U027548,0.0,0.0,6,1,0.0
U015724,0.0,0.0,10,1,0.0
U027550,0.0,0.0,30,1,0.0
U015725,0.0,0.0,23,1,0.0
U014063,0.0,0.0,20,1,0.0
U015727,0.0,0.0,17,1,0.0
U027554,0.0,0.0,26,1,0.0
U014061,0.0,0.0,27,1,0.0
U015729,0.0,0.0,6,1,0.0
U014058,0.0,0.0,28,1,0.0
U014051,0.0,0.0,15,1,0.0
U015732,0.0,0.0,1,1,0.0
U015733,0.0,0.0,18,1,0.0
U027561,0.0,0.0,27,1,0.0
U027562,0.0,0.0,14,1,0.0
U015734,0.0,0.0,15,1,0.0
U015735,0.0,0.0,9,1,0.0
U027565,0.0,0.0,6,1,0.0
U015736,0.0,0.0,25,1,0.0
U027567,0.0,0.0,14,1,0.0
U027568,0.0,0.0,22,1,0.0
U014050,0.0,0.0,30,1,0.0
U027570,0.0,0.0,17,1,0.0
U014049,0.0,0.0,26,1,0.0
U015739,0.0,0.0,2,1,0.0
U027573,0.0,0.0,17,1,0.0
U027574,0.0,0.0,27,1,0.0
U015740,0.0,0.0,11,1,0.0
U015741,0.0,0.0,8,1,0.0
U027577,0.0,0.0,25,1,0.0
U017449,0.0,0.0,4,1,0.0
U027579,0.0,0.0,8,1,0.0
U015743,0.0,0.0,28,1,0.0
U017450,0.0,0.0,26,1,0.0
U027582,0.0,0.0,2,1,0.0
U027583,0.0,0.0,25,1,0.0
U027584,0.0,0.0,25,1,0.0
U014047,0.0,0.0,8,1,0.0
U027586,0.0,0.0,7,1,0.0
U027587,0.0,0.0,12,1,0.0
U014046,0.0,0.0,24,1,0.0
U027589,0.0,0.0,24,1,0.0
U015746,0.0,0.0,29,1,0.0
U015747,0.0,0.0,20,1,0.0
U027592,0.0,0.0,13,1,0.0
U027593,0.0,0.0,30,1,0.0
U015748,0.0,0.0,25,1,0.0
U014041,0.0,0.0,5,1,0.0
U017451,0.0,0.0,11,1,0.0
U027597,0.0,0.0,3,1,0.0
U015751,0.0,0.0,30,1,0.0
U027599,0.0,0.0,7,1,0.0
U027600,0.0,0.0,16,1,0.0
U014034,0.0,0.0,29,1,0.0
U014033,0.0,0.0,23,1,0.0
U015754,0.0,0.0,12,1,0.0
U027604,0.0,0.0,19,1,0.0
U014029,0.0,0.0,4,1,0.0
U014025,0.0,0.0,30,1,0.0
U027607,0.0,0.0,17,1,0.0
U027608,0.0,0.0,16,1,0.0
U017452,0.0,0.0,30,1,0.0
U027610,0.0,0.0,5,1,0.0
U011791,0.0,0.0,2,1,0.0
U015758,0.0,0.0,16,1,0.0
U014023,0.0,0.0,26,1,0.0
U015760,0.0,0.0,16,1,0.0
U027615,0.0,0.0,4,1,0.0
U027616,0.0,0.0,12,1,0.0
U014021,0.0,0.0,11,1,0.0
U014018,0.0,0.0,18,1,0.0
U015763,0.0,0.0,28,1,0.0
U027620,0.0,0.0,7,1,0.0
U027621,0.0,0.0,6,1,0.0
U015764,0.0,0.0,23,1,0.0
U015765,0.0,0.0,16,1,0.0
U027624,0.0,0.0,28,1,0.0
U027625,0.0,0.0,15,1,0.0
U014011,0.0,0.0,29,1,0.0
U015767,0.0,0.0,4,1,0.0
U017454,0.0,0.0,5,1,0.0
U014010,0.0,0.0,8,1,0.0
U027630,0.0,0.0,28,1,0.0
U015769,0.0,0.0,12,1,0.0
U014007,0.0,0.0,27,1,0.0
U014006,0.0,0.0,2,1,0.0
U027634,0.0,0.0,28,1,0.0
U013998,0.0,0.0,16,1,0.0
U017455,0.0,0.0,12,1,0.0
U013993,0.0,0.0,19,1,0.0
U015775,0.0,0.0,31,1,0.0
U015776,0.0,0.0,25,1,0.0
U015777,0.0,0.0,15,1,0.0
U027641,0.0,0.0,9,1,0.0
U013992,0.0,0.0,29,1,0.0
U017456,0.0,0.0,1,1,0.0
U027644,0.0,0.0,12,1,0.0
U017458,0.0,0.0,11,1,0.0
U027646,0.0,0.0,5,1,0.0
U015780,0.0,0.0,28,1,0.0
U011787,0.0,0.0,11,1,0.0
U027649,0.0,0.0,17,1,0.0
U017460,0.0,0.0,19,1,0.0
U027651,0.0,0.0,24,1,0.0
U013983,0.0,0.0,21,1,0.0
U015782,0.0,0.0,16,1,0.0
U027654,0.0,0.0,21,1,0.0
U027655,0.0,0.0,21,1,0.0
U027656,0.0,0.0,25,1,0.0
U013982,0.0,0.0,23,1,0.0
U015784,0.0,0.0,25,1,0.0
U015785,0.0,0.0,14,1,0.0
U013980,0.0,0.0,7,1,0.0
U013977,0.0,0.0,4,1,0.0
U011783,0.0,0.0,10,1,0.0
U027663,0.0,0.0,30,1,0.0
U013975,0.0,0.0,16,1,0.0
U027665,0.0,0.0,14,1,0.0
U027666,0.0,0.0,22,1,0.0
U013969,0.0,0.0,20,1,0.0
U015790,0.0,0.0,17,1,0.0
U027669,0.0,0.0,20,1,0.0
U027670,0.0,0.0,22,1,0.0
U013967,0.0,0.0,17,1,0.0
U015792,0.0,0.0,21,1,0.0
U013966,0.0,0.0,3,1,0.0
U027674,0.0,0.0,18,1,0.0
U027675,0.0,0.0,11,1,0.0
U027676,0.0,0.0,6,1,0.0
U027677,0.0,0.0,27,1,0.0
U013964,0.0,0.0,1,1,0.0
U011782,0.0,0.0,10,1,0.0
U027680,0.0,0.0,21,1,0.0
U015795,0.0,0.0,27,1,0.0
U013961,0.0,0.0,19,1,0.0
U015797,0.0,0.0,14,1,0.0
U013959,0.0,0.0,9,1,0.0
U027685,0.0,0.0,8,1,0.0
U027686,0.0,0.0,11,1,0.0
U027687,0.0,0.0,15,1,0.0
U027688,0.0,0.0,23,1,0.0
U027689,0.0,0.0,16,1,0.0
U015799,0.0,0.0,15,1,0.0
U015800,0.0,0.0,30,1,0.0
U017464,0.0,0.0,2,1,0.0
U013957,0.0,0.0,11,1,0.0
U027694,0.0,0.0,30,1,0.0
U027695,0.0,0.0,11,1,0.0
U013956,0.0,0.0,3,1,0.0
U027697,0.0,0.0,18,1,0.0
U027698,0.0,0.0,30,1,0.0
U015804,0.0,0.0,14,1,0.0
U027700,0.0,0.0,19,1,0.0
U027701,0.0,0.0,27,1,0.0
U015805,0.0,0.0,3,1,0.0
U015806,0.0,0.0,7,1,0.0
U015807,0.0,0.0,29,1,0.0
U015808,0.0,0.0,9,1,0.0
U027706,0.0,0.0,12,1,0.0
U015809,0.0,0.0,9,1,0.0
U027708,0.0,0.0,6,1,0.0
U027709,0.0,0.0,5,1,0.0
U027710,0.0,0.0,14,1,0.0
U015810,0.0,0.0,31,1,0.0
U013953,0.0,0.0,29,1,0.0
U015812,0.0,0.0,12,1,0.0
U027714,0.0,0.0,22,1,0.0
U013950,0.0,0.0,21,1,0.0
U027716,0.0,0.0,16,1,0.0
U027717,0.0,0.0,3,1,0.0
U027718,0.0,0.0,15,1,0.0
U015814,0.0,0.0,27,1,0.0
U015815,0.0,0.0,24,1,0.0
U027721,0.0,0.0,8,1,0.0
U027722,0.0,0.0,16,1,0.0
U027723,0.0,0.0,27,1,0.0
U027724,0.0,0.0,12,1,0.0
U013948,0.0,0.0,15,1,0.0
U027726,0.0,0.0,28,1,0.0
U011780,0.0,0.0,2,1,0.0
U013943,0.0,0.0,26,1,0.0
U017466,0.0,0.0,4,1,0.0
U013940,0.0,0.0,12,1,0.0
U027731,0.0,0.0,20,1,0.0
U013937,0.0,0.0,18,1,0.0
U027733,0.0,0.0,9,1,0.0
U027734,0.0,0.0,20,1,0.0
U027735,0.0,0.0,15,1,0.0
U013936,0.0,0.0,26,1,0.0
U013934,0.0,0.0,2,1,0.0
U015823,0.0,0.0,11,1,0.0
U011778,0.0,0.0,8,1,0.0
U011776,0.0,0.0,30,1,0.0
U015826,0.0,0.0,12,1,0.0
U015827,0.0,0.0,2,1,0.0
U015828,0.0,0.0,27,1,0.0
U013928,0.0,0.0,6,1,0.0
U011775,0.0,0.0,3,1,0.0
U013927,0.0,0.0,15,1,0.0
U013926,0.0,0.0,29,1,0.0
U013922,0.0,0.0,3,1,0.0
U013921,0.0,0.0,14,1,0.0
U015834,0.0,0.0,30,1,0.0
U027751,0.0,0.0,2,1,0.0
U015835,0.0,0.0,22,1,0.0
U013919,0.0,0.0,15,1,0.0
U027754,0.0,0.0,31,1,0.0
U027755,0.0,0.0,28,1,0.0
U015837,0.0,0.0,21,1,0.0
U015838,0.0,0.0,28,1,0.0
U015839,0.0,0.0,14,1,0.0
U027759,0.0,0.0,30,1,0.0
U027760,0.0,0.0,24,1,0.0
U027761,0.0,0.0,7,1,0.0
U027762,0.0,0.0,21,1,0.0
U027763,0.0,0.0,28,1,0.0
U013918,0.0,0.0,9,1,0.0
U027765,0.0,0.0,29,1,0.0
U013916,0.0,0.0,14,1,0.0
U027767,0.0,0.0,19,1,0.0
U027768,0.0,0.0,27,1,0.0
U011772,0.0,0.0,16,1,0.0
U027770,0.0,0.0,6,1,0.0
U013915,0.0,0.0,25,1,0.0
U015844,0.0,0.0,11,1,0.0
U015845,0.0,0.0,17,1,0.0
U015846,0.0,0.0,4,1,0.0
U015847,0.0,0.0,9,1,0.0
U015848,0.0,0.0,20,1,0.0
U015849,0.0,0.0,17,1,0.0
U027778,0.0,0.0,3,1,0.0
U027779,0.0,0.0,20,1,0.0
U013914,0.0,0.0,28,1,0.0
U027781,0.0,0.0,13,1,0.0
U015851,0.0,0.0,28,1,0.0
U027783,0.0,0.0,16,1,0.0
U013908,0.0,0.0,30,1,0.0
U013905,0.0,0.0,3,1,0.0
U015854,0.0,0.0,27,1,0.0
U027787,0.0,0.0,10,1,0.0
U027788,0.0,0.0,29,1,0.0
U027789,0.0,0.0,28,1,0.0
U015855,0.0,0.0,24,1,0.0
U027791,0.0,0.0,4,1,0.0
U013904,0.0,0.0,7,1,0.0
U013902,0.0,0.0,20,1,0.0
U027794,0.0,0.0,4,1,0.0
U015858,0.0,0.0,14,1,0.0
U027796,0.0,0.0,14,1,0.0
U027797,0.0,0.0,30,1,0.0
U015859,0.0,0.0,13,1,0.0
U017471,0.0,0.0,4,1,0.0
U015861,0.0,0.0,10,1,0.0
U027801,0.0,0.0,31,1,0.0
U013900,0.0,0.0,27,1,0.0
U027803,0.0,0.0,27,1,0.0
U017472,0.0,0.0,25,1,0.0
U015863,0.0,0.0,14,1,0.0
U015864,0.0,0.0,6,1,0.0
U027807,0.0,0.0,4,1,0.0
U027808,0.0,0.0,21,1,0.0
U027809,0.0,0.0,27,1,0.0
U015865,0.0,0.0,30,1,0.0
U013899,0.0,0.0,23,1,0.0
U027812,0.0,0.0,9,1,0.0
U015867,0.0,0.0,28,1,0.0
U027814,0.0,0.0,3,1,0.0
U027815,0.0,0.0,20,1,0.0
U013898,0.0,0.0,16,1,0.0
U015869,0.0,0.0,13,1,0.0
U013897,0.0,0.0,29,1,0.0
U015871,0.0,0.0,16,1,0.0
U013895,0.0,0.0,24,1,0.0
U015873,0.0,0.0,15,1,0.0
U013884,0.0,0.0,15,1,0.0
U013881,0.0,0.0,18,1,0.0
U015876,0.0,0.0,28,1,0.0
U027825,0.0,0.0,27,1,0.0
U013876,0.0,0.0,7,1,0.0
U011771,0.0,0.0,8,1,0.0
U027828,0.0,0.0,5,1,0.0
U015878,0.0,0.0,21,1,0.0
U015879,0.0,0.0,15,1,0.0
U027831,0.0,0.0,22,1,0.0
U017474,0.0,0.0,27,1,0.0
U015880,0.0,0.0,31,1,0.0
U015881,0.0,0.0,5,1,0.0
U013875,0.0,0.0,19,1,0.0
U015883,0.0,0.0,6,1,0.0
U027837,0.0,0.0,26,1,0.0
U027838,0.0,0.0,31,1,0.0
U011767,0.0,0.0,29,1,0.0
U013874,0.0,0.0,25,1,0.0
U015885,0.0,0.0,22,1,0.0
U013871,0.0,0.0,14,1,0.0
U015887,0.0,0.0,23,1,0.0
U027844,0.0,0.0,16,1,0.0
U027845,0.0,0.0,27,1,0.0
U013864,0.0,0.0,16,1,0.0
U017476,0.0,0.0,29,1,0.0
U015889,0.0,0.0,7,1,0.0
U017477,0.0,0.0,28,1,0.0
U013862,0.0,0.0,5,1,0.0
U015892,0.0,0.0,30,1,0.0
U013860,0.0,0.0,11,1,0.0
U027853,0.0,0.0,1,1,0.0
U015894,0.0,0.0,12,1,0.0
U013859,0.0,0.0,19,1,0.0
U027856,0.0,0.0,15,1,0.0
U013856,0.0,0.0,28,1,0.0
U027858,0.0,0.0,21,1,0.0
U017478,0.0,0.0,21,1,0.0
U027860,0.0,0.0,23,1,0.0
U017479,0.0,0.0,8,1,0.0
U015898,0.0,0.0,16,1,0.0
U027863,0.0,0.0,5,1,0.0
U027864,0.0,0.0,6,1,0.0
U015899,0.0,0.0,19,1,0.0
U015900,0.0,0.0,24,1,0.0
U017480,0.0,0.0,30,1,0.0
U015902,0.0,0.0,16,1,0.0
U015903,0.0,0.0,21,1,0.0
U027870,0.0,0.0,22,1,0.0
U015904,0.0,0.0,17,1,0.0
U013847,0.0,0.0,25,1,0.0
U027873,0.0,0.0,20,1,0.0
U027874,0.0,0.0,9,1,0.0
U011764,0.0,0.0,13,1,0.0
U017482,0.0,0.0,11,1,0.0
U013845,0.0,0.0,16,1,0.0
U027878,0.0,0.0,19,1,0.0
U011762,0.0,0.0,26,1,0.0
U027880,0.0,0.0,13,1,0.0
U013843,0.0,0.0,12,1,0.0
U015910,0.0,0.0,18,1,0.0
U013840,0.0,0.0,7,1,0.0
U013839,0.0,0.0,12,1,0.0
U015913,0.0,0.0,14,1,0.0
U027886,0.0,0.0,9,1,0.0
U027887,0.0,0.0,28,1,0.0
U027888,0.0,0.0,16,1,0.0
U013838,0.0,0.0,3,1,0.0
U011760,0.0,0.0,6,1,0.0
U013837,0.0,0.0,25,1,0.0
U015916,0.0,0.0,24,1,0.0
U027893,0.0,0.0,23,1,0.0
U027894,0.0,0.0,20,1,0.0
U015917,0.0,0.0,31,1,0.0
U027896,0.0,0.0,12,1,0.0
U027897,0.0,0.0,19,1,0.0
U015918,0.0,0.0,13,1,0.0
U015919,0.0,0.0,16,1,0.0
U027900,0.0,0.0,20,1,0.0
U013834,0.0,0.0,28,1,0.0
U013830,0.0,0.0,25,1,0.0
U027903,0.0,0.0,6,1,0.0
U015922,0.0,0.0,9,1,0.0
U027905,0.0,0.0,15,1,0.0
U027906,0.0,0.0,31,1,0.0
U027907,0.0,0.0,13,1,0.0
U027908,0.0,0.0,20,1,0.0
U027909,0.0,0.0,28,1,0.0
U017485,0.0,0.0,9,1,0.0
U027911,0.0,0.0,17,1,0.0
U027912,0.0,0.0,30,1,0.0
U013825,0.0,0.0,19,1,0.0
U015925,0.0,0.0,3,1,0.0
U013824,0.0,0.0,12,1,0.0
U013821,0.0,0.0,15,1,0.0
U013820,0.0,0.0,20,1,0.0
U013818,0.0,0.0,3,1,0.0
U013817,0.0,0.0,16,1,0.0
U015931,0.0,0.0,25,1,0.0
U013815,0.0,0.0,13,1,0.0
U027922,0.0,0.0,20,1,0.0
U013813,0.0,0.0,6,1,0.0
U027924,0.0,0.0,25,1,0.0
U027925,0.0,0.0,7,1,0.0
U027926,0.0,0.0,23,1,0.0
U015934,0.0,0.0,11,1,0.0
U013812,0.0,0.0,4,1,0.0
U027929,0.0,0.0,4,1,0.0
U015936,0.0,0.0,12,1,0.0
U011758,0.0,0.0,31,1,0.0
U027932,0.0,0.0,4,1,0.0
U027933,0.0,0.0,2,1,0.0
U015938,0.0,0.0,16,1,0.0
U013806,0.0,0.0,19,1,0.0
U027936,0.0,0.0,21,1,0.0
U027937,0.0,0.0,8,1,0.0
U013805,0.0,0.0,24,1,0.0
U013803,0.0,0.0,3,1,0.0
U013800,0.0,0.0,25,1,0.0
U027941,0.0,0.0,8,1,0.0
U027942,0.0,0.0,20,1,0.0
U027943,0.0,0.0,25,1,0.0
U013799,0.0,0.0,17,1,0.0
U027945,0.0,0.0,20,1,0.0
U013797,0.0,0.0,27,1,0.0
U015945,0.0,0.0,21,1,0.0
U027948,0.0,0.0,11,1,0.0
U015946,0.0,0.0,24,1,0.0
U015947,0.0,0.0,16,1,0.0
U013796,0.0,0.0,25,1,0.0
U013795,0.0,0.0,2,1,0.0
U013794,0.0,0.0,28,1,0.0
U015951,0.0,0.0,17,1,0.0
U013793,0.0,0.0,22,1,0.0
U017487,0.0,0.0,10,1,0.0
U017488,0.0,0.0,29,1,0.0
U027958,0.0,0.0,17,1,0.0
U017489,0.0,0.0,12,1,0.0
U027960,0.0,0.0,15,1,0.0
U027961,0.0,0.0,5,1,0.0
U015956,0.0,0.0,17,1,0.0
U027963,0.0,0.0,15,1,0.0
U015957,0.0,0.0,10,1,0.0
U027965,0.0,0.0,16,1,0.0
U027966,0.0,0.0,29,1,0.0
U027967,0.0,0.0,6,1,0.0
U013791,0.0,0.0,16,1,0.0
U017490,0.0,0.0,25,1,0.0
U015960,0.0,0.0,16,1,0.0
U015961,0.0,0.0,13,1,0.0
U015962,0.0,0.0,20,1,0.0
U027973,0.0,0.0,21,1,0.0
U015963,0.0,0.0,19,1,0.0
U027975,0.0,0.0,25,1,0.0
U015964,0.0,0.0,22,1,0.0
U027977,0.0,0.0,22,1,0.0
U013790,0.0,0.0,23,1,0.0
U027979,0.0,0.0,13,1,0.0
U027980,0.0,0.0,30,1,0.0
U027981,0.0,0.0,13,1,0.0
U015966,0.0,0.0,2,1,0.0
U013786,0.0,0.0,9,1,0.0
U027984,0.0,0.0,11,1,0.0
U017491,0.0,0.0,26,1,0.0
U027986,0.0,0.0,28,1,0.0
U013785,0.0,0.0,17,1,0.0
U027988,0.0,0.0,8,1,0.0
U027989,0.0,0.0,23,1,0.0
U015970,0.0,0.0,12,1,0.0
U015971,0.0,0.0,7,1,0.0
U013782,0.0,0.0,15,1,0.0
U013781,0.0,0.0,8,1,0.0
U013779,0.0,0.0,6,1,0.0
U027995,0.0,0.0,21,1,0.0
U027996,0.0,0.0,4,1,0.0
U015975,0.0,0.0,22,1,0.0
U013778,0.0,0.0,31,1,0.0
U013770,0.0,0.0,18,1,0.0
U028000,0.0,0.0,12,1,0.0
U028001,0.0,0.0,17,1,0.0
U028002,0.0,0.0,11,1,0.0
U015978,0.0,0.0,14,1,0.0
U013769,0.0,0.0,5,1,0.0
U015980,0.0,0.0,19,1,0.0
U013766,0.0,0.0,6,1,0.0
U015982,0.0,0.0,19,1,0.0
U013760,0.0,0.0,4,1,0.0
U028009,0.0,0.0,30,1,0.0
U013759,0.0,0.0,29,1,0.0
U015985,0.0,0.0,19,1,0.0
U028012,0.0,0.0,6,1,0.0
U015986,0.0,0.0,4,1,0.0
U028014,0.0,0.0,8,1,0.0
U028015,0.0,0.0,17,1,0.0
U015987,0.0,0.0,14,1,0.0
U028017,0.0,0.0,12,1,0.0
U028018,0.0,0.0,8,1,0.0
U013757,0.0,0.0,10,1,0.0
U013755,0.0,0.0,14,1,0.0
U015990,0.0,0.0,12,1,0.0
U028022,0.0,0.0,18,1,0.0
U013754,0.0,0.0,19,1,0.0
U015992,0.0,0.0,5,1,0.0
U028025,0.0,0.0,18,1,0.0
U028026,0.0,0.0,16,1,0.0
U028027,0.0,0.0,11,1,0.0
U015993,0.0,0.0,12,1,0.0
U015994,0.0,0.0,3,1,0.0
U013748,0.0,0.0,23,1,0.0
U015996,0.0,0.0,9,1,0.0
U028032,0.0,0.0,6,1,0.0
U015997,0.0,0.0,17,1,0.0
U013747,0.0,0.0,27,1,0.0
U028035,0.0,0.0,26,1,0.0
U028036,0.0,0.0,4,1,0.0
U028037,0.0,0.0,15,1,0.0
U028038,0.0,0.0,5,1,0.0
U015999,0.0,0.0,21,1,0.0
U013743,0.0,0.0,13,1,0.0
U028041,0.0,0.0,15,1,0.0
U013740,0.0,0.0,28,1,0.0
U013738,0.0,0.0,23,1,0.0
U013737,0.0,0.0,13,1,0.0
U013736,0.0,0.0,8,1,0.0
U013735,0.0,0.0,22,1,0.0
U016006,0.0,0.0,4,1,0.0
U028048,0.0,0.0,14,1,0.0
U016007,0.0,0.0,12,1,0.0
U028050,0.0,0.0,1,1,0.0
U028051,0.0,0.0,25,1,0.0
U013734,0.0,0.0,2,1,0.0
U013732,0.0,0.0,1,1,0.0
U016010,0.0,0.0,4,1,0.0
U013729,0.0,0.0,14,1,0.0
U013728,0.0,0.0,10,1,0.0
U028057,0.0,0.0,27,1,0.0
U028058,0.0,0.0,7,1,0.0
U028059,0.0,0.0,3,1,0.0
U028060,0.0,0.0,26,1,0.0
U028061,0.0,0.0,13,1,0.0
U013727,0.0,0.0,29,1,0.0
U013723,0.0,0.0,31,1,0.0
U028064,0.0,0.0,1,1,0.0
U013720,0.0,0.0,19,1,0.0
U013719,0.0,0.0,2,1,0.0
U028067,0.0,0.0,3,1,0.0
U016017,0.0,0.0,11,1,0.0
U016018,0.0,0.0,22,1,0.0
U013717,0.0,0.0,8,1,0.0
U013713,0.0,0.0,6,1,0.0
U013709,0.0,0.0,11,1,0.0
U016022,0.0,0.0,7,1,0.0
U028074,0.0,0.0,8,1,0.0
U017492,0.0,0.0,2,1,0.0
U028076,0.0,0.0,7,1,0.0
U028077,0.0,0.0,23,1,0.0
U016024,0.0,0.0,14,1,0.0
U016025,0.0,0.0,16,1,0.0
U028080,0.0,0.0,7,1,0.0
U016026,0.0,0.0,2,1,0.0
U011757,0.0,0.0,9,1,0.0
U028083,0.0,0.0,24,1,0.0
U013705,0.0,0.0,2,1,0.0
U013704,0.0,0.0,12,1,0.0
U016029,0.0,0.0,25,1,0.0
U011756,0.0,0.0,13,1,0.0
U016030,0.0,0.0,17,1,0.0
U028089,0.0,0.0,26,1,0.0
U016031,0.0,0.0,15,1,0.0
U016032,0.0,0.0,29,1,0.0
U016033,0.0,0.0,1,1,0.0
U013697,0.0,0.0,4,1,0.0
U028094,0.0,0.0,25,1,0.0
U028095,0.0,0.0,3,1,0.0
U013693,0.0,0.0,15,1,0.0
U016036,0.0,0.0,19,1,0.0
U013692,0.0,0.0,24,1,0.0
U028099,0.0,0.0,12,1,0.0
U013691,0.0,0.0,3,1,0.0
U028101,0.0,0.0,16,1,0.0
U017497,0.0,0.0,31,1,0.0
U013690,0.0,0.0,11,1,0.0
U016040,0.0,0.0,30,1,0.0
U028105,0.0,0.0,6,1,0.0
U016041,0.0,0.0,19,1,0.0
U028107,0.0,0.0,20,1,0.0
U016042,0.0,0.0,7,1,0.0
U028109,0.0,0.0,14,1,0.0
U017498,0.0,0.0,3,1,0.0
U016043,0.0,0.0,23,1,0.0
U013689,0.0,0.0,10,1,0.0
U016045,0.0,0.0,15,1,0.0
U028114,0.0,0.0,10,1,0.0
U028115,0.0,0.0,30,1,0.0
U016046,0.0,0.0,9,1,0.0
U013688,0.0,0.0,19,1,0.0
U016048,0.0,0.0,8,1,0.0
U028119,0.0,0.0,6,1,0.0
U028120,0.0,0.0,12,1,0.0
U028121,0.0,0.0,19,1,0.0
U016049,0.0,0.0,10,1,0.0
U028123,0.0,0.0,23,1,0.0
U013687,0.0,0.0,17,1,0.0
U028125,0.0,0.0,11,1,0.0
U028126,0.0,0.0,9,1,0.0
U028127,0.0,0.0,23,1,0.0
U028128,0.0,0.0,12,1,0.0
U028129,0.0,0.0,26,1,0.0
U028130,0.0,0.0,5,1,0.0
U028131,0.0,0.0,29,1,0.0
U028132,0.0,0.0,8,1,0.0
U028133,0.0,0.0,13,1,0.0
U016051,0.0,0.0,9,1,0.0
U013686,0.0,0.0,29,1,0.0
U013685,0.0,0.0,31,1,0.0
U013681,0.0,0.0,10,1,0.0
U028138,0.0,0.0,2,1,0.0
U016055,0.0,0.0,4,1,0.0
U016056,0.0,0.0,12,1,0.0
U028141,0.0,0.0,22,1,0.0
U028142,0.0,0.0,15,1,0.0
U013680,0.0,0.0,14,1,0.0
U013679,0.0,0.0,18,1,0.0
U011754,0.0,0.0,21,1,0.0
U017500,0.0,0.0,27,1,0.0
U028147,0.0,0.0,22,1,0.0
U016060,0.0,0.0,21,1,0.0
U013677,0.0,0.0,21,1,0.0
U016062,0.0,0.0,12,1,0.0
U013676,0.0,0.0,12,1,0.0
U013670,0.0,0.0,4,1,0.0
U017501,0.0,0.0,30,1,0.0
U028154,0.0,0.0,10,1,0.0
U013658,0.0,0.0,28,1,0.0
U013657,0.0,0.0,16,1,0.0
U028157,0.0,0.0,20,1,0.0
U013656,0.0,0.0,12,1,0.0
U013653,0.0,0.0,7,1,0.0
U013646,0.0,0.0,16,1,0.0
U016071,0.0,0.0,19,1,0.0
U028162,0.0,0.0,23,1,0.0
U028163,0.0,0.0,28,1,0.0
U028164,0.0,0.0,8,1,0.0
U016072,0.0,0.0,22,1,0.0
U013644,0.0,0.0,20,1,0.0
U016074,0.0,0.0,11,1,0.0
U028168,0.0,0.0,12,1,0.0
U016075,0.0,0.0,29,1,0.0
U017502,0.0,0.0,7,1,0.0
U028171,0.0,0.0,3,1,0.0
U011753,0.0,0.0,24,1,0.0
U016076,0.0,0.0,3,1,0.0
U013641,0.0,0.0,8,1,0.0
U013639,0.0,0.0,10,1,0.0
U013634,0.0,0.0,4,1,0.0
U016080,0.0,0.0,17,1,0.0
U016081,0.0,0.0,14,1,0.0
U028179,0.0,0.0,10,1,0.0
U011751,0.0,0.0,10,1,0.0
U028181,0.0,0.0,7,1,0.0
U013633,0.0,0.0,18,1,0.0
U016084,0.0,0.0,2,1,0.0
U013632,0.0,0.0,10,1,0.0
U013631,0.0,0.0,10,1,0.0
U028186,0.0,0.0,9,1,0.0
U013628,0.0,0.0,29,1,0.0
U016088,0.0,0.0,8,1,0.0
U016089,0.0,0.0,30,1,0.0
U028190,0.0,0.0,2,1,0.0
U028191,0.0,0.0,2,1,0.0
U028192,0.0,0.0,27,1,0.0
U016090,0.0,0.0,26,1,0.0
U013623,0.0,0.0,21,1,0.0
U016092,0.0,0.0,7,1,0.0
U028196,0.0,0.0,24,1,0.0
U028197,0.0,0.0,3,1,0.0
U016093,0.0,0.0,18,1,0.0
U013621,0.0,0.0,5,1,0.0
U028200,0.0,0.0,14,1,0.0
U013619,0.0,0.0,20,1,0.0
U028202,0.0,0.0,17,1,0.0
U013618,0.0,0.0,28,1,0.0
U016097,0.0,0.0,27,1,0.0
U028205,0.0,0.0,17,1,0.0
U028206,0.0,0.0,11,1,0.0
U028207,0.0,0.0,27,1,0.0
U016098,0.0,0.0,24,1,0.0
U013616,0.0,0.0,17,1,0.0
U016100,0.0,0.0,28,1,0.0
U016101,0.0,0.0,2,1,0.0
U013615,0.0,0.0,23,1,0.0
U028213,0.0,0.0,14,1,0.0
U016103,0.0,0.0,1,1,0.0
U014990,0.0,0.0,22,1,0.0
U028216,0.0,0.0,10,1,0.0
U014988,0.0,0.0,2,1,0.0
U028218,0.0,0.0,13,1,0.0
U016106,0.0,0.0,16,1,0.0
U028220,0.0,0.0,29,1,0.0
U028221,0.0,0.0,21,1,0.0
U016107,0.0,0.0,24,1,0.0
U013611,0.0,0.0,11,1,0.0
U028224,0.0,0.0,17,1,0.0
U028225,0.0,0.0,9,1,0.0
U028226,0.0,0.0,27,1,0.0
U013608,0.0,0.0,31,1,0.0
U028228,0.0,0.0,25,1,0.0
U016110,0.0,0.0,6,1,0.0
U028230,0.0,0.0,24,1,0.0
U013607,0.0,0.0,19,1,0.0
U016112,0.0,0.0,5,1,0.0
U011749,0.0,0.0,19,1,0.0
U016113,0.0,0.0,9,1,0.0
U028235,0.0,0.0,25,1,0.0
U013606,0.0,0.0,25,1,0.0
U013604,0.0,0.0,19,1,0.0
U016116,0.0,0.0,9,1,0.0
U015014,0.0,0.0,24,1,0.0
U013602,0.0,0.0,18,1,0.0
U028241,0.0,0.0,25,1,0.0
U013597,0.0,0.0,19,1,0.0
U011746,0.0,0.0,8,1,0.0
U013593,0.0,0.0,5,1,0.0
U028245,0.0,0.0,6,1,0.0
U028246,0.0,0.0,8,1,0.0
U016122,0.0,0.0,10,1,0.0
U028248,0.0,0.0,16,1,0.0
U016123,0.0,0.0,18,1,0.0
U016124,0.0,0.0,7,1,0.0
U011743,0.0,0.0,21,1,0.0
U016125,0.0,0.0,26,1,0.0
U011739,0.0,0.0,25,1,0.0
U013588,0.0,0.0,19,1,0.0
U013587,0.0,0.0,29,1,0.0
U016129,0.0,0.0,22,1,0.0
U028257,0.0,0.0,10,1,0.0
U013586,0.0,0.0,13,1,0.0
U013580,0.0,0.0,6,1,0.0
U013578,0.0,0.0,13,1,0.0
U013576,0.0,0.0,8,1,0.0
U013574,0.0,0.0,16,1,0.0
U016135,0.0,0.0,11,1,0.0
U013572,0.0,0.0,11,1,0.0
U013568,0.0,0.0,16,1,0.0
U028266,0.0,0.0,1,1,0.0
U013567,0.0,0.0,1,1,0.0
U028268,0.0,0.0,30,1,0.0
U013564,0.0,0.0,10,1,0.0
U016140,0.0,0.0,7,1,0.0
U028271,0.0,0.0,10,1,0.0
U016141,0.0,0.0,31,1,0.0
U013563,0.0,0.0,28,1,0.0
U016143,0.0,0.0,8,1,0.0
U028275,0.0,0.0,9,1,0.0
U013560,0.0,0.0,26,1,0.0
U013558,0.0,0.0,7,1,0.0
U016146,0.0,0.0,30,1,0.0
U028279,0.0,0.0,13,1,0.0
U013557,0.0,0.0,4,1,0.0
U013556,0.0,0.0,15,1,0.0
U016149,0.0,0.0,20,1,0.0
U013555,0.0,0.0,27,1,0.0
U028284,0.0,0.0,21,1,0.0
U011737,0.0,0.0,29,1,0.0
U028286,0.0,0.0,27,1,0.0
U013547,0.0,0.0,3,1,0.0
U011736,0.0,0.0,23,1,0.0
U028289,0.0,0.0,24,1,0.0
U013542,0.0,0.0,24,1,0.0
U028291,0.0,0.0,16,1,0.0
U016155,0.0,0.0,6,1,0.0
U028293,0.0,0.0,28,1,0.0
U028294,0.0,0.0,18,1,0.0
U028295,0.0,0.0,9,1,0.0
U013538,0.0,0.0,28,1,0.0
U013535,0.0,0.0,9,1,0.0
U028298,0.0,0.0,8,1,0.0
U016158,0.0,0.0,10,1,0.0
U013533,0.0,0.0,10,1,0.0
U028301,0.0,0.0,29,1,0.0
U028302,0.0,0.0,6,1,0.0
U013530,0.0,0.0,5,1,0.0
U016161,0.0,0.0,11,1,0.0
U016162,0.0,0.0,20,1,0.0
U028306,0.0,0.0,3,1,0.0
U013529,0.0,0.0,21,1,0.0
U016164,0.0,0.0,6,1,0.0
U016165,0.0,0.0,14,1,0.0
U013523,0.0,0.0,9,1,0.0
U013521,0.0,0.0,24,1,0.0
U028312,0.0,0.0,6,1,0.0
U011734,0.0,0.0,6,1,0.0
U013516,0.0,0.0,7,1,0.0
U013514,0.0,0.0,31,1,0.0
U028316,0.0,0.0,7,1,0.0
U016170,0.0,0.0,29,1,0.0
U028318,0.0,0.0,18,1,0.0
U014986,0.0,0.0,2,1,0.0
U016172,0.0,0.0,17,1,0.0
U028321,0.0,0.0,9,1,0.0
U016173,0.0,0.0,16,1,0.0
U028323,0.0,0.0,7,1,0.0
U013509,0.0,0.0,29,1,0.0
U013506,0.0,0.0,14,1,0.0
U013504,0.0,0.0,6,1,0.0
U016177,0.0,0.0,31,1,0.0
U028328,0.0,0.0,22,1,0.0
U013502,0.0,0.0,14,1,0.0
U013496,0.0,0.0,28,1,0.0
U013494,0.0,0.0,21,1,0.0
U013493,0.0,0.0,19,1,0.0
U013492,0.0,0.0,9,1,0.0
U016183,0.0,0.0,4,1,0.0
U028335,0.0,0.0,28,1,0.0
U013490,0.0,0.0,22,1,0.0
U028337,0.0,0.0,12,1,0.0
U016185,0.0,0.0,30,1,0.0
U013487,0.0,0.0,24,1,0.0
U028340,0.0,0.0,7,1,0.0
U016187,0.0,0.0,12,1,0.0
U028342,0.0,0.0,4,1,0.0
U016188,0.0,0.0,17,1,0.0
U028344,0.0,0.0,27,1,0.0
U028345,0.0,0.0,12,1,0.0
U013486,0.0,0.0,6,1,0.0
U016190,0.0,0.0,30,1,0.0
U013485,0.0,0.0,15,1,0.0
U016192,0.0,0.0,29,1,0.0
U013482,0.0,0.0,3,1,0.0
U014984,0.0,0.0,20,1,0.0
U028352,0.0,0.0,19,1,0.0
U028353,0.0,0.0,5,1,0.0
U028354,0.0,0.0,11,1,0.0
U028355,0.0,0.0,23,1,0.0
U016195,0.0,0.0,11,1,0.0
U013481,0.0,0.0,14,1,0.0
U013480,0.0,0.0,23,1,0.0
U028359,0.0,0.0,18,1,0.0
U016198,0.0,0.0,8,1,0.0
U013477,0.0,0.0,21,1,0.0
U013475,0.0,0.0,13,1,0.0
U017513,0.0,0.0,14,1,0.0
U028364,0.0,0.0,8,1,0.0
U016202,0.0,0.0,6,1,0.0
U016203,0.0,0.0,22,1,0.0
U013474,0.0,0.0,5,1,0.0
U016205,0.0,0.0,18,1,0.0
U028369,0.0,0.0,26,1,0.0
U013473,0.0,0.0,6,1,0.0
U013467,0.0,0.0,22,1,0.0
U028372,0.0,0.0,4,1,0.0
U028373,0.0,0.0,5,1,0.0
U016208,0.0,0.0,27,1,0.0
U028375,0.0,0.0,27,1,0.0
U016209,0.0,0.0,13,1,0.0
U013466,0.0,0.0,23,1,0.0
U028378,0.0,0.0,21,1,0.0
U028379,0.0,0.0,22,1,0.0
U016211,0.0,0.0,2,1,0.0
U016212,0.0,0.0,17,1,0.0
U028382,0.0,0.0,6,1,0.0
U016213,0.0,0.0,5,1,0.0
U011732,0.0,0.0,10,1,0.0
U028385,0.0,0.0,26,1,0.0
U016215,0.0,0.0,10,1,0.0
U013464,0.0,0.0,13,1,0.0
U016217,0.0,0.0,20,1,0.0
U013463,0.0,0.0,11,1,0.0
U013461,0.0,0.0,13,1,0.0
U016220,0.0,0.0,26,1,0.0
U013459,0.0,0.0,16,1,0.0
U028393,0.0,0.0,2,1,0.0
U016222,0.0,0.0,22,1,0.0
U013454,0.0,0.0,4,1,0.0
U013450,0.0,0.0,9,1,0.0
U028397,0.0,0.0,11,1,0.0
U013449,0.0,0.0,14,1,0.0
U028399,0.0,0.0,17,1,0.0
U013447,0.0,0.0,11,1,0.0
U028401,0.0,0.0,4,1,0.0
U028402,0.0,0.0,24,1,0.0
U013443,0.0,0.0,16,1,0.0
U028404,0.0,0.0,15,1,0.0
U028405,0.0,0.0,4,1,0.0
U016228,0.0,0.0,6,1,0.0
U028407,0.0,0.0,5,1,0.0
U028408,0.0,0.0,25,1,0.0
U016229,0.0,0.0,3,1,0.0
U016230,0.0,0.0,2,1,0.0
U016231,0.0,0.0,30,1,0.0
U016232,0.0,0.0,7,1,0.0
U013442,0.0,0.0,22,1,0.0
U017515,0.0,0.0,18,1,0.0
U013441,0.0,0.0,14,1,0.0
U011728,0.0,0.0,9,1,0.0
U013440,0.0,0.0,24,1,0.0
U013438,0.0,0.0,19,1,0.0
U016239,0.0,0.0,20,1,0.0
U013435,0.0,0.0,22,1,0.0
U013434,0.0,0.0,28,1,0.0
U013433,0.0,0.0,13,1,0.0
U013432,0.0,0.0,26,1,0.0
U013431,0.0,0.0,11,1,0.0
U016245,0.0,0.0,18,1,0.0
U028426,0.0,0.0,20,1,0.0
U013430,0.0,0.0,23,1,0.0
U016247,0.0,0.0,14,1,0.0
U028429,0.0,0.0,2,1,0.0
U028430,0.0,0.0,25,1,0.0
U016248,0.0,0.0,4,1,0.0
U013429,0.0,0.0,9,1,0.0
U011726,0.0,0.0,6,1,0.0
U013423,0.0,0.0,17,1,0.0
U011717,0.0,0.0,12,1,0.0
U028436,0.0,0.0,26,1,0.0
U016253,0.0,0.0,11,1,0.0
U013419,0.0,0.0,17,1,0.0
U016255,0.0,0.0,24,1,0.0
U016256,0.0,0.0,3,1,0.0
U028441,0.0,0.0,24,1,0.0
U013418,0.0,0.0,25,1,0.0
U028443,0.0,0.0,19,1,0.0
U028444,0.0,0.0,27,1,0.0
U028445,0.0,0.0,4,1,0.0
U013417,0.0,0.0,24,1,0.0
U013415,0.0,0.0,16,1,0.0
U013414,0.0,0.0,11,1,0.0
U016261,0.0,0.0,17,1,0.0
U028450,0.0,0.0,18,1,0.0
U013413,0.0,0.0,12,1,0.0
U016263,0.0,0.0,19,1,0.0
U013408,0.0,0.0,18,1,0.0
U028454,0.0,0.0,22,1,0.0
U013407,0.0,0.0,10,1,0.0
U011715,0.0,0.0,4,1,0.0
U028457,0.0,0.0,29,1,0.0
U028458,0.0,0.0,12,1,0.0
U016267,0.0,0.0,8,1,0.0
U013404,0.0,0.0,26,1,0.0
U016269,0.0,0.0,27,1,0.0
U016270,0.0,0.0,24,1,0.0
U028463,0.0,0.0,9,1,0.0
U028464,0.0,0.0,25,1,0.0
U016271,0.0,0.0,13,1,0.0
U028466,0.0,0.0,5,1,0.0
U028467,0.0,0.0,30,1,0.0
U028468,0.0,0.0,28,1,0.0
U017520,0.0,0.0,8,1,0.0
U013401,0.0,0.0,26,1,0.0
U016274,0.0,0.0,25,1,0.0
U013400,0.0,0.0,4,1,0.0
U011711,0.0,0.0,17,1,0.0
U013397,0.0,0.0,11,1,0.0
U016278,0.0,0.0,17,1,0.0
U028476,0.0,0.0,8,1,0.0
U028477,0.0,0.0,19,1,0.0
U013395,0.0,0.0,11,1,0.0
U028479,0.0,0.0,6,1,0.0
U028480,0.0,0.0,11,1,0.0
U028481,0.0,0.0,11,1,0.0
U013389,0.0,0.0,25,1,0.0
U016281,0.0,0.0,14,1,0.0
U028484,0.0,0.0,18,1,0.0
U016282,0.0,0.0,5,1,0.0
U028486,0.0,0.0,7,1,0.0
U013384,0.0,0.0,12,1,0.0
U017523,0.0,0.0,31,1,0.0
U013380,0.0,0.0,3,1,0.0
U028490,0.0,0.0,16,1,0.0
U013379,0.0,0.0,14,1,0.0
U016287,0.0,0.0,29,1,0.0
U016288,0.0,0.0,25,1,0.0
U016289,0.0,0.0,20,1,0.0
U028495,0.0,0.0,13,1,0.0
U013377,0.0,0.0,29,1,0.0
U016291,0.0,0.0,14,1,0.0
U028498,0.0,0.0,22,1,0.0
U028499,0.0,0.0,8,1,0.0
U016292,0.0,0.0,18,1,0.0
U011705,0.0,0.0,21,1,0.0
U016293,0.0,0.0,22,1,0.0
U028503,0.0,0.0,16,1,0.0
U028504,0.0,0.0,9,1,0.0
U011704,0.0,0.0,20,1,0.0
U016295,0.0,0.0,13,1,0.0
U014982,0.0,0.0,7,1,0.0
U028508,0.0,0.0,3,1,0.0
U028509,0.0,0.0,2,1,0.0
U013375,0.0,0.0,23,1,0.0
U016298,0.0,0.0,26,1,0.0
U028512,0.0,0.0,8,1,0.0
U028513,0.0,0.0,25,1,0.0
U011702,0.0,0.0,24,1,0.0
U013368,0.0,0.0,2,1,0.0
U028516,0.0,0.0,5,1,0.0
U013367,0.0,0.0,19,1,0.0
U013365,0.0,0.0,18,1,0.0
U016303,0.0,0.0,3,1,0.0
U013363,0.0,0.0,6,1,0.0
U028521,0.0,0.0,25,1,0.0
U013361,0.0,0.0,19,1,0.0
U013360,0.0,0.0,12,1,0.0
U028524,0.0,0.0,27,1,0.0
U013354,0.0,0.0,12,1,0.0
U028526,0.0,0.0,6,1,0.0
U013351,0.0,0.0,20,1,0.0
U028528,0.0,0.0,14,1,0.0
U028529,0.0,0.0,3,1,0.0
U016309,0.0,0.0,19,1,0.0
U028531,0.0,0.0,20,1,0.0
U016310,0.0,0.0,7,1,0.0
U028533,0.0,0.0,24,1,0.0
U013349,0.0,0.0,29,1,0.0
U016312,0.0,0.0,26,1,0.0
U028536,0.0,0.0,12,1,0.0
U016313,0.0,0.0,23,1,0.0
U016314,0.0,0.0,27,1,0.0
U013343,0.0,0.0,12,1,0.0
U011700,0.0,0.0,12,1,0.0
U028541,0.0,0.0,27,1,0.0
U028542,0.0,0.0,11,1,0.0
U028543,0.0,0.0,12,1,0.0
U011699,0.0,0.0,20,1,0.0
U016316,0.0,0.0,13,1,0.0
U028546,0.0,0.0,27,1,0.0
U028547,0.0,0.0,25,1,0.0
U028548,0.0,0.0,11,1,0.0
U028549,0.0,0.0,23,1,0.0
U028550,0.0,0.0,7,1,0.0
U028551,0.0,0.0,15,1,0.0
U016317,0.0,0.0,15,1,0.0
U013340,0.0,0.0,25,1,0.0
U028554,0.0,0.0,13,1,0.0
U013339,0.0,0.0,3,1,0.0
U016320,0.0,0.0,16,1,0.0
U016321,0.0,0.0,22,1,0.0
U028558,0.0,0.0,22,1,0.0
U016322,0.0,0.0,10,1,0.0
U013337,0.0,0.0,13,1,0.0
U028561,0.0,0.0,27,1,0.0
U016324,0.0,0.0,5,1,0.0
U013336,0.0,0.0,13,1,0.0
U016326,0.0,0.0,25,1,0.0
U028565,0.0,0.0,24,1,0.0
U016327,0.0,0.0,3,1,0.0
U016328,0.0,0.0,29,1,0.0
U028568,0.0,0.0,15,1,0.0
U016329,0.0,0.0,31,1,0.0
U028570,0.0,0.0,13,1,0.0
U028571,0.0,0.0,23,1,0.0
U011697,0.0,0.0,13,1,0.0
U028573,0.0,0.0,12,1,0.0
U016330,0.0,0.0,24,1,0.0
U016331,0.0,0.0,26,1,0.0
U028576,0.0,0.0,10,1,0.0
U028577,0.0,0.0,5,1,0.0
U016332,0.0,0.0,15,1,0.0
U016333,0.0,0.0,5,1,0.0
U016334,0.0,0.0,29,1,0.0
U016335,0.0,0.0,16,1,0.0
U013335,0.0,0.0,18,1,0.0
U028583,0.0,0.0,4,1,0.0
U028584,0.0,0.0,31,1,0.0
U028585,0.0,0.0,12,1,0.0
U013333,0.0,0.0,6,1,0.0
U028587,0.0,0.0,11,1,0.0
U017531,0.0,0.0,10,1,0.0
U013331,0.0,0.0,4,1,0.0
U013330,0.0,0.0,11,1,0.0
U013329,0.0,0.0,27,1,0.0
U028592,0.0,0.0,7,1,0.0
U013326,0.0,0.0,11,1,0.0
U016342,0.0,0.0,2,1,0.0
U028595,0.0,0.0,10,1,0.0
U028596,0.0,0.0,18,1,0.0
U013325,0.0,0.0,1,1,0.0
U013323,0.0,0.0,7,1,0.0
U028599,0.0,0.0,14,1,0.0
U016345,0.0,0.0,2,1,0.0
U028601,0.0,0.0,7,1,0.0
U028602,0.0,0.0,4,1,0.0
U028603,0.0,0.0,23,1,0.0
U028604,0.0,0.0,11,1,0.0
U011695,0.0,0.0,24,1,0.0
U028606,0.0,0.0,15,1,0.0
U013315,0.0,0.0,28,1,0.0
U016348,0.0,0.0,5,1,0.0
U013314,0.0,0.0,12,1,0.0
U028610,0.0,0.0,15,1,0.0
U028611,0.0,0.0,17,1,0.0
U013313,0.0,0.0,6,1,0.0
U013312,0.0,0.0,20,1,0.0
U028614,0.0,0.0,28,1,0.0
U028615,0.0,0.0,26,1,0.0
U028616,0.0,0.0,21,1,0.0
U016352,0.0,0.0,6,1,0.0
U013311,0.0,0.0,9,1,0.0
U028619,0.0,0.0,14,1,0.0
U016354,0.0,0.0,11,1,0.0
U016355,0.0,0.0,30,1,0.0
U028622,0.0,0.0,9,1,0.0
U028623,0.0,0.0,16,1,0.0
U016356,0.0,0.0,24,1,0.0
U016357,0.0,0.0,12,1,0.0
U013307,0.0,0.0,19,1,0.0
U013303,0.0,0.0,6,1,0.0
U017534,0.0,0.0,22,1,0.0
U028629,0.0,0.0,31,1,0.0
U013294,0.0,0.0,31,1,0.0
U013291,0.0,0.0,4,1,0.0
U016363,0.0,0.0,24,1,0.0
U028633,0.0,0.0,13,1,0.0
U016364,0.0,0.0,3,1,0.0
U013289,0.0,0.0,26,1,0.0
U028636,0.0,0.0,17,1,0.0
U016366,0.0,0.0,20,1,0.0
U013288,0.0,0.0,14,1,0.0
U013286,0.0,0.0,15,1,0.0
U028640,0.0,0.0,21,1,0.0
U013282,0.0,0.0,2,1,0.0
U013280,0.0,0.0,24,1,0.0
U028643,0.0,0.0,23,1,0.0
U028644,0.0,0.0,23,1,0.0
U013277,0.0,0.0,10,1,0.0
U013276,0.0,0.0,5,1,0.0
U016373,0.0,0.0,13,1,0.0
U016374,0.0,0.0,8,1,0.0
U016375,0.0,0.0,28,1,0.0
U028650,0.0,0.0,16,1,0.0
U028651,0.0,0.0,23,1,0.0
U013275,0.0,0.0,11,1,0.0
U013273,0.0,0.0,15,1,0.0
U016378,0.0,0.0,16,1,0.0
U013272,0.0,0.0,27,1,0.0
U028656,0.0,0.0,11,1,0.0
U013270,0.0,0.0,10,1,0.0
U028658,0.0,0.0,16,1,0.0
U028659,0.0,0.0,26,1,0.0
U028660,0.0,0.0,15,1,0.0
U016381,0.0,0.0,16,1,0.0
U028662,0.0,0.0,10,1,0.0
U028663,0.0,0.0,20,1,0.0
U013269,0.0,0.0,29,1,0.0
U013267,0.0,0.0,22,1,0.0
U028666,0.0,0.0,23,1,0.0
U028667,0.0,0.0,8,1,0.0
U013266,0.0,0.0,27,1,0.0
U014975,0.0,0.0,22,1,0.0
U028670,0.0,0.0,23,1,0.0
U013265,0.0,0.0,15,1,0.0
U028672,0.0,0.0,18,1,0.0
U028673,0.0,0.0,9,1,0.0
U016387,0.0,0.0,18,1,0.0
U014973,0.0,0.0,23,1,0.0
U011688,0.0,0.0,26,1,0.0
U013259,0.0,0.0,12,1,0.0
U028678,0.0,0.0,22,1,0.0
U016391,0.0,0.0,8,1,0.0
U028680,0.0,0.0,5,1,0.0
U028681,0.0,0.0,29,1,0.0
U017536,0.0,0.0,11,1,0.0
U013255,0.0,0.0,2,1,0.0
U016394,0.0,0.0,28,1,0.0
U028685,0.0,0.0,17,1,0.0
U013253,0.0,0.0,31,1,0.0
U028687,0.0,0.0,18,1,0.0
U013252,0.0,0.0,7,1,0.0
U028689,0.0,0.0,15,1,0.0
U013250,0.0,0.0,17,1,0.0
U016398,0.0,0.0,31,1,0.0
U011683,0.0,0.0,17,1,0.0
U016400,0.0,0.0,3,1,0.0
U028694,0.0,0.0,27,1,0.0
U028695,0.0,0.0,29,1,0.0
U016401,0.0,0.0,12,1,0.0
U013249,0.0,0.0,20,1,0.0
U028698,0.0,0.0,19,1,0.0
U028699,0.0,0.0,30,1,0.0
U028700,0.0,0.0,13,1,0.0
U028701,0.0,0.0,13,1,0.0
U028702,0.0,0.0,29,1,0.0
U028703,0.0,0.0,12,1,0.0
U013247,0.0,0.0,12,1,0.0
U028705,0.0,0.0,27,1,0.0
U016404,0.0,0.0,15,1,0.0
U013244,0.0,0.0,3,1,0.0
U013242,0.0,0.0,15,1,0.0
U028709,0.0,0.0,25,1,0.0
U028710,0.0,0.0,7,1,0.0
U028711,0.0,0.0,23,1,0.0
U013241,0.0,0.0,28,1,0.0
U013240,0.0,0.0,19,1,0.0
U028714,0.0,0.0,6,1,0.0
U013239,0.0,0.0,20,1,0.0
U013234,0.0,0.0,13,1,0.0
U028717,0.0,0.0,22,1,0.0
U013233,0.0,0.0,21,1,0.0
U013231,0.0,0.0,6,1,0.0
U013229,0.0,0.0,7,1,0.0
U015020,0.0,0.0,7,1,0.0
U028722,0.0,0.0,27,1,0.0
U013228,0.0,0.0,25,1,0.0
U028724,0.0,0.0,7,1,0.0
U028725,0.0,0.0,1,1,0.0
U013227,0.0,0.0,25,1,0.0
U013226,0.0,0.0,10,1,0.0
U016418,0.0,0.0,6,1,0.0
U011681,0.0,0.0,12,1,0.0
U013220,0.0,0.0,22,1,0.0
U028731,0.0,0.0,17,1,0.0
U028732,0.0,0.0,27,1,0.0
U028733,0.0,0.0,26,1,0.0
U013216,0.0,0.0,23,1,0.0
U016422,0.0,0.0,18,1,0.0
U016423,0.0,0.0,3,1,0.0
U016424,0.0,0.0,6,1,0.0
U013211,0.0,0.0,16,1,0.0
U028739,0.0,0.0,29,1,0.0
U028740,0.0,0.0,12,1,0.0
U013210,0.0,0.0,26,1,0.0
U013209,0.0,0.0,19,1,0.0
U011680,0.0,0.0,28,1,0.0
U016429,0.0,0.0,19,1,0.0
U013207,0.0,0.0,18,1,0.0
U028746,0.0,0.0,4,1,0.0
U013203,0.0,0.0,15,1,0.0
U028748,0.0,0.0,21,1,0.0
U013200,0.0,0.0,18,1,0.0
U028750,0.0,0.0,13,1,0.0
U011679,0.0,0.0,10,1,0.0
U028752,0.0,0.0,20,1,0.0
U028753,0.0,0.0,28,1,0.0
U016433,0.0,0.0,7,1,0.0
U017541,0.0,0.0,5,1,0.0
U016434,0.0,0.0,11,1,0.0
U013197,0.0,0.0,20,1,0.0
U028758,0.0,0.0,16,1,0.0
U013193,0.0,0.0,4,1,0.0
U016437,0.0,0.0,14,1,0.0
U017542,0.0,0.0,11,1,0.0
U028762,0.0,0.0,12,1,0.0
U028763,0.0,0.0,8,1,0.0
U011675,0.0,0.0,15,1,0.0
U016439,0.0,0.0,23,1,0.0
U013191,0.0,0.0,20,1,0.0
U028767,0.0,0.0,25,1,0.0
U016441,0.0,0.0,3,1,0.0
U028769,0.0,0.0,28,1,0.0
U028770,0.0,0.0,21,1,0.0
U016442,0.0,0.0,9,1,0.0
U028772,0.0,0.0,23,1,0.0
U016443,0.0,0.0,8,1,0.0
U028774,0.0,0.0,28,1,0.0
U028775,0.0,0.0,4,1,0.0
U028776,0.0,0.0,24,1,0.0
U014966,0.0,0.0,18,1,0.0
U013190,0.0,0.0,28,1,0.0
U028779,0.0,0.0,22,1,0.0
U013188,0.0,0.0,5,1,0.0
U016447,0.0,0.0,12,1,0.0
U028782,0.0,0.0,9,1,0.0
U013183,0.0,0.0,15,1,0.0
U013180,0.0,0.0,19,1,0.0
U013179,0.0,0.0,30,1,0.0
U028786,0.0,0.0,20,1,0.0
U016451,0.0,0.0,18,1,0.0
U028788,0.0,0.0,12,1,0.0
U028789,0.0,0.0,21,1,0.0
U028790,0.0,0.0,10,1,0.0
U013175,0.0,0.0,17,1,0.0
U013174,0.0,0.0,27,1,0.0
U028793,0.0,0.0,6,1,0.0
U028794,0.0,0.0,5,1,0.0
U013173,0.0,0.0,22,1,0.0
U028796,0.0,0.0,28,1,0.0
U028797,0.0,0.0,17,1,0.0
U028798,0.0,0.0,16,1,0.0
U016455,0.0,0.0,20,1,0.0
U028800,0.0,0.0,7,1,0.0
U013172,0.0,0.0,2,1,0.0
U016457,0.0,0.0,7,1,0.0
U028803,0.0,0.0,9,1,0.0
U017544,0.0,0.0,6,1,0.0
U013171,0.0,0.0,15,1,0.0
U028806,0.0,0.0,10,1,0.0
U013170,0.0,0.0,26,1,0.0
U028808,0.0,0.0,21,1,0.0
U028809,0.0,0.0,27,1,0.0
U028810,0.0,0.0,29,1,0.0
U013169,0.0,0.0,20,1,0.0
U028812,0.0,0.0,7,1,0.0
U013166,0.0,0.0,20,1,0.0
U016462,0.0,0.0,13,1,0.0
U028815,0.0,0.0,11,1,0.0
U028816,0.0,0.0,12,1,0.0
U028817,0.0,0.0,30,1,0.0
U013163,0.0,0.0,15,1,0.0
U013159,0.0,0.0,13,1,0.0
U013158,0.0,0.0,21,1,0.0
U013153,0.0,0.0,31,1,0.0
U028822,0.0,0.0,31,1,0.0
U015022,0.0,0.0,18,1,0.0
U013150,0.0,0.0,26,1,0.0
U028825,0.0,0.0,4,1,0.0
U011674,0.0,0.0,16,1,0.0
U013149,0.0,0.0,17,1,0.0
U016470,0.0,0.0,20,1,0.0
U028829,0.0,0.0,7,1,0.0
U028830,0.0,0.0,11,1,0.0
U013144,0.0,0.0,30,1,0.0
U028832,0.0,0.0,28,1,0.0
U016472,0.0,0.0,24,1,0.0
U028834,0.0,0.0,9,1,0.0
U013141,0.0,0.0,29,1,0.0
U016474,0.0,0.0,26,1,0.0
U013140,0.0,0.0,19,1,0.0
U028838,0.0,0.0,21,1,0.0
U028839,0.0,0.0,15,1,0.0
U013137,0.0,0.0,30,1,0.0
U013136,0.0,0.0,26,1,0.0
U028842,0.0,0.0,7,1,0.0
U028843,0.0,0.0,4,1,0.0
U028844,0.0,0.0,6,1,0.0
U016478,0.0,0.0,12,1,0.0
U028846,0.0,0.0,21,1,0.0
U016479,0.0,0.0,23,1,0.0
U013135,0.0,0.0,3,1,0.0
U016481,0.0,0.0,16,1,0.0
U013133,0.0,0.0,28,1,0.0
U016483,0.0,0.0,23,1,0.0
U016484,0.0,0.0,21,1,0.0
U028853,0.0,0.0,24,1,0.0
U016485,0.0,0.0,15,1,0.0
U014961,0.0,0.0,27,1,0.0
U016487,0.0,0.0,24,1,0.0
U028857,0.0,0.0,21,1,0.0
U028858,0.0,0.0,21,1,0.0
U028859,0.0,0.0,28,1,0.0
U016488,0.0,0.0,2,1,0.0
U028861,0.0,0.0,6,1,0.0
U028862,0.0,0.0,13,1,0.0
U013129,0.0,0.0,3,1,0.0
U016490,0.0,0.0,15,1,0.0
U013128,0.0,0.0,8,1,0.0
U016492,0.0,0.0,19,1,0.0
U013127,0.0,0.0,12,1,0.0
U011664,0.0,0.0,24,1,0.0
U028869,0.0,0.0,17,1,0.0
U028870,0.0,0.0,8,1,0.0
U028871,0.0,0.0,22,1,0.0
U013122,0.0,0.0,30,1,0.0
U028873,0.0,0.0,2,1,0.0
U028874,0.0,0.0,7,1,0.0
U016495,0.0,0.0,16,1,0.0
U013120,0.0,0.0,6,1,0.0
U028877,0.0,0.0,17,1,0.0
U028878,0.0,0.0,16,1,0.0
U028879,0.0,0.0,12,1,0.0
U028880,0.0,0.0,4,1,0.0
U013115,0.0,0.0,7,1,0.0
U013114,0.0,0.0,16,1,0.0
U028883,0.0,0.0,21,1,0.0
U013112,0.0,0.0,17,1,0.0
U013111,0.0,0.0,29,1,0.0
U013110,0.0,0.0,14,1,0.0
U013109,0.0,0.0,26,1,0.0
U014958,0.0,0.0,19,1,0.0
U014957,0.0,0.0,25,1,0.0
U013108,0.0,0.0,29,1,0.0
U016506,0.0,0.0,16,1,0.0
U028892,0.0,0.0,20,1,0.0
U013106,0.0,0.0,15,1,0.0
U011661,0.0,0.0,25,1,0.0
U013104,0.0,0.0,12,1,0.0
U028896,0.0,0.0,3,1,0.0
U013103,0.0,0.0,4,1,0.0
U016510,0.0,0.0,21,1,0.0
U028899,0.0,0.0,8,1,0.0
U013102,0.0,0.0,15,1,0.0
U016512,0.0,0.0,26,1,0.0
U028902,0.0,0.0,6,1,0.0
U028903,0.0,0.0,5,1,0.0
U013100,0.0,0.0,11,1,0.0
U016514,0.0,0.0,4,1,0.0
U013096,0.0,0.0,10,1,0.0
U017548,0.0,0.0,10,1,0.0
U028908,0.0,0.0,9,1,0.0
U013092,0.0,0.0,29,1,0.0
U011658,0.0,0.0,12,1,0.0
U028911,0.0,0.0,25,1,0.0
U028912,0.0,0.0,18,1,0.0
U028913,0.0,0.0,1,1,0.0
U028914,0.0,0.0,29,1,0.0
U013090,0.0,0.0,10,1,0.0
U016519,0.0,0.0,30,1,0.0
U016520,0.0,0.0,22,1,0.0
U013089,0.0,0.0,6,1,0.0
U011651,0.0,0.0,12,1,0.0
U013083,0.0,0.0,26,1,0.0
U013082,0.0,0.0,24,1,0.0
U013077,0.0,0.0,31,1,0.0
U016526,0.0,0.0,23,1,0.0
U028924,0.0,0.0,19,1,0.0
U013075,0.0,0.0,10,1,0.0
U028926,0.0,0.0,2,1,0.0
U015026,0.0,0.0,22,1,0.0
U016529,0.0,0.0,25,1,0.0
U028929,0.0,0.0,14,1,0.0
U013071,0.0,0.0,6,1,0.0
U028931,0.0,0.0,5,1,0.0
U016531,0.0,0.0,25,1,0.0
U028933,0.0,0.0,6,1,0.0
U013069,0.0,0.0,23,1,0.0
U016533,0.0,0.0,3,1,0.0
U016534,0.0,0.0,9,1,0.0
U013063,0.0,0.0,13,1,0.0
U013062,0.0,0.0,17,1,0.0
U013061,0.0,0.0,12,1,0.0
U028940,0.0,0.0,23,1,0.0
U028941,0.0,0.0,24,1,0.0
U028942,0.0,0.0,16,1,0.0
U016538,0.0,0.0,27,1,0.0
U028944,0.0,0.0,26,1,0.0
U028945,0.0,0.0,17,1,0.0
U028946,0.0,0.0,5,1,0.0
U016539,0.0,0.0,3,1,0.0
U016540,0.0,0.0,24,1,0.0
U013057,0.0,0.0,31,1,0.0
U028950,0.0,0.0,9,1,0.0
U017551,0.0,0.0,20,1,0.0
U013056,0.0,0.0,11,1,0.0
U028953,0.0,0.0,4,1,0.0
U028954,0.0,0.0,23,1,0.0
U013055,0.0,0.0,12,1,0.0
U013054,0.0,0.0,23,1,0.0
U016545,0.0,0.0,21,1,0.0
U028958,0.0,0.0,21,1,0.0
U016546,0.0,0.0,11,1,0.0
U013053,0.0,0.0,30,1,0.0
U013052,0.0,0.0,7,1,0.0
U016549,0.0,0.0,18,1,0.0
U011650,0.0,0.0,26,1,0.0
U028964,0.0,0.0,2,1,0.0
U013051,0.0,0.0,20,1,0.0
U013047,0.0,0.0,30,1,0.0
U016552,0.0,0.0,23,1,0.0
U017554,0.0,0.0,29,1,0.0
U016553,0.0,0.0,21,1,0.0
U016554,0.0,0.0,21,1,0.0
U013044,0.0,0.0,7,1,0.0
U013043,0.0,0.0,4,1,0.0
U016557,0.0,0.0,14,1,0.0
U028974,0.0,0.0,9,1,0.0
U016558,0.0,0.0,12,1,0.0
U028976,0.0,0.0,17,1,0.0
U013042,0.0,0.0,22,1,0.0
U016560,0.0,0.0,2,1,0.0
U028979,0.0,0.0,11,1,0.0
U028980,0.0,0.0,17,1,0.0
U013040,0.0,0.0,28,1,0.0
U016562,0.0,0.0,2,1,0.0
U016563,0.0,0.0,29,1,0.0
U028984,0.0,0.0,11,1,0.0
U016564,0.0,0.0,22,1,0.0
U028986,0.0,0.0,17,1,0.0
U013036,0.0,0.0,13,1,0.0
U013032,0.0,0.0,1,1,0.0
U028989,0.0,0.0,13,1,0.0
U028990,0.0,0.0,11,1,0.0
U016567,0.0,0.0,12,1,0.0
U016568,0.0,0.0,24,1,0.0
U016569,0.0,0.0,7,1,0.0
U013031,0.0,0.0,28,1,0.0
U028995,0.0,0.0,3,1,0.0
U028996,0.0,0.0,31,1,0.0
U028997,0.0,0.0,29,1,0.0
U028998,0.0,0.0,19,1,0.0
U013030,0.0,0.0,16,1,0.0
U029000,0.0,0.0,21,1,0.0
U011642,0.0,0.0,29,1,0.0
U029002,0.0,0.0,5,1,0.0
U016573,0.0,0.0,3,1,0.0
U013027,0.0,0.0,25,1,0.0
U016575,0.0,0.0,17,1,0.0
U011641,0.0,0.0,4,1,0.0
U029007,0.0,0.0,11,1,0.0
U029008,0.0,0.0,21,1,0.0
U029009,0.0,0.0,6,1,0.0
U011636,0.0,0.0,10,1,0.0
U013024,0.0,0.0,29,1,0.0
U016579,0.0,0.0,8,1,0.0
U013023,0.0,0.0,14,1,0.0
U016581,0.0,0.0,9,1,0.0
U013022,0.0,0.0,13,1,0.0
U013020,0.0,0.0,22,1,0.0
U011633,0.0,0.0,2,1,0.0
U016585,0.0,0.0,10,1,0.0
U016586,0.0,0.0,8,1,0.0
U029020,0.0,0.0,10,1,0.0
U029021,0.0,0.0,17,1,0.0
U029022,0.0,0.0,24,1,0.0
U013019,0.0,0.0,16,1,0.0
U016588,0.0,0.0,15,1,0.0
U029025,0.0,0.0,17,1,0.0
U029026,0.0,0.0,17,1,0.0
U013018,0.0,0.0,28,1,0.0
U011632,0.0,0.0,20,1,0.0
U013015,0.0,0.0,3,1,0.0
U013013,0.0,0.0,26,1,0.0
U013008,0.0,0.0,22,1,0.0
U013004,0.0,0.0,26,1,0.0
U029033,0.0,0.0,29,1,0.0
U013003,0.0,0.0,13,1,0.0
U013002,0.0,0.0,30,1,0.0
U029036,0.0,0.0,6,1,0.0
U029037,0.0,0.0,29,1,0.0
U012997,0.0,0.0,5,1,0.0
U016597,0.0,0.0,9,1,0.0
U029040,0.0,0.0,31,1,0.0
U016598,0.0,0.0,7,1,0.0
U016599,0.0,0.0,10,1,0.0
U029043,0.0,0.0,12,1,0.0
U015034,0.0,0.0,30,1,0.0
U016601,0.0,0.0,28,1,0.0
U012992,0.0,0.0,26,1,0.0
U029047,0.0,0.0,5,1,0.0
U029048,0.0,0.0,11,1,0.0
U016603,0.0,0.0,28,1,0.0
U012991,0.0,0.0,25,1,0.0
U029051,0.0,0.0,29,1,0.0
U016605,0.0,0.0,30,1,0.0
U016606,0.0,0.0,19,1,0.0
U029054,0.0,0.0,28,1,0.0
U016607,0.0,0.0,20,1,0.0
U012989,0.0,0.0,27,1,0.0
U029057,0.0,0.0,2,1,0.0
U029058,0.0,0.0,10,1,0.0
U029059,0.0,0.0,8,1,0.0
U012988,0.0,0.0,4,1,0.0
U016610,0.0,0.0,22,1,0.0
U012986,0.0,0.0,13,1,0.0
U016612,0.0,0.0,27,1,0.0
U012983,0.0,0.0,20,1,0.0
U029065,0.0,0.0,22,1,0.0
U012980,0.0,0.0,21,1,0.0
U017561,0.0,0.0,7,1,0.0
U029068,0.0,0.0,31,1,0.0
U016615,0.0,0.0,20,1,0.0
U029070,0.0,0.0,4,1,0.0
U029071,0.0,0.0,24,1,0.0
U012978,0.0,0.0,3,1,0.0
U012974,0.0,0.0,20,1,0.0
U012971,0.0,0.0,8,1,0.0
U012970,0.0,0.0,14,1,0.0
U029076,0.0,0.0,30,1,0.0
U029077,0.0,0.0,26,1,0.0
U029078,0.0,0.0,23,1,0.0
U016620,0.0,0.0,20,1,0.0
U012966,0.0,0.0,3,1,0.0
U029081,0.0,0.0,17,1,0.0
U012965,0.0,0.0,11,1,0.0
U016623,0.0,0.0,27,1,0.0
U029084,0.0,0.0,2,1,0.0
U029085,0.0,0.0,20,1,0.0
U012961,0.0,0.0,15,1,0.0
U012960,0.0,0.0,4,1,0.0
U012959,0.0,0.0,31,1,0.0
U029089,0.0,0.0,14,1,0.0
U029090,0.0,0.0,23,1,0.0
U029091,0.0,0.0,22,1,0.0
U012957,0.0,0.0,25,1,0.0
U012956,0.0,0.0,9,1,0.0
U029094,0.0,0.0,6,1,0.0
U029095,0.0,0.0,18,1,0.0
U012952,0.0,0.0,4,1,0.0
U016630,0.0,0.0,6,1,0.0
U016631,0.0,0.0,25,1,0.0
U029099,0.0,0.0,29,1,0.0
U016632,0.0,0.0,15,1,0.0
U012951,0.0,0.0,26,1,0.0
U012950,0.0,0.0,26,1,0.0
U012947,0.0,0.0,12,1,0.0
U016636,0.0,0.0,13,1,0.0
U029105,0.0,0.0,19,1,0.0
U029106,0.0,0.0,3,1,0.0
U012946,0.0,0.0,10,1,0.0
U029108,0.0,0.0,15,1,0.0
U017563,0.0,0.0,14,1,0.0
U029110,0.0,0.0,23,1,0.0
U016639,0.0,0.0,25,1,0.0
U029112,0.0,0.0,3,1,0.0
U029113,0.0,0.0,25,1,0.0
U029114,0.0,0.0,4,1,0.0
U016640,0.0,0.0,14,1,0.0
U016641,0.0,0.0,19,1,0.0
U029117,0.0,0.0,10,1,0.0
U016642,0.0,0.0,21,1,0.0
U016643,0.0,0.0,14,1,0.0
U012941,0.0,0.0,30,1,0.0
U012935,0.0,0.0,14,1,0.0
U012934,0.0,0.0,23,1,0.0
U029123,0.0,0.0,4,1,0.0
U012932,0.0,0.0,9,1,0.0
U012930,0.0,0.0,20,1,0.0
U029126,0.0,0.0,29,1,0.0
U016649,0.0,0.0,13,1,0.0
U012929,0.0,0.0,7,1,0.0
U016651,0.0,0.0,6,1,0.0
U016652,0.0,0.0,1,1,0.0
U012928,0.0,0.0,11,1,0.0
U012924,0.0,0.0,24,1,0.0
U012922,0.0,0.0,10,1,0.0
U012918,0.0,0.0,16,1,0.0
U012917,0.0,0.0,10,1,0.0
U012915,0.0,0.0,21,1,0.0
U029137,0.0,0.0,20,1,0.0
U012913,0.0,0.0,23,1,0.0
U029139,0.0,0.0,13,1,0.0
U016660,0.0,0.0,27,1,0.0
U012912,0.0,0.0,17,1,0.0
U029142,0.0,0.0,1,1,0.0
U029143,0.0,0.0,5,1,0.0
U029144,0.0,0.0,11,1,0.0
U012910,0.0,0.0,31,1,0.0
U017564,0.0,0.0,1,1,0.0
U012906,0.0,0.0,7,1,0.0
U016664,0.0,0.0,28,1,0.0
U016665,0.0,0.0,22,1,0.0
U016666,0.0,0.0,17,1,0.0
U012905,0.0,0.0,9,1,0.0
U012902,0.0,0.0,12,1,0.0
U029153,0.0,0.0,27,1,0.0
U016669,0.0,0.0,19,1,0.0
U016670,0.0,0.0,4,1,0.0
U016671,0.0,0.0,8,1,0.0
U012898,0.0,0.0,25,1,0.0
U029158,0.0,0.0,6,1,0.0
U029159,0.0,0.0,27,1,0.0
U017565,0.0,0.0,16,1,0.0
U029161,0.0,0.0,9,1,0.0
U016674,0.0,0.0,10,1,0.0
U015028,0.0,0.0,5,1,0.0
U016676,0.0,0.0,19,1,0.0
U011629,0.0,0.0,15,1,0.0
U016678,0.0,0.0,7,1,0.0
U011628,0.0,0.0,13,1,0.0
U012893,0.0,0.0,18,1,0.0
U029169,0.0,0.0,17,1,0.0
U017568,0.0,0.0,13,1,0.0
U016681,0.0,0.0,27,1,0.0
U029172,0.0,0.0,31,1,0.0
U029173,0.0,0.0,5,1,0.0
U016682,0.0,0.0,28,1,0.0
U017569,0.0,0.0,25,1,0.0
U029176,0.0,0.0,6,1,0.0
U012884,0.0,0.0,31,1,0.0
U029178,0.0,0.0,21,1,0.0
U012879,0.0,0.0,24,1,0.0
U029180,0.0,0.0,6,1,0.0
U011626,0.0,0.0,11,1,0.0
U029182,0.0,0.0,1,1,0.0
U016686,0.0,0.0,2,1,0.0
U016687,0.0,0.0,19,1,0.0
U016688,0.0,0.0,15,1,0.0
U029186,0.0,0.0,18,1,0.0
U029187,0.0,0.0,26,1,0.0
U012878,0.0,0.0,5,1,0.0
U029189,0.0,0.0,20,1,0.0
U012876,0.0,0.0,7,1,0.0
U029191,0.0,0.0,24,1,0.0
U012871,0.0,0.0,5,1,0.0
U016692,0.0,0.0,28,1,0.0
U016693,0.0,0.0,14,1,0.0
U029195,0.0,0.0,6,1,0.0
U011625,0.0,0.0,24,1,0.0
U012869,0.0,0.0,12,1,0.0
U012868,0.0,0.0,26,1,0.0
U029199,0.0,0.0,29,1,0.0
U016696,0.0,0.0,3,1,0.0
U016697,0.0,0.0,21,1,0.0
U029202,0.0,0.0,16,1,0.0
U029203,0.0,0.0,3,1,0.0
U012862,0.0,0.0,16,1,0.0
U016699,0.0,0.0,24,1,0.0
U029206,0.0,0.0,15,1,0.0
U012861,0.0,0.0,30,1,0.0
U012857,0.0,0.0,30,1,0.0
U016702,0.0,0.0,6,1,0.0
U016703,0.0,0.0,21,1,0.0
U012856,0.0,0.0,16,1,0.0
U012851,0.0,0.0,17,1,0.0
U029213,0.0,0.0,6,1,0.0
U016706,0.0,0.0,13,1,0.0
U016707,0.0,0.0,19,1,0.0
U011624,0.0,0.0,29,1,0.0
U029217,0.0,0.0,28,1,0.0
U012849,0.0,0.0,30,1,0.0
U029219,0.0,0.0,30,1,0.0
U029220,0.0,0.0,31,1,0.0
U029221,0.0,0.0,3,1,0.0
U029222,0.0,0.0,23,1,0.0
U012846,0.0,0.0,6,1,0.0
U012843,0.0,0.0,27,1,0.0
U012839,0.0,0.0,6,1,0.0
U012833,0.0,0.0,15,1,0.0
U029227,0.0,0.0,6,1,0.0
U029228,0.0,0.0,6,1,0.0
U029229,0.0,0.0,28,1,0.0
U029230,0.0,0.0,19,1,0.0
U016714,0.0,0.0,24,1,0.0
U029232,0.0,0.0,29,1,0.0
U012832,0.0,0.0,24,1,0.0
U016716,0.0,0.0,6,1,0.0
U012831,0.0,0.0,27,1,0.0
U016718,0.0,0.0,4,1,0.0
U016719,0.0,0.0,30,1,0.0
U029238,0.0,0.0,14,1,0.0
U012828,0.0,0.0,2,1,0.0
U012825,0.0,0.0,11,1,0.0
U012824,0.0,0.0,9,1,0.0
U016723,0.0,0.0,24,1,0.0
U012819,0.0,0.0,30,1,0.0
U029244,0.0,0.0,15,1,0.0
U016725,0.0,0.0,20,1,0.0
U017574,0.0,0.0,17,1,0.0
U029247,0.0,0.0,30,1,0.0
U012816,0.0,0.0,10,1,0.0
U029249,0.0,0.0,23,1,0.0
U029250,0.0,0.0,21,1,0.0
U012815,0.0,0.0,20,1,0.0
U029252,0.0,0.0,4,1,0.0
U029253,0.0,0.0,20,1,0.0
U016729,0.0,0.0,27,1,0.0
U012814,0.0,0.0,12,1,0.0
U016731,0.0,0.0,26,1,0.0
U029257,0.0,0.0,14,1,0.0
U012813,0.0,0.0,10,1,0.0
U016733,0.0,0.0,18,1,0.0
U016734,0.0,0.0,18,1,0.0
U029261,0.0,0.0,22,1,0.0
U029262,0.0,0.0,11,1,0.0
U016735,0.0,0.0,21,1,0.0
U029264,0.0,0.0,14,1,0.0
U012809,0.0,0.0,12,1,0.0
U029266,0.0,0.0,15,1,0.0
U029267,0.0,0.0,17,1,0.0
U029268,0.0,0.0,27,1,0.0
U016737,0.0,0.0,7,1,0.0
U016738,0.0,0.0,16,1,0.0
U012807,0.0,0.0,19,1,0.0
U016740,0.0,0.0,17,1,0.0
U017575,0.0,0.0,6,1,0.0
U029274,0.0,0.0,3,1,0.0
U012806,0.0,0.0,8,1,0.0
U029276,0.0,0.0,19,1,0.0
U029277,0.0,0.0,21,1,0.0
U016743,0.0,0.0,4,1,0.0
U029279,0.0,0.0,20,1,0.0
U029280,0.0,0.0,2,1,0.0
U029281,0.0,0.0,18,1,0.0
U016744,0.0,0.0,27,1,0.0
U012805,0.0,0.0,22,1,0.0
U029284,0.0,0.0,4,1,0.0
U012804,0.0,0.0,24,1,0.0
U012803,0.0,0.0,15,1,0.0
U029287,0.0,0.0,2,1,0.0
U029288,0.0,0.0,29,1,0.0
U016748,0.0,0.0,2,1,0.0
U012802,0.0,0.0,27,1,0.0
U012799,0.0,0.0,22,1,0.0
U012798,0.0,0.0,21,1,0.0
U012796,0.0,0.0,29,1,0.0
U029294,0.0,0.0,27,1,0.0
U029295,0.0,0.0,3,1,0.0
U012790,0.0,0.0,27,1,0.0
U016754,0.0,0.0,2,1,0.0
U029298,0.0,0.0,10,1,0.0
U012789,0.0,0.0,27,1,0.0
U012786,0.0,0.0,16,1,0.0
U029301,0.0,0.0,24,1,0.0
U029302,0.0,0.0,3,1,0.0
U029303,0.0,0.0,24,1,0.0
U016757,0.0,0.0,10,1,0.0
U016758,0.0,0.0,13,1,0.0
U012785,0.0,0.0,17,1,0.0
U029307,0.0,0.0,11,1,0.0
U012784,0.0,0.0,25,1,0.0
U012782,0.0,0.0,10,1,0.0
U012777,0.0,0.0,25,1,0.0
U016763,0.0,0.0,19,1,0.0
U012776,0.0,0.0,11,1,0.0
U012774,0.0,0.0,26,1,0.0
U016766,0.0,0.0,22,1,0.0
U029315,0.0,0.0,17,1,0.0
U029316,0.0,0.0,18,1,0.0
U012773,0.0,0.0,11,1,0.0
U016768,0.0,0.0,21,1,0.0
U012758,0.0,0.0,30,1,0.0
U012756,0.0,0.0,31,1,0.0
U016771,0.0,0.0,11,1,0.0
U012753,0.0,0.0,17,1,0.0
U029323,0.0,0.0,31,1,0.0
U012749,0.0,0.0,9,1,0.0
U029325,0.0,0.0,18,1,0.0
U012742,0.0,0.0,20,1,0.0
U012741,0.0,0.0,13,1,0.0
U029328,0.0,0.0,22,1,0.0
U016776,0.0,0.0,20,1,0.0
U012738,0.0,0.0,2,1,0.0
U012733,0.0,0.0,17,1,0.0
U016779,0.0,0.0,18,1,0.0
U029333,0.0,0.0,27,1,0.0
U029334,0.0,0.0,27,1,0.0
U029335,0.0,0.0,28,1,0.0
U029336,0.0,0.0,6,1,0.0
U016780,0.0,0.0,19,1,0.0
U012732,0.0,0.0,12,1,0.0
U017576,0.0,0.0,24,1,0.0
U016783,0.0,0.0,9,1,0.0
U029341,0.0,0.0,16,1,0.0
U016784,0.0,0.0,19,1,0.0
U029343,0.0,0.0,17,1,0.0
U016785,0.0,0.0,15,1,0.0
U016786,0.0,0.0,14,1,0.0
U012727,0.0,0.0,4,1,0.0
U016788,0.0,0.0,24,1,0.0
U012725,0.0,0.0,9,1,0.0
U016790,0.0,0.0,2,1,0.0
U029350,0.0,0.0,10,1,0.0
U029351,0.0,0.0,3,1,0.0
U011622,0.0,0.0,6,1,0.0
U011619,0.0,0.0,28,1,0.0
U012724,0.0,0.0,12,1,0.0
U012723,0.0,0.0,10,1,0.0
U016793,0.0,0.0,1,1,0.0
U012720,0.0,0.0,26,1,0.0
U029358,0.0,0.0,17,1,0.0
U016795,0.0,0.0,5,1,0.0
U012717,0.0,0.0,12,1,0.0
U029361,0.0,0.0,11,1,0.0
U012715,0.0,0.0,18,1,0.0
U012714,0.0,0.0,10,1,0.0
U029364,0.0,0.0,17,1,0.0
U012712,0.0,0.0,12,1,0.0
U016800,0.0,0.0,20,1,0.0
U012703,0.0,0.0,24,1,0.0
U012699,0.0,0.0,5,1,0.0
U029369,0.0,0.0,7,1,0.0
U016803,0.0,0.0,13,1,0.0
U012698,0.0,0.0,31,1,0.0
U029372,0.0,0.0,21,1,0.0
U029373,0.0,0.0,9,1,0.0
U017579,0.0,0.0,10,1,0.0
U012696,0.0,0.0,29,1,0.0
U029376,0.0,0.0,12,1,0.0
U012693,0.0,0.0,3,1,0.0
U029378,0.0,0.0,21,1,0.0
U029379,0.0,0.0,30,1,0.0
U029380,0.0,0.0,9,1,0.0
U016808,0.0,0.0,3,1,0.0
U029382,0.0,0.0,12,1,0.0
U016809,0.0,0.0,14,1,0.0
U029384,0.0,0.0,29,1,0.0
U012691,0.0,0.0,6,1,0.0
U012690,0.0,0.0,27,1,0.0
U016812,0.0,0.0,30,1,0.0
U029388,0.0,0.0,30,1,0.0
U029389,0.0,0.0,31,1,0.0
U012688,0.0,0.0,20,1,0.0
U012684,0.0,0.0,23,1,0.0
U029392,0.0,0.0,21,1,0.0
U029393,0.0,0.0,29,1,0.0
U016815,0.0,0.0,9,1,0.0
U029395,0.0,0.0,10,1,0.0
U012683,0.0,0.0,25,1,0.0
U012682,0.0,0.0,26,1,0.0
U029398,0.0,0.0,17,1,0.0
U012681,0.0,0.0,29,1,0.0
U029400,0.0,0.0,19,1,0.0
U016819,0.0,0.0,7,1,0.0
U029402,0.0,0.0,21,1,0.0
U029403,0.0,0.0,28,1,0.0
U029404,0.0,0.0,23,1,0.0
U016820,0.0,0.0,15,1,0.0
U029406,0.0,0.0,24,1,0.0
U012676,0.0,0.0,14,1,0.0
U011618,0.0,0.0,3,1,0.0
U012671,0.0,0.0,19,1,0.0
U029410,0.0,0.0,10,1,0.0
U029411,0.0,0.0,16,1,0.0
U016824,0.0,0.0,3,1,0.0
U012668,0.0,0.0,20,1,0.0
U029414,0.0,0.0,27,1,0.0
U029415,0.0,0.0,5,1,0.0
U012665,0.0,0.0,23,1,0.0
U029417,0.0,0.0,14,1,0.0
U016827,0.0,0.0,23,1,0.0
U029419,0.0,0.0,14,1,0.0
U012663,0.0,0.0,24,1,0.0
U012656,0.0,0.0,5,1,0.0
U029422,0.0,0.0,17,1,0.0
U029423,0.0,0.0,28,1,0.0
U012655,0.0,0.0,18,1,0.0
U012654,0.0,0.0,12,1,0.0
U016832,0.0,0.0,22,1,0.0
U012650,0.0,0.0,9,1,0.0
U016834,0.0,0.0,27,1,0.0
U016835,0.0,0.0,10,1,0.0
U016836,0.0,0.0,27,1,0.0
U016837,0.0,0.0,8,1,0.0
U012649,0.0,0.0,2,1,0.0
U012640,0.0,0.0,23,1,0.0
U012639,0.0,0.0,16,1,0.0
U029435,0.0,0.0,6,1,0.0
U016841,0.0,0.0,23,1,0.0
U029437,0.0,0.0,9,1,0.0
U012634,0.0,0.0,19,1,0.0
U029439,0.0,0.0,14,1,0.0
U012630,0.0,0.0,5,1,0.0
U029441,0.0,0.0,21,1,0.0
U029442,0.0,0.0,20,1,0.0
U016844,0.0,0.0,14,1,0.0
U016845,0.0,0.0,6,1,0.0
U012629,0.0,0.0,23,1,0.0
U016847,0.0,0.0,16,1,0.0
U016848,0.0,0.0,31,1,0.0
U029448,0.0,0.0,7,1,0.0
U014955,0.0,0.0,24,1,0.0
U012627,0.0,0.0,14,1,0.0
U016851,0.0,0.0,6,1,0.0
U016852,0.0,0.0,23,1,0.0
U017581,0.0,0.0,12,1,0.0
U029454,0.0,0.0,18,1,0.0
U017582,0.0,0.0,5,1,0.0
U029456,0.0,0.0,24,1,0.0
U029457,0.0,0.0,5,1,0.0
U029458,0.0,0.0,14,1,0.0
U012622,0.0,0.0,5,1,0.0
U029460,0.0,0.0,24,1,0.0
U029461,0.0,0.0,8,1,0.0
U029462,0.0,0.0,20,1,0.0
U017583,0.0,0.0,25,1,0.0
U012621,0.0,0.0,2,1,0.0
U029465,0.0,0.0,1,1,0.0
U029466,0.0,0.0,22,1,0.0
U012619,0.0,0.0,1,1,0.0
U012613,0.0,0.0,14,1,0.0
U012608,0.0,0.0,4,1,0.0
U012605,0.0,0.0,9,1,0.0
U029471,0.0,0.0,2,1,0.0
U016860,0.0,0.0,14,1,0.0
U029473,0.0,0.0,13,1,0.0
U012602,0.0,0.0,15,1,0.0
U012601,0.0,0.0,15,1,0.0
U012599,0.0,0.0,12,1,0.0
U029477,0.0,0.0,11,1,0.0
U012598,0.0,0.0,11,1,0.0
U012597,0.0,0.0,10,1,0.0
U016866,0.0,0.0,2,1,0.0
U012596,0.0,0.0,23,1,0.0
U016868,0.0,0.0,18,1,0.0
U016869,0.0,0.0,25,1,0.0
U029484,0.0,0.0,14,1,0.0
U012595,0.0,0.0,4,1,0.0
U012590,0.0,0.0,20,1,0.0
U012589,0.0,0.0,24,1,0.0
U029488,0.0,0.0,23,1,0.0
U029489,0.0,0.0,14,1,0.0
U012588,0.0,0.0,28,1,0.0
U012587,0.0,0.0,7,1,0.0
U016875,0.0,0.0,12,1,0.0
U016876,0.0,0.0,11,1,0.0
U029494,0.0,0.0,8,1,0.0
U012586,0.0,0.0,3,1,0.0
U029496,0.0,0.0,19,1,0.0
U017584,0.0,0.0,9,1,0.0
U012582,0.0,0.0,16,1,0.0
U012579,0.0,0.0,11,1,0.0
U029500,0.0,0.0,16,1,0.0
U012577,0.0,0.0,1,1,0.0
U012576,0.0,0.0,3,1,0.0
U029503,0.0,0.0,30,1,0.0
U016883,0.0,0.0,6,1,0.0
U029505,0.0,0.0,7,1,0.0
U012569,0.0,0.0,20,1,0.0
U016885,0.0,0.0,21,1,0.0
U029508,0.0,0.0,11,1,0.0
U029509,0.0,0.0,15,1,0.0
U029510,0.0,0.0,7,1,0.0
U016886,0.0,0.0,16,1,0.0
U016887,0.0,0.0,27,1,0.0
U029513,0.0,0.0,20,1,0.0
U016888,0.0,0.0,17,1,0.0
U029515,0.0,0.0,2,1,0.0
U012566,0.0,0.0,20,1,0.0
U012562,0.0,0.0,11,1,0.0
U029518,0.0,0.0,2,1,0.0
U012556,0.0,0.0,27,1,0.0
U012545,0.0,0.0,15,1,0.0
U016893,0.0,0.0,14,1,0.0
U017585,0.0,0.0,2,1,0.0
U012540,0.0,0.0,13,1,0.0
U012539,0.0,0.0,17,1,0.0
U012536,0.0,0.0,12,1,0.0
U012535,0.0,0.0,2,1,0.0
U016899,0.0,0.0,26,1,0.0
U012534,0.0,0.0,2,1,0.0
U012532,0.0,0.0,23,1,0.0
U029530,0.0,0.0,19,1,0.0
U012528,0.0,0.0,17,1,0.0
U029532,0.0,0.0,17,1,0.0
U029533,0.0,0.0,2,1,0.0
U017586,0.0,0.0,16,1,0.0
U016903,0.0,0.0,13,1,0.0
U016904,0.0,0.0,20,1,0.0
U016905,0.0,0.0,13,1,0.0
U029538,0.0,0.0,9,1,0.0
U016906,0.0,0.0,26,1,0.0
U016907,0.0,0.0,20,1,0.0
U029541,0.0,0.0,12,1,0.0
U012527,0.0,0.0,5,1,0.0
U016909,0.0,0.0,15,1,0.0
U012525,0.0,0.0,9,1,0.0
U012524,0.0,0.0,23,1,0.0
U012523,0.0,0.0,7,1,0.0
U012521,0.0,0.0,14,1,0.0
U016914,0.0,0.0,3,1,0.0
U016915,0.0,0.0,29,1,0.0
U016916,0.0,0.0,20,1,0.0
U029551,0.0,0.0,20,1,0.0
U029552,0.0,0.0,2,1,0.0
U016917,0.0,0.0,14,1,0.0
U012510,0.0,0.0,4,1,0.0
U016919,0.0,0.0,10,1,0.0
U012506,0.0,0.0,19,1,0.0
U029557,0.0,0.0,14,1,0.0
U012501,0.0,0.0,29,1,0.0
U029559,0.0,0.0,25,1,0.0
U016922,0.0,0.0,24,1,0.0
U016923,0.0,0.0,24,1,0.0
U029562,0.0,0.0,29,1,0.0
U029563,0.0,0.0,6,1,0.0
U029564,0.0,0.0,28,1,0.0
U012496,0.0,0.0,18,1,0.0
U029566,0.0,0.0,29,1,0.0
U029567,0.0,0.0,5,1,0.0
U016925,0.0,0.0,3,1,0.0
U029569,0.0,0.0,10,1,0.0
U012493,0.0,0.0,2,1,0.0
U016927,0.0,0.0,24,1,0.0
U012492,0.0,0.0,22,1,0.0
U029573,0.0,0.0,4,1,0.0
U029574,0.0,0.0,15,1,0.0
U029575,0.0,0.0,27,1,0.0
U012490,0.0,0.0,14,1,0.0
U029577,0.0,0.0,14,1,0.0
U029578,0.0,0.0,19,1,0.0
U029579,0.0,0.0,20,1,0.0
U016930,0.0,0.0,3,1,0.0
U016931,0.0,0.0,12,1,0.0
U029582,0.0,0.0,12,1,0.0
U016932,0.0,0.0,14,1,0.0
U029584,0.0,0.0,27,1,0.0
U012484,0.0,0.0,18,1,0.0
U029586,0.0,0.0,5,1,0.0
U016934,0.0,0.0,30,1,0.0
U029588,0.0,0.0,23,1,0.0
U029589,0.0,0.0,15,1,0.0
U012483,0.0,0.0,11,1,0.0
U011617,0.0,0.0,25,1,0.0
U012481,0.0,0.0,7,1,0.0
U029593,0.0,0.0,13,1,0.0
U029594,0.0,0.0,28,1,0.0
U029595,0.0,0.0,4,1,0.0
U029596,0.0,0.0,24,1,0.0
U029597,0.0,0.0,8,1,0.0
U016938,0.0,0.0,7,1,0.0
U012475,0.0,0.0,27,1,0.0
U016940,0.0,0.0,28,1,0.0
U016941,0.0,0.0,24,1,0.0
U012474,0.0,0.0,3,1,0.0
U029603,0.0,0.0,28,1,0.0
U012472,0.0,0.0,12,1,0.0
U012467,0.0,0.0,23,1,0.0
U029606,0.0,0.0,8,1,0.0
U012466,0.0,0.0,7,1,0.0
U029608,0.0,0.0,13,1,0.0
U012465,0.0,0.0,6,1,0.0
U011613,0.0,0.0,9,1,0.0
U012463,0.0,0.0,29,1,0.0
U012458,0.0,0.0,16,1,0.0
U029613,0.0,0.0,6,1,0.0
U012457,0.0,0.0,10,1,0.0
U029615,0.0,0.0,14,1,0.0
U012454,0.0,0.0,18,1,0.0
U017589,0.0,0.0,27,1,0.0
U029618,0.0,0.0,12,1,0.0
U012452,0.0,0.0,11,1,0.0
U016953,0.0,0.0,20,1,0.0
U029621,0.0,0.0,7,1,0.0
U029622,0.0,0.0,6,1,0.0
U012451,0.0,0.0,18,1,0.0
U016955,0.0,0.0,12,1,0.0
U012448,0.0,0.0,16,1,0.0
U012444,0.0,0.0,16,1,0.0
U012443,0.0,0.0,3,1,0.0
U011610,0.0,0.0,15,1,0.0
U029629,0.0,0.0,3,1,0.0
U016960,0.0,0.0,20,1,0.0
U016961,0.0,0.0,8,1,0.0
U017591,0.0,0.0,16,1,0.0
U029633,0.0,0.0,20,1,0.0
U029634,0.0,0.0,9,1,0.0
U016962,0.0,0.0,19,1,0.0
U029636,0.0,0.0,10,1,0.0
U012437,0.0,0.0,17,1,0.0
U029638,0.0,0.0,4,1,0.0
U029639,0.0,0.0,21,1,0.0
U029640,0.0,0.0,8,1,0.0
U029641,0.0,0.0,24,1,0.0
U012436,0.0,0.0,9,1,0.0
U029643,0.0,0.0,6,1,0.0
U012435,0.0,0.0,5,1,0.0
U012434,0.0,0.0,4,1,0.0
U029646,0.0,0.0,20,1,0.0
U014952,0.0,0.0,27,1,0.0
U012432,0.0,0.0,12,1,0.0
U012429,0.0,0.0,11,1,0.0
U029650,0.0,0.0,23,1,0.0
U012428,0.0,0.0,20,1,0.0
U029652,0.0,0.0,24,1,0.0
U029653,0.0,0.0,13,1,0.0
U012427,0.0,0.0,20,1,0.0
U029655,0.0,0.0,2,1,0.0
U012426,0.0,0.0,13,1,0.0
U029657,0.0,0.0,23,1,0.0
U016973,0.0,0.0,31,1,0.0
U012423,0.0,0.0,6,1,0.0
U029660,0.0,0.0,23,1,0.0
U017592,0.0,0.0,25,1,0.0
U012417,0.0,0.0,13,1,0.0
U012416,0.0,0.0,3,1,0.0
U029664,0.0,0.0,11,1,0.0
U029665,0.0,0.0,25,1,0.0
U029666,0.0,0.0,29,1,0.0
U016978,0.0,0.0,18,1,0.0
U012412,0.0,0.0,23,1,0.0
U016980,0.0,0.0,11,1,0.0
U016981,0.0,0.0,18,1,0.0
U029671,0.0,0.0,12,1,0.0
U012409,0.0,0.0,7,1,0.0
U016983,0.0,0.0,5,1,0.0
U016984,0.0,0.0,29,1,0.0
U012408,0.0,0.0,30,1,0.0
U029676,0.0,0.0,1,1,0.0
U029677,0.0,0.0,17,1,0.0
U017593,0.0,0.0,28,1,0.0
U029679,0.0,0.0,15,1,0.0
U029680,0.0,0.0,13,1,0.0
U012407,0.0,0.0,2,1,0.0
U011607,0.0,0.0,22,1,0.0
U011606,0.0,0.0,18,1,0.0
U016987,0.0,0.0,3,1,0.0
U012406,0.0,0.0,26,1,0.0
U016989,0.0,0.0,6,1,0.0
U016990,0.0,0.0,8,1,0.0
U016991,0.0,0.0,26,1,0.0
U029689,0.0,0.0,20,1,0.0
U029690,0.0,0.0,29,1,0.0
U029691,0.0,0.0,20,1,0.0
U029692,0.0,0.0,8,1,0.0
U012405,0.0,0.0,22,1,0.0
U029694,0.0,0.0,3,1,0.0
U029695,0.0,0.0,3,1,0.0
U011604,0.0,0.0,22,1,0.0
U012401,0.0,0.0,30,1,0.0
U016995,0.0,0.0,30,1,0.0
U029699,0.0,0.0,3,1,0.0
U029700,0.0,0.0,27,1,0.0
U017597,0.0,0.0,7,1,0.0
U012400,0.0,0.0,11,1,0.0
U029703,0.0,0.0,5,1,0.0
U012397,0.0,0.0,13,1,0.0
U017598,0.0,0.0,7,1,0.0
U016999,0.0,0.0,28,1,0.0
U029707,0.0,0.0,10,1,0.0
U029708,0.0,0.0,27,1,0.0
U011601,0.0,0.0,12,1,0.0
U017000,0.0,0.0,11,1,0.0
U029711,0.0,0.0,12,1,0.0
U012394,0.0,0.0,24,1,0.0
U012393,0.0,0.0,8,1,0.0
U029714,0.0,0.0,9,1,0.0
U029715,0.0,0.0,2,1,0.0
U012391,0.0,0.0,12,1,0.0
U012390,0.0,0.0,19,1,0.0
U029718,0.0,0.0,30,1,0.0
U029719,0.0,0.0,11,1,0.0
U017005,0.0,0.0,18,1,0.0
U012386,0.0,0.0,14,1,0.0
U017007,0.0,0.0,14,1,0.0
U017008,0.0,0.0,27,1,0.0
U029724,0.0,0.0,28,1,0.0
U017009,0.0,0.0,10,1,0.0
U017010,0.0,0.0,1,1,0.0
U012385,0.0,0.0,27,1,0.0
U029728,0.0,0.0,21,1,0.0
U012384,0.0,0.0,12,1,0.0
U029730,0.0,0.0,13,1,0.0
U029731,0.0,0.0,16,1,0.0
U029732,0.0,0.0,27,1,0.0
U017013,0.0,0.0,9,1,0.0
U017014,0.0,0.0,15,1,0.0
U017015,0.0,0.0,22,1,0.0
U029736,0.0,0.0,18,1,0.0
U029737,0.0,0.0,10,1,0.0
U029738,0.0,0.0,30,1,0.0
U029739,0.0,0.0,31,1,0.0
U012383,0.0,0.0,17,1,0.0
U029741,0.0,0.0,20,1,0.0
U012382,0.0,0.0,21,1,0.0
U017018,0.0,0.0,20,1,0.0
U012380,0.0,0.0,2,1,0.0
U012379,0.0,0.0,25,1,0.0
U012378,0.0,0.0,15,1,0.0
U029747,0.0,0.0,25,1,0.0
U029748,0.0,0.0,22,1,0.0
U017600,0.0,0.0,10,1,0.0
U012377,0.0,0.0,20,1,0.0
U017023,0.0,0.0,9,1,0.0
U017024,0.0,0.0,28,1,0.0
U029753,0.0,0.0,5,1,0.0
U017025,0.0,0.0,8,1,0.0
U017026,0.0,0.0,1,1,0.0
U029756,0.0,0.0,20,1,0.0
U012376,0.0,0.0,9,1,0.0
U029758,0.0,0.0,20,1,0.0
U029759,0.0,0.0,11,1,0.0
U012373,0.0,0.0,24,1,0.0
U012372,0.0,0.0,18,1,0.0
U029762,0.0,0.0,12,1,0.0
U029763,0.0,0.0,15,1,0.0
U017030,0.0,0.0,21,1,0.0
U012371,0.0,0.0,13,1,0.0
U029766,0.0,0.0,22,1,0.0
U017032,0.0,0.0,19,1,0.0
U029768,0.0,0.0,8,1,0.0
U029769,0.0,0.0,10,1,0.0
U029770,0.0,0.0,26,1,0.0
U017601,0.0,0.0,29,1,0.0
U012370,0.0,0.0,26,1,0.0
U012369,0.0,0.0,25,1,0.0
U011598,0.0,0.0,23,1,0.0
U017035,0.0,0.0,20,1,0.0
U012368,0.0,0.0,8,1,0.0
U029777,0.0,0.0,14,1,0.0
U029778,0.0,0.0,23,1,0.0
U029779,0.0,0.0,29,1,0.0
U017037,0.0,0.0,15,1,0.0
U029781,0.0,0.0,24,1,0.0
U017038,0.0,0.0,22,1,0.0
U029783,0.0,0.0,22,1,0.0
U017039,0.0,0.0,9,1,0.0
U012367,0.0,0.0,14,1,0.0
U029786,0.0,0.0,14,1,0.0
U029787,0.0,0.0,16,1,0.0
U012365,0.0,0.0,5,1,0.0
U029789,0.0,0.0,5,1,0.0
U017042,0.0,0.0,16,1,0.0
U017043,0.0,0.0,28,1,0.0
U029792,0.0,0.0,8,1,0.0
U029793,0.0,0.0,4,1,0.0
U017044,0.0,0.0,16,1,0.0
U029795,0.0,0.0,5,1,0.0
U012364,0.0,0.0,22,1,0.0
U017046,0.0,0.0,25,1,0.0
U012357,0.0,0.0,4,1,0.0
U017048,0.0,0.0,31,1,0.0
U029800,0.0,0.0,8,1,0.0
U012354,0.0,0.0,8,1,0.0
U012352,0.0,0.0,16,1,0.0
U017051,0.0,0.0,9,1,0.0
U012351,0.0,0.0,26,1,0.0
U029805,0.0,0.0,2,1,0.0
U012349,0.0,0.0,25,1,0.0
U029807,0.0,0.0,29,1,0.0
U012346,0.0,0.0,10,1,0.0
U029809,0.0,0.0,7,1,0.0
U012345,0.0,0.0,23,1,0.0
U029811,0.0,0.0,9,1,0.0
U017056,0.0,0.0,20,1,0.0
U029813,0.0,0.0,13,1,0.0
U012341,0.0,0.0,12,1,0.0
U029815,0.0,0.0,30,1,0.0
U029816,0.0,0.0,2,1,0.0
U029817,0.0,0.0,2,1,0.0
U017058,0.0,0.0,20,1,0.0
U029819,0.0,0.0,28,1,0.0
U029820,0.0,0.0,11,1,0.0
U029821,0.0,0.0,24,1,0.0
U029822,0.0,0.0,12,1,0.0
U012339,0.0,0.0,6,1,0.0
U029824,0.0,0.0,10,1,0.0
U017060,0.0,0.0,4,1,0.0
U029826,0.0,0.0,18,1,0.0
U029827,0.0,0.0,1,1,0.0
U012337,0.0,0.0,11,1,0.0
U017062,0.0,0.0,23,1,0.0
U017063,0.0,0.0,30,1,0.0
U029831,0.0,0.0,3,1,0.0
U012333,0.0,0.0,21,1,0.0
U017065,0.0,0.0,7,1,0.0
U029834,0.0,0.0,4,1,0.0
U029835,0.0,0.0,11,1,0.0
U029836,0.0,0.0,9,1,0.0
U017066,0.0,0.0,21,1,0.0
U012330,0.0,0.0,22,1,0.0
U017068,0.0,0.0,25,1,0.0
U029840,0.0,0.0,12,1,0.0
U029841,0.0,0.0,10,1,0.0
U029842,0.0,0.0,2,1,0.0
U017069,0.0,0.0,25,1,0.0
U012329,0.0,0.0,26,1,0.0
U029845,0.0,0.0,10,1,0.0
U011595,0.0,0.0,26,1,0.0
U029847,0.0,0.0,13,1,0.0
U029848,0.0,0.0,23,1,0.0
U017604,0.0,0.0,17,1,0.0
U029850,0.0,0.0,20,1,0.0
U029851,0.0,0.0,5,1,0.0
U012327,0.0,0.0,25,1,0.0
U012326,0.0,0.0,29,1,0.0
U029854,0.0,0.0,24,1,0.0
U029855,0.0,0.0,18,1,0.0
U017605,0.0,0.0,28,1,0.0
U029857,0.0,0.0,15,1,0.0
U029858,0.0,0.0,30,1,0.0
U011593,0.0,0.0,5,1,0.0
U029860,0.0,0.0,20,1,0.0
U012321,0.0,0.0,7,1,0.0
U029862,0.0,0.0,9,1,0.0
U029863,0.0,0.0,4,1,0.0
U017078,0.0,0.0,28,1,0.0
U029865,0.0,0.0,15,1,0.0
U029866,0.0,0.0,12,1,0.0
U029867,0.0,0.0,25,1,0.0
U017079,0.0,0.0,27,1,0.0
U012320,0.0,0.0,26,1,0.0
U029870,0.0,0.0,18,1,0.0
U017081,0.0,0.0,1,1,0.0
U012319,0.0,0.0,10,1,0.0
U011590,0.0,0.0,9,1,0.0
U017083,0.0,0.0,6,1,0.0
U017084,0.0,0.0,12,1,0.0
U017085,0.0,0.0,21,1,0.0
U029877,0.0,0.0,7,1,0.0
U012318,0.0,0.0,16,1,0.0
U012315,0.0,0.0,31,1,0.0
U029880,0.0,0.0,20,1,0.0
U017608,0.0,0.0,4,1,0.0
U029882,0.0,0.0,3,1,0.0
U012313,0.0,0.0,6,1,0.0
U012309,0.0,0.0,11,1,0.0
U012307,0.0,0.0,22,1,0.0
U029886,0.0,0.0,1,1,0.0
U012303,0.0,0.0,28,1,0.0
U029888,0.0,0.0,16,1,0.0
U029889,0.0,0.0,21,1,0.0
U017092,0.0,0.0,5,1,0.0
U012299,0.0,0.0,12,1,0.0
U012298,0.0,0.0,8,1,0.0
U012295,0.0,0.0,18,1,0.0
U017096,0.0,0.0,4,1,0.0
U029895,0.0,0.0,1,1,0.0
U012293,0.0,0.0,14,1,0.0
U017098,0.0,0.0,22,1,0.0
U029898,0.0,0.0,24,1,0.0
U012285,0.0,0.0,6,1,0.0
U029900,0.0,0.0,18,1,0.0
U017100,0.0,0.0,17,1,0.0
U012284,0.0,0.0,14,1,0.0
U017102,0.0,0.0,11,1,0.0
U012283,0.0,0.0,22,1,0.0
U029905,0.0,0.0,5,1,0.0
U017609,0.0,0.0,23,1,0.0
U029907,0.0,0.0,9,1,0.0
U012277,0.0,0.0,25,1,0.0
U029909,0.0,0.0,11,1,0.0
U012274,0.0,0.0,29,1,0.0
U029911,0.0,0.0,20,1,0.0
U017610,0.0,0.0,28,1,0.0
U012268,0.0,0.0,16,1,0.0
U029914,0.0,0.0,8,1,0.0
U011588,0.0,0.0,24,1,0.0
U017109,0.0,0.0,18,1,0.0
U029917,0.0,0.0,7,1,0.0
U029918,0.0,0.0,27,1,0.0
U011587,0.0,0.0,31,1,0.0
U017110,0.0,0.0,18,1,0.0
U029921,0.0,0.0,2,1,0.0
U012262,0.0,0.0,31,1,0.0
U029923,0.0,0.0,31,1,0.0
U029924,0.0,0.0,2,1,0.0
U012261,0.0,0.0,24,1,0.0
U029926,0.0,0.0,19,1,0.0
U017113,0.0,0.0,29,1,0.0
U029928,0.0,0.0,17,1,0.0
U029929,0.0,0.0,15,1,0.0
U029930,0.0,0.0,12,1,0.0
U012258,0.0,0.0,12,1,0.0
U012257,0.0,0.0,22,1,0.0
U011581,0.0,0.0,25,1,0.0
U029934,0.0,0.0,15,1,0.0
U029935,0.0,0.0,15,1,0.0
U029936,0.0,0.0,12,1,0.0
U029937,0.0,0.0,24,1,0.0
U029938,0.0,0.0,28,1,0.0
U017615,0.0,0.0,17,1,0.0
U012254,0.0,0.0,10,1,0.0
U029941,0.0,0.0,18,1,0.0
U017119,0.0,0.0,6,1,0.0
U012247,0.0,0.0,22,1,0.0
U017121,0.0,0.0,27,1,0.0
U029945,0.0,0.0,26,1,0.0
U012246,0.0,0.0,14,1,0.0
U029947,0.0,0.0,1,1,0.0
U029948,0.0,0.0,22,1,0.0
U012241,0.0,0.0,13,1,0.0
U029950,0.0,0.0,20,1,0.0
U012240,0.0,0.0,27,1,0.0
U029952,0.0,0.0,2,1,0.0
U012237,0.0,0.0,16,1,0.0
U012236,0.0,0.0,19,1,0.0
U012230,0.0,0.0,10,1,0.0
U012229,0.0,0.0,12,1,0.0
U012228,0.0,0.0,25,1,0.0
U012227,0.0,0.0,5,1,0.0
U012225,0.0,0.0,30,1,0.0
U017132,0.0,0.0,26,1,0.0
U012220,0.0,0.0,31,1,0.0
U017134,0.0,0.0,24,1,0.0
U029963,0.0,0.0,31,1,0.0
U017135,0.0,0.0,16,1,0.0
U029965,0.0,0.0,12,1,0.0
U011578,0.0,0.0,12,1,0.0
U029967,0.0,0.0,13,1,0.0
U029968,0.0,0.0,27,1,0.0
U029985,0.0,0.0,16,1,0.0
U029986,0.0,0.0,19,1,0.0
U012213,0.0,0.0,7,1,0.0
U017138,0.0,0.0,8,1,0.0
U017139,0.0,0.0,15,1,0.0
U017140,0.0,0.0,22,1,0.0
U012210,0.0,0.0,21,1,0.0
U029992,0.0,0.0,30,1,0.0
U029993,0.0,0.0,6,1,0.0
U029994,0.0,0.0,2,1,0.0
U029995,0.0,0.0,11,1,0.0
U017142,0.0,0.0,8,1,0.0
U029997,0.0,0.0,13,1,0.0
U012208,0.0,0.0,7,1,0.0
U012206,0.0,0.0,10,1,0.0
U012205,0.0,0.0,18,1,0.0
U012203,0.0,0.0,17,1,0.0
U000002,0.0,0.0,30,1,0.0
U017147,0.0,0.0,26,1,0.0
U000004,0.0,0.0,23,1,0.0
U012201,0.0,0.0,21,1,0.0
U017149,0.0,0.0,20,1,0.0
U012200,0.0,0.0,2,1,0.0
U000008,0.0,0.0,25,1,0.0
U000009,0.0,0.0,24,1,0.0
U012199,0.0,0.0,2,1,0.0
U017152,0.0,0.0,8,1,0.0
U012191,0.0,0.0,2,1,0.0
U000013,0.0,0.0,3,1,0.0
U000014,0.0,0.0,30,1,0.0
U000015,0.0,0.0,23,1,0.0
U022500,0.0,0.0,24,1,0.0
