date,dau,wau,mau,total_events,sessions,avg_session_duration_minutes,total_session_duration_minutes,stickiness_dau_mau,events_per_active_user,sessions_per_active_user
2024-01-05,1,1,1,1,1,7.22,7.22,100.0,1.0,1.0
2024-01-06,1,2,2,1,1,4.58,4.58,50.0,1.0,1.0
2024-01-07,2,4,4,2,2,11.51,23.02,50.0,1.0,1.0
2024-01-08,4,8,8,5,4,3.746,18.73,50.0,1.25,1.0
2024-01-09,4,11,11,4,4,5.0325,20.13,36.36363636363637,1.0,1.0
2024-01-10,3,14,14,3,3,7.5200000000000005,22.560000000000002,21.428571428571427,1.0,1.0
2024-01-11,9,23,23,9,9,10.165555555555557,91.49000000000001,39.130434782608695,1.0,1.0
2024-01-12,4,26,27,4,4,8.365,33.46,14.814814814814813,1.0,1.0
2024-01-13,5,30,32,5,5,11.568000000000001,57.84,15.625,1.0,1.0
2024-01-14,5,33,36,5,5,8.606,43.03,13.88888888888889,1.0,1.0
2024-01-15,7,36,43,7,7,7.195714285714286,50.37,16.27906976744186,1.0,1.0
2024-01-16,8,40,50,8,8,5.835,46.68,16.0,1.0,1.0
2024-01-17,3,40,52,3,3,6.026666666666667,18.080000000000002,5.769230769230769,1.0,1.0
2024-01-18,9,39,60,9,9,8.818888888888889,79.37,15.0,1.0,1.0
2024-01-19,5,40,65,5,5,10.706,53.53,7.6923076923076925,1.0,1.0
2024-01-20,10,45,73,11,11,6.669090909090909,73.36,13.698630136986301,1.1,1.1
2024-01-21,17,56,87,17,17,8.080588235294117,137.37,19.54022988505747,1.0,1.0
2024-01-22,9,58,95,9,9,5.487777777777778,49.39,9.473684210526317,1.0,1.0
2024-01-23,16,66,109,16,16,7.063124999999999,113.00999999999999,14.678899082568808,1.0,1.0
2024-01-24,14,75,121,14,14,8.964285714285714,125.5,11.570247933884298,1.0,1.0
2024-01-25,12,78,130,12,12,7.890000000000001,94.68,9.230769230769232,1.0,1.0
2024-01-26,15,87,140,15,15,6.38,95.7,10.714285714285714,1.0,1.0
2024-01-27,21,96,159,21,21,6.997142857142857,146.94,13.20754716981132,1.0,1.0
2024-01-28,28,103,179,28,28,8.07,225.96,15.64245810055866,1.0,1.0
2024-01-29,29,119,198,29,29,7.246551724137931,210.15,14.646464646464647,1.0,1.0
2024-01-30,26,129,210,26,26,9.019615384615385,234.51,12.380952380952381,1.0,1.0
2024-01-31,27,142,231,27,27,8.064814814814815,217.75,11.688311688311687,1.0,1.0
2024-02-01,33,161,253,35,34,8.887142857142857,311.05,13.043478260869565,1.0606060606060606,1.0303030303030303
2024-02-02,24,173,272,24,24,8.410833333333333,201.85999999999999,8.823529411764707,1.0,1.0
2024-02-03,28,180,289,28,28,8.381071428571428,234.67,9.688581314878892,1.0,1.0
2024-02-04,23,174,303,23,23,7.0056521739130435,161.13,7.590759075907591,1.0,1.0
2024-02-05,26,171,315,26,26,7.881153846153846,204.91,8.253968253968253,1.0,1.0
2024-02-06,32,179,338,32,32,8.441875,270.14,9.467455621301776,1.0,1.0
2024-02-07,38,187,360,39,39,7.908974358974358,308.45,10.555555555555555,1.0263157894736843,1.0263157894736843
2024-02-08,37,194,387,38,38,8.021052631578948,304.8,9.560723514211885,1.027027027027027,1.027027027027027
2024-02-09,30,199,406,30,30,7.641,229.23,7.389162561576355,1.0,1.0
2024-02-10,47,215,431,47,47,8.009148936170213,376.43,10.904872389791183,1.0,1.0
2024-02-11,39,228,453,40,40,7.710249999999999,308.40999999999997,8.609271523178808,1.0256410256410255,1.0256410256410255
2024-02-12,46,248,479,48,48,6.943124999999999,333.27,9.603340292275574,1.0434782608695652,1.0434782608695652
2024-02-13,46,260,498,48,47,7.393958333333334,354.91,9.236947791164658,1.0434782608695652,1.0217391304347827
2024-02-14,49,272,523,51,50,6.720588235294118,342.75,9.369024856596559,1.0408163265306123,1.0204081632653061
2024-02-15,48,281,546,50,49,8.3176,415.88,8.791208791208792,1.0416666666666667,1.0208333333333333
2024-02-16,58,298,577,60,60,7.430666666666666,445.84,10.051993067590988,1.0344827586206897,1.0344827586206897
2024-02-17,62,306,607,63,63,7.77015873015873,489.52,10.214168039538714,1.0161290322580645,1.0161290322580645
2024-02-18,49,320,633,51,50,7.867647058823529,401.25,7.740916271721959,1.0408163265306123,1.0204081632653061
2024-02-19,64,332,665,67,67,7.367313432835821,493.61,9.624060150375941,1.046875,1.046875
2024-02-20,47,330,684,48,48,7.003333333333334,336.16,6.871345029239766,1.0212765957446808,1.0212765957446808
2024-02-21,58,342,708,59,59,8.13728813559322,480.1,8.192090395480225,1.0172413793103448,1.0172413793103448
2024-02-22,65,354,730,66,66,7.978333333333334,526.57,8.904109589041095,1.0153846153846153,1.0153846153846153
2024-02-23,65,362,771,65,65,8.977692307692307,583.55,8.430609597924773,1.0,1.0
2024-02-24,67,369,804,70,70,7.841857142857144,548.9300000000001,8.333333333333332,1.044776119402985,1.044776119402985
2024-02-25,71,385,831,72,72,5.654861111111111,407.15,8.543922984356197,1.0140845070422535,1.0140845070422535
2024-02-26,80,407,866,83,82,7.30710843373494,606.49,9.237875288683602,1.0375,1.025
2024-02-27,77,427,885,77,77,7.269610389610389,559.76,8.700564971751412,1.0,1.0
2024-02-28,88,446,910,91,90,8.834285714285715,803.92,9.670329670329672,1.0340909090909092,1.0227272727272727
2024-02-29,68,440,927,71,69,6.923239436619719,491.55,7.335490830636461,1.0441176470588236,1.0147058823529411
2024-03-01,63,439,948,63,63,7.363492063492063,463.9,6.645569620253164,1.0,1.0
2024-03-02,81,454,968,83,83,7.784337349397591,646.1,8.367768595041323,1.0246913580246915,1.0246913580246915
2024-03-03,71,459,995,72,71,8.775555555555556,631.84,7.135678391959798,1.0140845070422535,1.0
2024-03-04,95,474,1023,98,97,8.151632653061224,798.86,9.286412512218964,1.0315789473684212,1.0210526315789474
2024-03-05,67,464,1037,70,70,8.189571428571428,573.27,6.460945033751206,1.044776119402985,1.044776119402985
2024-03-06,80,462,1059,82,82,7.849756097560975,643.68,7.554296506137866,1.025,1.025
2024-03-07,97,477,1091,99,99,7.975050505050505,789.53,8.890925756186984,1.0206185567010309,1.0206185567010309
2024-03-08,92,500,1112,94,94,8.156382978723405,766.7,8.273381294964029,1.0217391304347827,1.0217391304347827
2024-03-09,95,517,1139,99,99,8.313232323232324,823.01,8.340649692712907,1.0421052631578946,1.0421052631578946
2024-03-10,99,544,1178,102,102,7.725686274509804,788.02,8.404074702886248,1.0303030303030303,1.0303030303030303
2024-03-11,91,545,1198,94,92,8.306170212765958,780.78,7.595993322203673,1.032967032967033,1.010989010989011
2024-03-12,94,568,1229,99,98,7.722121212121213,764.49,7.648494711147275,1.053191489361702,1.0425531914893618
2024-03-13,91,579,1256,94,92,7.908404255319149,743.39,7.245222929936306,1.032967032967033,1.010989010989011
2024-03-14,114,591,1290,118,117,8.083813559322033,953.89,8.837209302325581,1.0350877192982457,1.0263157894736843
2024-03-15,96,586,1306,97,97,7.913917525773195,767.65,7.3506891271056665,1.0104166666666667,1.0104166666666667
2024-03-16,111,603,1331,115,112,7.072782608695652,813.37,8.339594290007513,1.0360360360360361,1.009009009009009
2024-03-17,99,600,1350,101,100,8.776039603960395,886.38,7.333333333333333,1.02020202020202,1.0101010101010102
2024-03-18,130,635,1374,133,132,7.709248120300751,1025.33,9.461426491994178,1.023076923076923,1.0153846153846153
2024-03-19,118,649,1395,122,120,7.819180327868853,953.94,8.45878136200717,1.0338983050847457,1.0169491525423728
2024-03-20,121,675,1423,125,124,7.1025599999999995,887.8199999999999,8.503162333099086,1.0330578512396693,1.024793388429752
2024-03-21,116,689,1448,122,120,7.197786885245901,878.13,8.011049723756907,1.0517241379310345,1.0344827586206897
2024-03-22,97,687,1470,100,99,8.2233,822.33,6.598639455782313,1.0309278350515463,1.0206185567010309
2024-03-23,127,709,1500,128,128,7.64625,978.72,8.466666666666667,1.0078740157480315,1.0078740157480315
2024-03-24,111,713,1529,113,112,7.946460176991151,897.95,7.259646827992151,1.018018018018018,1.009009009009009
2024-03-25,129,722,1571,135,134,7.587185185185185,1024.27,8.211330362826226,1.0465116279069768,1.0387596899224807
2024-03-26,141,731,1603,146,143,6.8580136986301365,1001.27,8.796007485963818,1.0354609929078014,1.0141843971631206
2024-03-27,130,731,1624,130,130,8.007538461538461,1040.98,8.004926108374384,1.0,1.0
2024-03-28,145,738,1652,148,147,7.347770270270271,1087.47,8.7772397094431,1.0206896551724138,1.013793103448276
2024-03-29,124,751,1667,127,127,7.635511811023623,969.71,7.438512297540492,1.0241935483870968,1.0241935483870968
2024-03-30,145,777,1704,146,145,7.957465753424657,1161.79,8.509389671361504,1.006896551724138,1.0
2024-03-31,145,800,1738,147,145,8.466190476190476,1244.53,8.342922899884925,1.013793103448276,1.0
2024-04-01,152,823,1769,156,155,8.007692307692308,1249.2,8.592425098925947,1.0263157894736843,1.019736842105263
2024-04-02,144,829,1798,151,148,8.27317880794702,1249.25,8.008898776418242,1.0486111111111112,1.0277777777777777
2024-04-03,128,837,1814,130,129,7.46723076923077,970.74,7.056229327453142,1.015625,1.0078125
2024-04-04,169,852,1855,171,171,7.522339181286549,1286.32,9.110512129380053,1.0118343195266273,1.0118343195266273
2024-04-05,163,886,1892,166,165,7.590120481927711,1259.96,8.61522198731501,1.01840490797546,1.0122699386503067
2024-04-06,149,897,1910,154,151,7.907987012987013,1217.83,7.801047120418849,1.0335570469798658,1.0134228187919463
2024-04-07,172,925,1948,175,175,7.851999999999999,1374.1,8.829568788501026,1.0174418604651163,1.0174418604651163
2024-04-08,159,923,1980,163,162,8.248650306748466,1344.53,8.030303030303031,1.0251572327044025,1.0188679245283019
2024-04-09,154,930,2008,161,161,7.878385093167703,1268.42,7.669322709163347,1.0454545454545454,1.0454545454545454
2024-04-10,171,972,2036,177,174,8.735197740112994,1546.1299999999999,8.398821218074657,1.0350877192982457,1.0175438596491229
2024-04-11,193,990,2085,198,198,8.150252525252526,1613.75,9.256594724220623,1.0259067357512954,1.0259067357512954
2024-04-12,159,978,2115,163,162,8.222760736196319,1340.31,7.5177304964539005,1.0251572327044025,1.0188679245283019
2024-04-13,173,1003,2129,179,177,7.141396648044693,1278.31,8.125880695162047,1.0346820809248556,1.023121387283237
2024-04-14,168,989,2150,176,175,8.132443181818182,1431.31,7.813953488372093,1.0476190476190477,1.0416666666666667
2024-04-15,188,1001,2186,192,192,8.088802083333333,1553.05,8.600182982616651,1.0212765957446808,1.0212765957446808
2024-04-16,202,1031,2212,210,208,7.933809523809523,1666.1,9.132007233273058,1.0396039603960396,1.0297029702970297
2024-04-17,195,1056,2235,196,196,7.94188775510204,1556.61,8.724832214765101,1.005128205128205,1.005128205128205
2024-04-18,197,1068,2266,203,203,7.671527093596059,1557.32,8.693733451015003,1.0304568527918783,1.0304568527918783
2024-04-19,194,1078,2290,202,200,8.202920792079208,1656.99,8.471615720524017,1.041237113402062,1.0309278350515463
2024-04-20,206,1108,2319,211,210,7.893933649289099,1665.62,8.883139284174213,1.0242718446601942,1.0194174757281553
2024-04-21,186,1125,2357,190,190,8.384105263157895,1592.98,7.891387356809504,1.021505376344086,1.021505376344086
2024-04-22,206,1124,2381,212,211,8.144009433962264,1726.53,8.651826963460731,1.029126213592233,1.0242718446601942
2024-04-23,203,1143,2429,207,206,7.835748792270532,1622.0,8.357348703170029,1.019704433497537,1.0147783251231528
2024-04-24,196,1152,2462,201,200,7.73636815920398,1555.01,7.961007311129163,1.0255102040816326,1.0204081632653061
2024-04-25,197,1172,2500,206,204,8.384902912621358,1727.29,7.88,1.0456852791878173,1.0355329949238579
2024-04-26,238,1208,2550,245,243,8.48791836734694,2079.54,9.333333333333334,1.0294117647058822,1.0210084033613445
2024-04-27,190,1186,2560,195,192,7.455384615384615,1453.8,7.421875,1.0263157894736843,1.0105263157894737
2024-04-28,203,1196,2586,210,208,8.090238095238096,1698.95,7.849961330239752,1.0344827586206897,1.0246305418719213
2024-04-29,225,1216,2626,235,233,7.719148936170213,1814.0,8.568164508758567,1.0444444444444445,1.0355555555555556
2024-04-30,254,1248,2670,263,259,7.576083650190114,1992.51,9.51310861423221,1.0354330708661417,1.0196850393700787
2024-05-01,221,1273,2700,229,226,7.538689956331877,1726.36,8.185185185185185,1.0361990950226245,1.0226244343891402
2024-05-02,232,1290,2726,238,236,7.669453781512605,1825.33,8.51063829787234,1.0258620689655173,1.0172413793103448
2024-05-03,240,1313,2779,250,248,7.452559999999999,1863.1399999999999,8.636200071968334,1.0416666666666667,1.0333333333333334
2024-05-04,221,1334,2817,226,224,7.895929203539823,1784.48,7.845225417110401,1.0226244343891402,1.0135746606334841
2024-05-05,234,1343,2834,239,237,8.02878661087866,1918.8799999999999,8.256880733944955,1.0213675213675213,1.0128205128205128
2024-05-06,218,1336,2862,224,221,7.600625,1702.54,7.617051013277429,1.0275229357798166,1.0137614678899083
2024-05-07,252,1343,2892,256,255,7.3585546875,1883.79,8.71369294605809,1.0158730158730158,1.0119047619047619
2024-05-08,247,1363,2913,258,255,7.582170542635659,1956.2,8.479231033299005,1.0445344129554657,1.0323886639676114
2024-05-09,262,1388,2952,271,266,7.722435424354244,2092.78,8.875338753387533,1.034351145038168,1.015267175572519
2024-05-10,237,1385,3004,243,243,7.609670781893004,1849.15,7.889480692410119,1.0253164556962024,1.0253164556962024
2024-05-11,239,1415,3026,247,244,7.47417004048583,1846.12,7.898215465961665,1.0334728033472804,1.0209205020920502
2024-05-12,264,1429,3053,272,272,8.17172794117647,2222.71,8.64723223059286,1.0303030303030303,1.0303030303030303
2024-05-13,252,1458,3080,266,263,7.874774436090226,2094.69,8.181818181818182,1.0555555555555556,1.0436507936507937
2024-05-14,261,1457,3115,269,267,8.080557620817844,2173.67,8.378812199036918,1.0306513409961686,1.0229885057471264
2024-05-15,273,1475,3150,286,284,8.217622377622376,2350.24,8.666666666666668,1.0476190476190477,1.0402930402930404
2024-05-16,243,1452,3163,248,248,7.667258064516129,1901.48,7.682579829276004,1.0205761316872428,1.0205761316872428
2024-05-17,281,1482,3197,289,287,7.221384083044983,2086.98,8.789490147012824,1.0284697508896796,1.0213523131672597
2024-05-18,278,1511,3238,289,288,7.594498269896193,2194.81,8.58554663372452,1.039568345323741,1.0359712230215827
2024-05-19,284,1525,3263,290,288,8.331551724137931,2416.15,8.703646950658902,1.0211267605633803,1.0140845070422535
2024-05-20,300,1575,3294,308,306,7.646266233766235,2355.05,9.107468123861565,1.0266666666666666,1.02
2024-05-21,269,1589,3340,277,274,7.8498555956678695,2174.41,8.053892215568863,1.029739776951673,1.0185873605947955
2024-05-22,271,1609,3362,280,277,8.075357142857143,2261.1,8.060678167757288,1.033210332103321,1.022140221402214
2024-05-23,273,1635,3378,286,282,7.676538461538461,2195.49,8.081705150976909,1.0476190476190477,1.032967032967033
2024-05-24,262,1622,3404,268,268,7.871865671641791,2109.66,7.696827262044653,1.0229007633587786,1.0229007633587786
2024-05-25,279,1606,3431,287,285,8.071742160278745,2316.59,8.131740017487612,1.028673835125448,1.021505376344086
2024-05-26,318,1604,3471,327,324,7.910122324159022,2586.61,9.16162489196197,1.028301886792453,1.0188679245283019
2024-05-27,286,1598,3503,297,295,7.889360269360269,2343.14,8.16443048815301,1.0384615384615385,1.0314685314685315
2024-05-28,295,1610,3537,305,302,8.047573770491804,2454.51,8.340401470172463,1.0338983050847457,1.023728813559322
2024-05-29,298,1617,3561,305,304,8.238622950819673,2512.78,8.368435832631285,1.023489932885906,1.0201342281879195
2024-05-30,275,1638,3588,290,287,7.8020689655172415,2262.6,7.664437012263099,1.0545454545454545,1.0436363636363637
2024-05-31,320,1695,3630,332,331,7.701174698795181,2556.79,8.81542699724518,1.0375,1.034375
2024-06-01,316,1707,3665,328,322,7.464207317073171,2448.26,8.622100954979537,1.0379746835443038,1.018987341772152
2024-06-02,296,1702,3682,309,305,8.3826213592233,2590.23,8.039109179793591,1.0439189189189189,1.0304054054054055
2024-06-03,329,1743,3709,342,335,7.856228070175439,2686.83,8.870315448908062,1.0395136778115501,1.0182370820668694
2024-06-04,303,1750,3735,320,316,7.847624999999999,2511.24,8.112449799196787,1.056105610561056,1.0429042904290429
2024-06-05,318,1775,3775,334,329,8.014221556886227,2676.75,8.42384105960265,1.050314465408805,1.0345911949685536
2024-06-06,328,1803,3797,341,336,7.905307917888563,2695.71,8.638398735844087,1.0396341463414633,1.024390243902439
2024-06-07,336,1811,3817,350,346,7.9711428571428575,2789.9,8.802724652868745,1.0416666666666667,1.0297619047619047
2024-06-08,310,1811,3834,321,319,7.87018691588785,2526.33,8.085550339071466,1.0354838709677419,1.0290322580645161
2024-06-09,362,1859,3867,374,370,8.18302139037433,3060.45,9.361261960175847,1.0331491712707181,1.022099447513812
2024-06-10,349,1877,3893,363,363,7.7388429752066115,2809.2,8.96480863087593,1.0401146131805157,1.0401146131805157
2024-06-11,352,1904,3920,360,358,7.744944444444444,2788.18,8.979591836734693,1.0227272727272727,1.0170454545454546
2024-06-12,329,1911,3944,335,334,7.790417910447761,2609.79,8.341784989858011,1.0182370820668694,1.0151975683890577
2024-06-13,355,1926,3973,373,367,7.231715817694369,2697.43,8.935313365215203,1.0507042253521126,1.0338028169014084
2024-06-14,327,1912,3994,341,335,8.22982404692082,2806.37,8.187280921382072,1.0428134556574924,1.0244648318042813
2024-06-15,373,1959,4027,382,379,7.750942408376964,2960.86,9.262478271666252,1.0241286863270778,1.0160857908847185
2024-06-16,356,1970,4053,364,360,7.3446978021978016,2673.47,8.783617073772513,1.0224719101123596,1.0112359550561798
2024-06-17,371,1982,4083,392,386,7.355688775510203,2883.43,9.08645603722753,1.0566037735849056,1.0404312668463611
2024-06-18,370,1995,4118,387,384,7.666899224806202,2967.09,8.984944147644487,1.045945945945946,1.037837837837838
2024-06-19,347,2022,4140,359,357,7.4333147632311976,2668.56,8.381642512077295,1.0345821325648414,1.0288184438040346
2024-06-20,365,2014,4157,380,373,8.004894736842106,3041.86,8.780370459465962,1.0410958904109588,1.021917808219178
2024-06-21,368,2048,4207,384,381,8.00890625,3075.42,8.747325885429047,1.0434782608695652,1.0353260869565217
2024-06-22,359,2041,4252,374,370,7.6817379679144375,2872.97,8.443085606773284,1.041782729805014,1.0306406685236769
2024-06-23,408,2076,4297,433,426,7.86662817551963,3406.25,9.494996509192461,1.0612745098039216,1.0441176470588236
2024-06-24,394,2078,4330,415,406,7.748530120481927,3215.64,9.099307159353348,1.0532994923857868,1.0304568527918783
2024-06-25,396,2124,4365,414,405,8.011884057971015,3316.92,9.072164948453608,1.0454545454545454,1.0227272727272727
2024-06-26,401,2150,4394,426,420,7.594460093896713,3235.24,9.126081019572144,1.0623441396508728,1.0473815461346634
2024-06-27,408,2207,4432,425,419,7.968211764705882,3386.49,9.2057761732852,1.0416666666666667,1.0269607843137254
2024-06-28,374,2200,4466,386,385,7.90660621761658,3051.95,8.374384236453201,1.032085561497326,1.0294117647058822
2024-06-29,405,2232,4506,422,419,7.750616113744075,3270.7599999999998,8.988015978695072,1.0419753086419754,1.0345679012345679
2024-06-30,375,2216,4528,387,385,7.53656330749354,2916.65,8.281802120141343,1.032,1.0266666666666666
2024-07-01,410,2244,4562,423,421,8.146713947990543,3446.06,8.987286277948268,1.0317073170731708,1.026829268292683
2024-07-02,411,2218,4589,438,433,7.389200913242009,3236.47,8.95619960775768,1.0656934306569343,1.0535279805352797
2024-07-03,408,2225,4610,424,417,7.694457547169811,3262.45,8.850325379609544,1.0392156862745099,1.0220588235294117
2024-07-04,437,2230,4648,458,446,8.131069868995633,3724.03,9.401893287435456,1.0480549199084668,1.0205949656750573
2024-07-05,439,2289,4688,464,460,7.397693965517242,3432.53,9.364334470989762,1.0569476082004556,1.0478359908883828
2024-07-06,425,2325,4721,457,447,7.787549234135667,3558.91,9.002330014827367,1.0752941176470587,1.051764705882353
2024-07-07,401,2359,4757,415,412,8.045807228915663,3339.01,8.429682573050242,1.0349127182044888,1.027431421446384
2024-07-08,429,2392,4785,450,444,7.350733333333333,3307.83,8.96551724137931,1.048951048951049,1.034965034965035
2024-07-09,447,2422,4813,468,463,7.578696581196581,3546.83,9.28734676916684,1.0469798657718121,1.0357941834451903
2024-07-10,388,2417,4826,408,403,7.987254901960784,3258.8,8.039784500621632,1.0515463917525774,1.038659793814433
2024-07-11,448,2417,4866,460,456,7.805565217391305,3590.56,9.20674064940403,1.0267857142857142,1.0178571428571428
2024-07-12,452,2435,4917,467,466,7.957987152034262,3716.38,9.1925971120602,1.0331858407079646,1.0309734513274336
2024-07-13,425,2413,4956,443,438,7.68313769751693,3403.63,8.57546408393866,1.0423529411764705,1.0305882352941176
2024-07-14,421,2413,4997,443,435,7.989480812641084,3539.34,8.425055033019811,1.0522565320665083,1.0332541567695963
2024-07-15,432,2392,5020,454,446,8.062973568281938,3660.59,8.60557768924303,1.0509259259259258,1.0324074074074074
2024-07-16,449,2397,5044,471,464,7.838513800424629,3691.94,8.901665344964314,1.0489977728285078,1.0334075723830736
2024-07-17,456,2435,5068,487,474,7.652977412731006,3727.0,8.997632202052092,1.0679824561403508,1.0394736842105263
2024-07-18,461,2457,5101,480,472,7.867145833333334,3776.23,9.037443638502255,1.0412147505422993,1.0238611713665944
2024-07-19,467,2469,5138,480,476,7.565541666666666,3631.46,9.089139743090696,1.0278372591006424,1.019271948608137
2024-07-20,484,2517,5174,505,501,7.918356435643564,3998.77,9.35446463084654,1.0433884297520661,1.0351239669421488
2024-07-21,487,2556,5209,516,508,7.730755813953489,3989.07,9.349203301977346,1.0595482546201231,1.0431211498973305
2024-07-22,462,2596,5238,480,472,8.050479166666667,3864.23,8.82016036655212,1.0389610389610389,1.0216450216450217
2024-07-23,488,2629,5261,502,498,7.559262948207171,3794.75,9.275803079262497,1.028688524590164,1.0204918032786885
2024-07-24,487,2640,5297,509,502,7.867799607072691,4004.71,9.193883330186898,1.0451745379876796,1.0308008213552362
2024-07-25,440,2622,5309,458,453,8.119323144104804,3718.65,8.287813147485403,1.040909090909091,1.0295454545454545
2024-07-26,464,2638,5353,482,477,7.289522821576764,3513.55,8.668036614982253,1.0387931034482758,1.0280172413793103
2024-07-27,482,2635,5402,504,499,7.776011904761905,3919.11,8.922621251388374,1.045643153526971,1.0352697095435686
2024-07-28,463,2613,5437,479,478,7.759227557411274,3716.67,8.515725583961743,1.0345572354211663,1.0323974082073435
2024-07-29,481,2621,5454,491,489,7.864765784114053,3861.6,8.81921525485882,1.0207900207900207,1.0166320166320166
2024-07-30,518,2640,5489,530,527,8.206056603773584,4349.21,9.437055930041902,1.0231660231660231,1.0173745173745175
2024-07-31,488,2647,5527,508,503,7.92763779527559,4027.24,8.829383028767866,1.040983606557377,1.0307377049180328
2024-08-01,499,2681,5554,516,510,8.095717054263567,4177.39,8.984515664386027,1.034068136272545,1.0220440881763526
2024-08-02,563,2752,5619,582,579,7.743831615120275,4506.91,10.01957643708845,1.0337477797513321,1.0284191829484903
2024-08-03,508,2771,5638,531,526,8.08864406779661,4295.07,9.010287335934729,1.045275590551181,1.0354330708661417
2024-08-04,521,2817,5666,546,540,7.932051282051281,4330.9,9.195199435227675,1.0479846449136276,1.036468330134357
2024-08-05,499,2839,5686,515,511,8.450019417475728,4351.76,8.775940907492085,1.032064128256513,1.0240480961923848
2024-08-06,568,2893,5730,603,598,7.980912106135986,4812.49,9.912739965095986,1.0616197183098592,1.0528169014084507
2024-08-07,500,2893,5760,526,520,7.885950570342206,4148.01,8.680555555555555,1.052,1.04
2024-08-08,531,2887,5799,557,551,8.05874326750449,4488.72,9.156751163993793,1.048964218455744,1.0376647834274952
2024-08-09,527,2869,5850,542,541,7.6976752767527685,4172.14,9.008547008547009,1.0284629981024669,1.0265654648956357
2024-08-10,507,2896,5869,528,523,7.769109848484849,4102.09,8.638609643891634,1.0414201183431953,1.0315581854043392
2024-08-11,560,2939,5886,579,571,7.974611398963731,4617.3,9.514101257220524,1.0339285714285715,1.019642857142857
2024-08-12,528,2962,5897,555,550,7.925441441441441,4398.62,8.953705273868069,1.0511363636363635,1.0416666666666667
2024-08-13,535,2917,5922,562,557,7.663078291814946,4306.65,9.034110097939884,1.050467289719626,1.0411214953271029
2024-08-14,558,2970,5941,574,571,8.126045296167248,4664.35,9.392358188857095,1.028673835125448,1.0232974910394266
2024-08-15,562,3005,5980,590,581,7.638067796610169,4506.46,9.397993311036789,1.0498220640569396,1.0338078291814947
2024-08-16,481,2973,6003,506,499,7.9731027667984185,4034.39,8.012660336498417,1.051975051975052,1.0374220374220373
2024-08-17,555,2986,6051,578,572,7.783287197231833,4498.74,9.17203767972236,1.0414414414414415,1.0306306306306305
2024-08-18,609,2989,6070,628,622,7.555971337579617,4745.15,10.0329489291598,1.0311986863711002,1.0213464696223318
2024-08-19,573,3041,6105,588,580,7.8186904761904765,4597.39,9.385749385749385,1.0261780104712042,1.012216404886562
2024-08-20,566,3039,6123,595,585,7.697243697478991,4579.86,9.24383472154173,1.0512367491166077,1.0335689045936396
2024-08-21,558,3054,6150,587,578,7.702538330494038,4521.39,9.073170731707316,1.0519713261648747,1.03584229390681
2024-08-22,585,3076,6176,608,601,7.806907894736843,4746.6,9.472150259067359,1.0393162393162394,1.0273504273504273
2024-08-23,600,3152,6208,625,619,7.815504,4884.69,9.664948453608249,1.0416666666666667,1.0316666666666667
2024-08-24,596,3187,6268,624,620,8.075785256410256,5039.29,9.508615188257817,1.0469798657718121,1.0402684563758389
2024-08-25,557,3151,6304,583,575,8.108096054888508,4727.02,8.835659898477157,1.0466786355475763,1.0323159784560143
2024-08-26,588,3183,6346,614,609,8.019609120521173,4924.04,9.26567916797983,1.0442176870748299,1.0357142857142858
2024-08-27,570,3197,6378,602,587,8.013521594684386,4824.14,8.936970837253057,1.056140350877193,1.0298245614035089
2024-08-28,604,3251,6397,630,624,7.8238095238095235,4929.0,9.441925902766922,1.0430463576158941,1.033112582781457
2024-08-29,615,3247,6423,638,630,7.83873040752351,5001.11,9.574964969640355,1.0373983739837398,1.024390243902439
2024-08-30,585,3243,6447,618,610,8.240501618122977,5092.63,9.073987901349465,1.0564102564102564,1.0427350427350428
2024-08-31,596,3256,6492,620,610,7.718693548387097,4785.59,9.18052988293284,1.0402684563758389,1.023489932885906
2024-09-01,650,3301,6525,670,664,8.169611940298507,5473.64,9.961685823754788,1.0307692307692307,1.0215384615384615
2024-09-02,571,3295,6558,597,588,7.479514237855947,4465.27,8.706922842329979,1.0455341506129596,1.0297723292469352
2024-09-03,613,3335,6586,631,627,7.785467511885895,4912.63,9.307622228970544,1.0293637846655792,1.0228384991843393
2024-09-04,644,3360,6639,669,662,7.782630792227205,5206.58,9.70025606266004,1.0388198757763976,1.0279503105590062
2024-09-05,643,3365,6675,675,665,8.00168888888889,5401.14,9.632958801498127,1.0497667185069985,1.0342146189735615
2024-09-06,628,3366,6707,651,647,8.1442089093702,5301.88,9.363351722081408,1.036624203821656,1.0302547770700636
2024-09-07,611,3388,6721,636,629,7.758977987421384,4934.71,9.090909090909092,1.0409165302782324,1.0294599018003274
2024-09-08,609,3351,6729,635,632,7.834125984251969,4974.67,9.050378956754347,1.0426929392446633,1.0377668308702792
2024-09-09,597,3383,6758,634,623,7.848186119873817,4975.75,8.833974548683042,1.0619765494137354,1.0435510887772195
2024-09-10,616,3436,6793,643,634,7.490435458786937,4816.35,9.068158398351244,1.0438311688311688,1.0292207792207793
2024-09-11,640,3434,6822,665,658,7.828571428571428,5206.0,9.381413075344474,1.0390625,1.028125
2024-09-12,633,3420,6863,658,654,7.410395136778115,4876.04,9.223371703336733,1.0394944707740916,1.033175355450237
2024-09-13,622,3421,6896,654,646,7.997584097859328,5230.42,9.019721577726218,1.0514469453376205,1.0385852090032155
2024-09-14,655,3465,6937,686,682,7.748804664723033,5315.68,9.442121954735477,1.047328244274809,1.0412213740458016
2024-09-15,625,3450,6984,644,637,7.367173913043478,4744.46,8.949026345933563,1.0304,1.0192
2024-09-16,669,3514,7028,706,700,7.897351274787535,5575.53,9.519066590779738,1.055306427503737,1.046337817638266
2024-09-17,644,3538,7054,683,673,7.50913616398243,5128.74,9.129571874113978,1.06055900621118,1.045031055900621
2024-09-18,704,3564,7081,736,723,7.537717391304348,5547.76,9.94209857364779,1.0454545454545454,1.0269886363636365
2024-09-19,675,3592,7104,706,699,7.917181303116147,5589.53,9.50168918918919,1.045925925925926,1.0355555555555556
2024-09-20,649,3628,7151,677,668,7.694401772525849,5209.11,9.075653754719621,1.0431432973805854,1.029275808936826
2024-09-21,671,3627,7182,710,701,7.853408450704226,5575.92,9.342801448064606,1.0581222056631894,1.044709388971684
2024-09-22,682,3642,7215,719,712,7.807816411682892,5613.82,9.452529452529452,1.0542521994134897,1.0439882697947214
2024-09-23,696,3642,7274,735,727,7.629102040816327,5607.39,9.56832554302997,1.0560344827586208,1.0445402298850575
2024-09-24,647,3650,7314,672,663,7.964360119047619,5352.05,8.84604867377632,1.0386398763523956,1.0247295208655331
2024-09-25,684,3649,7349,713,705,7.616830294530154,5430.8,9.307388760375561,1.0423976608187135,1.030701754385965
2024-09-26,679,3642,7367,712,705,7.862738764044945,5598.27,9.216777521379123,1.04860088365243,1.0382916053019147
2024-09-27,669,3646,7389,694,690,7.787593659942363,5404.59,9.053999187982136,1.0373692077727952,1.031390134529148
2024-09-28,713,3698,7422,742,735,7.805080862533693,5791.37,9.6065750471571,1.040673211781206,1.0308555399719495
2024-09-29,697,3726,7464,738,725,7.935785907859078,5856.61,9.338156484458736,1.0588235294117647,1.0401721664275467
2024-09-30,677,3717,7512,710,699,7.976267605633803,5663.15,9.012247071352503,1.048744460856721,1.032496307237814
2024-10-01,740,3790,7555,790,779,7.656,6048.24,9.794837855724687,1.0675675675675675,1.0527027027027027
2024-10-02,675,3781,7600,694,690,7.822262247838617,5428.65,8.881578947368421,1.0281481481481483,1.0222222222222221
2024-10-03,718,3792,7632,763,751,7.881520314547838,6013.6,9.40775681341719,1.0626740947075208,1.0459610027855153
2024-10-04,698,3812,7643,734,722,7.824959128065395,5743.52,9.132539578699465,1.0515759312320916,1.0343839541547277
2024-10-05,715,3865,7681,749,743,7.498571428571429,5616.43,9.308683765134749,1.0475524475524476,1.0391608391608391
2024-10-06,740,3888,7696,776,765,7.901494845360825,6131.56,9.615384615384617,1.0486486486486486,1.0337837837837838
2024-10-07,780,3977,7724,818,811,7.516320293398533,6148.35,10.098394614189539,1.0487179487179488,1.0397435897435898
2024-10-08,719,3965,7762,750,741,7.920293333333333,5940.22,9.263076526668385,1.043115438108484,1.0305980528511822
2024-10-09,726,3977,7798,750,744,7.545066666666667,5658.8,9.310079507566043,1.0330578512396693,1.024793388429752
2024-10-10,728,3936,7819,769,762,7.53668400520156,5795.71,9.310653536257833,1.0563186813186813,1.0467032967032968
2024-10-11,759,3983,7845,784,775,7.865293367346939,6166.39,9.674952198852772,1.0329380764163374,1.0210803689064558
2024-10-12,736,4020,7874,766,753,7.702911227154047,5900.43,9.34721869443739,1.0407608695652173,1.0230978260869565
2024-10-13,746,4018,7911,785,776,7.8065605095541395,6128.15,9.429907723423083,1.052278820375335,1.0402144772117963
2024-10-14,786,4007,7946,831,818,7.832190132370638,6508.55,9.89176944374528,1.0572519083969465,1.0407124681933841
2024-10-15,750,4052,7985,775,768,7.61116129032258,5898.65,9.39261114589856,1.0333333333333334,1.024
2024-10-16,748,4061,7998,781,775,7.932727272727273,6195.46,9.352338084521131,1.0441176470588236,1.036096256684492
2024-10-17,793,4107,8049,830,818,7.786084337349397,6462.45,9.852155547272954,1.0466582597730139,1.0315258511979823
2024-10-18,736,4096,8070,763,757,7.575072083879423,5779.78,9.120198265179678,1.0366847826086956,1.028532608695652
2024-10-19,741,4122,8087,771,763,7.605395590142672,5863.76,9.162853963150736,1.040485829959514,1.0296896086369771
2024-10-20,789,4122,8118,835,823,7.729844311377246,6454.42,9.719142645971916,1.0583016476552598,1.0430925221799747
2024-10-21,744,4099,8148,777,771,7.958751608751609,6183.95,9.131075110456553,1.0443548387096775,1.0362903225806452
2024-10-22,766,4099,8169,805,796,7.752012422360249,6240.37,9.376912718815031,1.0509138381201044,1.0391644908616189
2024-10-23,801,4141,8212,842,829,7.592125890736342,6392.57,9.754018509498295,1.0511860174781522,1.034956304619226
2024-10-24,782,4149,8243,812,805,7.679236453201971,6235.54,9.486837316510979,1.0383631713554988,1.0294117647058822
2024-10-25,777,4165,8273,821,810,8.181059683313032,6716.65,9.391998065997823,1.0566280566280566,1.0424710424710424
2024-10-26,806,4215,8311,851,836,7.812808460634548,6648.7,9.697990614847791,1.0558312655086848,1.0372208436724566
2024-10-27,795,4214,8335,828,821,7.550893719806764,6252.14,9.538092381523695,1.0415094339622641,1.0327044025157233
2024-10-28,814,4264,8342,849,841,7.952143698468786,6751.37,9.757851834092545,1.042997542997543,1.0331695331695332
2024-10-29,786,4287,8372,826,813,7.783728813559321,6429.36,9.388437649307214,1.0508905852417303,1.034351145038168
2024-10-30,852,4311,8418,891,882,7.71270482603816,6872.02,10.121168923734853,1.045774647887324,1.0352112676056338
2024-10-31,803,4379,8468,839,830,7.888057210965435,6618.08,9.482758620689655,1.0448318804483188,1.033623910336239
2024-11-01,846,4443,8514,904,887,7.924590707964602,7163.83,9.936575052854122,1.0685579196217494,1.0484633569739952
2024-11-02,774,4394,8525,808,803,7.751089108910891,6262.88,9.079178885630498,1.0439276485788114,1.0374677002583979
2024-11-03,855,4454,8587,892,886,7.707769058295964,6875.33,9.956911610574123,1.0432748538011696,1.0362573099415204
2024-11-04,813,4444,8611,861,844,7.832020905923345,6743.37,9.441412147253512,1.0590405904059041,1.038130381303813
2024-11-05,783,4421,8642,820,807,7.897719512195122,6476.13,9.060402684563758,1.0472541507024267,1.0306513409961686
2024-11-06,807,4399,8660,852,840,7.795211267605635,6641.52,9.318706697459584,1.0557620817843867,1.0408921933085502
2024-11-07,804,4396,8692,842,832,7.621852731591449,6417.6,9.249884951679705,1.0472636815920398,1.0348258706467661
2024-11-08,844,4423,8707,895,876,7.498525139664805,6711.18,9.693350178017687,1.0604265402843602,1.037914691943128
2024-11-09,831,4463,8743,863,857,7.799582850521436,6731.04,9.50474665446643,1.0385078219013237,1.0312876052948254
2024-11-10,822,4436,8784,861,851,8.01745644599303,6903.03,9.35792349726776,1.0474452554744527,1.035279805352798
2024-11-11,843,4472,8814,877,868,7.984937286202965,7002.79,9.564329475833901,1.040332147093713,1.029655990510083
2024-11-12,825,4498,8829,866,857,7.948221709006928,6883.16,9.344206591913014,1.0496969696969698,1.0387878787878788
2024-11-13,882,4509,8854,938,923,7.73316631130064,7253.71,9.961599277162863,1.0634920634920635,1.0464852607709751
2024-11-14,866,4533,8906,899,884,8.040022246941046,7227.98,9.723781720188637,1.03810623556582,1.0207852193995381
2024-11-15,858,4549,8931,891,885,7.867149270482604,7009.63,9.606986899563319,1.0384615384615385,1.0314685314685315
2024-11-16,838,4559,8955,888,880,7.889887387387388,7006.22,9.357900614182022,1.0596658711217184,1.0501193317422435
2024-11-17,890,4630,9017,923,914,7.800736728060672,7200.08,9.870245092602861,1.0370786516853931,1.0269662921348315
2024-11-18,874,4652,9037,914,908,7.936192560175055,7253.68,9.67135111209472,1.045766590389016,1.0389016018306636
2024-11-19,921,4717,9090,976,960,7.966997950819672,7775.79,10.132013201320133,1.0597176981541803,1.0423452768729642
2024-11-20,835,4683,9104,875,866,7.753805714285714,6784.58,9.171792618629174,1.0479041916167664,1.037125748502994
2024-11-21,807,4623,9125,854,840,7.8102810304449655,6669.9800000000005,8.843835616438355,1.0582403965303593,1.0408921933085502
2024-11-22,844,4631,9156,885,876,7.979242937853107,7061.63,9.217999126256007,1.0485781990521328,1.037914691943128
2024-11-23,834,4630,9176,876,866,7.794897260273973,6828.33,9.088927637314734,1.0503597122302157,1.038369304556355
2024-11-24,906,4632,9221,953,944,7.739433368310598,7375.68,9.825398546795357,1.0518763796909492,1.0419426048565121
2024-11-25,911,4684,9249,953,945,7.748268625393495,7384.1,9.849713482538652,1.0461031833150385,1.0373216245883645
2024-11-26,863,4650,9271,913,900,7.523504928806133,6868.96,9.30859669938518,1.0579374275782156,1.0428736964078795
2024-11-27,909,4716,9307,946,932,7.788583509513742,7368.0,9.766842161813688,1.0407040704070407,1.0253025302530252
2024-11-28,894,4773,9341,937,929,8.289114194236927,7766.9,9.570709774114121,1.0480984340044743,1.0391498881431767
2024-11-29,920,4778,9378,963,950,7.811568016614745,7522.54,9.810194071230539,1.0467391304347826,1.0326086956521738
2024-11-30,911,4829,9395,949,941,7.903782929399368,7500.69,9.69664715274082,1.0417124039517014,1.0329308452250274
2024-12-01,871,4846,9438,907,903,8.035678059536934,7288.36,9.228650137741047,1.0413318025258325,1.036739380022962
2024-12-02,905,4824,9465,939,931,7.7919595314164,7316.65,9.561542525092445,1.0375690607734807,1.0287292817679559
2024-12-03,913,4885,9493,962,948,8.17429313929314,7863.67,9.617612977983777,1.0536692223439212,1.0383351588170866
2024-12-04,932,4896,9528,977,962,7.925138178096213,7742.86,9.781696053736356,1.048283261802575,1.0321888412017168
2024-12-05,921,4921,9548,979,964,8.117987742594485,7947.51,9.645999162128193,1.0629750271444083,1.0466883821932682
2024-12-06,903,4869,9572,933,929,7.746216505894963,7227.22,9.433765148349352,1.0332225913621262,1.0287929125138426
2024-12-07,966,4917,9608,1015,1001,7.529064039408867,7642.0,10.054121565362198,1.0507246376811594,1.036231884057971
2024-12-08,895,4948,9626,936,927,7.532264957264957,7050.2,9.297735300228547,1.0458100558659218,1.035754189944134
2024-12-09,937,4947,9644,976,964,7.800389344262295,7613.18,9.715885524678557,1.0416221985058698,1.0288153681963714
2024-12-10,893,4939,9694,928,920,7.566584051724138,7021.79,9.211883639364556,1.0391937290033595,1.0302351623740202
2024-12-11,974,4978,9728,1016,1003,8.067194881889764,8196.27,10.01233552631579,1.0431211498973305,1.0297741273100616
2024-12-12,915,4969,9763,966,950,7.404171842650104,7152.43,9.372119225647854,1.0557377049180328,1.0382513661202186
2024-12-13,983,5027,9799,1038,1030,7.779142581888246,8074.75,10.031635881212368,1.0559511698880977,1.0478128179043744
2024-12-14,918,5004,9819,958,946,7.545553235908142,7228.64,9.349220898258478,1.0435729847494553,1.0305010893246187
2024-12-15,986,5054,9843,1026,1011,7.85692007797271,8061.2,10.01727115716753,1.0405679513184585,1.0253549695740365
2024-12-16,936,5057,9869,975,964,7.679005128205128,7487.03,9.484243591042658,1.0416666666666667,1.0299145299145298
2024-12-17,959,5100,9886,1009,999,7.916005946481665,7987.25,9.700586688246005,1.0521376433785192,1.0417101147028154
2024-12-18,1018,5142,9930,1071,1054,7.703482726423903,8250.43,10.251762336354481,1.0520628683693516,1.0353634577603144
2024-12-19,926,5149,9935,966,959,7.7197722567287785,7457.3,9.320583794665325,1.043196544276458,1.0356371490280778
2024-12-20,1018,5195,9966,1071,1059,7.647357609710551,8190.32,10.21473008227975,1.0520628683693516,1.0402750491159136
2024-12-21,1014,5235,10012,1052,1042,7.736891634980989,8139.21,10.127846584099082,1.0374753451676528,1.0276134122287968
2024-12-22,1009,5243,10047,1065,1047,7.856028169014085,8366.67,10.042798845426496,1.0555004955401388,1.037661050545094
2024-12-23,971,5276,10090,1014,1006,8.03595660749507,8148.46,9.623389494549059,1.0442842430484036,1.036045314109166
2024-12-24,1047,5314,10149,1099,1083,7.678853503184713,8439.06,10.31628731894768,1.049665711556829,1.0343839541547277
2024-12-25,973,5289,10171,1024,1005,7.893427734375,8082.87,9.56641431520991,1.052415210688592,1.0328879753340185
2024-12-26,1032,5327,10218,1093,1076,7.8842451967063125,8617.48,10.099823840281855,1.059108527131783,1.0426356589147288
2024-12-27,1016,5315,10262,1066,1053,7.836003752345216,8353.18,9.900604170726954,1.0492125984251968,1.0364173228346456
2024-12-28,979,5315,10282,1025,1013,7.777882926829268,7972.33,9.521493872787396,1.0469867211440245,1.034729315628192
2024-12-29,1013,5324,10317,1060,1051,7.925292452830188,8400.81,9.81874575942619,1.0463968410661402,1.03751233958539
2024-12-30,1045,5403,10363,1095,1085,7.493598173515982,8205.49,10.083952523400558,1.0478468899521531,1.0382775119617225
2024-12-31,1022,5369,10409,1088,1070,7.870367647058822,8562.96,9.818426361802286,1.0645792563600782,1.0469667318982387
2025-01-01,997,5402,10438,1051,1038,7.828211227402474,8227.45,9.551638244874496,1.0541624874623872,1.041123370110331
2025-01-02,1018,5407,10466,1062,1050,7.808860640301319,8293.01,9.726734186890884,1.043222003929273,1.031434184675835
2025-01-03,1037,5424,10494,1077,1065,7.812061281337048,8413.59,9.881837240327807,1.038572806171649,1.0270009643201543
2025-01-04,1029,5464,10515,1084,1070,7.9544649446494455,8622.64,9.78601997146933,1.053449951409135,1.0398445092322643
2025-01-05,1036,5468,10552,1090,1081,7.625220183486238,8311.49,9.818043972706596,1.0521235521235521,1.0434362934362935
2025-01-06,1062,5477,10601,1117,1100,7.789659803043867,8701.05,10.017922837468163,1.051789077212806,1.0357815442561205
2025-01-07,1050,5515,10640,1101,1088,7.832107175295186,8623.15,9.868421052631579,1.0485714285714285,1.036190476190476
2025-01-08,1035,5520,10676,1086,1075,7.8091804788213635,8480.77,9.694642188085426,1.0492753623188407,1.038647342995169
2025-01-09,1042,5535,10699,1106,1086,7.799385171790235,8626.12,9.739227965230397,1.0614203454894433,1.0422264875239924
2025-01-10,1064,5545,10732,1116,1106,7.946998207885305,8868.85,9.914275065225493,1.0488721804511278,1.0394736842105263
2025-01-11,1069,5570,10747,1119,1102,7.764298480786416,8688.25,9.946961942867777,1.0467726847521048,1.0308699719363892
2025-01-12,1040,5590,10779,1080,1066,7.604379629629629,8212.73,9.648390388718806,1.0384615384615385,1.025
2025-01-13,1028,5542,10800,1085,1072,7.7298064516129035,8386.84,9.518518518518519,1.0554474708171206,1.0428015564202335
2025-01-14,1083,5561,10842,1148,1135,7.745418118466898,8891.74,9.988931931377975,1.0600184672206834,1.0480147737765466
2025-01-15,1106,5592,10881,1168,1153,7.759674657534246,9063.3,10.164506938700487,1.0560578661844484,1.04249547920434
2025-01-16,1022,5596,10913,1082,1067,7.690619223659889,8321.25,9.364977549711353,1.0587084148727985,1.044031311154599
2025-01-17,1068,5613,10947,1118,1107,7.741305903398927,8654.78,9.75609756097561,1.046816479400749,1.0365168539325842
2025-01-18,1079,5655,10997,1126,1111,7.771047957371226,8750.2,9.81176684550332,1.0435588507877664,1.0296570898980537
2025-01-19,1059,5674,11010,1111,1097,7.777020702070208,8640.27,9.618528610354224,1.0491029272898962,1.0358829084041548
2025-01-20,1092,5735,11030,1142,1131,7.7897197898423824,8895.86,9.900271985494106,1.0457875457875458,1.0357142857142858
2025-01-21,1114,5781,11058,1164,1154,7.65979381443299,8916.0,10.074154458310726,1.0448833034111311,1.0359066427289048
2025-01-22,1110,5750,11110,1171,1154,7.9569257045260455,9317.56,9.99099909990999,1.054954954954955,1.0396396396396397
2025-01-23,1087,5808,11149,1147,1135,7.563190932868352,8674.98,9.749753341106826,1.0551977920883164,1.0441582336706532
2025-01-24,1155,5814,11196,1204,1193,7.9781727574750825,9605.72,10.316184351554126,1.0424242424242425,1.032900432900433
2025-01-25,1063,5807,11222,1136,1115,7.735422535211268,8787.44,9.472464801283193,1.0686735653809971,1.0489181561618062
2025-01-26,1125,5839,11239,1172,1162,7.683515358361775,9005.08,10.009787347628793,1.0417777777777777,1.032888888888889
2025-01-27,1104,5853,11282,1173,1152,7.978150042625747,9358.37,9.785499024995568,1.0625,1.0434782608695652
2025-01-28,1081,5844,11315,1127,1111,7.679370008873114,8654.65,9.553689792311092,1.0425531914893618,1.0277520814061054
2025-01-29,1127,5879,11321,1184,1173,7.780118243243243,9211.66,9.954950976062186,1.0505767524401064,1.0408163265306123
2025-01-30,1155,5974,11352,1212,1198,7.799554455445544,9453.06,10.174418604651162,1.0493506493506493,1.0372294372294373
2025-01-31,1038,5892,11389,1091,1073,7.899770852428964,8618.65,9.114057423830012,1.0510597302504816,1.033718689788054
2025-02-01,1127,5911,11434,1174,1161,7.79896933560477,9155.99,9.856568130138184,1.04170363797693,1.0301685891748003
2025-02-02,1186,5939,11457,1239,1225,7.713640032284101,9557.2,10.351750021820722,1.0446880269814502,1.0328836424957841
2025-02-03,1154,5973,11492,1216,1197,7.923980263157894,9635.56,10.041768186564566,1.0537261698440208,1.0372616984402079
2025-02-04,1111,6006,11540,1160,1143,7.800939655172414,9049.09,9.627383015597921,1.0441044104410442,1.028802880288029
2025-02-05,1127,6035,11557,1185,1165,7.906075949367089,9368.7,9.751665657177467,1.051464063886424,1.033717834960071
2025-02-06,1140,6020,11589,1185,1177,7.526497890295358,8918.9,9.83691431529899,1.0394736842105263,1.0324561403508772
2025-02-07,1151,6081,11623,1206,1191,7.879195688225539,9502.31,9.902778972726491,1.047784535186794,1.0347523892267594
2025-02-08,1101,6083,11670,1151,1134,7.884370112945265,9074.91,9.434447300771208,1.0454132606721163,1.0299727520435968
2025-02-09,1108,6017,11706,1167,1156,7.880137103684662,9196.12,9.465231505211003,1.0532490974729243,1.0433212996389891
2025-02-10,1173,6051,11730,1242,1222,7.982302737520129,9914.02,10.0,1.0588235294117647,1.041773231031543
2025-02-11,1155,6059,11772,1211,1205,7.921172584640794,9592.54,9.811416921508664,1.0484848484848486,1.0432900432900434
2025-02-12,1155,6089,11810,1207,1197,7.696271748135874,9289.4,9.779847586790854,1.045021645021645,1.0363636363636364
2025-02-13,1058,6039,11827,1113,1105,7.944609164420486,8842.35,8.945632873932526,1.051984877126654,1.0444234404536863
2025-02-14,1172,6004,11849,1237,1215,8.176717865804365,10114.6,9.891130053169043,1.0554607508532423,1.036689419795222
2025-02-15,1198,6060,11891,1245,1235,7.536610441767068,9383.08,10.074846522580103,1.0392320534223707,1.0308848080133557
2025-02-16,1151,6106,11917,1204,1191,8.043405315614619,9684.26,9.658471091717715,1.0460469157254562,1.0347523892267594
2025-02-17,1189,6107,11961,1249,1233,7.835420336269015,9786.44,9.940640414681047,1.0504625735912532,1.0370058873002523
2025-02-18,1158,6114,11983,1214,1201,7.748533772652388,9406.72,9.66369022782275,1.0483592400690847,1.03713298791019
2025-02-19,1222,6191,12022,1281,1265,7.799859484777518,9991.62,10.164698053568458,1.0482815057283141,1.0351882160392798
2025-02-20,1197,6262,12053,1262,1244,8.049294770206021,10158.21,9.931137476147017,1.0543024227234754,1.039264828738513
2025-02-21,1152,6246,12080,1204,1191,7.757857142857143,9340.46,9.536423841059603,1.0451388888888888,1.0338541666666667
2025-02-22,1252,6268,12118,1327,1309,7.820655614167295,10378.01,10.331737910546295,1.0599041533546325,1.0455271565495208
2025-02-23,1228,6339,12160,1299,1282,7.744642032332564,10060.29,10.098684210526315,1.0578175895765471,1.0439739413680782
2025-02-24,1219,6384,12185,1287,1267,8.012634032634033,10312.26,10.004103405826836,1.0557834290401968,1.0393765381460214
2025-02-25,1209,6414,12209,1275,1260,7.824039215686274,9975.65,9.902530919813254,1.054590570719603,1.0421836228287842
2025-02-26,1281,6441,12236,1338,1327,7.874364723467862,10535.9,10.469107551487413,1.044496487119438,1.0359094457455114
2025-02-27,1248,6517,12263,1307,1294,7.841384850803367,10248.69,10.176955068091004,1.047275641025641,1.0368589743589745
2025-02-28,1200,6517,12305,1263,1246,7.832929532858274,9892.99,9.752133279154815,1.0525,1.0383333333333333
2025-03-01,1228,6501,12340,1289,1275,7.742986811481768,9980.71,9.951377633711507,1.049674267100977,1.038273615635179
2025-03-02,1220,6483,12364,1278,1263,7.88044600938967,10071.21,9.867356842445812,1.0475409836065575,1.0352459016393443
2025-03-03,1245,6520,12396,1321,1305,7.672535957607873,10135.42,10.043562439496611,1.0610441767068273,1.0481927710843373
2025-03-04,1281,6567,12413,1341,1317,8.130604026845637,10903.14,10.319825988882624,1.0468384074941453,1.0281030444964872
2025-03-05,1280,6544,12440,1352,1329,7.825096153846155,10579.53,10.289389067524116,1.05625,1.03828125
2025-03-06,1229,6509,12478,1306,1290,7.8322052067381325,10228.86,9.849334829299568,1.062652563059398,1.049633848657445
2025-03-07,1296,6576,12506,1370,1353,7.834255474452555,10732.93,10.363025747641132,1.0570987654320987,1.0439814814814814
2025-03-08,1286,6651,12533,1341,1327,7.6499999999999995,10258.65,10.26091119444666,1.0427682737169517,1.0318818040435458
2025-03-09,1254,6655,12577,1314,1297,7.798447488584475,10247.16,9.970581219686729,1.0478468899521531,1.0342902711323765
2025-03-10,1260,6679,12596,1317,1306,7.763492786636295,10224.52,10.003175611305176,1.0452380952380953,1.0365079365079366
2025-03-11,1249,6615,12617,1327,1306,7.79792012057272,10347.84,9.899342157406673,1.0624499599679744,1.0456365092073658
2025-03-12,1260,6624,12662,1324,1306,7.639478851963746,10114.67,9.951034591691677,1.0507936507936508,1.0365079365079366
2025-03-13,1288,6666,12691,1367,1347,7.646554498902707,10452.84,10.14892443463872,1.061335403726708,1.045807453416149
2025-03-14,1261,6626,12721,1331,1317,7.985770097670923,10629.06,9.912742708906533,1.055511498810468,1.0444091990483744
2025-03-15,1274,6643,12778,1336,1317,7.86375,10505.97,9.97026138675849,1.0486656200941915,1.0337519623233908
2025-03-16,1263,6669,12820,1336,1318,7.606803892215569,10162.69,9.851794071762871,1.0577988915281076,1.0435471100554237
2025-03-17,1254,6697,12841,1318,1308,7.691479514415782,10137.37,9.765594579861382,1.0510366826156299,1.0430622009569377
2025-03-18,1331,6779,12901,1397,1384,8.124595561918396,11350.06,10.317029687621114,1.0495867768595042,1.0398196844477836
2025-03-19,1352,6792,12937,1427,1409,7.77354590049054,11092.85,10.450645435572389,1.055473372781065,1.0421597633136095
2025-03-20,1248,6798,12949,1316,1300,7.962720364741641,10478.94,9.637809869487992,1.0544871794871795,1.0416666666666667
2025-03-21,1306,6804,12964,1382,1362,7.905622286541244,10925.57,10.074051218759642,1.0581929555895866,1.0428790199081164
2025-03-22,1320,6822,12999,1397,1377,7.92707229778096,11074.12,10.154627279021463,1.0583333333333333,1.0431818181818182
2025-03-23,1378,6871,13066,1444,1426,7.770006925207756,11219.89,10.546456451859788,1.0478955007256894,1.034833091436865
2025-03-24,1326,6894,13091,1393,1371,8.166066044508256,11375.33,10.12909632571996,1.05052790346908,1.0339366515837105
2025-03-25,1267,6873,13122,1334,1318,7.748305847076462,10336.24,9.655540313976529,1.052880820836622,1.0402525651144436
2025-03-26,1340,6889,13180,1422,1389,7.846244725738397,11157.36,10.166919575113809,1.0611940298507463,1.0365671641791045
2025-03-27,1299,6919,13214,1366,1350,8.164743777452417,11153.04,9.83048282125019,1.0515781370284834,1.0392609699769053
2025-03-28,1339,6947,13227,1408,1390,7.871001420454546,11082.37,10.12323278143192,1.0515309932785661,1.0380881254667662
2025-03-29,1315,6967,13253,1401,1377,7.839136331192005,10982.63,9.922281747528862,1.0653992395437262,1.047148288973384
2025-03-30,1357,6929,13294,1425,1408,7.90762105263158,11268.36,10.207612456747404,1.0501105379513633,1.0375829034635224
2025-03-31,1269,6863,13330,1346,1331,7.770170876671619,10458.65,9.519879969992498,1.0606776989755713,1.0488573680063042
2025-04-01,1332,6871,13339,1396,1382,7.702808022922636,10753.12,9.985756053677187,1.048048048048048,1.0375375375375375
2025-04-02,1285,6887,13388,1360,1343,7.772654411764705,10570.81,9.59814759486107,1.0583657587548638,1.045136186770428
2025-04-03,1287,6902,13390,1338,1322,7.617832585949178,10192.66,9.611650485436893,1.0396270396270397,1.0271950271950272
2025-04-04,1339,6932,13390,1400,1383,7.937035714285715,11111.85,10.0,1.0455563853622105,1.0328603435399553
2025-04-05,1373,6975,13427,1443,1426,7.523056133056134,10855.77,10.225664705444254,1.0509832483612527,1.0386016023306628
2025-04-06,1344,7003,13457,1421,1408,7.876418015482055,11192.39,9.987367169502862,1.0572916666666667,1.0476190476190477
2025-04-07,1348,7048,13506,1420,1405,7.748338028169013,11002.64,9.980749296608915,1.053412462908012,1.0422848664688427
2025-04-08,1337,7017,13540,1402,1382,7.874151212553494,11039.56,9.874446085672082,1.0486163051608077,1.0336574420344053
2025-04-09,1379,7094,13556,1457,1438,7.541585449553878,10988.09,10.172617291236353,1.056562726613488,1.0427846265409717
2025-04-10,1329,7130,13586,1398,1378,7.848605150214593,10972.35,9.782128661857795,1.0519187358916477,1.036869826937547
2025-04-11,1392,7210,13617,1471,1455,7.39906186267845,10884.02,10.222515972681208,1.0567528735632183,1.0452586206896552
2025-04-12,1348,7165,13646,1422,1401,7.693115330520394,10939.61,9.878352630807562,1.0548961424332344,1.0393175074183976
2025-04-13,1363,7212,13671,1427,1407,7.777379117028731,11098.32,9.970009509180016,1.0469552457813647,1.0322817314746882
2025-04-14,1399,7212,13696,1468,1449,7.704128065395095,11309.66,10.21466121495327,1.0493209435310937,1.0357398141529663
2025-04-15,1309,7186,13687,1391,1370,8.075514018691589,11233.04,9.563819682910792,1.0626432391138274,1.0466004583651642
2025-04-16,1396,7192,13719,1471,1449,7.726852481305235,11366.2,10.175668780523361,1.0537249283667622,1.0379656160458453
2025-04-17,1459,7206,13744,1539,1515,7.803274853801169,12009.24,10.615541327124564,1.0548320767649075,1.0383824537354351
2025-04-18,1444,7244,13760,1522,1506,8.058823915900131,12265.53,10.494186046511627,1.054016620498615,1.0429362880886426
2025-04-19,1347,7238,13806,1420,1401,7.693654929577464,10924.99,9.756627553237724,1.0541945063103193,1.0400890868596881
2025-04-20,1391,7258,13836,1461,1442,7.599863107460643,11103.4,10.053483665799364,1.0503235082674336,1.0366642703091302
2025-04-21,1388,7266,13858,1450,1439,7.688310344827586,11148.05,10.01587530668206,1.0446685878962536,1.0367435158501441
2025-04-22,1396,7285,13870,1484,1466,7.693537735849056,11417.21,10.064888248017304,1.0630372492836677,1.0501432664756447
2025-04-23,1381,7321,13908,1439,1426,8.040076441973593,11569.67,9.929536957146965,1.0419985517740769,1.0325850832729906
2025-04-24,1437,7293,13937,1508,1487,7.5142374005305035,11331.47,10.310683791346776,1.0494084899095337,1.034794711203897
2025-04-25,1440,7322,13968,1507,1486,8.028885202388853,12099.53,10.309278350515463,1.0465277777777777,1.0319444444444446
2025-04-26,1386,7382,13990,1463,1437,7.58624060150376,11098.67,9.907076483202287,1.0555555555555556,1.0367965367965368
2025-04-27,1437,7392,14054,1512,1497,7.71787037037037,11669.42,10.224847018642379,1.0521920668058455,1.0417536534446765
2025-04-28,1493,7458,14077,1577,1554,7.762454026632847,12241.39,10.605952972934574,1.056262558606832,1.0408573342263898
2025-04-29,1452,7473,14109,1524,1508,7.948057742782153,12112.84,10.2913034233468,1.0495867768595042,1.0385674931129476
2025-04-30,1432,7512,14148,1507,1492,7.886443264764433,11884.87,10.121571953633023,1.0523743016759777,1.041899441340782
2025-05-01,1416,7449,14174,1498,1480,7.743531375166889,11599.81,9.990122759983068,1.057909604519774,1.0451977401129944
2025-05-02,1442,7439,14214,1522,1500,7.831984231274639,11920.28,10.144927536231885,1.0554785020804438,1.0402219140083218
2025-05-03,1402,7472,14250,1490,1471,7.817114093959732,11647.5,9.83859649122807,1.0627674750356633,1.0492154065620543
2025-05-04,1455,7471,14287,1537,1511,7.98459336369551,12272.32,10.184083432491075,1.0563573883161512,1.0384879725085912
2025-05-05,1405,7469,14313,1483,1461,7.730910316925152,11464.94,9.81625096066513,1.0555160142348754,1.0398576512455515
2025-05-06,1564,7545,14338,1656,1631,7.798762077294686,12914.75,10.908076440228763,1.0588235294117647,1.042838874680307
2025-05-07,1403,7514,14334,1482,1464,7.721349527665318,11443.04,9.787916841077159,1.0563079116179614,1.0434782608695652
2025-05-08,1468,7567,14372,1560,1539,7.872948717948717,12281.8,10.214305594210966,1.0626702997275204,1.0483651226158037
2025-05-09,1437,7566,14382,1520,1498,7.719434210526316,11733.54,9.99165623696287,1.057759220598469,1.0424495476687543
2025-05-10,1408,7582,14402,1500,1473,7.886593333333333,11829.89,9.776419941674767,1.0653409090909092,1.0461647727272727
2025-05-11,1437,7562,14434,1533,1516,7.636360078277887,11706.54,9.955660246639878,1.0668058455114822,1.0549756437021574
2025-05-12,1473,7596,14465,1563,1539,7.613672424824056,11900.17,10.183200829588662,1.0610997963340123,1.044806517311609
2025-05-13,1417,7504,14483,1500,1483,7.773946666666666,11660.92,9.783884554305047,1.058574453069866,1.046577275935074
2025-05-14,1423,7526,14516,1496,1473,7.757239304812834,11604.83,9.802976026453567,1.051300070274069,1.0351370344342938
2025-05-15,1391,7476,14533,1455,1439,7.792006872852234,11337.37,9.57132044312943,1.0460100647016535,1.03450754852624
2025-05-16,1489,7491,14556,1585,1562,7.745678233438485,12276.9,10.229458642484198,1.0644728005372734,1.0490261920752182
2025-05-17,1499,7556,14568,1563,1545,7.8232053742802306,12227.67,10.289676002196595,1.0426951300867244,1.0306871247498333
2025-05-18,1449,7623,14616,1524,1510,7.972329396325459,12149.83,9.913793103448276,1.05175983436853,1.0420979986197378
2025-05-19,1514,7615,14652,1579,1565,7.7807726409119695,12285.84,10.333060333060333,1.0429326287978864,1.0336856010568032
2025-05-20,1482,7659,14675,1571,1544,7.664538510502864,12040.99,10.098807495741056,1.0600539811066128,1.0418353576248314
2025-05-21,1512,7687,14685,1584,1564,7.6663194444444445,12143.45,10.296220633299285,1.0476190476190477,1.0343915343915344
2025-05-22,1543,7742,14674,1631,1609,7.714690374003679,12582.66,10.515196946981055,1.0570317563188594,1.0427738172391445
2025-05-23,1472,7779,14722,1544,1529,7.782066062176166,12015.51,9.998641488928135,1.048913043478261,1.0387228260869565
2025-05-24,1504,7768,14753,1577,1564,7.991705770450222,12602.92,10.194536704399106,1.0485372340425532,1.0398936170212767
2025-05-25,1497,7823,14757,1592,1562,7.865992462311557,12522.66,10.14433828013824,1.0634602538410154,1.0434201736806947
2025-05-26,1493,7809,14784,1596,1575,7.954241854636591,12694.97,10.09875541125541,1.0689886135298057,1.0549229738780979
2025-05-27,1513,7802,14808,1589,1571,7.770270610446821,12346.96,10.217450027012426,1.0502313284864508,1.0383344348975545
2025-05-28,1545,7846,14850,1628,1602,7.6221498771498775,12408.86,10.404040404040405,1.0537216828478964,1.036893203883495
2025-05-29,1606,7878,14886,1679,1651,7.555151876116736,12685.1,10.788660486363026,1.0454545454545454,1.0280199252801991
2025-05-30,1509,7904,14906,1592,1570,7.737644472361809,12318.33,10.123440225412587,1.0550033134526176,1.0404241219350563
2025-05-31,1530,7963,14935,1621,1604,7.897507711289328,12801.86,10.244392366923334,1.0594771241830065,1.0483660130718955
2025-06-01,1506,7963,14965,1583,1566,7.706241313960834,12198.98,10.063481456732376,1.051128818061089,1.0398406374501992
2025-06-02,1541,7943,14994,1607,1596,7.788599875544493,12516.28,10.277444311057756,1.0428293316028552,1.035691109669046
2025-06-03,1571,7943,15024,1659,1637,7.747396021699819,12852.93,10.456602768903087,1.0560152768936983,1.0420114576702737
2025-06-04,1546,7956,15063,1644,1618,7.767262773722627,12769.38,10.263559715860055,1.0633893919793014,1.0465717981888745
2025-06-05,1494,7935,15061,1562,1547,7.621709346991038,11905.11,9.919660049133523,1.0455153949129852,1.035475234270415
2025-06-06,1586,8007,15078,1678,1661,7.719368295589988,12953.1,10.518636423928902,1.0580075662042876,1.0472887767969734
2025-06-07,1542,8027,15105,1631,1601,7.781545064377683,12691.7,10.208540218470704,1.0577172503242542,1.0382619974059664
2025-06-08,1536,8021,15138,1627,1599,7.834517516902274,12746.76,10.146650812524772,1.0592447916666667,1.041015625
2025-06-09,1561,8000,15195,1668,1638,7.815437649880096,13036.15,10.27311615663047,1.068545803971813,1.0493273542600896
2025-06-10,1544,7993,15242,1624,1608,8.025449507389162,13033.33,10.129904212045664,1.0518134715025906,1.0414507772020725
2025-06-11,1591,7997,15277,1673,1652,7.771787208607293,13002.2,10.414348366825948,1.0515399120050284,1.038340666247643
2025-06-12,1621,8051,15324,1714,1688,7.799358226371062,13368.1,10.578178021404334,1.0573719925971623,1.0413325107958051
2025-06-13,1558,8050,15342,1641,1623,7.736489945155393,12695.58,10.155129709294746,1.0532734274711169,1.0417201540436456
2025-06-14,1572,8106,15366,1674,1640,7.960675029868578,13326.17,10.23037875829754,1.0648854961832062,1.0432569974554708
2025-06-15,1535,8120,15385,1650,1620,7.887975757575758,13015.16,9.977250568735782,1.0749185667752443,1.0553745928338762
2025-06-16,1535,8119,15399,1639,1605,7.879701037217815,12914.83,9.968179751931943,1.0677524429967427,1.0456026058631922
2025-06-17,1585,8108,15441,1674,1651,7.844199522102748,13131.19,10.26487921766725,1.0561514195583597,1.041640378548896
2025-06-18,1563,8104,15489,1648,1630,7.907069174757281,13030.85,10.091032345535542,1.054382597568778,1.0428662827895074
2025-06-19,1616,8078,15518,1703,1680,7.8926423957721665,13441.17,10.413713107359197,1.0538366336633664,1.0396039603960396
2025-06-20,1628,8151,15557,1738,1714,7.858561565017261,13658.18,10.464742559619463,1.0675675675675675,1.0528255528255528
2025-06-21,1580,8162,15568,1683,1656,7.5859477124183,12767.15,10.149023638232272,1.0651898734177214,1.0481012658227848
2025-06-22,1586,8153,15590,1676,1657,8.015924821002386,13434.69,10.173187940987813,1.0567465321563683,1.044766708701135
2025-06-23,1606,8207,15623,1719,1688,8.102699243746365,13928.54,10.279715803622864,1.0703611457036115,1.0510585305105853
2025-06-24,1639,8292,15691,1736,1710,7.716232718894009,13395.38,10.445478299662227,1.0591824283099451,1.0433190970103723
2025-06-25,1608,8343,15720,1692,1669,7.739160756501182,13094.66,10.229007633587786,1.0522388059701493,1.0379353233830846
2025-06-26,1625,8342,15721,1723,1694,8.017359257109693,13813.91,10.336492589529927,1.0603076923076924,1.0424615384615386
2025-06-27,1603,8295,15747,1681,1658,7.847549077929804,13191.73,10.179716771448529,1.04865876481597,1.0343106674984404
2025-06-28,1608,8284,15773,1695,1678,7.79576401179941,13213.82,10.194636403981487,1.0541044776119404,1.0435323383084578
2025-06-29,1697,8316,15799,1801,1783,7.7413825652415325,13942.23,10.741186151022216,1.0612846199175014,1.0506776664702415
2025-06-30,1639,8333,15825,1727,1697,7.775813549507817,13428.83,10.357030015797788,1.0536912751677852,1.0353874313605858
2025-07-01,1597,8331,15849,1703,1678,7.972730475631239,13577.56,10.076345510757777,1.0663744520976832,1.0507201001878521
2025-07-02,1630,8349,15893,1722,1696,7.722723577235772,13298.53,10.256087585729565,1.056441717791411,1.0404907975460123
2025-07-03,1620,8357,15905,1710,1687,7.7142163742690055,13191.31,10.185476265325368,1.0555555555555556,1.041358024691358
2025-07-04,1627,8372,15919,1726,1700,7.897334878331401,13630.8,10.220491236886739,1.0608481868469577,1.0448678549477566
2025-07-05,1533,8333,15914,1616,1602,7.941070544554456,12832.77,9.63302752293578,1.0541422048271363,1.0450097847358122
2025-07-06,1621,8273,15918,1725,1700,7.819849275362318,13489.24,10.183440130669682,1.0641579272054287,1.0487353485502775
2025-07-07,1611,8262,15941,1684,1670,7.932179334916865,13357.79,10.106015933755724,1.0453134698944755,1.036623215394165
2025-07-08,1591,8278,15961,1679,1644,7.85893984514592,13195.16,9.968047114842427,1.055311125078567,1.0333123821495915
2025-07-09,1663,8268,15984,1765,1740,7.864113314447592,13880.16,10.404154154154153,1.0613349368610945,1.0463018641010222
2025-07-10,1661,8310,16005,1762,1739,7.903564131668558,13926.08,10.378006872852234,1.0608067429259482,1.0469596628537026
2025-07-11,1766,8388,16046,1879,1852,7.65560404470463,14384.88,11.005858157796336,1.063986409966025,1.0486976217440545
2025-07-12,1683,8434,16061,1792,1761,7.9492578125,14245.07,10.47879957661416,1.0647653000594177,1.0463458110516934
2025-07-13,1728,8525,16108,1844,1813,7.916816702819957,14598.61,10.727588775763595,1.0671296296296295,1.0491898148148149
2025-07-14,1678,8545,16123,1770,1748,7.68267231638418,13598.33,10.407492402158407,1.0548271752085816,1.0417163289630513
2025-07-15,1665,8626,16163,1758,1729,7.90273606370876,13893.01,10.301305450720783,1.055855855855856,1.0384384384384384
2025-07-16,1624,8623,16191,1731,1705,7.957798960138649,13774.95,10.030263726761781,1.0658866995073892,1.0498768472906403
2025-07-17,1627,8562,16172,1724,1702,7.921519721577726,13656.7,10.060598565421715,1.059618930547019,1.046097111247695
2025-07-18,1646,8518,16198,1729,1704,7.803100057836899,13491.56,10.161748363995555,1.0504252733900366,1.0352369380315918
2025-07-19,1646,8555,16227,1766,1736,7.691528878822197,13583.24,10.143587847414802,1.0729040097205347,1.054678007290401
2025-07-20,1607,8494,16254,1702,1682,7.968813160987074,13562.92,9.886797096099421,1.0591163658991911,1.046670815183572
2025-07-21,1730,8458,16287,1835,1805,7.755732970027248,14231.77,10.621968441087985,1.060693641618497,1.0433526011560694
2025-07-22,1693,8471,16300,1769,1749,7.579468626342567,13408.08,10.386503067484663,1.0448907265209686,1.0330773774365032
2025-07-23,1809,8561,16359,1934,1902,7.76124095139607,15010.24,11.058133137722354,1.0690989496959646,1.0514096185737978
2025-07-24,1628,8588,16353,1730,1705,8.057693641618497,13939.81,9.955359872806213,1.0626535626535627,1.0472972972972974
2025-07-25,1687,8611,16394,1792,1766,7.7578962053571425,13902.15,10.290350128095644,1.062240663900415,1.046828689982217
2025-07-26,1641,8632,16438,1751,1723,7.828115362649915,13707.03,9.982966297603115,1.0670322973796467,1.0499695307739183
2025-07-27,1628,8642,16475,1725,1703,7.84424347826087,13531.32,9.88163884673748,1.0595823095823096,1.046068796068796
2025-07-28,1682,8606,16521,1779,1758,7.724468802698145,13741.83,10.180981780763876,1.0576694411414982,1.0451843043995244
2025-07-29,1711,8593,16541,1798,1773,7.73547830923248,13908.39,10.343993712592951,1.0508474576271187,1.0362361192285214
2025-07-30,1671,8485,16553,1802,1766,7.717708102108768,13907.31,10.094846855554884,1.0783961699581088,1.056852184320766
2025-07-31,1728,8530,16583,1839,1814,7.8338172920065245,14406.39,10.420309955979015,1.0642361111111112,1.0497685185185186
2025-08-01,1659,8546,16588,1748,1725,7.907665903890161,13822.6,10.001205690860864,1.0536467751657626,1.0397830018083183
2025-08-02,1683,8589,16646,1769,1753,7.548355002826456,13353.04,10.110537065961793,1.0510992275698159,1.041592394533571
2025-08-03,1782,8700,16665,1892,1858,7.5999524312896405,14379.11,10.693069306930694,1.0617283950617284,1.042648709315376
2025-08-04,1742,8717,16696,1851,1816,7.716045380875203,14282.4,10.43363679923335,1.0625717566016073,1.04247990815155
2025-08-05,1745,8722,16717,1847,1823,7.888105035192203,14569.33,10.438475803074715,1.0584527220630373,1.044699140401146
2025-08-06,1767,8800,16721,1873,1854,7.7740149492792305,14560.73,10.567549787692124,1.0599886813808714,1.0492359932088284
2025-08-07,1703,8789,16732,1808,1785,7.723622787610619,13964.31,10.178101840784127,1.0616559013505578,1.0481503229594833
2025-08-08,1756,8835,16738,1863,1832,7.8580246913580245,14639.5,10.491098100131438,1.0609339407744875,1.0432801822323463
2025-08-09,1769,8851,16755,1853,1827,7.558872099298435,14006.59,10.558042375410325,1.0474844544940645,1.0327868852459017
2025-08-10,1765,8838,16772,1866,1839,7.821248660235799,14594.45,10.523491533508228,1.0572237960339943,1.041926345609065
2025-08-11,1770,8921,16801,1869,1839,7.742958801498127,14471.59,10.535087197190643,1.0559322033898304,1.0389830508474576
2025-08-12,1718,8957,16811,1835,1801,7.843384196185286,14392.61,10.219499137469514,1.068102444703143,1.0483119906868452
2025-08-13,1744,8956,16844,1827,1801,7.737246852764095,14135.95,10.353835193540727,1.047591743119266,1.0326834862385321
2025-08-14,1857,9035,16900,1966,1935,7.7234231943031535,15184.25,10.988165680473374,1.0586968228325255,1.0420032310177707
2025-08-15,1789,9071,16930,1925,1889,7.7668831168831165,14951.25,10.567040756054341,1.0760201229737283,1.0558971492453886
2025-08-16,1716,9031,16936,1816,1792,7.667136563876652,13923.52,10.132262635805384,1.0582750582750582,1.0442890442890442
2025-08-17,1781,9065,16977,1881,1855,7.857400318979266,14779.77,10.49066383931201,1.0561482313307131,1.0415496911847277
2025-08-18,1839,9051,17010,1970,1938,7.875558375634518,15514.85,10.811287477954144,1.0712343665035344,1.0538336052202284
2025-08-19,1762,9057,17017,1883,1852,7.966850770047796,15001.58,10.354351530822118,1.068671963677639,1.0510783200908058
2025-08-20,1737,9021,17029,1846,1815,7.902827735644638,14588.62,10.200246638087968,1.0627518710420265,1.0449050086355787
2025-08-21,1817,8995,17039,1948,1913,7.697515400410678,14994.76,10.663771348083808,1.0720968629609247,1.0528343423225097
2025-08-22,1731,8966,17053,1853,1828,7.882142471667566,14605.61,10.150706620535976,1.070479491623339,1.0560369728480647
2025-08-23,1810,9011,17092,1915,1891,7.732778067885118,14808.27,10.589749590451673,1.058011049723757,1.0447513812154696
2025-08-24,1721,8971,17119,1832,1802,8.03721615720524,14724.18,10.05315731059057,1.0644973852411388,1.0470656595002905
2025-08-25,1758,8996,17137,1870,1843,7.71096256684492,14419.5,10.258504989204646,1.0637087599544937,1.0483503981797497
2025-08-26,1779,8987,17165,1897,1869,7.947991565629942,15077.34,10.36411302068162,1.0663293985385047,1.0505902192242833
2025-08-27,1840,9026,17200,1953,1924,7.67984126984127,14998.73,10.69767441860465,1.061413043478261,1.0456521739130435
2025-08-28,1828,9002,17240,1941,1915,7.759907264296754,15061.98,10.603248259860788,1.061816192560175,1.0475929978118161
2025-08-29,1720,9003,17255,1844,1807,7.925943600867679,14615.44,9.968125181106926,1.072093023255814,1.0505813953488372
2025-08-30,1773,8984,17270,1885,1846,7.6349867374005305,14391.95,10.26635784597568,1.063169768753525,1.0411731528482797
2025-08-31,1826,9033,17300,1946,1916,7.776356628982529,15132.79,10.554913294797688,1.0657174151150055,1.049288061336254
2025-09-01,1819,9093,17339,1936,1903,7.736921487603306,14978.68,10.490801084260914,1.0643210555250138,1.046179219351292
2025-09-02,1853,9113,17365,1982,1947,7.86252774974773,15583.53,10.670889720702563,1.0696168375607125,1.050728548300054
2025-09-03,1848,9118,17401,1968,1939,7.686036585365854,15126.12,10.620079305787025,1.0649350649350648,1.0492424242424243
2025-09-04,1865,9164,17455,1973,1942,7.808808920425748,15406.78,10.684617588083643,1.0579088471849867,1.0412868632707775
2025-09-05,1785,9192,17482,1919,1887,7.976362688900469,15306.64,10.210502230866034,1.0750700280112044,1.0571428571428572
2025-09-06,1835,9227,17513,1955,1924,7.858,15362.39,10.477930680066235,1.0653950953678475,1.04850136239782
2025-09-07,1772,9284,17531,1900,1863,7.7063,14641.97,10.107809024014603,1.072234762979684,1.0513544018058691
2025-09-08,1887,9309,17525,2026,1994,7.905597235932873,16016.74,10.767475035663338,1.073661897191309,1.0567037625861155
2025-09-09,1810,9226,17529,1921,1882,7.687381572097865,14767.46,10.325745906783045,1.0613259668508288,1.039779005524862
2025-09-10,1835,9204,17556,1938,1912,7.792327141382869,15101.53,10.4522670312144,1.0561307901907357,1.0419618528610355
2025-09-11,1881,9252,17573,2017,1993,7.758220128904314,15648.33,10.703920787571843,1.0723019670388092,1.0595427963849016
2025-09-12,1869,9267,17610,2008,1966,7.836598605577689,15735.89,10.613287904599659,1.0743713215623327,1.0518994114499733
2025-09-13,1833,9275,17631,1937,1915,7.770118740320083,15050.72,10.396460779309171,1.0567375886524824,1.044735406437534
2025-09-14,1913,9366,17652,2043,2018,7.680181106216349,15690.61,10.837298889644233,1.0679560899111344,1.05488761108207
2025-09-15,1922,9373,17681,2021,1990,7.707065809005442,15575.98,10.87042588088909,1.0515088449531738,1.0353798126951093
2025-09-16,1922,9401,17714,2038,2010,7.900755642787046,16101.74,10.850175002822626,1.060353798126951,1.0457856399583767
2025-09-17,1934,9465,17746,2077,2044,7.867544535387578,16340.89,10.898230587174575,1.0739400206825234,1.0568769389865564
2025-09-18,1834,9468,17766,1937,1914,7.938420237480639,15376.72,10.323089046493301,1.0561613958560523,1.043620501635769
2025-09-19,1977,9535,17778,2117,2078,7.867350023618328,16655.18,11.120485993925076,1.0708143651997977,1.0510875063227112
2025-09-20,1887,9512,17798,2008,1979,7.867704183266932,15798.35,10.60231486683897,1.0641229464758877,1.0487546369899312
2025-09-21,1848,9499,17802,1978,1940,7.874115267947421,15575.0,10.380856083586114,1.0703463203463204,1.0497835497835497
2025-09-22,1864,9426,17813,1987,1959,7.694851534977353,15289.67,10.464267669679447,1.0659871244635193,1.0509656652360515
2025-09-23,1888,9391,17837,2003,1978,7.925951073389915,15875.68,10.584739586253294,1.0609110169491525,1.0476694915254237
2025-09-24,1885,9405,17893,2017,1989,7.738968765493307,15609.5,10.53484602917342,1.070026525198939,1.0551724137931036
2025-09-25,1843,9425,17901,1961,1932,7.807180010198878,15309.88,10.295514217082845,1.064026044492675,1.0482908301682041
2025-09-26,1866,9377,17940,1996,1963,7.893592184368738,15755.61,10.40133779264214,1.0696677384780278,1.0519828510182208
2025-09-27,1935,9349,17938,2070,2029,7.8069855072463765,16160.46,10.787155758724495,1.069767441860465,1.0485788113695091
2025-09-28,1905,9405,17952,2047,2003,7.775818270639961,15917.1,10.61163101604278,1.0745406824146981,1.0514435695538058
2025-09-29,1892,9412,17981,2029,1993,7.672764908822081,15568.04,10.522217896668707,1.0724101479915433,1.0533826638477801
2025-09-30,1831,9390,18017,1960,1927,7.813811224489796,15315.07,10.162624188266637,1.0704533042053523,1.052430365920262
2025-10-01,1936,9425,18039,2071,2031,7.99173829068083,16550.89,10.73230223404845,1.0697314049586777,1.0490702479338843
2025-10-02,1849,9412,18060,1984,1951,7.963896169354839,15800.37,10.238095238095237,1.0730124391563007,1.055164954029205
2025-10-03,1935,9465,18074,2049,2015,7.835924841386042,16055.81,10.705986499944672,1.0589147286821705,1.041343669250646
2025-10-04,1961,9507,18109,2118,2075,7.807507082152974,16536.3,10.828869622839472,1.0800611932687405,1.0581336053034167
2025-10-05,2007,9548,18146,2129,2108,7.800516674495068,16607.3,11.060288768874683,1.060787244643747,1.0503238664673642
2025-10-06,1948,9563,18173,2058,2031,7.779115646258504,16009.42,10.71919881142354,1.0564681724845997,1.0426078028747434
2025-10-07,2023,9673,18230,2146,2119,7.851677539608574,16849.7,11.097092704333516,1.0608007909045971,1.0474542758279783
2025-10-08,1935,9653,18244,2094,2052,7.688080229226361,16098.84,10.606226704670028,1.082170542635659,1.0604651162790697
2025-10-09,2023,9782,18281,2144,2118,7.869095149253732,16871.34,11.066134237733166,1.059812160158181,1.0469599604547701
2025-10-10,1925,9753,18301,2054,2024,7.76182570593963,15942.79,10.518550898857985,1.067012987012987,1.0514285714285714
2025-10-11,1915,9743,18340,2041,2013,7.590269475747182,15491.74,10.44165757906216,1.0657963446475196,1.0511749347258486
2025-10-12,2003,9769,18374,2164,2129,7.574912199630314,16392.11,10.901273538695984,1.0803794308537193,1.0629056415376934
2025-10-13,2005,9784,18372,2168,2128,7.777919741697416,16862.53,10.913346396690617,1.0812967581047381,1.061346633416459
2025-10-14,1908,9692,18414,2039,2009,7.78854340362923,15880.84,10.361681329423265,1.0686582809224319,1.0529350104821802
2025-10-15,1958,9696,18424,2107,2073,7.7593735168485996,16349.0,10.627442466348242,1.0760980592441267,1.0587334014300307
2025-10-16,2029,9714,18446,2170,2132,7.751820276497696,16821.45,10.999674726227909,1.0694923607688516,1.050763923114835
2025-10-17,2012,9786,18468,2152,2116,7.703592007434945,16578.13,10.894520251245398,1.0695825049701788,1.05168986083499
2025-10-18,2001,9805,18503,2118,2086,7.597327667610953,16091.14,10.814462519591418,1.0584707646176912,1.0424787606196901
2025-10-19,1993,9848,18521,2122,2079,7.677139491046183,16290.89,10.760758058420173,1.0647265429001505,1.0431510286001004
2025-10-20,2079,9813,18520,2240,2197,7.854897321428572,17594.97,11.225701943844491,1.0774410774410774,1.0567580567580568
2025-10-21,2052,9871,18536,2217,2174,7.769986468200271,17226.06,11.070349589987053,1.0804093567251463,1.0594541910331383
2025-10-22,2017,9853,18576,2179,2134,7.858031206975678,17122.65,10.858096468561584,1.0803173029251363,1.0580069410014874
2025-10-23,2000,9843,18623,2133,2092,7.661729957805907,16342.47,10.73940825860495,1.0665,1.046
2025-10-24,1995,9834,18658,2148,2099,8.006447858472997,17197.85,10.692464358452138,1.0766917293233083,1.0521303258145362
2025-10-25,2039,9841,18685,2175,2145,7.682744827586207,16709.97,10.912496655070912,1.066699362432565,1.0519862677783227
2025-10-26,2073,9885,18705,2218,2182,7.869183949504057,17453.85,11.082598235765838,1.0699469368065606,1.0525808007718283
2025-10-27,1940,9835,18744,2081,2042,7.840951465641519,16317.02,10.349978659837815,1.072680412371134,1.052577319587629
2025-10-28,2056,9880,18751,2212,2167,7.723639240506328,17084.69,10.964748546744174,1.075875486381323,1.053988326848249
2025-10-29,2068,9927,18775,2208,2166,7.7619882246376815,17138.47,11.014647137150465,1.067698259187621,1.0473887814313345
2025-10-30,2057,9907,18808,2206,2165,7.92344968268359,17479.13,10.936835389196087,1.0724355858045698,1.0525036460865338
2025-10-31,2034,9986,18824,2192,2155,7.821906934306569,17145.62,10.805354866128347,1.0776794493608652,1.059488692232055
2025-11-01,2106,10043,18871,2272,2227,7.693441901408451,17479.5,11.159980923109533,1.0788224121557455,1.0574548907882242
2025-11-02,2049,10095,18906,2199,2168,7.851614370168258,17265.7,10.837829260552205,1.0732064421669107,1.0580771107857492
2025-11-03,2094,10197,18965,2230,2198,7.990502242152466,17818.82,11.041392037964672,1.0649474689589302,1.049665711556829
2025-11-04,2045,10164,18992,2197,2159,7.6682294037323615,16847.1,10.767691659646166,1.0743276283618581,1.0557457212713937
2025-11-05,2068,10138,19009,2245,2195,7.7901514476614695,17488.89,10.879057288652744,1.0855899419729207,1.061411992263056
2025-11-06,2051,10078,18990,2208,2171,7.669832427536233,16934.99,10.800421274354925,1.076548025353486,1.0585080448561677
2025-11-07,2081,10113,19019,2234,2195,7.989297224709042,17848.09,10.94168988905831,1.0735223450264295,1.0547813551177319
2025-11-08,2003,10037,19003,2144,2107,7.749780783582089,16615.53,10.540440983002684,1.0703944083874188,1.0519221168247628
2025-11-09,2020,10030,18995,2153,2117,7.527092429168602,16205.83,10.634377467754673,1.065841584158416,1.048019801980198
2025-11-10,2123,10002,19020,2309,2260,7.701390212213078,17782.51,11.161934805467927,1.0876118699952897,1.064531323598681
2025-11-11,2063,9987,19030,2223,2184,7.529608636977058,16738.32,10.840777719390436,1.0775569558894813,1.0586524478914203
2025-11-12,2089,10031,19047,2246,2206,7.934977738201246,17821.96,10.967606447209533,1.0751555768310197,1.0560076591670655
2025-11-13,2063,10025,19067,2215,2169,7.714099322799097,17086.73,10.819740913620391,1.0736791080950072,1.0513814832767814
2025-11-14,2077,10009,19107,2227,2190,7.905828468792096,17606.28,10.870361647563719,1.0722195474241696,1.0544053923928742
2025-11-15,2090,10119,19153,2236,2200,8.137965116279071,18196.49,10.912128648253537,1.0698564593301436,1.0526315789473684
2025-11-16,2104,10149,19163,2280,2228,7.6840438596491225,17519.62,10.979491728852476,1.0836501901140685,1.05893536121673
2025-11-17,2174,10172,19190,2344,2306,7.863805460750853,18432.76,11.32881709223554,1.078196872125115,1.0607175712971482
2025-11-18,2147,10142,19196,2307,2273,7.8828478543563065,18185.73,11.184621796207542,1.0745225896599906,1.0586865393572427
2025-11-19,2116,10141,19212,2274,2240,7.677418645558488,17458.45,11.01394961482407,1.0746691871455576,1.0586011342155008
2025-11-20,2024,10152,19229,2152,2117,7.902913568773234,17007.07,10.525768370690102,1.0632411067193677,1.0459486166007905
2025-11-21,2083,10156,19244,2232,2197,7.907948028673836,17650.54,10.82415298274787,1.071531445031205,1.0547287566010561
2025-11-22,2079,10116,19266,2232,2192,7.919099462365591,17675.43,10.791030831516661,1.0735930735930737,1.0543530543530544
2025-11-23,2069,10127,19272,2233,2187,7.770044782803403,17350.51,10.735782482357825,1.0792653455775738,1.05703238279362
2025-11-24,2111,10113,19283,2268,2230,7.862962962962963,17833.2,10.947466680495774,1.074372335386073,1.0563713879677878
2025-11-25,2129,10068,19259,2302,2248,7.95857080799305,18320.63,11.054571888467729,1.0812588069516205,1.0558947862846406
2025-11-26,2120,10084,19298,2252,2217,7.724440497335701,17395.44,10.985594362110064,1.0622641509433963,1.045754716981132
2025-11-27,2087,10149,19312,2260,2221,7.570013274336283,17108.23,10.80675227837614,1.082894106372784,1.06420699568759
2025-11-28,2157,10197,19335,2321,2269,7.872093925032314,18271.13,11.155934833204034,1.076031525266574,1.0519239684747335
2025-11-29,2071,10189,19336,2251,2214,7.844571301643715,17658.13,10.710591642532066,1.0869145340415258,1.0690487687107677
2025-11-30,2146,10251,19370,2318,2278,7.764956859361518,17999.17,11.078988125967992,1.0801491146318734,1.0615097856477167
2025-12-01,2184,10241,19383,2365,2317,8.075581395348838,19098.75,11.267605633802818,1.0828754578754578,1.060897435897436
2025-12-02,2155,10264,19396,2315,2275,7.687585313174945,17796.76,11.110538255310374,1.074245939675174,1.0556844547563806
2025-12-03,2215,10261,19414,2389,2342,7.916747593135203,18913.11,11.409292263315134,1.0785553047404064,1.0573363431151241
2025-12-04,2151,10298,19434,2328,2280,7.979768041237114,18576.9,11.068230935473911,1.0822873082287308,1.0599721059972107
2025-12-05,2186,10254,19446,2352,2306,7.952308673469388,18703.83,11.241386403373445,1.0759377859103385,1.0548947849954253
2025-12-06,2198,10321,19487,2379,2341,7.783724253888188,18517.48,11.27931441473803,1.0823475887170155,1.065059144676979
2025-12-07,2165,10337,19525,2353,2310,7.9456268593285175,18696.06,11.088348271446863,1.086836027713626,1.0669745958429562
2025-12-08,2090,10277,19531,2261,2223,7.862074303405573,17776.15,10.700936971993242,1.0818181818181818,1.0636363636363637
2025-12-09,2184,10309,19530,2373,2322,7.842229245680573,18609.61,11.182795698924732,1.0865384615384615,1.0631868131868132
2025-12-10,2195,10288,19536,2398,2344,7.802080900750625,18709.39,11.235667485667486,1.09248291571754,1.0678815489749431
2025-12-11,2206,10287,19544,2408,2354,7.889900332225914,18998.88,11.28735161686451,1.0915684496826836,1.0670897552130554
2025-12-12,2166,10295,19581,2348,2299,7.759791311754686,18219.99,11.061743526888309,1.0840258541089567,1.0614035087719298
2025-12-13,2122,10247,19602,2291,2247,7.759515495416848,17777.05,10.82542597694113,1.079641847313855,1.0589066918001886
2025-12-14,2163,10260,19639,2316,2286,7.944412780656303,18399.26,11.01379907327257,1.0707350901525658,1.056865464632455
2025-12-15,2173,10308,19646,2343,2305,7.819735381988903,18321.64,11.060775730428587,1.0782328578002762,1.0607455131155086
2025-12-16,2140,10352,19677,2322,2276,7.855594315245478,18240.69,10.875641612034356,1.0850467289719625,1.063551401869159
2025-12-17,2197,10320,19674,2366,2309,7.627578191039729,18046.85,11.167022466199045,1.0769230769230769,1.050978607191625
2025-12-18,2231,10301,19698,2411,2368,7.677129821650768,18509.56,11.32602294649203,1.080681308830121,1.0614074406095921
2025-12-19,2170,10310,19693,2329,2293,7.781416917131815,18122.92,11.019143858223735,1.0732718894009217,1.0566820276497695
2025-12-20,2292,10374,19713,2479,2441,7.853061718434853,19467.74,11.626845229036677,1.081588132635253,1.0650087260034904
2025-12-21,2190,10375,19727,2393,2340,7.687129126619306,18395.3,11.101535965935012,1.0926940639269407,1.0684931506849316
2025-12-22,2231,10405,19761,2404,2354,7.829118136439268,18821.2,11.289914478012246,1.0775437023756163,1.0551322277005828
2025-12-23,2215,10457,19787,2393,2334,7.738065190137902,18517.19,11.19421842623945,1.0803611738148984,1.05372460496614
2025-12-24,2197,10433,19778,2408,2350,7.757749169435216,18680.66,11.108302153908383,1.0960400546199363,1.0696404187528448
2025-12-25,2225,10443,19802,2397,2344,7.77171464330413,18628.8,11.236238763761236,1.077303370786517,1.0534831460674157
2025-12-26,2232,10508,19801,2423,2378,7.705262071811803,18669.85,11.272157971819604,1.085573476702509,1.0654121863799284
2025-12-27,2171,10477,19810,2374,2317,7.726276326874474,18342.18,10.959111559818274,1.0935052970981114,1.0672501151543068
2025-12-28,2280,10483,19811,2460,2423,7.956219512195122,19572.3,11.508757760839936,1.0789473684210527,1.062719298245614
2025-12-29,2201,10409,19840,2393,2346,7.736368575010448,18513.13,11.09375,1.0872330758746025,1.0658791458427987
2025-12-30,2216,10464,19815,2381,2346,7.712620747585048,18363.75,11.183446883673986,1.0744584837545126,1.0586642599277978
2025-12-31,2341,10532,19814,2533,2486,7.794828266877221,19744.3,11.81487836883012,1.082016232379325,1.0619393421614696
2026-01-01,2218,10529,19822,2366,2333,8.031935756551142,19003.56,11.18958732721219,1.066726780883679,1.051848512173129
2026-01-02,2330,10597,19835,2520,2462,7.921880952380953,19963.14,11.746912024199647,1.0815450643776825,1.0566523605150215
2026-01-03,2249,10671,19858,2440,2390,7.729741803278689,18860.57,11.325410413938966,1.084926634059582,1.0626945309026234
2026-01-04,2268,10677,19901,2462,2415,7.7767871649065805,19146.45,11.396412240590925,1.0855379188712522,1.0648148148148149
2026-01-05,2239,10720,19950,2432,2376,7.7435855263157904,18832.4,11.223057644110275,1.086199196069674,1.0611880303707013
2026-01-06,2248,10719,19969,2467,2413,7.960299959464938,19638.06,11.257449046021332,1.0974199288256228,1.0733985765124556
2026-01-07,2197,10642,20022,2417,2351,7.886859743483658,19062.54,10.97292977724503,1.1001365498406919,1.0700955848884843
2026-01-08,2260,10634,20060,2448,2397,7.8169812091503275,19135.97,11.266201395812562,1.0831858407079646,1.0606194690265487
2026-01-09,2186,10526,20074,2376,2328,7.791001683501682,18511.42,10.889708080103617,1.0869167429094235,1.0649588289112535
2026-01-10,2370,10564,20088,2562,2518,7.881693989071039,20192.9,11.798088410991635,1.081012658227848,1.0624472573839663
2026-01-11,2205,10507,20115,2391,2345,8.00276035131744,19134.6,10.961968680089486,1.0843537414965987,1.0634920634920635
2026-01-12,2283,10520,20143,2474,2428,7.877085691188359,19487.91,11.33396217048106,1.0836618484450284,1.0635129215943933
2026-01-13,2330,10553,20153,2524,2464,7.877543581616481,19882.92,11.561554111050464,1.0832618025751073,1.0575107296137338
2026-01-14,2249,10556,20181,2450,2402,7.814685714285714,19145.98,11.144145483375452,1.0893730546909737,1.0680302356602935
2026-01-15,2251,10547,20199,2461,2400,7.7939089800893955,19180.81,11.14411604534878,1.0932918702798755,1.0661928031985783
2026-01-16,2323,10623,20213,2556,2489,7.714424882629108,19718.07,11.492603769851085,1.1003013344812742,1.071459319845028
2026-01-17,2320,10621,20253,2535,2480,7.814224852071006,19809.06,11.455093072631215,1.0926724137931034,1.0689655172413792
2026-01-18,2260,10647,20266,2483,2431,7.665924285138946,19034.49,11.151682621138853,1.0986725663716814,1.0756637168141594
2026-01-19,2330,10602,20265,2549,2490,7.659682228324833,19524.53,11.49765605724155,1.093991416309013,1.0686695278969958
2026-01-20,2301,10605,20272,2538,2479,7.613664302600473,19323.48,11.35063141278611,1.1029986962190352,1.0773576705780095
2026-01-21,2262,10632,20285,2454,2402,7.73559902200489,18983.16,11.151096869608084,1.0848806366047745,1.061892130857648
2026-01-22,2364,10687,20340,2604,2551,7.879247311827958,20517.56,11.622418879056047,1.101522842639594,1.0791032148900168
2026-01-23,2343,10685,20363,2587,2529,7.900316969462698,20438.12,11.506163139026667,1.1041399914639352,1.0793854033290653
2026-01-24,2303,10659,20362,2520,2470,7.93136111111111,19987.03,11.310283862096062,1.094224924012158,1.07251411202779
2026-01-25,2333,10671,20337,2548,2494,7.698277080062794,19615.21,11.4717018242612,1.0921560222888984,1.0690098585512215
2026-01-26,2304,10674,20374,2538,2475,7.909814814814815,20075.11,11.30853048002356,1.1015625,1.07421875
2026-01-27,2355,10674,20388,2598,2535,7.835150115473442,20355.72,11.550912301353737,1.1031847133757962,1.0764331210191083
2026-01-28,2368,10739,20424,2581,2527,7.727388609066253,19944.39,11.594202898550725,1.0899493243243243,1.0671452702702702
2026-01-29,2402,10756,20443,2632,2573,7.8185714285714285,20578.48,11.74974318837744,1.0957535387177353,1.0711906744379684
2026-01-30,2386,10783,20439,2625,2556,7.763165714285715,20378.31,11.673760947208768,1.1001676445934618,1.071248952221291
2026-01-31,2344,10802,20435,2590,2532,7.960162162162162,20616.82,11.470516271103499,1.1049488054607508,1.0802047781569966
2026-02-01,2335,10798,20396,2571,2508,7.740186697782964,19900.02,11.448323200627573,1.1010706638115633,1.0740899357601712
2026-02-02,2382,10844,20406,2604,2538,7.7964861751152075,20302.05,11.673037341958247,1.093198992443325,1.0654911838790933
2026-02-03,2350,10816,20405,2580,2514,7.937286821705427,20478.2,11.516785101690761,1.097872340425532,1.0697872340425532
2026-02-04,2305,10755,20421,2524,2458,7.703557844690966,19443.78,11.287400225258311,1.0950108459869847,1.0663774403470716
2026-02-05,2275,10710,20416,2523,2455,7.95147839873167,20061.58,11.143221003134796,1.109010989010989,1.079120879120879
2026-02-06,2322,10663,20443,2569,2504,7.838330089528999,20136.67,11.358411192095094,1.1063738156761413,1.0783807062876831
2026-02-07,2315,10673,20450,2535,2469,7.724556213017752,19581.75,11.320293398533007,1.0950323974082072,1.066522678185745
2026-02-08,2312,10658,20475,2546,2473,7.681465043205026,19557.01,11.291819291819293,1.1012110726643598,1.069636678200692
2026-02-09,2376,10644,20475,2618,2559,7.964362108479756,20850.7,11.604395604395606,1.1018518518518519,1.077020202020202
2026-02-10,2315,10653,20462,2553,2489,7.819945162553858,19964.32,11.313654579220017,1.1028077753779697,1.0751619870410367
2026-02-11,2397,10663,20475,2647,2575,7.892327162825842,20890.99,11.706959706959708,1.1042970379641217,1.0742594910304548
2026-02-12,2367,10705,20512,2598,2537,7.733622016936105,20091.95,11.53958658346334,1.097591888466413,1.0718208702999577
2026-02-13,2309,10651,20502,2547,2478,7.934291323125245,20208.64,11.262315871622281,1.1030749242096145,1.0731918579471633
2026-02-14,2378,10721,20531,2603,2539,7.843526699961583,20416.7,11.582485022648678,1.0946173254835996,1.067703952901598
2026-02-15,2365,10718,20549,2613,2541,7.8368848067355525,20477.78,11.509075867438805,1.104862579281184,1.0744186046511628
2026-02-16,2378,10725,20577,2651,2577,7.677144473783478,20352.11,11.556592311804442,1.114802354920101,1.0836837678721616
2026-02-17,2377,10716,20576,2612,2552,7.862354517611027,20536.47,11.552293934681183,1.0988641144299538,1.07362221287337
2026-02-18,2449,10739,20597,2718,2633,7.822259013980869,21260.9,11.890081079768898,1.1098407513270723,1.0751327072274397
2026-02-19,2386,10757,20601,2645,2568,7.823739130434783,20693.79,11.581962040677638,1.108549874266555,1.0762782900251466
2026-02-20,2481,10807,20618,2765,2684,7.8417974683544305,21682.57,12.033174895722185,1.1144699717855704,1.0818218460298268
2026-02-21,2436,10825,20582,2691,2634,7.810419918246005,21017.84,11.83558449130308,1.104679802955665,1.0812807881773399
2026-02-22,2383,10795,20601,2638,2559,7.947395754359363,20965.23,11.567399640794136,1.1070079731430968,1.0738564834242552
2026-02-23,2482,10820,20616,2754,2678,7.6268881626724765,21004.45,12.03919285991463,1.1095890410958904,1.0789685737308623
2026-02-24,2438,10900,20597,2710,2636,7.69880073800738,20863.75,11.836675243967568,1.1115668580803937,1.081214109926169
2026-02-25,2535,10866,20638,2817,2743,7.689052183173589,21660.06,12.283166973543947,1.1112426035502958,1.082051282051282
2026-02-26,2474,10909,20665,2781,2698,7.787619561308881,21657.37,11.971933220421002,1.124090541632983,1.0905416329830235
2026-02-27,2395,10846,20663,2676,2601,7.759013452914798,20763.12,11.590766103663555,1.1173277661795407,1.0860125260960334
2026-02-28,2359,10773,20665,2606,2542,7.844969301611666,20443.99,11.41543672876845,1.1047053836371343,1.0775752437473505
2026-03-01,2450,10874,20683,2728,2647,7.633299120234604,20823.64,11.845476961756031,1.113469387755102,1.0804081632653062
2026-03-02,2427,10848,20704,2717,2642,7.80449024659551,21204.8,11.722372488408036,1.119489081170169,1.088586732591677
2026-03-03,2500,10865,20730,2789,2722,8.00010397992112,22312.29,12.0598166907863,1.1156,1.0888
2026-03-04,2459,10810,20706,2704,2645,7.752555473372781,20962.91,11.87578479667729,1.0996339975599838,1.0756405042700286
2026-03-05,2437,10822,20712,2676,2607,7.756408819133035,20756.15,11.766125917342602,1.0980713992613869,1.0697578990562167
2026-03-06,2438,10859,20733,2716,2638,7.7998674521354925,21184.44,11.75903149568321,1.11402789171452,1.0820344544708778
2026-03-07,2478,10865,20798,2726,2653,7.952626559060895,21678.86,11.914607173766708,1.1000807102502017,1.0706214689265536
2026-03-08,2549,10849,20826,2804,2736,7.862286019971469,22045.85,12.239508306924037,1.1000392310710083,1.0733621027854061
2026-03-09,2412,10841,20824,2693,2611,7.683082064611957,20690.54,11.5827890895121,1.1165008291873963,1.0825041459369817
2026-03-10,2381,10788,20845,2639,2574,7.623546798029557,20118.54,11.422403454065723,1.1083578328433432,1.0810583788324233
2026-03-11,2457,10785,20822,2740,2657,7.801200729927007,21375.29,11.800019210450486,1.1151811151811153,1.0814000814000815
2026-03-12,2442,10736,20805,2757,2667,7.7264671744649975,21301.87,11.737563085796683,1.128992628992629,1.0921375921375922
2026-03-13,2566,10787,20829,2862,2777,7.843815513626835,22449.0,12.319362427384895,1.1153546375681995,1.0822291504286827
2026-03-14,2437,10802,20821,2705,2629,7.723914972273567,20893.19,11.70452908121608,1.1099712761592122,1.0787853918752566
2026-03-15,2496,10701,20827,2804,2720,7.8430741797432235,21991.98,11.98444327075431,1.123397435897436,1.0897435897435896
2026-03-16,2509,10725,20857,2797,2719,7.778437611726851,21756.29,12.02953444886609,1.1147867676365086,1.0836986847349541
2026-03-17,2583,10834,20901,2885,2800,7.907653379549394,22813.58,12.358260370317211,1.1169183120402633,1.084010840108401
2026-03-18,2499,10861,20926,2811,2732,7.892771255780861,22186.58,11.942081620950013,1.1248499399759904,1.0932372949179672
2026-03-19,2475,10914,20969,2742,2674,7.751294675419402,21254.05,11.803137965568219,1.107878787878788,1.0804040404040405
2026-03-20,2487,10856,20965,2791,2713,7.784059476890004,21725.31,11.86262818984021,1.1222356252513068,1.0908725371934056
2026-03-21,2469,10877,21018,2799,2721,7.876052161486245,22045.07,11.747073936625748,1.1336573511543135,1.1020656136087486
2026-03-22,2472,10922,21005,2764,2690,7.826128798842257,21631.42,11.768626517495834,1.1181229773462784,1.088187702265372
2026-03-23,2466,10859,20967,2778,2693,7.906958243340532,21965.53,11.761339247388754,1.1265206812652069,1.0920519059205192
2026-03-24,2516,10792,20982,2814,2733,7.568109452736318,21296.66,11.991230578591173,1.118441971383148,1.086248012718601
2026-03-25,2577,10826,20991,2883,2809,7.751075268817204,22346.35,12.276690010004288,1.118742724097788,1.0900271633682577
2026-03-26,2520,10814,20957,2834,2751,7.793376852505293,22086.43,12.024621844729683,1.1246031746031746,1.0916666666666666
2026-03-27,2606,10862,20962,2932,2841,7.842602319236016,22994.51,12.432019845434596,1.1250959324635457,1.090176515732924
2026-03-28,2541,10835,20966,2846,2759,7.9153794799718895,22527.17,12.119622245540398,1.1200314836678473,1.085792994883904
2026-03-29,2507,10832,20946,2856,2739,7.850238095238095,22420.28,11.968872338393965,1.1392102114080573,1.0925408855205425
2026-03-30,2441,10757,20950,2761,2676,7.6778051430641066,21198.42,11.651551312649165,1.1310938140106515,1.096272019664072
2026-03-31,2532,10801,20951,2838,2749,7.707593375616632,21874.15,12.085341988449239,1.1208530805687205,1.0857030015797788
2026-04-01,2549,10769,20942,2892,2797,7.801272475795297,22561.28,12.171712348390793,1.134562573558258,1.0972930561004315
2026-04-02,2516,10810,20960,2824,2727,7.896455382436261,22299.59,12.00381679389313,1.12241653418124,1.0838632750397457
2026-04-03,2644,10791,20962,2974,2870,7.657360457296571,22772.99,12.613300257609005,1.1248108925869895,1.0854765506807866
2026-04-04,2544,10845,20965,2862,2774,7.669633123689728,21950.49,12.134509897448128,1.125,1.0904088050314464
2026-04-05,2447,10863,20999,2756,2677,7.708595791001451,21244.89,11.65293585408829,1.1262770739681243,1.0939926440539436
2026-04-06,2605,10903,21001,2932,2843,7.7093246930422925,22603.74,12.404171229941431,1.12552783109405,1.091362763915547
2026-04-07,2449,10808,21003,2774,2679,7.719729632299927,21414.53,11.660239013474266,1.1327072274397714,1.0939158840342997
2026-04-08,2600,10829,21045,2959,2878,7.6136228455559305,22528.71,12.35447849845569,1.138076923076923,1.106923076923077
2026-04-09,2623,10862,21052,3004,2898,7.7120672436751,23167.05,12.459623788713662,1.1452535264963781,1.1048417842165459
2026-04-10,2588,10834,21066,2955,2850,7.800886632825719,23051.62,12.285198898699326,1.1418083462132922,1.1012364760432767
2026-04-11,2589,10870,21121,2933,2840,7.846038186157518,23012.43,12.257942332275935,1.1328698339127077,1.096948628814214
2026-04-12,2536,10877,21135,2892,2799,7.862769709543569,22739.13,11.999053702389402,1.140378548895899,1.1037066246056781
2026-04-13,2645,10890,21148,3013,2908,7.809960172585463,23531.41,12.507092869302062,1.1391304347826088,1.0994328922495273
2026-04-14,2560,10893,21159,2941,2825,7.7236042162529746,22715.12,12.098870457015927,1.148828125,1.103515625
2026-04-15,2536,10841,21171,2898,2789,7.790600414078675,22577.16,11.97865004014926,1.1427444794952681,1.099763406940063
2026-04-16,2527,10805,21140,2887,2778,7.820734326290267,22578.46,11.95364238410596,1.1424614166996439,1.0993272655322517
2026-04-17,2568,10823,21120,2929,2832,7.707702287470126,22575.86,12.15909090909091,1.1405763239875388,1.102803738317757
2026-04-18,2548,10759,21132,2904,2798,7.759769283746556,22534.37,12.057543062653796,1.139717425431711,1.098116169544741
2026-04-19,2603,10805,21158,2956,2876,7.596644113667118,22455.68,12.3026751110691,1.1356127545140222,1.104878985785632
2026-04-20,2565,10839,21179,2928,2833,7.791762295081967,22814.28,12.111053401954766,1.1415204678362574,1.1044834307992202
2026-04-21,2581,10820,21207,2983,2873,7.9255916862219244,23642.04,12.170509737350875,1.1557535838822162,1.1131344440139481
2026-04-22,2617,10828,21226,3012,2901,7.718728419654715,23248.81,12.329218882502591,1.1509361864730607,1.1085212074894917
2026-04-23,2642,10849,21222,3051,2930,7.826440511307768,23878.47,12.449345019319574,1.1548069644208934,1.109008327024981
2026-04-24,2573,10852,21194,2982,2854,7.8285479543930245,23344.73,12.140228366518826,1.1589584143023708,1.1092110376991837
2026-04-25,2655,10852,21215,3052,2936,7.929043250327654,24199.44,12.514730143766203,1.1495291902071563,1.1058380414312619
2026-04-26,2631,10889,21231,3037,2910,7.849022061244649,23837.48,12.392256605906457,1.154313949068795,1.1060433295324972
2026-04-27,2597,10890,21282,3005,2875,7.966046589018303,23937.97,12.202800488675877,1.157104351174432,1.1070465922217945
2026-04-28,2564,10817,21275,2980,2847,7.875308724832214,23468.42,12.051703877790834,1.1622464898595943,1.110374414976599
2026-04-29,2548,10716,21283,2975,2852,7.688168067226891,22872.3,11.971996429074848,1.1675824175824177,1.119309262166405
2026-04-30,2576,10653,21257,3006,2893,7.820582168995342,23508.67,12.118361010490663,1.1669254658385093,1.12305900621118
2026-05-01,2579,10625,21248,2990,2876,7.795966555183946,23309.94,12.13761295180723,1.159364094610314,1.1151609150833657
2026-05-02,2652,10627,21266,3056,2957,7.883223167539267,24091.13,12.470610363961253,1.152337858220211,1.1150075414781297
2026-05-03,2646,10623,21240,3064,2965,7.817274804177546,23952.13,12.45762711864407,1.1579743008314436,1.120559334845049
2026-05-04,2588,10657,21241,3006,2881,7.799065202927479,23443.99,12.183983804905607,1.1615146831530139,1.1132148377125193
2026-05-05,2591,10617,21215,3060,2932,7.865921568627451,24069.72,12.213056799434362,1.1810111925897337,1.131609417213431
2026-05-06,2625,10622,21202,3107,2979,7.933646604441583,24649.84,12.380907461560229,1.1836190476190476,1.1348571428571428
2026-05-07,2621,10678,21237,3108,2971,7.87070785070785,24462.16,12.341667843857419,1.1858069439145364,1.1335368180083938
2026-05-08,2652,10707,21180,3136,3000,7.679588647959183,24083.19,12.521246458923512,1.1825037707390649,1.1312217194570136
2026-05-09,2673,10697,21162,3123,3003,7.926967659301953,24755.92,12.631131273036575,1.1683501683501682,1.123456790123457
2026-05-10,2693,10712,21139,3165,3025,7.799434439178515,24685.21,12.73948625762808,1.175269216487189,1.123282584478277
2026-05-11,2636,10665,21099,3122,2973,7.801188340807175,24355.31,12.493483103464618,1.184370257966616,1.127845220030349
2026-05-12,2657,10713,21109,3131,2986,7.789112104758862,24387.71,12.58704817850206,1.1783966879939782,1.12382386149793
2026-05-13,2614,10720,21116,3067,2923,7.70177698076296,23621.35,12.379238492138663,1.1732976281560827,1.1182096403978576
2026-05-14,2573,10658,21134,3027,2902,7.687707300958044,23270.69,12.174694804580296,1.1764477263894286,1.127866303925379
2026-05-15,2644,10667,21112,3104,2974,7.772029639175258,24124.38,12.523683213338385,1.1739788199697427,1.1248108925869895
2026-05-16,2648,10650,21117,3134,2994,7.860140395660498,24633.68,12.539659989581853,1.183534743202417,1.1306646525679758
2026-05-17,2611,10611,21102,3069,2946,7.71374714890844,23673.49,12.373234764477301,1.1754117196476446,1.1283033320566833
2026-05-18,2739,10667,21120,3227,3077,7.852035946699721,25338.52,12.968750000000002,1.1781672143117927,1.1234027017159547
2026-05-19,2635,10629,21126,3126,2989,7.758666026871401,24253.59,12.47278235349806,1.1863377609108159,1.1343453510436432
2026-05-20,2531,10601,21121,3024,2887,7.880205026455027,23829.74,11.983334122437386,1.194784670090873,1.1406558672461478
2026-05-21,2632,10604,21132,3124,2978,7.792391165172855,24343.43,12.455044482301721,1.1869300911854104,1.1314589665653496
2026-05-22,2702,10601,21138,3237,3090,7.732613531047266,25030.47,12.782666288201344,1.1980014803849002,1.1435973353071798
2026-05-23,2651,10579,21130,3188,3027,7.543334378920954,24048.15,12.546142924751539,1.2025650697849868,1.1418332704639758
2026-05-24,2721,10569,21103,3254,3102,7.665568531038721,24943.76,12.893901341041559,1.1958838662256523,1.1400220507166483
2026-05-25,2689,10536,21116,3204,3061,7.8266011235955055,25076.43,12.734419397613184,1.1915210115284491,1.1383413908516178
2026-05-26,2703,10558,21099,3226,3086,7.750356478611284,25002.65,12.81103369827954,1.1934887162412136,1.1416944136145024
2026-05-27,2731,10604,21104,3305,3141,7.7233676248108925,25525.73,12.940674753601215,1.2101794214573416,1.1501281581838154
2026-05-28,2655,10569,21120,3192,3048,7.780714285714286,24836.04,12.571022727272727,1.2022598870056498,1.1480225988700565
2026-05-29,2694,10605,21150,3256,3083,7.874014127764128,25637.79,12.737588652482271,1.2086117297698589,1.1443949517446177
2026-05-30,2592,10568,21156,3175,3006,7.566151181102362,24022.53,12.251843448667046,1.2249228395061729,1.1597222222222223
2026-05-31,2700,10526,21193,3260,3097,7.734542944785276,25214.61,12.740055678761856,1.2074074074074075,1.147037037037037
2026-06-01,2694,10550,21198,3256,3095,7.792294226044226,25371.71,12.708746108123409,1.2086117297698589,1.1488492947290274
2026-06-02,2671,10474,21193,3235,3077,7.975693972179289,25801.37,12.603218043693673,1.2111568700861102,1.152002995132909
2026-06-03,2706,10425,21155,3305,3136,7.8110620272314675,25815.56,12.791302292602222,1.221359940872136,1.1589061345158906
2026-06-04,2724,10437,21146,3323,3171,7.868835389708095,26148.14,12.881868911378039,1.2198972099853158,1.1640969162995596
2026-06-05,2645,10406,21196,3240,3064,7.760728395061728,25144.76,12.47876957916588,1.2249527410207939,1.1584120982986768
2026-06-06,2689,10413,21185,3274,3083,7.7521258399511295,25380.46,12.692943120132169,1.2175529936779472,1.1465228709557456
2026-06-07,2690,10422,21196,3297,3126,7.729560206248104,25484.36,12.691073787507076,1.2256505576208179,1.1620817843866171
2026-06-08,2668,10368,21165,3331,3127,7.907364154908436,26339.43,12.605716985589416,1.2485007496251874,1.172038980509745
2026-06-09,2696,10389,21173,3314,3126,7.8913186481593245,26151.83,12.733197940773627,1.2292284866468843,1.1594955489614243
2026-06-10,2732,10396,21189,3392,3190,7.700807783018868,26121.14,12.893482467317948,1.2415812591508053,1.1676427525622255
2026-06-11,2681,10336,21131,3367,3158,7.792111672111672,26236.04,12.687520704178695,1.2558746736292428,1.1779186870570681
2026-06-12,2718,10314,21106,3429,3212,7.819305920093322,26812.4,12.877854638491423,1.2615894039735098,1.1817512877115526
2026-06-13,2757,10325,21117,3506,3274,7.753876212207644,27185.09,13.055831794288961,1.271672107363076,1.1875226695683714
2026-06-14,2668,10281,21124,3381,3160,7.810686187518486,26407.93,12.63018367733384,1.2672413793103448,1.184407796101949
2026-06-15,2747,10284,21131,3516,3272,7.804507963594995,27440.65,12.99985802848895,1.2799417546414271,1.1911175828176193
2026-06-16,2640,10215,21115,3345,3112,7.867124065769805,26315.53,12.502959981056122,1.2670454545454546,1.1787878787878787
2026-06-17,2678,10237,21091,3460,3213,7.789962427745665,26953.27,12.697359063107486,1.2920089619118746,1.1997759522031366
2026-06-18,2736,10261,21120,3542,3264,7.711857707509882,27315.4,12.954545454545455,1.2945906432748537,1.1929824561403508
2026-06-19,2771,10312,21144,3515,3298,7.85743385490754,27618.88,13.1053726825577,1.2684951281125947,1.1901840490797546
2026-06-20,2721,10292,21157,3553,3303,7.9792457078525185,28350.26,12.860991633974573,1.3057699375229694,1.2138919514884234
2026-06-21,2681,10255,21165,3489,3241,7.761705359701921,27080.59,12.667139144814552,1.3013800820589332,1.2088772845953002
2026-06-22,2699,10285,21175,3602,3290,7.702090505274847,27742.93,12.74616292798111,1.3345683586513524,1.218969988884772
2026-06-23,2723,10359,21167,3538,3268,7.877925381571509,27872.1,12.864364340719044,1.2993022401762762,1.2001468968049944
2026-06-24,2730,10330,21170,3585,3306,7.743096234309624,27759.0,12.895606991025035,1.3131868131868132,1.210989010989011
2026-06-25,2765,10300,21158,3614,3339,7.726527393469839,27923.67,13.068342943567446,1.3070524412296565,1.2075949367088608
2026-06-26,2726,10227,21195,3652,3341,7.872732749178533,28751.22,12.861523944326493,1.3396918561995599,1.2256052824651504
2026-06-27,2815,10228,21200,3732,3443,7.772942122186495,29008.62,13.278301886792454,1.3257548845470692,1.2230905861456483
2026-06-28,2695,10220,21196,3594,3297,7.83677796327212,28165.38,12.714663143989432,1.3335807050092765,1.2233766233766235
2026-06-29,2713,10160,21180,3656,3357,7.8023112691466086,28525.25,12.80925401322002,1.3475856984887578,1.2373755989679323
2026-06-30,2664,10101,21156,3669,3336,7.779533932951758,28543.11,12.592172433352241,1.3772522522522523,1.2522522522522523
2026-07-01,2819,10160,21172,3853,3499,7.809039709317415,30088.23,13.31475533723786,1.3667967364313587,1.2412202908832919
2026-07-02,2596,10069,21144,3613,3249,7.774096318848603,28087.81,12.277714718123345,1.3917565485362096,1.2515408320493067
2026-07-03,2594,10002,21097,3592,3229,7.862104677060134,28240.68,12.29558705029151,1.38473400154202,1.2447956823438704
2026-07-04,2582,9867,21018,3565,3202,7.815870967741936,27863.58,12.2847083452279,1.3807126258714175,1.2401239349341595
2026-07-05,2577,9829,20962,3507,3182,7.801351582549187,27359.34,12.293674267722546,1.360884749708964,1.2347691113698098
2026-07-06,2527,9821,20929,3374,3085,7.683304682868998,25923.47,12.074155478044817,1.335180055401662,1.220815195884448
2026-07-07,2531,9773,20843,3374,3079,7.922667457024304,26731.08,12.143165571174974,1.3330699328328723,1.2165152113789017
2026-07-08,2445,9619,20789,3175,2931,7.880507086614173,25020.61,11.761027466448603,1.2985685071574642,1.1987730061349693
2026-07-09,2411,9591,20746,3127,2886,7.7693220338983044,24294.67,11.62151740094476,1.296972210700954,1.1970136872666943
2026-07-10,2343,9581,20729,3046,2812,7.854412344057781,23924.54,11.30300545130011,1.3000426803243705,1.200170721297482
2026-07-11,2233,9491,20661,2840,2658,7.92825,22516.23,10.807802139296259,1.271831616659203,1.1903269144648454
2026-07-12,2313,9449,20624,2910,2699,7.73106529209622,22497.4,11.215089216446858,1.25810635538262,1.1668828361435366
2026-07-13,2226,9388,20591,2715,2555,7.884077348066299,21405.27,10.81054829780001,1.219676549865229,1.1477987421383649
2026-07-14,2107,9281,20530,2591,2431,7.963554612118873,20633.57,10.263029712615685,1.2297104888467014,1.1537731371618414
2026-07-15,2149,9246,20486,2593,2474,7.755595834940223,20110.26,10.49009079371278,1.206607724523034,1.1512331316891578
2026-07-16,2081,9167,20462,2493,2374,7.913337344564781,19727.95,10.17007135177402,1.1979817395482941,1.1407976934166266
2026-07-17,2082,9119,20443,2425,2323,7.772090721649485,18847.32,10.184415203248056,1.164745437079731,1.1157540826128722
2026-07-18,2005,9072,20406,2312,2235,7.5124826989619375,17368.86,9.825541507399786,1.1531172069825437,1.114713216957606
2026-07-19,2002,8980,20326,2326,2230,7.79287188306105,18126.22,9.849453901407065,1.161838161838162,1.1138861138861138
2026-07-20,1971,8929,20285,2256,2173,7.698169326241135,17367.07,9.716539314764603,1.1445966514459665,1.1024860476915272
2026-07-21,2017,8951,20243,2321,2228,7.708694528220595,17891.88,9.963938151459764,1.150718889439762,1.1046108081308874
2026-07-22,1773,8819,20175,2016,1955,7.8173611111111105,15759.8,8.788104089219331,1.1370558375634519,1.1026508742244783
2026-07-23,1771,8744,20125,2012,1943,7.841376739562625,15776.85,8.799999999999999,1.1360813099943534,1.0971202710333146
2026-07-24,1775,8686,20099,1948,1899,7.795071868583162,15184.8,8.831285138564107,1.0974647887323943,1.0698591549295775
2026-07-25,1770,8674,20081,1950,1898,7.640892307692307,14899.74,8.814302076589811,1.1016949152542372,1.072316384180791
2026-07-26,1751,8610,20015,1928,1874,7.619351659751038,14690.11,8.748438670996753,1.1010850942318675,1.0702455739577383
2026-07-27,1639,8511,19946,1772,1737,7.742432279909707,13719.59,8.21718640328888,1.0811470408785846,1.0597925564368518
2026-07-28,1645,8413,19923,1788,1752,7.714776286353468,13794.02,8.256788636249562,1.0869300911854103,1.0650455927051672
2026-07-29,1571,8358,19897,1684,1645,8.084061757719715,13613.56,7.895662662712971,1.071928707829408,1.047103755569701
2026-07-30,1555,8292,19836,1659,1634,7.64464135021097,12682.46,7.8392821133293005,1.0668810289389068,1.0508038585209003
2026-07-31,29629,29715,29853,147380,83373,7.801188899443615,1149739.22,99.24965665092286,4.974180701339903,2.8138985453440886
