user_id,Authentication,Billing,Collaboration,File Management,Onboarding,Project Management,Reporting,Support,Task Management
U000001,10,2,7,1,0,6,0,2,16
U000002,9,2,4,1,0,3,0,3,14
U000003,13,4,0,2,6,4,1,0,21
U000004,9,3,5,2,0,6,1,1,15
U000005,18,5,9,3,0,4,0,1,30
U000006,14,4,4,3,7,6,2,4,18
U000007,15,2,7,9,0,9,0,1,22
U000008,12,1,1,1,1,5,0,0,13
U000009,18,1,4,2,4,6,0,0,10
U000010,21,2,9,3,2,10,2,1,20
U000011,12,2,7,1,6,6,3,1,16
U000012,18,1,9,4,0,6,0,2,28
U000013,9,0,6,1,0,6,2,0,16
U000014,5,1,3,6,0,1,2,1,19
U000015,6,0,1,2,2,2,0,0,16
U000016,11,2,5,2,0,5,1,2,19
U000017,19,7,8,4,0,5,4,2,23
U000018,16,0,2,3,1,9,0,1,15
U000019,14,5,6,2,0,3,2,2,15
U000020,22,6,10,3,2,8,2,1,26
U000021,8,0,3,1,5,1,1,0,13
U000022,7,0,4,1,0,10,1,1,18
U000023,10,1,6,1,0,2,3,1,15
U000024,10,2,5,1,2,2,0,1,11
U000025,14,0,6,2,0,4,1,0,13
U000026,9,2,6,0,0,10,2,1,26
U000027,22,8,6,2,0,12,1,2,30
U000028,7,3,3,3,0,8,0,3,13
U000029,21,2,6,1,0,5,2,2,24
U000030,11,0,2,1,1,5,0,0,9
U000031,14,2,9,0,4,5,0,1,17
U000032,4,4,5,3,3,4,1,0,16
U000033,14,1,5,2,0,11,4,0,16
U000034,10,1,5,1,0,4,0,0,14
U000035,22,1,5,4,0,5,0,0,12
U000036,10,4,4,1,0,7,2,3,18
U000037,11,0,5,3,3,8,0,1,14
U000038,16,5,6,1,0,9,1,3,30
U000039,10,3,3,4,0,4,0,3,13
U000040,9,2,3,5,0,5,2,1,25
U000041,13,6,8,4,1,9,0,0,25
U000042,9,1,6,3,0,7,0,1,11
U000043,10,2,8,6,0,6,0,2,21
U000044,10,1,8,2,0,5,2,1,21
U000045,13,1,8,5,0,6,1,1,20
U000046,19,4,14,3,0,6,0,1,29
U000047,18,4,4,5,0,3,1,0,20
U000048,14,1,4,1,0,5,1,1,17
U000049,11,0,2,3,1,4,0,2,20
U000050,6,0,2,3,4,5,1,0,11
U000051,27,3,3,2,0,8,2,0,23
U000052,8,1,6,6,0,3,0,2,15
U000053,19,0,6,5,0,6,2,1,19
U000054,13,1,3,1,1,1,1,2,10
U000055,13,1,0,4,2,5,3,0,20
U000056,7,2,8,3,3,1,0,0,9
U000057,10,1,6,3,4,5,1,3,17
U000058,14,0,6,3,0,5,0,1,20
U000059,4,3,4,2,1,2,3,1,13
U000060,5,0,8,1,0,5,0,3,18
U000061,16,1,3,3,2,7,1,0,20
U000062,16,0,4,4,2,5,3,3,15
U000063,16,1,4,3,0,4,0,0,12
U000064,10,1,4,2,4,2,0,2,4
U000065,15,0,3,2,0,2,0,1,13
U000066,13,1,3,0,0,1,1,0,15
U000067,19,3,7,8,0,5,2,2,29
U000068,15,1,4,2,0,4,0,0,10
U000069,10,4,6,4,0,6,0,1,22
U000070,24,2,4,3,0,7,2,3,24
U000071,10,0,5,1,2,2,0,0,11
U000072,15,1,4,4,1,9,1,0,36
U000073,16,6,10,4,0,7,1,0,15
U000074,15,1,4,2,1,6,1,1,13
U000075,14,2,18,6,1,11,1,2,24
U000076,14,3,9,1,0,4,0,0,24
U000077,16,0,6,1,0,8,1,1,18
U000078,17,3,10,8,0,8,2,2,25
U000079,9,1,5,1,0,3,0,0,10
U000080,22,4,7,2,0,7,0,0,24
U000081,14,1,6,4,0,3,0,1,20
U000082,11,1,4,5,2,3,1,0,14
U000083,16,2,3,3,1,3,1,1,33
U000084,13,1,4,5,0,8,1,0,10
U000085,14,3,5,3,0,3,1,2,14
U000086,12,0,3,2,1,2,2,0,15
U000087,13,1,2,1,0,6,1,0,17
U000088,16,5,5,2,0,9,0,1,23
U000089,12,1,3,4,0,9,1,0,27
U000090,11,0,9,1,0,4,0,1,22
U000091,8,2,6,0,1,7,3,2,16
U000092,10,5,4,4,1,3,1,0,22
U000093,7,0,6,0,0,1,2,0,15
U000094,13,4,5,0,5,3,1,0,15
U000095,9,1,5,2,1,3,1,0,14
U000096,12,6,5,5,5,3,0,1,24
U000097,8,0,2,5,0,11,2,1,16
U000098,18,1,5,6,0,5,0,2,26
U000099,9,4,8,1,2,6,5,1,19
U000100,16,0,2,1,3,1,0,0,14
U000101,11,2,10,2,5,3,1,0,16
U000102,7,1,3,3,4,6,3,2,12
U000103,17,3,11,2,8,5,2,0,27
U000104,18,4,3,2,0,5,3,0,27
U000105,14,2,1,3,1,6,3,0,22
U000106,7,2,2,4,0,8,0,1,28
U000107,22,3,5,1,2,4,2,1,16
U000108,9,4,8,4,4,9,0,1,16
U000109,6,0,3,0,3,4,0,0,13
U000110,14,3,3,2,4,6,2,0,16
U000111,14,7,4,4,1,9,1,1,20
U000112,17,5,8,3,0,6,0,1,26
U000113,9,2,5,1,2,5,0,1,16
U000114,10,2,9,4,0,3,1,1,15
U000115,8,2,4,3,0,1,2,0,13
U000116,12,0,5,2,0,0,1,1,14
U000117,12,2,7,3,0,9,2,2,20
U000118,8,0,6,5,0,3,2,2,11
U000119,12,3,6,5,3,2,0,1,27
U000120,13,1,12,1,0,5,3,0,14
U000121,15,4,4,2,2,2,0,1,23
U000122,18,3,4,3,0,7,0,0,26
U000123,13,2,7,3,0,8,0,2,15
U000124,10,3,4,3,5,5,1,0,16
U000125,15,3,6,3,0,9,2,3,20
U000126,10,1,5,2,1,3,1,2,15
U000127,9,2,3,1,0,3,1,0,15
U000128,17,5,4,5,0,3,0,3,15
U000129,5,0,6,1,3,2,0,0,17
U000130,14,3,4,2,1,5,1,4,32
U000131,19,5,11,0,0,2,2,0,27
U000132,14,2,4,4,0,5,1,2,21
U000133,18,1,8,4,2,6,1,0,24
U000134,10,4,6,5,0,2,1,0,28
U000135,19,5,8,1,0,3,1,2,31
U000136,11,0,7,3,0,4,0,3,20
U000137,8,0,3,5,5,5,0,1,18
U000138,15,1,10,2,1,9,1,2,29
U000139,9,1,8,0,4,2,0,0,13
U000140,8,1,4,0,1,3,2,0,12
U000141,5,0,4,2,3,6,0,0,13
U000142,15,1,7,4,0,5,1,2,34
U000143,3,2,3,5,1,7,1,0,15
U000144,6,2,3,1,1,7,1,0,17
U000145,14,2,2,0,1,12,1,1,17
U000146,16,2,2,1,0,3,2,0,20
U000147,11,0,9,7,1,8,1,0,23
U000148,19,5,7,1,1,12,1,0,20
U000149,6,1,3,0,3,2,0,1,9
U000150,9,1,5,0,0,7,2,1,20
U000151,15,5,3,3,1,5,2,0,16
U000152,14,3,4,3,0,3,1,1,23
U000153,12,0,5,3,0,6,1,1,21
U000154,11,5,10,6,1,5,2,1,29
U000155,5,3,4,3,5,9,1,1,17
U000156,14,3,6,3,0,4,2,1,33
U000157,12,8,8,9,0,11,1,1,26
U000158,16,1,6,3,2,6,5,0,19
U000159,15,3,4,6,0,5,0,2,21
U000160,14,1,4,2,1,3,2,0,17
U000161,11,3,5,4,0,3,1,0,22
U000162,11,0,4,3,7,1,2,1,13
U000163,7,1,4,0,0,2,2,1,17
U000164,6,0,3,4,3,2,0,0,11
U000165,11,3,6,2,1,5,0,0,23
U000166,15,0,2,3,0,4,3,0,19
U000167,15,0,6,2,0,9,1,0,21
U000168,13,1,3,4,4,8,3,0,22
U000169,11,1,6,3,0,4,1,0,8
U000170,13,2,4,2,0,3,1,1,18
U000171,17,6,5,4,0,5,4,1,23
U000172,13,0,5,0,0,0,3,1,17
U000173,17,6,10,6,0,9,1,3,20
U000174,13,0,6,2,0,1,1,0,14
U000175,16,6,8,1,3,7,3,3,13
U000176,8,1,6,1,0,3,1,0,23
U000177,18,0,6,0,1,4,2,0,17
U000178,12,1,7,3,1,3,0,1,20
U000179,11,2,4,1,0,2,1,2,19
U000180,20,2,9,2,1,7,1,1,26
U000181,8,0,3,2,0,7,0,2,23
U000182,18,1,7,1,0,13,2,1,20
U000183,7,4,3,5,0,11,4,1,18
U000184,12,4,3,3,0,3,0,2,25
U000185,16,2,5,6,0,3,1,1,22
U000186,10,2,5,1,0,2,0,5,13
U000187,11,4,8,2,3,5,1,2,26
U000188,17,5,6,6,0,11,2,0,23
U000189,17,2,5,1,1,7,1,0,17
U000190,23,3,13,4,0,12,3,1,35
U000191,15,4,10,3,1,6,0,3,28
U000192,11,2,2,1,2,2,1,0,10
U000193,12,1,3,2,0,2,0,1,18
U000194,7,0,6,1,3,6,0,0,10
U000195,9,3,4,1,0,3,1,0,12
U000196,16,2,4,1,0,6,4,1,22
U000197,16,3,7,6,0,0,0,1,12
U000198,17,3,6,4,6,3,1,1,22
U000199,10,1,5,2,0,7,2,1,17
U000200,12,0,1,4,1,8,0,0,27
U000201,5,0,7,2,0,2,1,0,20
U000202,13,4,6,4,0,5,1,0,22
U000203,16,4,6,4,0,6,0,0,20
U000204,10,3,9,1,0,9,1,0,22
U000205,10,3,7,2,2,4,0,1,21
U000206,15,3,10,2,0,8,3,0,22
U000207,18,3,4,6,1,7,2,0,26
U000208,8,0,8,2,0,8,0,1,20
U000209,18,4,9,3,1,7,1,0,17
U000210,18,5,4,5,1,6,0,1,26
U000211,10,2,4,2,4,3,1,2,15
U000212,15,1,4,3,0,4,3,0,14
U000213,14,0,3,2,0,4,0,0,20
U000214,17,0,15,1,1,8,2,1,24
U000215,16,2,8,6,0,4,0,0,30
U000216,15,2,5,4,0,13,0,0,16
U000217,16,2,5,5,1,3,0,1,20
U000218,9,1,1,1,0,5,0,0,10
U000219,4,0,1,1,5,0,1,1,6
U000220,9,3,4,1,3,3,1,1,22
U000221,13,4,1,3,0,7,1,2,25
U000222,17,2,3,6,1,4,0,1,33
U000223,12,2,5,3,0,8,1,1,30
U000224,6,2,3,4,1,7,0,0,17
U000225,5,0,4,0,5,3,1,2,16
U000226,18,1,6,6,0,7,1,2,28
U000227,9,2,4,3,0,4,3,1,14
U000228,13,2,8,3,0,8,2,0,21
U000229,18,1,3,2,0,4,1,1,17
U000230,15,2,8,4,0,6,2,2,28
U000231,18,6,6,4,0,7,1,1,21
U000232,16,0,9,2,3,6,1,1,25
U000233,20,1,4,3,0,7,1,2,22
U000234,12,1,4,4,0,5,3,2,15
U000235,23,1,4,4,1,2,2,1,21
U000236,19,3,6,8,0,7,1,3,23
U000237,7,0,2,3,2,1,0,0,6
U000238,11,1,2,3,0,3,0,2,17
U000239,19,0,5,3,1,6,2,0,31
U000240,12,4,9,3,1,7,3,1,28
U000241,15,4,3,3,0,6,0,2,24
U000242,15,3,5,4,2,7,1,0,15
U000243,13,0,4,4,0,7,4,0,22
U000244,12,0,9,0,0,6,1,0,18
U000245,10,4,6,2,1,8,0,0,10
U000246,22,2,1,4,0,4,0,1,27
U000247,11,1,5,4,0,1,2,0,22
U000248,2,0,4,2,4,5,0,0,11
U000249,14,1,6,2,5,4,0,1,27
U000250,6,0,7,4,3,3,1,0,13
U000251,11,1,4,3,0,3,0,1,25
U000252,19,3,3,2,0,5,1,1,34
U000253,11,0,8,2,1,5,2,2,9
U000254,10,0,6,1,0,9,1,1,27
U000255,16,2,10,5,1,12,2,0,18
U000256,12,4,9,3,0,6,0,0,24
U000257,13,3,7,4,0,6,1,2,23
U000258,19,1,7,3,0,5,2,2,13
U000259,25,9,8,2,1,5,0,2,28
U000260,9,3,6,1,0,7,3,0,29
U000261,19,0,7,1,0,6,0,1,20
U000262,5,0,3,4,2,6,1,0,11
U000263,13,1,6,0,0,12,1,3,21
U000264,10,0,5,4,0,4,2,1,15
U000265,11,0,3,0,1,1,2,0,10
U000266,13,1,9,5,0,6,2,1,15
U000267,15,0,4,1,1,8,1,0,20
U000268,18,4,6,3,0,2,3,1,30
U000269,14,2,9,2,1,4,3,2,25
U000270,18,4,7,4,1,6,1,0,18
U000271,8,0,5,2,0,4,0,0,14
U000272,11,2,5,3,0,11,0,1,17
U000273,7,1,7,5,2,4,3,2,17
U000274,8,0,0,4,1,2,1,1,8
U000275,12,0,1,2,0,4,3,1,18
U000276,13,7,8,3,0,7,3,0,30
U000277,9,0,3,2,4,6,1,1,17
U000278,10,4,3,1,0,4,0,3,21
U000279,18,4,3,2,7,8,2,4,24
U000280,12,4,4,2,1,9,1,0,29
U000281,8,4,7,2,4,2,0,0,21
U000282,19,5,7,5,0,5,0,1,22
U000283,18,4,7,2,0,5,0,1,24
U000284,9,1,7,2,1,5,0,0,18
U000285,13,1,5,2,0,5,0,1,29
U000286,11,1,3,3,0,2,1,0,25
U000287,18,3,5,4,0,7,3,3,26
U000288,12,0,5,4,0,5,2,0,23
U000289,23,2,9,5,0,1,3,2,22
U000290,7,3,7,3,0,2,0,2,20
U000291,14,2,9,1,0,4,2,1,17
U000292,9,1,3,2,0,1,1,3,9
U000293,12,1,5,2,0,5,3,0,16
U000294,14,2,5,3,1,3,1,2,22
U000295,19,3,8,2,1,8,0,0,24
U000296,11,0,5,2,0,8,0,1,15
U000297,16,4,4,1,2,2,0,2,25
U000298,13,3,1,4,0,8,1,0,23
U000299,8,0,14,2,1,12,3,1,23
U000300,20,4,4,4,0,8,1,2,21
U000301,14,3,7,6,0,6,4,1,28
U000302,20,2,9,6,0,8,3,2,25
U000303,7,1,5,1,3,0,0,1,17
U000304,10,1,2,3,1,2,0,2,13
U000305,7,2,7,2,5,8,1,0,20
U000306,10,0,5,4,1,3,0,0,21
U000307,18,4,10,3,1,6,3,2,33
U000308,5,0,4,0,6,2,0,2,7
U000309,11,3,4,4,0,6,0,0,29
U000310,18,6,5,5,0,9,1,2,37
U000311,13,4,5,5,0,4,3,0,21
U000312,12,4,7,1,1,8,0,0,21
U000313,11,4,8,1,0,7,0,1,23
U000314,12,2,1,3,0,4,1,1,13
U000315,6,0,10,2,0,5,1,1,18
U000316,6,3,9,2,0,3,1,1,18
U000317,7,0,4,3,1,1,1,1,10
U000318,10,2,4,3,0,6,1,3,20
U000319,9,1,7,2,0,7,0,1,7
U000320,15,3,10,4,3,9,1,0,18
U000321,12,7,8,5,0,5,1,1,22
U000322,9,5,6,5,1,2,2,1,18
U000323,7,1,7,1,1,4,0,0,21
U000324,11,4,9,3,0,3,2,0,27
U000325,14,4,2,5,0,10,1,2,32
U000326,11,1,3,5,0,3,1,1,20
U000327,14,1,7,6,0,10,1,2,24
U000328,7,0,4,3,0,2,1,2,17
U000329,9,2,1,1,0,3,1,1,18
U000330,12,6,6,1,4,7,2,2,19
U000331,5,0,4,2,0,5,0,0,17
U000332,21,3,12,4,0,6,2,1,40
U000333,16,2,4,7,0,7,1,1,40
U000334,10,0,7,2,2,3,2,0,18
U000335,11,2,6,3,0,8,2,0,16
U000336,20,2,5,6,0,5,0,0,27
U000337,8,2,4,3,0,6,3,0,22
U000338,12,1,3,1,0,6,0,1,15
U000339,18,5,7,4,1,9,2,0,16
U000340,13,3,8,5,0,4,2,0,25
U000341,13,1,4,2,0,0,0,0,27
U000342,14,3,6,6,1,7,2,1,21
U000343,13,3,8,0,1,9,2,0,19
U000344,16,7,6,2,2,10,1,1,24
U000345,24,2,7,3,0,13,2,2,36
U000346,11,1,7,1,4,3,1,1,25
U000347,11,4,7,7,11,6,4,2,15
U000348,4,0,4,1,3,3,0,0,12
U000349,13,3,3,5,0,5,4,0,22
U000350,8,0,6,6,0,2,0,5,25
U000351,4,2,6,1,0,5,0,1,11
U000352,11,4,8,6,4,2,1,2,21
U000353,9,2,1,5,1,5,3,0,22
U000354,6,0,3,2,4,7,0,1,16
U000355,6,1,4,3,0,4,0,1,17
U000356,14,7,12,3,0,3,2,0,33
U000357,14,3,3,3,1,2,1,3,26
U000358,10,0,7,3,0,5,1,1,18
U000359,18,3,6,5,0,6,3,0,43
U000360,10,0,1,1,4,2,1,3,16
U000361,14,5,8,1,0,4,0,1,27
U000362,8,6,9,3,1,5,0,1,13
U000363,9,0,4,3,3,5,0,2,9
U000364,10,0,7,3,1,2,1,1,20
U000365,10,4,3,7,1,8,2,0,22
U000366,7,1,5,2,0,6,0,1,15
U000367,10,0,4,0,2,4,2,0,13
U000368,10,0,4,2,0,6,1,1,14
U000369,14,2,4,4,0,4,0,1,14
U000370,13,2,6,3,0,7,0,2,22
U000371,10,0,9,0,1,5,1,0,15
U000372,10,0,6,3,2,2,2,1,13
U000373,11,2,8,2,0,2,0,1,13
U000374,18,3,7,2,0,2,1,0,21
U000375,22,5,7,9,0,6,0,1,33
U000376,6,0,4,1,0,2,0,1,13
U000377,14,0,5,2,0,6,4,1,18
U000378,20,2,4,3,0,9,2,1,16
U000379,20,5,7,3,0,9,1,0,30
U000380,14,1,1,5,0,8,1,0,20
U000381,13,6,7,4,0,5,3,2,24
U000382,17,6,5,0,0,6,1,0,28
U000383,8,0,4,3,0,4,0,0,11
U000384,16,1,5,3,0,6,3,1,28
U000385,9,1,2,0,1,4,1,2,15
U000386,23,2,7,5,2,11,2,1,27
U000387,5,0,6,3,0,4,2,1,17
U000388,11,0,3,2,0,3,4,0,12
U000389,13,3,3,3,5,1,2,0,28
U000390,10,1,4,6,1,5,1,0,14
U000391,22,3,6,7,0,11,2,1,40
U000392,18,2,6,4,0,10,2,1,23
U000393,11,1,9,2,0,4,1,0,21
U000394,9,1,2,1,3,6,0,0,5
U000395,17,8,5,5,0,6,2,1,23
U000396,10,1,2,2,0,2,2,1,3
U000397,8,1,5,2,5,7,1,0,16
U000398,11,7,6,2,1,10,2,2,24
U000399,11,1,8,2,0,2,1,0,21
U000400,16,5,8,7,2,5,1,0,24
U000401,14,6,13,4,0,1,2,0,29
U000402,10,4,8,4,0,5,1,0,27
U000403,18,4,4,2,1,9,1,0,26
U000404,8,5,7,2,0,6,0,0,20
U000405,9,3,2,3,2,4,0,2,12
U000406,15,1,2,2,0,8,2,2,16
U000407,12,1,5,5,0,1,1,0,13
U000408,10,2,6,3,0,1,2,1,17
U000409,14,1,8,2,0,5,0,1,21
U000410,26,4,6,7,0,10,3,3,27
U000411,19,6,8,5,0,7,1,1,21
U000412,7,3,6,5,1,6,1,1,15
U000413,18,5,11,5,0,13,1,1,32
U000414,13,2,11,2,0,6,1,2,30
U000415,11,5,4,2,0,6,2,0,21
U000416,13,3,0,4,0,7,3,1,27
U000417,7,1,8,7,0,3,4,1,16
U000418,13,4,10,1,0,5,3,0,23
U000419,5,0,2,2,2,8,0,1,16
U000420,18,2,9,2,3,3,3,3,21
U000421,13,6,4,2,1,6,0,2,22
U000422,10,0,3,0,1,8,0,1,12
U000423,4,1,4,2,3,3,2,0,16
U000424,17,1,7,3,5,5,1,0,22
U000425,9,1,1,1,5,7,0,2,13
U000426,23,3,6,7,0,7,1,2,25
U000427,14,2,6,1,0,9,0,2,23
U000428,7,1,4,1,2,5,3,0,19
U000429,16,3,3,3,0,3,3,0,19
U000430,7,0,3,1,3,7,0,1,13
U000431,13,5,4,2,0,6,1,1,17
U000432,15,0,7,1,0,4,0,1,17
U000433,7,5,12,3,0,8,1,1,25
U000434,11,0,9,3,0,7,3,1,13
U000435,8,2,3,0,1,8,0,0,17
U000436,11,3,7,3,0,6,2,1,29
U000437,12,0,2,3,0,6,0,0,16
U000438,10,5,6,3,0,4,1,2,26
U000439,9,0,1,0,4,5,0,1,12
U000440,16,6,10,4,1,7,2,1,28
U000441,13,1,5,1,0,3,1,0,18
U000442,21,4,10,4,0,1,0,1,25
U000443,12,2,6,4,1,9,1,0,21
U000444,13,1,4,4,3,6,0,0,26
U000445,9,0,8,0,0,6,2,3,39
U000446,11,2,4,5,0,5,0,0,21
U000447,8,1,5,0,4,4,1,1,14
U000448,11,2,6,3,1,5,1,1,16
U000449,7,0,6,2,0,2,1,1,15
U000450,11,2,3,0,0,5,2,2,23
U000451,7,3,7,2,1,2,0,0,11
U000452,20,5,8,1,1,5,4,5,29
U000453,15,4,7,4,1,6,1,1,26
U000454,6,2,9,1,1,4,0,2,12
U000455,18,5,4,5,0,4,2,2,28
U000456,8,1,6,0,0,6,1,3,19
U000457,16,2,4,4,4,1,0,1,15
U000458,16,2,6,5,0,5,2,3,25
U000459,15,7,4,3,0,4,3,1,26
U000460,9,1,4,2,1,4,1,2,19
U000461,9,0,3,3,3,6,3,1,12
U000462,9,1,5,3,0,5,3,0,22
U000463,9,0,1,2,0,5,0,1,17
U000464,8,0,6,3,1,1,1,1,21
U000465,6,2,7,2,1,2,2,0,14
U000466,13,1,6,5,1,3,1,0,20
U000467,11,1,4,3,0,2,1,0,17
U000468,10,1,8,3,0,7,0,0,19
U000469,6,1,2,2,0,3,0,2,21
U000470,20,2,8,4,1,4,1,0,19
U000471,18,6,6,4,0,3,1,1,25
U000472,11,3,11,4,5,9,1,3,16
U000473,11,1,11,6,0,6,1,0,23
U000474,13,4,7,6,0,7,4,2,26
U000475,5,1,3,3,1,5,2,0,13
U000476,8,1,4,1,7,2,0,1,11
U000477,12,4,1,3,1,6,1,0,26
U000478,23,4,14,4,0,5,0,0,31
U000479,13,1,2,1,0,6,2,0,25
U000480,16,2,5,2,0,7,0,1,17
U000481,11,0,11,6,4,4,3,1,30
U000482,17,0,3,2,0,3,1,0,21
U000483,19,2,10,5,0,3,1,1,29
U000484,9,1,4,3,0,0,1,2,16
U000485,13,0,4,3,0,4,0,1,21
U000486,17,2,11,0,3,5,3,1,13
U000487,3,0,1,4,6,4,1,1,13
U000488,21,4,8,2,0,4,1,1,21
U000489,11,0,9,1,1,1,1,2,19
U000490,12,1,5,2,1,5,3,1,15
U000491,5,1,1,2,0,2,0,2,15
U000492,15,2,7,3,0,8,1,2,10
U000493,10,0,4,1,1,6,2,2,22
U000494,15,1,3,2,0,3,1,2,13
U000495,10,5,8,0,1,10,0,1,25
U000496,16,3,6,2,1,9,0,0,30
U000497,13,6,3,2,1,13,2,0,24
U000498,18,2,7,2,1,7,3,1,27
U000499,9,4,6,3,5,8,3,0,12
U000500,8,0,6,1,0,1,3,3,13
U000501,14,0,6,1,0,8,1,0,20
U000502,6,0,3,3,0,6,0,0,22
U000503,9,0,5,2,0,3,1,0,28
U000504,12,3,9,2,0,8,1,4,36
U000505,14,4,9,3,1,10,4,0,24
U000506,7,3,8,4,0,11,1,0,21
U000507,11,4,4,3,0,4,2,0,16
U000508,19,6,5,2,0,4,0,2,30
U000509,4,1,4,1,2,2,0,1,9
U000510,16,1,4,3,0,4,2,2,27
U000511,13,0,3,1,6,7,0,3,13
U000512,11,4,5,1,0,9,1,0,21
U000513,15,5,4,5,0,5,4,0,22
U000514,8,0,1,2,0,5,1,0,21
U000515,8,0,5,0,1,5,0,0,14
U000516,16,2,9,4,1,6,0,1,14
U000517,19,6,9,3,0,2,1,0,34
U000518,12,7,6,5,0,8,2,1,24
U000519,9,1,5,4,0,4,2,0,19
U000520,20,4,4,2,0,5,0,1,30
U000521,22,2,4,5,2,9,0,1,25
U000522,6,0,5,2,5,6,0,2,8
U000523,9,1,5,4,0,9,0,1,32
U000524,18,8,9,1,1,6,0,0,22
U000525,3,1,3,1,0,7,2,0,10
U000526,18,5,7,1,1,6,2,3,30
U000527,14,3,4,0,0,7,2,0,16
U000528,18,1,3,0,0,4,1,1,20
U000529,14,0,7,1,3,3,0,0,23
U000530,7,3,7,7,0,10,0,0,21
U000531,18,6,7,2,3,7,1,1,21
U000532,4,0,1,1,1,2,0,1,7
U000533,18,1,6,4,1,6,1,0,12
U000534,12,7,5,0,0,8,1,0,23
U000535,12,0,3,2,4,5,2,0,18
U000536,15,1,3,1,1,4,0,1,9
U000537,18,5,4,2,0,6,0,1,23
U000538,12,4,3,2,0,6,1,1,21
U000539,27,7,7,8,0,10,2,1,23
U000540,9,2,0,2,0,3,0,1,15
U000541,16,2,6,5,0,6,0,1,21
U000542,18,8,7,5,0,3,1,4,31
U000543,11,0,7,0,1,2,1,0,18
U000544,18,2,2,2,0,3,0,1,26
U000545,10,3,1,2,0,5,2,0,17
U000546,10,1,3,1,1,3,1,0,14
U000547,15,4,7,2,0,8,1,0,20
U000548,11,2,6,2,0,7,1,0,34
U000549,15,7,3,2,1,9,0,2,32
U000550,22,6,6,6,0,6,3,1,24
U000551,9,0,4,2,0,7,0,0,25
U000552,12,2,6,0,0,5,2,2,23
U000553,9,0,7,7,0,3,0,1,24
U000554,14,2,8,4,2,5,1,2,28
U000555,13,5,5,2,0,6,2,1,24
U000556,12,2,1,2,1,1,2,1,25
U000557,13,5,5,4,1,13,1,1,20
U000558,14,2,4,4,0,5,2,1,21
U000559,11,1,2,3,1,6,0,1,15
U000560,13,3,3,6,0,3,1,2,18
U000561,14,3,7,5,4,7,2,0,12
U000562,19,1,3,3,0,2,0,2,17
U000563,17,4,3,3,0,6,0,1,17
U000564,13,3,7,5,1,9,1,1,27
U000565,10,0,6,3,0,6,0,0,17
U000566,11,0,3,2,1,0,0,1,8
U000567,9,1,3,2,1,4,0,1,16
U000568,7,0,7,3,0,6,1,2,22
U000569,10,2,4,2,0,4,1,1,22
U000570,5,1,6,1,3,0,0,2,14
U000571,17,0,8,6,1,6,0,1,12
U000572,9,0,5,1,2,7,2,1,18
U000573,16,0,5,3,6,7,0,1,22
U000574,13,0,4,4,1,3,2,1,9
U000575,12,0,4,0,0,3,1,1,17
U000576,11,2,5,1,0,3,1,3,31
U000577,18,7,7,3,0,7,3,2,34
U000578,14,3,8,3,0,6,0,0,22
U000579,13,2,3,3,5,5,4,2,20
U000580,11,4,4,2,0,8,0,0,23
U000581,14,0,3,2,0,7,1,0,19
U000582,11,4,5,3,0,5,2,0,21
U000583,12,0,3,0,1,1,1,1,9
U000584,13,5,5,6,1,4,1,3,24
U000585,9,3,10,3,2,3,2,1,23
U000586,19,3,8,4,1,10,1,0,30
U000587,9,4,1,2,5,5,3,1,17
U000588,11,0,1,2,0,6,0,1,19
U000589,14,0,8,2,1,8,0,0,15
U000590,10,1,9,0,1,1,2,1,27
U000591,13,1,1,1,0,6,0,1,19
U000592,8,0,10,3,1,4,0,2,13
U000593,16,0,4,3,0,4,1,2,18
U000594,8,2,7,0,0,4,0,0,14
U000595,13,5,8,3,0,6,1,1,20
U000596,11,0,4,5,0,7,0,1,19
U000597,25,4,9,6,0,6,0,1,30
U000598,15,2,3,3,1,4,1,1,18
U000599,6,1,3,3,0,6,1,0,15
U000600,9,0,1,1,0,1,1,0,10
U000601,17,2,9,5,1,10,3,1,35
U000602,14,0,4,3,0,5,3,1,14
U000603,8,3,1,1,5,6,1,1,15
U000604,7,1,5,6,2,7,1,1,15
U000605,11,5,10,2,0,1,0,1,22
U000606,14,1,6,1,0,4,1,1,23
U000607,15,1,11,1,1,2,1,2,26
U000608,8,4,12,1,1,1,0,4,19
U000609,11,4,5,4,1,6,0,0,22
U000610,16,1,9,3,2,4,0,1,18
U000611,14,9,4,2,0,5,1,2,15
U000612,7,1,8,4,0,3,0,1,14
U000613,11,6,11,4,0,5,2,1,28
U000614,10,0,3,1,1,5,0,0,9
U000615,8,0,3,3,0,8,2,0,9
U000616,11,1,4,1,8,4,0,0,10
U000617,11,2,4,2,1,4,0,2,12
U000618,9,3,2,2,2,3,1,2,15
U000619,9,1,6,2,0,6,2,2,18
U000620,11,3,6,2,0,8,0,0,27
U000621,8,0,2,2,3,4,1,0,12
U000622,15,2,14,1,0,3,3,1,25
U000623,11,1,7,2,0,4,1,0,19
U000624,16,2,5,5,0,4,2,1,30
U000625,12,0,3,1,0,7,0,0,18
U000626,14,0,4,2,2,5,0,0,11
U000627,4,1,0,2,6,4,2,0,12
U000628,14,2,9,2,0,4,0,0,17
U000629,13,0,1,2,0,1,0,1,6
U000630,14,0,9,5,1,5,1,0,12
U000631,7,0,3,1,1,0,1,2,13
U000632,10,6,8,4,0,5,2,0,14
U000633,13,2,5,3,4,12,0,1,24
U000634,14,5,4,2,0,3,1,0,18
U000635,7,2,5,3,3,3,1,1,16
U000636,12,1,8,2,4,3,3,3,16
U000637,15,2,3,4,1,9,2,0,29
U000638,15,2,0,5,0,6,1,3,17
U000639,12,0,3,1,0,8,0,0,14
U000640,9,1,5,5,0,2,2,1,18
U000641,14,0,2,0,1,7,2,1,11
U000642,20,4,3,3,0,8,1,0,25
U000643,19,4,9,5,0,3,2,0,27
U000644,11,0,1,1,1,5,0,4,17
U000645,4,0,2,5,4,3,0,0,7
U000646,13,0,7,1,0,2,2,1,15
U000647,7,0,3,2,8,1,3,1,16
U000648,13,3,6,2,0,4,0,1,11
U000649,14,3,9,2,0,3,0,1,26
U000650,12,3,2,1,0,4,1,1,14
U000651,9,1,6,2,0,7,0,0,24
U000652,11,1,6,4,1,7,3,0,29
U000653,5,6,9,3,1,2,1,2,18
U000654,12,1,4,2,1,4,1,2,15
U000655,10,1,5,3,0,3,0,2,15
U000656,9,0,7,3,2,5,1,0,23
U000657,18,3,2,1,2,4,1,1,19
U000658,13,4,9,5,2,4,1,2,25
U000659,15,1,6,2,0,8,0,2,19
U000660,25,2,10,1,0,6,0,3,21
U000661,27,4,13,2,0,8,4,3,28
U000662,9,4,3,1,2,4,2,0,17
U000663,8,3,7,5,1,11,0,1,22
U000664,10,4,4,1,6,9,2,0,16
U000665,19,3,6,2,1,7,1,1,20
U000666,16,2,10,2,0,4,3,2,22
U000667,15,1,8,2,0,5,1,1,19
U000668,9,0,5,6,0,3,0,1,12
U000669,9,0,1,2,7,6,0,0,7
U000670,7,1,2,2,0,3,1,0,19
U000671,9,1,6,2,1,4,2,1,20
U000672,16,4,6,5,0,12,1,2,29
U000673,9,1,2,0,3,4,1,1,10
U000674,8,1,7,4,6,9,0,2,20
U000675,15,1,9,1,1,7,1,0,16
U000676,19,3,6,4,1,4,3,2,23
U000677,15,2,10,5,0,3,3,0,26
U000678,12,1,6,4,2,1,0,1,8
U000679,13,1,4,3,1,10,0,1,28
U000680,15,0,8,2,0,3,1,0,14
U000681,12,0,4,1,0,6,2,0,22
U000682,23,3,4,5,0,6,2,1,30
U000683,10,5,5,1,4,3,1,1,10
U000684,11,5,5,0,2,7,0,2,20
U000685,19,10,8,3,0,9,0,1,24
U000686,10,2,1,1,1,3,1,0,25
U000687,8,6,7,3,2,5,0,0,23
U000688,8,0,0,3,0,3,0,0,20
U000689,12,0,3,2,0,2,2,0,16
U000690,8,2,9,5,1,3,1,2,16
U000691,15,0,7,3,0,3,1,0,17
U000692,4,0,1,3,6,3,0,0,4
U000693,12,4,8,2,0,5,0,0,27
U000694,14,3,5,2,1,9,1,2,17
U000695,14,3,3,4,0,3,2,2,14
U000696,11,1,3,2,3,3,0,2,19
U000697,15,0,7,3,0,2,3,0,25
U000698,17,1,9,1,3,6,1,1,17
U000699,13,2,5,4,1,5,0,1,20
U000700,11,1,5,1,2,9,2,3,20
U000701,13,5,6,2,1,5,0,2,18
U000702,9,0,8,4,0,7,3,0,22
U000703,6,0,3,2,1,5,2,1,14
U000704,19,1,7,2,0,6,1,0,13
U000705,18,1,11,2,0,5,2,1,18
U000706,15,3,9,1,0,5,2,2,23
U000707,19,0,3,5,0,4,0,0,17
U000708,8,1,10,0,0,4,0,2,12
U000709,9,1,7,4,2,10,0,2,15
U000710,16,2,7,2,0,6,1,0,16
U000711,19,5,6,1,0,8,1,1,23
U000712,15,5,14,3,0,6,1,2,20
U000713,15,5,5,4,1,13,0,1,22
U000714,12,1,10,2,1,4,1,0,15
U000715,10,2,8,2,1,7,1,1,21
U000716,6,2,3,2,0,3,0,1,13
U000717,10,5,8,4,0,4,0,0,15
U000718,11,3,5,4,1,5,2,1,16
U000719,17,5,5,6,0,10,3,1,21
U000720,9,0,8,2,0,4,0,1,15
U000721,5,0,6,2,1,2,0,1,14
U000722,10,1,4,2,2,2,3,0,14
U000723,11,0,6,6,0,5,1,1,25
U000724,12,1,5,9,4,3,1,2,21
U000725,16,0,4,2,0,3,0,2,22
U000726,17,2,4,2,1,10,2,1,22
U000727,18,4,7,2,0,8,1,2,22
U000728,14,8,5,6,1,3,0,0,18
U000729,9,0,4,2,0,5,1,1,14
U000730,13,3,9,3,6,4,1,0,13
U000731,15,1,8,4,0,1,1,1,25
U000732,18,4,7,4,0,7,0,3,30
U000733,11,0,5,3,0,2,1,3,16
U000734,18,4,3,4,0,5,3,1,30
U000735,8,10,2,2,0,5,2,1,26
U000736,13,0,5,4,0,3,1,0,26
U000737,15,2,7,4,0,5,2,0,25
U000738,8,2,2,2,2,3,2,1,11
U000739,9,0,4,5,0,6,1,2,17
U000740,20,3,7,1,0,4,3,3,22
U000741,11,1,8,8,0,9,2,0,24
U000742,7,2,4,5,0,3,1,0,17
U000743,8,1,3,3,0,2,1,0,19
U000744,12,0,3,0,1,2,0,0,13
U000745,6,2,4,1,1,5,1,3,22
U000746,18,3,5,4,0,6,1,1,30
U000747,11,1,3,0,0,6,0,4,16
U000748,15,0,4,1,0,8,0,1,25
U000749,10,3,7,3,0,7,1,3,15
U000750,10,2,9,1,1,4,1,1,19
U000751,15,3,7,1,1,3,0,2,23
U000752,20,1,6,6,1,9,1,0,27
U000753,13,0,4,2,0,5,1,4,18
U000754,19,6,6,4,0,10,1,0,23
U000755,18,3,6,5,0,5,2,2,18
U000756,11,2,7,2,0,9,0,1,31
U000757,24,2,7,3,1,9,2,0,28
U000758,7,1,6,3,0,6,1,4,18
U000759,8,5,2,4,0,5,3,0,21
U000760,14,3,7,2,1,8,1,0,24
U000761,11,2,7,2,0,1,2,1,14
U000762,11,0,6,2,0,6,1,0,20
U000763,12,3,10,3,3,6,1,1,11
U000764,14,1,3,0,0,3,0,1,19
U000765,6,0,4,0,0,6,0,1,13
U000766,8,2,8,1,0,8,2,0,16
U000767,19,6,7,4,2,8,3,0,22
U000768,14,7,5,3,0,8,1,1,21
U000769,1,1,3,2,2,3,0,0,10
U000770,2,2,4,3,0,2,0,2,15
U000771,13,1,2,4,2,2,0,0,15
U000772,16,1,5,3,1,3,2,0,31
U000773,10,8,5,4,0,4,3,0,35
U000774,9,5,7,3,5,8,2,2,17
U000775,12,2,3,4,0,2,0,0,12
U000776,8,0,7,4,1,6,0,2,16
U000777,8,0,11,3,0,3,0,0,14
U000778,9,4,7,5,1,9,3,1,15
U000779,8,0,7,1,0,3,1,2,17
U000780,9,1,5,6,1,8,0,1,26
U000781,13,2,5,4,1,4,1,1,27
U000782,20,3,3,1,0,9,2,0,30
U000783,14,4,5,2,3,6,1,1,19
U000784,5,1,1,2,0,5,1,0,17
U000785,18,0,3,3,0,7,1,1,17
U000786,24,0,6,2,0,1,2,0,17
U000787,23,2,9,0,1,10,2,1,24
U000788,15,0,7,3,0,7,1,0,10
U000789,16,4,6,5,1,3,0,2,25
U000790,12,1,4,2,0,7,0,3,17
U000791,18,1,4,1,0,6,3,0,29
U000792,12,3,7,0,2,5,1,0,18
U000793,10,9,7,6,0,2,0,0,28
U000794,9,2,7,3,0,4,2,0,20
U000795,15,3,4,4,3,8,1,0,29
U000796,27,2,10,8,0,4,1,1,19
U000797,12,1,5,2,0,3,1,0,14
U000798,8,3,2,2,0,5,1,0,15
U000799,14,3,2,1,1,3,2,0,20
U000800,11,3,3,2,3,7,0,0,22
U000801,14,2,5,2,0,7,3,2,16
U000802,12,4,6,1,0,3,0,1,22
U000803,7,2,8,2,0,4,0,0,19
U000804,14,0,4,1,0,5,1,2,14
U000805,7,5,6,2,7,5,2,1,15
U000806,13,0,5,2,0,9,0,1,10
U000807,14,2,3,7,0,2,1,0,20
U000808,15,4,3,2,1,7,1,0,22
U000809,14,0,8,3,1,5,0,2,11
U000810,17,1,3,4,1,5,2,1,16
U000811,13,0,4,3,1,7,1,2,16
U000812,14,0,5,6,1,2,1,0,13
U000813,8,2,3,1,4,4,1,1,17
U000814,14,0,6,6,0,6,2,1,18
U000815,15,0,6,5,1,7,0,2,24
U000816,11,0,4,4,0,5,0,0,29
U000817,9,0,7,3,1,4,1,0,14
U000818,11,0,5,2,0,5,1,0,29
U000819,7,1,3,1,3,2,0,0,19
U000820,18,3,6,4,0,10,1,2,24
U000821,24,1,9,2,0,2,1,2,21
U000822,8,3,4,2,0,4,1,1,15
U000823,13,0,8,6,0,5,1,2,25
U000824,8,1,7,6,0,6,1,1,25
U000825,17,3,5,3,0,8,2,1,25
U000826,14,2,6,2,0,8,1,2,25
U000827,14,3,9,6,0,14,0,3,28
U000828,7,0,6,1,0,10,0,1,24
U000829,4,0,4,2,0,4,3,0,20
U000830,16,4,3,3,1,7,2,0,19
U000831,15,3,6,1,0,10,1,1,18
U000832,13,1,3,2,0,6,0,1,15
U000833,12,4,11,3,1,11,4,3,28
U000834,12,1,3,1,1,4,2,1,9
U000835,21,2,6,2,0,8,2,0,20
U000836,7,4,4,2,4,4,0,0,13
U000837,12,4,3,2,0,6,2,0,19
U000838,16,0,6,3,5,9,1,0,28
U000839,11,1,2,4,0,7,0,0,15
U000840,8,4,8,0,1,5,2,0,17
U000841,9,0,2,2,2,1,0,1,15
U000842,9,1,5,1,1,6,0,0,19
U000843,9,2,5,4,1,9,2,1,16
U000844,12,1,5,3,0,0,0,0,14
U000845,10,1,8,4,3,8,1,1,20
U000846,23,3,9,2,0,8,0,1,15
U000847,15,0,4,9,0,6,0,1,20
U000848,18,2,3,2,0,9,1,1,21
U000849,21,1,7,6,0,5,3,2,21
U000850,8,1,3,3,5,4,0,0,18
U000851,15,3,3,3,7,1,1,0,22
U000852,12,0,4,1,0,2,1,2,11
U000853,23,2,11,8,0,8,1,2,37
U000854,6,0,5,0,0,3,1,2,14
U000855,8,0,7,3,0,4,5,1,15
U000856,18,0,4,5,0,3,1,4,15
U000857,7,1,4,1,5,8,0,1,17
U000858,13,2,8,2,0,4,1,1,23
U000859,24,5,4,1,0,7,1,2,23
U000860,9,2,9,3,5,5,0,1,14
U000861,17,1,4,3,6,6,0,0,19
U000862,7,1,5,3,1,5,1,1,26
U000863,16,5,8,0,0,6,2,1,12
U000864,12,2,1,2,0,4,1,1,18
U000865,9,2,4,1,3,3,0,0,11
U000866,17,4,5,4,0,8,0,0,21
U000867,14,0,10,2,0,4,0,2,7
U000868,10,3,7,4,0,6,4,0,24
U000869,10,2,1,3,0,3,2,0,18
U000870,6,2,7,1,1,4,0,2,21
U000871,6,1,4,4,0,5,1,0,22
U000872,9,4,4,4,2,6,2,1,14
U000873,13,3,7,8,1,4,1,1,21
U000874,12,3,2,4,0,2,0,3,23
U000875,12,1,9,3,1,10,1,1,16
U000876,9,1,2,1,0,5,0,0,17
U000877,18,4,2,3,0,4,2,2,20
U000878,13,1,4,1,0,7,0,0,11
U000879,14,2,3,1,0,6,1,2,19
U000880,8,2,7,2,1,5,1,0,27
U000881,11,7,7,6,2,4,1,1,20
U000882,6,4,3,3,1,8,0,1,26
U000883,9,2,5,4,0,8,0,1,18
U000884,13,2,9,2,1,9,2,1,23
U000885,12,3,8,2,0,2,0,0,16
U000886,16,11,4,1,0,3,3,3,23
U000887,9,0,2,3,1,7,1,0,12
U000888,14,1,3,4,0,4,2,1,26
U000889,15,4,9,4,2,12,3,2,15
U000890,13,0,8,2,0,7,1,1,15
U000891,13,1,4,1,1,3,1,0,18
U000892,13,4,5,2,1,9,2,0,26
U000893,13,3,6,6,0,5,0,0,26
U000894,10,1,5,4,1,5,0,0,11
U000895,13,2,6,6,0,11,0,1,22
U000896,18,2,5,4,3,4,1,0,25
U000897,18,3,4,2,0,6,1,1,22
U000898,8,0,3,2,0,6,0,3,13
U000899,13,6,6,1,2,8,2,0,11
U000900,22,4,11,5,0,8,1,0,19
U000901,18,3,12,2,0,5,1,2,22
U000902,23,1,7,6,0,5,0,3,25
U000903,15,7,10,3,0,5,0,1,23
U000904,12,0,6,3,5,2,0,0,11
U000905,7,0,3,0,2,4,2,0,9
U000906,22,6,9,9,0,6,1,1,28
U000907,16,0,6,1,0,6,1,0,19
U000908,7,1,6,1,0,3,0,1,24
U000909,6,5,6,2,5,7,0,0,19
U000910,14,2,11,2,0,10,3,2,21
U000911,22,5,5,3,9,3,1,1,25
U000912,10,0,7,4,1,3,1,1,16
U000913,16,0,0,2,0,4,0,0,20
U000914,9,3,8,0,1,5,3,0,30
U000915,18,3,7,6,0,9,1,0,27
U000916,20,2,6,3,0,7,7,0,18
U000917,14,1,5,3,8,2,2,0,14
U000918,11,6,5,8,0,5,1,1,37
U000919,15,1,7,4,0,5,2,0,19
U000920,16,4,3,0,0,8,2,0,19
U000921,11,2,12,3,0,5,3,0,19
U000922,11,2,5,2,0,7,1,2,17
U000923,12,1,5,2,0,4,3,0,15
U000924,12,1,5,5,0,2,2,0,27
U000925,12,2,6,4,1,9,2,1,32
U000926,10,4,8,3,0,10,1,0,32
U000927,11,1,11,0,0,5,3,2,24
U000928,25,4,10,3,0,7,1,0,34
U000929,8,0,6,2,1,1,0,1,17
U000930,11,4,5,2,3,7,1,3,16
U000931,16,4,8,2,5,2,1,0,15
U000932,9,0,10,2,0,4,0,1,25
U000933,8,0,6,3,2,0,0,0,10
U000934,15,0,5,1,2,6,2,1,9
U000935,11,1,8,5,2,5,1,0,15
U000936,6,0,4,1,6,2,2,0,13
U000937,13,2,4,4,0,6,2,0,16
U000938,18,4,6,3,1,7,1,1,19
U000939,20,3,4,3,1,4,1,1,11
U000940,19,2,3,4,1,8,1,0,22
U000941,20,8,7,2,1,5,1,1,21
U000942,12,4,7,3,0,6,0,1,28
U000943,9,0,0,6,0,4,3,4,17
U000944,10,0,9,1,2,5,1,2,17
U000945,13,3,7,1,0,5,2,2,24
U000946,8,0,10,0,0,8,1,1,15
U000947,15,5,7,3,0,6,0,2,29
U000948,14,3,3,1,3,7,2,0,22
U000949,5,1,7,3,0,2,0,2,10
U000950,11,4,11,3,7,4,1,1,16
U000951,11,1,4,4,0,9,0,1,28
U000952,17,4,7,4,2,5,2,2,25
U000953,8,3,4,4,2,8,1,1,18
U000954,11,2,8,5,0,8,1,3,18
U000955,12,3,3,3,0,4,0,2,27
U000956,7,1,2,0,3,4,0,0,11
U000957,13,0,3,2,4,5,0,0,22
U000958,12,5,8,3,0,7,0,1,35
U000959,15,2,6,3,1,4,2,0,17
U000960,17,2,4,2,0,3,0,1,26
U000961,17,4,5,4,1,4,1,0,22
U000962,16,3,7,6,1,9,2,0,21
U000963,11,2,5,1,1,5,0,0,25
U000964,15,0,8,2,2,4,0,0,5
U000965,9,3,6,1,2,9,0,0,16
U000966,14,3,9,4,0,10,1,2,11
U000967,6,0,4,7,0,6,1,1,18
U000968,15,0,5,2,0,9,3,0,23
U000969,5,0,3,4,0,2,1,1,14
U000970,10,3,13,1,0,10,0,2,25
U000971,12,0,4,0,1,5,2,1,12
U000972,7,0,2,1,1,7,0,0,16
U000973,19,2,3,6,0,5,0,1,14
U000974,15,0,5,2,0,6,1,1,17
U000975,9,1,4,1,0,4,1,0,16
U000976,11,4,5,2,1,6,1,0,20
U000977,18,5,4,6,5,2,2,0,11
U000978,7,2,1,2,4,4,1,1,14
U000979,21,2,10,4,0,3,1,0,13
U000980,10,4,4,5,1,4,1,0,9
U000981,5,1,4,2,4,3,2,0,8
U000982,13,4,7,2,0,3,2,2,30
U000983,13,1,4,2,0,8,2,1,14
U000984,12,0,2,2,0,9,2,1,13
U000985,15,4,7,4,1,8,2,0,15
U000986,4,2,1,6,0,4,0,1,15
U000987,25,3,6,5,1,3,2,0,23
U000988,15,5,7,7,1,9,2,1,30
U000989,16,3,6,5,5,8,0,1,23
U000990,11,1,9,2,3,3,0,0,15
U000991,9,1,5,0,0,7,0,1,18
U000992,8,0,3,1,1,8,1,0,25
U000993,17,5,6,3,0,5,1,0,25
U000994,12,1,4,2,0,4,0,1,17
U000995,13,3,7,2,2,4,0,0,13
U000996,15,0,3,1,0,6,2,0,22
U000997,8,0,4,1,3,3,0,0,8
U000998,11,3,7,5,0,13,0,0,24
U000999,23,5,11,1,0,8,1,3,39
U001000,12,0,4,1,4,2,0,0,8
U001001,10,4,6,3,0,9,3,0,20
U001002,13,4,8,5,6,5,1,0,23
U001003,8,0,2,1,6,3,2,1,9
U001004,18,8,7,4,0,14,1,0,23
U001005,12,2,4,2,1,12,1,1,27
U001006,10,2,7,4,0,5,3,1,27
U001007,9,1,6,2,0,6,1,0,10
U001008,13,5,7,3,3,6,3,0,30
U001009,14,1,6,2,0,4,3,2,11
U001010,13,1,6,2,0,6,0,0,21
U001011,11,3,7,3,1,8,2,0,20
U001012,8,0,5,3,0,3,5,0,23
U001013,8,0,3,0,0,6,0,1,15
U001014,10,0,4,2,1,5,1,0,16
U001015,9,1,6,2,0,6,0,0,22
U001016,16,2,2,1,1,6,2,0,23
U001017,16,1,8,3,1,1,2,0,21
U001018,11,4,6,2,0,5,0,1,13
U001019,12,0,2,4,8,4,3,2,23
U001020,15,4,4,2,0,5,0,1,26
U001021,15,4,7,3,1,3,2,0,24
U001022,14,1,4,2,0,7,1,1,22
U001023,12,2,7,2,0,7,1,1,22
U001024,10,4,7,1,3,6,2,1,23
U001025,13,1,6,5,5,4,1,0,24
U001026,18,6,6,2,0,5,2,1,35
U001027,15,3,7,2,1,8,2,0,31
U001028,8,2,8,3,2,9,2,0,22
U001029,14,0,1,3,2,1,0,0,12
U001030,22,1,9,8,4,7,1,1,30
U001031,17,6,6,8,0,7,0,1,21
U001032,15,2,8,1,0,5,1,0,22
U001033,11,6,6,5,1,7,3,1,28
U001034,10,2,2,4,0,7,1,1,26
U001035,14,1,10,3,0,6,0,2,22
U001036,7,0,7,2,1,2,0,0,17
U001037,13,3,6,2,0,2,1,1,25
U001038,8,0,9,3,0,5,2,0,21
U001039,8,2,7,2,0,5,1,2,16
U001040,9,0,4,0,0,1,2,0,9
U001041,7,0,4,5,4,1,0,0,7
U001042,8,1,7,2,0,4,0,2,17
U001043,12,2,9,5,0,6,2,0,17
U001044,9,1,1,4,0,5,0,1,19
U001045,16,5,5,2,0,7,1,1,22
U001046,8,1,6,0,7,5,1,2,17
U001047,15,4,4,4,0,6,1,1,27
U001048,15,5,10,3,1,0,1,0,12
U001049,14,3,5,1,0,8,1,0,19
U001050,13,0,4,0,0,11,1,0,14
U001051,12,1,6,0,0,4,2,2,13
U001052,5,0,5,4,1,4,1,2,21
U001053,9,0,2,3,1,5,3,0,20
U001054,21,0,11,2,0,8,0,0,35
U001055,11,1,6,1,1,6,2,0,24
U001056,14,11,7,1,0,8,1,0,20
U001057,12,1,6,2,1,7,0,1,12
U001058,10,3,8,3,4,6,1,2,11
U001059,15,5,8,4,2,8,1,1,21
U001060,13,8,10,7,1,7,6,4,27
U001061,12,0,1,2,3,3,1,0,18
U001062,12,0,6,4,0,3,2,1,29
U001063,13,1,5,1,0,4,4,1,14
U001064,7,1,3,1,1,3,0,0,17
U001065,18,3,8,6,0,8,1,0,32
U001066,5,1,6,2,2,3,1,2,16
U001067,15,2,8,3,0,7,1,0,32
U001068,13,2,5,1,4,5,0,2,15
U001069,7,1,3,1,1,5,1,0,14
U001070,11,1,6,4,0,10,1,2,36
U001071,15,3,7,1,0,6,1,2,21
U001072,13,1,8,6,1,9,1,0,21
U001073,7,0,5,3,1,0,2,2,19
U001074,2,0,5,1,5,2,0,1,10
U001075,11,1,4,3,0,2,0,0,17
U001076,6,0,2,1,1,2,1,1,11
U001077,11,3,4,4,1,7,0,0,18
U001078,8,0,6,4,0,6,1,1,18
U001079,15,7,4,4,0,7,2,1,30
U001080,6,1,5,0,1,1,0,1,8
U001081,14,0,1,5,0,2,0,0,22
U001082,13,0,6,3,0,4,1,0,20
U001083,13,1,4,7,3,1,1,0,15
U001084,10,2,7,8,0,6,1,0,22
U001085,11,6,8,5,0,15,0,2,18
U001086,11,0,2,4,3,9,1,2,15
U001087,10,3,3,3,0,9,1,2,15
U001088,15,3,10,4,1,2,1,2,17
U001089,11,2,4,4,0,6,1,1,25
U001090,18,0,3,2,0,1,0,0,8
U001091,11,0,8,2,0,7,2,3,16
U001092,13,5,5,4,2,3,0,1,19
U001093,8,1,4,3,1,2,1,1,18
U001094,14,2,8,5,1,11,1,2,28
U001095,13,0,5,1,3,7,3,0,15
U001096,11,3,2,1,0,3,0,2,21
U001097,10,1,3,1,2,5,0,0,16
U001098,11,4,0,1,5,5,0,0,17
U001099,17,3,7,2,0,3,0,1,19
U001100,19,7,6,4,0,2,3,2,31
U001101,14,2,3,3,3,4,2,0,15
U001102,15,1,7,5,1,8,0,1,25
U001103,10,1,7,5,0,6,0,0,22
U001104,10,5,5,1,8,5,2,1,17
U001105,6,0,6,1,6,6,0,0,10
U001106,19,2,7,3,0,8,0,3,35
U001107,9,0,2,2,2,6,0,2,9
U001108,16,4,3,6,1,4,3,2,17
U001109,13,0,4,4,0,9,0,1,22
U001110,5,0,3,1,1,3,1,0,22
U001111,9,1,1,3,1,4,2,1,7
U001112,11,1,3,3,1,6,1,3,24
U001113,16,3,7,3,2,2,1,1,21
U001114,4,1,2,4,2,5,1,0,8
U001115,14,2,5,3,6,0,2,1,18
U001116,13,4,6,5,0,9,2,0,29
U001117,23,6,4,4,2,2,2,0,16
U001118,12,4,4,5,0,3,1,1,14
U001119,20,2,8,2,0,8,2,0,19
U001120,12,2,5,4,0,8,2,0,16
U001121,20,1,9,4,2,5,1,1,34
U001122,16,0,6,1,0,4,1,2,18
U001123,6,1,5,3,0,5,1,1,24
U001124,24,3,8,2,0,4,2,1,29
U001125,16,6,7,3,1,5,1,1,26
U001126,20,3,7,0,0,2,1,0,28
U001127,3,1,0,0,2,4,1,0,13
U001128,19,0,9,5,0,9,3,0,33
U001129,7,1,3,2,0,1,2,0,14
U001130,8,0,3,3,2,1,2,1,18
U001131,12,3,5,0,0,4,0,0,26
U001132,12,3,6,3,2,6,2,2,15
U001133,28,3,6,3,1,8,1,4,29
U001134,11,3,8,4,2,5,1,0,17
U001135,7,1,4,2,2,7,2,0,17
U001136,19,3,11,3,0,6,3,1,19
U001137,8,0,4,1,1,4,0,2,12
U001138,11,1,4,1,1,4,1,0,11
U001139,14,6,7,1,0,9,1,0,32
U001140,13,0,5,2,0,3,1,2,15
U001141,11,6,6,1,2,5,0,0,20
U001142,4,2,5,2,1,3,2,2,14
U001143,22,4,3,1,0,9,2,2,20
U001144,10,4,6,4,0,3,1,1,14
U001145,10,0,3,1,0,9,0,1,15
U001146,19,2,3,1,0,5,2,1,21
U001147,16,1,9,1,0,5,3,1,29
U001148,4,0,2,1,1,1,0,0,5
U001149,10,1,5,3,0,3,1,4,19
U001150,11,4,6,1,0,7,2,1,7
U001151,11,6,6,4,1,2,1,0,22
U001152,20,1,4,7,0,3,0,1,27
U001153,17,3,2,3,0,7,0,2,19
U001154,18,3,7,10,0,7,0,0,32
U001155,17,9,11,5,1,9,1,2,32
U001156,11,2,5,4,1,6,0,1,18
U001157,16,7,10,7,0,6,3,2,32
U001158,7,0,4,1,1,6,0,0,20
U001159,9,1,4,2,8,9,0,1,26
U001160,13,1,5,2,0,5,1,1,21
U001161,10,2,9,0,0,5,2,1,18
U001162,16,4,6,2,0,5,2,0,25
U001163,11,1,4,2,0,6,1,2,12
U001164,9,1,5,2,3,4,2,2,12
U001165,9,1,5,3,0,4,2,1,12
U001166,12,2,9,3,1,5,1,0,22
U001167,16,0,7,4,1,4,1,0,18
U001168,19,1,7,4,1,2,0,1,17
U001169,8,2,2,3,0,6,3,0,17
U001170,12,4,2,2,0,2,3,1,22
U001171,9,3,4,1,7,5,1,0,19
U001172,9,0,3,3,1,5,1,1,13
U001173,11,2,2,2,1,6,0,0,26
U001174,15,0,4,0,1,12,1,0,11
U001175,11,2,8,3,1,8,0,1,20
U001176,6,2,4,2,2,2,1,0,9
U001177,8,1,2,4,0,6,3,1,20
U001178,15,1,4,4,2,4,2,1,7
U001179,15,2,7,3,0,6,0,3,17
U001180,17,3,3,6,0,6,2,4,17
U001181,17,0,8,1,2,6,2,0,21
U001182,7,2,4,4,0,4,1,1,26
U001183,10,0,4,4,0,3,1,0,16
U001184,11,1,3,2,0,5,0,4,25
U001185,17,5,8,5,0,7,1,0,32
U001186,15,3,4,3,0,4,0,0,23
U001187,9,0,6,1,3,5,0,0,13
U001188,15,0,8,2,0,1,0,0,20
U001189,12,0,3,4,1,1,2,1,14
U001190,8,1,7,1,1,7,0,0,19
U001191,21,4,11,2,1,6,2,3,22
U001192,11,6,5,8,0,3,1,2,32
U001193,18,3,6,6,0,2,1,1,14
U001194,13,3,9,3,0,6,2,2,22
U001195,18,4,8,2,0,8,0,1,22
U001196,10,1,8,4,0,10,3,1,28
U001197,5,0,3,0,1,2,1,1,14
U001198,17,3,6,3,1,9,0,3,23
U001199,15,1,7,3,0,9,4,0,18
U001200,7,0,2,1,3,4,1,2,10
U001201,8,1,3,2,0,3,3,1,17
U001202,8,4,7,3,0,3,3,0,18
U001203,7,4,6,3,0,5,1,0,22
U001204,14,2,1,2,0,3,3,0,15
U001205,8,1,3,3,0,5,1,1,18
U001206,10,0,8,1,0,5,1,0,17
U001207,8,1,4,5,0,7,1,1,14
U001208,15,2,7,3,0,5,2,1,30
U001209,7,5,2,5,1,8,1,1,12
U001210,9,0,8,5,0,6,0,1,24
U001211,12,3,5,2,0,6,1,0,18
U001212,14,0,2,2,1,7,0,0,21
U001213,12,1,4,4,5,3,1,2,19
U001214,11,1,4,5,0,3,2,1,17
U001215,15,4,8,5,0,7,2,2,27
U001216,14,2,10,1,0,10,1,0,21
U001217,14,0,14,6,1,11,3,2,36
U001218,12,0,4,3,0,4,2,2,13
U001219,10,0,7,4,0,4,0,2,17
U001220,10,4,6,4,3,4,5,0,17
U001221,16,4,4,2,2,2,1,1,20
U001222,16,1,8,1,0,5,1,3,25
U001223,14,1,5,2,2,14,2,0,25
U001224,15,3,10,4,0,6,3,2,21
U001225,15,5,6,2,1,6,1,0,11
U001226,25,7,8,7,0,8,3,2,34
U001227,11,4,4,3,0,3,1,3,13
U001228,20,2,10,3,0,7,2,0,12
U001229,8,1,7,2,1,5,1,4,14
U001230,14,2,11,5,0,5,4,1,21
U001231,31,3,2,3,1,8,2,0,31
U001232,16,0,2,1,0,4,0,1,19
U001233,9,1,4,4,0,8,1,0,21
U001234,15,4,4,1,1,10,0,0,18
U001235,14,3,2,3,0,6,0,3,21
U001236,6,1,2,1,0,4,0,0,11
U001237,8,0,4,0,3,2,1,1,24
U001238,25,3,8,4,1,12,1,2,23
U001239,23,5,7,6,0,7,2,3,21
U001240,15,1,4,0,0,10,1,2,14
U001241,15,7,8,6,0,7,2,1,34
U001242,17,1,5,1,1,6,0,1,18
U001243,17,2,8,9,0,6,2,4,30
U001244,16,0,4,4,0,3,2,0,16
U001245,19,3,11,1,0,6,1,1,23
U001246,14,3,8,5,0,4,2,0,15
U001247,20,2,3,6,0,7,2,0,28
U001248,15,4,9,4,0,5,0,0,20
U001249,7,1,6,2,0,6,4,1,12
U001250,20,6,8,3,1,7,1,1,24
U001251,22,4,10,4,1,9,0,1,20
U001252,16,3,10,3,2,8,2,0,28
U001253,17,1,4,4,1,4,1,1,19
U001254,21,3,8,6,0,7,1,1,13
U001255,15,6,5,3,8,4,0,0,15
U001256,9,2,6,5,0,9,1,1,16
U001257,17,1,5,3,0,6,1,0,17
U001258,19,1,5,5,0,7,1,1,28
U001259,18,3,5,4,0,6,1,1,30
U001260,7,2,8,5,0,5,2,1,26
U001261,10,2,6,2,5,7,0,0,10
U001262,17,3,7,4,0,6,2,0,17
U001263,21,4,2,3,0,5,1,1,26
U001264,10,0,3,2,0,2,0,1,17
U001265,10,1,6,2,1,4,1,2,21
U001266,15,4,6,4,0,7,2,1,31
U001267,16,0,2,6,0,8,0,0,15
U001268,9,2,10,6,0,6,1,1,25
U001269,9,5,6,3,3,2,1,0,12
U001270,11,0,6,1,1,4,0,0,22
U001271,17,6,7,12,1,4,1,1,33
U001272,18,6,1,2,0,6,1,1,21
U001273,18,0,6,3,0,2,2,0,22
U001274,17,3,3,1,0,4,0,0,24
U001275,11,0,3,1,3,2,0,0,18
U001276,13,2,2,6,3,6,0,1,16
U001277,13,3,8,2,0,5,4,2,26
U001278,11,0,3,2,0,5,0,0,16
U001279,9,1,4,1,1,3,0,2,20
U001280,14,3,1,1,0,4,1,1,17
U001281,11,0,1,3,0,1,1,1,20
U001282,18,0,5,1,0,6,2,0,21
U001283,6,6,6,9,0,3,0,3,15
U001284,9,2,3,2,6,9,2,0,17
U001285,12,3,7,4,0,5,0,0,15
U001286,16,3,5,1,0,3,1,0,20
U001287,17,4,9,5,0,6,1,2,37
U001288,12,1,4,4,0,6,0,0,15
U001289,9,0,7,1,2,5,2,0,14
U001290,9,4,6,4,0,4,1,1,15
U001291,10,3,6,3,1,4,1,2,17
U001292,16,2,3,3,0,4,1,0,15
U001293,12,2,3,4,0,6,2,0,25
U001294,18,5,9,4,1,12,1,2,21
U001295,13,1,8,1,1,2,1,3,12
U001296,12,6,7,6,1,7,2,3,23
U001297,8,1,4,3,0,7,1,3,12
U001298,12,3,4,3,3,3,1,2,19
U001299,5,1,4,4,1,4,2,0,16
U001300,11,1,4,2,0,1,3,1,15
U001301,23,3,2,2,1,7,2,2,20
U001302,13,4,7,4,0,8,0,1,28
U001303,10,3,3,6,1,11,1,3,20
U001304,12,0,4,1,2,6,3,2,17
U001305,14,2,5,3,1,10,1,3,23
U001306,7,0,2,1,2,2,0,1,10
U001307,19,3,0,6,6,2,1,1,16
U001308,23,4,6,3,1,2,1,0,19
U001309,14,4,7,7,0,2,0,1,33
U001310,22,3,11,4,0,9,4,1,25
U001311,21,5,5,5,0,8,0,2,27
U001312,18,0,6,0,0,6,2,1,27
U001313,13,2,6,4,1,7,2,0,18
U001314,18,3,4,1,0,0,4,0,27
U001315,12,0,4,2,0,10,3,1,18
U001316,10,3,5,5,0,4,0,2,20
U001317,10,0,6,0,0,3,0,1,15
U001318,5,0,1,2,1,3,0,0,18
U001319,7,0,8,3,2,5,0,0,14
U001320,9,0,6,4,0,4,2,0,24
U001321,9,0,6,0,0,3,2,0,19
U001322,17,4,12,3,0,4,1,1,25
U001323,18,1,3,1,1,2,2,1,21
U001324,17,3,10,6,3,12,0,3,28
U001325,17,1,8,3,2,10,1,0,18
U001326,11,7,5,1,0,8,0,1,25
U001327,14,3,4,4,1,2,1,1,21
U001328,19,2,6,2,0,8,0,2,20
U001329,13,4,7,1,0,1,3,3,19
U001330,10,0,7,2,0,5,0,3,21
U001331,12,5,9,3,1,9,1,2,18
U001332,11,0,7,4,1,1,0,0,22
U001333,15,5,5,0,0,8,2,0,22
U001334,9,1,3,4,0,8,1,0,14
U001335,13,2,5,2,0,7,1,1,12
U001336,8,0,2,1,2,2,0,1,18
U001337,11,3,11,4,0,7,2,2,25
U001338,22,6,7,4,0,10,2,1,19
U001339,7,0,4,3,1,4,1,2,14
U001340,11,0,6,3,1,7,3,0,19
U001341,10,1,7,6,0,5,1,0,24
U001342,14,2,11,6,0,1,0,1,32
U001343,9,0,6,2,1,5,1,0,31
U001344,20,3,4,1,0,7,3,0,16
U001345,16,0,7,3,0,5,1,1,23
U001346,8,1,5,3,0,7,0,1,16
U001347,15,1,6,3,0,8,1,0,27
U001348,10,2,8,9,1,3,1,3,33
U001349,7,1,4,1,2,5,0,0,11
U001350,19,4,10,3,2,10,2,2,22
U001351,10,0,3,3,2,7,0,1,18
U001352,12,2,2,1,1,3,1,2,15
U001353,9,2,3,4,0,5,0,2,15
U001354,13,5,10,4,1,5,2,0,26
U001355,18,5,4,5,0,6,3,2,22
U001356,13,1,4,5,1,6,1,1,39
U001357,12,1,4,4,4,8,3,0,19
U001358,10,3,7,2,2,5,3,1,23
U001359,15,3,5,2,0,10,5,0,25
U001360,16,5,7,4,0,6,1,2,20
U001361,14,2,7,7,0,5,0,0,26
U001362,12,1,3,2,0,5,0,0,19
U001363,11,4,2,3,5,1,0,0,21
U001364,8,1,6,1,1,5,2,0,21
U001365,9,0,4,2,0,4,0,0,16
U001366,21,0,6,1,0,1,4,1,17
U001367,13,3,6,8,0,8,1,1,25
U001368,22,1,11,4,1,10,2,1,27
U001369,16,5,5,4,0,6,1,0,19
U001370,12,6,7,3,1,4,0,1,17
U001371,13,1,3,1,1,4,2,1,15
U001372,21,1,9,4,0,7,1,1,24
U001373,12,3,4,7,3,5,2,0,15
U001374,7,1,3,1,1,4,2,2,12
U001375,7,2,7,1,0,6,1,0,19
U001376,11,0,6,4,4,4,3,2,13
U001377,16,0,8,4,0,10,1,1,33
U001378,13,0,6,2,0,4,1,1,27
U001379,5,0,7,3,0,6,1,1,24
U001380,7,1,5,0,1,2,1,0,23
U001381,7,0,3,1,2,1,1,1,5
U001382,19,4,9,3,0,5,1,0,27
U001383,18,5,5,2,0,8,2,2,26
U001384,12,0,2,3,0,10,1,2,16
U001385,10,3,6,2,8,4,1,0,18
U001386,12,8,7,3,0,12,0,0,27
U001387,16,6,13,5,1,7,1,2,26
U001388,6,1,3,0,2,5,2,0,10
U001389,9,3,7,2,5,6,2,2,19
U001390,19,4,5,5,1,10,1,0,24
U001391,8,0,2,2,2,2,4,0,13
U001392,15,6,5,2,0,8,3,1,16
U001393,19,0,5,4,0,6,2,1,22
U001394,20,2,7,1,0,11,2,1,28
U001395,11,0,2,3,1,3,2,3,18
U001396,11,1,2,0,0,8,1,0,23
U001397,10,2,5,4,1,5,2,0,15
U001398,16,0,3,1,0,2,4,1,23
U001399,11,1,4,4,1,9,2,1,20
U001400,5,0,8,3,2,8,0,2,20
U001401,15,2,3,5,0,5,2,0,23
U001402,6,1,4,2,6,3,2,3,14
U001403,13,1,4,4,0,6,1,0,29
U001404,17,3,5,4,0,4,2,2,25
U001405,19,4,13,2,0,8,3,0,32
U001406,13,5,7,4,0,8,1,0,22
U001407,14,0,4,3,1,3,0,3,13
U001408,15,0,6,4,0,4,0,1,11
U001409,14,2,7,5,1,5,2,2,14
U001410,11,4,8,3,0,6,1,3,30
U001411,7,0,7,2,0,9,0,0,21
U001412,6,0,6,0,4,4,0,0,8
U001413,18,3,4,5,0,7,2,0,38
U001414,9,3,6,3,4,7,0,0,22
U001415,15,1,5,6,1,8,0,0,27
U001416,13,2,3,3,0,5,1,0,13
U001417,9,2,2,4,1,2,1,2,18
U001418,10,2,5,2,1,2,0,2,21
U001419,11,2,6,6,1,5,0,0,30
U001420,11,1,2,4,1,5,0,0,11
U001421,21,1,8,6,0,4,0,1,22
U001422,15,5,7,3,1,7,0,0,20
U001423,12,2,10,4,0,7,2,1,22
U001424,13,0,3,4,0,4,0,0,16
U001425,12,3,9,1,0,7,2,0,17
U001426,14,0,4,6,0,9,0,0,26
U001427,13,1,5,3,3,9,2,0,25
U001428,14,5,5,6,0,13,1,0,30
U001429,12,3,3,4,4,8,1,0,20
U001430,19,0,7,3,0,3,1,1,25
U001431,17,5,8,1,1,6,1,1,26
U001432,12,2,4,0,1,11,0,0,13
U001433,17,0,4,2,0,6,1,0,17
U001434,7,1,7,4,1,7,1,2,18
U001435,9,6,4,1,0,6,1,0,24
U001436,12,2,1,2,6,6,1,0,29
U001437,18,3,10,4,0,11,2,0,39
U001438,20,2,10,7,0,7,1,2,26
U001439,14,5,11,5,1,4,2,2,28
U001440,19,3,6,4,0,3,0,3,16
U001441,13,1,5,1,0,7,0,0,15
U001442,18,6,6,4,0,4,2,2,18
U001443,8,0,6,0,0,5,1,1,14
U001444,15,0,3,1,0,2,2,2,12
U001445,17,0,9,5,1,3,2,0,23
U001446,2,2,2,3,4,3,0,0,18
U001447,7,0,2,1,3,3,0,1,12
U001448,14,4,10,4,0,7,1,0,22
U001449,13,0,7,1,1,5,1,0,18
U001450,15,5,4,5,0,9,2,1,25
U001451,17,2,6,6,0,6,2,0,16
U001452,14,3,5,1,0,5,0,0,21
U001453,12,0,5,2,0,7,1,0,15
U001454,13,1,8,7,0,6,0,0,17
U001455,10,2,5,1,0,6,0,0,17
U001456,15,1,4,0,0,8,1,1,12
U001457,7,3,3,1,3,3,1,2,6
U001458,11,1,11,2,0,8,2,1,20
U001459,12,1,8,3,1,2,1,1,21
U001460,9,0,5,2,0,7,1,3,13
U001461,7,1,5,1,0,6,1,1,17
U001462,16,4,9,2,1,4,1,1,29
U001463,26,2,10,1,0,8,5,1,27
U001464,7,0,8,2,2,2,1,0,18
U001465,10,0,3,4,2,4,1,2,15
U001466,17,2,3,4,0,3,0,2,13
U001467,14,1,4,3,1,3,1,1,19
U001468,10,7,8,7,0,3,1,0,33
U001469,13,0,3,1,0,3,1,1,9
U001470,7,1,4,3,2,1,2,0,13
U001471,8,3,6,2,3,3,0,0,14
U001472,6,1,5,2,0,3,2,2,14
U001473,13,1,5,6,0,7,1,3,9
U001474,12,4,3,0,4,9,0,0,21
U001475,10,1,3,3,0,4,1,2,17
U001476,10,1,5,1,0,3,1,0,25
U001477,15,4,2,1,0,11,3,4,29
U001478,15,2,7,4,0,8,1,1,19
U001479,14,1,5,1,0,10,1,1,25
U001480,12,0,4,5,0,5,1,3,12
U001481,10,1,4,2,2,1,0,0,10
U001482,11,5,2,5,5,4,1,0,16
U001483,12,6,5,1,1,5,0,1,16
U001484,10,0,8,5,7,5,1,0,24
U001485,6,1,12,0,2,4,0,0,14
U001486,17,4,2,2,6,4,1,0,12
U001487,11,3,5,5,0,8,0,2,29
U001488,9,0,5,0,3,2,0,0,12
U001489,19,2,11,3,1,3,3,2,22
U001490,8,0,7,3,0,5,2,0,14
U001491,10,4,4,2,0,2,0,2,12
U001492,10,3,10,3,0,1,1,3,22
U001493,7,1,4,1,3,6,0,0,9
U001494,14,3,3,2,0,5,1,0,23
U001495,15,0,4,1,1,3,0,1,21
U001496,18,6,3,1,0,5,2,1,22
U001497,13,1,4,0,0,7,0,0,26
U001498,9,0,6,2,1,6,0,0,19
U001499,15,2,7,1,1,12,2,0,25
U001500,14,5,1,0,5,7,3,0,16
U001501,9,0,7,2,0,2,0,0,19
U001502,15,7,9,3,0,4,3,1,29
U001503,8,1,2,5,0,2,0,0,18
U001504,8,0,3,1,0,3,0,0,24
U001505,12,5,4,2,1,5,1,1,19
U001506,13,3,6,4,1,11,1,3,24
U001507,11,0,4,4,2,6,0,1,15
U001508,15,1,6,4,0,5,4,2,16
U001509,15,0,6,1,0,2,1,1,16
U001510,10,2,6,4,0,4,1,2,21
U001511,9,2,8,3,3,7,0,0,14
U001512,11,0,1,3,3,2,1,0,20
U001513,18,3,4,5,0,4,1,0,21
U001514,13,0,11,2,0,5,0,0,16
U001515,16,3,9,4,0,4,1,2,24
U001516,11,2,8,7,0,8,4,1,17
U001517,11,0,5,2,4,9,0,0,19
U001518,12,7,7,1,0,6,1,1,15
U001519,17,2,14,3,0,8,2,1,37
U001520,7,0,3,0,1,5,2,2,20
U001521,18,1,13,2,0,8,1,2,19
U001522,9,1,0,1,3,4,0,0,6
U001523,14,3,10,1,1,2,2,1,20
U001524,12,0,5,1,0,6,0,0,14
U001525,12,4,6,0,0,8,1,1,24
U001526,13,4,5,1,1,5,0,0,10
U001527,18,5,11,3,1,5,2,1,27
U001528,16,7,7,1,0,9,0,1,20
U001529,8,0,2,0,3,2,1,0,12
U001530,6,1,4,1,1,2,0,0,19
U001531,19,4,5,2,8,5,0,1,24
U001532,16,0,4,5,0,8,0,0,24
U001533,20,1,5,7,1,8,4,1,17
U001534,12,0,3,3,0,5,3,1,17
U001535,21,3,9,4,0,10,3,0,32
U001536,8,0,7,3,0,7,2,1,18
U001537,17,5,6,3,1,6,0,0,18
U001538,11,2,9,10,0,4,1,0,25
U001539,13,1,6,2,0,3,2,0,10
U001540,10,3,5,1,0,7,1,1,19
U001541,8,0,5,1,3,3,2,1,10
U001542,15,1,1,6,2,1,1,0,19
U001543,10,2,5,2,0,4,1,1,16
U001544,14,2,7,3,0,6,1,0,27
U001545,15,1,6,1,1,4,1,0,22
U001546,11,4,7,4,1,4,0,2,29
U001547,18,6,6,7,0,11,3,1,30
U001548,6,3,5,2,0,4,2,0,24
U001549,10,2,4,0,3,6,1,1,16
U001550,9,1,6,3,0,1,2,0,17
U001551,9,3,4,5,1,10,2,1,27
U001552,13,0,4,1,0,6,2,1,26
U001553,7,0,6,1,0,4,1,0,9
U001554,24,4,4,7,1,9,1,0,23
U001555,16,2,5,5,1,7,2,1,18
U001556,15,6,5,2,0,4,1,1,25
U001557,6,1,0,1,5,1,1,3,14
U001558,12,6,6,6,0,5,0,1,24
U001559,16,0,9,2,0,8,3,1,19
U001560,6,0,6,2,3,6,1,0,10
U001561,18,1,2,3,0,1,0,0,16
U001562,14,2,10,6,1,4,1,1,30
U001563,14,2,7,4,0,7,1,1,20
U001564,12,6,2,1,2,5,1,1,21
U001565,20,5,5,7,0,8,0,1,21
U001566,17,3,9,3,0,6,0,2,30
U001567,12,2,2,2,2,6,0,1,25
U001568,14,4,9,1,2,11,2,0,24
U001569,17,2,6,4,0,11,0,2,35
U001570,19,2,8,6,2,12,3,2,23
U001571,6,1,4,5,2,4,1,0,10
U001572,13,1,12,5,0,10,2,1,25
U001573,10,2,5,3,0,6,1,0,18
U001574,7,0,4,1,0,8,1,0,13
U001575,11,6,6,4,0,6,0,2,19
U001576,7,5,7,3,0,2,2,2,22
U001577,18,0,5,4,1,5,2,0,17
U001578,9,1,2,0,0,1,0,0,8
U001579,10,2,7,1,0,4,0,2,16
U001580,12,3,3,3,0,6,2,1,34
U001581,21,2,9,4,0,3,3,2,28
U001582,9,5,3,1,0,7,0,0,26
U001583,18,2,7,1,0,4,2,0,18
U001584,15,4,2,3,0,8,1,1,16
U001585,8,0,6,0,0,4,1,1,12
U001586,15,1,11,1,0,3,1,0,21
U001587,9,0,4,0,0,2,0,0,19
U001588,17,0,2,4,2,6,1,0,9
U001589,8,4,4,3,0,2,2,0,18
U001590,12,1,9,3,0,9,2,2,33
U001591,15,5,5,3,0,5,2,1,16
U001592,16,3,9,4,0,4,1,0,16
U001593,5,0,3,0,4,3,0,0,13
U001594,14,1,3,4,0,8,0,2,14
U001595,11,2,5,2,3,3,1,0,22
U001596,18,6,4,4,0,11,1,0,18
U001597,12,1,6,2,0,2,3,0,22
U001598,10,5,4,3,2,2,0,0,14
U001599,16,1,13,2,1,3,1,0,24
U001600,18,2,8,3,1,8,5,2,23
U001601,9,5,8,4,0,5,0,1,22
U001602,16,2,8,4,1,8,2,1,23
U001603,18,1,7,2,0,13,0,0,24
U001604,17,2,3,4,0,2,2,0,22
U001605,24,10,9,8,1,5,0,1,47
U001606,7,5,6,2,7,4,1,0,17
U001607,10,0,1,0,4,4,0,0,11
U001608,12,5,6,1,0,2,1,0,23
U001609,21,3,13,2,1,9,1,0,30
U001610,7,2,3,1,0,7,2,0,17
U001611,11,0,2,3,1,2,4,1,10
U001612,16,3,8,1,0,9,2,2,23
U001613,16,3,3,2,9,7,2,1,22
U001614,10,4,10,1,0,7,3,3,22
U001615,12,2,4,6,1,3,0,3,16
U001616,4,0,4,2,4,6,1,1,7
U001617,7,4,5,0,3,2,1,0,13
U001618,16,2,6,6,0,7,1,3,30
U001619,11,1,7,4,2,2,1,1,8
U001620,13,2,7,3,0,10,0,0,24
U001621,10,2,4,5,0,5,1,0,18
U001622,6,0,2,1,1,5,0,0,10
U001623,18,2,6,4,0,9,3,0,35
U001624,10,0,5,2,0,1,2,1,21
U001625,18,4,6,1,0,7,1,1,19
U001626,9,0,2,2,0,3,2,2,15
U001627,12,1,6,1,0,4,0,0,19
U001628,5,0,7,3,2,3,0,0,11
U001629,21,0,13,3,0,11,3,3,23
U001630,9,2,8,1,1,4,2,0,26
U001631,12,0,10,2,0,6,0,1,18
U001632,9,3,2,1,4,5,3,1,18
U001633,18,0,5,4,1,1,2,0,36
U001634,13,0,5,1,0,2,1,2,21
U001635,8,0,8,0,1,3,0,1,23
U001636,6,1,1,1,2,6,2,2,11
U001637,4,0,3,2,4,3,0,0,13
U001638,12,4,7,5,0,13,0,1,19
U001639,18,3,4,5,0,7,0,1,26
U001640,5,0,7,2,0,2,2,1,15
U001641,13,2,4,6,1,3,1,0,15
U001642,20,2,7,3,0,4,0,1,27
U001643,15,1,4,2,3,3,0,0,17
U001644,8,0,6,1,2,0,0,0,8
U001645,10,1,7,3,0,3,3,1,11
U001646,12,4,3,3,0,5,1,0,19
U001647,11,1,6,2,1,4,0,0,13
U001648,12,2,7,3,1,8,2,0,17
U001649,15,0,7,1,1,8,5,1,13
U001650,11,1,4,0,0,2,0,0,14
U001651,7,0,8,4,0,4,1,1,9
U001652,18,1,4,5,0,5,1,0,21
U001653,12,3,8,4,0,9,0,4,20
U001654,18,9,8,3,1,4,2,0,25
U001655,16,4,3,0,0,5,0,1,18
U001656,12,2,2,2,0,2,1,1,21
U001657,18,1,8,2,0,6,0,2,12
U001658,8,0,3,1,1,3,3,0,20
U001659,20,3,5,2,2,11,3,1,37
U001660,9,1,6,3,0,4,1,0,21
U001661,15,3,6,0,0,1,2,0,29
U001662,18,0,2,3,1,5,0,1,19
U001663,14,0,5,4,0,6,0,2,16
U001664,12,4,8,2,1,5,1,0,22
U001665,17,2,8,2,0,5,1,0,30
U001666,9,1,5,1,0,6,1,2,10
U001667,14,2,2,2,0,4,0,0,27
U001668,6,2,6,2,1,5,0,1,25
U001669,10,5,8,2,1,4,2,1,23
U001670,9,5,8,5,1,8,3,1,20
U001671,13,0,5,2,1,3,1,2,19
U001672,5,0,3,0,0,6,1,0,11
U001673,8,0,3,5,1,3,2,1,16
U001674,12,1,6,1,0,7,4,2,22
U001675,14,5,5,4,1,10,4,0,30
U001676,22,2,6,5,1,6,2,0,18
U001677,9,0,9,1,0,2,3,1,14
U001678,15,5,9,1,4,5,0,2,17
U001679,17,2,6,5,1,6,2,2,18
U001680,14,0,8,5,0,4,1,0,18
U001681,11,1,8,3,0,8,0,0,20
U001682,10,3,1,1,0,6,2,1,22
U001683,18,4,6,6,1,4,1,1,33
U001684,19,3,11,2,0,6,5,2,29
U001685,11,1,7,3,0,6,0,2,27
U001686,5,2,2,0,0,5,1,2,10
U001687,15,2,6,2,1,4,4,2,18
U001688,12,3,6,2,0,3,0,2,17
U001689,16,2,8,1,0,5,1,0,25
U001690,19,3,5,4,0,7,2,1,21
U001691,15,3,9,3,0,9,1,1,20
U001692,8,2,4,0,2,3,0,0,14
U001693,16,1,4,0,6,5,2,2,14
U001694,27,6,7,1,1,9,0,3,27
U001695,16,3,3,8,0,7,1,2,19
U001696,12,1,4,2,1,8,0,4,21
U001697,14,1,5,0,1,8,1,1,20
U001698,16,3,6,4,0,2,2,0,15
U001699,14,5,5,3,0,4,2,1,26
U001700,14,0,4,3,5,4,0,1,8
U001701,16,0,2,3,2,2,0,1,14
U001702,16,3,4,5,0,9,0,0,21
U001703,8,1,9,6,1,3,3,0,27
U001704,16,3,8,4,0,10,1,1,27
U001705,17,1,3,7,0,5,2,1,33
U001706,12,6,2,2,0,6,0,0,17
U001707,26,4,11,5,0,8,0,2,15
U001708,9,2,2,1,1,10,1,1,18
U001709,14,2,8,4,0,11,0,4,23
U001710,18,7,3,2,0,12,2,1,28
U001711,9,1,9,2,1,6,2,0,16
U001712,18,5,11,3,0,8,0,1,30
U001713,19,4,10,4,0,8,2,1,20
U001714,14,1,6,1,0,6,0,0,16
U001715,12,1,5,0,0,4,1,1,17
U001716,11,0,3,1,4,4,0,1,14
U001717,17,6,6,5,0,7,2,0,23
U001718,9,0,3,0,0,1,1,2,15
U001719,12,5,9,4,0,7,0,1,16
U001720,13,1,4,4,0,5,1,1,12
U001721,13,3,9,1,1,10,1,0,24
U001722,10,4,6,4,0,10,1,1,17
U001723,14,1,4,7,0,5,0,1,22
U001724,17,0,5,1,0,7,1,0,21
U001725,7,2,9,1,4,6,2,0,10
U001726,18,3,8,3,0,10,3,2,22
U001727,11,2,4,5,3,2,1,1,20
U001728,12,3,8,5,1,10,2,1,32
U001729,8,1,4,2,0,5,1,2,19
U001730,19,7,15,4,0,15,3,3,28
U001731,10,3,5,4,0,4,0,0,16
U001732,8,4,4,1,1,3,1,2,10
U001733,12,5,5,2,0,6,2,0,20
U001734,11,3,5,3,0,6,0,1,20
U001735,8,7,3,4,0,6,1,0,22
U001736,16,2,4,3,0,5,0,0,23
U001737,11,2,9,4,0,3,2,1,20
U001738,6,0,6,2,4,5,0,0,9
U001739,16,5,3,2,1,3,2,1,15
U001740,19,2,14,4,1,5,3,0,25
U001741,5,1,6,4,1,3,4,0,21
U001742,12,3,6,3,0,5,1,0,17
U001743,12,2,5,4,0,5,3,0,32
U001744,12,1,6,6,3,2,0,1,23
U001745,17,6,4,3,2,9,1,0,22
U001746,7,1,8,4,0,5,2,1,19
U001747,16,5,11,4,0,5,1,0,17
U001748,13,0,1,0,4,5,1,2,17
U001749,12,5,7,2,2,5,0,1,21
U001750,9,0,9,1,0,8,2,3,23
U001751,15,0,8,3,0,3,0,3,12
U001752,9,2,2,1,0,3,2,0,20
U001753,8,5,10,6,0,9,3,1,28
U001754,7,1,8,3,5,4,1,3,12
U001755,13,2,3,1,1,2,0,1,16
U001756,15,0,5,2,1,2,1,1,24
U001757,16,0,3,3,2,3,1,1,19
U001758,11,5,5,4,1,5,0,0,29
U001759,9,2,8,2,0,4,2,1,22
U001760,15,0,5,1,0,4,1,1,14
U001761,27,3,11,3,0,15,2,1,35
U001762,8,0,3,0,3,6,0,1,17
U001763,25,6,7,6,1,3,1,0,21
U001764,18,0,4,3,0,9,0,0,11
U001765,14,5,8,5,0,4,3,1,27
U001766,22,3,9,1,0,5,4,1,21
U001767,15,2,5,4,1,3,2,2,16
U001768,17,6,9,4,1,12,1,0,33
U001769,9,2,3,3,0,4,1,0,23
U001770,13,3,2,1,3,2,2,1,13
U001771,17,2,8,3,1,8,1,2,24
U001772,18,2,4,2,0,9,1,1,18
U001773,8,0,4,2,1,3,0,1,14
U001774,16,7,4,4,0,7,1,2,17
U001775,9,2,3,3,1,4,1,1,12
U001776,16,4,5,3,0,6,1,0,23
U001777,12,0,1,1,1,3,0,1,15
U001778,14,1,9,3,0,1,1,3,19
U001779,14,5,3,4,3,7,0,1,21
U001780,5,0,9,1,2,6,0,0,9
U001781,9,2,3,7,2,7,1,1,33
U001782,18,0,8,3,0,9,1,0,29
U001783,10,1,4,2,0,4,1,0,14
U001784,7,0,2,2,0,4,1,2,17
U001785,12,0,8,3,1,2,1,1,14
U001786,11,0,3,2,0,3,0,2,17
U001787,14,5,9,1,1,10,2,2,23
U001788,8,0,4,3,0,4,0,3,20
U001789,16,7,8,6,0,3,0,1,28
U001790,13,0,7,0,0,5,2,0,15
U001791,9,1,6,3,0,7,2,2,15
U001792,9,1,7,3,3,2,0,0,6
U001793,11,0,3,3,1,8,2,3,15
U001794,16,4,5,3,0,4,4,1,17
U001795,15,1,4,4,1,5,0,1,18
U001796,20,4,6,6,0,11,0,1,25
U001797,11,2,0,2,0,4,1,0,23
U001798,11,1,0,4,0,3,0,2,13
U001799,16,6,6,7,1,9,1,2,24
U001800,15,2,7,2,0,1,2,1,13
U001801,13,0,5,2,0,3,1,3,26
U001802,12,2,4,2,2,6,2,0,21
U001803,13,0,6,3,0,2,3,1,13
U001804,18,1,10,5,0,9,1,1,22
U001805,16,1,5,2,0,12,0,1,20
U001806,9,1,1,2,0,8,0,0,20
U001807,20,3,2,5,0,6,3,1,15
U001808,12,5,8,2,0,5,2,1,20
U001809,10,3,7,1,0,8,1,0,15
U001810,8,1,9,4,5,6,0,0,17
U001811,6,4,7,2,0,5,2,1,15
U001812,9,1,6,3,0,4,2,0,20
U001813,11,2,6,3,1,5,0,0,24
U001814,16,3,4,3,0,3,2,1,19
U001815,26,6,4,2,0,6,1,1,35
U001816,8,2,0,4,1,2,0,0,15
U001817,14,1,4,0,0,4,2,0,21
U001818,12,4,4,2,0,6,1,2,19
U001819,9,2,4,1,5,2,0,0,31
U001820,22,2,6,9,0,7,4,4,28
U001821,11,1,9,2,0,6,0,0,24
U001822,12,0,3,1,1,8,1,1,12
U001823,8,0,3,4,0,7,0,1,24
U001824,13,1,8,1,0,7,0,0,22
U001825,11,0,3,2,1,3,1,0,12
U001826,6,0,3,0,2,2,1,1,13
U001827,6,0,3,0,2,4,1,1,9
U001828,17,1,4,0,2,3,1,0,15
U001829,12,1,4,2,1,4,0,0,15
U001830,11,5,6,4,4,5,2,3,23
U001831,11,2,7,2,0,7,3,0,26
U001832,14,6,5,2,2,6,1,0,17
U001833,8,3,3,3,0,3,1,3,21
U001834,5,0,7,4,0,2,0,0,18
U001835,13,1,7,1,1,2,1,2,16
U001836,6,0,6,2,1,4,0,0,24
U001837,9,0,4,4,0,7,1,3,30
U001838,13,0,4,5,0,6,1,0,15
U001839,23,4,9,8,0,5,1,0,14
U001840,12,0,4,6,0,3,0,1,14
U001841,15,0,5,3,0,6,2,2,21
U001842,15,2,4,4,0,6,1,0,20
U001843,15,2,9,3,0,5,0,3,19
U001844,11,2,8,2,1,7,0,1,26
U001845,21,2,10,2,0,12,1,0,20
U001846,7,3,9,3,1,9,3,0,25
U001847,11,4,7,0,0,7,1,1,17
U001848,11,3,3,2,0,4,1,1,27
U001849,11,4,4,3,0,8,1,1,19
U001850,20,1,7,1,1,7,1,2,27
U001851,8,0,8,3,2,2,2,0,13
U001852,14,2,7,3,0,2,0,1,18
U001853,11,0,7,2,3,4,1,0,20
U001854,6,0,2,1,2,3,0,1,11
U001855,10,0,7,3,0,8,0,1,17
U001856,11,0,1,2,2,2,0,1,12
U001857,23,5,9,6,0,10,4,0,23
U001858,13,2,1,2,5,1,1,2,19
U001859,13,2,3,1,0,9,2,0,19
U001860,24,2,5,1,1,5,0,1,33
U001861,11,4,5,4,2,5,1,3,33
U001862,7,0,4,3,0,3,0,1,18
U001863,8,0,6,1,7,1,0,2,4
U001864,10,5,4,5,4,6,0,0,16
U001865,11,1,4,3,0,5,1,1,18
U001866,11,2,11,0,0,7,1,0,30
U001867,14,0,2,2,0,3,3,0,21
U001868,20,2,5,6,2,7,2,1,30
U001869,12,0,9,2,0,5,0,2,23
U001870,10,1,5,0,0,3,3,2,20
U001871,8,0,4,3,0,7,1,1,17
U001872,9,1,8,0,0,7,1,1,9
U001873,11,0,3,5,0,9,1,0,20
U001874,15,0,2,1,0,1,0,1,15
U001875,18,5,8,2,0,13,1,1,18
U001876,7,1,1,2,2,1,4,0,18
U001877,14,2,9,5,0,6,0,3,18
U001878,7,1,8,2,1,7,2,0,22
U001879,4,0,2,1,5,3,0,2,13
U001880,14,4,8,4,2,11,3,2,30
U001881,22,6,11,6,0,9,0,1,20
U001882,16,4,6,8,0,8,1,1,26
U001883,24,2,12,7,0,7,1,0,28
U001884,25,3,6,3,1,4,1,2,28
U001885,16,6,8,6,0,5,2,1,23
U001886,9,1,4,3,0,2,2,1,18
U001887,7,4,1,0,2,4,3,0,15
U001888,8,2,6,5,0,5,1,0,25
U001889,8,1,4,3,0,5,1,2,21
U001890,17,3,10,2,0,4,0,0,24
U001891,13,5,6,6,1,4,3,1,21
U001892,13,0,3,3,0,8,1,2,10
U001893,13,2,12,7,6,3,1,2,24
U001894,5,0,4,1,2,3,1,1,14
U001895,23,2,4,5,0,6,3,0,17
U001896,10,8,6,2,0,9,4,0,16
U001897,8,0,3,4,0,4,2,1,23
U001898,11,0,8,2,0,2,1,0,16
U001899,13,1,4,2,0,3,3,2,25
U001900,12,3,6,2,5,12,3,2,17
U001901,9,0,4,1,0,5,0,1,20
U001902,12,1,5,5,0,4,1,0,29
U001903,18,4,5,3,4,6,0,2,14
U001904,14,5,2,5,2,4,1,0,23
U001905,10,1,8,1,1,5,2,0,9
U001906,23,6,4,2,1,7,1,3,26
U001907,9,1,6,3,0,3,1,0,16
U001908,19,3,8,4,1,4,0,1,25
U001909,7,0,5,2,3,7,0,0,16
U001910,9,0,6,0,2,6,1,0,9
U001911,13,3,8,4,0,7,3,0,24
U001912,14,5,0,2,1,8,0,2,27
U001913,14,4,6,3,0,8,2,0,29
U001914,14,1,5,8,0,9,3,4,17
U001915,12,1,9,0,0,5,0,1,21
U001916,10,1,0,0,0,7,0,0,14
U001917,23,2,12,3,1,5,3,1,25
U001918,12,5,4,2,0,4,1,0,22
U001919,19,3,11,2,1,4,0,2,20
U001920,9,4,4,3,1,1,2,1,26
U001921,15,0,4,1,0,4,1,0,19
U001922,8,0,6,6,0,5,0,0,13
U001923,8,0,7,3,1,8,2,3,29
U001924,28,7,5,4,1,5,0,1,22
U001925,11,0,4,2,1,6,0,2,13
U001926,8,0,6,3,0,9,0,0,15
U001927,24,3,7,4,0,9,2,0,32
U001928,4,0,3,3,1,5,0,1,5
U001929,19,4,11,5,1,6,1,1,25
U001930,7,0,5,4,0,5,0,2,19
U001931,12,2,4,4,0,1,2,0,17
U001932,11,1,2,0,0,3,0,1,16
U001933,9,2,4,4,1,4,0,0,15
U001934,19,7,3,4,0,3,2,0,28
U001935,12,0,2,5,2,4,0,2,12
U001936,14,2,11,4,0,6,2,0,20
U001937,6,0,3,1,5,2,1,0,10
U001938,13,1,5,4,0,3,0,0,12
U001939,14,1,6,3,0,6,0,1,18
U001940,17,3,7,1,1,8,1,1,29
U001941,17,6,6,4,0,7,3,0,28
U001942,2,1,7,3,0,6,1,1,15
U001943,13,6,2,3,1,13,0,0,28
U001944,16,1,6,4,0,4,0,2,18
U001945,14,3,4,4,0,7,1,0,24
U001946,15,2,5,6,0,6,0,1,18
U001947,11,3,5,8,1,6,3,0,22
U001948,19,4,11,5,0,8,1,2,15
U001949,17,5,4,3,0,8,7,1,26
U001950,7,4,7,2,5,7,0,1,16
U001951,9,2,7,4,1,10,2,2,26
U001952,6,3,5,3,0,8,0,1,17
U001953,10,2,5,0,5,4,1,0,12
U001954,10,1,4,2,1,2,0,2,16
U001955,24,4,7,2,1,4,0,2,17
U001956,15,1,4,4,3,6,5,1,33
U001957,11,2,4,6,0,4,1,0,17
U001958,13,0,3,4,0,10,2,0,16
U001959,18,1,3,2,0,5,2,0,13
U001960,14,0,5,1,4,5,1,0,14
U001961,9,4,10,4,0,8,3,1,19
U001962,24,0,11,2,0,16,0,1,19
U001963,17,4,3,4,4,3,1,1,21
U001964,11,1,3,2,0,5,0,0,23
U001965,14,3,7,2,2,9,4,3,20
U001966,11,2,4,7,0,9,0,1,25
U001967,17,3,10,6,1,5,2,0,23
U001968,10,0,4,6,3,6,1,1,19
U001969,12,5,14,3,0,0,3,2,30
U001970,15,0,1,0,2,9,0,0,15
U001971,8,0,3,6,0,3,3,0,12
U001972,7,1,9,3,0,8,2,2,27
U001973,10,3,4,3,0,6,0,0,25
U001974,12,0,8,2,4,4,0,1,17
U001975,14,0,6,4,0,3,5,1,9
U001976,14,5,13,2,0,12,0,0,20
U001977,22,2,5,2,0,3,1,1,18
U001978,7,0,11,2,0,6,1,0,12
U001979,7,1,5,4,0,4,2,2,15
U001980,17,6,5,0,0,2,2,3,26
U001981,8,0,6,2,1,5,1,0,12
U001982,15,1,4,3,12,4,0,1,12
U001983,16,2,8,1,0,9,0,1,20
U001984,12,1,3,2,0,3,4,0,12
U001985,16,2,3,3,0,7,1,1,19
U001986,7,1,5,1,0,4,0,0,19
U001987,24,5,10,6,0,10,2,2,37
U001988,16,2,6,4,0,3,1,0,15
U001989,11,3,5,2,0,7,1,1,12
U001990,24,1,12,2,1,11,1,1,18
U001991,12,1,8,2,1,0,1,0,18
U001992,17,3,5,1,3,6,1,0,15
U001993,12,1,9,2,0,4,3,1,23
U001994,12,1,4,1,0,3,2,0,20
U001995,26,4,4,0,1,7,0,3,29
U001996,13,2,6,1,0,8,4,0,21
U001997,12,0,2,1,0,7,0,1,17
U001998,7,1,8,1,0,3,1,1,17
U001999,21,2,3,4,0,7,0,1,24
U002000,6,1,3,1,1,6,2,1,6
U002001,15,3,8,2,0,7,1,0,28
U002002,14,4,4,2,4,6,1,0,15
U002003,13,2,2,3,0,4,1,1,20
U002004,3,0,2,1,1,3,1,1,5
U002005,10,4,1,1,4,10,1,3,15
U002006,15,4,8,3,2,2,1,1,21
U002007,14,5,2,3,4,7,3,2,13
U002008,15,6,5,3,0,10,3,3,24
U002009,21,2,3,4,0,4,2,0,22
U002010,13,0,12,3,1,3,1,1,19
U002011,12,4,4,5,3,2,3,1,19
U002012,10,0,2,0,0,3,0,0,10
U002013,11,1,5,4,0,2,0,0,18
U002014,16,1,7,7,1,9,3,2,22
U002015,18,1,8,5,0,6,1,4,39
U002016,7,5,5,1,0,7,1,3,25
U002017,15,4,1,2,0,2,2,1,8
U002018,16,2,10,3,0,3,0,0,27
U002019,5,0,3,3,1,2,1,1,17
U002020,19,4,8,3,3,7,2,2,15
U002021,12,0,1,1,0,6,1,1,8
U002022,9,6,6,3,3,3,0,0,14
U002023,11,0,7,2,1,1,0,1,22
U002024,13,4,11,0,0,8,1,0,29
U002025,11,1,4,5,2,5,1,1,13
U002026,8,1,7,1,7,2,2,3,15
U002027,13,1,4,5,1,5,0,2,15
U002028,4,0,6,3,1,10,0,2,20
U002029,12,3,8,5,0,4,0,2,18
U002030,7,2,5,4,1,10,1,1,22
U002031,20,4,5,3,0,4,0,0,16
U002032,15,0,2,6,0,3,2,0,17
U002033,19,1,7,5,0,7,0,0,24
U002034,18,3,6,3,0,8,1,0,19
U002035,14,1,7,5,0,6,0,2,12
U002036,19,5,7,4,0,6,0,0,27
U002037,14,1,8,2,2,7,1,0,25
U002038,14,4,2,1,0,1,1,1,23
U002039,5,0,4,1,1,3,1,1,17
U002040,13,2,9,4,0,9,2,0,23
U002041,8,6,3,2,3,3,1,1,17
U002042,18,2,7,4,0,4,0,2,21
U002043,33,0,11,4,0,7,1,0,23
U002044,14,1,4,4,2,5,2,0,18
U002045,26,3,4,2,1,9,3,0,23
U002046,6,0,6,1,0,6,3,0,13
U002047,11,7,7,6,0,4,0,2,26
U002048,9,3,1,1,1,7,1,0,14
U002049,20,4,5,3,1,4,1,1,28
U002050,10,1,10,2,2,4,1,1,25
U002051,17,1,10,5,2,11,0,2,24
U002052,11,8,2,2,0,8,0,3,25
U002053,13,4,7,1,3,5,2,1,14
U002054,8,4,3,4,2,4,1,0,19
U002055,18,3,4,5,0,4,1,0,30
U002056,10,2,5,1,0,2,0,0,15
U002057,13,3,2,4,1,3,0,1,23
U002058,1,1,5,1,1,0,0,2,12
U002059,13,2,3,2,6,4,1,3,20
U002060,16,1,3,4,0,4,1,0,18
U002061,12,3,8,5,0,10,2,2,21
U002062,7,0,5,5,0,4,0,0,19
U002063,14,6,4,4,0,8,3,2,26
U002064,17,2,8,1,1,4,3,0,20
U002065,13,3,10,3,0,8,4,2,21
U002066,18,3,6,3,1,4,2,1,22
U002067,13,6,7,1,5,4,0,1,20
U002068,7,0,3,2,1,1,1,0,19
U002069,9,1,7,1,5,6,1,1,19
U002070,12,2,1,0,1,5,2,0,14
U002071,11,0,3,1,1,3,1,1,10
U002072,20,0,4,6,0,10,0,1,25
U002073,14,5,9,5,1,9,2,1,33
U002074,10,2,12,4,0,7,3,1,23
U002075,10,1,8,2,0,9,1,2,21
U002076,6,0,5,1,0,5,0,0,21
U002077,14,4,4,4,3,6,0,1,17
U002078,11,0,2,4,0,3,0,1,14
U002079,15,0,4,1,1,3,2,0,16
U002080,15,7,8,10,1,6,2,0,34
U002081,4,1,5,1,3,5,0,0,8
U002082,10,3,9,4,0,7,0,1,26
U002083,13,3,4,4,0,6,1,1,23
U002084,17,0,3,2,0,6,0,0,23
U002085,18,5,1,4,0,11,0,1,23
U002086,16,3,6,4,0,6,1,0,18
U002087,12,1,1,3,0,8,3,0,21
U002088,9,2,5,1,0,7,2,1,21
U002089,12,2,6,4,0,6,3,1,17
U002090,10,2,11,1,2,4,0,0,24
U002091,19,6,3,6,0,8,1,2,20
U002092,8,0,7,3,1,4,1,0,19
U002093,18,7,3,3,0,9,0,0,32
U002094,13,0,7,5,0,5,0,0,19
U002095,10,0,8,2,0,6,1,1,22
U002096,4,0,3,3,4,4,1,1,9
U002097,19,4,11,4,1,10,1,3,25
U002098,18,3,5,0,0,7,1,0,30
U002099,19,7,4,5,0,3,3,0,17
U002100,8,0,5,2,0,6,0,2,21
U002101,14,6,6,0,2,5,2,0,22
U002102,11,0,5,4,3,4,0,1,15
U002103,13,5,10,5,1,8,2,2,31
U002104,6,2,5,2,1,5,2,1,9
U002105,12,1,1,1,0,2,0,2,17
U002106,8,0,3,1,0,3,0,0,14
U002107,22,2,8,3,0,7,1,1,30
U002108,15,8,1,5,0,5,1,2,23
U002109,10,3,4,3,0,9,2,5,20
U002110,14,0,4,3,0,7,0,0,15
U002111,7,3,11,5,0,8,4,0,24
U002112,24,3,12,2,0,6,0,2,21
U002113,10,4,5,5,1,4,2,0,24
U002114,12,1,3,2,1,3,0,0,20
U002115,16,4,9,2,0,5,2,1,32
U002116,17,1,5,1,1,6,0,3,32
U002117,16,1,6,1,0,4,3,1,23
U002118,9,1,2,1,1,1,2,2,25
U002119,12,0,7,7,0,4,2,1,17
U002120,19,5,7,5,0,5,0,1,10
U002121,12,1,3,1,0,3,0,1,11
U002122,12,1,7,3,1,5,2,0,30
U002123,16,5,5,2,0,4,0,0,20
U002124,10,0,2,3,1,1,1,0,13
U002125,6,2,6,3,0,5,0,5,18
U002126,13,1,4,2,1,7,1,0,21
U002127,12,4,12,5,0,6,3,0,21
U002128,19,5,1,5,0,9,3,1,28
U002129,18,4,8,5,0,7,1,1,26
U002130,11,3,1,3,5,5,1,0,22
U002131,18,3,5,6,0,7,1,0,25
U002132,13,5,5,3,2,8,1,1,31
U002133,11,1,2,1,2,5,1,1,21
U002134,12,0,5,3,0,2,1,1,19
U002135,7,0,7,4,0,4,1,0,16
U002136,16,7,3,5,2,4,0,0,15
U002137,8,1,5,0,4,7,2,3,14
U002138,20,4,5,4,0,10,2,0,12
U002139,12,0,4,1,2,3,0,1,16
U002140,14,0,7,1,0,9,0,1,25
U002141,16,2,5,4,1,3,1,1,22
U002142,13,3,4,6,2,10,3,1,20
U002143,16,1,10,2,1,5,3,2,32
U002144,15,1,7,2,0,6,0,1,18
U002145,7,0,6,2,0,3,0,0,16
U002146,10,0,5,2,0,5,2,0,16
U002147,21,6,10,6,0,8,0,2,30
U002148,7,1,7,1,0,4,3,0,15
U002149,12,1,5,2,1,2,3,1,22
U002150,12,0,1,3,5,4,1,2,9
U002151,15,2,8,5,2,3,5,0,24
U002152,7,0,4,2,2,1,0,0,11
U002153,14,1,6,3,0,2,2,0,16
U002154,10,1,8,2,0,7,0,1,20
U002155,17,1,7,1,0,8,0,0,17
U002156,18,4,10,5,0,3,3,2,34
U002157,7,0,4,7,2,2,1,2,11
U002158,10,0,5,2,4,1,2,1,12
U002159,11,1,4,3,2,3,0,1,11
U002160,9,1,10,7,1,3,2,0,31
U002161,10,0,7,3,1,5,3,0,23
U002162,15,0,6,6,0,4,1,0,29
U002163,15,0,7,3,0,5,0,2,17
U002164,13,3,10,6,0,2,2,2,19
U002165,18,3,12,4,2,12,0,0,23
U002166,7,0,5,5,0,6,1,2,21
U002167,18,1,6,4,0,8,0,0,31
U002168,15,4,5,5,0,8,3,2,16
U002169,12,1,4,0,5,6,0,1,12
U002170,9,0,2,3,3,1,1,0,10
U002171,3,0,7,3,0,4,0,0,26
U002172,13,2,4,2,1,8,2,0,21
U002173,6,8,8,4,0,5,1,2,22
U002174,10,1,4,5,0,4,1,0,13
U002175,15,6,6,3,0,5,0,2,21
U002176,18,1,5,3,0,2,1,0,17
U002177,14,1,1,2,4,6,4,0,14
U002178,14,1,7,1,0,10,2,2,24
U002179,7,1,4,5,0,3,0,2,16
U002180,7,0,3,0,1,2,0,0,21
U002181,10,2,4,0,1,5,3,1,19
U002182,11,0,7,6,4,4,0,1,13
U002183,17,6,7,2,0,6,0,1,22
U002184,10,3,1,2,3,4,1,1,10
U002185,15,8,10,4,1,8,0,2,23
U002186,14,2,6,2,0,9,2,0,13
U002187,19,3,6,3,0,4,2,1,20
U002188,13,1,5,3,3,0,0,0,16
U002189,11,2,7,2,0,9,1,1,24
U002190,20,1,5,4,0,6,0,2,25
U002191,15,7,6,5,0,8,3,1,17
U002192,9,1,5,1,4,5,0,1,13
U002193,18,2,7,0,0,5,0,1,11
U002194,14,4,4,6,1,7,1,3,37
U002195,10,1,1,5,0,4,1,0,12
U002196,12,2,4,4,0,3,0,0,11
U002197,26,8,10,3,1,8,0,1,17
U002198,12,3,7,3,2,5,1,2,20
U002199,17,3,10,10,0,6,0,0,22
U002200,20,3,7,2,1,8,1,2,20
U002201,16,4,10,3,0,6,1,1,23
U002202,12,0,5,2,5,8,0,0,10
U002203,9,4,8,0,0,1,2,0,19
U002204,7,1,7,2,0,4,0,1,17
U002205,11,5,6,4,1,2,2,2,30
U002206,18,1,5,3,1,2,1,1,13
U002207,9,5,8,1,0,5,2,0,17
U002208,12,0,8,2,0,4,2,0,19
U002209,15,2,2,3,2,6,1,2,15
U002210,14,7,4,2,0,6,1,0,23
U002211,17,1,6,1,0,3,1,0,15
U002212,14,3,4,9,0,10,3,1,21
U002213,13,5,6,5,0,11,2,0,18
U002214,11,3,9,2,1,7,0,0,23
U002215,14,2,10,3,0,6,0,1,27
U002216,16,4,5,4,0,8,0,0,23
U002217,16,2,8,4,2,13,4,1,31
U002218,4,2,8,2,2,1,0,0,9
U002219,11,2,6,5,0,8,0,0,16
U002220,11,3,12,2,1,3,2,2,26
U002221,10,2,3,1,1,6,2,0,18
U002222,14,2,8,4,0,2,1,0,24
U002223,10,3,9,3,0,5,1,0,15
U002224,5,1,2,4,0,5,1,1,17
U002225,17,2,9,2,1,3,3,2,26
U002226,9,0,3,2,0,4,1,3,17
U002227,10,3,3,1,0,5,1,0,28
U002228,15,2,8,4,3,6,1,1,22
U002229,17,6,5,6,1,9,1,0,22
U002230,11,0,3,4,0,4,3,2,24
U002231,17,3,11,5,0,6,1,0,19
U002232,4,1,3,5,0,6,0,1,22
U002233,16,0,5,0,3,0,1,0,9
U002234,13,4,4,2,1,11,3,3,35
U002235,18,3,10,0,0,10,2,0,17
U002236,8,3,6,3,0,4,4,1,29
U002237,17,1,6,1,5,1,0,0,15
U002238,8,1,3,2,4,3,0,1,9
U002239,11,4,10,1,0,2,1,1,20
U002240,17,2,4,6,0,7,3,2,39
U002241,15,3,7,1,1,8,4,2,16
U002242,9,1,6,1,0,3,2,1,20
U002243,18,3,8,3,1,8,0,0,28
U002244,10,0,3,1,4,3,0,1,16
U002245,11,5,2,2,0,3,2,0,22
U002246,22,3,15,6,1,5,5,1,25
U002247,11,1,2,5,1,6,1,1,25
U002248,13,2,10,2,0,7,1,0,21
U002249,11,0,6,4,0,4,1,0,18
U002250,5,2,5,1,1,4,0,2,11
U002251,13,1,4,1,0,10,1,0,19
U002252,8,0,6,0,0,6,1,2,17
U002253,14,3,5,4,0,2,2,1,20
U002254,15,1,3,1,0,3,1,2,16
U002255,11,1,5,2,2,3,1,2,18
U002256,9,4,10,2,4,11,3,0,24
U002257,8,3,13,3,0,7,2,1,31
U002258,5,0,8,0,0,5,0,0,16
U002259,14,3,7,2,2,5,3,3,23
U002260,10,4,6,6,1,5,1,1,10
U002261,16,4,5,3,1,12,2,3,23
U002262,13,1,5,3,0,7,1,0,21
U002263,19,5,11,4,0,5,2,3,30
U002264,9,4,2,9,0,2,0,0,22
U002265,15,3,6,6,1,11,2,2,19
U002266,14,1,6,0,0,9,1,2,22
U002267,15,6,6,0,0,5,0,1,9
U002268,11,2,3,2,1,2,1,3,20
U002269,20,3,5,2,0,5,2,2,29
U002270,10,4,5,3,3,11,0,0,22
U002271,10,2,7,0,2,9,6,0,21
U002272,8,3,7,3,1,6,1,0,9
U002273,18,4,5,2,0,13,2,2,28
U002274,7,0,5,3,2,1,0,2,20
U002275,10,2,5,3,0,3,3,1,21
U002276,10,1,0,2,2,5,0,1,11
U002277,10,7,5,4,0,4,3,2,23
U002278,15,6,14,5,1,10,1,2,36
U002279,16,1,6,5,0,15,2,4,20
U002280,14,4,4,3,0,5,1,1,17
U002281,18,4,12,4,0,6,1,0,32
U002282,16,2,10,0,0,4,1,0,21
U002283,25,6,6,6,0,5,0,1,22
U002284,14,0,2,4,0,4,0,2,9
U002285,8,4,4,1,1,5,0,1,22
U002286,14,1,9,3,0,10,0,1,21
U002287,9,0,5,2,0,2,1,1,14
U002288,12,0,4,4,0,3,0,0,15
U002289,24,5,8,2,0,6,1,1,17
U002290,10,4,7,4,1,2,3,2,25
U002291,10,2,5,3,9,4,0,1,15
U002292,16,3,6,2,0,5,1,5,20
U002293,8,1,8,5,0,4,1,1,16
U002294,15,3,11,3,0,5,0,1,19
U002295,11,6,2,1,0,13,0,0,7
U002296,16,0,7,1,1,5,0,1,11
U002297,11,1,4,1,1,2,0,0,21
U002298,16,2,8,2,1,9,0,0,26
U002299,10,0,5,2,0,4,2,0,22
U002300,23,1,9,5,0,8,6,1,31
U002301,9,0,3,1,0,2,0,0,15
U002302,9,1,6,2,3,3,2,0,17
U002303,13,1,4,5,1,5,2,0,17
U002304,7,1,4,0,0,6,0,2,13
U002305,18,3,11,7,0,7,0,4,27
U002306,4,1,3,4,6,10,2,0,16
U002307,11,2,9,1,5,9,2,0,28
U002308,14,2,3,2,0,4,0,2,15
U002309,6,5,4,1,1,2,0,1,22
U002310,15,3,4,3,1,3,3,1,26
U002311,29,3,5,2,1,7,4,1,20
U002312,13,1,1,3,0,6,1,0,17
U002313,7,3,7,3,0,8,1,2,21
U002314,14,3,8,0,0,6,0,2,19
U002315,10,0,8,5,0,4,1,0,14
U002316,11,1,8,6,1,4,6,0,28
U002317,9,1,2,1,5,1,0,0,9
U002318,18,2,8,2,0,3,2,0,26
U002319,12,6,6,5,2,5,2,0,20
U002320,8,2,3,3,0,5,1,0,24
U002321,12,0,5,5,1,4,1,0,22
U002322,12,2,6,5,0,7,1,0,17
U002323,11,1,6,1,0,5,0,2,24
U002324,16,1,6,0,0,8,3,0,23
U002325,16,3,4,2,6,8,3,2,21
U002326,9,0,0,4,0,4,1,1,14
U002327,11,3,8,5,2,2,0,1,21
U002328,20,2,2,3,0,8,0,2,19
U002329,19,1,9,0,0,6,3,0,27
U002330,15,4,4,5,0,9,1,0,18
U002331,7,2,4,2,0,4,1,2,12
U002332,20,6,6,5,1,4,1,0,25
U002333,11,0,2,3,0,4,2,1,30
U002334,12,2,5,3,0,2,1,1,18
U002335,20,4,4,4,4,2,0,1,20
U002336,11,1,3,1,3,5,0,0,20
U002337,14,0,8,6,0,5,1,0,21
U002338,12,0,1,1,1,7,0,0,9
U002339,7,1,7,4,1,3,2,1,22
U002340,18,3,10,0,1,4,1,1,23
U002341,7,3,4,1,3,3,0,0,10
U002342,8,5,14,2,0,4,3,0,23
U002343,9,2,5,2,0,3,1,2,15
U002344,11,1,2,2,0,5,1,1,23
U002345,11,0,2,2,0,5,0,1,19
U002346,9,0,5,0,1,11,0,0,19
U002347,16,3,6,6,0,10,0,3,28
U002348,12,1,6,2,0,3,2,0,22
U002349,13,2,5,1,0,2,1,0,13
U002350,10,1,2,3,0,7,1,1,16
U002351,12,3,8,2,3,5,1,0,15
U002352,17,5,10,1,0,7,4,2,24
U002353,16,2,7,3,1,9,2,1,21
U002354,14,1,6,3,2,2,2,1,23
U002355,13,3,5,1,0,7,2,0,19
U002356,9,0,4,2,1,6,2,2,17
U002357,17,5,10,4,0,11,1,1,19
U002358,12,3,4,0,1,9,5,1,29
U002359,8,0,4,3,0,4,2,1,16
U002360,14,3,2,1,1,7,2,0,18
U002361,13,3,14,1,0,3,2,1,17
U002362,20,0,8,3,0,4,1,1,29
U002363,16,5,8,4,0,5,1,2,30
U002364,18,2,9,1,8,9,0,0,18
U002365,24,4,5,3,0,4,2,0,22
U002366,12,0,1,2,0,5,0,0,14
U002367,16,1,3,2,0,2,2,2,20
U002368,6,0,5,2,3,3,0,0,10
U002369,20,2,5,9,0,3,1,0,19
U002370,9,1,3,1,0,5,2,1,13
U002371,10,1,3,3,0,1,0,1,20
U002372,18,5,5,2,0,7,0,3,22
U002373,12,3,3,1,6,4,3,2,21
U002374,7,2,4,2,0,3,0,0,11
U002375,9,0,2,1,0,9,0,2,27
U002376,15,1,3,2,1,4,2,0,21
U002377,8,0,5,3,1,4,1,2,14
U002378,11,0,4,2,2,1,1,0,15
U002379,11,1,4,2,1,3,1,0,15
U002380,10,4,5,3,1,6,3,1,10
U002381,8,2,4,5,0,4,1,1,25
U002382,10,1,6,3,3,5,1,0,8
U002383,10,2,11,2,1,4,0,0,15
U002384,9,4,5,3,0,2,1,2,13
U002385,12,0,5,1,1,3,2,0,27
U002386,13,1,8,3,0,2,1,1,14
U002387,23,7,11,2,0,6,1,1,23
U002388,9,0,6,3,0,5,1,1,25
U002389,12,1,13,3,0,4,1,0,21
U002390,10,7,10,3,0,12,2,0,40
U002391,10,4,4,2,1,2,3,1,10
U002392,13,1,11,5,1,5,2,1,30
U002393,14,6,6,7,0,9,1,0,30
U002394,15,0,6,3,0,5,2,1,23
U002395,11,6,5,2,0,6,1,0,12
U002396,11,1,6,2,0,4,2,0,13
U002397,11,0,3,1,0,5,0,1,14
U002398,14,3,11,9,2,6,2,0,21
U002399,11,3,6,3,6,3,1,1,22
U002400,11,7,7,5,0,2,1,0,24
U002401,14,1,8,2,1,3,2,2,18
U002402,10,4,5,2,0,5,0,0,26
U002403,14,1,7,4,0,8,2,0,38
U002404,10,0,2,3,0,4,2,1,16
U002405,24,1,6,8,0,6,0,2,19
U002406,12,1,5,3,0,9,2,0,21
U002407,15,5,0,5,1,2,0,0,24
U002408,7,3,7,3,0,5,1,1,18
U002409,7,4,5,4,0,3,0,1,32
U002410,13,1,4,3,0,9,1,2,20
U002411,13,1,2,1,0,3,0,1,16
U002412,18,0,7,1,1,7,0,1,25
U002413,13,3,8,5,0,6,4,1,26
U002414,11,1,6,3,0,7,2,2,14
U002415,20,1,6,4,0,5,2,1,25
U002416,9,0,6,2,3,7,0,0,15
U002417,15,2,5,2,0,4,1,0,16
U002418,7,0,9,2,0,3,2,2,18
U002419,20,2,7,4,1,6,1,1,24
U002420,15,2,10,2,0,3,2,1,23
U002421,12,2,7,2,0,3,1,1,16
U002422,23,1,8,2,0,6,0,1,27
U002423,21,6,4,2,0,7,0,0,19
U002424,12,1,4,3,0,7,3,1,23
U002425,9,8,5,2,0,5,2,0,20
U002426,10,0,3,2,7,3,2,2,6
U002427,5,0,8,4,0,4,0,0,15
U002428,10,0,7,4,0,1,0,1,23
U002429,22,3,9,2,0,9,2,1,25
U002430,12,4,10,4,0,11,1,1,21
U002431,3,3,5,3,3,1,1,1,9
U002432,12,1,5,1,1,6,2,1,17
U002433,18,1,2,1,0,3,1,1,21
U002434,11,2,6,3,1,6,0,1,33
U002435,16,1,7,2,0,6,0,0,24
U002436,9,3,5,4,1,4,1,0,22
U002437,14,0,5,2,0,3,0,1,16
U002438,12,0,6,3,1,8,0,1,20
U002439,7,0,0,1,4,3,0,0,9
U002440,19,4,6,2,0,4,2,1,17
U002441,11,1,2,1,0,2,2,1,19
U002442,8,0,4,3,0,7,1,0,13
U002443,14,0,5,1,0,7,2,0,16
U002444,10,4,4,1,0,2,2,2,23
U002445,11,3,8,2,3,6,0,2,14
U002446,19,1,10,1,0,9,2,1,26
U002447,17,2,6,4,0,5,0,0,16
U002448,6,0,4,1,2,2,2,0,7
U002449,6,3,8,0,0,7,1,1,15
U002450,11,7,6,5,0,6,0,0,13
U002451,16,6,6,3,0,9,3,0,26
U002452,11,4,5,3,2,3,1,3,17
U002453,11,1,5,3,0,4,1,1,22
U002454,16,2,3,5,1,4,3,2,26
U002455,15,2,5,2,2,4,0,2,27
U002456,8,0,3,0,0,4,2,0,15
U002457,14,1,3,4,0,5,1,0,22
U002458,10,3,9,3,2,7,1,1,25
U002459,20,7,10,4,1,14,1,1,26
U002460,18,1,5,3,2,6,3,0,31
U002461,11,6,5,2,0,7,1,1,32
U002462,13,3,6,1,0,10,0,0,27
U002463,8,0,8,3,0,8,1,0,16
U002464,10,4,10,1,1,6,4,4,15
U002465,14,5,6,3,2,8,2,3,27
U002466,7,1,6,1,4,3,2,2,18
U002467,9,4,6,3,0,5,1,2,17
U002468,14,0,2,2,0,11,0,0,24
U002469,18,3,5,3,5,3,0,1,18
U002470,12,0,7,5,2,8,2,1,19
U002471,17,2,5,2,0,6,1,1,16
U002472,11,4,3,1,0,3,0,0,23
U002473,13,6,9,4,0,7,3,0,18
U002474,19,5,2,3,0,7,0,1,24
U002475,9,4,8,4,0,6,2,0,14
U002476,14,0,5,6,0,5,2,0,17
U002477,15,2,3,4,1,6,2,0,20
U002478,12,5,4,4,0,4,1,0,26
U002479,11,0,3,1,0,5,1,2,11
U002480,12,3,8,1,3,6,2,2,20
U002481,16,3,6,2,0,4,1,1,25
U002482,9,0,3,3,0,9,0,1,15
U002483,7,1,4,0,3,4,0,0,10
U002484,10,0,8,0,4,3,0,0,12
U002485,19,8,5,4,1,5,5,0,30
U002486,18,4,10,2,0,9,0,0,32
U002487,11,1,5,2,0,3,0,2,22
U002488,9,0,6,3,0,2,0,0,15
U002489,11,1,6,4,0,6,1,2,21
U002490,15,0,5,2,0,8,0,1,17
U002491,14,0,6,1,1,7,3,1,10
U002492,12,5,10,3,1,4,1,1,23
U002493,15,3,3,6,0,5,1,0,15
U002494,10,3,7,3,0,5,2,0,24
U002495,18,4,5,1,0,6,0,0,26
U002496,13,0,8,5,0,6,4,1,17
U002497,14,0,4,2,0,2,0,1,20
U002498,12,3,6,2,1,6,3,2,30
U002499,12,2,3,4,0,6,1,1,30
U002500,13,1,1,2,0,4,0,0,20
U002501,19,1,5,5,0,9,1,2,21
U002502,15,0,11,5,0,4,0,1,26
U002503,11,3,8,3,0,3,1,0,22
U002504,16,3,3,2,2,5,1,0,18
U002505,13,1,4,0,0,6,2,1,19
U002506,20,0,11,5,1,9,0,1,37
U002507,14,5,10,0,1,4,1,2,28
U002508,10,3,3,2,0,8,1,0,23
U002509,10,2,5,3,0,5,1,1,12
U002510,10,5,9,3,0,12,0,0,13
U002511,7,2,2,0,4,0,0,0,14
U002512,15,1,8,3,3,4,2,0,20
U002513,7,1,6,3,0,7,0,1,23
U002514,17,7,14,0,0,8,2,1,13
U002515,11,0,4,0,0,7,0,0,19
U002516,9,0,2,2,1,4,1,1,14
U002517,12,6,6,4,1,7,3,1,18
U002518,15,1,10,2,0,7,4,1,15
U002519,8,2,4,3,5,3,0,1,17
U002520,15,5,5,1,3,6,0,0,23
U002521,17,4,4,1,0,3,2,0,31
U002522,13,1,3,2,1,4,1,1,12
U002523,18,3,5,3,1,3,1,0,9
U002524,12,3,5,1,0,5,1,1,23
U002525,19,4,8,3,1,9,1,2,26
U002526,12,2,4,5,0,2,0,1,15
U002527,11,1,7,3,7,9,1,2,12
U002528,9,0,2,0,1,2,0,1,14
U002529,10,2,4,1,0,2,0,0,19
U002530,16,2,8,0,0,4,2,2,23
U002531,15,4,5,5,0,13,5,3,28
U002532,15,0,6,4,6,5,1,1,23
U002533,9,2,4,5,1,3,1,2,20
U002534,15,6,6,3,0,3,1,1,20
U002535,8,1,7,5,0,2,2,0,13
U002536,7,3,4,5,4,7,4,1,15
U002537,10,4,6,5,0,10,0,0,22
U002538,9,1,6,3,3,3,0,0,6
U002539,14,2,4,2,0,1,1,1,16
U002540,12,4,7,4,0,5,2,4,27
U002541,11,2,8,6,0,6,1,2,17
U002542,15,1,3,2,1,3,0,0,12
U002543,8,4,8,4,1,5,1,1,25
U002544,20,0,7,3,1,8,0,0,18
U002545,21,6,7,4,1,2,1,1,31
U002546,14,4,11,5,0,7,2,1,32
U002547,9,3,3,2,3,3,0,0,12
U002548,5,3,6,3,4,3,1,1,24
U002549,11,2,8,2,0,5,2,1,21
U002550,16,5,10,3,0,7,1,2,25
U002551,9,1,1,1,2,3,1,0,14
U002552,19,2,6,5,1,10,1,3,26
U002553,13,2,3,2,0,5,0,1,20
U002554,19,0,6,2,1,6,2,2,24
U002555,7,0,2,1,5,1,1,1,10
U002556,6,3,1,4,5,5,3,1,13
U002557,9,0,6,1,3,5,1,2,7
U002558,9,2,7,2,1,0,0,0,15
U002559,20,4,8,5,0,10,3,1,28
U002560,14,0,8,2,0,5,3,1,34
U002561,13,0,2,3,0,5,0,0,13
U002562,9,4,7,5,0,5,1,0,23
U002563,8,2,4,2,0,6,1,0,23
U002564,11,1,4,1,0,2,1,3,19
U002565,14,0,2,2,1,5,2,4,16
U002566,15,1,10,2,0,3,2,2,14
U002567,14,3,4,1,0,10,1,1,26
U002568,15,0,5,2,1,2,1,1,11
U002569,19,6,6,4,2,8,3,1,29
U002570,11,3,4,6,1,7,1,0,18
U002571,11,5,5,4,0,5,0,0,25
U002572,17,3,7,2,4,4,0,1,20
U002573,8,0,8,1,5,2,1,2,21
U002574,11,0,5,0,4,5,2,0,7
U002575,20,5,10,1,0,12,1,2,35
U002576,7,3,5,3,0,5,0,3,20
U002577,7,0,1,1,4,4,1,1,16
U002578,10,1,8,1,4,4,2,0,17
U002579,17,4,12,3,0,6,1,1,24
U002580,13,1,5,1,5,6,2,2,6
U002581,21,4,7,4,1,11,1,1,30
U002582,17,3,5,1,0,7,6,1,20
U002583,17,3,12,1,0,5,1,1,15
U002584,17,3,7,1,0,8,0,3,30
U002585,16,1,5,1,2,5,0,1,21
U002586,18,3,8,3,0,7,1,1,12
U002587,11,2,11,3,0,6,2,0,24
U002588,10,1,3,2,1,7,1,2,17
U002589,8,1,6,1,0,4,0,0,19
U002590,15,7,5,3,0,12,0,2,25
U002591,9,9,6,0,0,5,1,1,20
U002592,14,4,4,6,4,4,0,1,25
U002593,9,4,4,3,0,14,4,1,29
U002594,13,2,5,3,0,11,0,1,26
U002595,7,1,6,3,3,3,1,0,18
U002596,16,7,3,5,0,6,0,0,22
U002597,14,1,3,1,0,0,1,1,13
U002598,9,0,4,3,1,4,2,0,8
U002599,18,4,3,6,1,7,2,1,23
U002600,11,0,2,2,2,4,0,1,16
U002601,11,1,4,1,0,2,1,0,16
U002602,6,1,3,4,0,4,0,0,12
U002603,10,1,3,2,0,6,1,0,10
U002604,16,4,6,1,1,2,0,2,25
U002605,12,3,9,3,0,5,0,2,27
U002606,17,5,8,1,0,4,1,0,22
U002607,13,0,7,2,6,6,1,1,27
U002608,15,3,3,3,0,11,2,3,30
U002609,25,2,3,7,1,9,1,0,28
U002610,7,0,4,4,1,3,0,1,19
U002611,19,4,6,3,1,8,2,0,21
U002612,13,4,13,3,0,9,2,0,31
U002613,16,3,6,2,1,8,3,0,20
U002614,23,2,5,2,4,10,2,0,23
U002615,8,2,10,2,1,5,0,1,25
U002616,13,4,5,7,1,3,1,0,18
U002617,8,1,6,4,0,2,0,0,25
U002618,9,5,7,4,4,3,2,0,17
U002619,14,2,6,7,5,3,0,0,23
U002620,12,8,9,3,0,4,0,1,25
U002621,12,3,4,3,0,4,3,0,20
U002622,9,0,11,0,0,5,0,2,8
U002623,8,1,3,3,0,3,0,0,22
U002624,9,0,2,2,3,5,0,0,6
U002625,11,3,0,2,3,5,0,1,14
U002626,7,2,3,2,3,1,0,0,8
U002627,15,3,6,4,0,11,1,0,18
U002628,10,0,4,3,0,3,0,0,11
U002629,11,1,3,5,0,5,0,2,14
U002630,10,3,2,4,1,6,1,0,17
U002631,7,1,4,2,1,3,0,0,13
U002632,10,1,6,2,0,3,0,1,16
U002633,17,0,5,3,1,4,1,0,27
U002634,8,0,5,2,2,8,1,0,11
U002635,10,3,1,2,0,4,0,3,21
U002636,14,4,5,2,1,4,1,2,12
U002637,8,0,4,2,2,2,0,0,16
U002638,11,2,7,5,0,8,1,1,26
U002639,15,1,4,4,0,5,0,2,18
U002640,4,1,3,1,2,2,0,0,13
U002641,15,3,5,2,0,6,0,1,32
U002642,14,4,7,4,0,5,1,0,14
U002643,9,1,3,5,0,5,1,3,15
U002644,13,3,7,1,3,6,0,2,12
U002645,17,3,14,4,1,7,0,3,26
U002646,12,1,6,3,0,3,0,3,23
U002647,12,2,6,0,1,3,0,1,10
U002648,10,0,3,2,2,6,2,0,12
U002649,8,0,2,1,3,2,0,1,13
U002650,12,0,5,3,5,6,1,0,16
U002651,8,0,2,0,2,2,2,1,11
U002652,9,1,4,4,3,3,0,0,11
U002653,11,6,9,4,0,7,3,1,21
U002654,16,1,5,4,0,4,2,0,8
U002655,9,1,6,3,0,6,1,4,16
U002656,18,2,4,3,1,2,3,0,14
U002657,14,1,6,2,0,7,0,4,21
U002658,16,5,6,1,0,4,0,0,19
U002659,15,2,3,2,1,6,2,1,20
U002660,12,3,3,5,1,11,1,2,19
U002661,17,4,7,1,1,7,0,3,21
U002662,12,1,4,5,2,3,0,0,23
U002663,14,2,7,2,1,10,3,2,35
U002664,20,0,2,2,0,5,0,1,13
U002665,12,0,8,1,0,3,2,0,18
U002666,10,1,7,3,0,8,0,0,24
U002667,14,3,6,3,0,7,1,2,21
U002668,12,1,4,5,3,2,0,0,19
U002669,9,7,4,3,0,2,0,2,21
U002670,7,0,5,2,0,2,2,1,22
U002671,17,7,9,4,0,8,0,1,26
U002672,10,1,6,0,0,7,2,1,25
U002673,13,0,7,0,1,5,2,0,18
U002674,14,0,7,4,0,9,2,2,12
U002675,12,0,6,3,1,5,1,0,13
U002676,7,1,1,2,8,4,4,0,22
U002677,9,0,7,4,0,5,3,0,25
U002678,8,4,4,1,0,4,2,1,21
U002679,21,0,2,4,1,12,0,1,19
U002680,16,4,11,3,0,6,4,2,27
U002681,6,0,1,2,2,2,1,0,8
U002682,16,4,10,6,3,3,2,0,18
U002683,15,1,1,3,0,6,1,4,23
U002684,8,0,3,4,0,3,1,1,14
U002685,9,0,1,2,4,2,1,0,7
U002686,15,3,3,9,0,5,4,2,26
U002687,21,1,9,2,0,8,1,0,32
U002688,15,4,10,4,2,4,2,1,19
U002689,7,1,4,6,4,3,0,1,18
U002690,13,0,4,3,0,7,1,0,17
U002691,16,4,4,5,0,8,1,0,17
U002692,15,1,9,5,1,9,1,1,38
U002693,10,2,7,4,1,8,3,0,21
U002694,18,4,5,2,2,5,2,2,26
U002695,14,1,6,1,0,3,1,1,14
U002696,7,0,9,3,1,1,2,1,20
U002697,8,0,6,4,2,7,0,0,17
U002698,15,3,5,6,0,6,1,0,19
U002699,14,3,8,4,0,6,0,1,14
U002700,13,0,8,2,1,5,4,2,23
U002701,8,3,3,0,0,2,1,1,12
U002702,10,1,3,4,0,4,0,1,6
U002703,17,2,6,2,0,7,2,2,38
U002704,5,0,5,0,3,4,2,0,18
U002705,15,2,10,4,0,3,1,1,18
U002706,11,0,3,1,1,5,1,0,11
U002707,18,4,5,6,1,6,0,1,21
U002708,9,0,9,3,0,7,0,1,21
U002709,7,1,2,6,5,6,0,0,18
U002710,17,2,4,2,0,1,1,3,27
U002711,16,3,7,5,4,12,2,1,19
U002712,11,3,6,2,1,5,0,1,21
U002713,21,4,8,5,0,8,2,3,34
U002714,11,0,6,2,0,4,1,1,16
U002715,13,4,2,3,6,9,2,1,21
U002716,13,3,7,2,6,2,4,3,14
U002717,14,3,4,1,0,5,2,0,23
U002718,10,0,2,0,1,4,0,1,15
U002719,8,3,5,1,6,5,0,0,25
U002720,8,1,5,2,4,1,0,0,12
U002721,20,4,5,6,0,10,2,1,33
U002722,8,0,2,3,0,4,0,0,9
U002723,11,2,4,3,4,5,2,1,17
U002724,10,1,3,1,1,5,2,1,18
U002725,12,1,8,3,0,10,0,4,22
U002726,15,3,9,4,2,2,2,1,12
U002727,12,1,2,0,0,5,0,2,17
U002728,7,1,3,0,0,7,2,1,23
U002729,12,2,7,4,1,2,0,1,18
U002730,17,1,10,6,1,9,0,0,19
U002731,14,2,5,2,0,6,3,1,27
U002732,11,4,10,4,0,6,0,1,22
U002733,6,0,6,0,0,3,1,3,10
U002734,18,4,5,2,1,6,0,4,24
U002735,24,6,5,3,0,12,1,3,26
U002736,17,7,6,5,0,5,4,0,26
U002737,9,0,3,2,0,3,0,0,20
U002738,16,2,3,0,2,4,3,2,12
U002739,20,7,10,8,0,4,1,1,25
U002740,12,2,3,2,0,6,1,2,21
U002741,15,1,12,2,0,6,4,0,23
U002742,12,2,5,6,0,6,2,0,9
U002743,10,1,6,1,1,4,1,0,17
U002744,18,1,5,6,0,9,2,1,14
U002745,19,2,6,2,0,7,3,1,20
U002746,12,1,2,1,1,5,1,0,13
U002747,18,3,6,4,0,8,3,1,21
U002748,18,6,4,1,0,12,2,3,31
U002749,12,2,8,4,0,7,3,0,19
U002750,8,5,5,5,2,2,2,0,13
U002751,10,4,4,3,0,5,0,2,18
U002752,13,3,6,4,0,7,0,1,11
U002753,9,0,9,4,0,5,0,0,24
U002754,14,1,4,3,2,7,1,0,16
U002755,10,3,2,2,3,8,0,1,18
U002756,8,0,7,2,0,4,2,1,22
U002757,8,0,5,1,4,1,0,1,10
U002758,16,3,11,5,0,7,1,0,22
U002759,10,6,11,3,0,7,2,0,20
U002760,10,0,6,3,3,4,0,0,14
U002761,22,4,3,7,0,16,1,1,21
U002762,15,2,7,4,1,5,2,3,22
U002763,25,2,3,3,0,6,4,2,23
U002764,18,3,4,4,1,7,1,0,18
U002765,7,3,5,1,1,5,1,1,13
U002766,20,4,7,1,3,9,0,0,24
U002767,10,0,2,7,1,2,3,1,13
U002768,10,1,2,4,4,7,0,0,18
U002769,14,5,8,2,0,6,0,0,33
U002770,10,0,2,3,0,4,3,2,12
U002771,7,0,4,1,3,2,1,0,11
U002772,11,2,6,4,3,11,3,2,21
U002773,12,0,2,2,2,6,0,2,15
U002774,22,3,10,5,2,9,2,2,33
U002775,14,6,9,4,1,7,1,1,19
U002776,7,1,5,2,3,2,1,0,14
U002777,8,2,7,1,6,7,2,0,10
U002778,11,0,4,3,0,7,0,1,16
U002779,14,0,9,0,0,3,0,1,11
U002780,12,1,4,1,1,0,1,0,11
U002781,11,3,6,0,0,6,1,0,19
U002782,7,0,3,1,3,2,0,0,8
U002783,12,0,8,2,0,6,2,0,22
U002784,17,2,9,3,1,3,2,1,27
U002785,14,5,6,5,0,7,1,2,29
U002786,5,0,5,3,5,3,0,0,7
U002787,14,3,6,1,1,3,2,0,24
U002788,16,2,0,1,0,4,1,2,16
U002789,14,6,6,4,2,3,1,2,20
U002790,8,0,3,3,0,5,1,1,19
U002791,18,2,5,2,0,5,1,2,20
U002792,13,5,4,5,0,11,2,1,27
U002793,14,2,4,5,0,8,1,2,30
U002794,12,3,4,2,0,5,1,1,21
U002795,14,6,4,8,0,8,0,1,22
U002796,8,0,2,3,0,5,2,0,18
U002797,7,0,1,2,0,3,1,0,19
U002798,13,1,4,4,0,7,1,2,11
U002799,11,1,5,2,4,0,1,1,13
U002800,6,2,2,1,1,5,0,2,10
U002801,13,0,1,2,1,4,0,2,18
U002802,16,8,10,5,3,4,1,1,26
U002803,13,3,8,5,8,6,2,2,25
U002804,12,7,6,3,0,6,2,0,30
U002805,9,1,5,2,1,3,2,0,21
U002806,7,2,9,4,0,4,0,1,30
U002807,11,0,1,0,2,2,0,1,12
U002808,20,3,6,2,1,6,0,1,15
U002809,19,1,4,2,0,8,0,1,13
U002810,17,2,7,4,0,13,2,3,29
U002811,15,3,6,2,1,10,2,3,16
U002812,13,1,8,3,0,6,1,0,17
U002813,16,2,3,3,0,5,2,1,19
U002814,19,0,8,4,0,5,0,1,23
U002815,16,2,4,2,0,5,0,1,20
U002816,10,1,8,1,0,7,0,3,13
U002817,9,2,8,3,6,3,1,0,16
U002818,20,3,3,4,0,7,2,1,25
U002819,5,1,3,2,1,6,2,2,10
U002820,9,1,4,5,0,3,0,0,21
U002821,4,0,0,2,3,1,0,0,12
U002822,9,4,9,4,0,9,0,2,20
U002823,8,4,8,2,1,7,1,0,14
U002824,18,3,7,3,0,9,2,3,28
U002825,22,8,9,2,2,5,0,2,25
U002826,8,2,10,5,5,2,1,1,28
U002827,9,1,2,6,0,6,1,4,21
U002828,16,1,9,4,0,3,0,1,18
U002829,9,0,7,4,1,4,1,0,23
U002830,18,3,2,3,0,11,1,0,25
U002831,21,6,6,6,0,11,0,1,16
U002832,15,1,6,3,0,9,2,0,20
U002833,15,5,7,3,0,5,1,5,19
U002834,7,1,3,1,2,3,4,1,8
U002835,14,3,6,1,0,1,0,0,27
U002836,20,3,7,4,0,8,1,0,19
U002837,8,0,5,1,6,3,1,1,8
U002838,14,1,8,4,0,10,0,0,18
U002839,13,0,10,3,1,5,2,2,19
U002840,10,5,7,4,1,7,1,2,20
U002841,14,2,9,2,0,4,2,3,19
U002842,5,1,7,1,0,5,3,0,10
U002843,13,0,6,2,1,8,0,0,20
U002844,9,0,4,3,0,4,4,1,11
U002845,19,1,4,1,0,7,2,0,13
U002846,9,5,5,5,0,5,0,1,22
U002847,12,0,3,1,1,7,1,3,22
U002848,11,1,5,3,0,2,1,0,11
U002849,6,1,6,2,5,4,0,0,26
U002850,8,0,5,6,1,4,1,0,20
U002851,14,3,11,3,0,7,3,2,26
U002852,11,4,7,7,0,5,0,1,21
U002853,12,2,5,3,0,8,2,1,28
U002854,10,3,9,4,5,5,1,2,26
U002855,7,3,10,0,3,13,2,0,14
U002856,18,4,7,2,0,3,0,0,22
U002857,19,1,7,2,0,10,3,0,15
U002858,17,3,5,2,2,9,1,2,21
U002859,13,3,8,8,0,6,4,0,22
U002860,8,0,2,1,7,4,1,0,16
U002861,14,1,8,1,0,6,4,1,17
U002862,20,3,11,6,0,10,1,1,32
U002863,18,4,10,1,0,5,1,1,21
U002864,16,1,8,4,0,6,3,1,22
U002865,23,4,8,5,1,9,1,0,23
U002866,15,0,3,5,1,1,1,0,19
U002867,13,4,8,3,0,7,1,1,20
U002868,9,1,2,2,2,3,0,0,12
U002869,8,2,7,3,0,3,0,0,20
U002870,6,0,5,2,3,5,2,0,10
U002871,14,3,8,0,0,9,0,0,22
U002872,22,6,4,8,0,4,1,1,15
U002873,19,6,7,3,0,7,0,5,22
U002874,18,3,1,2,0,3,1,0,18
U002875,19,3,6,1,0,5,2,1,18
U002876,13,0,3,0,0,6,0,1,9
U002877,11,0,6,1,1,2,1,0,9
U002878,12,3,4,2,1,5,2,0,18
U002879,12,4,4,5,6,4,1,1,29
U002880,10,4,11,7,0,12,3,1,25
U002881,11,0,3,1,0,11,0,1,22
U002882,10,4,6,1,2,8,0,0,28
U002883,13,0,2,3,0,5,1,4,21
U002884,16,2,2,3,0,9,3,0,14
U002885,4,0,5,2,0,3,1,1,16
U002886,15,2,8,5,0,9,3,0,29
U002887,21,3,8,6,2,6,3,1,18
U002888,10,3,7,2,0,7,2,0,23
U002889,5,1,2,3,0,0,1,2,14
U002890,10,1,5,1,0,1,3,1,12
U002891,20,4,4,0,1,4,1,1,20
U002892,9,4,2,5,0,8,1,1,28
U002893,8,3,6,2,4,4,0,0,27
U002894,13,5,4,2,0,13,1,0,19
U002895,17,0,2,2,0,1,0,1,21
U002896,10,1,4,2,5,6,0,1,11
U002897,10,1,7,1,0,6,2,2,18
U002898,8,1,2,2,2,4,2,0,12
U002899,13,2,5,4,1,3,0,2,11
U002900,20,2,10,2,0,8,1,0,22
U002901,11,3,8,0,0,8,2,0,20
U002902,15,6,8,2,0,5,2,1,25
U002903,10,4,4,2,3,3,0,0,14
U002904,20,5,11,4,0,7,0,1,16
U002905,11,2,8,3,3,5,2,0,14
U002906,15,2,6,6,1,6,0,0,23
U002907,15,2,5,3,1,2,1,2,13
U002908,15,1,1,0,0,2,0,1,21
U002909,17,3,7,4,0,7,2,2,17
U002910,20,4,5,5,0,4,1,1,24
U002911,7,1,5,0,2,1,0,0,5
U002912,12,1,6,2,0,8,3,0,19
U002913,12,1,8,2,0,8,1,0,10
U002914,15,1,4,2,0,2,3,0,18
U002915,10,0,10,4,0,2,1,2,13
U002916,17,4,10,4,1,8,2,4,34
U002917,18,4,2,3,1,9,1,1,24
U002918,11,6,5,0,0,7,2,1,30
U002919,8,2,1,4,0,3,0,1,29
U002920,10,0,3,3,0,3,1,0,16
U002921,8,0,2,0,0,6,0,1,14
U002922,12,1,9,2,0,3,0,1,17
U002923,7,1,6,1,0,4,1,0,16
U002924,21,4,7,0,0,7,3,1,30
U002925,16,3,3,2,1,9,1,1,22
U002926,16,0,1,5,1,5,2,2,16
U002927,9,3,8,4,0,3,2,0,19
U002928,8,1,3,0,0,4,1,1,20
U002929,12,5,8,5,1,5,1,0,19
U002930,12,3,7,0,1,6,1,1,26
U002931,16,1,3,3,0,4,0,1,16
U002932,19,2,10,5,0,8,0,1,25
U002933,8,0,6,0,6,3,1,0,10
U002934,10,1,4,4,0,7,1,2,16
U002935,10,2,4,2,0,6,2,1,12
U002936,14,1,1,2,0,5,1,0,14
U002937,11,2,10,0,1,5,0,5,23
U002938,17,0,7,1,1,10,1,3,20
U002939,8,1,2,2,4,6,3,1,14
U002940,11,1,3,1,0,7,2,0,16
U002941,12,5,7,6,0,8,3,2,36
U002942,11,1,9,3,0,6,1,6,21
U002943,13,3,9,3,0,13,1,1,23
U002944,22,4,5,7,0,4,1,1,27
U002945,21,4,4,2,0,12,3,0,21
U002946,13,2,9,6,0,12,1,1,26
U002947,17,0,7,2,0,7,1,2,11
U002948,27,2,7,5,0,7,1,2,34
U002949,12,2,1,3,3,5,2,0,16
U002950,19,2,10,2,0,6,3,1,22
U002951,10,1,3,2,0,6,1,1,24
U002952,13,0,7,4,0,3,0,0,24
U002953,8,0,2,2,4,3,0,0,13
U002954,6,3,3,0,5,5,1,2,11
U002955,18,4,4,2,0,6,2,0,22
U002956,10,1,0,3,0,3,1,1,11
U002957,15,0,1,0,2,3,1,0,15
U002958,10,3,5,3,1,9,0,3,23
U002959,15,2,4,4,0,12,2,0,25
U002960,12,3,6,2,0,6,1,0,17
U002961,8,2,4,2,1,5,4,1,22
U002962,25,1,4,2,1,2,1,1,18
U002963,11,0,5,4,0,6,0,3,21
U002964,16,1,9,4,2,5,0,1,23
U002965,8,5,6,2,0,10,1,0,18
U002966,16,1,9,8,0,5,2,0,30
U002967,10,2,6,3,0,1,1,1,17
U002968,14,2,7,2,6,6,0,0,25
U002969,6,0,4,0,3,5,0,1,24
U002970,14,6,10,4,1,12,2,1,26
U002971,20,3,13,2,0,14,1,0,28
U002972,12,0,1,5,0,6,0,1,13
U002973,16,4,5,0,0,3,3,0,16
U002974,14,2,5,3,0,4,0,0,24
U002975,6,1,4,2,0,3,1,1,16
U002976,11,2,9,3,1,6,2,0,28
U002977,17,5,11,3,0,5,4,1,35
U002978,10,3,5,6,0,8,1,2,23
U002979,19,1,7,4,0,5,1,0,24
U002980,12,4,3,1,1,1,0,2,26
U002981,12,0,4,2,0,4,1,0,13
U002982,22,7,3,1,5,4,3,3,17
U002983,9,0,7,2,0,3,0,0,12
U002984,7,1,9,4,1,4,2,0,20
U002985,9,1,3,5,0,2,0,0,9
U002986,11,0,3,5,1,3,1,1,25
U002987,11,1,6,1,1,2,1,0,15
U002988,13,0,5,3,0,4,1,1,13
U002989,7,5,4,2,0,6,1,0,17
U002990,10,0,7,2,1,1,0,0,14
U002991,11,2,6,5,0,3,0,0,28
U002992,9,1,3,3,1,1,1,1,14
U002993,9,3,8,6,0,3,0,1,16
U002994,15,2,8,2,1,9,3,1,27
U002995,19,1,4,2,1,5,0,0,19
U002996,9,1,2,3,0,5,0,1,22
U002997,17,4,9,3,0,13,0,1,24
U002998,5,4,4,1,6,5,2,1,17
U002999,11,1,5,4,0,4,2,0,20
U003000,20,5,9,2,0,8,0,1,17
U003001,20,4,4,8,0,8,2,1,27
U003002,11,1,7,1,3,7,3,0,22
U003003,18,7,4,2,0,3,2,1,9
U003004,19,0,3,5,1,5,1,4,20
U003005,14,0,3,3,0,5,2,2,12
U003006,15,1,6,4,0,5,0,0,23
U003007,15,1,11,4,0,3,0,0,17
U003008,12,0,8,5,0,2,2,0,17
U003009,13,3,8,4,0,7,1,0,36
U003010,9,3,9,6,0,9,1,0,33
U003011,11,3,7,2,1,9,4,1,24
U003012,14,3,3,3,0,6,0,2,30
U003013,12,1,3,1,0,1,0,0,16
U003014,7,3,2,7,0,6,1,1,18
U003015,7,0,3,1,1,5,1,1,11
U003016,7,0,1,4,0,5,1,1,17
U003017,7,1,8,1,0,6,1,0,14
U003018,11,1,4,2,0,4,3,3,24
U003019,5,2,0,1,1,3,1,0,21
U003020,9,2,4,2,1,2,2,1,17
U003021,15,0,5,3,0,5,1,1,14
U003022,8,3,8,4,0,11,0,0,32
U003023,10,2,5,2,1,6,0,0,16
U003024,13,2,4,4,2,2,1,0,12
U003025,9,0,6,1,0,10,4,1,19
U003026,16,1,6,2,1,1,3,0,26
U003027,14,5,12,0,0,6,2,0,18
U003028,17,0,4,2,0,6,3,2,23
U003029,23,2,7,3,0,5,0,1,24
U003030,15,0,12,0,0,1,0,1,18
U003031,13,0,1,3,0,5,0,1,18
U003032,15,3,14,6,0,9,0,0,41
U003033,8,1,2,1,0,6,1,0,16
U003034,7,1,2,2,0,2,0,0,18
U003035,17,7,9,8,0,9,0,1,23
U003036,12,0,3,2,5,3,0,0,12
U003037,5,4,5,7,2,11,0,1,18
U003038,14,4,4,3,0,11,0,0,30
U003039,10,2,6,2,0,8,2,0,11
U003040,13,1,5,4,0,4,1,0,22
U003041,6,1,8,5,0,5,2,1,19
U003042,13,2,6,2,0,3,1,0,19
U003043,22,3,9,2,0,6,1,1,20
U003044,9,2,4,3,0,1,0,0,17
U003045,11,3,9,0,0,2,2,0,11
U003046,12,3,9,4,1,7,3,1,30
U003047,8,1,4,2,1,3,2,0,17
U003048,20,2,5,5,0,3,1,3,28
U003049,6,0,6,5,0,2,0,1,20
U003050,13,0,6,4,2,4,2,0,15
U003051,19,7,6,4,2,2,2,0,42
U003052,10,3,6,2,0,9,1,1,20
U003053,11,0,3,1,0,6,2,0,16
U003054,10,0,4,2,0,5,1,3,15
U003055,10,1,7,4,1,4,2,2,19
U003056,7,0,9,3,0,2,3,0,15
U003057,11,2,5,2,2,2,1,0,12
U003058,10,0,5,2,0,7,0,1,20
U003059,11,0,6,2,1,5,1,0,19
U003060,14,6,4,3,0,13,3,2,25
U003061,19,4,4,1,0,5,1,1,24
U003062,14,1,4,3,0,7,2,1,20
U003063,13,1,6,2,0,5,0,0,10
U003064,13,0,5,1,0,2,1,3,19
U003065,12,2,8,5,6,7,0,2,23
U003066,9,1,3,0,0,7,2,1,25
U003067,20,3,9,4,0,8,3,2,28
U003068,16,0,2,3,4,5,1,1,12
U003069,11,4,3,2,0,3,1,0,28
U003070,15,2,5,5,0,6,3,0,23
U003071,11,2,5,6,1,2,1,1,14
U003072,17,2,15,1,1,10,2,0,32
U003073,7,0,6,0,1,2,2,1,12
U003074,13,1,4,2,1,5,0,2,25
U003075,17,3,5,1,2,8,0,1,21
U003076,15,3,15,3,0,10,1,1,27
U003077,11,6,3,5,0,6,1,3,15
U003078,6,0,3,4,1,7,0,1,21
U003079,15,1,7,5,1,11,1,0,40
U003080,13,4,5,7,1,9,2,1,20
U003081,10,9,3,4,0,9,0,1,24
U003082,17,3,7,2,3,8,1,1,25
U003083,13,3,10,2,1,8,1,0,23
U003084,11,0,3,1,4,4,1,1,12
U003085,14,0,4,3,1,6,2,1,13
U003086,14,4,10,4,0,8,1,1,28
U003087,18,5,5,6,1,7,2,1,19
U003088,14,4,10,2,3,6,1,1,28
U003089,10,0,6,1,0,4,1,2,22
U003090,15,1,4,3,0,5,1,2,32
U003091,14,2,11,2,1,7,0,0,29
U003092,16,1,9,2,0,4,1,2,14
U003093,16,6,8,3,0,5,0,1,18
U003094,11,0,7,0,4,3,2,0,15
U003095,6,3,8,0,0,6,0,4,34
U003096,14,1,5,0,1,8,2,0,18
U003097,11,1,3,2,0,1,1,1,13
U003098,14,4,7,8,1,6,0,2,17
U003099,23,3,7,6,0,9,0,2,24
U003100,16,2,5,5,0,1,1,2,29
U003101,14,0,8,3,0,6,1,0,18
U003102,10,0,5,2,0,2,2,0,14
U003103,11,0,3,1,2,6,1,0,10
U003104,6,0,3,0,2,1,2,1,12
U003105,10,0,5,1,2,3,1,0,14
U003106,14,1,2,2,0,3,1,3,17
U003107,11,4,8,4,0,8,0,1,19
U003108,10,0,7,2,0,7,1,1,17
U003109,9,1,7,4,1,4,2,0,15
U003110,10,5,8,4,1,4,1,0,21
U003111,14,0,5,2,0,7,1,4,14
U003112,26,3,5,8,0,3,2,1,19
U003113,15,1,2,1,0,3,3,2,21
U003114,10,2,6,2,6,4,2,0,10
U003115,15,4,7,0,2,4,0,1,20
U003116,17,2,10,5,0,8,1,1,34
U003117,8,1,5,4,0,5,2,1,22
U003118,17,4,4,2,0,4,2,2,18
U003119,16,7,7,8,0,7,2,2,28
U003120,17,3,11,5,1,7,1,2,23
U003121,7,0,5,3,0,5,1,2,8
U003122,17,3,9,1,0,5,1,0,25
U003123,13,0,5,3,1,2,0,0,13
U003124,13,1,4,3,0,6,0,0,18
U003125,12,2,6,2,0,7,2,1,21
U003126,18,4,5,5,0,3,1,0,26
U003127,24,4,10,7,0,8,3,1,30
U003128,7,0,1,0,2,3,2,0,12
U003129,20,1,7,5,0,7,2,1,28
U003130,13,1,5,1,0,4,1,0,25
U003131,11,1,6,3,0,2,0,0,15
U003132,23,0,14,0,3,13,1,2,18
U003133,15,3,11,3,0,6,1,1,26
U003134,15,0,6,4,0,11,0,3,29
U003135,12,2,6,2,0,7,1,0,25
U003136,20,2,6,4,0,6,4,0,18
U003137,15,5,7,4,3,5,1,0,32
U003138,20,2,4,3,0,12,0,1,25
U003139,4,0,4,2,1,8,0,0,12
U003140,13,3,7,3,0,5,2,2,21
U003141,9,0,3,4,0,3,0,2,17
U003142,9,0,8,3,6,5,1,0,24
U003143,6,0,4,1,0,5,2,0,14
U003144,11,0,10,1,0,7,1,0,16
U003145,15,1,5,7,1,5,3,0,20
U003146,17,6,7,3,0,5,1,1,29
U003147,13,3,5,4,0,5,1,2,20
U003148,12,1,3,1,5,2,1,2,16
U003149,16,4,6,3,1,5,1,1,18
U003150,11,0,8,1,2,3,0,0,16
U003151,12,2,6,1,0,5,0,2,23
U003152,12,3,8,2,0,8,0,2,25
U003153,10,1,4,0,3,3,1,1,12
U003154,12,0,8,2,0,5,0,3,17
U003155,6,0,3,1,1,2,2,1,8
U003156,22,2,4,2,0,7,4,1,18
U003157,11,0,5,3,1,3,1,1,19
U003158,9,3,11,3,0,7,3,1,24
U003159,14,1,6,2,0,7,0,1,20
U003160,9,2,5,1,0,7,0,0,16
U003161,11,0,2,2,1,5,0,1,6
U003162,14,3,4,2,0,8,1,1,21
U003163,17,5,7,5,0,8,2,1,19
U003164,13,2,3,5,1,6,0,3,31
U003165,15,1,7,1,0,7,0,1,8
U003166,16,2,4,3,0,6,1,0,22
U003167,13,1,7,3,1,3,2,0,13
U003168,14,0,4,4,0,2,2,0,18
U003169,21,5,7,7,1,5,2,2,31
U003170,14,0,7,2,0,3,0,3,12
U003171,7,0,2,2,2,2,2,0,19
U003172,5,0,5,2,1,2,2,1,15
U003173,12,1,5,0,0,10,0,3,21
U003174,15,6,6,4,0,4,1,0,23
U003175,8,0,8,1,0,3,0,2,14
U003176,13,1,11,3,0,3,1,2,18
U003177,12,1,3,2,0,3,1,1,21
U003178,9,1,4,2,1,3,1,2,15
U003179,18,4,9,5,0,6,1,2,21
U003180,15,3,7,2,0,11,0,0,24
U003181,15,3,4,1,0,6,1,1,21
U003182,7,4,6,4,0,7,1,1,17
U003183,14,5,5,4,0,9,3,0,26
U003184,11,1,3,4,2,3,1,1,7
U003185,9,4,9,2,0,3,1,2,23
U003186,8,1,3,1,0,2,1,1,7
U003187,8,0,3,1,4,2,0,0,13
U003188,6,0,3,2,1,3,2,1,13
U003189,17,1,7,3,1,4,1,0,11
U003190,7,0,3,7,1,4,2,1,13
U003191,13,2,5,6,1,3,0,0,18
U003192,15,0,1,1,0,4,0,1,13
U003193,13,4,3,0,0,8,1,0,21
U003194,15,6,10,4,0,5,2,2,29
U003195,12,4,1,1,0,2,1,2,30
U003196,13,5,4,1,0,3,3,0,17
U003197,16,6,6,5,0,11,1,2,32
U003198,12,3,5,3,0,7,2,0,24
U003199,18,7,8,4,0,6,3,0,37
U003200,14,5,8,5,1,11,3,0,28
U003201,7,2,2,2,0,5,1,0,10
U003202,21,4,12,2,0,8,3,1,25
U003203,6,0,5,1,7,5,1,0,16
U003204,6,0,8,3,0,8,1,1,20
U003205,11,6,7,3,0,14,0,2,23
U003206,14,0,3,3,0,5,3,0,12
U003207,14,2,6,5,0,2,0,0,21
U003208,14,3,3,4,2,5,0,0,27
U003209,13,0,8,2,0,8,1,1,22
U003210,15,7,5,5,2,7,1,1,18
U003211,16,1,4,1,0,3,0,1,15
U003212,7,5,7,2,0,8,0,0,31
U003213,17,4,3,2,0,9,1,0,32
U003214,23,6,7,3,0,4,0,1,29
U003215,17,2,3,0,1,4,0,1,23
U003216,19,1,11,3,0,7,2,2,18
U003217,12,3,4,3,4,4,0,0,26
U003218,8,1,3,2,1,3,1,0,17
U003219,15,4,7,4,0,5,0,2,22
U003220,14,3,2,2,0,4,2,1,34
U003221,8,0,4,4,0,4,0,0,15
U003222,7,6,5,4,0,8,3,3,27
U003223,18,1,8,3,0,9,2,1,21
U003224,18,3,5,3,0,6,0,1,14
U003225,9,0,1,2,1,10,1,0,11
U003226,5,0,0,0,0,4,1,0,5
U003227,11,2,3,5,3,4,2,0,17
U003228,15,2,5,4,1,8,1,0,23
U003229,8,6,5,5,0,6,3,0,23
U003230,11,5,4,3,0,4,1,0,27
U003231,9,0,7,2,1,5,1,2,13
U003232,9,3,4,3,1,2,1,1,24
U003233,17,5,8,5,0,6,2,1,22
U003234,12,0,6,2,0,8,1,1,23
U003235,13,1,2,4,0,6,2,2,23
U003236,9,3,2,0,3,4,2,0,11
U003237,18,2,7,3,0,11,0,0,34
U003238,20,1,3,6,0,6,2,1,25
U003239,11,1,3,5,0,6,0,0,12
U003240,13,4,5,3,1,4,2,0,20
U003241,9,3,10,4,0,7,0,2,28
U003242,14,1,2,3,1,7,1,1,20
U003243,8,2,6,2,4,4,1,1,11
U003244,13,3,6,3,0,9,4,0,23
U003245,12,0,4,3,3,8,2,0,13
U003246,9,0,5,0,2,2,0,0,15
U003247,13,2,8,1,0,8,1,0,28
U003248,11,4,7,2,0,8,1,1,31
U003249,8,0,5,3,0,6,0,1,20
U003250,18,3,7,2,1,11,1,0,35
U003251,9,1,6,3,0,6,1,1,19
U003252,23,2,7,3,0,3,0,1,33
U003253,11,0,7,3,0,5,0,0,10
U003254,14,1,8,0,0,8,2,1,30
U003255,17,0,2,2,0,8,0,0,13
U003256,12,3,4,7,1,4,1,2,21
U003257,18,2,6,1,2,1,0,0,9
U003258,9,0,4,2,0,6,1,0,20
U003259,17,0,5,4,0,1,0,0,15
U003260,14,2,8,3,0,5,4,2,14
U003261,14,3,2,2,0,4,0,0,21
U003262,10,0,3,5,5,4,0,0,9
U003263,21,3,7,4,0,4,0,0,24
U003264,20,1,7,4,0,6,1,1,29
U003265,12,3,3,3,0,6,1,3,13
U003266,18,3,5,2,0,7,1,0,18
U003267,11,2,9,2,5,4,2,2,16
U003268,6,0,3,3,0,6,0,1,14
U003269,6,2,3,4,3,4,0,1,19
U003270,18,2,6,5,0,6,4,3,20
U003271,9,5,5,3,1,8,1,0,13
U003272,6,0,4,1,2,7,3,1,13
U003273,10,0,3,2,0,2,3,1,18
U003274,9,0,5,0,2,2,2,0,16
U003275,14,3,6,4,0,10,1,1,16
U003276,13,3,3,5,1,7,1,1,24
U003277,6,0,5,1,0,6,0,1,22
U003278,8,1,3,1,0,3,0,0,21
U003279,14,0,4,2,0,8,2,1,14
U003280,13,1,6,3,3,4,0,0,15
U003281,13,0,6,2,0,4,1,2,16
U003282,12,2,8,1,2,5,1,1,28
U003283,15,2,10,6,0,4,1,1,26
U003284,5,0,0,1,7,1,1,1,14
U003285,13,0,5,2,0,12,0,1,20
U003286,21,1,7,2,0,8,3,2,26
U003287,11,3,6,4,0,2,1,0,19
U003288,14,2,10,7,1,6,1,1,26
U003289,15,5,6,0,4,6,1,1,25
U003290,14,7,4,2,0,6,5,3,24
U003291,18,4,5,3,0,3,0,1,28
U003292,9,2,14,5,0,5,3,0,35
U003293,11,2,2,8,0,7,3,1,20
U003294,14,3,4,5,0,7,0,1,21
U003295,11,3,4,3,0,9,0,3,17
U003296,19,3,5,5,0,4,2,3,41
U003297,15,4,12,2,0,7,1,2,42
U003298,17,3,6,3,2,5,1,1,23
U003299,9,1,8,5,0,8,3,0,24
U003300,19,2,1,4,4,6,1,1,20
U003301,9,3,5,2,6,6,0,1,19
U003302,16,4,2,10,0,5,1,0,23
U003303,16,1,3,2,0,2,2,0,15
U003304,17,1,2,1,0,0,0,1,18
U003305,7,2,4,2,0,6,3,3,18
U003306,15,1,8,3,0,3,0,3,28
U003307,22,5,4,5,1,5,1,1,28
U003308,10,1,5,1,0,2,0,2,18
U003309,11,3,4,2,0,5,1,0,16
U003310,14,1,2,5,6,4,1,0,13
U003311,18,2,6,2,0,2,0,1,14
U003312,5,0,2,5,0,6,2,2,13
U003313,10,2,3,4,5,5,3,0,18
U003314,3,0,3,1,1,4,0,0,15
U003315,11,0,1,1,0,4,0,0,10
U003316,23,5,9,1,1,4,1,3,18
U003317,14,2,8,1,0,5,1,1,32
U003318,3,0,2,1,1,3,2,0,10
U003319,8,1,6,4,1,3,0,1,15
U003320,6,0,1,2,0,3,1,2,25
U003321,10,2,8,1,2,4,2,4,14
U003322,20,0,6,4,2,7,1,2,23
U003323,17,4,8,5,1,9,0,3,29
U003324,9,2,4,3,0,7,1,1,29
U003325,20,2,4,2,0,9,0,0,29
U003326,20,2,5,1,1,9,1,0,24
U003327,8,0,9,5,0,6,3,1,18
U003328,14,2,4,3,0,11,3,1,26
U003329,23,5,11,5,0,11,4,2,27
U003330,23,3,8,2,0,8,0,1,30
U003331,17,3,4,2,0,2,1,3,16
U003332,5,3,5,1,4,1,2,1,15
U003333,7,1,5,7,0,5,0,0,24
U003334,10,7,1,5,3,8,0,0,40
U003335,10,5,8,4,0,8,2,0,22
U003336,8,2,3,1,1,8,2,0,16
U003337,14,2,8,2,0,14,2,1,15
U003338,15,4,9,4,0,11,3,2,37
U003339,8,5,8,5,1,2,2,1,20
U003340,16,4,7,3,2,14,6,3,37
U003341,16,3,6,4,2,11,2,0,31
U003342,10,0,5,1,1,1,0,1,17
U003343,23,5,9,6,0,10,3,2,27
U003344,6,1,3,2,0,2,0,0,11
U003345,10,2,8,3,0,7,1,1,23
U003346,14,2,6,1,1,5,0,1,20
U003347,15,1,10,6,0,9,1,0,25
U003348,13,1,2,4,0,8,2,2,18
U003349,11,0,4,3,1,9,2,1,16
U003350,9,1,10,1,1,7,3,0,18
U003351,14,1,2,1,0,3,4,3,15
U003352,8,3,2,0,2,2,0,0,15
U003353,12,1,2,0,4,2,1,0,6
U003354,24,4,4,3,0,7,3,0,24
U003355,16,0,6,1,0,4,0,1,12
U003356,6,0,2,2,2,4,0,0,20
U003357,10,2,10,1,2,4,1,0,16
U003358,12,3,8,3,0,7,0,1,22
U003359,11,2,4,1,4,4,1,2,17
U003360,13,0,13,1,0,5,0,2,21
U003361,6,2,9,2,0,5,0,2,9
U003362,14,4,3,3,6,1,1,0,19
U003363,10,0,5,3,0,2,0,1,19
U003364,14,1,7,5,9,8,0,3,28
U003365,21,1,3,4,2,7,2,1,28
U003366,10,2,6,4,0,8,1,1,25
U003367,10,0,6,1,1,7,3,1,26
U003368,12,2,6,2,1,5,1,0,17
U003369,8,1,3,1,4,3,0,2,11
U003370,16,4,11,3,0,5,2,1,14
U003371,21,2,13,3,0,6,1,2,23
U003372,8,0,2,1,1,5,0,1,14
U003373,12,0,7,7,0,6,1,1,15
U003374,7,0,5,0,0,2,1,0,8
U003375,10,1,8,4,0,4,1,0,30
U003376,16,5,9,3,0,5,1,1,33
U003377,13,3,6,5,0,3,1,1,14
U003378,17,3,6,4,2,10,1,2,30
U003379,21,1,11,3,0,11,2,0,26
U003380,13,0,3,2,0,2,4,0,22
U003381,12,1,3,5,0,5,1,0,19
U003382,8,3,5,4,1,8,1,0,23
U003383,12,4,5,1,0,10,0,0,19
U003384,12,6,14,1,0,8,1,1,28
U003385,9,2,3,0,0,5,1,2,14
U003386,14,2,9,1,0,10,0,4,14
U003387,12,1,5,1,0,5,0,1,15
U003388,16,3,7,2,0,6,0,2,29
U003389,8,1,9,2,0,9,2,0,25
U003390,6,0,3,1,1,3,1,1,6
U003391,12,1,7,2,0,2,2,0,18
U003392,9,0,1,0,4,2,1,0,6
U003393,6,0,4,4,6,4,0,1,21
U003394,7,0,3,1,0,4,0,3,14
U003395,11,5,3,4,0,9,3,0,19
U003396,19,0,4,4,0,7,0,1,31
U003397,11,3,10,2,0,7,5,0,22
U003398,14,1,5,3,0,8,2,1,22
U003399,19,2,5,5,1,4,1,0,22
U003400,11,2,5,7,0,6,2,0,21
U003401,8,2,3,4,0,6,1,0,16
U003402,10,3,7,3,4,4,2,0,17
U003403,15,4,7,1,0,4,3,0,20
U003404,12,4,7,2,1,8,1,0,18
U003405,5,0,9,6,3,4,0,1,17
U003406,9,2,7,2,0,8,2,0,9
U003407,15,0,2,3,1,4,0,0,16
U003408,9,0,3,0,3,3,0,0,7
U003409,13,2,7,7,1,5,3,0,21
U003410,11,1,4,1,0,6,0,1,22
U003411,5,4,7,7,0,4,1,0,16
U003412,14,1,7,4,0,9,0,0,24
U003413,21,4,4,3,0,7,0,0,27
U003414,20,2,7,5,0,10,0,3,22
U003415,14,2,8,0,0,3,1,0,17
U003416,16,3,6,2,0,3,2,2,26
U003417,12,2,9,0,1,5,1,0,20
U003418,14,3,2,4,1,8,1,0,25
U003419,7,1,6,6,0,4,2,2,22
U003420,15,2,7,4,0,9,4,0,26
U003421,18,2,9,1,0,6,1,0,20
U003422,7,0,2,2,0,3,2,0,17
U003423,10,1,3,4,0,3,1,0,16
U003424,12,1,7,5,0,2,1,0,20
U003425,16,3,7,5,1,6,2,0,29
U003426,14,4,6,5,0,5,2,1,22
U003427,11,2,4,5,3,5,0,0,16
U003428,13,1,5,3,0,5,0,1,18
U003429,7,2,4,2,0,7,2,1,22
U003430,18,6,6,2,0,12,1,0,24
U003431,9,1,11,3,0,3,0,1,26
U003432,19,1,3,2,0,5,0,1,9
U003433,16,3,8,3,0,6,1,1,23
U003434,7,1,3,0,1,4,0,1,16
U003435,12,7,10,5,0,7,0,1,18
U003436,13,2,6,7,0,9,2,2,22
U003437,12,2,3,6,0,8,2,1,17
U003438,12,3,8,4,0,3,1,2,27
U003439,17,4,7,3,2,8,2,0,26
U003440,21,1,10,6,0,5,1,0,18
U003441,9,0,4,2,2,1,1,1,12
U003442,13,1,6,3,0,8,2,0,25
U003443,9,4,2,1,0,3,0,1,16
U003444,15,1,11,6,1,7,2,1,25
U003445,16,5,5,2,1,9,2,2,27
U003446,15,5,10,4,0,3,1,0,26
U003447,12,5,2,3,1,6,0,1,19
U003448,9,1,9,2,0,2,0,2,18
U003449,15,2,4,1,0,8,0,2,24
U003450,12,1,8,3,0,6,1,2,22
U003451,18,1,9,5,0,9,2,0,19
U003452,21,2,7,3,0,8,1,1,23
U003453,18,1,7,3,0,6,0,1,15
U003454,16,3,5,3,0,5,0,1,21
U003455,5,3,5,3,1,3,1,1,14
U003456,10,6,2,3,0,5,2,1,15
U003457,16,2,11,3,0,7,1,1,21
U003458,9,0,6,0,1,4,2,0,20
U003459,19,2,4,0,2,4,1,0,13
U003460,10,3,4,4,0,8,2,0,13
U003461,10,0,5,7,0,9,1,2,20
U003462,15,3,6,2,0,7,1,1,30
U003463,16,4,6,3,0,6,0,0,18
U003464,12,2,11,3,0,7,2,0,19
U003465,18,3,8,1,1,3,1,1,26
U003466,11,0,3,3,0,7,0,1,11
U003467,9,7,10,5,0,6,1,1,20
U003468,12,0,4,4,0,7,0,0,14
U003469,20,3,8,5,1,7,1,2,26
U003470,10,1,9,2,0,8,0,1,25
U003471,12,4,1,6,0,6,2,1,19
U003472,7,0,10,2,0,4,0,1,10
U003473,13,2,7,1,0,4,1,1,16
U003474,13,1,8,1,0,7,4,0,16
U003475,6,0,6,6,1,2,1,2,18
U003476,8,4,6,3,5,3,1,0,16
U003477,16,1,5,3,0,5,1,0,14
U003478,7,5,12,7,0,8,2,2,31
U003479,12,3,8,3,7,4,0,1,15
U003480,8,1,4,4,2,2,0,0,13
U003481,13,1,6,2,1,5,0,0,23
U003482,18,2,4,4,0,6,3,1,18
U003483,17,2,7,1,1,7,1,0,21
U003484,10,1,9,1,5,4,0,0,17
U003485,10,5,10,4,0,3,3,3,24
U003486,14,6,5,2,0,9,1,3,25
U003487,1,0,3,5,3,4,1,0,9
U003488,13,3,7,1,3,4,2,0,21
U003489,14,4,7,3,0,6,2,1,43
U003490,24,2,6,6,0,8,1,1,25
U003491,11,0,7,4,6,6,1,0,15
U003492,10,1,4,2,0,5,0,0,23
U003493,19,1,10,3,0,2,1,2,23
U003494,12,3,10,3,0,4,4,2,16
U003495,15,5,3,3,0,5,0,0,23
U003496,15,0,5,2,0,7,0,2,21
U003497,16,4,2,2,1,4,4,1,18
U003498,10,3,5,1,7,7,1,2,14
U003499,7,1,4,1,0,4,0,1,12
U003500,17,4,11,3,1,7,1,3,41
U003501,7,0,5,1,4,3,0,0,14
U003502,11,0,2,1,0,2,0,1,16
U003503,20,2,2,2,1,5,2,2,27
U003504,13,0,9,3,0,7,1,2,15
U003505,9,0,2,2,5,4,1,0,8
U003506,12,0,7,2,1,6,1,2,18
U003507,13,0,3,2,3,1,0,0,12
U003508,8,0,2,2,3,2,0,0,16
U003509,11,3,8,5,1,11,1,0,24
U003510,7,0,2,2,5,0,2,2,16
U003511,11,1,3,3,0,6,3,0,16
U003512,13,8,7,2,0,9,2,0,19
U003513,14,5,9,3,0,8,1,2,25
U003514,10,0,4,4,0,5,3,2,19
U003515,18,4,5,4,1,5,1,2,24
U003516,9,1,4,4,1,5,1,0,13
U003517,7,2,5,2,0,4,1,1,16
U003518,8,4,7,3,0,8,1,1,23
U003519,10,1,3,3,1,1,0,1,13
U003520,9,3,6,6,0,6,4,1,29
U003521,19,3,5,4,2,5,3,0,14
U003522,10,0,2,5,2,4,4,2,15
U003523,18,3,6,3,0,10,1,0,35
U003524,14,1,3,4,1,2,1,4,19
U003525,13,4,8,2,0,4,3,0,23
U003526,12,4,6,4,1,7,1,1,24
U003527,21,4,9,3,2,8,0,1,35
U003528,10,2,4,6,7,8,2,0,25
U003529,10,1,6,4,2,2,1,2,17
U003530,11,1,3,5,0,6,0,0,15
U003531,17,2,6,8,1,10,1,0,29
U003532,17,5,8,2,0,6,1,0,21
U003533,25,3,10,2,0,7,0,1,31
U003534,9,0,5,2,0,7,1,0,21
U003535,7,1,4,3,0,6,1,2,16
U003536,15,3,8,7,0,6,2,0,22
U003537,7,4,6,2,2,6,0,3,27
U003538,12,1,9,3,1,5,1,1,29
U003539,17,3,5,3,0,5,0,1,22
U003540,12,2,4,3,1,8,5,2,24
U003541,10,0,6,1,0,2,2,0,20
U003542,10,1,5,1,0,7,1,0,7
U003543,14,1,8,1,0,5,5,0,14
U003544,18,3,10,3,1,11,2,0,29
U003545,22,5,3,2,0,6,2,2,25
U003546,11,0,3,3,0,8,1,0,16
U003547,8,0,1,3,0,3,1,0,19
U003548,13,2,8,2,0,6,0,0,17
U003549,10,3,7,1,1,5,1,0,22
U003550,14,0,6,1,1,2,0,1,29
U003551,19,1,3,4,0,3,2,1,23
U003552,18,2,9,2,0,6,1,1,18
U003553,7,3,7,6,1,7,2,0,19
U003554,13,5,10,8,0,7,2,0,33
U003555,18,0,0,5,0,3,2,1,24
U003556,16,3,4,3,1,9,0,0,27
U003557,4,1,5,3,0,6,1,1,17
U003558,21,3,6,1,2,4,1,2,10
U003559,12,1,5,7,3,8,0,0,17
U003560,11,3,11,4,0,2,4,0,24
U003561,7,6,4,2,0,6,2,3,34
U003562,14,0,5,2,0,4,0,2,19
U003563,11,5,7,0,0,8,3,1,25
U003564,23,3,8,3,0,9,3,2,21
U003565,15,1,8,3,0,2,0,1,13
U003566,12,0,7,4,1,4,1,1,18
U003567,17,6,4,3,0,5,2,1,25
U003568,12,3,5,1,0,6,0,0,22
U003569,13,6,5,9,0,5,2,0,34
U003570,18,1,9,2,0,8,1,1,28
U003571,12,2,4,2,6,3,2,0,17
U003572,14,2,8,2,0,9,4,0,21
U003573,18,1,5,6,1,7,0,2,24
U003574,8,0,4,5,0,9,0,3,15
U003575,6,4,4,0,5,4,1,1,8
U003576,18,3,4,3,0,3,1,1,22
U003577,11,0,9,2,0,2,0,3,20
U003578,11,0,2,3,0,5,0,1,9
U003579,12,2,1,3,1,7,1,2,20
U003580,5,0,4,4,0,4,0,2,16
U003581,16,1,6,3,1,6,2,3,18
U003582,9,3,6,5,0,8,3,1,32
U003583,6,0,7,4,0,8,2,0,15
U003584,18,0,2,4,0,2,1,3,17
U003585,11,3,9,4,1,5,3,0,23
U003586,9,1,4,2,2,4,1,4,12
U003587,14,5,2,3,6,7,3,1,15
U003588,13,2,2,4,3,10,2,2,17
U003589,6,0,5,0,6,3,1,1,14
U003590,7,0,4,1,0,7,3,1,15
U003591,19,7,7,4,0,11,4,0,24
U003592,9,1,4,3,0,4,0,0,19
U003593,12,3,5,3,0,3,1,3,19
U003594,13,0,3,1,0,4,1,1,10
U003595,12,0,3,2,0,8,1,2,18
U003596,14,1,3,3,0,8,1,2,23
U003597,9,3,8,3,4,4,1,1,19
U003598,5,2,5,2,6,5,1,1,10
U003599,17,2,10,9,0,12,1,2,27
U003600,15,1,4,4,0,3,2,1,14
U003601,11,1,7,1,1,9,0,2,12
U003602,10,0,5,0,2,0,1,2,10
U003603,14,0,5,3,0,6,1,2,6
U003604,14,5,2,7,6,5,1,1,17
U003605,17,3,4,6,1,7,0,2,19
U003606,17,2,8,1,1,6,0,1,33
U003607,18,2,3,2,0,5,0,1,30
U003608,14,3,4,8,7,4,1,0,24
U003609,10,3,6,2,0,8,1,0,34
U003610,15,1,2,0,0,7,2,0,19
U003611,15,3,9,6,0,5,5,0,15
U003612,17,2,8,7,0,5,0,1,27
U003613,13,0,6,5,0,7,1,1,22
U003614,12,0,5,1,0,1,2,1,16
U003615,12,3,1,5,0,4,1,0,19
U003616,9,7,6,5,0,5,1,2,21
U003617,16,0,4,3,0,8,1,1,17
U003618,10,1,3,3,0,2,1,0,19
U003619,15,1,6,5,4,3,1,0,16
U003620,9,0,9,2,4,2,0,1,13
U003621,14,2,5,4,1,6,0,1,26
U003622,11,0,2,3,0,8,2,0,18
U003623,16,4,8,3,0,4,3,0,16
U003624,19,1,5,2,0,3,1,0,23
U003625,16,0,4,1,3,2,0,0,14
U003626,14,4,9,1,2,3,0,2,18
U003627,15,0,4,5,1,7,0,3,20
U003628,14,4,8,4,1,3,2,0,24
U003629,24,5,11,1,0,7,0,0,28
U003630,11,0,3,7,0,3,2,1,20
U003631,11,4,5,0,0,4,1,4,17
U003632,10,1,3,2,0,6,0,1,19
U003633,11,2,5,2,0,5,0,0,15
U003634,7,0,6,0,4,2,1,0,7
U003635,18,6,13,4,0,8,0,0,25
U003636,15,2,5,2,0,3,4,3,21
U003637,7,1,8,2,0,1,0,3,16
U003638,19,6,3,1,0,11,1,1,24
U003639,13,7,7,3,0,11,2,2,23
U003640,8,1,4,2,0,4,2,0,19
U003641,11,1,3,1,0,2,3,0,21
U003642,15,0,1,1,1,12,1,1,16
U003643,9,2,6,3,1,6,1,0,10
U003644,6,2,6,1,3,9,0,0,9
U003645,13,3,9,3,0,9,3,0,38
U003646,12,3,4,4,0,4,1,1,20
U003647,18,3,12,1,1,7,2,1,18
U003648,9,1,4,3,0,4,0,0,15
U003649,9,0,6,2,0,6,2,1,13
U003650,6,2,3,5,0,2,2,1,14
U003651,17,5,10,4,0,7,1,1,16
U003652,9,0,3,0,0,7,2,2,22
U003653,10,0,4,5,0,5,1,2,7
U003654,32,4,4,6,0,10,0,1,31
U003655,16,5,7,3,0,6,0,0,16
U003656,6,3,4,0,1,4,2,0,13
U003657,9,0,3,0,2,5,1,2,14
U003658,15,3,8,4,0,7,1,0,26
U003659,14,2,1,6,1,6,3,0,35
U003660,13,3,11,6,0,7,7,1,21
U003661,12,4,8,3,1,8,1,0,19
U003662,18,2,6,4,0,7,3,0,21
U003663,12,1,7,3,1,5,0,1,14
U003664,7,1,5,4,2,6,1,0,19
U003665,7,1,2,4,3,3,0,0,14
U003666,9,1,3,2,1,7,1,2,19
U003667,15,4,4,3,0,9,0,2,21
U003668,29,3,7,4,1,13,3,1,25
U003669,16,2,2,6,0,8,1,1,13
U003670,13,3,11,4,0,12,2,1,37
U003671,9,0,7,3,2,2,2,0,11
U003672,17,3,3,3,0,7,1,0,22
U003673,12,1,4,4,3,3,0,0,18
U003674,18,2,7,3,1,5,0,0,19
U003675,13,1,9,3,0,3,0,1,14
U003676,11,0,5,1,1,7,1,0,19
U003677,15,1,10,2,0,8,0,0,28
U003678,16,5,7,3,1,7,0,1,17
U003679,20,2,7,3,0,6,1,0,20
U003680,13,3,8,2,0,5,1,1,20
U003681,8,2,4,3,1,2,0,1,16
U003682,11,0,3,0,2,0,2,0,8
U003683,10,4,8,2,0,11,2,1,25
U003684,16,4,6,2,0,9,0,0,28
U003685,10,1,7,5,0,5,0,1,28
U003686,9,1,5,1,2,7,1,1,22
U003687,13,1,3,2,0,4,0,2,19
U003688,14,4,6,1,0,6,1,0,35
U003689,8,1,1,4,0,3,0,0,18
U003690,16,2,2,3,0,10,1,0,21
U003691,25,6,9,9,1,6,3,0,19
U003692,18,4,7,2,0,7,2,2,22
U003693,9,0,4,1,2,3,0,2,17
U003694,14,0,7,2,0,3,1,0,20
U003695,10,6,9,2,4,5,1,1,12
U003696,14,2,6,2,0,8,1,1,24
U003697,14,5,6,2,0,8,3,1,35
U003698,22,1,7,2,0,6,0,3,22
U003699,12,0,2,0,1,4,2,2,12
U003700,6,1,4,3,5,0,0,0,13
U003701,10,0,5,1,0,6,2,1,16
U003702,16,2,9,1,1,3,2,2,25
U003703,12,0,4,2,0,3,4,0,10
U003704,6,0,4,1,3,2,0,1,7
U003705,11,3,5,5,0,8,1,3,15
U003706,14,1,5,5,3,4,1,2,18
U003707,18,3,7,6,1,7,0,1,38
U003708,4,0,2,3,1,0,0,0,18
U003709,12,1,5,2,0,6,1,0,18
U003710,10,11,6,1,0,2,1,0,18
U003711,13,4,7,2,1,3,3,3,26
U003712,13,1,4,4,0,8,1,2,29
U003713,12,5,8,5,0,6,0,0,20
U003714,16,0,5,5,1,6,2,0,37
U003715,10,2,6,6,1,11,2,1,19
U003716,16,6,6,3,0,3,2,0,20
U003717,9,4,13,3,3,9,1,0,12
U003718,9,1,6,1,0,7,1,3,24
U003719,12,1,13,3,1,4,1,1,22
U003720,17,0,5,2,0,3,2,1,14
U003721,24,3,7,3,0,8,0,1,32
U003722,12,2,14,7,0,8,1,0,50
U003723,4,1,2,1,3,3,0,1,26
U003724,6,1,8,6,0,8,1,1,22
U003725,11,2,3,3,1,8,0,0,17
U003726,6,3,5,1,4,1,1,1,14
U003727,15,2,4,2,0,5,0,0,11
U003728,22,1,5,2,0,8,0,2,19
U003729,9,2,9,5,0,4,1,0,24
U003730,14,0,5,5,0,3,3,0,25
U003731,18,4,12,3,1,7,1,2,33
U003732,7,3,7,1,0,5,2,0,17
U003733,10,0,3,2,5,3,1,2,16
U003734,18,6,4,6,0,4,2,4,21
U003735,12,2,11,3,0,4,1,1,17
U003736,13,0,3,2,0,2,1,1,24
U003737,16,3,7,2,0,4,1,3,26
U003738,12,3,4,2,0,6,1,0,19
U003739,13,4,5,8,1,9,3,1,20
U003740,8,0,2,0,0,2,0,1,18
U003741,16,1,9,3,1,5,2,1,34
U003742,16,1,6,1,1,7,2,2,21
U003743,17,5,9,6,1,6,1,2,26
U003744,25,2,9,2,0,8,0,0,33
U003745,13,3,9,3,0,3,0,1,19
U003746,11,3,10,1,1,10,0,3,19
U003747,8,0,5,3,0,4,4,1,8
U003748,17,1,0,2,4,5,3,0,18
U003749,8,2,7,1,0,4,0,0,13
U003750,16,1,10,3,0,7,4,1,24
U003751,9,4,3,2,4,4,0,1,8
U003752,13,2,5,1,0,9,0,2,30
U003753,16,0,4,1,0,3,0,0,15
U003754,12,0,3,2,1,3,2,1,11
U003755,8,1,2,1,0,9,2,1,24
U003756,11,3,8,0,1,6,1,1,21
U003757,17,4,1,1,0,4,1,3,12
U003758,13,3,8,3,1,6,3,1,26
U003759,11,0,5,1,5,3,0,0,10
U003760,6,1,4,3,0,3,0,1,22
U003761,15,3,3,0,0,3,0,2,14
U003762,7,0,4,1,0,6,1,0,14
U003763,15,3,10,1,0,6,1,1,32
U003764,8,1,11,3,1,0,1,0,14
U003765,20,1,3,1,0,4,0,2,20
U003766,22,2,8,7,0,8,2,0,23
U003767,6,0,3,5,2,3,0,1,12
U003768,10,1,8,4,0,2,0,0,16
U003769,13,4,10,0,0,9,3,0,20
U003770,14,0,3,3,0,7,1,1,19
U003771,12,3,2,5,0,4,1,0,27
U003772,13,1,3,4,0,10,0,0,13
U003773,12,0,11,1,0,4,0,1,11
U003774,19,7,14,8,0,4,3,1,29
U003775,9,3,5,5,0,9,1,0,27
U003776,12,2,6,2,0,5,0,0,20
U003777,13,0,8,11,0,7,0,1,18
U003778,16,0,5,2,0,4,0,1,21
U003779,13,0,6,2,1,8,1,1,17
U003780,5,1,8,0,0,8,1,3,13
U003781,14,1,5,6,2,7,0,1,32
U003782,11,1,4,1,3,8,1,5,24
U003783,16,2,3,4,0,4,2,1,20
U003784,8,0,4,1,4,2,2,0,3
U003785,13,4,9,4,0,3,6,2,36
U003786,22,4,9,1,0,6,2,0,29
U003787,9,4,9,3,4,6,0,2,14
U003788,11,4,10,4,0,5,2,0,23
U003789,25,6,5,3,0,6,2,3,24
U003790,10,0,0,1,1,2,1,0,19
U003791,15,1,5,4,1,6,1,1,19
U003792,12,1,2,4,1,7,1,1,25
U003793,25,6,7,3,0,6,3,0,37
U003794,18,6,5,1,0,7,1,1,25
U003795,14,1,7,5,1,5,1,1,15
U003796,14,2,8,2,4,1,0,1,10
U003797,10,1,3,2,2,4,1,1,14
U003798,10,0,4,3,2,3,3,2,15
U003799,11,2,9,3,0,8,2,0,25
U003800,11,1,6,2,0,6,1,0,15
U003801,10,0,3,2,4,4,2,0,12
U003802,17,1,8,4,3,8,0,2,29
U003803,20,6,12,2,0,9,2,0,33
U003804,12,1,4,2,0,6,0,2,18
U003805,8,1,3,4,0,2,0,3,15
U003806,9,3,5,1,0,2,1,1,28
U003807,18,4,12,2,2,5,0,3,25
U003808,19,3,5,3,0,6,0,1,27
U003809,11,2,6,3,1,3,0,2,14
U003810,19,3,13,5,0,11,1,0,30
U003811,6,1,7,0,3,2,0,1,11
U003812,14,3,4,3,1,4,1,1,32
U003813,14,4,9,3,0,6,2,3,21
U003814,16,0,6,0,0,5,1,0,19
U003815,18,0,4,3,0,9,1,0,19
U003816,14,5,6,2,1,7,0,2,26
U003817,12,0,1,1,2,3,1,1,9
U003818,19,5,5,1,0,8,3,1,21
U003819,17,2,3,2,1,7,3,1,21
U003820,7,1,4,2,0,8,2,0,22
U003821,9,2,2,3,4,4,5,2,14
U003822,19,2,3,5,0,6,2,0,28
U003823,15,2,7,7,0,9,1,1,22
U003824,10,0,10,3,1,8,1,1,21
U003825,26,2,3,3,0,4,3,0,25
U003826,13,2,7,9,3,4,2,0,21
U003827,11,1,2,4,3,2,0,1,10
U003828,7,0,3,4,3,1,0,2,11
U003829,17,3,10,7,0,8,3,0,31
U003830,14,3,8,4,0,8,2,0,16
U003831,15,1,7,1,0,5,0,0,31
U003832,13,1,5,0,2,3,2,1,23
U003833,13,3,7,1,0,6,3,0,23
U003834,4,0,1,1,0,5,0,0,21
U003835,13,4,6,2,0,6,1,2,15
U003836,10,5,5,3,1,3,2,1,14
U003837,10,0,5,1,1,1,1,0,11
U003838,18,5,6,3,0,7,1,1,35
U003839,8,2,7,3,0,7,1,1,24
U003840,10,2,3,1,0,7,2,1,13
U003841,19,2,5,4,2,8,1,2,33
U003842,13,0,1,0,0,5,4,1,15
U003843,15,2,3,4,0,4,0,3,14
U003844,9,0,5,4,1,6,2,1,16
U003845,16,8,7,3,0,6,3,1,30
U003846,23,7,9,6,0,8,3,2,22
U003847,7,1,6,1,0,7,2,1,9
U003848,17,4,7,5,1,3,3,0,16
U003849,11,2,9,2,2,6,2,1,9
U003850,19,4,8,3,0,9,1,1,18
U003851,13,0,6,1,3,7,2,0,19
U003852,13,0,4,0,0,4,0,0,11
U003853,11,2,3,2,6,6,2,2,12
U003854,11,0,11,1,0,2,1,1,16
U003855,10,1,6,4,1,4,0,1,18
U003856,23,3,6,3,0,9,3,2,22
U003857,17,4,4,4,5,3,3,1,26
U003858,11,0,6,2,1,2,0,1,15
U003859,15,2,7,1,0,5,0,1,23
U003860,14,1,2,0,4,5,0,1,18
U003861,7,1,0,1,2,2,0,1,11
U003862,9,1,5,4,0,3,2,1,15
U003863,29,4,7,2,1,9,0,1,24
U003864,13,1,7,6,2,6,2,0,25
U003865,16,5,7,4,1,7,1,1,22
U003866,8,0,7,4,0,8,1,1,23
U003867,14,4,12,4,0,8,2,1,17
U003868,10,4,8,1,1,3,1,1,20
U003869,11,0,3,2,0,12,0,0,18
U003870,17,0,6,2,1,6,0,0,30
U003871,14,2,10,4,0,9,6,3,25
U003872,12,0,8,5,0,4,4,0,26
U003873,11,0,4,4,0,10,1,0,27
U003874,15,0,6,1,4,4,2,1,22
U003875,19,3,9,3,0,5,0,2,22
U003876,14,0,2,0,1,8,3,0,17
U003877,9,0,4,5,0,3,1,1,16
U003878,11,1,4,0,2,3,1,1,7
U003879,18,1,11,5,0,10,0,3,37
U003880,14,2,3,0,0,4,1,0,15
U003881,25,3,9,1,0,1,4,2,18
U003882,12,6,5,2,1,9,1,0,22
U003883,12,0,7,4,0,6,0,0,17
U003884,14,5,10,1,0,5,3,0,30
U003885,8,1,6,2,1,5,0,0,15
U003886,17,4,9,4,0,6,1,2,25
U003887,9,2,2,1,3,3,2,0,11
U003888,12,0,6,1,0,7,3,2,10
U003889,15,0,7,2,0,6,1,1,14
U003890,12,2,12,6,0,12,3,1,23
U003891,9,2,5,5,0,11,2,2,21
U003892,10,5,2,2,8,8,2,1,18
U003893,10,0,10,3,2,6,1,0,19
U003894,14,3,7,5,0,7,2,0,18
U003895,9,0,6,6,0,3,0,2,17
U003896,20,4,5,4,0,6,1,1,23
U003897,14,2,9,3,0,8,3,1,28
U003898,12,0,5,2,2,3,0,2,15
U003899,9,2,4,1,5,4,0,2,16
U003900,7,1,3,2,3,7,0,0,11
U003901,10,2,8,4,0,9,1,1,20
U003902,19,1,5,1,7,6,0,0,28
U003903,13,3,4,3,1,4,3,1,22
U003904,8,1,3,1,0,2,3,0,19
U003905,17,4,5,2,1,8,1,2,20
U003906,15,4,8,5,0,7,1,1,28
U003907,15,4,4,3,1,5,0,1,20
U003908,15,4,15,4,1,8,2,2,22
U003909,14,3,4,3,0,4,1,2,14
U003910,11,0,7,3,1,6,2,1,15
U003911,8,0,1,4,0,5,1,0,14
U003912,5,1,2,1,3,8,2,1,19
U003913,6,0,2,1,4,2,2,1,14
U003914,14,4,5,2,0,4,1,2,16
U003915,12,3,16,4,0,6,2,2,33
U003916,13,2,4,1,2,7,2,0,20
U003917,13,0,7,2,0,5,0,1,17
U003918,17,0,8,2,0,5,2,0,14
U003919,18,5,7,4,0,9,1,0,24
U003920,14,1,6,2,0,4,0,1,21
U003921,13,2,6,2,0,5,1,2,30
U003922,11,4,7,2,0,9,2,1,21
U003923,12,0,4,0,6,2,0,0,9
U003924,23,1,15,5,0,10,3,2,26
U003925,12,4,6,2,1,4,0,1,20
U003926,9,0,3,3,2,0,0,0,17
U003927,18,0,4,4,0,5,1,0,23
U003928,17,1,10,2,1,2,2,0,23
U003929,19,6,6,2,0,9,0,1,29
U003930,18,2,9,5,1,5,3,0,38
U003931,7,2,7,1,0,8,2,1,26
U003932,11,2,4,1,0,1,1,1,21
U003933,7,2,3,0,1,4,1,0,14
U003934,12,2,4,6,0,4,0,0,17
U003935,22,2,3,2,1,4,2,3,22
U003936,4,2,3,2,3,0,1,0,10
U003937,12,5,7,1,0,3,0,3,22
U003938,6,0,5,3,3,1,2,1,16
U003939,10,0,7,0,0,6,1,2,26
U003940,21,1,10,1,0,9,1,4,32
U003941,7,1,3,1,3,3,1,1,13
U003942,16,4,3,5,1,9,3,1,19
U003943,14,3,6,4,1,3,1,1,20
U003944,14,3,6,5,1,5,1,0,19
U003945,4,1,2,2,3,2,1,0,11
U003946,16,2,10,3,1,14,2,2,35
U003947,14,6,1,0,0,8,2,3,14
U003948,10,1,11,2,0,7,1,3,34
U003949,7,3,0,2,5,6,0,0,13
U003950,11,3,4,3,0,11,1,2,22
U003951,14,5,8,4,0,9,1,1,21
U003952,9,0,5,2,0,4,1,0,14
U003953,14,2,5,2,0,7,1,0,22
U003954,10,0,1,1,0,4,2,1,20
U003955,7,1,1,0,5,6,1,0,14
U003956,7,0,4,2,5,3,4,1,6
U003957,19,0,2,2,0,6,3,1,23
U003958,9,1,2,2,0,5,2,1,25
U003959,6,0,3,2,3,4,1,2,11
U003960,13,4,2,5,1,8,2,2,33
U003961,13,0,5,1,0,5,0,1,15
U003962,15,4,3,7,2,10,0,1,24
U003963,7,2,6,4,1,1,0,0,17
U003964,12,0,5,0,0,5,0,3,13
U003965,19,5,9,1,2,8,2,2,34
U003966,10,0,6,4,1,11,1,0,22
U003967,13,2,6,3,0,7,1,0,19
U003968,17,4,7,6,1,10,0,2,22
U003969,12,1,10,3,0,7,1,1,23
U003970,9,6,5,2,5,8,2,1,15
U003971,5,2,5,5,0,6,1,0,13
U003972,12,0,3,2,1,6,2,1,12
U003973,15,2,5,2,7,4,2,1,20
U003974,11,0,3,4,1,2,0,1,19
U003975,13,0,7,2,0,2,1,2,13
U003976,12,1,8,4,1,3,2,2,19
U003977,7,0,6,1,0,5,1,2,20
U003978,13,1,6,6,0,5,0,1,13
U003979,13,4,6,3,0,5,0,1,25
U003980,12,0,5,2,0,3,1,1,15
U003981,16,1,3,5,1,10,0,0,28
U003982,16,3,9,2,0,6,1,2,21
U003983,15,0,13,3,1,5,0,0,31
U003984,12,1,10,1,0,9,1,1,24
U003985,8,0,8,2,0,6,1,1,22
U003986,15,4,8,6,3,7,1,1,27
U003987,15,1,4,0,0,7,2,1,16
U003988,21,4,6,2,2,6,2,0,24
U003989,19,2,7,7,0,5,2,0,29
U003990,11,4,6,4,0,7,2,1,12
U003991,8,2,3,1,0,1,1,0,15
U003992,21,6,5,4,0,4,2,1,37
U003993,9,5,2,3,0,6,1,0,16
U003994,8,1,4,4,3,5,1,1,17
U003995,6,2,5,0,1,5,1,2,13
U003996,16,4,7,2,0,6,2,2,22
U003997,16,3,7,3,1,13,0,1,21
U003998,12,0,5,1,2,7,1,0,13
U003999,11,1,8,4,0,7,0,1,16
U004000,11,0,2,0,0,3,1,0,13
U004001,9,4,5,1,1,8,0,0,24
U004002,7,0,4,1,5,2,0,0,14
U004003,15,3,3,5,0,3,1,2,13
U004004,9,0,2,2,1,7,1,0,13
U004005,11,1,4,2,1,2,0,1,9
U004006,11,3,1,2,0,2,4,2,29
U004007,17,2,11,3,1,6,0,0,28
U004008,11,3,2,1,3,3,2,1,18
U004009,13,0,7,6,0,3,0,0,22
U004010,11,0,4,0,0,6,0,1,21
U004011,14,3,6,0,4,3,1,1,19
U004012,4,1,5,2,0,5,0,0,21
U004013,8,0,3,1,1,4,1,3,10
U004014,10,3,4,2,4,5,0,3,22
U004015,8,2,5,3,4,4,1,1,24
U004016,14,6,7,4,0,6,0,1,26
U004017,13,1,6,0,0,1,0,1,16
U004018,10,3,4,1,0,5,1,1,18
U004019,15,9,5,6,1,11,2,1,26
U004020,13,2,9,5,0,6,2,2,22
U004021,6,3,7,1,0,7,1,3,27
U004022,20,3,5,3,0,8,0,2,28
U004023,16,3,4,4,0,8,2,0,22
U004024,14,4,9,0,0,11,1,2,27
U004025,9,11,10,4,0,6,3,0,26
U004026,11,4,4,1,0,8,1,2,15
U004027,19,2,5,4,0,3,2,2,24
U004028,14,0,2,1,2,5,0,1,13
U004029,16,2,10,3,0,10,2,1,30
U004030,7,0,5,2,0,4,0,1,22
U004031,12,0,1,2,5,7,1,3,14
U004032,10,2,6,2,5,6,0,0,13
U004033,1,1,2,0,3,3,0,0,11
U004034,23,3,6,2,0,3,2,4,22
U004035,14,3,6,3,2,4,1,0,15
U004036,14,4,6,4,0,9,1,0,18
U004037,14,2,5,4,0,2,0,1,15
U004038,12,0,3,0,2,2,0,0,14
U004039,12,3,6,2,3,9,1,1,16
U004040,11,3,5,5,2,7,2,1,32
U004041,12,2,15,5,0,3,2,0,24
U004042,11,5,7,4,1,4,2,1,26
U004043,8,2,3,4,0,6,0,1,17
U004044,14,5,12,5,0,4,0,0,32
U004045,16,2,4,2,0,4,1,3,23
U004046,8,3,8,1,1,2,1,2,17
U004047,8,1,6,1,4,2,1,0,9
U004048,13,0,5,3,0,3,2,2,22
U004049,7,2,7,6,0,1,0,0,27
U004050,4,1,2,2,2,5,2,1,13
U004051,9,4,4,4,1,8,0,1,17
U004052,15,1,2,4,2,4,4,2,18
U004053,9,0,2,4,0,3,1,0,15
U004054,4,0,4,0,2,4,0,0,14
U004055,14,1,8,3,1,2,3,1,28
U004056,11,5,5,3,0,4,1,2,18
U004057,12,0,5,3,0,9,1,1,28
U004058,7,3,4,0,2,8,0,0,13
U004059,14,0,6,1,0,6,2,0,22
U004060,18,1,4,3,0,6,1,1,25
U004061,11,0,5,2,0,7,1,1,19
U004062,10,4,3,2,4,3,1,0,13
U004063,10,0,6,3,1,3,2,1,15
U004064,9,2,3,2,0,3,1,0,11
U004065,16,6,9,3,0,5,2,2,22
U004066,13,1,7,5,0,5,2,0,14
U004067,8,4,6,0,1,4,2,1,14
U004068,14,5,2,1,0,11,1,0,16
U004069,12,1,3,2,3,8,3,2,12
U004070,19,1,10,4,0,8,2,0,19
U004071,9,0,5,2,0,5,0,0,20
U004072,10,3,8,8,0,5,1,0,27
U004073,13,2,8,3,0,5,1,2,24
U004074,12,4,6,3,0,3,1,0,26
U004075,18,4,7,4,1,6,2,1,39
U004076,10,3,8,4,0,8,1,0,22
U004077,13,6,11,6,1,7,2,2,22
U004078,10,1,7,2,1,7,1,1,9
U004079,13,0,8,2,0,5,0,1,21
U004080,11,4,7,3,0,6,2,2,18
U004081,10,2,6,4,0,5,3,0,26
U004082,11,1,2,2,0,6,1,2,18
U004083,10,5,7,7,1,12,3,1,23
U004084,11,0,7,1,2,5,1,0,22
U004085,12,0,6,0,0,7,1,0,23
U004086,13,1,4,1,7,4,3,1,17
U004087,9,1,3,4,2,6,1,1,18
U004088,15,1,6,5,1,5,2,0,24
U004089,14,3,5,1,0,6,2,0,21
U004090,17,3,4,2,1,5,0,1,16
U004091,12,0,4,4,0,7,2,1,16
U004092,12,1,5,1,0,5,2,0,15
U004093,13,3,4,5,0,8,3,0,21
U004094,7,5,6,3,0,5,0,1,23
U004095,10,2,5,1,0,4,2,1,20
U004096,7,1,4,2,1,3,1,1,16
U004097,9,2,4,1,0,2,1,3,15
U004098,7,0,6,1,0,2,1,0,14
U004099,16,1,8,1,5,2,0,1,19
U004100,10,4,2,2,0,3,2,1,19
U004101,14,1,6,4,0,18,1,1,28
U004102,13,1,7,5,0,7,2,2,18
U004103,12,2,5,2,0,4,0,0,13
U004104,14,1,5,3,0,9,0,0,15
U004105,9,0,1,1,0,3,1,2,27
U004106,14,2,5,5,2,7,0,0,25
U004107,20,5,6,4,0,5,2,1,24
U004108,13,2,4,2,1,7,0,2,25
U004109,18,0,3,1,0,5,2,0,12
U004110,8,7,8,2,2,2,0,0,18
U004111,13,0,7,4,2,3,0,0,6
U004112,21,5,3,2,0,5,4,2,21
U004113,14,3,5,1,0,4,3,0,18
U004114,4,1,1,3,0,5,3,1,15
U004115,13,4,6,5,0,1,3,0,20
U004116,13,0,4,6,0,4,4,1,17
U004117,14,6,5,5,0,3,2,1,26
U004118,9,0,5,3,0,3,3,1,22
U004119,13,2,3,1,6,4,0,2,12
U004120,11,6,4,2,0,2,0,0,28
U004121,14,3,5,0,1,9,1,2,23
U004122,10,1,11,0,0,4,2,0,10
U004123,12,2,12,2,1,3,3,1,16
U004124,22,5,10,1,0,11,2,1,24
U004125,17,5,5,3,1,10,0,1,25
U004126,13,1,4,8,6,5,0,7,25
U004127,13,2,4,4,4,2,0,1,21
U004128,11,1,3,2,0,4,1,0,11
U004129,16,5,7,3,0,3,0,1,29
U004130,23,5,6,4,0,8,0,0,24
U004131,11,0,3,3,0,8,3,1,21
U004132,12,1,6,2,0,8,1,0,20
U004133,2,1,3,2,5,2,0,1,16
U004134,9,0,4,0,3,1,1,0,14
U004135,16,1,3,0,0,7,0,0,27
U004136,9,0,6,2,0,10,0,1,23
U004137,15,4,5,5,1,9,1,0,26
U004138,15,3,6,3,1,6,0,1,20
U004139,15,1,5,0,1,9,1,5,31
U004140,15,1,2,6,1,6,4,1,21
U004141,9,2,6,2,2,3,1,0,15
U004142,14,3,4,1,0,6,1,2,16
U004143,10,0,7,4,3,4,1,1,12
U004144,9,0,9,1,1,11,1,1,19
U004145,10,2,10,3,2,6,2,1,13
U004146,9,4,8,6,0,10,4,0,26
U004147,7,4,12,5,0,6,1,0,29
U004148,12,0,7,2,1,8,0,0,9
U004149,11,5,4,3,0,6,4,1,26
U004150,16,5,8,2,0,5,0,0,26
U004151,13,2,10,3,1,3,0,1,17
U004152,17,4,8,4,1,7,2,2,34
U004153,19,2,5,1,0,6,0,0,19
U004154,23,3,2,6,1,7,3,1,35
U004155,15,4,8,4,1,3,0,0,28
U004156,9,2,5,2,0,3,1,1,21
U004157,11,2,7,2,6,5,3,1,15
U004158,16,1,3,0,1,6,2,1,14
U004159,10,1,1,2,1,5,0,2,14
U004160,11,0,4,4,0,7,1,0,19
U004161,9,1,2,3,1,1,0,2,6
U004162,15,6,7,2,1,8,0,0,24
U004163,16,6,4,3,0,4,1,0,25
U004164,13,2,5,2,0,3,1,0,19
U004165,8,3,5,3,0,6,2,0,22
U004166,10,0,3,0,0,3,1,1,12
U004167,16,4,9,8,0,7,2,1,40
U004168,9,2,9,3,0,7,2,0,15
U004169,9,0,7,5,2,3,1,1,12
U004170,18,1,4,3,0,5,0,2,24
U004171,8,0,3,2,1,2,1,0,13
U004172,12,0,4,1,0,10,1,1,24
U004173,12,3,7,3,0,6,1,0,24
U004174,10,1,5,1,0,2,0,1,17
U004175,12,1,6,3,0,4,3,2,17
U004176,8,3,7,1,1,2,0,0,25
U004177,9,1,4,1,0,8,0,1,21
U004178,12,1,9,0,2,5,1,1,34
U004179,12,3,8,2,0,4,0,0,22
U004180,14,6,8,2,0,6,3,1,27
U004181,8,1,4,2,0,3,1,3,16
U004182,14,1,6,3,0,3,1,0,19
U004183,12,1,8,3,0,5,0,1,22
U004184,16,7,10,0,0,8,0,1,23
U004185,11,2,6,4,0,8,1,0,15
U004186,10,4,9,7,2,5,0,2,23
U004187,7,0,2,1,7,4,0,1,12
U004188,18,2,5,6,0,9,3,0,21
U004189,14,0,4,5,1,4,1,3,23
U004190,11,1,3,2,0,3,0,0,12
U004191,27,0,4,4,0,8,0,0,34
U004192,14,3,8,3,1,3,0,2,16
U004193,17,4,7,7,0,7,2,3,26
U004194,10,4,9,1,0,8,6,1,30
U004195,11,3,4,1,2,6,0,1,19
U004196,18,1,5,4,0,7,2,0,20
U004197,12,0,5,4,0,10,1,0,28
U004198,7,3,4,2,0,8,1,0,18
U004199,11,0,7,2,2,5,2,1,30
U004200,14,2,9,3,1,5,2,2,22
U004201,10,1,1,1,2,2,1,1,8
U004202,11,0,3,2,0,7,1,1,10
U004203,8,2,11,0,0,2,0,0,16
U004204,12,5,5,2,0,5,2,1,30
U004205,15,5,12,3,0,9,4,1,20
U004206,14,2,6,4,0,9,0,4,19
U004207,8,3,3,3,3,3,1,0,11
U004208,9,1,5,4,1,5,1,0,13
U004209,14,1,1,1,0,4,2,2,13
U004210,14,1,8,1,2,2,0,0,13
U004211,15,4,8,1,0,6,0,2,20
U004212,11,0,7,3,0,7,0,1,9
U004213,5,3,6,0,3,3,0,1,14
U004214,11,1,7,3,0,7,1,1,25
U004215,22,4,9,6,0,9,0,0,21
U004216,17,2,4,5,0,7,2,2,22
U004217,11,1,4,4,0,2,4,0,24
U004218,10,1,5,2,0,4,2,0,18
U004219,13,1,3,1,0,3,2,2,18
U004220,17,7,12,3,3,8,1,0,23
U004221,19,4,6,3,2,10,2,2,20
U004222,15,1,5,2,0,7,0,1,27
U004223,18,2,5,4,1,8,0,0,22
U004224,12,1,9,3,0,3,1,1,21
U004225,18,5,7,3,0,7,1,2,29
U004226,20,1,7,4,2,10,1,1,24
U004227,17,7,12,9,2,4,1,2,22
U004228,18,0,9,3,0,2,3,1,17
U004229,6,1,1,3,0,5,1,0,24
U004230,13,0,3,1,0,2,0,1,15
U004231,24,3,9,7,0,7,3,1,26
U004232,13,3,5,5,0,4,0,1,12
U004233,16,0,11,1,0,6,0,0,22
U004234,18,0,6,2,0,3,0,0,14
U004235,11,3,7,2,3,3,0,0,12
U004236,12,1,6,1,0,7,1,1,17
U004237,11,0,6,4,1,7,2,1,23
U004238,14,5,7,5,1,8,2,0,27
U004239,5,0,3,2,1,4,0,1,22
U004240,16,2,5,0,0,4,0,2,22
U004241,14,0,4,1,0,4,3,2,25
U004242,9,2,7,2,2,6,2,0,25
U004243,16,3,4,4,0,12,2,2,34
U004244,16,5,7,3,0,11,0,0,26
U004245,15,1,4,2,0,7,1,1,14
U004246,4,1,3,3,2,7,1,1,23
U004247,13,3,6,6,0,13,3,0,19
U004248,22,4,4,5,3,3,0,1,28
U004249,17,2,6,3,0,7,3,1,26
U004250,13,2,3,5,0,5,2,0,23
U004251,10,4,6,7,2,2,0,0,15
U004252,10,1,7,2,0,2,4,1,19
U004253,19,0,5,1,0,3,0,1,11
U004254,10,0,5,4,1,1,1,0,6
U004255,24,1,3,4,0,10,1,2,28
U004256,6,2,8,2,2,12,1,1,17
U004257,13,4,10,8,0,6,0,1,21
U004258,11,0,5,4,0,4,0,0,24
U004259,12,3,6,2,0,4,1,1,17
U004260,15,2,4,2,1,10,1,0,31
U004261,17,2,3,3,0,3,0,1,17
U004262,13,2,8,3,0,10,0,1,23
U004263,19,3,7,7,1,4,3,0,17
U004264,9,0,5,2,2,2,1,0,11
U004265,22,3,8,4,1,4,2,1,23
U004266,16,2,10,3,0,8,0,0,18
U004267,15,5,7,6,0,10,2,3,16
U004268,13,0,11,2,0,5,0,0,21
U004269,15,3,6,8,0,6,2,3,33
U004270,11,5,6,2,1,6,2,0,28
U004271,8,0,6,1,0,1,1,1,10
U004272,9,2,3,1,4,2,1,1,15
U004273,9,1,3,1,5,4,0,1,19
U004274,17,5,8,2,1,5,1,0,20
U004275,7,4,8,3,4,5,4,0,18
U004276,12,1,5,5,0,4,0,1,19
U004277,9,2,4,0,0,2,2,1,11
U004278,13,1,3,4,0,4,2,0,15
U004279,14,0,4,5,0,4,2,1,17
U004280,14,2,7,5,1,7,0,1,26
U004281,14,1,7,3,0,5,3,2,23
U004282,15,3,8,2,0,10,1,0,30
U004283,12,2,5,4,0,3,2,2,27
U004284,8,5,3,3,2,6,1,0,17
U004285,12,2,6,2,0,8,2,2,22
U004286,13,1,6,3,0,3,0,1,18
U004287,15,1,7,4,0,5,1,1,17
U004288,9,1,7,2,1,8,1,0,16
U004289,3,0,6,5,1,3,1,0,14
U004290,6,0,3,0,1,1,1,0,10
U004291,19,4,6,3,0,11,2,1,31
U004292,12,4,3,4,3,10,0,1,29
U004293,5,1,4,5,2,5,1,0,12
U004294,17,2,9,5,2,8,1,1,24
U004295,13,2,7,4,0,14,1,1,31
U004296,10,2,10,2,1,4,2,1,16
U004297,4,0,2,2,1,5,0,1,19
U004298,19,4,5,6,0,2,0,1,22
U004299,17,3,10,1,0,8,4,2,27
U004300,15,7,7,3,0,6,3,0,18
U004301,9,2,1,1,3,5,0,2,15
U004302,13,0,6,1,0,3,0,1,14
U004303,9,2,4,2,0,3,0,1,21
U004304,12,1,7,3,0,3,0,1,20
U004305,12,0,3,6,1,4,0,0,9
U004306,12,2,5,2,0,5,4,0,22
U004307,13,3,5,6,4,8,1,1,16
U004308,6,0,6,1,0,5,2,1,19
U004309,12,3,6,3,0,12,2,1,25
U004310,17,3,7,3,0,6,2,2,31
U004311,20,0,18,9,0,7,1,1,35
U004312,19,1,6,2,0,3,2,1,24
U004313,9,4,9,4,0,3,1,3,27
U004314,11,0,3,1,4,3,0,1,9
U004315,18,5,5,8,0,5,1,1,25
U004316,21,7,6,7,7,6,2,0,25
U004317,18,4,4,3,2,3,1,0,20
U004318,14,1,5,2,0,3,1,1,17
U004319,12,1,4,3,0,2,1,0,15
U004320,8,0,7,2,0,3,0,2,29
U004321,7,1,3,4,0,4,2,0,21
U004322,9,1,7,2,0,2,1,1,17
U004323,14,2,5,5,1,6,2,1,27
U004324,11,1,4,2,3,4,1,2,14
U004325,10,3,12,4,0,6,1,0,28
U004326,15,3,4,4,0,9,0,0,28
U004327,13,0,4,0,0,4,0,1,18
U004328,17,1,5,1,2,3,4,0,19
U004329,14,0,5,5,1,2,0,3,17
U004330,10,5,7,5,0,10,1,1,27
U004331,9,2,3,1,1,3,1,2,16
U004332,16,4,10,1,0,4,1,2,21
U004333,22,1,6,4,1,6,2,3,23
U004334,17,1,8,3,0,10,3,0,17
U004335,18,0,3,7,1,9,0,2,15
U004336,14,0,4,6,0,5,2,0,26
U004337,9,1,8,3,1,8,2,3,27
U004338,6,0,10,1,0,6,2,0,16
U004339,10,2,10,4,0,2,1,0,27
U004340,18,3,3,2,0,4,0,2,26
U004341,10,0,4,5,0,3,2,2,16
U004342,8,2,5,3,0,10,4,0,16
U004343,14,4,9,7,0,3,1,0,24
U004344,11,0,5,1,0,9,0,1,16
U004345,13,4,9,5,0,9,1,0,24
U004346,13,4,6,6,0,12,1,3,26
U004347,8,4,9,2,2,2,0,1,23
U004348,11,1,7,3,2,2,2,4,14
U004349,7,0,3,6,1,5,0,1,11
U004350,19,2,5,2,0,7,1,1,21
U004351,9,2,3,2,2,7,1,4,9
U004352,9,1,4,2,0,7,0,0,14
U004353,16,2,6,1,1,3,5,1,24
U004354,22,4,4,6,1,8,2,1,25
U004355,12,2,6,3,4,5,1,0,17
U004356,15,2,3,1,0,5,3,3,21
U004357,12,5,5,2,2,4,0,1,21
U004358,10,2,6,3,6,6,1,0,15
U004359,21,7,4,1,0,2,1,0,33
U004360,7,0,4,1,1,3,2,0,14
U004361,9,0,5,6,0,2,3,1,23
U004362,8,0,3,3,1,1,0,0,10
U004363,10,0,7,2,0,4,2,1,18
U004364,13,2,7,1,2,10,0,0,16
U004365,13,3,4,6,0,8,2,0,24
U004366,11,3,8,4,4,5,3,0,14
U004367,12,0,7,2,0,9,4,2,9
U004368,13,2,6,4,0,5,2,0,23
U004369,10,4,7,2,1,6,1,0,29
U004370,10,0,3,1,0,8,2,2,17
U004371,10,0,1,1,0,8,3,1,19
U004372,9,0,1,2,0,4,0,0,9
U004373,7,0,4,0,0,3,0,1,19
U004374,13,1,3,4,3,3,1,0,17
U004375,12,0,10,3,0,6,1,0,17
U004376,10,1,7,2,2,3,0,2,23
U004377,20,7,11,4,0,4,1,3,29
U004378,15,2,3,0,0,7,0,1,20
U004379,15,3,7,3,0,4,3,2,22
U004380,7,2,3,5,0,9,2,1,27
U004381,12,0,7,6,0,8,0,0,20
U004382,17,3,11,0,0,7,3,0,26
U004383,17,3,7,2,0,6,0,3,24
U004384,11,4,8,2,2,2,1,0,14
U004385,16,3,8,3,0,7,1,0,26
U004386,14,1,6,1,1,2,1,2,14
U004387,6,4,6,3,1,8,3,2,20
U004388,9,0,4,3,1,7,0,0,16
U004389,12,1,5,5,0,4,0,0,24
U004390,19,4,5,2,5,11,1,1,18
U004391,22,1,5,0,1,4,0,0,11
U004392,5,0,5,5,0,7,1,2,16
U004393,11,0,5,0,1,6,0,1,11
U004394,14,1,9,4,0,12,1,1,23
U004395,24,3,8,3,3,8,1,2,46
U004396,13,1,4,1,0,5,1,0,16
U004397,11,0,3,4,0,8,1,1,15
U004398,20,3,2,3,0,10,1,0,22
U004399,6,1,7,3,4,3,3,1,30
U004400,12,4,5,5,0,5,2,0,13
U004401,14,8,7,1,0,4,3,1,27
U004402,21,5,6,2,0,7,3,1,19
U004403,6,0,2,1,5,4,0,0,10
U004404,10,9,15,1,1,3,1,1,39
U004405,2,0,3,4,0,5,3,1,9
U004406,17,4,16,5,1,9,1,1,18
U004407,10,3,7,5,1,10,2,0,18
U004408,10,4,4,0,0,8,3,2,28
U004409,13,2,8,3,1,6,1,0,26
U004410,14,0,11,4,0,3,1,0,17
U004411,15,0,6,2,0,5,1,0,22
U004412,5,0,0,0,1,1,0,0,9
U004413,15,6,9,0,1,6,2,1,22
U004414,13,3,5,1,3,8,1,0,9
U004415,16,4,4,2,1,7,3,1,19
U004416,9,1,11,1,0,3,0,1,13
U004417,22,4,7,3,0,5,1,0,24
U004418,20,3,9,1,1,11,5,0,27
U004419,19,5,8,8,0,7,1,1,33
U004420,11,1,4,2,0,6,1,0,16
U004421,19,3,3,3,5,2,2,2,15
U004422,14,3,7,6,0,8,4,3,19
U004423,15,2,10,3,0,6,1,0,24
U004424,13,7,7,4,1,3,1,1,21
U004425,10,1,4,5,1,9,1,1,17
U004426,13,0,2,3,1,2,0,1,20
U004427,20,1,9,5,0,4,3,4,20
U004428,11,0,4,1,0,3,1,0,23
U004429,14,3,2,1,0,5,1,1,27
U004430,17,2,9,3,0,7,0,0,26
U004431,15,3,7,7,0,8,1,0,31
U004432,8,0,2,3,1,2,1,0,10
U004433,9,1,7,3,5,9,3,0,17
U004434,12,4,11,2,2,5,3,0,20
U004435,7,2,3,0,0,4,0,2,20
U004436,9,1,3,0,0,5,2,0,16
U004437,17,5,6,1,0,7,0,1,25
U004438,13,4,2,3,1,11,2,0,16
U004439,7,1,5,2,6,4,2,0,12
U004440,7,3,5,1,0,2,2,0,10
U004441,11,3,9,5,1,3,3,0,25
U004442,12,4,3,3,0,2,0,2,15
U004443,15,2,8,0,0,6,3,0,11
U004444,20,4,5,1,5,4,0,0,18
U004445,10,1,4,4,0,7,0,0,17
U004446,18,4,5,4,1,6,1,1,23
U004447,12,3,4,0,0,9,1,2,23
U004448,14,4,9,2,2,11,2,3,21
U004449,9,2,4,1,1,2,1,1,14
U004450,19,2,4,6,3,13,1,4,26
U004451,17,6,2,0,0,1,2,2,26
U004452,19,5,9,2,0,5,3,0,27
U004453,12,1,3,2,0,4,1,1,15
U004454,13,7,8,2,0,4,2,2,21
U004455,16,5,8,4,2,6,4,0,21
U004456,23,0,9,3,0,5,1,1,20
U004457,7,1,0,1,4,1,0,1,10
U004458,10,1,7,3,0,5,0,1,15
U004459,11,3,5,3,1,6,1,0,8
U004460,11,3,8,5,1,4,1,0,12
U004461,5,1,4,2,2,4,0,0,19
U004462,10,0,3,1,1,1,0,4,11
U004463,11,2,6,2,2,3,0,0,8
U004464,16,2,8,5,0,7,1,0,38
U004465,9,5,3,4,7,4,1,1,21
U004466,9,3,1,2,5,2,0,0,15
U004467,12,1,4,0,0,5,1,2,16
U004468,12,2,8,2,0,3,3,1,14
U004469,11,4,4,3,0,3,3,1,19
U004470,7,0,7,1,0,6,0,0,20
U004471,12,0,3,2,0,5,3,0,18
U004472,7,1,4,2,0,2,0,0,14
U004473,13,3,6,3,0,5,1,1,25
U004474,13,2,5,2,0,3,0,3,19
U004475,11,5,6,3,1,5,2,0,18
U004476,11,0,7,2,0,3,1,2,15
U004477,8,2,12,3,0,7,0,0,18
U004478,10,2,5,3,6,3,0,1,20
U004479,10,4,6,2,1,4,1,1,25
U004480,15,6,8,6,0,6,0,2,13
U004481,23,3,6,1,3,2,0,2,20
U004482,5,1,3,0,2,3,0,0,15
U004483,9,0,4,5,2,7,2,2,20
U004484,16,1,3,2,0,3,0,1,27
U004485,11,0,6,0,0,3,2,1,14
U004486,13,5,7,7,0,8,1,1,29
U004487,14,0,5,4,0,11,1,0,19
U004488,15,2,10,4,0,8,3,0,31
U004489,20,3,4,3,0,4,1,0,20
U004490,12,2,2,0,2,3,3,1,14
U004491,18,0,4,0,0,5,2,2,18
U004492,8,5,5,7,0,10,0,2,22
U004493,17,2,5,5,1,6,0,0,16
U004494,12,5,7,4,0,8,3,2,20
U004495,11,4,2,2,0,5,0,0,30
U004496,19,4,3,7,0,8,2,0,18
U004497,10,1,3,4,2,1,1,1,6
U004498,8,0,6,1,0,4,1,0,20
U004499,9,2,6,0,0,5,1,0,22
U004500,8,0,4,2,0,3,0,1,6
U004501,15,5,12,3,0,12,4,4,25
U004502,19,5,8,3,0,4,1,0,26
U004503,12,3,8,4,1,3,5,0,26
U004504,13,4,6,3,0,3,1,1,22
U004505,9,2,6,2,1,6,0,2,14
U004506,14,1,8,2,1,8,4,0,25
U004507,10,1,3,4,4,4,2,0,15
U004508,15,0,9,1,1,3,1,2,14
U004509,16,0,5,1,2,4,0,1,11
U004510,13,1,5,1,0,3,1,0,13
U004511,12,4,6,3,4,5,0,1,14
U004512,8,1,6,2,0,9,1,2,14
U004513,16,4,8,3,0,5,2,3,28
U004514,12,5,2,2,0,8,1,1,20
U004515,15,1,5,2,1,3,0,1,14
U004516,15,2,6,1,1,3,0,0,23
U004517,8,3,6,3,0,7,0,1,23
U004518,13,1,3,5,0,4,0,0,23
U004519,22,4,7,6,0,10,1,1,32
U004520,9,0,8,1,1,4,0,2,10
U004521,16,2,8,3,0,5,1,2,20
U004522,22,2,12,3,0,5,2,0,26
U004523,15,0,3,3,0,7,1,0,18
U004524,6,2,5,1,1,4,1,0,16
U004525,20,0,1,1,0,4,3,1,11
U004526,13,4,4,4,0,5,0,1,19
U004527,24,1,2,4,0,11,3,1,22
U004528,19,7,9,2,0,11,1,2,36
U004529,15,2,6,2,0,9,2,1,24
U004530,18,3,6,4,1,8,1,1,28
U004531,8,1,0,5,0,7,1,2,17
U004532,10,0,9,3,0,2,4,3,12
U004533,12,2,9,4,1,4,6,0,27
U004534,15,3,5,1,0,3,1,3,20
U004535,20,2,3,1,0,4,0,2,17
U004536,14,4,6,4,6,5,4,0,19
U004537,11,0,10,4,7,6,1,1,20
U004538,7,0,4,3,0,3,2,4,15
U004539,7,1,1,1,1,4,0,1,8
U004540,11,1,3,2,2,7,2,0,16
U004541,12,0,2,2,3,2,2,1,13
U004542,11,3,3,1,0,8,0,1,21
U004543,24,4,10,7,2,8,2,0,36
U004544,10,0,5,1,0,5,1,2,21
U004545,16,1,3,0,0,2,2,1,17
U004546,29,3,7,7,0,10,2,1,17
U004547,13,2,5,8,0,7,2,2,18
U004548,16,1,5,4,0,0,3,0,11
U004549,10,0,2,2,6,5,1,2,20
U004550,10,0,5,4,1,4,3,2,13
U004551,15,1,5,1,0,5,2,0,16
U004552,11,1,4,4,0,6,0,1,19
U004553,18,7,4,5,0,2,5,2,32
U004554,16,0,4,3,0,7,0,0,20
U004555,14,1,5,3,0,3,1,1,19
U004556,4,0,0,1,2,3,0,0,14
U004557,9,2,8,2,0,5,2,0,22
U004558,15,1,4,4,5,4,1,1,20
U004559,18,7,5,3,0,8,1,2,19
U004560,15,1,3,4,0,4,2,1,16
U004561,11,1,5,2,1,4,0,3,15
U004562,19,3,8,5,0,6,1,0,19
U004563,12,5,4,1,4,5,0,0,9
U004564,12,0,3,5,9,7,0,2,14
U004565,7,0,3,2,0,7,4,1,12
U004566,12,1,5,1,1,7,3,3,16
U004567,5,1,6,1,7,1,0,0,18
U004568,9,4,4,4,1,3,2,0,18
U004569,3,1,1,2,2,7,0,1,13
U004570,12,3,4,4,2,5,1,1,21
U004571,11,1,6,3,2,5,2,2,18
U004572,13,1,3,5,1,9,0,0,21
U004573,9,1,2,2,2,4,0,0,14
U004574,13,0,4,0,0,7,0,3,17
U004575,9,1,1,1,0,6,0,0,21
U004576,16,5,12,6,1,6,2,4,22
U004577,4,1,5,2,0,4,2,0,17
U004578,19,4,8,0,2,6,1,0,18
U004579,13,2,5,3,0,3,1,2,20
U004580,7,0,5,2,4,2,0,0,12
U004581,19,5,5,2,0,4,1,4,42
U004582,3,1,3,0,3,2,0,0,13
U004583,20,4,7,1,0,5,4,0,16
U004584,10,4,4,3,7,5,0,1,22
U004585,14,5,4,1,4,7,1,1,20
U004586,12,4,5,0,1,7,0,2,28
U004587,15,3,4,3,4,2,2,1,20
U004588,13,5,7,4,1,4,1,0,38
U004589,15,1,7,3,0,4,0,0,17
U004590,13,2,4,2,2,5,2,0,18
U004591,11,5,5,3,0,2,1,0,27
U004592,15,5,4,2,0,5,0,0,22
U004593,12,2,5,2,0,7,0,2,27
U004594,10,3,2,3,2,3,0,0,20
U004595,11,3,5,4,1,9,1,0,20
U004596,17,3,10,2,1,6,0,0,18
U004597,10,0,8,0,2,3,2,2,14
U004598,15,3,9,5,1,6,1,1,20
U004599,13,0,3,7,0,4,1,1,12
U004600,16,8,5,2,0,1,0,3,22
U004601,6,1,2,1,6,4,0,0,8
U004602,12,3,6,4,0,5,0,0,23
U004603,17,1,12,6,1,8,1,0,30
U004604,15,3,7,0,0,8,1,0,15
U004605,15,1,5,1,1,9,1,0,20
U004606,14,6,5,4,1,7,1,2,20
U004607,12,1,10,4,0,2,2,2,31
U004608,13,4,6,4,0,6,1,1,14
U004609,21,3,3,0,1,11,0,1,22
U004610,13,4,7,3,0,6,3,0,32
U004611,10,3,4,2,3,7,0,1,28
U004612,7,1,2,0,2,3,1,0,12
U004613,21,4,6,7,1,8,2,4,24
U004614,9,0,6,2,0,2,0,0,25
U004615,10,8,6,1,1,5,1,1,19
U004616,15,4,7,5,2,9,2,2,16
U004617,12,2,4,3,0,6,1,0,19
U004618,9,1,4,2,4,3,0,0,6
U004619,12,1,4,0,0,6,0,2,16
U004620,17,4,3,1,0,6,1,1,29
U004621,16,1,3,3,0,3,0,1,13
U004622,15,4,9,4,0,7,3,0,20
U004623,11,4,8,3,1,6,0,0,18
U004624,10,5,1,3,1,8,2,0,15
U004625,17,6,9,4,0,7,1,1,30
U004626,9,2,3,3,0,7,0,0,13
U004627,8,1,1,1,0,5,2,0,22
U004628,11,9,4,2,0,9,1,0,26
U004629,8,1,2,1,0,10,2,1,29
U004630,13,2,2,2,1,3,1,0,17
U004631,11,4,5,2,0,4,3,1,25
U004632,5,0,7,1,2,2,1,1,12
U004633,7,0,3,4,3,2,0,0,13
U004634,3,1,2,3,1,1,1,0,11
U004635,9,3,7,3,0,4,0,1,18
U004636,5,1,3,2,4,1,1,0,15
U004637,8,3,7,4,0,11,4,0,26
U004638,12,0,7,3,2,5,2,0,14
U004639,12,3,3,2,0,4,0,3,25
U004640,14,4,4,3,0,4,0,0,24
U004641,11,2,7,2,0,3,1,1,27
U004642,15,3,8,6,0,5,2,1,19
U004643,11,3,9,3,0,6,4,2,18
U004644,4,3,3,3,4,4,2,1,12
U004645,7,1,3,2,0,8,1,0,20
U004646,9,0,8,3,0,4,1,0,20
U004647,15,3,13,4,0,8,0,1,20
U004648,11,3,6,3,2,2,1,1,14
U004649,16,1,7,5,2,5,0,2,25
U004650,10,0,5,1,1,5,2,0,25
U004651,10,2,8,3,0,6,0,1,26
U004652,11,0,10,3,0,4,0,2,19
U004653,10,3,4,2,2,4,2,1,15
U004654,14,1,4,2,0,5,0,0,18
U004655,16,2,4,4,0,6,1,0,12
U004656,14,2,4,4,0,5,2,2,22
U004657,18,2,4,2,0,8,3,0,28
U004658,13,3,5,2,3,2,1,2,17
U004659,9,3,7,0,5,3,3,0,9
U004660,6,1,1,2,5,5,0,2,15
U004661,21,3,9,4,2,10,1,0,27
U004662,12,0,3,1,0,1,1,1,11
U004663,15,1,3,0,0,9,1,0,21
U004664,22,4,3,7,0,4,2,0,15
U004665,18,3,6,4,0,4,2,0,25
U004666,4,1,5,4,3,4,1,0,16
U004667,7,2,3,1,0,4,1,1,12
U004668,14,2,4,8,1,6,3,0,16
U004669,13,3,8,2,0,5,4,0,13
U004670,14,0,2,1,7,4,1,0,17
U004671,17,2,6,2,6,8,1,0,30
U004672,16,1,6,3,0,8,1,1,15
U004673,6,1,4,4,4,4,0,1,8
U004674,12,7,5,0,2,5,0,0,26
U004675,16,2,7,4,1,9,2,0,20
U004676,10,4,2,3,0,4,3,0,17
U004677,11,0,8,3,1,5,3,1,16
U004678,15,3,12,3,0,1,1,0,19
U004679,11,1,2,4,0,4,1,0,12
U004680,12,3,8,5,1,10,0,0,14
U004681,15,2,3,3,2,7,3,0,20
U004682,12,0,9,4,0,4,1,2,11
U004683,15,1,10,5,0,6,3,0,27
U004684,15,3,7,1,0,4,2,1,16
U004685,9,1,1,1,2,3,2,0,20
U004686,20,4,4,4,0,9,5,2,23
U004687,12,0,5,1,5,1,0,0,14
U004688,13,1,9,3,1,3,2,1,17
U004689,16,3,5,5,0,5,1,1,27
U004690,12,4,4,2,3,7,1,0,22
U004691,19,2,8,3,2,7,2,2,24
U004692,13,4,2,6,0,6,1,1,27
U004693,7,0,6,3,0,7,0,0,18
U004694,19,4,5,5,2,4,3,0,29
U004695,16,0,5,1,0,5,2,1,24
U004696,12,2,2,2,1,3,5,0,14
U004697,8,1,0,2,3,0,2,0,8
U004698,18,7,13,4,1,13,4,0,31
U004699,12,3,5,1,0,4,3,2,28
U004700,11,3,9,5,0,3,1,0,18
U004701,12,1,2,5,3,2,1,0,14
U004702,14,1,2,1,0,6,1,2,13
U004703,12,4,2,3,0,4,2,2,26
U004704,17,2,8,5,1,12,2,2,22
U004705,12,0,3,0,1,9,0,1,14
U004706,8,0,6,3,0,4,0,1,14
U004707,25,5,6,5,0,9,2,1,25
U004708,13,4,9,0,7,2,1,1,22
U004709,14,0,9,1,0,8,2,0,22
U004710,8,2,6,1,0,7,1,0,13
U004711,21,2,5,6,0,4,4,1,20
U004712,17,1,5,3,0,7,1,2,19
U004713,17,6,11,6,0,3,3,2,26
U004714,8,1,5,3,0,7,2,2,15
U004715,9,2,4,1,0,4,1,0,23
U004716,12,7,3,3,0,6,3,0,29
U004717,14,2,6,4,0,5,0,0,25
U004718,11,0,6,1,0,5,0,2,13
U004719,7,2,3,2,0,10,0,2,13
U004720,12,4,4,1,1,5,1,3,14
U004721,10,1,3,2,0,4,3,3,8
U004722,11,0,6,4,0,3,2,0,19
U004723,13,5,2,3,1,5,4,2,17
U004724,7,4,2,0,3,3,1,0,19
U004725,7,0,0,1,6,1,0,1,5
U004726,16,3,12,4,0,7,5,1,26
U004727,12,1,4,1,0,3,2,1,22
U004728,10,3,8,5,0,3,2,2,20
U004729,11,2,4,3,2,1,0,0,14
U004730,12,2,3,2,4,4,0,1,17
U004731,9,0,4,6,0,6,1,1,14
U004732,21,2,6,3,1,6,0,1,19
U004733,19,3,12,2,1,6,0,0,33
U004734,12,0,3,2,0,5,1,1,14
U004735,15,4,6,5,0,6,2,1,18
U004736,21,5,8,3,0,9,1,0,34
U004737,10,4,7,4,1,3,0,0,16
U004738,18,3,5,4,2,6,2,0,18
U004739,20,7,7,4,0,6,1,0,25
U004740,10,0,4,1,2,5,3,0,12
U004741,10,1,4,2,0,2,0,1,14
U004742,11,2,6,2,2,5,0,1,17
U004743,8,1,5,1,0,3,0,0,21
U004744,9,1,12,4,0,8,1,1,21
U004745,10,1,5,3,0,6,0,0,16
U004746,10,0,3,1,0,5,1,1,13
U004747,23,5,12,6,1,11,2,2,24
U004748,14,5,7,5,1,9,0,1,34
U004749,5,1,3,1,3,2,0,0,6
U004750,9,1,2,1,1,7,2,1,11
U004751,15,0,5,2,1,9,1,1,24
U004752,6,0,3,5,0,6,0,0,20
U004753,11,0,4,0,0,4,4,2,30
U004754,10,0,6,1,1,7,3,3,17
U004755,12,1,3,1,0,3,1,2,13
U004756,8,5,4,4,1,6,1,0,15
U004757,20,1,0,0,0,3,2,0,16
U004758,7,1,2,0,2,2,1,2,12
U004759,13,4,8,4,0,13,0,2,23
U004760,10,3,6,1,1,8,1,0,20
U004761,17,1,5,4,1,6,1,3,11
U004762,13,0,7,0,1,4,0,1,19
U004763,15,1,9,6,1,3,2,0,15
U004764,12,4,9,1,1,3,3,0,18
U004765,16,0,3,1,0,4,0,1,18
U004766,15,0,4,2,0,6,1,1,17
U004767,12,1,2,3,0,3,0,0,18
U004768,11,3,3,2,0,3,1,1,14
U004769,22,4,5,3,0,7,2,0,33
U004770,19,2,9,4,0,9,1,1,18
U004771,10,8,4,5,1,6,2,1,27
U004772,17,4,5,2,3,6,2,0,27
U004773,7,0,3,4,0,8,2,0,28
U004774,21,5,10,4,2,9,1,0,28
U004775,6,1,3,1,0,4,2,0,14
U004776,14,3,5,4,0,7,2,3,23
U004777,19,3,7,6,0,9,2,0,21
U004778,17,0,9,0,0,11,1,4,9
U004779,19,2,5,6,0,6,0,2,22
U004780,15,1,2,1,0,3,3,3,16
U004781,15,4,11,4,0,3,3,1,26
U004782,7,3,6,3,0,1,2,1,20
U004783,8,4,3,3,0,5,2,1,26
U004784,8,1,1,1,1,2,1,1,11
U004785,19,3,2,6,1,9,0,0,33
U004786,14,3,9,6,0,7,1,1,24
U004787,10,1,0,2,0,4,2,3,24
U004788,17,6,6,3,0,3,1,0,24
U004789,21,6,12,7,0,8,1,0,40
U004790,16,3,6,4,5,12,0,2,18
U004791,13,1,2,2,0,3,0,2,13
U004792,6,1,2,4,0,6,1,1,16
U004793,20,6,10,6,1,3,1,0,34
U004794,6,0,5,1,0,2,0,0,12
U004795,16,3,10,3,5,3,2,0,23
U004796,14,2,4,0,1,1,0,0,27
U004797,8,4,4,2,0,5,1,0,21
U004798,8,3,3,3,1,6,3,0,23
U004799,8,2,8,2,0,4,0,0,19
U004800,12,2,8,2,4,3,1,2,24
U004801,16,1,8,2,0,10,4,1,15
U004802,11,3,1,4,4,1,0,0,15
U004803,10,0,9,3,1,6,0,1,17
U004804,12,1,5,5,1,3,1,2,23
U004805,13,2,6,3,0,6,4,0,15
U004806,6,1,4,1,2,4,0,1,7
U004807,14,3,5,5,0,10,0,0,27
U004808,12,1,11,4,2,6,3,2,23
U004809,18,2,2,2,1,6,3,1,27
U004810,6,0,2,2,2,2,0,0,15
U004811,8,0,9,3,3,2,0,1,15
U004812,21,4,7,0,0,13,1,3,34
U004813,10,0,6,1,0,6,2,2,17
U004814,23,3,9,5,0,17,0,2,24
U004815,8,4,6,4,1,10,1,2,20
U004816,8,2,6,0,3,3,1,0,18
U004817,11,1,6,1,0,5,1,0,12
U004818,13,3,4,2,0,7,1,1,22
U004819,9,0,4,0,0,5,0,0,17
U004820,13,1,4,3,1,8,0,0,21
U004821,11,2,8,4,0,3,2,3,24
U004822,10,0,3,3,1,6,2,1,15
U004823,8,3,4,0,3,7,0,0,23
U004824,11,0,5,5,0,9,1,0,19
U004825,9,0,6,2,3,1,0,1,10
U004826,7,1,2,2,0,6,0,0,14
U004827,11,3,2,3,0,6,1,1,17
U004828,7,0,6,2,1,5,1,2,22
U004829,12,0,2,4,0,6,1,0,20
U004830,9,1,7,1,3,1,0,1,20
U004831,9,3,3,2,0,6,0,2,24
U004832,15,0,6,5,0,7,0,0,17
U004833,12,0,8,1,1,4,3,2,19
U004834,11,0,4,3,0,3,1,0,21
U004835,20,1,1,5,0,6,1,2,24
U004836,12,0,2,0,2,4,1,0,14
U004837,8,1,6,2,0,6,2,2,16
U004838,15,1,4,1,2,5,3,1,24
U004839,11,2,8,3,1,3,0,0,23
U004840,13,5,15,6,1,11,5,4,36
U004841,15,5,10,12,0,4,3,1,32
U004842,13,1,7,3,0,5,2,1,29
U004843,13,3,6,4,4,2,3,1,26
U004844,10,2,6,5,0,6,0,0,19
U004845,11,4,8,2,0,10,1,2,26
U004846,21,4,5,5,1,4,0,2,27
U004847,11,1,4,3,0,5,1,1,22
U004848,15,2,4,1,0,6,2,2,23
U004849,16,6,4,4,1,6,2,0,27
U004850,7,0,2,3,2,1,0,1,11
U004851,19,3,5,5,2,7,2,1,26
U004852,19,3,6,3,0,6,1,0,18
U004853,9,4,4,1,1,9,1,2,23
U004854,12,0,4,2,0,6,0,1,14
U004855,14,1,1,0,2,1,0,1,16
U004856,21,4,8,4,0,11,1,1,31
U004857,11,1,2,2,0,2,0,1,23
U004858,10,0,6,4,0,7,1,1,13
U004859,8,1,2,3,2,2,0,0,9
U004860,16,2,4,5,0,3,2,2,20
U004861,12,2,4,3,1,7,0,2,21
U004862,14,1,8,6,3,5,1,0,16
U004863,9,2,5,1,0,10,2,0,21
U004864,8,3,4,4,0,5,0,4,21
U004865,10,1,5,0,1,6,4,1,24
U004866,12,3,5,2,0,4,3,0,27
U004867,13,8,6,5,0,5,1,0,13
U004868,10,1,10,6,1,7,3,3,18
U004869,8,0,3,2,2,0,0,0,8
U004870,21,4,12,3,0,5,1,0,27
U004871,11,0,8,1,1,9,0,0,21
U004872,11,0,6,0,0,7,2,0,21
U004873,12,2,6,4,0,7,2,1,29
U004874,11,0,1,4,2,7,0,1,16
U004875,17,4,8,4,0,7,1,0,26
U004876,16,5,14,3,1,14,1,0,27
U004877,16,4,11,6,1,8,1,1,26
U004878,22,5,6,5,3,3,3,3,28
U004879,17,1,5,4,2,5,1,0,24
U004880,11,0,11,1,0,5,1,1,18
U004881,12,2,2,1,0,7,4,1,19
U004882,16,3,6,2,1,8,1,0,28
U004883,9,0,3,2,4,4,2,0,10
U004884,7,0,5,2,2,6,3,1,15
U004885,18,2,8,2,0,6,1,0,23
U004886,21,4,6,2,1,6,0,0,15
U004887,9,2,9,2,0,2,1,0,27
U004888,10,0,9,3,0,2,1,0,19
U004889,20,4,10,3,0,11,2,1,25
U004890,18,6,5,8,0,6,2,3,25
U004891,9,5,10,2,0,7,1,0,19
U004892,9,0,4,2,5,2,0,0,22
U004893,17,6,10,6,0,5,0,1,28
U004894,11,0,5,1,1,5,3,0,17
U004895,12,0,5,3,0,4,2,1,15
U004896,12,1,4,3,1,5,1,1,10
U004897,13,0,5,2,0,6,1,1,13
U004898,14,7,6,2,0,3,0,1,25
U004899,15,0,1,5,1,7,1,0,15
U004900,12,2,5,1,0,5,1,2,20
U004901,5,0,5,2,1,4,2,0,22
U004902,12,3,6,4,0,5,4,0,19
U004903,11,1,5,4,0,6,0,2,8
U004904,10,2,3,1,0,3,1,2,20
U004905,7,1,3,2,3,4,1,2,8
U004906,11,3,4,1,6,4,0,0,12
U004907,8,0,8,4,0,5,2,2,21
U004908,13,4,9,4,0,6,1,1,26
U004909,15,6,12,3,0,14,3,1,29
U004910,19,1,3,4,0,4,2,0,23
U004911,17,0,5,3,1,5,1,0,17
U004912,10,1,2,0,2,3,2,1,12
U004913,6,4,6,1,6,1,1,0,13
U004914,12,5,6,4,0,2,1,0,25
U004915,10,2,5,1,4,5,0,0,15
U004916,10,0,5,1,0,3,0,1,13
U004917,13,1,10,5,0,2,0,0,17
U004918,14,5,5,4,0,6,1,1,20
U004919,9,0,4,1,0,0,1,0,20
U004920,4,0,5,1,3,6,2,0,12
U004921,20,1,10,6,0,15,2,1,30
U004922,15,1,8,6,2,3,2,3,17
U004923,8,2,5,6,1,6,3,1,23
U004924,17,3,6,3,1,8,2,1,38
U004925,7,2,2,0,0,4,1,1,26
U004926,9,0,7,4,0,10,3,0,19
U004927,14,2,8,3,6,4,1,1,15
U004928,16,2,5,3,0,9,2,0,22
U004929,12,4,9,5,0,5,3,0,19
U004930,23,4,9,2,0,5,1,2,26
U004931,20,4,9,4,0,5,3,1,21
U004932,25,4,10,5,0,4,0,0,21
U004933,15,4,7,4,0,6,2,3,22
U004934,11,5,4,3,1,6,0,2,29
U004935,15,0,2,3,0,4,1,2,12
U004936,4,1,6,0,2,5,3,0,17
U004937,18,4,3,3,0,5,0,0,16
U004938,18,3,6,4,1,6,2,2,16
U004939,12,2,5,2,0,7,1,3,15
U004940,7,0,6,1,0,5,1,0,8
U004941,7,1,7,0,0,4,1,0,15
U004942,12,2,6,5,0,6,2,0,22
U004943,12,1,9,8,0,10,0,2,29
U004944,10,5,6,2,0,6,1,2,18
U004945,6,3,7,2,0,3,0,0,16
U004946,10,0,5,2,0,4,2,0,26
U004947,18,5,4,3,0,8,2,4,21
U004948,8,1,7,3,3,2,1,0,12
U004949,12,2,6,3,0,5,2,0,32
U004950,10,0,7,2,0,5,1,3,17
U004951,18,4,11,1,1,4,1,0,27
U004952,10,1,4,1,0,7,2,0,17
U004953,14,3,7,6,0,8,2,3,25
U004954,8,1,8,3,0,5,0,0,17
U004955,10,0,3,5,2,3,1,0,15
U004956,7,1,0,5,0,6,0,0,12
U004957,18,5,8,7,0,7,2,2,29
U004958,16,3,3,6,0,6,3,2,24
U004959,13,6,8,6,2,5,1,3,27
U004960,13,0,9,5,0,6,0,1,22
U004961,13,4,11,5,4,5,3,0,26
U004962,9,2,5,2,4,6,0,0,23
U004963,6,1,6,3,0,5,0,1,16
U004964,11,1,3,3,6,6,0,0,10
U004965,18,1,4,2,0,5,4,1,23
U004966,12,1,4,4,0,6,0,0,23
U004967,7,5,5,3,0,6,0,0,25
U004968,8,0,7,3,1,2,0,1,11
U004969,15,5,15,3,1,7,2,2,34
U004970,13,3,9,5,1,4,0,1,23
U004971,9,1,7,0,8,5,1,1,13
U004972,16,4,8,3,3,8,1,1,27
U004973,19,4,5,1,1,7,1,2,19
U004974,8,1,2,1,0,2,0,0,7
U004975,12,0,6,1,0,9,0,0,13
U004976,17,0,7,4,1,2,2,0,22
U004977,18,2,17,2,0,9,1,0,23
U004978,6,0,5,1,3,10,4,3,14
U004979,9,0,1,2,0,4,1,3,8
U004980,12,0,5,1,2,3,0,0,23
U004981,10,1,4,3,4,1,0,0,9
U004982,13,0,4,1,1,6,1,1,15
U004983,18,5,9,3,0,1,0,1,27
U004984,11,1,7,3,1,7,1,0,19
U004985,10,2,8,1,0,4,1,0,28
U004986,11,1,5,1,3,3,1,0,10
U004987,15,1,7,2,0,5,1,1,17
U004988,13,2,8,4,0,5,2,1,14
U004989,17,2,8,2,0,5,1,3,25
U004990,16,3,7,3,0,5,2,1,14
U004991,10,0,13,3,0,8,3,0,14
U004992,14,2,5,2,0,5,0,0,18
U004993,11,4,5,3,3,4,0,2,14
U004994,8,0,0,0,1,5,0,1,20
U004995,9,1,7,0,0,3,2,1,23
U004996,9,1,8,3,0,3,0,0,16
U004997,18,2,5,3,0,10,0,1,26
U004998,17,5,7,8,0,3,1,0,19
U004999,11,4,6,3,0,14,3,0,34
U005000,15,0,4,2,0,6,0,2,17
U005001,23,4,11,6,0,12,0,1,28
U005002,21,1,1,5,2,1,4,2,26
U005003,12,1,5,2,0,3,0,1,16
U005004,12,1,4,4,0,4,3,1,18
U005005,8,2,2,3,1,10,1,1,19
U005006,20,5,15,5,0,10,0,1,25
U005007,8,0,4,4,0,9,3,0,23
U005008,13,3,12,1,1,5,1,2,30
U005009,10,6,7,7,1,6,0,1,21
U005010,9,0,5,2,1,3,2,0,22
U005011,10,0,4,1,3,4,1,1,13
U005012,12,0,6,2,7,6,2,3,16
U005013,15,2,0,2,3,2,2,0,14
U005014,17,0,3,3,2,2,0,2,18
U005015,17,3,7,4,2,3,1,2,25
U005016,12,4,6,5,0,5,1,0,26
U005017,15,2,5,3,1,7,0,1,18
U005018,21,2,10,0,1,7,0,1,18
U005019,8,2,10,3,1,7,4,0,27
U005020,12,1,7,2,0,4,0,0,20
U005021,22,1,7,3,0,5,0,0,17
U005022,14,1,5,1,1,8,2,0,21
U005023,13,4,8,2,0,5,2,0,20
U005024,10,0,5,0,3,4,0,0,10
U005025,17,2,5,1,0,6,0,0,18
U005026,13,3,15,9,0,4,2,0,24
U005027,7,4,8,2,1,7,0,0,31
U005028,24,3,9,0,0,6,1,1,17
U005029,12,8,10,5,0,4,3,0,20
U005030,9,3,6,5,0,4,3,1,25
U005031,16,1,7,1,0,8,1,1,23
U005032,8,0,6,2,0,5,0,0,16
U005033,20,1,4,2,0,4,1,0,23
U005034,29,1,7,4,1,9,1,1,28
U005035,15,1,10,3,0,5,0,1,23
U005036,12,1,6,2,0,9,5,1,23
U005037,8,0,3,0,2,6,1,2,12
U005038,12,2,8,0,0,3,0,3,20
U005039,12,2,3,6,2,6,1,3,27
U005040,13,1,3,1,1,3,0,0,19
U005041,10,0,5,4,0,2,0,2,11
U005042,17,2,7,2,0,11,1,0,16
U005043,8,1,7,0,3,4,0,2,25
U005044,22,2,6,2,0,6,2,3,20
U005045,18,1,9,6,1,8,1,0,24
U005046,15,1,4,5,1,3,0,2,15
U005047,11,0,10,1,1,7,0,2,23
U005048,13,5,4,1,0,5,1,0,22
U005049,12,1,3,1,5,6,1,0,13
U005050,10,1,7,1,0,5,0,0,24
U005051,13,0,6,0,0,5,2,0,16
U005052,7,0,2,0,4,0,1,0,9
U005053,15,3,9,5,0,9,1,0,34
U005054,16,6,12,8,3,11,1,0,24
U005055,26,11,5,8,1,5,0,1,21
U005056,13,2,4,2,0,5,0,0,14
U005057,15,2,7,3,0,5,1,1,21
U005058,15,3,10,3,1,5,3,2,26
U005059,9,1,8,3,0,2,3,2,25
U005060,16,6,5,2,0,4,0,0,24
U005061,16,8,5,4,1,6,3,1,28
U005062,12,0,4,3,0,8,1,0,14
U005063,11,0,2,1,1,5,1,0,19
U005064,15,7,7,3,1,8,2,0,26
U005065,15,3,3,8,0,2,1,0,23
U005066,15,2,4,2,0,6,0,1,32
U005067,7,0,3,2,1,5,1,1,24
U005068,9,0,2,2,1,4,1,0,15
U005069,8,0,2,4,0,5,2,1,14
U005070,12,6,5,1,0,2,0,3,22
U005071,10,2,4,1,0,7,2,0,27
U005072,22,5,7,9,0,7,3,3,32
U005073,7,0,0,2,4,4,1,2,9
U005074,14,3,5,4,0,4,0,0,29
U005075,17,6,9,1,0,5,2,2,27
U005076,7,0,4,0,0,4,1,2,18
U005077,10,5,8,4,0,7,1,1,29
U005078,8,5,9,2,0,6,1,1,17
U005079,7,2,4,2,0,1,1,1,15
U005080,8,0,7,2,1,5,2,0,14
U005081,19,4,10,6,0,6,4,2,29
U005082,11,3,8,5,0,4,1,3,23
U005083,16,1,7,1,0,4,2,2,23
U005084,13,1,6,6,0,3,0,1,12
U005085,18,3,8,6,0,6,3,1,24
U005086,15,3,3,0,0,6,1,0,22
U005087,10,0,2,3,0,6,0,1,9
U005088,11,3,10,8,0,5,2,2,17
U005089,16,7,9,3,0,9,1,0,21
U005090,19,6,6,6,0,5,0,1,25
U005091,17,1,10,3,1,9,1,0,26
U005092,15,5,6,1,0,5,2,0,28
U005093,8,3,7,4,0,4,3,1,26
U005094,15,1,6,1,0,6,1,1,11
U005095,3,0,8,5,0,5,1,1,19
U005096,10,2,11,2,0,9,0,2,17
U005097,15,2,5,2,1,11,2,2,24
U005098,15,3,7,4,2,6,1,2,26
U005099,11,8,9,3,4,3,0,2,23
U005100,12,3,8,5,0,8,0,0,21
U005101,12,1,8,7,1,7,1,0,21
U005102,7,0,3,0,1,5,1,1,8
U005103,12,3,13,2,0,5,2,0,26
U005104,17,1,1,0,2,3,3,0,20
U005105,26,5,4,4,0,12,4,0,34
U005106,4,0,2,3,2,3,1,0,13
U005107,10,1,9,2,0,12,0,1,28
U005108,16,2,5,2,1,6,1,1,25
U005109,10,4,6,4,3,4,1,1,11
U005110,12,2,2,3,2,7,0,3,17
U005111,16,0,8,4,0,5,2,0,28
U005112,13,0,4,2,1,4,1,1,15
U005113,14,4,5,3,0,11,0,0,26
U005114,18,8,6,1,0,5,0,2,25
U005115,9,2,6,1,3,2,2,2,20
U005116,21,2,4,1,1,6,2,5,25
U005117,13,1,3,3,0,8,2,2,14
U005118,10,0,6,3,0,4,0,0,24
U005119,15,8,5,0,3,11,0,1,12
U005120,23,4,10,3,0,11,0,3,27
U005121,12,5,5,6,1,6,1,3,28
U005122,13,0,5,1,1,3,1,0,23
U005123,10,1,6,4,3,7,3,1,17
U005124,7,0,4,2,0,4,0,1,12
U005125,5,0,0,0,3,3,1,1,11
U005126,10,0,8,5,1,8,0,2,29
U005127,17,0,3,2,0,0,0,3,13
U005128,14,2,4,3,0,6,1,2,13
U005129,16,5,5,4,1,4,1,1,28
U005130,14,0,5,1,0,5,0,0,25
U005131,14,4,4,2,0,7,0,0,16
U005132,18,4,10,4,1,7,0,4,22
U005133,6,0,5,3,0,6,0,0,19
U005134,8,0,0,3,0,3,3,2,12
U005135,11,2,6,3,0,3,1,0,17
U005136,15,0,5,3,0,4,3,1,13
U005137,20,7,8,4,3,5,1,2,35
U005138,16,5,13,6,0,1,0,2,30
U005139,4,1,6,5,2,4,1,0,10
U005140,12,0,7,2,0,5,0,0,21
U005141,10,3,3,2,2,4,0,0,25
U005142,21,3,4,3,1,3,2,1,13
U005143,12,6,11,2,0,5,2,1,16
U005144,12,1,4,0,1,2,1,2,15
U005145,12,4,9,2,0,5,1,2,23
U005146,8,2,10,6,0,6,0,2,17
U005147,11,0,4,3,0,2,3,0,23
U005148,19,1,6,2,0,3,2,2,19
U005149,18,7,6,2,0,7,3,0,22
U005150,11,2,2,2,1,4,2,0,23
U005151,6,0,5,0,3,5,3,0,11
U005152,7,1,9,1,0,2,0,0,16
U005153,11,0,6,4,0,9,0,2,18
U005154,18,5,7,2,0,8,1,1,28
U005155,14,0,10,1,0,4,3,1,30
U005156,19,4,5,5,2,7,1,0,14
U005157,7,2,3,0,2,1,1,0,13
U005158,15,4,9,1,1,10,3,1,26
U005159,10,0,5,2,8,2,1,0,9
U005160,10,1,6,1,0,6,0,2,25
U005161,10,0,2,5,0,7,1,1,19
U005162,12,3,5,8,0,7,1,0,24
U005163,8,0,1,3,0,4,0,2,20
U005164,12,2,4,2,0,5,1,0,18
U005165,11,1,4,0,0,6,1,0,23
U005166,9,1,11,1,1,5,0,0,10
U005167,8,1,5,1,0,3,1,2,14
U005168,8,4,1,3,4,5,0,1,13
U005169,9,3,6,2,0,3,0,3,13
U005170,14,1,7,3,4,7,3,3,13
U005171,11,3,3,3,1,8,1,2,28
U005172,20,3,9,1,0,8,1,2,22
U005173,13,3,7,2,0,7,1,0,14
U005174,12,4,7,4,0,6,1,2,41
U005175,15,1,5,2,0,2,1,1,31
U005176,14,1,6,4,0,5,2,0,17
U005177,15,5,4,9,0,8,1,0,20
U005178,8,0,8,1,0,7,0,0,22
U005179,21,7,4,3,1,6,3,1,29
U005180,10,1,1,1,1,2,1,0,2
U005181,19,3,3,3,0,8,4,1,18
U005182,10,0,6,0,1,4,0,1,13
U005183,9,2,7,1,7,7,0,1,7
U005184,11,0,2,0,0,3,1,0,16
U005185,20,2,5,0,0,4,0,1,24
U005186,17,2,4,0,1,3,1,0,19
U005187,13,1,5,2,0,7,4,0,14
U005188,15,3,2,3,0,5,1,0,18
U005189,16,5,3,0,0,5,5,2,21
U005190,12,0,8,0,0,3,3,1,15
U005191,7,1,6,4,1,4,0,1,14
U005192,11,0,4,2,0,5,3,0,22
U005193,20,4,10,0,0,10,1,0,24
U005194,9,5,6,3,0,4,3,2,30
U005195,9,2,6,5,4,4,0,2,16
U005196,16,1,6,1,0,5,3,2,15
U005197,10,1,5,5,0,8,0,0,23
U005198,16,3,6,4,0,5,1,0,24
U005199,8,5,3,1,3,1,2,0,19
U005200,15,1,4,4,0,6,2,1,20
U005201,9,0,10,2,3,5,0,1,12
U005202,12,0,5,2,0,13,4,1,16
U005203,16,1,7,0,0,5,1,0,19
U005204,12,0,8,0,0,5,1,0,11
U005205,12,1,7,2,1,6,3,0,21
U005206,12,1,5,1,3,6,1,1,10
U005207,10,2,2,4,0,1,0,0,18
U005208,24,4,6,3,1,5,0,0,35
U005209,11,0,7,1,0,1,0,1,12
U005210,14,2,6,4,0,3,1,1,20
U005211,14,2,13,3,3,5,0,2,22
U005212,7,5,7,2,0,5,1,0,28
U005213,18,2,10,6,0,13,3,0,37
U005214,10,0,6,3,0,5,1,0,20
U005215,5,0,3,3,0,2,0,2,16
U005216,10,0,2,0,4,2,1,2,10
U005217,15,1,5,3,0,2,0,0,17
U005218,16,1,12,1,0,5,3,1,27
U005219,13,0,6,2,0,8,3,4,18
U005220,7,1,4,2,0,4,1,1,7
U005221,11,2,5,4,0,8,2,0,24
U005222,17,2,4,3,0,8,1,0,21
U005223,13,1,2,3,0,3,2,0,16
U005224,10,1,5,1,0,3,1,0,18
U005225,20,4,5,5,0,4,0,2,26
U005226,10,1,13,3,0,5,0,1,19
U005227,14,4,5,4,4,5,2,0,17
U005228,12,3,3,4,0,6,1,0,22
U005229,18,1,3,0,2,5,1,1,28
U005230,9,0,4,3,1,2,1,1,9
U005231,17,3,9,6,0,8,3,2,26
U005232,20,2,5,4,0,3,0,0,15
U005233,6,2,3,3,0,3,3,1,20
U005234,9,0,4,1,2,2,2,0,9
U005235,7,2,6,2,5,5,1,0,12
U005236,11,0,4,1,0,4,0,0,17
U005237,19,0,9,3,1,7,1,2,19
U005238,10,4,8,1,0,3,2,2,24
U005239,16,0,7,2,1,2,1,1,22
U005240,13,3,5,2,0,8,1,0,37
U005241,11,4,10,4,0,4,0,2,18
U005242,17,1,12,8,0,5,2,2,33
U005243,16,2,9,4,0,10,0,1,22
U005244,6,0,2,3,2,1,1,1,12
U005245,16,1,3,0,0,6,1,3,11
U005246,21,4,6,6,0,9,3,1,29
U005247,15,0,4,3,1,5,3,1,20
U005248,7,1,0,1,3,2,0,0,20
U005249,15,4,8,1,0,5,0,1,14
U005250,11,4,9,8,1,2,1,2,22
U005251,10,1,7,3,1,1,2,2,16
U005252,14,4,8,3,1,4,0,1,22
U005253,15,2,5,4,0,9,1,3,15
U005254,8,0,4,1,0,9,0,0,16
U005255,14,4,2,4,4,3,0,0,20
U005256,12,4,6,6,3,7,0,0,33
U005257,14,4,5,3,0,4,3,0,21
U005258,13,1,2,1,2,8,0,0,11
U005259,9,4,5,3,4,1,3,2,20
U005260,13,7,4,8,2,6,2,1,18
U005261,13,2,2,1,0,11,3,0,21
U005262,8,3,9,4,0,1,2,3,23
U005263,12,2,7,3,0,3,3,1,24
U005264,8,1,5,1,0,4,3,0,20
U005265,17,3,7,2,1,7,1,0,17
U005266,18,4,7,4,0,10,1,2,25
U005267,10,1,5,3,6,3,1,0,15
U005268,9,5,5,6,5,6,1,1,27
U005269,17,7,10,5,0,6,1,2,33
U005270,15,2,4,3,0,5,2,1,15
U005271,15,0,2,1,0,4,1,0,21
U005272,21,3,5,2,0,6,1,2,20
U005273,24,7,9,9,0,7,1,5,34
U005274,16,0,3,2,2,7,0,0,18
U005275,15,2,8,6,0,13,0,2,24
U005276,19,1,4,5,0,5,2,0,19
U005277,13,1,3,4,0,1,1,0,16
U005278,16,0,5,1,0,5,1,0,20
U005279,9,0,1,3,3,1,1,0,16
U005280,14,5,7,4,0,8,2,1,30
U005281,14,1,8,7,2,10,0,0,19
U005282,10,4,4,3,4,1,1,2,13
U005283,5,1,2,3,4,2,0,0,9
U005284,8,6,6,2,2,4,1,0,14
U005285,11,0,5,3,0,5,1,1,21
U005286,9,1,4,4,1,6,0,3,13
U005287,8,0,1,2,2,5,1,1,5
U005288,20,5,7,3,0,7,1,1,15
U005289,14,0,4,2,1,8,2,0,14
U005290,15,6,6,3,1,8,2,3,27
U005291,14,0,8,1,2,11,2,0,27
U005292,12,5,7,3,0,7,2,0,30
U005293,10,3,8,5,0,7,1,2,22
U005294,11,2,6,5,1,4,1,1,26
U005295,14,3,7,4,0,5,1,3,20
U005296,17,1,11,2,0,4,1,2,14
U005297,25,2,5,4,0,9,3,1,32
U005298,17,3,13,3,0,5,2,1,24
U005299,18,3,5,3,0,2,0,1,37
U005300,15,2,6,6,0,4,0,1,18
U005301,13,0,6,0,1,4,2,0,19
U005302,4,2,6,2,5,4,1,1,13
U005303,21,3,8,8,1,9,2,1,28
U005304,14,1,0,3,0,4,3,1,25
U005305,15,3,7,3,0,10,2,2,24
U005306,20,2,11,3,0,7,1,1,19
U005307,10,0,4,1,4,4,0,2,9
U005308,4,2,1,4,1,8,1,2,22
U005309,12,0,3,3,0,4,0,1,20
U005310,12,1,2,2,0,2,1,1,17
U005311,5,0,0,2,4,5,0,2,14
U005312,15,1,10,4,0,9,1,1,28
U005313,15,3,9,4,1,8,3,0,28
U005314,13,1,7,0,1,4,0,0,22
U005315,15,3,7,0,1,5,2,0,35
U005316,23,2,7,5,1,9,3,1,25
U005317,9,0,3,2,1,4,0,1,20
U005318,18,2,10,3,0,7,0,1,24
U005319,16,0,4,4,1,5,1,1,20
U005320,10,3,3,4,1,4,3,0,25
U005321,8,6,8,5,1,5,0,0,19
U005322,9,0,2,2,0,6,1,1,19
U005323,9,5,6,5,5,2,1,0,19
U005324,12,1,5,1,0,4,0,1,15
U005325,14,3,6,1,0,6,2,2,16
U005326,10,1,6,3,0,10,2,1,13
U005327,13,0,7,5,0,7,0,0,12
U005328,10,4,2,5,1,1,0,0,13
U005329,11,2,2,6,0,0,1,2,17
U005330,15,4,8,2,0,5,3,0,23
U005331,15,3,6,5,0,10,0,1,21
U005332,11,0,9,6,0,2,0,1,12
U005333,17,4,10,1,1,5,0,0,28
U005334,8,0,3,1,1,3,0,0,17
U005335,13,2,7,4,0,1,1,2,16
U005336,13,4,10,2,0,6,1,1,19
U005337,14,0,12,2,0,5,3,3,27
U005338,12,4,5,2,2,10,1,2,22
U005339,15,0,5,2,1,5,2,1,27
U005340,8,1,5,2,0,2,0,0,21
U005341,6,0,1,1,3,3,0,1,15
U005342,15,7,10,2,0,4,1,2,27
U005343,18,2,8,2,0,4,3,1,23
U005344,18,5,11,5,0,6,1,0,21
U005345,16,4,9,3,0,5,1,0,29
U005346,18,4,5,5,0,4,1,0,26
U005347,15,1,10,4,0,0,1,0,26
U005348,5,0,4,2,1,2,3,2,17
U005349,7,0,8,1,1,9,2,5,12
U005350,15,5,5,5,0,6,1,0,19
U005351,14,2,4,6,0,4,1,0,15
U005352,13,1,2,2,0,2,0,1,17
U005353,19,2,8,2,1,3,2,1,24
U005354,10,4,1,1,3,2,2,0,15
U005355,20,6,5,7,0,5,2,1,28
U005356,16,1,8,1,0,3,1,0,21
U005357,7,0,7,1,2,4,2,0,13
U005358,12,3,6,2,0,6,4,5,25
U005359,12,2,8,6,1,10,2,3,23
U005360,17,3,8,2,0,6,1,0,23
U005361,17,4,5,5,0,9,2,2,22
U005362,15,2,5,1,0,4,1,0,21
U005363,18,1,8,2,3,7,3,0,32
U005364,10,6,7,4,0,4,0,0,26
U005365,8,6,4,2,3,4,0,0,15
U005366,12,0,4,4,1,2,4,2,22
U005367,13,0,5,2,1,1,1,0,17
U005368,14,3,4,2,1,7,1,0,19
U005369,19,0,5,6,0,2,0,2,36
U005370,9,3,3,3,5,7,2,0,10
U005371,13,1,5,6,0,10,1,1,15
U005372,9,1,5,3,2,6,1,1,22
U005373,13,2,6,3,1,5,3,1,17
U005374,14,3,9,4,1,10,2,1,18
U005375,11,2,4,5,4,4,0,1,21
U005376,10,3,13,2,1,4,1,4,19
U005377,8,0,5,2,0,2,1,0,18
U005378,18,4,12,5,1,9,1,2,29
U005379,10,2,1,2,0,4,0,1,13
U005380,12,3,7,5,2,6,2,1,17
U005381,16,4,8,4,1,4,0,2,23
U005382,12,1,2,3,1,3,1,0,24
U005383,14,0,11,4,0,2,0,1,16
U005384,15,5,4,3,0,8,0,1,17
U005385,10,2,3,3,2,5,0,1,24
U005386,19,1,5,5,1,10,0,3,26
U005387,17,1,6,4,2,7,0,0,31
U005388,10,1,5,1,0,5,1,0,20
U005389,17,1,6,2,1,6,0,1,23
U005390,4,0,0,0,1,3,0,1,13
U005391,12,2,3,1,0,5,3,0,18
U005392,16,1,10,1,1,7,0,0,23
U005393,15,1,1,2,1,6,4,0,22
U005394,12,3,5,4,6,4,4,1,34
U005395,12,1,2,0,0,2,0,2,18
U005396,11,3,6,2,0,8,0,0,23
U005397,8,0,4,1,2,2,0,2,8
U005398,17,3,7,4,2,6,1,1,21
U005399,8,0,3,0,4,2,1,0,7
U005400,15,0,3,3,0,2,1,0,16
U005401,10,1,6,0,0,7,3,0,28
U005402,9,2,5,0,0,9,2,1,13
U005403,12,4,6,2,1,10,1,1,20
U005404,7,2,7,0,0,9,0,0,12
U005405,16,2,6,3,1,7,0,0,24
U005406,16,2,11,4,0,9,0,3,27
U005407,24,5,8,4,1,9,0,1,16
U005408,11,3,11,5,0,6,1,2,26
U005409,8,1,5,5,0,6,1,0,8
U005410,13,1,3,0,1,7,3,0,25
U005411,20,1,10,1,0,11,3,1,27
U005412,11,4,6,2,1,5,1,1,28
U005413,22,7,6,5,0,5,2,0,18
U005414,15,1,3,1,1,5,0,2,13
U005415,6,4,8,2,2,4,2,2,15
U005416,15,3,6,0,0,5,5,0,27
U005417,10,3,7,1,1,7,2,2,17
U005418,20,4,5,3,0,4,2,3,28
U005419,23,5,11,1,0,3,2,2,23
U005420,19,5,12,4,0,8,1,1,16
U005421,12,1,4,2,1,6,1,1,16
U005422,5,0,4,1,4,5,0,1,7
U005423,11,1,6,3,0,1,1,0,17
U005424,18,1,5,9,2,8,0,1,18
U005425,5,1,7,2,5,7,0,0,18
U005426,13,8,4,6,2,11,1,2,35
U005427,15,1,9,2,0,4,1,2,17
U005428,12,1,0,1,0,6,1,0,8
U005429,12,1,5,4,0,3,2,0,20
U005430,11,1,3,1,1,2,0,1,18
U005431,14,3,6,3,0,1,3,1,28
U005432,16,5,10,2,1,5,1,0,29
U005433,12,1,4,3,4,5,1,1,18
U005434,16,3,5,2,0,11,1,2,24
U005435,21,2,8,5,1,4,1,1,22
U005436,17,3,10,1,1,4,1,1,23
U005437,17,5,8,7,0,4,0,0,27
U005438,15,2,6,3,0,4,2,0,31
U005439,12,0,7,0,1,5,3,0,20
U005440,17,1,2,0,2,5,1,0,25
U005441,13,1,4,3,0,3,2,1,19
U005442,10,0,11,3,0,5,2,0,22
U005443,23,1,5,4,0,4,2,3,16
U005444,6,1,3,3,0,3,1,1,9
U005445,17,2,2,0,0,4,2,0,20
U005446,16,0,8,1,1,3,1,1,17
U005447,15,1,7,4,0,6,0,0,26
U005448,15,4,8,0,0,3,3,0,22
U005449,23,2,11,1,1,8,1,0,18
U005450,6,0,7,1,0,3,1,0,17
U005451,28,5,5,5,0,17,0,2,38
U005452,9,1,7,2,6,5,0,1,9
U005453,12,0,6,6,0,1,3,1,20
U005454,11,0,7,2,0,3,0,1,12
U005455,9,5,5,3,0,8,1,1,22
U005456,21,1,7,4,0,5,1,0,19
U005457,23,2,7,4,1,5,0,2,19
U005458,9,0,4,0,3,1,1,0,8
U005459,14,1,5,5,0,1,0,1,19
U005460,9,4,7,3,1,7,0,0,21
U005461,10,3,6,3,0,7,0,0,14
U005462,13,0,1,2,0,11,1,0,24
U005463,9,0,5,3,1,5,0,0,19
U005464,14,4,6,4,1,6,2,0,23
U005465,9,2,3,1,1,3,0,0,11
U005466,21,2,8,5,1,6,2,1,30
U005467,9,4,3,6,6,2,2,1,13
U005468,19,3,13,3,2,5,0,0,35
U005469,11,1,6,3,0,3,2,0,19
U005470,10,0,0,3,2,2,2,3,5
U005471,16,4,16,4,4,7,1,0,23
U005472,14,4,7,1,0,4,1,1,18
U005473,12,3,1,2,1,4,0,2,12
U005474,3,0,1,2,4,8,1,1,8
U005475,10,0,7,2,1,5,1,1,14
U005476,11,2,7,2,0,16,2,1,18
U005477,12,1,6,1,0,3,1,1,22
U005478,16,0,8,4,0,14,2,0,24
U005479,11,1,7,1,0,2,1,0,17
U005480,16,1,5,2,0,5,3,0,21
U005481,7,1,4,3,1,0,0,0,12
U005482,15,1,6,2,0,5,3,2,14
U005483,10,1,2,1,0,6,1,2,21
U005484,11,1,7,4,0,8,2,4,18
U005485,14,3,4,3,0,8,0,1,14
U005486,10,2,1,4,1,1,1,1,16
U005487,12,2,6,2,1,4,0,0,33
U005488,10,1,4,2,5,6,1,0,14
U005489,9,4,1,3,0,2,2,1,18
U005490,21,3,11,3,0,8,5,0,32
U005491,14,0,6,4,0,6,1,1,28
U005492,3,1,5,2,3,7,2,1,11
U005493,18,5,11,5,1,7,3,1,19
U005494,15,3,5,3,0,3,0,1,16
U005495,13,4,5,2,5,9,1,0,21
U005496,21,4,9,5,0,6,2,2,19
U005497,10,2,4,0,5,3,1,0,16
U005498,16,2,5,6,1,13,2,0,29
U005499,9,1,5,4,5,5,3,0,18
U005500,7,3,6,5,1,6,1,2,23
U005501,10,0,5,7,1,3,1,1,21
U005502,14,4,8,5,0,6,2,3,20
U005503,20,7,7,3,4,7,1,0,17
U005504,5,5,3,1,1,4,0,0,17
U005505,13,1,5,3,2,5,3,0,18
U005506,7,0,2,1,3,3,1,2,17
U005507,10,0,4,2,0,1,1,1,24
U005508,8,0,6,2,2,7,0,0,10
U005509,14,2,2,4,0,4,0,0,17
U005510,18,3,8,2,0,4,2,0,34
U005511,12,3,13,4,6,7,1,2,24
U005512,8,2,3,2,3,1,1,0,16
U005513,6,0,3,2,0,5,1,0,19
U005514,18,5,11,4,0,9,3,2,28
U005515,10,6,3,2,3,5,0,1,17
U005516,15,3,5,1,0,6,1,1,22
U005517,9,2,7,2,0,5,0,0,17
U005518,10,1,4,2,0,6,3,3,25
U005519,13,3,5,4,2,8,3,1,32
U005520,14,1,6,0,1,4,1,1,18
U005521,18,3,5,3,0,8,1,1,22
U005522,9,2,4,3,0,4,3,0,21
U005523,15,4,5,2,0,8,2,1,24
U005524,13,0,5,5,0,3,1,1,21
U005525,9,1,4,1,1,9,4,0,26
U005526,13,5,6,6,6,6,2,0,31
U005527,15,6,4,4,0,8,0,2,19
U005528,10,0,3,1,0,4,2,1,22
U005529,11,2,4,1,1,8,1,2,19
U005530,15,4,8,4,0,10,6,0,22
U005531,18,4,11,5,1,10,1,1,31
U005532,15,4,9,3,3,6,2,0,24
U005533,8,0,5,2,0,4,0,1,17
U005534,15,1,4,4,0,7,1,2,19
U005535,7,1,5,5,0,2,3,1,16
U005536,4,2,7,3,0,3,1,2,20
U005537,9,0,8,2,0,4,0,0,14
U005538,22,3,6,4,0,8,1,1,18
U005539,12,1,4,3,2,5,0,2,15
U005540,17,1,5,2,0,1,0,0,28
U005541,8,0,5,1,1,3,0,2,15
U005542,9,1,7,4,1,5,0,1,23
U005543,11,1,7,1,0,1,2,2,17
U005544,14,1,3,5,0,3,1,0,15
U005545,7,2,3,3,2,5,2,0,25
U005546,6,4,8,4,0,9,4,2,27
U005547,15,0,5,3,0,3,1,1,13
U005548,18,3,5,4,0,5,1,2,25
U005549,17,1,7,2,5,7,0,2,19
U005550,12,0,4,0,0,1,0,0,17
U005551,15,2,10,3,0,5,0,2,23
U005552,16,6,8,2,0,8,2,0,28
U005553,18,3,4,3,0,4,2,1,22
U005554,15,2,6,4,0,8,4,0,35
U005555,14,4,9,2,0,12,0,1,21
U005556,11,2,6,2,0,2,0,1,19
U005557,15,5,7,1,7,10,1,1,19
U005558,13,1,2,5,3,9,0,0,21
U005559,20,3,4,0,1,3,0,2,22
U005560,7,1,8,2,3,4,0,2,9
U005561,13,5,5,4,0,4,2,1,18
U005562,10,1,9,5,0,9,1,2,28
U005563,8,0,4,2,0,3,2,0,16
U005564,17,2,3,7,1,6,1,1,16
U005565,10,0,6,3,0,8,0,1,18
U005566,8,3,7,4,0,5,1,3,20
U005567,8,0,1,3,0,7,1,1,16
U005568,7,0,2,0,5,3,0,1,10
U005569,20,6,7,3,0,12,3,2,27
U005570,14,0,5,1,0,1,2,2,15
U005571,11,3,6,2,0,12,0,0,21
U005572,6,0,4,1,0,5,2,3,17
U005573,9,1,3,2,1,6,2,0,12
U005574,6,4,6,4,0,7,0,0,26
U005575,17,5,5,5,0,3,3,1,21
U005576,14,4,4,2,1,7,0,2,15
U005577,9,0,1,1,4,7,1,0,12
U005578,21,2,9,3,0,3,1,3,25
U005579,4,2,7,3,5,5,2,2,17
U005580,10,5,3,3,0,4,3,0,20
U005581,11,4,7,5,1,7,3,2,19
U005582,20,3,10,1,0,6,3,1,18
U005583,16,0,6,5,0,9,1,1,31
U005584,8,0,1,0,1,4,2,0,13
U005585,13,3,9,2,1,7,0,0,27
U005586,10,0,2,1,0,3,1,0,15
U005587,19,2,4,3,0,8,2,0,18
U005588,14,2,2,2,0,1,3,1,19
U005589,17,5,8,1,0,7,1,2,24
U005590,10,0,1,3,9,7,0,2,14
U005591,17,1,9,1,1,4,0,1,11
U005592,15,1,10,1,2,4,1,1,14
U005593,15,4,6,1,0,5,2,1,27
U005594,17,0,2,4,1,7,2,1,19
U005595,20,5,4,3,0,7,1,0,25
U005596,10,3,7,3,1,4,2,0,26
U005597,14,0,2,1,6,2,0,1,16
U005598,16,3,4,3,2,5,3,0,18
U005599,20,4,3,7,1,7,4,1,21
U005600,6,0,4,4,0,2,4,1,16
U005601,9,2,8,2,0,8,0,0,17
U005602,11,0,2,2,0,11,0,0,17
U005603,18,2,7,0,1,3,2,0,29
U005604,29,2,6,2,0,12,1,0,31
U005605,12,2,3,3,1,6,2,0,17
U005606,14,4,7,4,0,5,1,1,18
U005607,9,1,4,3,1,3,1,1,18
U005608,15,2,7,2,0,3,0,2,15
U005609,19,2,7,1,1,8,0,0,19
U005610,8,2,8,1,0,6,2,0,17
U005611,16,4,10,1,0,5,1,0,29
U005612,12,1,7,5,2,10,2,0,17
U005613,15,3,5,0,0,5,2,0,21
U005614,11,2,2,3,0,3,1,0,27
U005615,28,5,2,2,0,10,0,1,26
U005616,8,1,5,3,6,7,1,0,15
U005617,22,0,5,6,0,7,1,1,33
U005618,16,8,3,2,2,3,0,4,16
U005619,11,1,11,1,0,3,5,1,26
U005620,10,1,6,4,1,9,0,0,27
U005621,14,3,4,0,4,1,1,1,16
U005622,16,5,3,3,2,6,1,1,20
U005623,15,3,4,9,1,4,0,0,20
U005624,24,2,6,3,0,8,0,2,21
U005625,4,0,4,1,5,7,0,1,10
U005626,8,1,1,3,0,4,0,0,22
U005627,5,0,3,0,0,3,0,2,14
U005628,12,1,1,3,3,5,0,0,17
U005629,7,3,4,3,2,9,0,1,10
U005630,9,2,9,1,0,6,2,1,24
U005631,14,6,9,5,0,6,1,1,33
U005632,13,3,11,8,1,7,4,1,26
U005633,8,2,0,1,4,6,1,3,8
U005634,14,2,4,2,0,6,0,1,22
U005635,16,4,6,3,0,11,2,2,30
U005636,14,1,7,3,0,2,0,0,24
U005637,15,6,7,3,1,11,2,2,30
U005638,18,4,8,1,0,3,1,3,10
U005639,24,3,6,6,0,7,4,1,23
U005640,6,1,9,2,0,6,2,0,22
U005641,16,4,5,2,4,4,1,0,20
U005642,14,2,9,6,1,7,1,4,16
U005643,19,4,8,3,2,7,1,0,33
U005644,5,0,2,1,2,4,1,0,15
U005645,14,0,8,4,0,6,0,1,27
U005646,15,5,7,3,2,7,0,2,25
U005647,10,2,2,3,1,3,1,3,26
U005648,10,1,6,1,1,7,0,1,21
U005649,7,6,5,4,0,4,1,2,19
U005650,8,1,7,3,6,2,1,0,11
U005651,16,2,6,5,0,7,2,2,23
U005652,4,2,6,2,6,3,0,0,8
U005653,19,2,7,7,2,5,2,1,20
U005654,19,3,10,2,3,3,2,2,22
U005655,16,7,9,4,1,2,0,0,31
U005656,9,2,3,3,0,2,4,0,17
U005657,9,1,7,3,1,7,0,1,14
U005658,11,3,11,5,1,5,2,0,15
U005659,8,5,4,5,0,6,2,0,26
U005660,9,3,3,6,0,10,1,1,34
U005661,6,1,2,0,2,1,0,1,11
U005662,14,2,5,3,1,4,1,1,23
U005663,11,0,5,0,1,6,5,1,22
U005664,9,0,6,3,0,8,2,1,18
U005665,13,6,9,4,1,4,1,1,22
U005666,10,0,1,1,3,6,0,1,13
U005667,13,1,5,6,0,6,1,0,11
U005668,8,1,3,1,1,2,2,1,19
U005669,11,3,5,3,5,3,2,2,23
U005670,9,3,4,2,3,4,0,1,13
U005671,7,0,5,6,0,5,3,1,15
U005672,16,4,9,6,0,3,2,1,26
U005673,19,1,7,2,0,5,0,2,27
U005674,9,0,4,2,0,5,1,1,17
U005675,8,2,8,3,0,4,0,0,12
U005676,14,3,8,5,0,12,0,1,30
U005677,9,4,14,6,1,9,1,1,32
U005678,15,3,5,2,0,3,2,2,20
U005679,12,2,2,2,0,2,1,2,17
U005680,17,1,8,6,1,12,2,2,23
U005681,15,2,5,3,1,4,0,1,39
U005682,15,2,9,5,0,9,0,1,13
U005683,10,3,7,1,0,2,0,0,10
U005684,18,0,3,3,0,2,0,4,25
U005685,8,0,4,1,6,6,0,0,15
U005686,13,0,10,4,0,1,1,2,19
U005687,16,4,11,1,2,5,1,2,19
U005688,15,3,7,2,1,7,2,1,34
U005689,14,1,5,1,1,5,0,0,19
U005690,11,1,7,1,3,5,2,1,31
U005691,12,2,4,6,0,2,3,2,28
U005692,14,0,3,0,0,3,3,0,14
U005693,16,3,6,3,0,6,0,0,12
U005694,13,5,8,2,1,5,1,3,20
U005695,18,2,10,5,0,7,1,0,24
U005696,14,6,10,6,0,9,2,0,13
U005697,15,4,10,6,0,6,4,1,32
U005698,10,2,1,3,3,2,2,0,18
U005699,17,6,9,2,1,6,0,1,36
U005700,11,0,5,3,0,6,1,1,15
U005701,7,5,7,3,1,3,2,2,19
U005702,14,7,10,0,1,5,0,0,21
U005703,4,1,4,1,0,1,0,1,14
U005704,19,2,9,2,0,9,2,2,29
U005705,13,0,6,4,1,6,0,1,13
U005706,19,2,6,2,1,10,4,1,38
U005707,12,2,3,2,1,5,3,2,30
U005708,11,3,9,3,2,6,0,1,16
U005709,16,2,6,4,1,3,1,1,23
U005710,14,2,8,4,1,6,1,1,18
U005711,19,7,5,1,6,7,3,1,20
U005712,9,2,6,1,0,3,1,3,18
U005713,10,2,7,1,0,3,3,0,18
U005714,6,1,1,1,2,3,0,0,7
U005715,15,4,6,4,1,6,2,2,17
U005716,13,0,3,1,1,4,0,1,11
U005717,11,0,3,1,0,1,0,0,24
U005718,9,3,5,2,0,5,1,0,33
U005719,17,2,5,2,0,3,3,1,15
U005720,9,0,2,2,0,3,1,2,14
U005721,11,3,9,5,0,9,0,1,20
U005722,13,2,2,0,0,3,0,1,14
U005723,15,0,6,4,0,5,0,0,21
U005724,14,0,2,4,0,3,0,0,17
U005725,8,4,7,4,0,8,3,0,21
U005726,8,1,4,1,3,6,1,0,15
U005727,19,3,4,6,0,3,2,1,31
U005728,19,3,6,4,0,7,3,2,33
U005729,10,6,4,3,0,8,1,2,17
U005730,10,2,2,3,0,6,0,0,13
U005731,10,6,10,0,0,10,2,0,24
U005732,19,3,7,1,1,9,4,1,27
U005733,9,1,9,5,0,3,1,1,16
U005734,10,0,9,4,0,4,1,1,18
U005735,8,1,5,0,0,7,2,2,17
U005736,7,1,0,2,1,4,1,2,10
U005737,13,0,11,1,0,9,0,1,19
U005738,19,0,7,1,0,8,0,2,15
U005739,16,5,8,6,2,8,0,1,28
U005740,17,5,7,2,1,14,1,1,26
U005741,15,1,8,7,0,7,1,0,18
U005742,14,4,6,6,0,8,2,1,17
U005743,12,3,14,4,0,9,3,1,20
U005744,18,3,6,2,0,5,2,0,15
U005745,11,0,3,2,0,6,1,0,15
U005746,10,2,4,5,0,7,1,1,16
U005747,15,2,6,5,1,7,1,1,22
U005748,13,1,7,3,1,4,0,1,13
U005749,9,3,3,0,1,4,1,1,11
U005750,18,0,4,2,1,8,1,0,18
U005751,10,4,6,4,0,5,0,0,20
U005752,11,1,7,2,4,8,2,2,21
U005753,11,2,4,1,0,3,1,1,17
U005754,14,0,7,3,0,9,3,0,26
U005755,22,3,6,4,0,11,2,2,27
U005756,9,3,7,3,1,6,1,0,27
U005757,9,1,3,3,1,3,1,0,22
U005758,16,1,4,8,1,5,3,0,17
U005759,22,3,8,5,0,5,1,1,24
U005760,15,3,7,4,0,6,1,1,18
U005761,10,5,4,1,0,7,0,3,22
U005762,7,3,4,3,0,6,2,0,16
U005763,19,4,8,2,0,8,3,1,28
U005764,11,0,8,4,0,6,0,0,23
U005765,18,0,2,4,0,9,1,1,28
U005766,7,2,2,4,0,7,0,0,20
U005767,12,0,6,1,2,2,4,1,15
U005768,20,3,9,7,0,11,0,1,30
U005769,10,0,5,1,4,3,0,2,6
U005770,14,2,3,5,1,7,1,1,24
U005771,12,2,7,0,0,3,0,0,14
U005772,16,3,8,4,1,6,0,1,22
U005773,11,0,5,3,0,3,1,0,18
U005774,10,0,6,4,1,3,1,0,22
U005775,8,0,5,1,6,2,1,1,10
U005776,15,3,5,3,1,3,1,3,26
U005777,16,4,6,0,1,8,0,0,26
U005778,12,0,4,2,1,7,1,2,23
U005779,13,1,4,0,0,8,1,2,24
U005780,13,1,1,1,0,4,2,0,17
U005781,8,1,13,7,0,9,0,2,23
U005782,18,4,6,2,1,5,0,0,16
U005783,21,1,5,2,0,7,0,0,23
U005784,16,5,4,5,0,4,2,1,16
U005785,16,3,9,4,0,9,2,1,34
U005786,11,0,2,0,0,5,1,0,22
U005787,15,1,5,1,0,4,2,1,19
U005788,14,0,3,3,1,6,3,2,16
U005789,11,1,5,6,1,3,4,0,16
U005790,9,1,5,6,2,2,1,0,14
U005791,14,1,3,3,0,1,2,0,21
U005792,19,2,5,3,4,4,0,1,14
U005793,7,0,3,1,2,3,1,0,16
U005794,20,4,9,4,0,7,2,0,30
U005795,12,1,6,2,0,1,3,1,15
U005796,10,3,5,2,0,2,0,1,21
U005797,8,4,3,2,3,2,0,0,6
U005798,12,1,5,6,0,4,4,1,12
U005799,15,2,6,3,2,3,1,0,24
U005800,18,1,5,2,2,5,1,2,13
U005801,9,5,6,4,1,5,2,1,27
U005802,8,3,8,1,4,3,3,1,21
U005803,22,4,0,3,0,7,4,1,31
U005804,12,2,5,3,0,3,2,1,18
U005805,9,0,3,2,0,2,2,0,11
U005806,15,1,2,2,0,6,0,2,16
U005807,8,0,2,3,0,4,3,2,19
U005808,5,2,7,1,2,5,0,0,23
U005809,21,0,10,7,0,8,4,1,32
U005810,15,5,5,2,4,4,0,0,19
U005811,5,0,3,1,1,3,2,0,9
U005812,12,2,2,0,3,2,0,0,14
U005813,11,3,4,3,2,9,0,0,27
U005814,10,0,4,0,0,3,1,1,14
U005815,15,5,11,1,0,5,1,2,23
U005816,5,3,6,3,4,3,2,1,14
U005817,10,2,6,3,1,5,2,3,26
U005818,10,0,6,6,0,10,0,0,11
U005819,14,2,4,3,1,2,1,4,25
U005820,6,0,3,2,6,2,2,1,10
U005821,20,2,9,2,0,12,2,2,15
U005822,18,1,10,3,0,5,1,1,35
U005823,10,3,5,2,0,2,2,0,17
U005824,9,0,1,2,0,4,1,0,13
U005825,9,1,4,0,5,4,1,2,12
U005826,4,0,3,2,2,2,1,1,16
U005827,8,6,7,4,0,4,2,3,29
U005828,10,0,2,0,0,4,2,0,12
U005829,10,0,4,5,0,6,1,1,13
U005830,8,2,2,3,2,7,0,2,9
U005831,10,4,6,7,1,9,1,3,20
U005832,11,0,4,3,0,6,1,1,16
U005833,7,0,6,5,0,5,1,4,20
U005834,8,0,6,4,2,6,0,2,14
U005835,14,3,11,4,0,10,1,1,24
U005836,5,0,6,2,2,4,3,1,12
U005837,11,2,1,1,1,8,1,1,18
U005838,5,0,4,1,4,0,0,1,5
U005839,11,4,4,4,4,9,1,0,18
U005840,7,0,1,2,1,2,4,0,13
U005841,21,4,1,6,1,7,3,2,22
U005842,10,1,4,1,1,5,0,0,16
U005843,8,3,6,4,0,5,3,0,13
U005844,12,0,3,2,0,4,3,0,31
U005845,12,1,3,2,0,2,1,2,28
U005846,11,0,7,3,0,0,1,0,11
U005847,11,4,6,4,7,0,0,0,15
U005848,14,0,1,2,1,7,2,2,17
U005849,13,5,4,3,0,5,0,2,13
U005850,16,0,9,3,2,9,2,5,24
U005851,11,1,1,2,3,6,1,0,12
U005852,9,0,3,0,0,4,0,0,9
U005853,9,4,2,1,4,7,0,1,8
U005854,15,4,5,1,1,9,1,0,23
U005855,14,0,1,2,0,7,1,2,19
U005856,13,0,4,1,2,5,2,1,17
U005857,2,1,1,4,3,3,1,0,18
U005858,14,0,5,1,1,5,2,1,17
U005859,16,5,8,6,0,7,1,0,20
U005860,13,1,3,3,1,11,3,2,19
U005861,14,4,8,2,4,5,1,2,13
U005862,11,0,10,3,1,12,2,0,21
U005863,10,2,3,3,0,5,1,0,11
U005864,15,3,4,0,0,6,0,2,19
U005865,8,2,7,0,0,10,2,1,19
U005866,8,5,7,3,4,5,1,1,22
U005867,13,3,2,1,0,12,1,3,14
U005868,8,0,3,6,0,12,2,0,14
U005869,8,0,5,1,4,1,2,2,12
U005870,5,0,6,1,0,10,0,0,16
U005871,5,0,4,3,5,7,0,0,11
U005872,13,2,12,3,0,6,1,2,14
U005873,20,1,9,2,0,8,1,1,25
U005874,7,1,4,5,0,8,2,0,13
U005875,12,1,4,2,2,7,0,1,22
U005876,20,2,5,4,0,5,4,2,22
U005877,15,5,10,6,1,6,2,1,21
U005878,16,2,0,5,1,4,1,1,20
U005879,13,3,9,5,0,6,2,2,20
U005880,12,0,2,1,5,7,1,0,18
U005881,12,6,6,4,0,7,4,1,25
U005882,17,4,5,2,1,4,2,1,22
U005883,10,0,5,2,0,8,0,1,16
U005884,4,0,5,1,3,5,1,0,14
U005885,13,4,5,3,0,10,0,0,28
U005886,9,0,7,0,1,5,0,0,20
U005887,20,3,2,2,0,5,0,3,14
U005888,16,0,5,2,0,4,3,2,15
U005889,15,2,4,1,0,2,0,1,6
U005890,16,4,11,4,1,1,1,2,15
U005891,15,6,5,2,0,8,3,1,32
U005892,8,1,5,2,1,4,2,0,12
U005893,9,4,7,3,2,8,0,1,20
U005894,10,1,4,3,3,5,0,0,18
U005895,8,0,2,1,2,4,0,1,11
U005896,20,3,6,2,0,8,1,0,16
U005897,6,1,5,2,0,7,0,1,14
U005898,6,1,4,3,2,3,4,1,21
U005899,15,1,8,4,0,10,3,2,28
U005900,20,3,6,6,0,5,1,1,19
U005901,13,0,4,4,0,1,0,0,18
U005902,8,1,4,4,0,3,2,0,22
U005903,11,0,5,3,0,4,0,1,13
U005904,20,1,3,1,1,4,0,0,19
U005905,15,0,4,3,0,4,1,0,14
U005906,12,2,8,5,0,7,3,2,25
U005907,11,1,4,5,0,5,3,0,14
U005908,10,0,14,0,0,7,1,0,16
U005909,17,4,4,2,0,6,0,0,24
U005910,14,0,5,1,2,2,0,0,17
U005911,10,2,5,3,0,6,3,0,23
U005912,10,2,5,4,0,2,0,1,10
U005913,11,2,3,4,0,3,0,1,20
U005914,9,0,5,3,0,3,0,2,15
U005915,12,0,4,1,1,6,2,0,14
U005916,8,1,2,6,5,2,2,1,9
U005917,12,1,2,4,0,6,1,2,19
U005918,8,3,7,2,0,5,4,0,27
U005919,4,1,4,1,2,3,1,0,4
U005920,22,3,9,2,0,13,0,0,25
U005921,17,1,2,4,0,4,3,1,28
U005922,11,2,6,0,7,5,2,1,18
U005923,10,2,12,2,1,6,1,0,22
U005924,12,0,4,2,1,4,2,2,18
U005925,13,1,6,5,0,4,1,1,14
U005926,12,2,2,1,5,0,0,1,15
U005927,14,5,7,1,0,5,1,0,25
U005928,14,4,4,2,0,6,0,1,30
U005929,12,3,5,4,3,7,3,1,24
U005930,17,4,8,1,2,4,2,0,24
U005931,16,5,12,7,0,5,1,2,14
U005932,17,1,5,5,0,6,0,0,20
U005933,13,3,3,9,0,7,1,2,28
U005934,12,1,6,3,0,0,0,1,17
U005935,10,6,8,6,0,3,1,0,29
U005936,12,4,10,4,0,10,1,0,18
U005937,16,0,8,2,0,2,0,1,17
U005938,10,5,11,3,0,6,3,3,27
U005939,6,0,1,4,0,3,0,0,16
U005940,7,0,5,1,1,3,0,0,22
U005941,7,3,4,2,1,1,2,3,7
U005942,17,2,9,7,0,14,0,1,32
U005943,14,4,2,1,1,3,4,1,22
U005944,10,0,4,5,0,6,0,2,15
U005945,20,4,6,2,0,9,1,1,31
U005946,11,0,10,1,2,4,1,1,25
U005947,6,0,9,1,3,4,1,0,7
U005948,14,3,6,2,1,6,0,1,25
U005949,8,3,10,7,1,5,0,0,26
U005950,14,5,9,0,1,7,3,0,22
U005951,17,7,10,5,0,10,1,2,28
U005952,11,4,7,5,1,5,1,0,20
U005953,18,3,5,4,0,5,0,0,19
U005954,12,4,10,4,0,2,1,2,20
U005955,12,6,3,3,1,4,0,0,23
U005956,23,4,9,6,0,6,1,0,22
U005957,10,3,5,3,0,2,1,1,15
U005958,15,1,7,6,0,1,1,1,20
U005959,11,2,6,0,0,5,1,1,12
U005960,18,0,8,2,0,5,2,0,21
U005961,15,5,12,4,0,11,0,2,26
U005962,17,5,5,3,0,9,1,1,16
U005963,14,1,6,3,0,4,0,1,16
U005964,12,0,4,1,0,1,2,1,11
U005965,5,2,5,4,4,5,2,0,14
U005966,16,1,10,5,1,11,1,1,23
U005967,11,1,6,5,0,11,1,0,26
U005968,13,3,5,2,0,8,2,0,19
U005969,12,1,4,0,2,6,1,0,26
U005970,15,1,11,5,2,8,3,1,25
U005971,10,0,6,2,4,2,0,1,16
U005972,10,1,3,4,3,6,0,0,14
U005973,18,5,4,5,0,4,2,2,29
U005974,8,0,5,1,2,2,0,0,13
U005975,14,5,4,0,0,4,2,1,16
U005976,10,2,3,3,4,4,1,1,12
U005977,14,4,3,2,0,11,0,2,26
U005978,9,4,8,4,6,8,1,0,20
U005979,13,6,12,3,0,7,3,0,23
U005980,17,2,9,6,0,5,0,3,27
U005981,8,1,5,1,0,5,2,1,23
U005982,9,0,4,2,1,4,2,0,11
U005983,19,1,9,3,0,5,2,1,29
U005984,14,4,8,1,0,7,1,0,13
U005985,10,1,3,1,1,1,1,0,12
U005986,6,1,3,2,0,1,0,1,17
U005987,17,1,8,4,3,4,0,0,22
U005988,6,1,3,1,3,3,1,0,16
U005989,10,1,3,3,3,2,2,1,13
U005990,17,4,1,0,4,6,0,0,18
U005991,18,4,7,6,0,5,1,0,24
U005992,8,3,2,2,8,2,3,2,15
U005993,9,1,2,1,0,4,0,0,8
U005994,22,2,5,9,0,4,3,0,43
U005995,14,1,7,6,6,6,0,0,12
U005996,21,2,10,4,0,4,2,3,22
U005997,21,5,5,3,1,6,2,1,21
U005998,18,1,2,4,0,5,1,1,25
U005999,14,4,8,4,7,5,2,0,18
U006000,11,3,5,6,1,5,3,0,22
U006001,10,2,4,2,0,6,0,1,24
U006002,7,0,3,4,0,9,0,1,13
U006003,18,3,6,9,0,9,2,0,28
U006004,6,1,4,1,4,1,1,0,13
U006005,13,1,7,2,0,10,1,2,27
U006006,9,0,2,4,1,3,1,3,19
U006007,10,1,6,5,1,10,0,2,28
U006008,4,0,3,5,3,3,1,1,12
U006009,15,0,9,2,1,5,0,1,21
U006010,11,3,9,1,1,11,0,2,26
U006011,12,0,7,2,0,4,2,0,13
U006012,10,0,2,1,0,10,1,0,19
U006013,9,1,4,0,5,5,1,1,20
U006014,12,1,5,4,0,5,3,1,14
U006015,13,4,9,1,0,5,0,2,12
U006016,7,2,5,2,0,6,1,1,19
U006017,18,4,7,8,0,7,0,0,23
U006018,16,1,3,4,0,5,2,0,18
U006019,12,0,1,5,0,6,2,0,26
U006020,12,4,11,2,1,5,0,1,21
U006021,17,6,4,3,0,8,0,1,17
U006022,13,7,8,3,0,6,1,1,27
U006023,4,0,1,0,2,4,3,1,8
U006024,13,4,9,5,1,6,0,1,32
U006025,22,3,3,2,1,8,2,4,20
U006026,9,1,4,3,2,6,0,3,7
U006027,9,3,2,3,0,5,2,0,25
U006028,15,0,4,7,0,6,3,0,18
U006029,17,1,12,5,0,11,1,1,28
U006030,11,2,1,6,0,7,1,1,18
U006031,9,1,5,4,0,4,1,2,20
U006032,10,4,4,2,0,4,2,2,29
U006033,13,0,4,4,0,4,2,1,18
U006034,9,3,8,3,6,4,2,0,17
U006035,13,1,9,1,0,6,0,0,27
U006036,12,2,2,4,0,5,1,1,28
U006037,12,9,9,4,0,7,1,2,25
U006038,10,1,1,3,0,9,1,0,20
U006039,5,0,3,4,5,1,0,1,15
U006040,23,11,11,4,0,6,3,2,39
U006041,11,0,7,4,0,1,2,1,18
U006042,12,7,5,4,0,2,1,0,12
U006043,12,0,5,1,1,6,1,0,21
U006044,19,2,5,3,2,19,0,0,25
U006045,10,0,3,4,1,3,1,1,8
U006046,9,3,8,4,1,8,3,1,22
U006047,16,0,2,2,1,6,1,3,19
U006048,23,5,8,3,0,8,1,1,26
U006049,10,0,4,2,1,5,0,1,18
U006050,11,1,5,5,0,7,2,1,38
U006051,12,0,8,3,0,3,1,0,23
U006052,8,3,3,1,0,5,0,0,25
U006053,10,1,4,0,1,2,1,0,10
U006054,10,0,6,2,2,2,0,0,11
U006055,9,0,4,2,3,6,2,0,13
U006056,5,0,7,2,6,6,3,1,12
U006057,16,0,1,0,1,6,0,2,10
U006058,9,1,7,2,1,6,0,2,17
U006059,11,1,5,4,0,10,0,0,9
U006060,11,4,3,3,0,4,1,3,30
U006061,12,0,5,2,0,3,1,1,15
U006062,12,3,3,4,0,5,2,2,11
U006063,19,2,4,4,0,4,0,1,19
U006064,9,1,7,2,4,2,0,1,15
U006065,14,1,7,4,2,6,0,1,30
U006066,14,1,3,3,0,6,2,2,16
U006067,9,1,3,6,8,3,1,4,22
U006068,10,5,4,4,1,7,1,0,13
U006069,12,3,12,3,1,5,2,2,24
U006070,4,1,1,2,1,0,0,0,9
U006071,21,5,3,1,0,7,0,1,7
U006072,7,1,2,2,3,2,2,1,11
U006073,11,0,3,5,0,4,1,0,13
U006074,8,0,5,3,0,2,1,2,18
U006075,8,2,5,3,0,7,1,0,18
U006076,10,3,8,3,0,6,3,0,24
U006077,9,1,5,3,0,3,2,3,17
U006078,9,4,7,0,1,10,2,3,17
U006079,16,2,3,4,2,3,1,0,13
U006080,10,3,8,1,2,6,3,2,20
U006081,25,6,6,1,1,6,3,1,30
U006082,13,8,3,4,0,8,2,0,30
U006083,16,1,4,3,2,4,0,0,20
U006084,10,3,5,2,0,6,6,0,20
U006085,9,1,6,2,0,7,1,1,23
U006086,15,0,3,3,0,6,2,0,15
U006087,17,3,6,4,0,4,1,0,23
U006088,13,2,3,4,0,4,1,1,8
U006089,10,6,5,4,0,8,2,2,23
U006090,13,0,4,0,1,10,3,0,23
U006091,22,2,8,5,0,3,2,2,20
U006092,21,6,14,5,1,9,3,0,28
U006093,10,5,6,1,7,4,2,1,21
U006094,15,3,5,2,11,4,1,0,22
U006095,23,0,5,2,2,3,2,0,32
U006096,13,1,7,4,0,5,0,0,22
U006097,10,1,5,3,0,5,0,5,20
U006098,14,4,6,1,0,2,2,4,23
U006099,17,4,4,4,0,5,1,3,20
U006100,23,6,10,4,1,9,1,2,26
U006101,18,4,5,3,0,12,2,3,20
U006102,12,0,2,5,4,0,0,1,13
U006103,17,8,10,6,0,8,1,1,38
U006104,4,2,4,1,3,5,0,0,19
U006105,17,0,7,2,0,5,0,1,16
U006106,6,1,10,2,0,3,0,1,19
U006107,5,0,2,2,1,4,0,1,18
U006108,2,0,1,1,5,2,0,2,10
U006109,9,1,2,4,8,7,3,0,16
U006110,9,0,3,4,0,6,1,0,17
U006111,11,0,8,4,4,6,2,1,29
U006112,14,2,9,7,1,8,3,0,19
U006113,7,3,4,2,3,4,2,1,16
U006114,10,0,11,1,1,5,0,0,18
U006115,14,0,7,3,0,5,0,0,22
U006116,12,1,7,3,2,9,3,1,22
U006117,20,3,4,2,0,3,1,0,21
U006118,9,0,3,0,0,1,1,0,6
U006119,19,7,5,6,0,5,1,1,20
U006120,13,6,2,2,0,2,1,2,19
U006121,13,0,2,1,0,2,3,0,13
U006122,6,0,4,5,0,3,1,3,27
U006123,10,5,3,3,0,2,1,1,18
U006124,18,9,9,3,0,7,2,0,22
U006125,8,0,2,3,0,7,1,0,23
U006126,13,1,3,2,0,8,1,1,23
U006127,13,6,7,2,2,6,2,0,29
U006128,19,3,6,6,1,5,2,0,33
U006129,9,5,9,2,3,3,0,0,14
U006130,16,4,5,5,0,6,3,0,19
U006131,9,0,4,1,1,4,2,3,24
U006132,13,1,5,5,0,8,0,0,26
U006133,14,3,7,3,0,3,3,0,21
U006134,8,2,6,2,1,2,1,1,20
U006135,17,2,9,0,1,8,0,1,25
U006136,15,1,6,0,0,7,0,2,22
U006137,5,0,1,0,3,3,0,1,8
U006138,15,1,0,2,0,4,0,1,10
U006139,15,2,9,5,0,3,1,1,23
U006140,4,4,3,2,0,4,0,2,17
U006141,5,1,4,2,4,1,0,1,14
U006142,15,0,2,1,0,9,1,1,24
U006143,21,2,12,4,0,3,2,2,22
U006144,6,1,9,2,0,6,1,0,19
U006145,15,1,7,1,0,5,1,0,15
U006146,13,0,5,0,0,3,1,0,14
U006147,9,6,3,0,2,6,0,0,15
U006148,10,2,3,4,0,8,0,0,17
U006149,9,2,8,3,0,4,3,0,17
U006150,9,0,5,4,0,3,2,1,26
U006151,11,3,4,0,2,9,1,0,23
U006152,19,2,2,2,0,12,1,0,22
U006153,14,2,8,4,1,5,1,1,21
U006154,12,2,1,2,0,5,1,1,14
U006155,16,3,5,4,0,2,1,0,18
U006156,15,0,1,1,0,9,2,0,21
U006157,13,0,4,5,1,5,2,0,23
U006158,12,0,3,1,0,5,1,0,16
U006159,20,6,7,6,0,9,0,2,32
U006160,18,2,1,3,0,5,0,0,13
U006161,11,2,4,4,1,8,1,1,21
U006162,12,1,6,5,0,7,1,0,18
U006163,19,4,6,2,0,6,3,2,23
U006164,11,2,7,2,1,3,1,0,15
U006165,14,2,2,6,1,13,3,4,25
U006166,18,0,6,11,5,5,1,1,21
U006167,11,2,2,3,2,4,0,1,11
U006168,15,2,7,4,0,7,0,2,26
U006169,9,2,4,3,4,2,3,0,15
U006170,10,2,7,2,0,3,2,1,21
U006171,16,3,3,7,1,9,1,2,26
U006172,13,1,5,4,1,6,1,3,26
U006173,15,1,9,1,0,8,4,1,23
U006174,20,3,8,4,0,8,1,2,21
U006175,12,2,8,2,0,9,0,1,16
U006176,16,5,9,3,3,6,1,1,16
U006177,16,3,9,8,1,10,0,1,28
U006178,11,0,4,0,0,1,0,2,13
U006179,6,0,5,2,1,3,0,1,20
U006180,22,2,11,1,0,3,0,0,28
U006181,19,6,5,4,0,6,1,0,20
U006182,23,0,6,6,2,5,2,0,20
U006183,8,1,7,3,0,3,2,2,16
U006184,16,3,4,1,0,2,2,1,20
U006185,13,1,3,1,0,4,2,3,28
U006186,10,1,3,1,1,5,0,0,16
U006187,10,5,9,1,0,9,0,0,33
U006188,13,3,6,1,0,6,6,1,21
U006189,11,4,6,7,1,6,0,0,27
U006190,23,1,9,5,1,2,2,0,26
U006191,13,3,3,4,0,2,3,1,22
U006192,5,0,2,1,0,4,2,3,22
U006193,10,1,2,0,0,10,2,2,13
U006194,10,0,8,4,0,7,0,0,18
U006195,20,2,2,0,0,7,0,1,21
U006196,10,1,7,6,5,7,2,1,16
U006197,18,1,7,2,0,13,1,0,33
U006198,8,1,7,2,3,0,0,0,16
U006199,7,1,3,3,0,2,1,0,21
U006200,16,1,5,3,0,6,3,1,22
U006201,18,7,2,3,0,3,2,2,25
U006202,13,1,5,6,0,6,1,0,23
U006203,7,0,3,1,5,1,0,1,11
U006204,17,8,4,3,0,2,0,0,23
U006205,23,5,16,4,1,11,1,0,26
U006206,11,1,4,5,0,7,3,1,21
U006207,15,2,5,2,1,5,1,1,23
U006208,7,1,2,2,1,4,1,0,11
U006209,11,5,3,2,1,4,3,1,18
U006210,8,1,4,1,3,2,1,1,12
U006211,12,5,8,5,4,4,0,0,17
U006212,21,3,6,1,2,5,0,1,26
U006213,10,6,5,2,0,9,2,1,27
U006214,11,2,1,5,0,2,1,1,21
U006215,8,0,7,0,1,5,1,0,12
U006216,10,0,8,3,1,5,1,0,16
U006217,17,2,5,2,1,6,1,1,23
U006218,10,0,3,2,0,1,1,1,16
U006219,9,1,7,4,2,6,2,1,18
U006220,13,0,6,3,1,2,2,0,21
U006221,14,2,8,5,0,10,2,2,21
U006222,7,5,7,2,0,11,1,3,30
U006223,11,1,2,5,0,8,1,0,7
U006224,11,4,10,5,1,9,0,1,26
U006225,12,1,7,5,1,4,2,1,15
U006226,18,0,3,2,0,1,0,0,16
U006227,5,1,7,3,6,2,0,0,14
U006228,14,0,2,2,1,3,2,0,9
U006229,17,1,8,3,0,5,2,0,20
U006230,12,2,2,5,0,5,1,1,20
U006231,11,1,6,2,6,10,0,0,8
U006232,14,3,8,1,4,5,2,0,9
U006233,10,1,1,6,0,5,2,2,11
U006234,20,2,13,4,0,7,2,2,35
U006235,9,1,4,5,0,3,0,2,16
U006236,14,5,4,4,0,5,1,0,22
U006237,18,3,7,5,1,6,5,0,22
U006238,5,2,3,4,3,5,2,0,11
U006239,3,3,9,3,0,3,1,2,30
U006240,8,1,6,0,2,1,0,0,6
U006241,12,3,8,3,0,8,2,0,32
U006242,7,1,1,1,2,3,0,0,13
U006243,12,2,7,3,4,5,3,1,15
U006244,9,0,2,2,0,3,2,0,16
U006245,10,0,4,0,0,3,2,2,18
U006246,10,2,4,2,0,5,4,2,24
U006247,10,5,5,1,4,8,1,0,19
U006248,16,2,3,1,0,6,0,0,11
U006249,9,1,1,2,0,4,2,1,17
U006250,16,1,4,2,0,7,1,0,12
U006251,11,0,5,3,0,3,0,0,18
U006252,15,1,1,1,0,6,1,1,27
U006253,21,2,8,4,2,9,2,3,23
U006254,22,4,7,3,1,5,1,0,18
U006255,20,2,5,4,0,10,0,2,26
U006256,16,2,5,3,1,12,1,3,32
U006257,12,1,1,6,0,10,2,1,19
U006258,9,0,5,3,0,3,1,2,12
U006259,17,6,5,2,1,5,1,2,26
U006260,6,0,5,2,2,2,0,0,12
U006261,10,2,3,3,0,4,1,1,17
U006262,10,4,6,4,5,9,0,0,21
U006263,15,0,6,2,0,3,0,0,23
U006264,10,4,9,3,1,7,1,0,28
U006265,8,3,6,4,7,6,2,1,28
U006266,11,5,7,6,1,7,1,1,22
U006267,14,2,6,3,1,8,0,0,10
U006268,5,5,3,4,0,6,4,0,16
U006269,11,4,4,4,4,4,0,0,23
U006270,13,1,7,6,2,9,1,2,17
U006271,23,1,6,4,0,9,2,2,23
U006272,25,1,8,4,0,10,1,3,25
U006273,11,1,5,4,1,5,0,1,31
U006274,13,2,3,1,1,6,1,1,15
U006275,12,1,4,0,0,8,1,1,17
U006276,10,0,4,2,5,4,0,2,18
U006277,9,1,4,3,1,2,3,1,18
U006278,13,0,4,2,4,7,1,0,16
U006279,15,2,5,4,0,8,1,1,31
U006280,8,3,8,3,0,6,0,1,17
U006281,7,1,6,2,0,4,1,0,19
U006282,7,0,5,1,3,5,0,1,11
U006283,11,0,2,2,0,5,1,0,18
U006284,13,0,7,5,0,5,2,2,28
U006285,11,2,3,6,7,3,0,2,16
U006286,14,3,10,5,0,12,0,0,32
U006287,20,1,8,4,6,5,3,0,27
U006288,9,1,5,6,1,5,0,3,20
U006289,16,3,8,3,0,7,2,0,15
U006290,14,5,3,4,0,7,2,2,26
U006291,16,3,5,5,0,6,0,0,23
U006292,16,2,3,1,1,4,0,0,15
U006293,9,1,3,3,0,6,2,0,11
U006294,13,2,7,3,0,6,2,2,12
U006295,14,1,5,3,2,3,1,0,12
U006296,10,1,4,1,0,5,1,2,17
U006297,9,0,5,4,1,3,0,1,16
U006298,14,0,8,7,0,2,2,1,18
U006299,12,0,6,1,0,7,1,0,10
U006300,11,1,1,1,4,7,2,0,15
U006301,11,0,3,4,2,3,1,3,17
U006302,24,3,10,3,0,8,4,1,27
U006303,9,1,7,3,0,3,0,0,15
U006304,13,1,8,2,3,6,1,0,13
U006305,10,6,5,1,5,8,0,3,25
U006306,4,0,3,0,4,0,0,0,8
U006307,16,3,11,2,0,5,2,2,25
U006308,6,0,5,4,1,4,1,0,16
U006309,11,2,3,5,0,3,0,0,17
U006310,8,4,2,4,3,0,1,0,14
U006311,15,2,3,1,4,5,2,0,16
U006312,10,0,4,1,0,4,1,1,20
U006313,8,1,1,1,1,4,2,0,12
U006314,11,3,5,4,0,3,0,2,29
U006315,6,0,6,3,0,3,0,0,18
U006316,20,1,10,0,0,7,5,1,23
U006317,14,2,3,0,0,4,2,2,15
U006318,8,0,7,3,0,7,4,1,25
U006319,15,1,6,2,0,2,1,1,20
U006320,6,0,5,4,3,4,0,0,17
U006321,13,3,4,1,0,6,0,1,30
U006322,10,1,6,2,0,2,2,1,16
U006323,13,1,6,2,0,3,1,1,20
U006324,13,1,3,3,0,9,0,3,17
U006325,13,3,9,1,0,4,2,1,29
U006326,9,4,6,3,0,3,2,2,16
U006327,4,0,2,2,5,5,1,0,11
U006328,10,0,5,2,3,3,0,0,12
U006329,12,0,7,2,0,6,0,1,21
U006330,11,0,6,3,1,2,1,2,18
U006331,15,4,7,3,0,9,0,1,12
U006332,12,1,4,3,1,2,1,0,17
U006333,7,5,6,7,6,5,2,0,12
U006334,11,0,5,3,0,7,0,1,17
U006335,9,3,2,2,0,6,2,0,20
U006336,15,6,8,4,0,4,1,2,20
U006337,13,4,3,5,1,4,2,1,15
U006338,7,0,5,1,0,6,0,0,26
U006339,9,0,5,3,0,5,0,1,16
U006340,16,4,6,4,2,9,3,1,35
U006341,14,4,5,5,0,5,0,1,19
U006342,4,1,1,4,4,2,1,0,15
U006343,7,0,4,3,3,2,0,1,12
U006344,18,2,7,6,0,6,1,2,10
U006345,8,1,5,9,0,2,1,1,21
U006346,13,3,4,1,0,9,1,0,20
U006347,14,1,7,6,0,2,4,2,14
U006348,12,5,8,6,0,7,1,1,29
U006349,24,2,8,3,2,5,1,1,15
U006350,13,2,9,4,0,7,2,0,24
U006351,17,4,4,2,0,7,3,2,39
U006352,6,2,5,4,0,7,0,0,14
U006353,13,1,7,4,0,1,1,0,31
U006354,9,3,5,4,1,8,1,2,28
U006355,14,3,4,4,0,7,2,1,19
U006356,13,0,4,2,0,3,1,1,12
U006357,14,6,6,4,0,5,2,2,28
U006358,14,0,2,0,5,4,1,1,10
U006359,19,5,5,4,0,8,3,1,20
U006360,13,0,4,3,1,4,1,1,15
U006361,13,1,4,3,2,7,1,5,17
U006362,12,2,11,2,0,6,0,1,30
U006363,30,1,2,3,1,10,1,0,32
U006364,8,0,5,2,0,7,1,0,27
U006365,15,5,4,3,1,7,2,1,28
U006366,10,1,9,1,0,4,0,0,14
U006367,13,5,3,1,0,3,1,1,23
U006368,19,6,9,2,0,4,3,0,25
U006369,11,2,7,3,1,11,0,0,19
U006370,18,1,9,2,0,14,2,2,25
U006371,21,6,9,2,0,6,4,2,37
U006372,18,3,8,2,3,7,1,0,22
U006373,21,2,6,7,0,8,2,0,19
U006374,11,3,11,8,0,9,1,1,31
U006375,16,2,7,2,1,8,1,3,28
U006376,16,3,6,3,0,6,1,2,27
U006377,20,2,1,3,0,7,2,3,25
U006378,6,2,6,1,0,5,0,0,13
U006379,13,0,4,2,1,2,0,1,17
U006380,10,1,4,4,0,8,0,1,28
U006381,11,2,5,3,0,11,1,2,26
U006382,9,1,3,3,6,8,3,2,21
U006383,13,7,2,2,0,7,2,0,27
U006384,10,0,6,5,2,2,2,2,22
U006385,18,1,8,2,0,8,0,1,19
U006386,13,3,9,6,0,6,1,4,26
U006387,13,2,6,3,10,9,0,1,21
U006388,10,2,8,4,1,3,1,2,21
U006389,9,1,3,3,1,0,0,0,22
U006390,16,3,4,3,0,4,0,2,26
U006391,11,0,6,3,1,3,1,1,23
U006392,10,6,2,3,0,5,2,1,24
U006393,8,0,2,1,4,4,0,1,15
U006394,8,1,6,2,0,2,0,0,11
U006395,9,4,7,2,0,8,2,1,23
U006396,9,0,4,5,0,7,2,0,20
U006397,14,4,3,2,1,6,0,2,18
U006398,21,4,10,5,0,8,4,1,21
U006399,9,4,6,1,1,5,4,1,31
U006400,9,0,8,2,0,3,1,1,18
U006401,24,7,7,4,0,14,2,0,22
U006402,17,0,8,2,0,6,1,0,16
U006403,14,2,6,3,0,3,3,0,22
U006404,14,2,12,3,0,12,2,2,36
U006405,12,2,5,4,0,7,0,0,29
U006406,15,0,2,3,1,4,0,1,10
U006407,12,0,6,3,1,6,0,1,18
U006408,12,2,2,4,0,8,3,1,26
U006409,12,2,9,5,0,3,3,0,19
U006410,20,2,3,3,0,4,1,3,21
U006411,18,0,8,2,0,5,2,0,23
U006412,13,4,5,5,5,2,1,0,19
U006413,14,2,5,5,0,4,0,1,11
U006414,18,5,12,3,0,12,4,0,29
U006415,11,0,6,3,2,4,1,0,19
U006416,11,3,6,4,0,6,0,1,28
U006417,12,1,7,5,0,8,0,2,21
U006418,16,3,1,1,0,5,2,2,19
U006419,18,2,6,3,0,7,3,2,12
U006420,11,4,5,3,1,5,0,1,37
U006421,20,1,3,4,0,5,2,2,18
U006422,12,2,2,5,0,6,1,2,16
U006423,15,2,11,3,0,4,0,2,21
U006424,13,1,5,2,0,7,1,1,30
U006425,15,1,9,4,5,6,1,1,21
U006426,13,2,10,1,0,6,1,3,33
U006427,7,2,4,1,3,3,1,0,14
U006428,11,3,7,5,0,6,1,0,26
U006429,16,0,4,3,0,6,2,0,16
U006430,15,2,5,3,0,7,1,1,15
U006431,14,2,2,2,1,4,0,2,28
U006432,16,9,6,3,0,0,2,0,30
U006433,17,2,8,5,0,9,1,1,20
U006434,8,3,5,8,1,1,1,0,23
U006435,12,0,3,2,2,5,0,1,15
U006436,11,3,7,4,1,4,0,1,20
U006437,13,0,7,1,0,7,0,0,16
U006438,11,2,4,3,1,4,1,5,23
U006439,17,0,5,0,1,3,4,0,22
U006440,3,2,3,2,1,10,1,1,8
U006441,5,0,3,3,8,3,0,0,13
U006442,8,3,10,1,0,4,4,1,21
U006443,10,2,5,4,0,5,0,4,18
U006444,9,2,5,4,0,5,1,2,12
U006445,16,2,3,4,0,3,2,3,13
U006446,10,2,1,3,0,4,2,1,15
U006447,15,0,1,4,0,7,2,0,19
U006448,24,3,7,4,2,5,2,1,28
U006449,20,4,9,4,0,6,1,2,21
U006450,12,3,7,1,0,7,2,0,27
U006451,10,3,3,3,0,4,2,0,17
U006452,12,1,4,5,2,11,2,0,35
U006453,9,6,5,1,0,6,1,1,16
U006454,7,1,3,3,4,3,0,0,3
U006455,10,0,8,2,0,3,0,0,17
U006456,9,0,4,2,1,10,0,1,18
U006457,13,1,2,2,0,3,1,2,13
U006458,11,1,1,1,1,2,1,0,21
U006459,15,3,6,1,1,3,0,0,27
U006460,9,1,5,3,5,3,0,2,8
U006461,13,0,3,0,0,7,2,1,22
U006462,9,0,4,3,0,5,1,1,22
U006463,15,6,2,3,0,4,2,1,20
U006464,11,0,2,1,2,1,1,0,13
U006465,11,1,6,0,3,1,0,1,17
U006466,24,5,8,8,0,12,3,1,32
U006467,5,0,5,5,0,6,2,0,14
U006468,13,5,6,3,0,5,3,2,27
U006469,9,0,4,2,1,4,0,0,23
U006470,12,4,7,5,0,6,3,1,20
U006471,6,0,5,2,5,4,1,0,6
U006472,15,0,6,1,0,3,2,0,14
U006473,13,8,16,8,0,9,8,1,31
U006474,16,0,7,4,0,2,1,1,18
U006475,9,2,4,2,1,5,0,0,9
U006476,15,1,6,3,1,5,2,0,18
U006477,13,4,9,4,6,5,3,2,27
U006478,12,1,3,2,3,5,2,1,20
U006479,9,1,6,1,1,3,0,0,14
U006480,20,1,7,3,2,5,0,2,32
U006481,7,0,4,2,3,1,0,3,10
U006482,11,4,6,0,0,6,0,1,26
U006483,18,5,6,4,1,8,3,0,26
U006484,15,2,7,4,0,7,0,3,20
U006485,22,2,6,1,0,7,2,2,16
U006486,15,3,4,7,2,10,2,0,24
U006487,3,2,3,2,6,0,0,0,23
U006488,9,0,6,1,1,7,0,1,16
U006489,11,3,3,2,0,10,1,2,14
U006490,14,5,5,3,0,11,0,0,34
U006491,13,3,2,1,0,6,1,1,16
U006492,14,1,5,2,0,5,1,2,20
U006493,12,3,6,3,0,7,2,2,31
U006494,14,1,3,1,1,1,0,0,24
U006495,14,2,5,2,1,6,2,2,27
U006496,12,3,9,4,0,4,0,2,28
U006497,18,4,8,2,0,5,0,1,20
U006498,10,1,3,4,1,3,2,4,18
U006499,15,1,6,2,0,2,3,2,15
U006500,12,1,7,0,0,2,3,1,17
U006501,15,1,3,3,0,3,2,1,15
U006502,12,1,3,4,0,5,1,1,15
U006503,6,0,5,0,1,6,4,0,21
U006504,8,3,6,3,0,4,1,2,20
U006505,21,1,11,2,0,3,0,1,24
U006506,14,3,9,6,1,10,1,0,28
U006507,18,6,11,2,0,9,2,0,26
U006508,17,1,7,1,0,6,0,0,25
U006509,19,3,9,3,2,4,0,2,29
U006510,15,5,10,3,0,5,0,1,23
U006511,7,0,3,5,0,6,0,0,14
U006512,18,2,6,2,1,6,1,2,29
U006513,8,1,6,3,0,3,0,1,13
U006514,13,3,14,8,0,5,2,1,29
U006515,6,4,4,2,0,2,2,1,25
U006516,15,0,2,2,1,4,0,3,15
U006517,5,0,1,1,3,3,2,0,9
U006518,9,0,6,2,0,6,0,1,20
U006519,16,2,3,6,1,5,2,1,29
U006520,8,0,3,3,0,3,3,1,19
U006521,14,0,1,2,0,5,0,1,18
U006522,12,4,4,3,1,5,1,3,28
U006523,10,1,5,2,1,3,1,0,17
U006524,10,4,10,1,0,4,1,0,27
U006525,8,1,4,4,0,4,0,2,9
U006526,17,2,6,0,0,6,1,1,24
U006527,9,1,3,0,0,3,0,0,22
U006528,10,2,4,3,1,10,2,0,25
U006529,13,4,5,5,3,8,2,0,27
U006530,17,3,7,7,0,8,0,1,22
U006531,16,4,3,7,0,5,2,0,27
U006532,14,2,7,2,0,3,2,2,26
U006533,12,3,5,4,0,4,1,1,20
U006534,13,5,7,6,0,6,3,1,20
U006535,10,0,5,0,0,2,1,0,18
U006536,4,1,6,3,0,7,1,2,21
U006537,14,3,6,3,1,7,1,2,17
U006538,4,0,6,3,0,5,1,3,17
U006539,23,3,9,1,0,5,2,0,17
U006540,7,2,3,2,0,4,1,2,11
U006541,12,3,7,2,1,5,2,2,14
U006542,14,0,6,6,1,6,4,1,21
U006543,17,3,4,5,1,8,1,1,28
U006544,9,3,7,3,0,6,1,0,32
U006545,10,4,9,2,0,6,0,0,24
U006546,14,2,13,2,0,9,1,1,30
U006547,8,1,2,2,3,3,0,1,9
U006548,8,1,2,3,0,5,2,0,6
U006549,14,1,6,4,0,6,0,0,15
U006550,15,7,3,6,1,6,1,0,23
U006551,11,1,4,3,1,4,2,0,15
U006552,10,1,4,2,0,5,2,0,18
U006553,15,3,4,3,0,3,2,1,9
U006554,20,3,5,5,0,5,2,1,21
U006555,5,1,4,3,0,6,3,1,20
U006556,15,3,6,2,1,5,1,0,28
U006557,10,1,6,4,0,3,0,1,12
U006558,7,0,7,3,1,6,2,2,23
U006559,4,0,3,1,1,9,0,1,14
U006560,16,5,11,2,0,11,1,1,22
U006561,16,1,4,3,0,6,1,0,17
U006562,13,2,3,5,0,2,1,2,11
U006563,17,0,2,2,3,6,0,1,17
U006564,13,2,10,7,0,8,1,1,33
U006565,13,0,7,2,0,3,0,0,19
U006566,7,0,3,3,5,2,0,2,8
U006567,19,5,7,4,0,6,3,0,24
U006568,12,3,2,1,0,9,0,0,28
U006569,8,1,2,2,0,5,1,0,8
U006570,21,2,5,1,0,3,1,1,26
U006571,10,0,7,0,1,6,1,0,17
U006572,10,2,4,1,0,7,0,0,12
U006573,3,2,2,1,2,5,0,2,23
U006574,10,4,8,1,0,7,1,0,20
U006575,8,3,6,1,0,4,0,1,15
U006576,8,1,7,1,0,4,2,2,13
U006577,18,7,7,4,0,7,0,0,26
U006578,6,3,6,2,8,5,2,1,17
U006579,17,1,6,1,1,11,1,1,22
U006580,20,0,8,7,0,4,1,1,19
U006581,23,4,10,3,1,6,0,3,27
U006582,11,2,7,4,0,4,3,1,22
U006583,8,0,7,1,0,4,1,0,13
U006584,12,0,6,0,0,5,0,1,14
U006585,11,0,0,2,3,4,0,1,14
U006586,12,0,9,3,0,6,0,1,9
U006587,8,2,4,3,0,8,1,2,21
U006588,12,0,7,2,0,4,2,0,20
U006589,16,3,8,5,0,4,0,0,23
U006590,11,5,6,3,1,4,2,1,21
U006591,13,0,5,1,1,4,0,0,14
U006592,10,0,4,2,2,2,0,1,8
U006593,8,0,5,2,2,3,2,1,12
U006594,10,1,1,4,1,2,0,3,19
U006595,14,1,3,4,1,5,0,0,9
U006596,22,1,1,2,1,3,0,0,18
U006597,10,1,2,3,0,1,0,1,18
U006598,7,3,1,4,0,0,0,2,20
U006599,8,2,4,3,2,3,0,1,14
U006600,11,4,7,1,0,9,1,0,20
U006601,10,3,6,2,0,4,2,0,13
U006602,21,2,9,4,0,6,0,2,21
U006603,19,4,7,3,2,3,3,1,34
U006604,20,2,9,2,1,2,1,2,28
U006605,14,4,6,4,0,8,0,1,25
U006606,14,0,3,3,0,5,1,1,22
U006607,16,6,8,4,1,7,0,2,24
U006608,10,1,5,1,0,2,4,1,17
U006609,8,3,4,6,3,5,0,0,16
U006610,17,3,6,3,0,4,1,2,16
U006611,10,1,7,3,1,6,0,0,25
U006612,16,0,6,3,1,8,2,0,13
U006613,16,4,8,7,1,2,2,0,32
U006614,11,1,9,0,0,3,1,3,26
U006615,10,2,5,2,4,2,1,1,21
U006616,13,6,7,5,0,7,2,0,25
U006617,10,1,2,1,0,1,1,0,16
U006618,13,1,4,1,0,3,0,2,17
U006619,9,0,5,3,1,6,1,2,9
U006620,18,1,10,4,0,5,1,0,27
U006621,7,1,2,3,1,3,1,2,8
U006622,10,2,3,1,0,2,3,1,18
U006623,21,3,5,5,0,4,1,2,26
U006624,21,1,13,7,0,4,1,1,19
U006625,14,3,5,2,0,3,2,0,16
U006626,8,1,2,2,0,3,1,0,25
U006627,6,3,8,8,5,5,0,2,15
U006628,13,4,4,1,3,5,3,1,15
U006629,16,0,8,3,0,2,5,2,18
U006630,5,0,1,4,1,2,0,2,11
U006631,17,4,10,2,1,4,2,0,29
U006632,14,1,9,2,1,2,0,0,11
U006633,12,3,6,3,1,8,0,1,23
U006634,12,0,3,2,0,3,1,0,21
U006635,18,3,5,3,7,9,0,3,22
U006636,12,0,7,6,0,5,1,0,17
U006637,13,2,5,3,0,7,0,1,26
U006638,19,5,6,5,0,6,0,0,17
U006639,15,6,8,4,0,4,2,0,21
U006640,15,1,7,2,1,3,2,2,15
U006641,7,1,5,4,3,7,0,2,23
U006642,18,4,4,2,0,2,0,0,18
U006643,14,0,8,1,6,4,0,0,11
U006644,11,1,6,2,1,3,0,1,16
U006645,12,2,4,4,0,2,0,0,18
U006646,13,4,7,2,2,7,2,0,32
U006647,11,0,0,4,1,7,1,1,14
U006648,11,0,3,1,0,3,1,3,21
U006649,10,0,6,0,0,5,0,0,16
U006650,14,2,3,2,0,7,0,2,16
U006651,13,4,4,1,4,3,2,3,22
U006652,9,2,5,3,0,3,3,0,21
U006653,4,3,5,1,6,5,0,2,11
U006654,8,1,7,2,0,5,0,0,13
U006655,8,1,4,3,2,3,1,0,7
U006656,18,0,6,5,0,4,0,0,18
U006657,14,5,5,5,2,6,3,1,36
U006658,16,6,9,3,1,9,0,1,29
U006659,14,2,6,1,0,10,0,0,14
U006660,19,3,4,0,0,6,0,0,21
U006661,14,3,14,3,1,6,1,2,32
U006662,22,3,12,5,1,9,5,2,29
U006663,8,2,8,5,6,4,1,1,26
U006664,7,2,4,2,1,5,1,0,25
U006665,8,2,5,2,2,5,2,1,10
U006666,20,2,8,3,1,4,1,1,24
U006667,15,3,4,2,1,7,0,3,14
U006668,12,4,5,1,0,9,2,1,27
U006669,15,0,4,2,1,5,0,0,12
U006670,10,3,3,4,1,5,0,1,20
U006671,14,0,3,5,0,6,2,1,10
U006672,18,2,6,6,0,9,0,0,38
U006673,5,0,3,1,0,5,2,1,13
U006674,12,1,2,4,0,5,0,2,14
U006675,6,1,6,1,1,7,0,0,16
U006676,10,0,8,1,5,1,1,1,12
U006677,15,0,4,5,0,1,1,2,17
U006678,15,2,5,5,1,13,1,0,31
U006679,9,2,6,4,0,6,3,0,26
U006680,10,1,3,2,0,3,1,1,30
U006681,13,2,5,3,0,7,0,1,26
U006682,14,3,8,3,5,5,2,1,20
U006683,6,2,6,3,0,3,2,1,20
U006684,8,2,7,5,4,1,0,0,16
U006685,12,3,3,1,1,4,0,1,19
U006686,6,5,8,3,1,2,2,1,20
U006687,11,0,4,3,0,4,2,2,19
U006688,10,3,4,1,1,6,2,0,17
U006689,12,2,8,3,0,8,1,1,23
U006690,8,4,4,4,3,3,1,0,16
U006691,8,6,6,1,0,7,0,0,20
U006692,6,0,1,1,2,2,1,0,16
U006693,16,6,5,5,1,9,1,0,12
U006694,11,3,2,3,2,3,0,1,11
U006695,14,2,4,5,0,1,4,0,14
U006696,20,3,6,2,0,5,0,0,34
U006697,12,1,4,2,6,7,0,1,15
U006698,16,2,12,5,0,3,2,1,41
U006699,11,2,5,1,0,5,2,0,10
U006700,12,0,0,1,0,5,1,0,22
U006701,12,1,12,0,1,7,2,1,23
U006702,11,3,3,2,0,3,2,0,27
U006703,11,3,6,3,4,5,0,0,14
U006704,17,4,5,1,0,4,2,1,16
U006705,9,0,7,2,0,5,1,2,12
U006706,9,3,6,7,0,4,2,1,19
U006707,17,4,5,4,0,6,0,2,25
U006708,11,0,5,0,3,2,0,1,8
U006709,9,0,8,3,0,5,0,0,16
U006710,12,3,3,3,0,5,0,1,18
U006711,20,2,4,3,0,9,0,1,26
U006712,9,4,6,4,0,5,1,0,17
U006713,12,1,6,6,0,7,1,1,22
U006714,9,0,6,4,0,5,0,2,23
U006715,13,5,7,4,1,6,4,2,26
U006716,12,2,6,2,0,5,0,0,34
U006717,9,2,6,1,0,8,0,0,22
U006718,17,0,9,4,0,8,1,1,32
U006719,17,0,5,5,1,7,0,1,20
U006720,7,1,3,8,0,5,2,0,19
U006721,17,1,7,1,0,1,0,0,26
U006722,8,4,3,5,3,4,2,2,21
U006723,7,0,3,0,2,6,1,1,8
U006724,9,1,2,0,9,6,0,3,12
U006725,16,1,6,1,6,7,1,0,24
U006726,14,0,2,5,1,8,1,0,15
U006727,9,0,3,0,2,3,0,1,14
U006728,5,4,11,4,5,4,2,0,23
U006729,15,3,2,4,0,5,2,1,23
U006730,18,0,8,2,0,3,1,1,19
U006731,6,5,8,2,1,3,3,2,23
U006732,7,2,8,3,1,1,0,1,15
U006733,14,6,8,7,0,7,2,1,30
U006734,6,1,4,1,2,6,0,2,7
U006735,13,0,2,4,1,9,1,2,25
U006736,12,2,5,4,0,4,2,0,20
U006737,10,0,4,3,0,6,2,1,14
U006738,15,0,5,1,0,6,2,0,16
U006739,11,6,8,6,0,6,2,0,24
U006740,11,1,6,2,1,3,0,0,17
U006741,16,1,1,2,0,5,1,0,12
U006742,12,5,10,1,0,3,1,1,12
U006743,12,0,6,0,0,5,0,0,16
U006744,12,9,5,4,0,4,5,1,18
U006745,12,0,6,2,0,6,1,0,16
U006746,13,3,6,3,1,7,0,1,21
U006747,13,3,7,3,0,2,1,0,23
U006748,22,3,7,1,2,3,1,1,30
U006749,14,1,2,1,2,2,1,0,13
U006750,7,0,6,0,0,7,1,0,27
U006751,8,0,8,5,0,4,3,1,24
U006752,15,4,6,4,0,6,3,1,13
U006753,15,1,8,6,0,8,1,2,17
U006754,8,4,7,2,1,5,3,1,9
U006755,11,5,7,3,1,4,0,4,34
U006756,16,1,4,2,2,6,0,1,24
U006757,9,1,4,1,0,5,0,0,19
U006758,15,7,12,3,1,5,3,2,23
U006759,14,0,2,1,0,4,1,0,15
U006760,7,3,5,3,0,7,0,1,29
U006761,10,3,7,7,0,3,1,1,18
U006762,9,0,7,1,0,2,1,0,18
U006763,8,2,7,5,1,7,2,1,23
U006764,18,2,6,2,0,15,1,0,16
U006765,12,0,7,1,0,3,1,0,17
U006766,11,4,2,4,1,7,1,1,19
U006767,7,7,3,0,0,3,0,2,22
U006768,16,5,12,1,0,8,3,2,23
U006769,16,2,8,2,0,3,1,2,22
U006770,11,0,7,3,0,5,0,1,19
U006771,17,2,6,3,2,5,3,0,18
U006772,20,3,6,3,0,5,3,3,23
U006773,13,1,7,2,1,8,0,0,27
U006774,11,0,5,2,0,3,0,2,17
U006775,17,3,4,4,2,9,0,3,33
U006776,7,2,11,0,0,4,0,1,20
U006777,8,1,3,1,0,5,0,0,18
U006778,12,0,4,7,0,4,2,1,20
U006779,8,0,0,7,2,2,2,0,8
U006780,11,4,6,1,0,2,1,1,18
U006781,2,1,4,1,4,6,0,0,14
U006782,9,0,6,4,0,3,0,1,16
U006783,12,2,14,2,0,7,1,1,13
U006784,15,2,5,1,0,6,2,0,27
U006785,4,3,3,3,4,4,1,1,15
U006786,18,6,7,5,0,9,2,3,30
U006787,9,2,7,2,0,4,1,2,14
U006788,13,1,5,3,0,1,0,0,17
U006789,12,2,5,5,5,2,1,0,16
U006790,17,3,7,6,0,4,1,1,28
U006791,14,3,10,5,4,10,4,2,27
U006792,10,7,8,5,1,5,1,0,26
U006793,16,8,5,3,0,5,1,0,16
U006794,14,0,4,7,1,4,0,1,15
U006795,18,1,10,3,0,7,1,0,32
U006796,12,2,4,4,0,5,1,1,12
U006797,27,4,5,6,0,9,3,1,32
U006798,14,1,7,3,1,8,1,2,21
U006799,15,0,8,2,0,3,1,0,16
U006800,10,1,2,1,1,4,1,0,12
U006801,11,6,7,6,0,9,0,2,27
U006802,17,4,10,6,1,4,1,2,35
U006803,10,4,3,1,2,6,0,2,16
U006804,13,3,6,5,0,9,1,0,21
U006805,9,2,5,3,0,1,0,1,16
U006806,8,5,8,4,0,4,0,0,28
U006807,7,2,3,1,4,2,0,0,9
U006808,14,2,9,1,1,5,1,0,15
U006809,17,2,3,3,0,5,4,1,13
U006810,15,0,2,3,0,4,1,0,17
U006811,18,2,8,3,0,6,2,2,25
U006812,12,3,6,4,0,7,0,3,25
U006813,16,1,8,3,1,4,3,1,18
U006814,12,1,3,2,0,6,0,2,24
U006815,14,0,3,1,1,7,1,0,19
U006816,14,3,6,3,0,9,3,1,23
U006817,16,0,5,2,0,3,1,1,12
U006818,5,1,4,1,2,2,1,2,11
U006819,4,0,1,1,6,4,0,0,9
U006820,15,0,5,4,0,7,0,1,25
U006821,13,0,5,2,1,4,2,1,15
U006822,14,2,7,2,4,1,1,2,15
U006823,10,0,6,3,0,3,3,0,23
U006824,7,0,3,2,2,1,0,0,8
U006825,12,0,8,3,0,2,0,0,25
U006826,13,3,6,2,0,4,2,1,18
U006827,18,3,1,1,1,5,2,1,18
U006828,14,4,10,3,2,9,3,2,32
U006829,11,0,6,5,1,3,0,0,19
U006830,11,0,8,2,0,1,1,1,13
U006831,11,1,7,2,0,8,0,0,20
U006832,14,2,2,0,9,3,1,1,24
U006833,12,1,5,5,0,3,1,2,20
U006834,11,7,2,5,1,10,1,0,16
U006835,10,0,4,3,4,4,1,1,14
U006836,18,3,4,1,0,10,1,0,26
U006837,5,0,5,3,0,4,0,4,19
U006838,6,0,4,3,1,4,1,2,8
U006839,9,1,4,5,1,2,2,2,15
U006840,15,4,7,3,0,10,5,0,17
U006841,17,3,4,1,3,3,2,0,19
U006842,10,1,4,1,0,0,1,0,15
U006843,14,0,7,1,1,10,0,1,21
U006844,9,3,7,5,0,8,2,1,23
U006845,18,2,5,6,0,11,2,1,33
U006846,19,6,8,4,0,4,0,1,27
U006847,8,0,6,1,1,3,1,0,13
U006848,22,4,5,2,0,8,3,5,14
U006849,15,1,5,2,1,8,1,0,27
U006850,6,0,5,3,0,5,0,3,22
U006851,11,2,11,2,0,10,0,3,11
U006852,15,0,5,3,0,6,2,1,13
U006853,17,7,11,3,1,10,1,1,25
U006854,12,3,5,2,1,13,1,0,23
U006855,20,0,5,8,0,3,1,0,20
U006856,17,4,8,5,1,9,1,2,23
U006857,18,0,6,3,1,6,1,0,14
U006858,8,0,7,4,1,4,3,3,14
U006859,14,2,4,3,0,4,2,2,28
U006860,19,2,6,2,1,3,1,0,17
U006861,10,2,9,2,1,3,2,1,26
U006862,10,1,0,0,2,3,0,0,14
U006863,14,4,5,1,0,4,1,2,19
U006864,19,4,7,2,1,7,4,0,27
U006865,11,2,10,5,0,6,1,0,26
U006866,19,3,3,4,0,6,1,0,21
U006867,15,0,4,1,0,4,1,3,20
U006868,13,1,12,6,1,5,3,1,18
U006869,10,1,2,4,1,5,1,2,17
U006870,12,3,4,1,4,1,1,1,18
U006871,7,0,5,1,0,0,1,2,17
U006872,20,2,7,0,0,4,3,0,22
U006873,11,1,13,1,0,5,0,0,19
U006874,10,3,2,4,0,4,0,0,23
U006875,8,1,5,1,1,1,0,1,17
U006876,12,1,12,3,1,6,0,0,22
U006877,19,2,2,3,0,8,1,2,24
U006878,18,4,12,3,1,6,1,3,19
U006879,24,3,9,3,2,8,2,0,35
U006880,3,1,7,3,2,1,1,0,9
U006881,10,2,12,2,1,1,2,2,20
U006882,7,0,7,0,0,5,0,1,16
U006883,6,3,6,3,1,1,0,2,14
U006884,18,2,3,2,0,5,0,3,25
U006885,12,0,10,1,0,0,0,1,25
U006886,18,4,5,4,1,7,1,0,20
U006887,10,0,6,0,4,4,0,0,4
U006888,16,4,5,5,1,5,1,0,24
U006889,17,2,9,1,0,3,0,4,20
U006890,11,0,7,2,0,4,0,1,22
U006891,15,0,11,3,0,5,2,2,20
U006892,18,2,2,6,0,10,4,1,27
U006893,21,5,8,1,0,7,0,1,15
U006894,13,0,6,1,1,6,2,1,17
U006895,10,1,5,4,3,5,1,2,12
U006896,16,8,7,5,1,7,2,3,29
U006897,6,0,3,2,2,5,1,1,8
U006898,9,0,2,3,0,4,1,0,23
U006899,13,2,2,1,2,2,0,0,10
U006900,12,0,2,0,4,3,1,1,11
U006901,16,9,7,3,1,9,2,1,23
U006902,8,0,7,2,3,5,0,1,22
U006903,17,6,7,2,2,9,0,0,27
U006904,14,1,2,1,2,7,1,1,23
U006905,13,1,4,3,0,5,0,1,12
U006906,14,2,7,0,1,10,2,1,15
U006907,16,1,4,3,0,3,0,0,22
U006908,10,0,4,0,1,3,1,2,13
U006909,14,6,8,2,3,6,2,1,19
U006910,18,1,8,1,0,15,1,1,25
U006911,14,1,7,1,0,2,0,1,26
U006912,8,2,3,1,1,5,0,2,11
U006913,12,2,5,3,2,5,1,0,25
U006914,23,3,5,1,0,12,1,1,29
U006915,15,2,8,6,0,2,2,1,32
U006916,15,5,4,2,0,7,3,1,23
U006917,24,2,8,1,0,5,1,1,36
U006918,5,1,4,3,7,2,0,0,10
U006919,10,1,4,3,0,4,0,2,16
U006920,14,1,5,5,0,8,2,2,26
U006921,16,2,9,4,0,6,2,0,23
U006922,10,1,7,1,0,2,0,1,15
U006923,16,2,9,4,1,7,4,1,28
U006924,14,2,5,4,0,5,1,3,22
U006925,16,4,4,4,0,4,1,2,23
U006926,3,0,4,1,5,3,0,1,10
U006927,20,3,6,4,3,3,0,2,16
U006928,11,0,1,4,0,5,3,0,17
U006929,13,1,4,2,1,6,2,0,22
U006930,11,7,8,0,0,7,0,2,30
U006931,13,0,5,4,1,7,1,0,35
U006932,9,1,7,4,0,5,2,1,22
U006933,12,0,3,3,1,5,3,2,15
U006934,15,3,3,3,1,7,3,3,13
U006935,10,1,3,1,0,6,3,3,15
U006936,19,5,9,4,0,7,0,2,24
U006937,15,2,4,5,4,3,0,0,14
U006938,11,6,7,4,2,3,0,2,17
U006939,7,1,6,2,0,5,0,1,13
U006940,16,7,7,3,0,6,2,0,20
U006941,14,1,5,4,0,7,0,0,23
U006942,12,2,7,1,0,7,1,0,18
U006943,18,3,4,3,1,5,0,2,24
U006944,12,2,8,1,0,4,2,1,16
U006945,11,0,6,6,0,7,0,1,9
U006946,16,4,6,2,0,3,0,0,21
U006947,12,2,5,4,0,7,0,0,14
U006948,8,0,5,0,3,3,1,0,9
U006949,5,0,1,1,4,5,0,0,5
U006950,11,4,11,2,0,2,1,2,23
U006951,11,1,4,3,0,5,1,0,14
U006952,12,1,6,3,0,6,2,1,17
U006953,9,3,7,5,0,1,1,2,19
U006954,19,2,9,2,0,7,0,3,27
U006955,19,4,12,4,1,3,0,0,22
U006956,5,0,5,3,0,4,1,1,17
U006957,10,0,1,2,2,3,1,1,17
U006958,12,1,9,4,0,4,0,0,9
U006959,10,4,6,7,0,8,0,2,24
U006960,15,0,3,0,0,5,2,0,20
U006961,6,0,9,2,0,0,5,1,22
U006962,15,8,6,2,0,12,2,0,28
U006963,15,0,7,2,0,2,2,0,17
U006964,20,1,10,8,1,7,2,0,28
U006965,22,4,8,0,0,7,4,0,30
U006966,12,2,1,1,3,1,0,1,11
U006967,10,0,5,0,2,6,1,1,13
U006968,13,1,6,2,0,8,1,1,24
U006969,9,0,8,0,3,1,1,0,7
U006970,14,6,7,5,0,7,0,1,22
U006971,16,1,5,5,0,6,1,0,12
U006972,21,3,6,5,1,9,1,1,21
U006973,8,2,5,3,0,4,0,2,21
U006974,11,4,7,7,8,5,1,0,18
U006975,8,3,5,4,2,3,0,2,13
U006976,14,1,4,4,0,11,5,1,21
U006977,12,3,4,1,0,6,1,1,26
U006978,11,0,5,0,0,6,0,1,23
U006979,9,1,3,0,3,3,0,0,12
U006980,18,4,3,1,1,4,3,1,27
U006981,20,0,7,1,2,6,1,2,20
U006982,11,2,6,3,0,8,0,0,24
U006983,11,6,9,4,0,3,2,2,17
U006984,12,0,6,0,0,8,0,1,16
U006985,13,2,7,9,0,8,3,1,31
U006986,17,0,3,1,0,5,0,1,23
U006987,20,1,5,11,1,9,3,1,23
U006988,11,0,4,3,1,3,0,1,19
U006989,16,3,8,3,2,6,2,1,21
U006990,16,1,9,3,0,3,2,2,25
U006991,15,2,4,1,0,2,0,0,22
U006992,19,1,6,4,1,2,2,0,25
U006993,6,0,1,3,0,3,1,0,13
U006994,15,3,11,3,3,8,1,2,23
U006995,5,2,6,3,0,5,1,0,19
U006996,17,6,8,1,0,4,3,2,23
U006997,10,1,4,2,0,6,1,3,15
U006998,10,2,4,5,0,6,3,3,17
U006999,10,1,8,3,0,3,0,2,7
U007000,17,1,8,3,0,4,1,1,22
U007001,10,0,1,2,4,3,2,0,14
U007002,13,2,7,3,6,7,0,0,21
U007003,16,3,8,6,1,8,4,2,20
U007004,18,2,7,4,3,8,4,1,21
U007005,13,0,3,3,6,4,1,0,22
U007006,13,3,7,2,2,12,1,2,30
U007007,9,3,6,6,1,3,0,1,17
U007008,23,5,11,8,0,6,0,0,25
U007009,13,3,1,2,1,13,1,1,33
U007010,8,1,6,2,1,3,1,0,15
U007011,12,2,5,4,7,3,1,0,12
U007012,9,3,4,1,1,6,2,2,24
U007013,8,3,3,3,5,2,0,1,24
U007014,16,1,3,1,0,3,0,1,22
U007015,16,3,10,3,1,10,2,1,22
U007016,9,0,7,2,1,7,0,0,9
U007017,12,3,2,2,8,4,2,0,23
U007018,22,3,7,4,0,6,3,1,25
U007019,14,4,5,1,1,12,1,1,21
U007020,11,7,6,2,0,9,2,1,27
U007021,12,3,4,2,0,7,1,3,25
U007022,16,2,4,3,0,3,3,3,17
U007023,14,4,2,4,0,3,3,2,25
U007024,10,1,4,3,1,6,2,2,16
U007025,12,3,11,2,0,10,0,3,28
U007026,8,5,5,6,0,7,2,0,20
U007027,14,5,9,4,2,2,3,0,15
U007028,13,2,4,0,0,5,1,0,20
U007029,11,1,5,3,0,2,0,0,14
U007030,17,2,9,5,0,4,2,2,22
U007031,13,1,5,4,4,7,1,0,17
U007032,8,0,8,2,0,4,1,0,19
U007033,13,1,5,4,0,12,2,1,22
U007034,17,0,4,2,1,5,2,2,26
U007035,12,0,3,2,0,5,2,2,23
U007036,13,3,3,3,0,8,1,0,28
U007037,5,4,9,2,0,8,2,1,20
U007038,10,3,1,1,0,7,2,0,17
U007039,15,1,8,2,1,4,1,2,31
U007040,7,1,4,1,5,9,1,1,18
U007041,22,2,9,8,0,7,0,2,25
U007042,22,3,5,2,3,2,1,0,16
U007043,19,3,16,4,1,10,1,0,35
U007044,19,2,4,3,1,5,0,1,16
U007045,9,0,6,3,3,6,1,0,14
U007046,15,4,6,3,0,9,1,5,29
U007047,19,1,3,6,0,3,0,0,30
U007048,10,0,7,3,0,3,1,2,18
U007049,11,2,4,4,0,7,1,0,24
U007050,13,1,8,3,0,3,5,3,23
U007051,22,2,5,5,1,7,1,2,21
U007052,15,2,4,1,0,2,3,0,13
U007053,20,5,5,2,0,9,0,2,12
U007054,11,3,4,2,0,9,0,0,27
U007055,9,0,7,2,5,4,0,3,17
U007056,10,6,6,2,0,4,0,0,18
U007057,21,4,9,3,0,6,1,0,28
U007058,9,4,4,2,1,8,1,2,15
U007059,9,1,11,5,0,4,2,1,18
U007060,9,1,3,2,0,4,2,1,14
U007061,8,3,4,3,0,6,0,1,14
U007062,12,0,5,1,1,4,0,0,13
U007063,3,3,2,2,1,4,1,0,17
U007064,18,3,5,2,2,6,0,0,21
U007065,17,4,11,4,0,3,1,2,37
U007066,12,1,8,4,1,2,1,2,11
U007067,22,4,5,4,0,4,1,0,18
U007068,12,4,5,6,0,6,2,0,28
U007069,11,1,1,2,0,10,1,0,13
U007070,10,3,8,5,0,4,0,0,21
U007071,21,6,7,2,0,6,3,2,20
U007072,8,4,9,1,2,3,2,0,26
U007073,12,1,4,1,0,1,0,0,13
U007074,11,0,5,3,0,2,1,0,12
U007075,13,6,5,4,1,6,2,1,18
U007076,18,6,2,1,2,5,0,0,12
U007077,13,2,7,5,1,6,3,1,17
U007078,6,1,8,1,0,9,0,1,19
U007079,12,1,4,4,2,4,0,0,18
U007080,13,6,4,6,0,10,4,1,24
U007081,8,0,5,1,0,3,2,1,20
U007082,16,0,10,6,1,10,3,0,25
U007083,13,2,4,0,0,2,3,1,18
U007084,7,1,6,2,0,5,3,1,27
U007085,19,0,3,1,0,6,2,2,29
U007086,14,2,6,3,0,7,0,0,34
U007087,8,0,5,1,1,1,0,1,7
U007088,20,2,3,5,1,8,1,1,33
U007089,13,3,1,3,4,2,0,0,15
U007090,7,0,3,1,2,2,1,1,16
U007091,13,1,6,2,0,5,3,1,18
U007092,15,1,5,3,0,8,0,1,28
U007093,6,0,5,3,0,7,2,0,15
U007094,18,6,5,4,0,9,1,0,27
U007095,10,1,6,2,0,5,0,2,15
U007096,13,1,3,3,1,5,0,1,22
U007097,13,1,3,2,0,2,0,3,17
U007098,11,6,4,2,0,3,3,1,14
U007099,8,5,5,2,3,6,0,3,19
U007100,11,5,5,2,0,7,3,0,27
U007101,8,2,3,3,5,3,1,0,23
U007102,7,0,4,2,4,3,0,1,6
U007103,29,4,15,4,2,7,4,1,36
U007104,17,9,6,3,0,9,4,3,19
U007105,16,4,7,3,1,5,1,2,18
U007106,9,0,0,2,1,4,1,1,12
U007107,8,2,3,0,0,3,3,0,28
U007108,15,0,5,3,0,10,1,0,26
U007109,14,3,2,2,0,4,2,2,27
U007110,12,2,3,2,0,4,1,2,11
U007111,10,0,4,3,0,5,0,1,20
U007112,21,4,6,7,0,14,1,0,34
U007113,14,3,7,1,0,10,2,1,25
U007114,10,0,7,2,0,5,1,0,18
U007115,18,5,5,3,0,8,3,2,18
U007116,16,0,7,5,2,8,0,0,28
U007117,16,4,6,5,0,8,0,2,21
U007118,19,1,4,4,0,3,3,4,32
U007119,23,1,5,3,2,4,1,0,20
U007120,8,0,4,0,1,7,0,1,13
U007121,15,0,3,4,1,10,0,0,20
U007122,6,3,8,1,1,7,2,0,27
U007123,14,0,1,3,1,3,0,0,23
U007124,4,1,1,0,0,1,1,0,7
U007125,9,1,8,1,0,6,4,0,20
U007126,13,1,4,0,0,5,3,2,15
U007127,10,2,3,2,2,4,2,2,14
U007128,13,2,4,1,4,6,0,2,22
U007129,12,3,5,2,5,7,2,2,23
U007130,14,0,3,3,0,5,3,2,15
U007131,8,4,6,4,0,6,1,1,21
U007132,9,1,3,2,0,4,1,0,22
U007133,17,3,4,3,1,7,1,2,26
U007134,4,1,8,3,0,3,1,2,16
U007135,22,7,6,6,0,10,1,0,35
U007136,11,1,3,1,2,4,4,0,11
U007137,11,0,3,3,0,6,2,1,14
U007138,19,8,6,3,1,10,1,0,26
U007139,17,5,11,4,0,6,1,1,22
U007140,15,1,4,4,1,5,0,2,7
U007141,4,0,7,3,1,7,3,1,15
U007142,11,1,5,5,5,13,0,0,25
U007143,15,4,3,3,7,4,0,0,21
U007144,25,2,9,5,0,3,2,1,13
U007145,15,3,5,0,0,9,1,2,20
U007146,7,0,3,2,1,3,1,4,19
U007147,10,0,3,0,0,5,0,1,16
U007148,8,0,4,1,3,1,0,0,9
U007149,14,3,7,3,1,5,1,1,18
U007150,16,1,5,2,0,3,1,2,23
U007151,21,1,6,3,0,6,0,2,29
U007152,19,3,11,2,0,7,2,1,27
U007153,11,2,2,2,5,2,2,0,6
U007154,14,2,8,5,0,6,0,0,24
U007155,14,2,6,4,1,6,1,0,14
U007156,12,3,5,2,0,6,1,0,23
U007157,13,0,6,3,0,4,1,0,16
U007158,17,4,3,2,7,6,0,1,18
U007159,12,0,4,2,1,5,2,1,8
U007160,10,0,3,0,1,3,0,1,20
U007161,14,0,10,3,0,7,2,2,22
U007162,15,1,9,5,0,1,1,1,21
U007163,17,4,10,5,1,9,2,0,29
U007164,18,2,5,5,6,4,1,0,24
U007165,11,2,9,3,1,9,1,1,16
U007166,17,1,2,3,0,2,1,1,18
U007167,11,3,2,2,0,6,1,1,15
U007168,11,2,6,6,0,4,0,0,24
U007169,18,5,8,2,0,5,1,0,15
U007170,16,1,5,4,0,7,2,2,17
U007171,12,2,5,1,0,6,0,0,13
U007172,18,2,7,8,0,8,1,0,22
U007173,13,5,4,5,0,0,0,2,12
U007174,18,0,8,1,0,5,1,1,14
U007175,9,1,3,2,0,4,2,0,18
U007176,18,4,8,1,0,2,2,1,19
U007177,9,5,12,5,2,1,0,1,15
U007178,17,1,4,5,2,9,2,0,38
U007179,10,3,2,2,1,4,1,1,18
U007180,9,4,5,4,0,4,2,0,23
U007181,10,4,7,4,0,5,1,1,22
U007182,6,4,7,0,1,2,1,1,14
U007183,8,4,1,0,0,7,2,3,17
U007184,17,5,5,5,1,10,0,1,20
U007185,21,4,9,7,0,9,2,1,24
U007186,9,0,4,1,0,3,1,3,12
U007187,3,0,4,1,3,2,1,1,8
U007188,12,1,2,3,0,6,0,1,16
U007189,14,0,9,6,0,3,3,0,13
U007190,20,7,10,4,0,5,0,1,29
U007191,17,4,6,3,0,4,0,1,14
U007192,10,0,8,1,0,5,1,1,9
U007193,13,4,2,3,0,3,1,1,23
U007194,11,2,4,2,3,5,3,0,14
U007195,12,3,3,2,0,6,2,0,18
U007196,5,0,5,4,0,7,3,1,13
U007197,12,2,4,2,5,4,0,1,11
U007198,11,1,11,7,0,5,0,1,25
U007199,8,3,9,3,5,4,0,0,19
U007200,15,2,3,2,2,7,0,3,20
U007201,4,0,3,1,3,3,0,0,13
U007202,18,3,9,4,1,5,1,5,27
U007203,25,4,12,1,0,14,2,2,21
U007204,14,2,4,7,2,5,4,2,22
U007205,17,2,3,2,0,5,1,1,19
U007206,18,6,4,3,0,7,0,0,25
U007207,22,4,12,4,0,6,0,2,23
U007208,11,1,4,1,0,3,1,0,27
U007209,12,4,6,2,0,3,3,3,16
U007210,19,2,6,6,0,2,1,0,22
U007211,6,0,4,4,0,3,0,2,18
U007212,17,5,7,5,0,7,0,2,38
U007213,14,3,1,4,0,10,1,1,12
U007214,16,4,7,2,2,10,0,1,18
U007215,17,3,7,3,0,11,1,0,21
U007216,13,1,8,2,0,4,1,0,16
U007217,23,1,6,4,0,12,3,1,32
U007218,14,2,10,5,0,13,2,0,20
U007219,23,4,4,5,0,9,3,0,47
U007220,20,5,10,3,0,9,4,0,20
U007221,19,2,6,2,0,6,0,2,26
U007222,14,2,7,2,0,6,3,0,31
U007223,10,2,6,3,2,4,0,4,18
U007224,11,1,4,1,4,5,2,0,12
U007225,6,1,6,3,1,7,2,0,12
U007226,13,3,6,5,1,7,1,0,27
U007227,11,6,5,6,4,10,1,2,20
U007228,10,0,5,2,1,4,0,0,24
U007229,16,0,6,2,0,6,0,2,29
U007230,4,2,4,1,2,7,2,0,21
U007231,13,0,5,2,1,3,0,0,17
U007232,17,3,9,5,0,7,1,0,21
U007233,5,1,5,1,1,6,1,0,14
U007234,14,2,10,2,1,11,2,0,25
U007235,10,4,10,5,0,8,0,2,22
U007236,18,3,6,2,1,10,0,4,22
U007237,9,1,2,1,5,5,0,1,10
U007238,10,0,5,0,1,4,2,0,15
U007239,11,1,7,3,0,6,1,3,20
U007240,10,2,6,1,1,4,0,1,14
U007241,6,3,3,2,2,5,0,0,14
U007242,12,4,2,1,0,9,1,2,28
U007243,17,2,7,0,0,6,1,1,25
U007244,19,4,8,1,0,13,1,0,22
U007245,23,5,4,6,0,9,4,0,21
U007246,17,1,10,2,0,3,2,2,22
U007247,19,2,5,3,0,1,1,1,18
U007248,12,0,4,3,1,5,0,0,10
U007249,11,1,3,0,1,4,0,1,5
U007250,6,1,6,2,5,3,1,2,16
U007251,11,1,4,4,0,6,0,2,16
U007252,19,4,7,1,0,9,2,0,22
U007253,11,3,7,6,1,9,0,1,21
U007254,19,2,6,1,1,8,2,1,30
U007255,14,5,4,3,0,9,1,0,20
U007256,10,0,4,1,0,1,2,0,24
U007257,22,4,5,9,0,5,2,0,15
U007258,7,2,1,2,2,1,1,0,10
U007259,18,1,7,2,1,2,3,0,20
U007260,8,5,8,2,0,6,3,4,26
U007261,19,3,2,3,0,5,1,0,29
U007262,15,5,9,5,0,7,1,0,25
U007263,9,0,3,1,5,1,2,0,12
U007264,8,1,7,3,3,5,1,1,20
U007265,13,1,5,2,2,1,1,2,11
U007266,12,2,8,2,0,5,1,0,16
U007267,20,3,14,7,0,7,2,0,41
U007268,11,4,8,4,0,6,4,0,28
U007269,5,2,3,3,3,3,3,0,7
U007270,11,0,3,0,0,4,1,1,21
U007271,23,1,7,1,1,8,1,4,19
U007272,10,1,4,3,0,3,0,0,17
U007273,18,2,10,6,1,12,1,0,24
U007274,19,4,12,5,1,10,0,0,29
U007275,14,2,3,1,0,4,1,0,19
U007276,14,2,4,5,0,2,4,3,26
U007277,12,1,3,4,1,3,0,0,23
U007278,10,3,10,4,0,8,1,0,27
U007279,15,4,6,1,0,8,2,0,34
U007280,22,0,4,3,1,1,2,1,23
U007281,17,1,5,1,0,4,1,0,18
U007282,3,6,9,2,5,2,2,0,12
U007283,15,3,10,4,0,8,1,1,21
U007284,10,5,8,6,4,6,3,0,24
U007285,21,5,5,2,0,7,2,3,33
U007286,9,2,9,3,0,6,2,1,16
U007287,13,5,9,5,1,7,2,0,30
U007288,10,2,4,2,5,5,2,0,10
U007289,18,4,6,3,3,5,2,0,21
U007290,4,0,1,0,3,5,0,1,12
U007291,14,7,9,2,0,11,1,1,25
U007292,5,1,6,3,0,4,0,0,18
U007293,10,1,2,2,3,1,0,0,12
U007294,8,0,3,4,0,4,0,1,8
U007295,15,1,3,2,0,5,0,0,21
U007296,15,1,5,2,1,4,1,0,13
U007297,17,2,6,6,1,6,2,0,18
U007298,17,1,8,3,0,9,0,0,32
U007299,10,3,4,5,0,4,2,1,32
U007300,12,1,6,4,0,4,2,0,19
U007301,11,0,3,0,2,2,1,0,20
U007302,14,2,11,1,1,4,1,0,15
U007303,12,0,4,2,4,5,1,0,15
U007304,5,0,3,2,5,2,0,0,19
U007305,9,0,5,4,0,6,1,1,13
U007306,13,0,6,1,2,6,0,1,21
U007307,13,1,5,1,0,8,1,1,18
U007308,21,3,4,3,4,10,2,1,28
U007309,8,1,6,0,0,5,0,0,16
U007310,14,1,4,0,3,2,3,0,21
U007311,14,1,5,1,0,4,1,1,17
U007312,9,0,6,2,0,3,0,0,17
U007313,8,2,6,2,0,1,0,1,8
U007314,10,1,5,5,0,6,0,2,18
U007315,7,1,2,2,5,6,0,1,17
U007316,8,0,5,0,4,2,0,0,8
U007317,10,0,6,1,2,6,1,0,15
U007318,18,2,7,4,7,7,0,0,28
U007319,16,5,8,5,1,6,2,2,26
U007320,23,3,12,4,3,7,2,1,11
U007321,13,4,9,4,0,7,1,1,35
U007322,23,4,3,1,0,2,2,2,20
U007323,15,3,5,4,0,4,2,2,13
U007324,10,3,3,2,2,7,2,2,17
U007325,15,1,3,4,0,2,5,0,23
U007326,10,0,7,4,0,4,1,0,11
U007327,16,0,3,2,0,4,2,2,26
U007328,23,4,9,5,0,9,2,1,18
U007329,14,6,6,2,1,8,0,1,21
U007330,7,3,4,0,2,3,1,0,7
U007331,13,3,7,5,0,10,2,1,40
U007332,13,1,7,3,0,4,1,2,17
U007333,18,1,5,2,1,4,2,1,16
U007334,17,4,5,7,0,5,2,0,24
U007335,8,1,1,3,2,7,2,0,15
U007336,17,7,13,4,0,13,1,0,35
U007337,20,2,7,0,2,7,1,0,20
U007338,16,0,1,3,0,4,1,0,20
U007339,19,2,2,2,1,8,2,0,27
U007340,7,0,3,1,4,2,0,0,14
U007341,10,5,6,7,2,3,1,0,20
U007342,13,2,2,1,4,3,0,0,28
U007343,17,0,8,5,6,7,2,0,13
U007344,20,4,6,5,0,6,5,0,28
U007345,7,0,2,2,0,7,0,1,11
U007346,18,3,10,5,0,3,1,0,15
U007347,16,0,9,5,1,3,3,2,25
U007348,13,3,3,4,3,4,2,0,14
U007349,12,1,4,3,3,10,1,0,7
U007350,13,2,6,2,2,6,1,0,12
U007351,17,2,3,3,0,7,2,0,15
U007352,11,6,6,2,0,8,2,1,22
U007353,8,0,3,1,1,5,1,0,10
U007354,14,3,7,4,1,11,3,2,21
U007355,13,4,4,4,1,4,2,1,31
U007356,18,1,5,2,0,4,0,3,34
U007357,18,8,9,2,0,5,2,3,22
U007358,12,3,5,1,0,10,1,1,16
U007359,5,0,7,1,1,3,0,0,17
U007360,10,4,7,8,1,4,2,0,20
U007361,9,1,3,2,0,1,1,1,12
U007362,8,0,2,4,2,2,1,1,12
U007363,11,0,4,1,0,3,1,2,8
U007364,15,3,5,1,1,8,1,0,17
U007365,10,0,4,4,0,5,4,2,13
U007366,13,4,3,0,2,5,1,0,11
U007367,9,1,5,3,0,7,1,0,21
U007368,9,1,1,2,5,3,2,0,6
U007369,13,0,4,4,0,4,1,1,21
U007370,8,1,8,3,8,2,2,1,13
U007371,18,4,9,8,0,8,3,3,23
U007372,11,1,3,1,4,3,1,1,12
U007373,19,2,8,3,0,7,1,1,21
U007374,14,2,7,5,0,4,0,1,27
U007375,4,0,3,4,3,2,2,0,20
U007376,11,1,13,2,0,1,1,0,17
U007377,21,2,9,6,1,8,3,0,25
U007378,12,1,8,2,0,10,2,2,27
U007379,14,4,3,7,0,6,1,0,39
U007380,8,5,10,1,1,6,0,1,26
U007381,10,3,7,1,0,4,2,0,19
U007382,10,3,9,3,1,13,1,4,20
U007383,17,3,6,4,0,5,4,0,31
U007384,8,5,5,6,4,3,0,0,6
U007385,11,0,4,2,0,7,1,1,22
U007386,17,1,5,2,0,5,1,2,26
U007387,12,4,6,4,0,4,2,0,22
U007388,13,0,7,4,1,9,1,4,25
U007389,12,1,9,2,0,5,1,1,24
U007390,14,0,7,2,0,6,0,0,17
U007391,11,1,6,2,0,2,1,1,15
U007392,18,2,5,1,0,11,0,0,19
U007393,10,8,6,3,0,1,0,1,23
U007394,12,2,4,4,4,5,1,2,20
U007395,10,1,2,2,1,5,2,0,30
U007396,11,0,5,2,3,6,1,0,14
U007397,8,3,4,4,0,6,1,2,12
U007398,15,1,4,0,0,3,0,0,27
U007399,19,3,9,4,0,8,2,0,17
U007400,11,5,11,7,1,3,1,1,26
U007401,9,0,4,3,1,1,0,0,13
U007402,10,1,2,4,0,3,2,1,14
U007403,14,4,4,1,1,2,0,1,20
U007404,10,3,8,2,0,7,0,0,24
U007405,11,1,3,1,1,7,1,3,11
U007406,14,2,5,3,1,4,2,1,16
U007407,28,5,12,5,0,4,3,0,38
U007408,13,4,5,3,0,7,1,1,24
U007409,11,0,5,1,0,7,2,1,23
U007410,18,0,3,4,1,8,1,5,30
U007411,7,2,2,3,2,6,1,1,21
U007412,14,4,13,1,0,9,1,0,22
U007413,11,1,2,3,0,2,1,2,23
U007414,15,7,10,3,0,9,2,2,18
U007415,13,0,5,5,0,4,1,0,20
U007416,12,1,6,4,2,8,0,3,28
U007417,5,0,6,1,0,1,0,0,11
U007418,6,1,5,0,4,2,0,1,17
U007419,13,0,4,3,0,6,2,0,12
U007420,14,1,4,4,0,9,4,2,24
U007421,4,3,3,3,3,4,2,1,12
U007422,8,1,2,2,0,6,1,0,11
U007423,8,0,7,6,0,4,0,1,19
U007424,5,1,3,0,4,3,0,0,14
U007425,17,2,11,7,0,4,2,2,24
U007426,17,1,4,2,1,6,2,0,25
U007427,18,3,6,8,3,13,1,1,31
U007428,20,2,5,3,0,5,3,0,21
U007429,10,0,1,0,5,3,0,2,6
U007430,12,2,2,3,0,3,0,2,20
U007431,13,4,6,1,0,5,0,0,20
U007432,12,4,5,4,0,12,3,3,27
U007433,14,6,7,3,0,7,2,2,21
U007434,7,0,6,1,0,8,3,4,21
U007435,12,0,3,3,0,9,3,2,22
U007436,7,0,3,0,1,5,1,0,10
U007437,16,5,5,4,1,4,0,2,23
U007438,9,1,4,2,1,4,0,0,22
U007439,13,1,2,2,0,3,1,0,15
U007440,17,4,6,4,0,5,0,1,18
U007441,9,3,6,1,2,4,2,1,22
U007442,7,0,4,2,0,4,3,0,17
U007443,9,0,7,2,0,3,0,1,13
U007444,15,2,2,3,0,4,0,1,17
U007445,9,0,9,1,0,2,0,0,18
U007446,9,0,8,3,1,4,1,0,19
U007447,10,1,7,4,0,8,1,2,31
U007448,10,0,1,2,1,1,0,0,16
U007449,8,0,6,5,6,3,1,1,11
U007450,12,9,8,4,1,5,2,0,31
U007451,15,1,2,5,0,4,1,0,16
U007452,9,0,3,5,0,7,3,0,26
U007453,17,5,8,4,1,9,1,1,30
U007454,10,0,2,1,2,4,2,1,6
U007455,10,0,1,0,0,6,2,0,15
U007456,11,0,6,3,1,4,4,1,25
U007457,9,2,3,1,3,5,1,1,20
U007458,14,1,5,3,0,5,2,1,16
U007459,14,2,9,3,1,5,2,2,17
U007460,13,3,10,5,0,12,1,1,33
U007461,9,0,5,1,0,1,0,0,16
U007462,12,4,6,1,0,7,0,1,28
U007463,19,5,10,4,0,4,2,1,21
U007464,15,1,6,3,0,3,3,0,22
U007465,3,0,10,1,0,5,1,1,16
U007466,15,0,5,2,0,6,2,0,24
U007467,5,2,5,3,0,7,1,1,16
U007468,14,4,6,0,3,6,0,2,22
U007469,20,0,8,3,0,4,2,2,18
U007470,9,0,6,3,0,7,3,0,15
U007471,20,5,6,4,4,2,0,2,24
U007472,10,2,4,0,0,3,1,1,19
U007473,12,0,8,2,0,4,1,1,13
U007474,12,3,2,3,0,3,1,1,26
U007475,16,3,6,3,0,6,2,3,26
U007476,5,2,8,3,0,4,1,0,19
U007477,8,2,4,0,0,8,1,1,15
U007478,11,4,7,3,0,13,5,1,27
U007479,14,0,4,1,0,5,2,0,16
U007480,19,1,8,2,0,6,0,0,24
U007481,12,1,9,3,0,7,2,0,22
U007482,12,0,3,4,0,5,1,1,18
U007483,17,9,12,4,0,12,3,0,34
U007484,26,3,6,3,1,12,2,1,23
U007485,9,3,6,1,1,8,1,0,15
U007486,10,6,7,3,2,1,0,0,13
U007487,13,0,7,2,0,7,1,1,24
U007488,14,0,3,3,0,7,1,1,19
U007489,6,10,4,6,1,9,1,1,30
U007490,3,0,4,3,5,3,0,1,8
U007491,12,4,3,4,3,7,2,0,29
U007492,13,0,2,3,3,3,1,1,23
U007493,15,1,5,0,2,5,0,1,20
U007494,11,1,4,1,0,1,1,1,15
U007495,14,1,3,2,1,6,1,2,20
U007496,9,0,5,8,0,6,0,1,17
U007497,18,2,6,1,1,3,0,0,18
U007498,16,2,11,2,0,3,2,0,28
U007499,17,6,10,3,0,11,1,0,21
U007500,13,6,9,2,0,4,2,2,32
U007501,10,0,2,1,1,2,0,1,12
U007502,7,0,3,5,0,4,2,0,16
U007503,18,0,3,4,1,5,3,0,16
U007504,21,2,9,5,1,9,1,1,34
U007505,9,2,3,4,0,3,3,0,13
U007506,12,0,2,5,1,1,0,3,16
U007507,10,0,2,4,0,5,1,0,18
U007508,12,5,3,2,0,2,2,0,21
U007509,10,1,7,2,0,7,2,2,19
U007510,11,1,5,2,0,6,1,1,20
U007511,13,6,6,0,1,5,0,0,10
U007512,13,3,7,4,0,5,3,0,21
U007513,10,2,9,0,0,9,0,0,23
U007514,12,1,0,5,0,3,1,2,30
U007515,13,1,7,5,4,6,1,2,20
U007516,8,0,7,2,0,6,0,2,13
U007517,11,4,8,1,0,4,2,1,22
U007518,11,1,5,1,3,5,0,1,15
U007519,8,5,7,1,2,3,0,1,16
U007520,18,4,5,7,1,8,3,1,21
U007521,14,1,4,1,2,2,0,2,13
U007522,12,2,2,3,0,1,0,1,20
U007523,6,1,7,1,2,6,2,3,12
U007524,23,4,11,4,0,4,1,1,30
U007525,11,1,7,3,3,3,1,2,19
U007526,12,0,6,2,1,7,2,1,31
U007527,7,2,5,3,1,6,2,0,16
U007528,7,1,5,0,1,5,0,0,22
U007529,20,1,5,1,0,3,0,1,21
U007530,10,4,7,2,0,7,3,3,28
U007531,10,0,6,5,0,3,3,1,16
U007532,11,3,10,5,0,7,1,0,15
U007533,13,5,3,3,0,8,3,0,20
U007534,13,1,9,3,0,6,2,2,18
U007535,11,0,5,0,0,5,0,2,17
U007536,10,7,10,2,0,9,2,0,23
U007537,12,2,5,2,0,7,1,2,25
U007538,12,2,6,2,3,6,1,1,25
U007539,18,0,6,5,1,9,3,1,25
U007540,23,3,6,1,0,6,1,1,13
U007541,15,0,9,6,0,10,3,1,22
U007542,9,3,7,3,4,1,0,0,14
U007543,11,5,4,5,0,5,0,1,15
U007544,13,1,8,3,1,2,1,0,19
U007545,11,2,5,2,2,4,2,0,20
U007546,19,4,8,1,1,5,3,1,26
U007547,10,0,4,3,1,3,1,2,10
U007548,5,1,3,0,2,5,1,2,12
U007549,16,2,5,3,0,4,1,0,27
U007550,12,1,4,3,2,5,0,2,10
U007551,11,0,4,3,3,1,0,0,4
U007552,11,2,5,7,0,4,3,0,20
U007553,12,2,4,2,0,6,2,1,26
U007554,7,0,4,1,4,1,0,0,12
U007555,6,1,3,2,0,5,2,0,23
U007556,12,0,6,1,0,2,3,1,15
U007557,12,4,7,1,0,10,1,2,18
U007558,8,0,6,2,1,0,0,0,12
U007559,13,2,6,5,0,9,0,0,11
U007560,14,0,3,1,0,3,2,3,26
U007561,9,5,4,2,0,7,0,3,24
U007562,9,1,3,2,1,3,0,0,8
U007563,16,3,7,7,0,7,1,2,22
U007564,14,3,10,4,0,7,1,0,21
U007565,6,1,2,3,0,2,1,1,17
U007566,23,4,6,5,0,3,1,3,16
U007567,13,1,4,1,1,1,2,1,11
U007568,16,0,5,2,0,5,2,2,25
U007569,14,4,10,4,0,7,1,0,18
U007570,14,3,3,2,0,5,2,1,27
U007571,8,1,8,2,0,2,1,0,16
U007572,6,0,1,2,4,2,0,1,11
U007573,11,1,9,3,0,7,2,2,34
U007574,13,1,6,4,3,6,0,2,20
U007575,14,5,8,9,0,7,2,1,36
U007576,23,4,9,2,0,9,1,3,31
U007577,18,1,10,3,0,7,2,0,21
U007578,9,3,7,1,1,5,1,2,20
U007579,19,5,8,6,1,6,2,1,30
U007580,10,0,3,1,0,5,2,2,21
U007581,15,9,10,1,0,7,4,0,22
U007582,13,4,10,5,1,8,1,0,24
U007583,16,0,7,5,3,3,0,0,12
U007584,16,5,3,2,0,7,6,2,20
U007585,9,1,3,2,0,1,0,0,15
U007586,7,2,2,2,1,2,0,1,9
U007587,8,6,6,4,3,9,2,0,27
U007588,10,0,2,4,0,3,0,1,21
U007589,15,1,9,4,0,4,3,2,27
U007590,21,1,9,2,0,6,3,1,32
U007591,6,0,6,1,1,4,1,0,17
U007592,15,3,7,2,0,5,0,1,27
U007593,10,2,4,4,1,6,2,0,18
U007594,12,3,8,1,0,3,2,1,20
U007595,16,5,6,2,1,8,2,1,18
U007596,18,3,13,0,0,7,0,0,36
U007597,13,4,9,3,0,14,3,0,31
U007598,15,1,9,4,0,8,2,0,30
U007599,8,0,3,4,0,4,2,1,17
U007600,13,2,6,5,0,4,3,1,24
U007601,21,3,5,6,3,3,1,1,19
U007602,13,4,7,3,0,10,2,0,30
U007603,10,5,4,2,0,3,1,0,17
U007604,8,2,3,0,0,8,1,0,18
U007605,8,0,2,0,5,3,0,0,15
U007606,9,1,5,2,0,3,1,0,15
U007607,15,1,9,2,0,10,2,0,27
U007608,15,2,9,1,1,4,1,2,20
U007609,11,3,5,4,1,6,1,0,30
U007610,22,2,7,4,5,10,1,0,22
U007611,11,1,4,2,0,2,0,2,11
U007612,12,0,1,4,0,4,2,1,19
U007613,19,4,11,8,0,10,0,1,23
U007614,10,0,3,3,0,4,4,1,15
U007615,11,0,1,1,6,10,0,0,19
U007616,11,1,7,2,0,7,1,2,21
U007617,16,1,4,6,1,10,0,1,28
U007618,8,0,1,2,1,6,1,0,21
U007619,4,0,10,4,0,5,0,3,18
U007620,11,3,6,5,3,4,0,0,15
U007621,19,3,10,3,0,6,6,1,24
U007622,8,1,1,1,4,4,1,1,13
U007623,5,1,8,4,0,5,4,1,22
U007624,13,1,8,3,0,3,0,1,24
U007625,12,5,5,0,0,8,2,0,19
U007626,20,1,9,6,3,8,3,1,26
U007627,12,4,5,3,1,1,3,2,27
U007628,23,1,8,1,1,5,0,1,22
U007629,7,1,3,4,1,1,0,1,12
U007630,10,1,5,1,0,2,0,1,23
U007631,24,0,2,4,1,5,2,0,21
U007632,9,2,6,5,0,7,0,1,16
U007633,19,4,3,3,1,7,0,2,21
U007634,15,2,11,3,1,7,1,1,28
U007635,23,6,5,6,1,12,6,2,27
U007636,15,0,6,0,3,4,2,0,12
U007637,10,1,3,2,5,2,1,0,9
U007638,11,2,7,9,1,4,3,0,19
U007639,12,0,8,5,0,8,0,0,20
U007640,12,2,9,6,2,2,1,0,14
U007641,12,0,2,1,0,3,1,1,8
U007642,25,2,9,5,0,9,2,0,24
U007643,17,3,5,0,0,12,2,2,26
U007644,16,1,6,4,1,7,3,0,32
U007645,9,2,5,5,0,4,1,0,12
U007646,7,2,3,0,1,3,2,2,23
U007647,13,1,7,5,0,7,2,0,16
U007648,17,3,8,3,0,5,2,2,24
U007649,10,4,6,2,0,5,2,0,26
U007650,13,1,3,2,1,3,0,0,17
U007651,10,0,5,2,7,5,2,0,9
U007652,11,1,9,1,0,9,2,1,29
U007653,14,1,8,2,0,3,1,1,18
U007654,19,2,5,2,0,3,1,0,16
U007655,15,5,8,3,2,5,1,2,27
U007656,16,0,6,3,0,2,3,2,24
U007657,22,3,6,7,0,3,0,0,20
U007658,10,0,5,2,0,3,0,2,24
U007659,13,0,6,3,1,4,2,1,13
U007660,9,4,4,2,5,5,3,2,9
U007661,13,0,4,3,0,7,1,2,11
U007662,10,1,11,2,6,2,0,0,11
U007663,8,2,2,5,1,1,1,1,10
U007664,7,1,3,2,0,6,1,1,14
U007665,17,5,4,1,1,4,1,2,20
U007666,14,1,8,1,0,8,2,1,26
U007667,11,0,3,4,0,5,0,0,16
U007668,12,3,6,7,0,5,1,1,16
U007669,12,3,7,5,0,4,2,1,20
U007670,8,3,7,0,4,6,2,0,22
U007671,13,0,7,3,0,5,0,1,18
U007672,17,1,4,2,0,7,1,2,22
U007673,23,4,9,2,0,7,3,1,26
U007674,14,1,3,1,1,1,5,0,19
U007675,4,0,4,2,2,2,0,2,9
U007676,19,0,4,2,0,5,1,0,13
U007677,14,3,11,2,0,8,4,1,32
U007678,10,1,7,3,2,9,0,0,17
U007679,3,2,0,1,1,1,2,0,12
U007680,7,0,2,2,1,3,1,1,8
U007681,13,1,4,4,0,4,2,2,19
U007682,24,3,8,4,1,10,2,3,27
U007683,17,3,10,2,0,7,2,1,21
U007684,19,3,6,7,0,5,1,4,39
U007685,20,3,10,2,3,6,1,2,20
U007686,9,2,6,3,2,7,0,1,26
U007687,15,2,4,3,0,3,0,0,14
U007688,17,1,9,1,1,7,2,1,16
U007689,8,3,3,3,1,5,1,1,14
U007690,15,4,4,2,0,4,0,1,24
U007691,8,1,4,5,0,2,0,2,15
U007692,16,3,4,3,0,8,0,0,22
U007693,12,1,3,3,6,5,0,0,16
U007694,16,3,9,3,1,10,0,0,22
U007695,13,2,9,2,0,11,2,2,24
U007696,10,3,1,3,0,5,0,1,15
U007697,7,2,1,3,1,4,3,1,22
U007698,13,1,5,4,0,3,1,1,15
U007699,21,1,10,2,1,8,1,0,28
U007700,5,0,4,3,2,3,0,0,13
U007701,11,1,3,0,0,6,1,2,18
U007702,16,4,7,3,0,2,0,1,23
U007703,8,1,2,3,0,2,0,2,15
U007704,19,3,10,4,0,1,2,0,24
U007705,12,3,3,2,5,2,1,1,18
U007706,13,3,9,9,1,10,0,0,19
U007707,16,0,2,3,0,7,0,1,26
U007708,17,3,6,2,0,7,1,2,20
U007709,16,1,6,3,1,4,3,1,14
U007710,22,4,4,3,6,10,3,1,20
U007711,16,4,4,5,0,3,0,1,22
U007712,21,4,3,1,0,7,1,0,14
U007713,12,1,3,5,3,5,0,0,8
U007714,9,3,5,5,0,4,1,1,24
U007715,11,4,3,4,0,4,1,2,19
U007716,7,2,4,3,4,3,2,0,13
U007717,10,1,7,3,0,6,0,1,9
U007718,20,1,11,3,0,7,1,1,18
U007719,10,0,3,1,1,8,0,1,15
U007720,13,3,3,1,0,3,0,2,17
U007721,8,1,3,1,0,2,2,0,16
U007722,7,0,2,2,5,8,0,0,13
U007723,13,0,7,5,0,8,2,1,22
U007724,18,1,6,2,1,6,1,2,18
U007725,18,2,5,5,0,13,4,3,27
U007726,14,1,3,2,1,5,0,1,24
U007727,13,3,5,3,0,4,4,1,17
U007728,14,0,7,3,1,6,1,2,22
U007729,15,3,9,0,1,7,2,1,26
U007730,9,2,4,2,1,5,0,2,19
U007731,15,0,6,2,0,6,0,0,13
U007732,12,5,7,6,0,6,3,1,23
U007733,12,1,6,1,1,6,2,2,26
U007734,11,1,4,1,0,5,1,0,26
U007735,9,2,4,3,0,1,3,0,11
U007736,7,0,9,3,0,4,2,0,17
U007737,12,2,2,2,0,6,0,1,18
U007738,6,0,4,0,1,3,0,0,13
U007739,10,3,3,4,1,8,1,0,33
U007740,8,2,1,0,1,1,3,2,7
U007741,16,3,9,4,0,6,1,0,16
U007742,13,5,4,0,6,4,2,3,22
U007743,13,1,5,1,0,7,0,0,17
U007744,9,0,2,1,0,3,1,2,15
U007745,15,1,4,0,0,10,1,0,19
U007746,13,4,7,4,1,7,0,0,26
U007747,9,0,6,1,0,8,1,0,11
U007748,18,1,3,5,0,1,1,0,19
U007749,16,3,16,2,2,9,3,2,31
U007750,15,4,7,1,0,2,2,1,15
U007751,7,0,3,4,1,4,0,1,12
U007752,11,0,7,2,0,6,1,0,21
U007753,16,3,3,4,0,7,3,1,26
U007754,16,4,3,2,0,4,0,0,18
U007755,15,0,6,3,0,6,0,0,14
U007756,8,0,5,1,4,3,2,0,11
U007757,13,3,6,3,1,11,2,1,29
U007758,12,2,5,3,1,3,0,1,20
U007759,3,4,4,3,2,10,0,2,27
U007760,10,0,4,1,0,6,1,0,20
U007761,16,4,10,5,0,6,1,0,34
U007762,8,1,7,1,0,0,0,1,12
U007763,17,1,7,1,0,4,1,0,19
U007764,14,4,8,2,2,6,1,3,19
U007765,11,0,6,1,0,8,1,2,22
U007766,10,4,3,4,0,3,1,0,26
U007767,16,0,1,3,0,9,0,0,15
U007768,12,0,5,3,0,2,0,0,22
U007769,9,1,5,3,0,4,0,0,29
U007770,11,0,8,2,1,9,1,1,22
U007771,19,4,8,1,0,10,0,3,29
U007772,8,1,11,2,0,5,1,0,12
U007773,15,3,5,4,2,5,2,1,12
U007774,8,2,7,5,0,9,2,2,21
U007775,4,2,1,2,2,1,1,0,14
U007776,7,0,2,0,0,7,0,0,16
U007777,6,0,1,3,3,4,2,2,13
U007778,31,2,12,4,0,9,1,1,30
U007779,6,0,4,4,0,5,0,0,22
U007780,7,0,4,0,2,2,1,0,14
U007781,17,4,9,6,1,11,1,0,23
U007782,11,0,6,2,0,3,2,1,15
U007783,16,0,9,3,2,5,1,1,10
U007784,7,0,3,5,0,1,0,0,18
U007785,18,6,8,6,0,4,2,1,25
U007786,9,1,8,2,1,10,1,1,21
U007787,15,2,4,3,2,13,0,2,26
U007788,8,0,5,0,1,6,1,0,23
U007789,10,1,5,2,0,3,1,1,18
U007790,6,0,2,1,0,6,0,0,20
U007791,15,0,1,2,0,3,1,1,10
U007792,6,0,6,4,0,2,1,1,18
U007793,15,4,2,0,0,3,2,2,23
U007794,16,1,6,1,0,5,0,2,26
U007795,11,3,4,3,0,6,0,2,22
U007796,15,3,11,5,0,6,2,1,27
U007797,11,0,2,4,0,3,1,1,17
U007798,8,0,5,3,1,6,2,2,10
U007799,15,1,8,5,0,1,0,1,21
U007800,17,6,5,6,0,2,2,0,18
U007801,7,3,5,4,0,7,1,0,35
U007802,6,1,2,1,1,2,0,1,9
U007803,15,5,2,1,1,9,0,0,23
U007804,24,5,5,6,1,8,4,0,24
U007805,11,1,3,3,1,6,0,2,23
U007806,13,2,5,4,0,5,1,1,13
U007807,10,4,3,1,2,3,3,0,6
U007808,11,1,1,1,1,2,0,1,12
U007809,10,2,4,0,3,4,1,2,17
U007810,16,3,2,1,0,6,2,1,17
U007811,18,4,9,4,1,3,2,1,20
U007812,11,0,3,3,1,5,0,0,12
U007813,17,4,6,2,1,12,1,2,30
U007814,16,1,1,2,1,2,2,0,19
U007815,20,6,10,3,0,5,2,1,33
U007816,11,0,4,4,0,6,1,2,21
U007817,14,5,2,1,4,7,1,0,25
U007818,22,5,8,2,1,5,1,1,25
U007819,20,4,5,3,0,7,3,1,24
U007820,14,3,7,2,2,6,1,3,36
U007821,15,1,6,8,0,2,1,0,22
U007822,15,1,4,2,0,3,2,0,17
U007823,11,0,3,1,3,6,1,0,13
U007824,5,1,6,3,1,7,4,3,15
U007825,19,3,5,7,0,6,1,1,31
U007826,12,3,2,3,0,3,1,0,16
U007827,9,2,3,1,0,4,1,0,20
U007828,24,4,9,3,1,12,2,3,21
U007829,13,9,4,2,0,3,1,0,21
U007830,6,1,11,2,1,10,3,1,22
U007831,19,0,7,3,1,7,1,0,26
U007832,13,0,6,4,0,3,1,0,22
U007833,12,3,3,3,0,3,0,0,23
U007834,10,0,4,4,4,2,2,0,13
U007835,21,5,9,3,3,4,0,1,35
U007836,14,1,7,2,1,3,2,2,17
U007837,13,0,6,2,0,2,1,1,25
U007838,14,6,7,3,0,8,3,0,34
U007839,14,5,3,2,0,6,0,0,12
U007840,10,3,9,5,0,3,1,1,23
U007841,6,0,3,2,1,8,2,1,9
U007842,13,3,8,5,2,3,3,1,28
U007843,14,0,8,0,0,4,2,0,26
U007844,5,2,6,4,2,3,2,1,14
U007845,11,0,6,3,6,5,3,3,17
U007846,13,10,5,5,2,5,0,0,29
U007847,10,0,2,1,0,3,1,0,21
U007848,9,0,2,2,0,7,1,0,22
U007849,18,4,8,7,1,7,3,1,35
U007850,11,3,5,1,4,4,0,2,14
U007851,3,0,6,0,1,5,0,0,6
U007852,14,2,3,4,0,3,1,0,23
U007853,14,3,13,4,0,7,1,0,28
U007854,13,4,6,3,0,10,2,1,25
U007855,11,0,4,3,0,5,0,1,17
U007856,7,0,2,1,3,4,0,1,10
U007857,11,1,4,5,1,7,1,3,20
U007858,5,0,4,2,2,5,1,1,11
U007859,7,2,9,5,0,5,0,0,23
U007860,10,2,9,4,0,6,0,1,17
U007861,16,1,5,3,1,9,3,0,20
U007862,9,1,7,5,0,11,1,0,25
U007863,22,3,7,2,0,8,0,1,25
U007864,12,3,3,2,0,1,2,1,17
U007865,14,1,7,1,1,6,0,0,19
U007866,19,2,3,4,0,5,1,3,34
U007867,12,1,6,2,1,5,1,1,14
U007868,11,1,7,2,0,1,2,1,16
U007869,8,1,6,1,0,2,1,2,18
U007870,12,1,5,2,1,9,0,1,18
U007871,11,1,2,3,0,5,1,4,20
U007872,7,0,5,2,3,4,0,1,8
U007873,20,3,9,6,0,12,3,4,33
U007874,22,6,5,2,1,6,6,2,27
U007875,6,0,7,2,0,5,0,1,17
U007876,11,0,1,2,0,8,1,1,20
U007877,13,4,4,3,0,1,0,1,14
U007878,22,1,7,3,0,6,3,1,33
U007879,28,4,10,5,2,6,1,0,36
U007880,15,0,3,4,1,4,1,1,16
U007881,17,1,7,2,2,8,0,0,28
U007882,11,1,5,1,1,0,1,1,18
U007883,15,5,4,6,1,5,0,3,18
U007884,8,0,7,4,1,2,1,0,10
U007885,14,0,6,0,0,2,0,0,25
U007886,13,1,3,3,2,4,0,0,17
U007887,16,3,5,1,0,6,1,0,20
U007888,10,5,9,2,0,10,2,1,27
U007889,5,3,5,2,5,5,1,0,8
U007890,10,1,8,1,1,2,1,1,20
U007891,18,1,8,2,1,2,0,0,21
U007892,13,7,8,2,0,11,0,0,14
U007893,9,3,11,2,0,7,2,3,25
U007894,9,1,3,2,0,4,1,1,25
U007895,17,0,6,0,0,5,2,0,22
U007896,14,3,6,1,1,6,2,1,19
U007897,12,0,5,1,0,4,0,2,17
U007898,14,3,8,5,0,4,2,0,24
U007899,8,0,4,4,1,4,1,1,20
U007900,15,2,4,2,0,6,4,2,30
U007901,16,1,8,3,0,3,2,1,22
U007902,12,4,7,6,1,4,1,2,21
U007903,15,3,5,1,1,11,2,3,13
U007904,16,2,8,7,0,7,0,2,33
U007905,14,0,4,0,0,4,0,1,16
U007906,14,2,7,3,0,5,1,1,19
U007907,15,2,7,3,0,6,1,1,26
U007908,16,1,7,4,0,8,1,1,27
U007909,20,0,3,4,0,5,0,2,11
U007910,14,3,8,3,0,3,2,1,22
U007911,6,0,5,5,3,5,1,0,12
U007912,11,4,4,3,2,11,0,1,19
U007913,10,1,6,0,0,2,0,1,20
U007914,12,3,7,7,3,7,3,2,30
U007915,8,2,3,5,0,4,1,2,10
U007916,17,1,5,0,1,7,0,2,11
U007917,11,0,5,1,1,8,1,0,15
U007918,15,5,10,2,0,4,3,0,17
U007919,10,2,5,2,0,4,0,1,22
U007920,12,3,3,5,1,5,3,0,36
U007921,16,1,4,2,1,3,3,0,30
U007922,11,2,1,2,0,5,1,1,29
U007923,10,0,5,3,0,5,1,1,15
U007924,17,3,13,1,1,8,3,2,33
U007925,12,4,5,4,0,5,2,2,28
U007926,15,0,8,4,0,3,5,1,17
U007927,10,2,5,6,0,4,0,0,20
U007928,7,0,7,2,3,6,0,1,18
U007929,13,4,6,2,0,5,1,3,14
U007930,20,3,4,1,0,7,1,0,17
U007931,11,2,9,4,0,13,2,1,25
U007932,12,6,3,4,0,10,0,0,27
U007933,7,0,4,1,0,4,4,3,16
U007934,16,4,6,3,0,4,1,2,11
U007935,13,0,5,0,2,4,0,2,10
U007936,14,1,9,3,3,7,1,0,18
U007937,15,1,9,6,4,6,3,2,27
U007938,18,1,5,4,0,9,0,1,14
U007939,9,5,8,5,0,5,2,0,18
U007940,9,2,2,3,2,4,1,0,14
U007941,6,1,3,1,5,2,0,0,12
U007942,14,0,1,2,0,5,1,1,22
U007943,7,0,1,4,3,3,2,0,18
U007944,13,7,6,2,0,10,0,0,17
U007945,10,4,6,3,0,9,1,2,15
U007946,15,0,1,4,0,2,1,1,14
U007947,13,0,1,1,0,5,2,2,19
U007948,9,3,11,1,0,8,1,2,26
U007949,13,4,5,3,1,7,1,0,36
U007950,9,3,10,2,1,7,1,0,23
U007951,10,3,4,3,0,4,1,2,25
U007952,19,0,6,3,1,7,0,0,22
U007953,11,1,5,1,6,3,0,3,24
U007954,7,0,6,1,0,5,1,0,15
U007955,7,1,2,2,3,5,0,0,24
U007956,22,4,5,3,0,4,1,0,18
U007957,17,5,4,5,1,7,3,1,24
U007958,8,3,2,3,2,2,0,0,10
U007959,10,1,8,1,2,7,0,1,11
U007960,5,2,3,4,1,5,2,1,15
U007961,12,1,1,3,0,4,1,1,15
U007962,9,2,5,4,0,9,1,1,23
U007963,14,1,4,2,0,5,1,1,9
U007964,14,4,8,5,0,4,1,0,25
U007965,11,1,5,2,1,1,3,2,22
U007966,12,1,4,3,0,3,4,4,15
U007967,6,0,4,5,0,1,0,1,20
U007968,12,1,5,1,1,2,0,0,13
U007969,15,1,8,1,2,5,2,2,16
U007970,23,2,4,4,0,10,2,1,26
U007971,10,1,9,2,0,8,2,2,25
U007972,12,4,8,7,1,11,0,0,18
U007973,17,4,5,5,1,10,3,0,27
U007974,15,1,6,3,2,9,4,1,11
U007975,16,1,5,1,0,4,3,1,11
U007976,13,2,7,4,4,7,1,0,25
U007977,13,1,3,2,0,5,0,0,13
U007978,15,2,3,1,0,2,4,1,25
U007979,11,2,3,1,0,12,2,1,28
U007980,11,4,3,5,0,7,1,1,17
U007981,16,0,9,4,0,5,2,0,12
U007982,12,2,2,4,1,5,3,3,18
U007983,8,0,3,0,6,1,1,1,13
U007984,8,0,0,0,4,3,1,1,10
U007985,10,1,4,2,0,9,0,1,22
U007986,7,0,3,2,6,1,1,1,12
U007987,14,3,13,5,7,8,4,0,29
U007988,6,2,6,1,0,7,0,2,23
U007989,15,1,9,2,1,1,2,1,28
U007990,16,0,4,2,0,4,1,3,19
U007991,15,4,6,1,0,7,1,1,19
U007992,8,2,7,2,0,8,1,1,14
U007993,7,0,5,3,4,3,0,0,10
U007994,15,5,7,2,0,8,3,1,21
U007995,8,0,1,2,3,2,0,1,7
U007996,18,7,6,1,0,15,1,1,26
U007997,13,1,4,3,3,3,2,1,10
U007998,10,1,5,4,0,5,1,1,7
U007999,14,5,5,4,0,7,0,2,19
U008000,10,2,2,3,4,5,0,1,12
U008001,7,2,6,2,8,7,0,0,22
U008002,15,5,5,3,0,8,1,2,26
U008003,11,3,4,3,0,3,0,2,21
U008004,12,1,2,6,1,5,1,0,14
U008005,7,0,6,6,0,4,1,0,25
U008006,15,3,6,4,0,8,0,0,28
U008007,9,4,3,2,2,9,0,0,21
U008008,13,6,4,1,0,8,4,1,20
U008009,9,2,4,2,4,4,0,0,16
U008010,12,1,4,6,7,6,0,2,25
U008011,9,2,4,1,2,4,1,1,19
U008012,13,3,8,5,0,3,2,2,30
U008013,12,1,4,2,1,5,4,0,18
U008014,18,1,8,2,0,3,0,2,20
U008015,12,0,2,1,2,3,0,0,12
U008016,10,1,2,3,0,2,2,1,14
U008017,11,5,8,1,0,7,3,0,28
U008018,7,0,3,2,3,5,1,0,9
U008019,12,4,3,2,0,6,1,2,20
U008020,17,3,9,3,0,8,1,1,26
U008021,18,0,7,2,0,6,2,1,15
U008022,14,1,5,2,0,7,3,1,20
U008023,7,0,3,1,4,1,0,2,10
U008024,11,0,6,2,0,5,0,2,21
U008025,11,2,5,0,0,3,0,3,17
U008026,11,1,6,1,0,1,1,0,15
U008027,11,3,6,3,0,5,1,0,29
U008028,8,1,7,2,0,4,1,0,21
U008029,14,1,8,3,0,3,0,1,12
U008030,11,5,6,4,0,11,3,2,18
U008031,12,1,6,1,0,5,0,1,17
U008032,18,4,5,4,2,9,2,0,20
U008033,3,1,7,0,4,4,1,2,13
U008034,18,2,7,3,0,5,3,0,17
U008035,14,1,3,4,0,4,3,2,21
U008036,19,2,6,6,1,7,0,1,23
U008037,11,4,7,2,0,8,4,0,30
U008038,6,0,3,2,3,1,1,0,9
U008039,22,2,6,9,1,7,0,0,35
U008040,17,3,5,3,0,7,1,1,16
U008041,12,4,6,3,1,7,6,1,18
U008042,15,2,5,3,1,4,1,0,18
U008043,8,0,3,1,3,4,0,3,7
U008044,12,7,9,3,2,8,1,1,21
U008045,20,7,16,3,0,8,1,0,29
U008046,13,6,7,6,0,6,0,4,22
U008047,9,2,5,3,0,6,0,0,11
U008048,19,1,6,2,0,9,2,0,23
U008049,12,2,4,1,0,4,1,2,18
U008050,13,3,8,2,2,2,1,0,13
U008051,15,3,5,1,4,4,0,0,13
U008052,11,2,5,1,0,5,1,1,18
U008053,9,0,2,1,5,7,0,1,10
U008054,21,5,4,1,0,6,2,3,26
U008055,19,1,7,2,1,4,0,0,23
U008056,12,0,6,3,0,4,1,0,14
U008057,9,1,2,4,2,4,0,0,19
U008058,12,0,6,0,1,1,4,0,15
U008059,12,0,2,1,0,3,0,2,16
U008060,11,3,7,1,1,12,4,0,24
U008061,20,2,6,5,0,6,0,1,30
U008062,14,2,4,3,1,9,2,2,14
U008063,8,1,4,3,0,8,1,0,21
U008064,13,2,4,1,0,1,2,1,20
U008065,15,1,4,0,0,5,1,1,20
U008066,10,0,8,4,3,4,1,1,15
U008067,12,5,7,1,0,7,1,2,29
U008068,13,2,3,4,0,8,1,4,11
U008069,10,1,8,0,1,5,1,1,22
U008070,18,3,16,4,1,9,0,0,39
U008071,14,0,5,1,0,3,3,1,20
U008072,9,1,6,3,0,9,1,2,18
U008073,19,3,7,4,1,8,2,1,37
U008074,11,4,1,0,1,5,0,1,30
U008075,8,1,8,0,2,2,0,1,17
U008076,9,2,6,2,1,4,4,2,20
U008077,19,3,5,4,0,12,3,2,19
U008078,9,2,8,3,0,6,1,2,22
U008079,16,6,5,1,2,3,0,2,16
U008080,12,0,8,2,0,4,1,0,15
U008081,10,3,3,4,0,7,0,1,19
U008082,11,7,7,2,0,2,0,1,25
U008083,7,3,8,2,4,5,2,1,15
U008084,11,3,3,0,0,5,0,0,27
U008085,14,1,6,1,0,6,4,0,19
U008086,4,2,3,4,1,4,1,0,17
U008087,20,8,6,9,1,4,2,3,34
U008088,16,2,6,7,1,9,3,0,22
U008089,12,3,8,4,0,4,0,3,26
U008090,10,4,5,3,8,2,2,2,15
U008091,5,0,0,0,1,2,1,0,12
U008092,9,1,5,1,0,5,1,3,16
U008093,15,3,8,10,0,6,2,1,27
U008094,12,1,5,3,2,7,0,1,19
U008095,15,2,7,5,0,7,2,0,32
U008096,13,2,6,2,1,8,0,1,18
U008097,11,8,5,1,0,1,0,0,31
U008098,25,1,8,7,0,2,3,1,24
U008099,8,2,9,1,1,2,0,0,13
U008100,8,6,5,4,0,3,0,1,19
U008101,16,4,5,1,1,2,1,0,14
U008102,20,1,2,2,0,1,2,0,14
U008103,11,3,3,5,5,5,1,0,12
U008104,12,6,14,4,0,9,2,1,20
U008105,5,1,6,3,2,7,0,1,21
U008106,16,2,11,3,0,5,3,0,19
U008107,12,3,10,4,2,8,0,0,34
U008108,13,4,3,2,1,6,3,0,23
U008109,13,5,4,0,1,5,0,2,20
U008110,17,5,8,4,0,12,1,0,26
U008111,17,2,6,6,0,6,3,1,28
U008112,19,3,5,6,0,6,3,1,26
U008113,13,4,2,2,2,3,0,1,15
U008114,12,3,6,2,0,6,0,0,23
U008115,15,3,5,6,0,8,3,2,21
U008116,10,1,6,4,0,2,2,0,23
U008117,11,0,1,3,1,6,0,0,22
U008118,12,3,9,3,0,6,1,4,16
U008119,3,1,2,2,2,8,2,1,10
U008120,10,0,5,1,1,3,0,1,13
U008121,15,3,8,2,0,4,2,0,23
U008122,17,2,4,6,1,1,1,2,21
U008123,13,5,7,3,0,7,0,1,22
U008124,11,0,4,3,0,3,1,2,13
U008125,18,6,9,8,0,6,3,3,30
U008126,21,4,8,1,0,3,3,0,34
U008127,17,1,4,2,0,4,1,1,19
U008128,16,3,12,5,0,5,1,2,31
U008129,21,3,10,2,1,4,2,0,32
U008130,16,1,8,2,0,4,3,0,22
U008131,9,4,10,3,6,4,0,0,22
U008132,8,2,3,2,5,8,0,0,12
U008133,8,0,3,4,5,2,1,0,11
U008134,16,1,8,4,0,6,2,6,18
U008135,22,7,4,3,0,5,1,2,29
U008136,9,3,2,2,1,5,0,0,17
U008137,15,2,7,4,4,11,1,1,21
U008138,10,3,6,3,0,3,0,0,16
U008139,11,1,3,4,0,5,0,1,23
U008140,14,4,3,3,1,7,1,1,23
U008141,27,0,7,2,0,8,1,3,29
U008142,12,2,6,3,1,8,1,0,26
U008143,11,3,4,0,3,4,0,1,20
U008144,11,1,3,1,1,9,2,0,18
U008145,15,1,2,4,0,2,2,0,23
U008146,5,3,10,5,5,4,0,1,14
U008147,13,1,6,5,1,4,0,3,10
U008148,16,1,3,2,0,4,0,1,17
U008149,9,2,5,3,1,7,0,0,17
U008150,17,3,16,3,0,8,1,1,33
U008151,9,4,14,4,0,5,0,1,30
U008152,18,2,7,6,1,7,0,1,29
U008153,12,1,5,4,0,5,0,2,18
U008154,15,3,5,4,1,5,0,0,29
U008155,22,3,9,9,0,9,0,1,30
U008156,10,4,5,6,0,5,1,2,23
U008157,10,0,2,5,5,5,0,1,10
U008158,7,2,8,1,0,4,0,1,7
U008159,15,4,13,1,0,13,2,1,30
U008160,14,2,4,0,0,3,2,0,14
U008161,16,0,8,3,0,3,2,0,26
U008162,15,6,6,0,2,16,0,0,29
U008163,10,1,9,1,0,4,3,2,15
U008164,14,1,3,4,0,4,2,1,10
U008165,22,0,6,3,5,7,1,0,30
U008166,16,1,2,4,0,4,0,2,15
U008167,14,1,5,2,0,2,0,0,10
U008168,12,0,4,3,0,3,1,1,20
U008169,10,0,5,4,0,2,1,1,12
U008170,9,1,2,2,0,3,0,2,19
U008171,25,2,10,1,1,8,5,0,27
U008172,13,5,9,4,0,2,0,2,25
U008173,17,2,4,3,2,3,2,5,19
U008174,10,2,8,0,3,4,0,0,12
U008175,10,0,4,1,0,4,0,1,27
U008176,10,3,5,3,0,4,3,3,28
U008177,12,2,6,3,0,5,0,0,13
U008178,12,0,5,3,0,5,1,0,19
U008179,8,0,3,2,3,0,3,1,11
U008180,5,2,1,1,1,3,0,1,13
U008181,10,3,0,2,3,3,3,3,20
U008182,11,1,3,1,1,5,0,2,13
U008183,10,0,5,3,1,5,3,2,9
U008184,9,2,2,2,4,5,0,1,17
U008185,12,2,7,0,0,6,2,0,23
U008186,12,2,4,2,0,5,1,2,14
U008187,21,2,1,2,1,8,2,1,26
U008188,5,0,2,1,0,3,1,1,13
U008189,13,3,5,1,0,6,0,2,17
U008190,11,1,5,1,0,6,4,3,18
U008191,16,2,4,6,1,3,2,1,19
U008192,10,1,2,1,1,6,0,1,9
U008193,14,3,5,3,2,4,2,3,23
U008194,7,1,8,2,0,4,1,0,15
U008195,17,4,4,1,1,4,0,0,18
U008196,15,2,5,3,0,6,3,0,26
U008197,17,3,6,1,0,11,1,0,24
U008198,6,2,2,0,1,1,1,2,19
U008199,12,5,5,1,1,8,3,1,24
U008200,10,0,5,0,2,3,1,0,17
U008201,16,3,5,3,0,11,0,0,27
U008202,16,1,7,4,0,6,1,1,25
U008203,10,1,7,1,0,4,3,0,13
U008204,14,3,13,4,0,7,3,0,30
U008205,20,3,14,1,0,6,6,2,19
U008206,18,2,1,2,0,3,0,0,16
U008207,12,2,8,4,3,2,1,0,15
U008208,10,2,4,3,1,8,0,1,17
U008209,9,2,2,4,5,5,0,2,21
U008210,6,0,4,4,0,5,1,1,12
U008211,10,0,6,2,1,3,0,0,10
U008212,16,3,5,3,5,5,1,1,25
U008213,16,5,14,3,0,7,2,1,20
U008214,8,0,5,1,2,5,0,1,10
U008215,8,2,7,3,3,3,2,2,13
U008216,16,1,4,2,0,7,1,1,15
U008217,11,4,9,5,0,13,2,2,27
U008218,13,0,5,1,1,5,0,0,17
U008219,16,3,3,1,0,4,1,0,26
U008220,9,1,2,2,0,5,0,1,25
U008221,11,0,7,2,1,4,0,0,12
U008222,11,1,5,2,0,6,0,1,20
U008223,25,3,13,4,0,6,2,2,29
U008224,13,1,8,4,0,6,1,2,27
U008225,13,2,9,3,0,8,2,0,10
U008226,12,4,5,3,1,9,3,1,25
U008227,13,2,3,4,0,4,2,0,16
U008228,13,4,2,7,0,2,1,0,17
U008229,16,3,5,3,0,5,0,3,26
U008230,12,1,8,5,0,9,2,0,18
U008231,10,6,5,3,0,2,3,0,24
U008232,18,6,3,3,0,2,0,1,21
U008233,14,0,4,3,1,7,2,0,20
U008234,10,4,10,2,5,6,1,0,32
U008235,16,0,2,3,0,1,1,1,15
U008236,12,1,3,6,1,12,2,0,20
U008237,9,1,4,2,0,4,2,1,13
U008238,13,1,10,5,0,9,4,1,37
U008239,10,3,8,1,0,8,1,3,23
U008240,13,1,5,0,0,4,1,1,13
U008241,8,3,6,1,2,4,0,1,16
U008242,3,0,2,1,2,1,0,2,8
U008243,13,0,2,3,1,2,2,2,16
U008244,8,3,4,1,0,3,0,2,13
U008245,10,4,6,5,0,4,0,1,38
U008246,8,2,3,2,2,6,1,0,10
U008247,13,1,9,5,1,3,1,0,24
U008248,13,0,6,2,0,5,2,0,18
U008249,14,1,5,1,0,1,2,0,18
U008250,8,0,8,1,3,4,0,0,16
U008251,14,1,2,1,2,3,0,0,7
U008252,32,4,7,5,0,8,2,2,35
U008253,14,6,4,5,3,6,2,1,32
U008254,8,1,6,2,4,7,0,0,17
U008255,15,0,3,2,0,3,1,2,20
U008256,10,0,5,1,0,6,1,1,14
U008257,9,5,6,3,0,4,2,1,12
U008258,16,1,3,6,2,6,1,2,23
U008259,13,1,3,2,0,5,1,0,19
U008260,17,3,5,7,0,9,3,0,23
U008261,17,4,10,2,0,8,0,1,26
U008262,20,2,6,7,1,9,0,1,28
U008263,12,2,4,4,4,5,0,1,27
U008264,14,6,8,4,0,5,1,0,24
U008265,12,2,7,2,1,4,3,2,9
U008266,7,0,6,3,0,2,1,1,20
U008267,15,0,7,5,0,7,2,3,23
U008268,11,3,4,3,1,7,3,2,24
U008269,6,0,3,1,1,3,3,1,12
U008270,12,3,3,0,0,6,0,1,25
U008271,12,1,7,1,0,5,2,0,16
U008272,19,3,17,5,0,5,0,1,24
U008273,2,0,2,1,3,3,1,4,5
U008274,11,0,2,2,1,5,2,2,16
U008275,11,2,3,2,7,6,1,0,22
U008276,11,1,9,5,0,2,1,1,18
U008277,15,2,6,0,1,4,1,1,23
U008278,18,3,10,4,0,8,3,1,21
U008279,14,0,4,1,0,4,1,2,18
U008280,8,2,4,4,0,6,0,2,17
U008281,12,0,6,0,2,2,0,0,11
U008282,11,0,6,5,0,4,1,0,36
U008283,11,0,3,3,0,5,2,2,18
U008284,15,0,3,5,0,1,1,1,12
U008285,16,1,4,3,0,6,0,3,24
U008286,11,1,2,1,1,5,1,1,14
U008287,7,0,8,6,0,5,3,2,23
U008288,16,7,11,3,0,8,0,2,31
U008289,9,0,7,3,1,4,1,1,13
U008290,11,2,5,4,2,4,1,2,19
U008291,20,4,10,3,0,6,0,2,28
U008292,12,2,4,4,0,9,0,2,26
U008293,6,0,7,2,3,6,1,1,10
U008294,14,4,8,4,1,6,4,2,26
U008295,11,1,2,4,0,3,3,1,19
U008296,11,0,2,4,0,4,1,1,16
U008297,6,0,0,2,3,3,0,1,9
U008298,18,5,5,4,1,7,1,1,14
U008299,15,2,4,1,0,7,2,1,24
U008300,18,0,11,2,1,9,1,2,28
U008301,17,1,4,1,0,0,2,2,14
U008302,13,1,3,5,0,3,4,0,19
U008303,7,0,3,4,0,4,3,0,15
U008304,24,0,3,4,0,6,1,2,24
U008305,5,0,2,1,1,3,0,0,6
U008306,17,3,6,4,0,7,1,0,26
U008307,8,0,5,5,0,1,4,1,18
U008308,7,1,4,2,1,4,0,2,13
U008309,8,0,7,2,0,7,1,0,22
U008310,18,3,10,1,0,3,2,0,32
U008311,16,5,11,5,0,14,1,0,26
U008312,16,6,9,3,0,7,2,1,22
U008313,21,2,6,3,0,8,4,0,18
U008314,10,1,3,4,1,4,1,0,18
U008315,13,3,7,3,0,7,4,1,25
U008316,11,1,3,2,1,4,1,0,10
U008317,11,1,6,2,0,9,1,0,12
U008318,16,1,6,1,2,7,3,0,11
U008319,11,3,8,2,0,5,1,0,17
U008320,8,0,3,1,0,4,2,3,12
U008321,12,3,8,3,0,7,0,0,23
U008322,13,0,6,5,1,3,2,2,13
U008323,18,3,8,2,0,3,1,1,27
U008324,16,6,9,4,0,8,3,1,32
U008325,12,2,11,3,0,4,2,1,21
U008326,9,2,6,3,1,7,0,0,15
U008327,9,2,10,2,1,6,1,0,22
U008328,17,3,5,2,0,8,3,0,17
U008329,5,1,3,2,3,5,3,1,10
U008330,9,5,12,3,0,12,3,0,26
U008331,13,0,5,0,0,9,0,3,21
U008332,6,0,5,5,1,6,1,1,15
U008333,11,4,7,1,0,4,2,0,23
U008334,12,5,5,4,1,6,1,4,22
U008335,20,1,7,0,7,4,4,1,21
U008336,8,0,7,3,0,5,2,3,14
U008337,9,4,9,1,0,7,1,0,24
U008338,13,1,4,5,1,8,0,0,14
U008339,11,1,3,0,1,5,1,0,16
U008340,17,0,3,8,0,6,1,0,17
U008341,18,5,13,5,0,4,3,0,30
U008342,18,3,4,7,1,6,2,0,25
U008343,13,1,8,0,2,7,2,1,29
U008344,9,0,7,7,0,5,1,0,16
U008345,12,4,8,1,0,9,1,0,20
U008346,17,4,8,4,0,13,4,2,34
U008347,6,2,3,1,2,1,0,1,8
U008348,19,2,4,1,0,4,1,0,11
U008349,19,6,11,6,0,6,2,0,40
U008350,11,8,5,2,1,5,0,2,15
U008351,16,3,4,7,0,4,3,2,19
U008352,6,0,5,1,0,6,1,0,19
U008353,8,4,10,5,0,8,3,1,24
U008354,11,1,5,4,0,2,2,2,22
U008355,10,2,4,2,8,6,0,0,23
U008356,21,3,10,8,0,4,4,1,23
U008357,11,3,10,3,0,12,0,0,23
U008358,20,5,8,3,0,8,1,1,33
U008359,12,1,6,4,0,5,3,2,19
U008360,3,1,3,3,5,3,0,0,8
U008361,12,2,3,4,1,3,1,1,15
U008362,20,4,8,4,1,7,1,1,22
U008363,6,0,5,2,1,3,2,1,6
U008364,12,2,7,5,8,2,1,1,16
U008365,10,0,8,5,0,5,1,1,21
U008366,10,0,7,2,0,5,0,0,14
U008367,17,4,8,5,0,5,1,1,30
U008368,15,3,5,3,0,8,3,3,24
U008369,14,3,4,5,0,7,2,1,20
U008370,11,2,0,3,5,5,0,0,18
U008371,15,3,8,5,0,10,1,3,22
U008372,12,1,5,2,0,5,0,0,21
U008373,11,0,9,2,0,10,0,0,17
U008374,9,3,4,1,1,11,4,0,26
U008375,16,2,5,4,4,11,2,0,16
U008376,6,2,6,1,1,7,1,1,7
U008377,7,1,5,2,0,5,0,4,25
U008378,21,6,4,3,2,6,1,1,24
U008379,15,3,9,7,2,6,1,0,24
U008380,17,3,5,2,1,6,2,2,17
U008381,14,4,9,8,0,8,0,1,36
U008382,13,1,4,1,0,1,1,0,19
U008383,16,3,5,1,1,9,2,2,17
U008384,16,0,3,4,1,4,1,1,19
U008385,16,2,2,3,0,15,1,1,19
U008386,6,1,5,2,3,4,0,0,14
U008387,8,2,6,4,2,6,2,1,20
U008388,19,5,10,12,0,7,1,1,23
U008389,11,0,4,1,2,1,0,2,7
U008390,9,2,11,1,0,11,1,2,16
U008391,10,5,5,1,0,7,0,0,19
U008392,16,2,6,2,0,3,0,0,15
U008393,16,5,7,2,0,6,0,1,20
U008394,17,4,5,2,0,11,0,2,35
U008395,14,7,3,2,1,3,0,1,27
U008396,14,1,9,4,0,1,0,0,18
U008397,12,3,3,4,0,8,3,0,18
U008398,7,0,1,2,2,7,0,1,19
U008399,6,3,4,3,1,6,0,1,19
U008400,13,5,3,6,0,5,2,1,18
U008401,15,3,3,3,3,4,3,1,24
U008402,5,0,2,1,4,5,0,2,17
U008403,18,1,4,3,0,5,1,3,29
U008404,9,1,4,1,1,6,1,0,12
U008405,18,3,6,2,1,5,2,1,21
U008406,11,3,4,1,1,2,0,2,23
U008407,13,7,4,2,2,4,1,3,12
U008408,15,1,5,2,0,5,1,0,17
U008409,14,3,11,2,0,6,3,3,25
U008410,12,1,5,5,0,7,2,2,38
U008411,4,1,4,5,0,1,0,0,12
U008412,17,6,5,7,0,4,3,0,27
U008413,10,5,8,3,0,2,4,0,11
U008414,13,0,3,1,0,10,0,1,21
U008415,16,1,5,2,0,3,0,0,13
U008416,16,2,7,3,1,11,3,0,19
U008417,18,0,10,2,1,6,0,1,21
U008418,19,6,3,4,0,6,2,0,18
U008419,18,4,7,5,0,6,1,2,20
U008420,17,5,9,3,1,6,1,2,27
U008421,10,4,6,1,0,5,0,1,20
U008422,16,2,8,7,2,5,2,0,22
U008423,15,6,8,4,0,10,0,3,27
U008424,19,1,4,0,1,6,3,0,29
U008425,8,1,6,2,0,8,0,0,15
U008426,20,3,10,5,0,9,0,1,17
U008427,8,1,0,4,2,4,1,1,12
U008428,10,4,6,7,0,7,3,2,14
U008429,13,1,6,1,0,3,1,1,22
U008430,16,2,1,6,0,2,2,1,22
U008431,17,4,8,5,1,4,0,2,18
U008432,13,1,5,2,0,1,1,0,14
U008433,9,0,4,3,0,3,1,2,23
U008434,5,0,6,2,0,1,1,2,9
U008435,16,0,5,3,0,5,1,1,15
U008436,16,1,5,6,1,4,2,0,20
U008437,15,2,3,2,0,4,2,3,13
U008438,12,5,9,5,1,5,0,2,14
U008439,13,0,3,1,2,3,1,0,13
U008440,8,2,5,5,0,4,3,1,14
U008441,8,0,3,1,0,0,0,1,16
U008442,5,0,2,0,2,2,0,1,12
U008443,20,1,4,2,0,2,0,4,19
U008444,13,0,8,4,1,10,0,2,20
U008445,18,1,6,2,0,8,2,0,23
U008446,13,2,7,2,5,7,2,2,16
U008447,14,2,6,2,0,8,3,1,15
U008448,9,5,4,2,2,10,3,3,26
U008449,9,0,2,2,4,2,1,3,9
U008450,8,3,13,0,0,5,1,1,25
U008451,12,2,4,1,0,4,1,1,25
U008452,15,2,5,6,1,5,1,2,8
U008453,16,2,5,6,0,8,1,0,21
U008454,4,2,6,3,4,2,2,0,21
U008455,13,4,6,5,1,8,0,1,19
U008456,14,0,5,1,0,8,0,0,25
U008457,9,0,4,2,0,7,0,1,8
U008458,15,3,9,5,1,10,1,2,22
U008459,12,1,6,2,0,6,4,1,19
U008460,8,3,3,2,2,4,1,1,13
U008461,12,0,6,4,0,6,1,2,22
U008462,10,1,6,4,1,5,2,4,20
U008463,14,2,5,1,0,7,3,0,25
U008464,18,3,7,4,1,5,0,1,18
U008465,19,5,4,5,0,8,1,0,17
U008466,13,6,17,3,0,3,0,0,22
U008467,20,4,8,1,0,4,1,1,24
U008468,15,2,6,8,1,7,1,1,27
U008469,20,4,5,3,0,4,0,1,21
U008470,8,1,7,2,0,6,2,0,18
U008471,12,3,3,3,1,8,1,0,15
U008472,14,2,3,2,0,7,1,0,21
U008473,17,6,11,4,5,11,1,1,23
U008474,13,1,2,0,3,3,0,2,12
U008475,13,2,6,1,0,4,1,1,20
U008476,13,2,5,4,1,9,1,1,23
U008477,11,1,3,2,0,7,3,0,19
U008478,7,3,4,2,0,4,1,2,15
U008479,18,0,2,6,0,4,1,3,24
U008480,10,1,5,4,0,5,0,1,26
U008481,16,0,4,2,0,3,1,1,10
U008482,17,1,8,3,1,5,1,2,28
U008483,11,0,6,3,1,2,0,1,20
U008484,17,3,7,3,0,5,2,0,21
U008485,16,0,4,2,1,2,0,0,19
U008486,8,3,7,3,0,7,0,0,25
U008487,10,4,7,7,1,3,3,1,17
U008488,16,2,5,2,1,3,0,0,24
U008489,13,2,6,1,1,5,1,2,11
U008490,15,2,8,3,2,3,1,0,20
U008491,5,0,3,4,4,3,0,0,13
U008492,8,2,5,3,1,5,0,0,22
U008493,12,0,2,3,0,5,0,2,19
U008494,17,0,5,2,1,3,0,2,20
U008495,9,3,8,5,0,4,0,0,28
U008496,12,1,4,3,3,5,1,0,15
U008497,7,0,5,2,0,2,0,0,5
U008498,9,5,11,3,0,9,1,1,23
U008499,11,5,6,4,1,7,2,1,16
U008500,15,5,2,3,0,4,2,0,23
U008501,10,0,3,2,1,3,0,0,17
U008502,12,1,4,5,0,3,1,0,23
U008503,14,1,9,4,0,4,0,1,33
U008504,8,3,3,1,0,9,2,0,22
U008505,11,2,10,3,1,10,0,0,25
U008506,6,0,2,0,2,2,0,2,10
U008507,8,1,4,1,0,7,1,0,21
U008508,15,1,6,3,1,5,0,0,19
U008509,5,2,11,2,5,5,0,0,21
U008510,14,2,10,2,0,9,0,3,28
U008511,10,2,7,8,0,10,1,0,26
U008512,17,1,4,6,3,2,0,3,21
U008513,11,2,10,1,0,8,1,1,22
U008514,19,1,12,3,0,6,1,2,24
U008515,13,0,7,4,0,7,3,2,24
U008516,17,4,11,6,1,8,4,1,33
U008517,13,0,6,2,0,8,0,0,20
U008518,15,0,7,4,0,4,0,0,24
U008519,15,6,8,5,0,8,2,0,36
U008520,22,3,5,2,0,9,2,2,34
U008521,21,2,2,5,0,4,3,1,21
U008522,7,0,2,2,7,7,0,0,11
U008523,21,3,7,0,0,9,2,2,20
U008524,15,0,8,4,0,4,0,0,12
U008525,14,2,4,3,0,3,1,1,11
U008526,14,3,4,2,0,6,1,0,16
U008527,13,0,3,4,0,4,0,0,20
U008528,12,4,7,2,3,5,1,0,18
U008529,22,1,10,7,0,7,1,2,28
U008530,17,3,5,3,0,6,1,0,11
U008531,11,0,1,2,0,5,0,2,13
U008532,20,3,8,2,1,6,1,1,26
U008533,14,5,7,6,0,6,1,3,23
U008534,15,6,6,9,0,6,1,1,29
U008535,13,1,2,3,0,3,1,1,19
U008536,8,2,2,3,3,2,1,3,22
U008537,11,2,5,4,1,6,1,0,14
U008538,11,2,5,2,0,5,1,0,28
U008539,10,0,5,3,0,3,1,1,22
U008540,8,0,1,1,4,3,1,0,16
U008541,5,2,7,4,0,5,0,2,14
U008542,13,1,6,3,1,6,2,0,18
U008543,13,0,8,2,0,9,1,2,19
U008544,11,2,2,0,0,6,0,2,25
U008545,6,0,8,3,0,8,0,1,12
U008546,16,2,3,4,0,6,1,2,19
U008547,10,0,4,1,0,7,1,1,13
U008548,25,3,6,3,1,8,2,2,27
U008549,6,0,8,2,3,5,0,1,11
U008550,7,1,3,4,0,5,1,0,15
U008551,13,1,4,4,0,3,1,2,18
U008552,11,0,5,5,0,4,0,0,13
U008553,4,0,4,4,1,1,2,1,16
U008554,14,0,5,2,6,2,0,0,6
U008555,6,2,4,5,0,2,2,2,21
U008556,14,1,4,5,0,1,0,0,20
U008557,22,3,7,2,2,6,2,1,29
U008558,7,2,4,6,2,2,0,0,16
U008559,12,2,7,3,0,6,0,1,13
U008560,13,4,7,4,0,7,2,0,22
U008561,11,2,8,6,0,8,2,0,22
U008562,9,3,3,3,0,10,2,0,17
U008563,22,6,6,3,0,3,2,0,26
U008564,13,3,9,4,1,9,2,0,27
U008565,8,6,4,3,2,7,1,0,21
U008566,12,0,1,3,0,4,0,0,17
U008567,12,0,11,3,0,3,0,1,19
U008568,12,4,9,5,0,4,1,0,26
U008569,19,0,7,5,1,9,1,0,23
U008570,13,3,3,2,1,5,0,2,21
U008571,10,0,4,3,0,4,2,1,18
U008572,10,0,6,3,1,3,0,1,30
U008573,19,3,9,5,0,10,2,0,31
U008574,5,3,2,2,4,3,0,2,14
U008575,12,4,7,5,0,8,1,2,20
U008576,17,2,6,2,0,10,1,0,32
U008577,12,0,4,1,1,2,0,1,19
U008578,10,1,5,3,0,2,0,0,22
U008579,14,4,6,3,1,11,1,1,22
U008580,9,4,5,4,0,0,3,0,22
U008581,13,0,3,5,1,2,0,2,17
U008582,12,2,3,5,1,11,2,1,20
U008583,8,1,5,1,0,4,0,2,18
U008584,21,2,8,6,0,9,2,0,22
U008585,13,4,6,3,1,9,3,0,29
U008586,13,0,8,7,1,6,1,0,25
U008587,10,0,6,2,0,4,0,2,14
U008588,21,5,7,2,0,7,3,1,26
U008589,18,4,5,5,0,10,2,1,23
U008590,12,4,8,5,1,6,2,0,26
U008591,19,2,4,5,0,6,1,0,23
U008592,12,5,2,1,0,8,1,0,17
U008593,23,3,7,3,0,6,1,1,32
U008594,19,2,3,6,1,7,1,0,21
U008595,3,0,4,0,1,3,0,1,14
U008596,12,4,6,0,1,5,1,0,23
U008597,7,2,5,6,2,4,2,1,25
U008598,12,2,6,1,0,6,1,2,28
U008599,18,0,6,3,0,5,1,0,10
U008600,13,1,6,3,1,1,2,1,20
U008601,10,2,5,3,0,3,1,1,20
U008602,13,0,3,1,1,8,0,1,16
U008603,19,5,3,3,1,6,1,1,28
U008604,8,1,4,3,1,4,2,0,14
U008605,15,4,4,3,0,10,0,2,31
U008606,14,3,5,4,0,7,2,2,19
U008607,12,1,5,7,0,1,1,1,22
U008608,25,2,6,2,0,5,2,2,18
U008609,14,5,8,6,0,7,3,1,27
U008610,12,1,7,2,0,6,2,0,17
U008611,6,3,7,5,1,4,2,1,15
U008612,15,2,9,6,0,6,2,2,29
U008613,5,2,5,3,0,7,0,0,19
U008614,20,2,5,4,0,4,1,2,19
U008615,8,0,1,1,4,3,0,1,10
U008616,10,2,4,0,4,4,0,0,24
U008617,7,1,2,2,1,2,2,1,9
U008618,11,0,2,5,0,10,0,1,25
U008619,13,2,5,2,0,5,2,0,12
U008620,11,3,0,1,0,7,0,2,13
U008621,8,0,4,4,3,4,0,2,7
U008622,11,0,3,0,0,5,1,0,21
U008623,7,0,7,3,0,6,1,2,20
U008624,23,5,9,1,0,8,3,0,25
U008625,12,7,8,2,6,3,4,3,28
U008626,6,1,4,2,0,5,3,0,25
U008627,12,2,7,3,2,2,1,1,13
U008628,13,3,5,11,0,4,1,0,30
U008629,9,3,9,2,0,3,2,4,19
U008630,16,5,5,2,2,6,0,2,18
U008631,18,7,9,3,0,1,4,0,15
U008632,16,0,8,5,0,9,2,2,15
U008633,12,0,1,4,0,9,1,1,10
U008634,12,2,7,3,0,5,3,0,28
U008635,14,1,7,4,0,7,3,1,20
U008636,9,2,7,2,2,6,1,2,11
U008637,10,2,8,2,1,4,3,2,21
U008638,8,8,11,5,0,6,3,0,20
U008639,10,3,7,1,1,5,1,1,28
U008640,13,4,9,4,0,8,1,1,22
U008641,16,2,8,1,1,5,1,4,29
U008642,16,1,3,2,0,6,3,2,14
U008643,8,6,8,3,0,3,1,0,19
U008644,11,3,7,2,0,4,0,1,12
U008645,15,5,5,6,2,7,2,0,12
U008646,19,6,4,3,1,6,0,4,29
U008647,11,2,7,0,0,6,2,1,15
U008648,10,0,4,2,0,5,1,0,17
U008649,11,2,6,1,1,5,2,1,18
U008650,15,2,5,4,1,6,3,1,24
U008651,9,4,4,2,1,3,0,3,28
U008652,9,3,6,5,6,5,2,1,26
U008653,14,3,7,1,0,7,1,0,29
U008654,13,2,6,4,1,5,2,1,35
U008655,16,4,2,3,0,6,1,1,27
U008656,12,2,6,2,1,6,1,0,15
U008657,18,0,5,2,0,5,2,2,17
U008658,14,7,9,4,0,6,1,0,26
U008659,15,3,7,4,0,10,1,1,19
U008660,3,0,0,1,4,1,1,1,8
U008661,15,0,3,3,2,5,0,0,25
U008662,11,0,7,0,1,2,0,1,18
U008663,14,5,8,1,1,3,2,1,26
U008664,11,0,4,5,2,9,0,0,29
U008665,6,5,5,2,4,9,1,0,26
U008666,20,5,9,7,0,9,0,1,25
U008667,14,2,8,5,0,3,3,0,30
U008668,7,1,3,2,1,3,1,1,16
U008669,13,1,6,1,1,5,4,1,27
U008670,8,1,5,4,0,3,2,0,22
U008671,14,1,6,2,1,3,0,2,22
U008672,7,0,6,2,3,5,2,0,15
U008673,22,5,9,6,0,5,2,1,21
U008674,6,2,4,2,0,4,0,2,17
U008675,8,0,2,1,3,2,0,1,14
U008676,13,4,9,2,5,2,0,1,20
U008677,12,0,3,4,1,10,4,1,25
U008678,9,0,4,3,0,5,1,0,16
U008679,4,1,7,3,3,2,2,1,13
U008680,12,1,4,2,1,5,0,1,23
U008681,7,2,4,3,2,3,3,1,18
U008682,17,6,4,6,0,10,2,1,20
U008683,15,6,11,4,0,5,0,2,19
U008684,18,1,9,4,0,3,0,3,32
U008685,5,2,4,2,2,5,2,1,13
U008686,18,2,6,4,0,5,1,2,17
U008687,21,5,8,4,0,6,2,0,28
U008688,15,0,2,3,0,4,2,2,20
U008689,17,0,5,4,0,9,0,0,20
U008690,14,2,6,4,0,5,1,2,19
U008691,24,5,14,6,0,9,1,1,30
U008692,17,7,14,4,1,9,2,0,37
U008693,14,5,4,2,1,4,0,0,29
U008694,12,4,6,4,1,9,3,1,27
U008695,6,1,5,1,2,8,2,2,10
U008696,9,0,3,3,2,4,0,1,14
U008697,12,2,4,3,3,7,1,0,16
U008698,10,6,1,1,6,2,1,1,19
U008699,6,2,4,3,1,4,1,0,14
U008700,12,4,6,2,1,10,2,3,21
U008701,13,1,8,2,6,1,5,0,31
U008702,11,0,1,2,0,2,0,1,12
U008703,12,2,7,3,4,4,1,1,24
U008704,13,0,6,5,1,6,0,1,16
U008705,12,1,1,3,3,0,1,1,13
U008706,12,0,8,4,4,2,0,1,18
U008707,26,3,6,4,0,5,1,1,24
U008708,13,1,7,2,0,3,3,1,20
U008709,19,2,6,4,0,8,0,0,27
U008710,21,3,4,4,0,4,0,2,28
U008711,12,1,8,0,0,5,1,0,17
U008712,20,4,6,3,2,6,3,0,29
U008713,16,1,4,5,1,5,2,2,23
U008714,11,7,6,4,0,6,2,1,26
U008715,7,0,8,1,0,4,0,0,13
U008716,8,1,4,2,2,5,0,0,19
U008717,8,5,4,3,0,8,1,1,14
U008718,5,2,6,1,0,4,0,1,19
U008719,16,0,5,2,1,8,0,2,18
U008720,8,0,5,3,3,5,3,2,18
U008721,14,0,7,3,1,5,1,2,19
U008722,7,1,5,1,4,3,0,1,17
U008723,13,2,4,1,0,5,3,1,17
U008724,23,8,9,6,0,5,5,1,30
U008725,17,3,8,1,4,5,0,2,13
U008726,18,3,11,1,0,8,2,2,25
U008727,16,2,8,3,0,7,1,0,18
U008728,5,5,6,2,1,3,3,3,20
U008729,10,0,4,4,1,6,1,1,19
U008730,15,3,7,2,0,4,1,1,11
U008731,15,3,7,3,0,8,1,1,21
U008732,17,1,4,1,0,6,1,2,23
U008733,9,1,3,3,1,4,1,1,7
U008734,18,8,6,0,0,7,2,1,29
U008735,10,2,3,1,3,4,1,1,12
U008736,15,3,5,1,0,6,3,4,23
U008737,13,0,4,2,0,9,2,0,10
U008738,9,0,2,2,1,4,3,0,22
U008739,11,2,10,1,2,10,1,0,24
U008740,17,5,12,4,0,5,1,2,14
U008741,17,4,11,2,0,12,2,1,25
U008742,11,5,7,1,0,11,1,3,38
U008743,11,4,7,4,0,11,4,0,32
U008744,19,1,5,3,0,6,3,0,22
U008745,13,2,2,7,0,7,1,1,15
U008746,12,1,6,2,2,4,2,2,23
U008747,9,1,4,4,1,7,1,0,17
U008748,17,1,7,3,1,3,1,0,17
U008749,7,4,2,2,3,3,1,4,6
U008750,22,6,10,10,0,8,1,1,37
U008751,18,4,6,3,1,8,2,2,29
U008752,13,2,5,3,0,6,0,2,18
U008753,9,2,4,5,6,4,0,1,12
U008754,9,0,6,5,0,5,0,0,21
U008755,9,1,4,2,0,4,1,1,12
U008756,10,1,3,2,2,4,0,0,16
U008757,20,4,6,5,0,11,0,0,11
U008758,8,3,6,1,1,8,0,0,10
U008759,16,3,9,2,1,7,1,0,20
U008760,14,2,7,2,0,9,0,0,14
U008761,6,1,6,2,0,6,2,1,22
U008762,16,6,12,5,2,3,1,0,32
U008763,18,2,8,1,0,9,3,1,30
U008764,6,1,5,3,1,5,2,0,9
U008765,19,5,10,1,0,6,2,0,29
U008766,11,6,5,3,0,9,1,0,21
U008767,28,2,6,5,0,14,1,0,29
U008768,10,1,5,6,0,11,1,0,24
U008769,21,6,9,1,1,9,1,1,20
U008770,15,4,10,1,4,7,1,0,16
U008771,9,4,1,7,5,3,1,0,12
U008772,20,2,7,5,0,4,1,1,32
U008773,15,4,9,2,0,6,1,0,20
U008774,15,4,7,4,0,2,3,4,15
U008775,19,5,9,2,0,10,2,2,21
U008776,11,5,6,5,1,4,1,1,28
U008777,27,2,4,5,0,7,1,1,18
U008778,14,1,3,3,1,4,5,3,22
U008779,13,0,3,2,3,1,0,2,9
U008780,10,1,3,1,1,3,2,1,18
U008781,14,5,7,2,7,5,0,0,21
U008782,14,2,10,1,0,9,1,3,25
U008783,18,0,6,1,1,9,0,1,26
U008784,15,2,8,2,0,4,1,0,18
U008785,14,2,9,2,1,4,1,1,24
U008786,7,2,2,2,0,8,4,1,14
U008787,11,6,6,3,1,8,3,1,19
U008788,8,4,7,3,2,6,1,1,18
U008789,12,0,1,2,0,3,0,0,15
U008790,10,2,3,2,0,1,0,0,19
U008791,15,2,3,7,1,3,1,1,16
U008792,12,5,9,2,2,7,3,1,22
U008793,11,1,6,2,0,3,1,1,21
U008794,25,2,11,6,0,6,1,0,19
U008795,14,2,13,3,1,7,1,1,24
U008796,13,2,4,3,0,3,1,2,15
U008797,15,0,8,3,0,10,0,1,22
U008798,14,2,3,6,0,6,0,0,22
U008799,8,0,6,3,0,6,0,0,14
U008800,9,2,2,0,0,9,1,2,9
U008801,12,0,6,5,4,3,2,1,19
U008802,12,0,6,6,9,11,1,1,24
U008803,9,0,3,6,1,3,0,2,14
U008804,13,4,6,2,0,3,3,1,27
U008805,18,6,6,2,0,6,1,1,30
U008806,9,3,4,3,1,3,0,0,19
U008807,16,1,7,1,0,4,1,0,17
U008808,14,6,6,6,1,10,0,0,24
U008809,18,0,5,1,0,3,0,1,21
U008810,23,2,4,3,5,5,2,1,14
U008811,14,6,8,6,0,5,2,2,27
U008812,17,0,5,2,0,1,1,1,25
U008813,17,2,8,2,0,8,2,5,22
U008814,22,4,8,10,7,4,0,0,27
U008815,15,2,7,4,0,6,0,0,18
U008816,13,1,11,3,0,7,2,0,33
U008817,8,0,3,1,0,1,1,0,13
U008818,14,3,6,5,0,8,1,1,19
U008819,9,1,4,1,5,4,2,2,14
U008820,12,4,5,4,3,3,3,0,22
U008821,22,2,6,1,0,2,3,2,24
U008822,14,2,6,3,0,4,0,0,22
U008823,9,1,3,0,0,4,0,0,16
U008824,23,4,5,1,0,8,2,2,18
U008825,11,1,4,2,1,6,0,1,19
U008826,13,2,4,1,8,8,0,0,9
U008827,16,4,9,5,0,5,1,1,24
U008828,20,5,4,1,0,3,3,2,23
U008829,6,0,3,0,3,3,1,1,10
U008830,9,3,3,5,2,7,2,0,22
U008831,20,3,3,5,1,9,1,1,18
U008832,9,1,5,1,0,4,2,1,22
U008833,22,3,8,5,1,14,0,2,25
U008834,20,3,6,0,0,9,2,2,21
U008835,16,1,13,2,0,2,2,3,26
U008836,11,4,9,2,0,8,2,1,27
U008837,10,1,1,0,3,4,2,1,5
U008838,10,1,4,4,1,5,2,1,20
U008839,7,2,7,1,1,3,2,1,10
U008840,13,4,6,0,0,5,0,1,20
U008841,9,4,3,4,0,0,3,1,24
U008842,17,4,3,2,0,6,1,1,25
U008843,14,1,5,0,6,6,0,0,14
U008844,17,3,6,2,0,3,1,1,29
U008845,18,0,6,4,0,1,2,1,16
U008846,10,1,3,1,4,3,1,1,14
U008847,21,5,8,5,0,8,4,0,29
U008848,10,2,6,5,1,5,1,3,15
U008849,6,1,4,7,0,2,0,2,16
U008850,13,10,5,5,1,12,1,0,23
U008851,12,1,7,1,0,7,2,1,18
U008852,13,5,5,2,0,3,1,3,28
U008853,13,2,1,2,3,8,0,1,20
U008854,9,5,3,4,3,5,0,0,23
U008855,9,1,4,3,0,10,3,2,14
U008856,10,1,5,3,1,2,0,1,20
U008857,11,1,3,3,0,8,1,0,19
U008858,15,7,9,4,0,6,2,0,37
U008859,18,4,6,4,1,9,2,0,28
U008860,16,4,7,2,0,7,2,0,21
U008861,14,0,4,1,1,9,3,1,16
U008862,14,3,2,4,7,7,1,2,21
U008863,11,5,4,4,0,8,0,1,21
U008864,10,0,5,2,1,3,1,1,19
U008865,9,0,5,1,2,3,0,2,17
U008866,5,4,8,3,2,2,0,0,17
U008867,17,6,12,9,0,6,1,3,25
U008868,10,0,3,3,1,8,1,2,15
U008869,15,1,3,2,0,9,1,2,26
U008870,17,3,4,0,5,5,1,0,10
U008871,13,0,4,1,0,5,0,1,18
U008872,17,6,7,1,1,6,1,1,13
U008873,15,3,6,5,1,7,2,1,25
U008874,5,1,5,3,0,4,1,0,21
U008875,13,0,5,5,0,2,1,0,27
U008876,8,0,0,2,1,4,0,0,9
U008877,16,1,3,5,0,11,0,1,30
U008878,7,0,5,4,0,5,3,2,13
U008879,14,0,5,3,0,6,1,0,15
U008880,12,2,5,5,0,9,3,1,24
U008881,15,1,8,3,0,6,5,2,27
U008882,9,3,3,6,0,2,1,2,15
U008883,15,1,5,7,1,9,1,2,31
U008884,16,7,9,1,0,9,1,1,22
U008885,15,1,3,3,0,7,2,1,19
U008886,13,2,5,5,0,1,1,2,17
U008887,11,1,4,4,1,1,1,2,9
U008888,9,0,5,1,0,3,1,0,12
U008889,5,1,3,3,0,5,3,1,14
U008890,12,2,4,2,0,4,1,0,15
U008891,8,3,5,5,0,3,1,1,18
U008892,11,1,4,3,4,2,2,0,8
U008893,11,3,4,1,1,5,2,3,18
U008894,12,8,9,9,0,9,3,2,28
U008895,19,0,4,2,0,5,0,0,19
U008896,21,1,4,4,0,8,2,1,32
U008897,14,0,7,5,1,5,1,0,13
U008898,9,2,5,4,3,1,0,0,18
U008899,11,2,5,1,1,4,3,0,27
U008900,11,0,8,2,4,4,1,0,9
U008901,14,2,7,2,0,2,1,0,26
U008902,11,0,4,4,0,6,1,2,20
U008903,20,8,5,1,2,8,2,1,27
U008904,14,1,4,4,0,3,0,3,15
U008905,13,5,5,5,1,6,2,2,21
U008906,7,1,6,4,0,7,1,1,24
U008907,18,1,4,2,1,6,0,3,16
U008908,8,0,3,2,0,3,1,0,14
U008909,14,10,3,1,0,3,3,2,25
U008910,11,1,7,4,0,5,1,0,20
U008911,18,1,7,3,1,9,1,0,19
U008912,14,3,2,2,5,7,1,2,18
U008913,8,0,4,1,3,2,0,0,11
U008914,8,0,2,1,3,4,1,1,9
U008915,12,2,3,4,1,4,0,1,17
U008916,22,3,17,1,0,9,0,0,22
U008917,18,3,9,2,0,4,0,1,19
U008918,16,0,3,2,0,1,1,3,19
U008919,17,2,5,0,1,8,1,0,32
U008920,12,2,2,6,1,3,0,0,19
U008921,12,1,7,5,0,6,3,1,17
U008922,10,1,10,6,0,1,0,1,26
U008923,12,7,3,4,5,4,2,1,24
U008924,14,4,5,4,0,9,2,1,28
U008925,12,6,11,2,8,7,1,0,28
U008926,14,4,10,3,0,7,0,0,20
U008927,18,2,16,3,2,5,1,2,26
U008928,9,1,9,2,0,5,1,0,17
U008929,13,1,7,2,2,7,2,0,29
U008930,9,1,4,4,1,2,1,0,8
U008931,8,0,1,3,5,0,3,0,13
U008932,15,2,7,1,0,2,1,1,30
U008933,17,6,6,4,1,7,1,0,24
U008934,10,0,4,1,3,1,0,0,13
U008935,20,0,7,5,0,3,2,1,24
U008936,11,3,1,3,0,5,1,2,22
U008937,10,1,2,4,1,4,1,1,18
U008938,3,0,3,2,3,7,1,0,8
U008939,7,1,6,3,0,4,0,1,19
U008940,9,0,6,2,0,2,1,2,16
U008941,5,1,3,1,1,6,1,0,17
U008942,8,0,7,2,1,8,0,0,17
U008943,8,1,9,0,0,5,1,1,18
U008944,16,3,4,4,0,4,2,0,22
U008945,9,0,2,3,1,6,1,0,19
U008946,16,1,9,3,0,11,2,0,30
U008947,7,0,4,2,1,5,2,0,9
U008948,11,2,6,2,0,13,2,0,26
U008949,9,3,4,6,0,7,2,1,21
U008950,18,6,7,3,2,6,1,3,22
U008951,12,5,9,6,0,9,2,0,38
U008952,18,2,10,3,0,8,0,2,27
U008953,10,6,3,1,5,5,2,2,17
U008954,13,1,2,0,0,6,1,1,25
U008955,11,0,2,0,2,2,0,1,10
U008956,13,5,9,6,1,4,1,0,29
U008957,16,0,1,1,2,3,0,1,11
U008958,8,0,7,0,0,3,0,0,13
U008959,8,3,6,2,2,3,0,2,17
U008960,11,0,5,2,1,7,1,1,23
U008961,10,2,5,3,1,5,1,2,13
U008962,14,1,6,4,1,5,1,1,9
U008963,22,6,6,2,0,5,0,1,28
U008964,12,3,4,2,1,6,0,0,11
U008965,11,4,6,3,0,5,1,1,26
U008966,11,1,6,4,0,6,0,0,29
U008967,11,6,11,5,1,18,1,0,29
U008968,17,2,4,1,5,0,1,2,22
U008969,8,0,9,0,0,5,0,2,15
U008970,15,0,0,4,0,5,0,1,16
U008971,15,0,3,1,0,5,3,0,14
U008972,7,2,5,5,5,5,1,0,6
U008973,15,4,6,0,4,5,1,0,13
U008974,16,1,2,4,0,6,2,1,10
U008975,19,2,7,4,5,5,0,1,34
U008976,17,3,12,2,2,9,1,0,22
U008977,13,1,6,1,0,6,0,0,28
U008978,10,0,5,1,4,1,0,0,13
U008979,14,4,8,2,0,6,0,0,25
U008980,13,1,6,3,0,9,1,0,12
U008981,6,1,4,3,0,3,1,2,19
U008982,13,1,2,6,0,3,0,1,21
U008983,11,4,7,2,1,4,0,1,26
U008984,14,6,6,1,0,6,2,1,22
U008985,4,0,1,4,5,2,0,0,10
U008986,15,5,9,3,1,5,1,0,13
U008987,15,2,6,4,2,2,0,2,16
U008988,12,3,6,6,3,9,2,0,18
U008989,12,1,2,1,0,4,0,0,15
U008990,11,5,3,5,0,9,3,0,12
U008991,12,1,7,0,0,2,1,3,18
U008992,12,2,3,4,0,3,2,1,24
U008993,12,3,4,2,1,4,1,0,35
U008994,17,1,5,7,0,14,3,3,27
U008995,10,0,10,2,1,5,2,1,15
U008996,15,6,11,2,0,8,0,4,26
U008997,14,3,4,2,0,3,0,2,19
U008998,11,1,4,4,0,8,2,0,17
U008999,16,5,6,1,0,9,0,2,26
U009000,8,1,3,5,0,5,1,1,22
U009001,12,2,2,2,0,3,1,1,14
U009002,11,4,7,2,1,4,0,2,20
U009003,18,1,2,3,1,5,1,0,12
U009004,15,4,5,3,1,10,2,2,29
U009005,10,0,6,3,0,3,3,1,17
U009006,21,0,2,5,1,3,1,2,12
U009007,19,2,12,7,0,12,0,1,30
U009008,19,5,5,6,0,6,0,3,25
U009009,14,3,5,2,0,6,1,2,22
U009010,15,4,8,0,0,3,1,0,13
U009011,20,4,9,4,2,7,3,0,16
U009012,7,0,6,4,1,4,2,1,19
U009013,19,4,6,5,0,14,0,2,28
U009014,16,1,8,3,1,7,1,0,18
U009015,11,0,7,2,0,4,2,1,23
U009016,12,3,5,4,0,5,2,0,22
U009017,8,1,4,1,2,2,0,3,12
U009018,8,0,0,2,0,5,1,0,11
U009019,6,0,4,4,1,3,1,0,4
U009020,13,0,3,3,0,8,1,0,13
U009021,12,3,7,2,0,7,0,2,24
U009022,6,0,2,2,2,2,0,1,10
U009023,12,0,9,4,0,8,0,0,16
U009024,10,0,2,0,1,5,2,1,13
U009025,8,1,6,2,1,2,0,2,18
U009026,5,1,2,4,4,1,0,1,18
U009027,15,3,4,1,0,5,1,3,28
U009028,10,4,8,6,0,10,5,2,18
U009029,17,3,12,2,1,7,0,2,36
U009030,15,3,6,7,0,6,0,0,30
U009031,10,3,5,1,0,6,0,0,31
U009032,7,0,3,3,1,1,0,1,16
U009033,18,3,6,5,0,10,2,1,22
U009034,15,4,10,3,0,4,1,2,20
U009035,14,5,7,3,2,8,2,0,24
U009036,12,0,6,6,0,1,0,2,26
U009037,10,1,2,2,0,4,2,2,14
U009038,17,1,9,4,0,3,1,0,17
U009039,14,1,5,1,0,3,2,0,20
U009040,15,0,3,1,0,6,0,1,13
U009041,12,0,3,1,2,4,1,0,18
U009042,9,1,3,1,0,4,1,0,19
U009043,11,0,2,0,1,1,1,0,13
U009044,12,2,5,3,1,6,0,1,13
U009045,19,2,8,2,0,6,5,1,19
U009046,12,1,5,3,2,5,1,0,14
U009047,17,4,7,4,0,6,1,0,29
U009048,10,3,10,2,0,6,1,2,14
U009049,12,1,3,1,2,1,0,0,20
U009050,10,1,3,0,3,4,0,0,16
U009051,17,0,4,2,1,5,0,2,11
U009052,16,3,8,2,0,7,0,2,21
U009053,8,3,3,3,0,7,2,1,21
U009054,5,4,9,4,0,7,0,2,20
U009055,9,2,6,5,0,2,0,1,22
U009056,10,4,6,2,0,4,2,1,12
U009057,15,2,2,2,0,4,1,0,5
U009058,15,1,6,2,1,7,0,2,25
U009059,15,7,5,0,1,8,2,0,20
U009060,19,3,5,4,0,11,1,0,24
U009061,18,1,10,1,1,7,4,1,24
U009062,10,1,5,2,1,2,1,1,16
U009063,19,2,11,4,0,4,0,4,15
U009064,8,2,6,1,0,7,1,0,6
U009065,5,2,6,4,7,5,0,1,24
U009066,11,5,8,4,0,5,0,0,23
U009067,13,0,3,1,0,2,4,0,18
U009068,12,1,4,1,1,6,0,1,21
U009069,13,0,5,5,1,4,2,1,19
U009070,11,0,5,0,1,5,0,2,10
U009071,19,1,8,5,0,14,2,1,30
U009072,18,4,8,3,0,10,2,1,16
U009073,8,0,4,0,5,1,2,0,11
U009074,16,3,5,6,0,7,2,3,26
U009075,17,0,4,0,2,3,0,0,10
U009076,23,6,9,7,0,5,2,0,34
U009077,12,0,3,6,0,4,1,2,26
U009078,12,0,3,1,0,2,0,3,13
U009079,7,1,3,1,0,6,1,1,16
U009080,16,0,3,2,0,7,1,0,17
U009081,8,0,4,0,5,2,0,0,16
U009082,20,8,8,4,2,6,2,0,22
U009083,19,3,7,3,0,8,0,0,16
U009084,18,2,6,2,0,6,4,2,24
U009085,14,1,6,1,2,5,0,0,18
U009086,11,1,5,6,0,5,2,1,18
U009087,9,0,3,2,0,6,1,0,7
U009088,4,0,1,0,0,8,0,0,21
U009089,22,2,5,6,0,6,4,0,21
U009090,18,2,3,3,0,5,1,1,24
U009091,12,2,3,3,0,5,0,0,17
U009092,6,0,3,2,0,5,1,0,5
U009093,9,0,2,3,4,2,0,1,11
U009094,17,6,5,4,0,6,3,4,23
U009095,12,3,6,4,1,7,3,0,22
U009096,11,0,3,4,1,4,3,1,18
U009097,6,2,4,1,3,3,1,0,19
U009098,14,3,6,6,1,9,1,1,23
U009099,16,1,8,3,0,4,0,0,17
U009100,9,3,8,3,5,2,1,0,15
U009101,11,3,11,2,0,7,1,1,25
U009102,10,3,2,0,5,8,2,1,20
U009103,5,1,7,2,2,2,1,2,12
U009104,14,1,11,5,2,10,2,1,18
U009105,13,1,10,3,0,5,1,0,18
U009106,9,5,5,1,1,8,3,2,24
U009107,17,4,7,3,0,7,3,0,17
U009108,17,5,4,2,0,1,0,0,18
U009109,13,0,3,2,9,3,1,0,19
U009110,13,2,8,1,0,3,0,1,23
U009111,13,1,7,0,3,9,2,0,17
U009112,14,6,2,3,6,2,1,0,24
U009113,26,2,9,9,5,5,0,1,26
U009114,15,7,6,2,0,4,0,1,22
U009115,17,4,7,2,0,9,2,3,26
U009116,9,2,12,2,1,9,2,1,22
U009117,10,4,5,5,0,4,0,0,17
U009118,20,5,6,2,0,6,5,1,16
U009119,10,5,7,3,0,12,0,0,23
U009120,9,2,4,3,0,4,1,1,23
U009121,14,0,3,1,0,3,2,0,20
U009122,15,4,5,6,0,8,1,1,23
U009123,13,1,3,3,1,5,0,1,27
U009124,12,2,3,2,0,6,3,0,16
U009125,19,2,8,2,2,6,0,2,14
U009126,14,2,10,5,0,4,3,1,21
U009127,7,1,4,3,3,7,1,0,18
U009128,10,0,6,4,5,3,0,0,16
U009129,6,2,7,2,1,7,0,1,18
U009130,19,7,6,1,0,5,2,3,32
U009131,11,1,4,3,3,4,1,0,10
U009132,13,0,3,1,1,4,3,0,14
U009133,14,2,7,2,1,5,1,1,19
U009134,18,2,6,2,0,7,2,1,16
U009135,15,5,6,2,0,9,1,0,17
U009136,13,4,2,3,0,5,1,2,19
U009137,12,1,1,1,6,3,4,0,18
U009138,9,2,4,3,0,3,1,0,11
U009139,11,4,9,3,5,8,0,2,20
U009140,17,3,6,5,1,2,2,2,24
U009141,10,0,6,5,0,5,1,1,24
U009142,9,2,8,2,0,5,0,1,22
U009143,18,3,9,3,4,6,3,0,25
U009144,11,6,9,3,0,3,2,0,21
U009145,13,3,9,7,0,4,1,1,24
U009146,11,2,9,2,1,3,0,1,17
U009147,27,2,8,3,1,8,2,0,26
U009148,9,2,3,3,0,6,0,1,19
U009149,8,4,5,2,0,10,1,0,19
U009150,10,1,2,3,0,11,2,1,18
U009151,11,0,3,2,1,4,1,1,16
U009152,11,2,6,6,1,5,1,1,25
U009153,11,4,3,4,1,10,1,1,22
U009154,8,1,3,2,0,3,2,0,39
U009155,21,5,8,3,0,11,0,4,14
U009156,14,4,5,3,3,8,4,0,19
U009157,15,4,9,3,1,9,3,2,17
U009158,25,3,8,6,0,11,3,4,36
U009159,15,6,5,3,0,6,2,0,26
U009160,11,0,7,3,0,2,2,0,17
U009161,7,0,1,0,2,2,0,1,16
U009162,11,1,2,5,0,2,0,1,15
U009163,5,4,7,3,0,5,1,2,35
U009164,14,3,6,2,0,0,2,2,20
U009165,12,1,6,4,1,6,2,1,16
U009166,9,1,6,5,0,10,1,0,14
U009167,15,5,7,4,1,9,1,0,29
U009168,9,1,0,2,3,2,0,1,10
U009169,2,2,1,1,1,4,0,1,10
U009170,10,2,7,2,0,5,0,1,27
U009171,15,0,6,2,0,9,0,0,17
U009172,12,5,11,3,0,8,2,2,34
U009173,14,2,6,2,0,5,1,0,21
U009174,15,4,6,1,0,4,0,1,21
U009175,12,1,6,2,0,2,2,1,17
U009176,10,0,5,4,1,4,2,1,13
U009177,7,3,8,5,2,5,1,2,25
U009178,9,0,2,3,0,5,1,0,16
U009179,12,2,5,2,0,1,1,2,19
U009180,11,0,4,1,1,4,0,1,16
U009181,18,4,5,2,0,6,1,0,22
U009182,18,3,6,2,0,9,1,0,17
U009183,9,3,1,2,0,7,2,1,21
U009184,10,4,8,2,7,2,0,0,13
U009185,5,2,6,0,0,9,0,0,26
U009186,6,0,4,3,0,6,3,1,22
U009187,8,2,5,1,0,5,2,3,20
U009188,4,0,3,0,5,5,1,0,8
U009189,9,3,6,3,6,5,1,1,18
U009190,6,1,3,2,6,3,0,0,16
U009191,13,3,6,3,0,3,0,0,19
U009192,17,5,12,5,1,7,1,0,24
U009193,21,1,12,4,0,9,0,3,31
U009194,19,1,3,6,0,4,1,0,16
U009195,13,3,3,2,0,7,0,2,22
U009196,23,3,7,2,0,7,2,1,30
U009197,11,0,5,0,0,3,1,1,26
U009198,6,1,1,2,3,3,1,0,8
U009199,13,2,5,5,0,3,1,2,24
U009200,18,5,7,4,0,4,3,0,21
U009201,17,3,6,2,1,3,2,1,14
U009202,15,5,12,1,0,5,0,0,36
U009203,12,5,9,2,0,4,1,0,24
U009204,19,1,7,4,0,5,2,0,15
U009205,13,1,8,3,1,5,1,3,28
U009206,13,1,1,4,1,5,2,1,18
U009207,17,4,5,5,1,4,3,1,29
U009208,13,0,3,6,1,3,0,1,20
U009209,16,4,7,4,0,6,0,1,23
U009210,10,4,7,4,2,4,1,1,23
U009211,10,4,8,5,0,4,1,1,18
U009212,13,3,6,5,1,6,3,0,24
U009213,20,8,5,5,2,6,1,1,24
U009214,17,9,10,0,0,4,2,0,16
U009215,17,1,9,2,0,11,0,1,26
U009216,14,1,10,4,1,4,4,1,35
U009217,11,2,2,1,0,9,2,0,26
U009218,11,4,6,4,4,9,1,1,22
U009219,21,4,5,2,0,12,2,1,31
U009220,15,3,8,4,0,5,2,4,22
U009221,21,4,7,0,0,5,3,1,35
U009222,14,5,9,0,0,10,2,0,27
U009223,18,8,6,3,0,8,3,0,29
U009224,15,0,1,5,4,7,1,0,26
U009225,16,1,7,0,0,2,0,2,27
U009226,14,0,2,6,0,3,0,2,22
U009227,7,1,9,0,0,6,3,1,18
U009228,13,1,5,3,0,3,1,2,9
U009229,11,1,6,0,0,3,1,0,16
U009230,12,0,5,1,0,4,0,0,12
U009231,10,1,5,1,3,5,0,0,15
U009232,6,0,9,1,0,3,2,1,15
U009233,11,2,7,2,2,3,1,1,14
U009234,11,1,6,2,0,4,1,1,14
U009235,15,0,5,3,0,7,2,1,13
U009236,10,2,3,3,0,3,1,0,17
U009237,12,0,7,0,0,4,1,2,9
U009238,12,1,7,2,0,7,1,1,13
U009239,9,0,3,2,0,3,0,1,20
U009240,12,1,7,5,1,3,1,3,9
U009241,15,1,6,7,0,4,1,1,20
U009242,7,3,5,5,4,7,2,0,20
U009243,15,4,6,6,2,6,2,2,24
U009244,11,2,13,5,0,3,1,2,26
U009245,23,0,6,4,1,4,1,0,16
U009246,12,0,4,2,1,6,1,2,14
U009247,5,0,4,3,3,5,0,1,10
U009248,6,0,2,2,0,6,2,1,12
U009249,19,2,5,3,1,12,3,1,27
U009250,20,5,3,3,0,3,1,3,18
U009251,16,4,5,4,0,3,1,0,24
U009252,22,0,4,2,1,6,0,2,13
U009253,8,2,2,3,0,5,0,0,12
U009254,16,0,7,3,0,3,2,1,11
U009255,15,1,4,1,1,4,2,0,13
U009256,12,0,5,2,0,5,1,1,28
U009257,11,0,3,2,3,4,0,0,11
U009258,18,4,8,0,3,2,2,1,23
U009259,13,1,3,0,3,3,1,1,19
U009260,18,4,10,3,1,6,0,0,27
U009261,5,3,5,1,0,8,1,2,27
U009262,19,4,6,6,0,11,1,0,27
U009263,17,4,5,4,0,4,2,2,32
U009264,6,0,1,4,0,2,1,0,17
U009265,5,0,7,1,3,5,0,0,15
U009266,9,2,1,1,4,5,0,0,19
U009267,13,2,7,7,1,9,1,0,26
U009268,9,0,7,1,1,6,1,1,18
U009269,15,4,3,0,0,6,0,3,26
U009270,9,0,2,3,0,4,1,1,17
U009271,5,1,1,0,4,4,1,1,15
U009272,18,4,10,6,0,4,1,2,28
U009273,13,5,10,1,3,3,2,0,14
U009274,15,1,4,1,1,2,1,1,10
U009275,14,1,4,3,0,4,0,1,17
U009276,17,3,8,2,0,8,4,3,19
U009277,14,2,4,3,0,3,1,3,19
U009278,12,2,5,2,2,4,1,0,22
U009279,7,0,1,3,1,2,1,0,9
U009280,5,1,1,0,1,2,2,0,9
U009281,25,5,8,6,0,8,2,1,34
U009282,12,1,4,3,0,5,4,1,20
U009283,11,1,5,0,1,3,1,3,11
U009284,9,1,4,0,2,5,1,0,8
U009285,14,1,5,2,1,7,2,0,19
U009286,14,4,4,2,2,11,2,0,22
U009287,9,1,4,4,0,2,0,4,14
U009288,11,0,3,2,0,4,2,1,24
U009289,8,1,10,4,0,3,1,0,10
U009290,11,1,10,5,0,6,1,0,24
U009291,8,1,3,3,0,5,0,2,12
U009292,13,1,4,4,0,6,1,1,25
U009293,18,7,9,3,1,9,1,2,23
U009294,10,3,5,1,2,4,0,1,10
U009295,11,5,3,6,0,7,0,1,25
U009296,14,1,3,1,0,5,1,1,22
U009297,7,2,6,3,0,8,2,0,19
U009298,12,1,1,3,0,1,0,0,12
U009299,17,1,9,4,0,7,1,2,30
U009300,15,2,4,2,1,5,1,0,22
U009301,11,5,7,7,1,10,2,2,27
U009302,10,2,5,2,0,7,1,0,17
U009303,17,1,7,4,0,3,1,2,19
U009304,14,0,3,4,0,5,0,2,14
U009305,13,1,5,3,1,8,2,0,22
U009306,7,1,2,1,0,5,0,0,19
U009307,15,0,4,3,0,5,1,1,17
U009308,10,4,8,5,0,4,4,1,16
U009309,9,2,6,2,1,1,2,0,18
U009310,14,0,3,6,1,7,0,0,13
U009311,20,6,12,4,0,8,0,1,21
U009312,9,5,6,2,0,4,0,0,19
U009313,6,0,4,2,3,3,1,1,9
U009314,17,2,2,2,4,9,0,1,13
U009315,11,1,3,3,0,1,2,0,16
U009316,9,1,2,1,3,3,2,0,16
U009317,21,1,7,3,2,3,4,2,32
U009318,10,3,2,5,0,4,2,3,16
U009319,16,3,6,2,3,6,0,1,19
U009320,15,3,7,1,0,10,5,0,21
U009321,14,3,4,3,0,5,0,0,11
U009322,12,2,5,4,1,4,0,0,23
U009323,16,0,9,2,0,4,4,1,16
U009324,14,1,8,6,0,4,2,1,13
U009325,12,1,6,4,6,9,3,0,19
U009326,17,5,5,1,0,1,2,1,14
U009327,9,0,5,3,2,3,0,0,15
U009328,12,0,5,3,0,7,2,0,14
U009329,16,0,5,1,0,4,2,1,15
U009330,8,1,7,4,1,8,0,2,20
U009331,14,0,6,2,0,6,1,1,19
U009332,9,2,2,5,0,3,1,1,30
U009333,9,2,3,5,0,4,2,1,23
U009334,6,2,3,0,3,4,4,2,21
U009335,6,5,6,8,0,4,1,1,26
U009336,8,0,5,4,0,6,1,2,18
U009337,9,1,4,2,1,2,1,1,12
U009338,15,5,9,2,1,5,0,3,24
U009339,14,6,9,4,0,6,5,1,25
U009340,13,0,2,0,1,5,0,0,13
U009341,6,2,5,3,1,2,1,1,15
U009342,9,5,5,3,0,11,3,3,20
U009343,12,1,3,0,0,6,0,1,12
U009344,14,2,4,1,0,4,0,0,13
U009345,11,0,6,1,0,9,0,1,23
U009346,12,1,3,1,0,5,1,1,16
U009347,22,7,4,5,0,3,0,1,20
U009348,17,0,5,3,1,6,1,0,20
U009349,19,7,10,0,0,5,1,1,23
U009350,15,0,6,3,0,6,0,0,18
U009351,11,0,2,2,3,6,1,0,25
U009352,14,4,3,5,0,2,1,1,19
U009353,14,3,3,2,0,2,2,1,19
U009354,9,3,6,5,2,7,1,0,25
U009355,19,3,9,5,0,5,0,0,32
U009356,11,3,6,5,0,8,0,0,14
U009357,16,3,6,4,1,3,0,0,14
U009358,19,2,6,0,1,1,1,0,22
U009359,13,0,1,1,4,5,1,0,7
U009360,15,1,5,2,1,5,2,0,18
U009361,9,0,3,2,2,8,1,1,23
U009362,17,3,8,4,0,5,1,1,22
U009363,11,0,11,1,0,7,3,1,16
U009364,19,3,13,2,0,4,1,0,19
U009365,15,3,5,1,0,6,1,1,28
U009366,12,1,4,4,1,2,1,0,18
U009367,8,4,5,3,0,7,0,1,24
U009368,13,1,7,5,1,7,3,1,24
U009369,12,7,7,8,0,3,0,1,20
U009370,17,1,6,5,0,5,0,1,32
U009371,12,3,2,1,0,5,2,0,26
U009372,17,5,4,2,0,5,3,0,24
U009373,7,0,3,4,3,1,2,0,19
U009374,17,2,6,4,0,8,0,2,20
U009375,12,2,10,2,1,4,3,1,15
U009376,16,3,7,3,0,5,3,0,27
U009377,18,1,8,4,1,3,3,3,21
U009378,24,1,6,5,0,7,1,2,29
U009379,9,1,6,1,0,5,1,0,17
U009380,13,2,9,7,1,4,2,1,14
U009381,10,2,8,2,1,6,6,0,32
U009382,13,0,7,0,2,6,1,0,25
U009383,6,1,7,3,1,5,2,0,18
U009384,12,1,0,3,0,8,2,1,17
U009385,15,3,4,3,0,7,0,0,27
U009386,7,0,5,5,1,4,0,1,17
U009387,15,6,6,2,1,6,2,2,28
U009388,11,0,1,0,0,5,0,0,19
U009389,11,1,3,2,0,4,0,0,14
U009390,10,7,9,6,0,4,1,0,21
U009391,12,1,1,1,4,1,1,0,16
U009392,15,1,7,5,3,6,1,4,13
U009393,7,0,2,1,1,3,1,0,9
U009394,16,2,4,2,0,3,1,0,27
U009395,15,0,6,0,2,3,0,0,22
U009396,19,1,7,3,1,6,2,2,10
U009397,14,2,3,5,0,3,3,0,10
U009398,9,3,3,1,0,11,1,0,28
U009399,16,1,5,3,0,3,1,1,18
U009400,16,6,8,5,0,4,2,1,31
U009401,15,2,5,6,0,10,2,2,16
U009402,5,0,3,4,4,2,0,1,8
U009403,19,3,7,2,1,5,0,4,22
U009404,9,2,5,2,2,6,0,0,15
U009405,13,1,1,2,0,6,0,1,18
U009406,21,2,10,4,0,8,2,1,32
U009407,7,1,3,1,0,0,1,0,23
U009408,10,2,4,3,2,3,1,2,15
U009409,8,0,1,3,1,4,1,0,21
U009410,15,4,4,2,0,5,2,4,24
U009411,18,3,6,7,0,7,1,0,31
U009412,12,1,4,2,2,3,2,0,12
U009413,8,0,3,2,6,3,1,1,12
U009414,12,4,8,2,1,6,0,1,29
U009415,17,0,3,6,0,7,1,0,18
U009416,12,3,7,2,1,6,3,2,24
U009417,17,5,4,1,0,9,3,1,21
U009418,18,5,7,2,0,4,2,1,25
U009419,11,4,4,3,0,5,2,2,23
U009420,16,2,9,2,0,7,2,0,20
U009421,9,0,8,4,1,3,2,0,11
U009422,15,4,5,4,0,5,1,2,19
U009423,13,0,6,2,0,4,0,1,20
U009424,15,3,6,2,0,6,0,1,21
U009425,13,0,7,4,0,13,1,1,23
U009426,9,6,8,2,0,5,2,1,26
U009427,13,4,11,2,0,7,2,0,23
U009428,4,0,2,1,2,9,0,0,9
U009429,23,5,9,4,0,10,3,2,26
U009430,14,1,5,6,0,5,1,1,18
U009431,5,0,6,2,2,6,2,0,17
U009432,14,2,4,5,1,3,3,2,16
U009433,19,3,6,5,0,4,3,1,34
U009434,10,2,4,5,3,2,1,0,16
U009435,17,2,7,3,0,3,1,1,21
U009436,12,2,7,4,1,6,1,1,10
U009437,10,0,3,1,1,4,1,2,8
U009438,8,0,6,3,0,5,1,1,16
U009439,10,1,5,4,5,7,0,0,18
U009440,18,4,4,3,0,6,2,0,22
U009441,13,0,3,2,1,7,1,0,12
U009442,18,3,3,2,0,10,1,2,23
U009443,10,0,7,3,1,7,2,0,18
U009444,14,1,5,1,1,2,1,1,15
U009445,12,5,7,1,0,7,1,1,18
U009446,16,6,9,4,0,3,2,0,13
U009447,18,3,2,2,1,5,1,1,20
U009448,15,0,9,1,1,6,0,0,19
U009449,22,4,8,6,0,7,2,1,24
U009450,10,1,8,2,0,3,3,1,17
U009451,12,3,4,2,2,7,1,1,19
U009452,11,2,3,3,2,3,2,1,17
U009453,10,6,6,4,2,14,3,1,24
U009454,7,2,1,2,1,2,1,0,19
U009455,10,0,6,3,0,2,1,2,15
U009456,7,5,7,2,1,5,3,1,18
U009457,13,1,7,3,0,5,0,0,21
U009458,7,1,4,3,1,3,0,2,15
U009459,12,0,5,7,0,2,2,3,13
U009460,11,0,5,1,2,2,0,0,26
U009461,10,1,2,4,0,4,0,0,14
U009462,15,0,6,0,1,5,1,1,21
U009463,13,4,6,5,4,8,4,1,19
U009464,14,1,7,0,0,4,1,2,19
U009465,9,4,2,5,0,2,0,4,15
U009466,19,3,4,3,0,5,2,1,24
U009467,11,0,5,3,0,5,0,2,17
U009468,17,6,12,4,1,7,2,1,27
U009469,16,2,7,3,0,8,0,1,25
U009470,13,2,7,5,3,4,1,1,11
U009471,11,5,12,4,3,4,3,0,32
U009472,7,0,5,2,0,3,4,2,22
U009473,17,3,10,3,0,7,1,1,23
U009474,5,0,3,3,0,4,1,1,11
U009475,15,1,7,5,0,4,0,0,17
U009476,5,2,3,1,0,3,0,2,8
U009477,14,2,4,4,1,8,1,0,27
U009478,12,1,2,4,0,3,1,0,20
U009479,15,3,5,3,0,8,1,0,22
U009480,12,1,5,6,0,11,1,0,32
U009481,20,4,9,2,0,8,2,2,17
U009482,16,8,9,5,1,6,2,0,16
U009483,9,0,7,2,2,1,2,0,16
U009484,13,0,5,2,0,3,1,1,14
U009485,14,1,6,4,0,3,1,1,19
U009486,11,4,3,4,0,4,0,1,24
U009487,8,3,7,4,0,10,2,1,28
U009488,24,3,4,6,1,6,3,2,23
U009489,19,7,10,3,0,6,0,1,26
U009490,16,2,8,3,3,3,0,0,16
U009491,11,2,6,1,6,11,1,1,12
U009492,13,2,9,2,0,8,3,1,27
U009493,19,1,4,3,1,7,2,2,17
U009494,9,0,4,4,0,1,1,1,13
U009495,12,2,5,2,1,7,2,0,21
U009496,17,3,11,2,0,8,2,1,24
U009497,11,1,3,3,0,4,2,0,9
U009498,6,0,5,1,0,3,0,0,20
U009499,14,1,8,5,0,4,3,1,22
U009500,14,2,7,2,1,4,0,1,13
U009501,15,6,10,4,1,7,0,1,24
U009502,14,8,14,6,0,14,5,1,37
U009503,10,0,3,0,0,4,0,0,24
U009504,8,0,9,6,0,3,1,1,20
U009505,15,4,3,3,0,4,2,0,21
U009506,3,1,3,2,4,4,0,1,16
U009507,12,5,6,7,0,4,1,2,27
U009508,23,2,3,1,0,4,2,2,22
U009509,7,2,8,0,1,6,0,1,12
U009510,21,4,8,3,1,10,3,2,41
U009511,15,4,6,4,8,9,2,0,18
U009512,15,3,5,3,0,7,2,2,20
U009513,22,7,9,6,0,2,0,2,31
U009514,18,3,2,3,2,2,0,0,18
U009515,18,1,4,5,1,7,3,3,19
U009516,11,5,4,3,1,5,1,4,24
U009517,19,2,8,2,2,7,1,2,19
U009518,12,1,5,2,4,2,1,2,17
U009519,13,4,4,3,0,8,3,0,23
U009520,10,0,3,1,0,4,2,3,11
U009521,10,3,1,1,1,7,2,0,10
U009522,14,2,7,5,1,8,1,1,33
U009523,17,7,5,3,1,7,1,2,26
U009524,7,0,5,1,0,2,1,2,13
U009525,16,3,8,4,0,11,0,0,30
U009526,14,2,10,7,0,9,3,1,21
U009527,14,4,5,2,0,7,0,0,16
U009528,9,0,4,1,0,6,1,0,15
U009529,16,4,13,5,0,9,1,1,35
U009530,16,1,10,1,0,4,2,2,26
U009531,15,5,13,3,1,11,3,0,30
U009532,20,1,5,4,1,5,4,1,19
U009533,8,1,5,2,1,4,2,1,30
U009534,10,2,6,3,0,4,1,1,16
U009535,7,2,4,4,3,4,1,1,20
U009536,11,4,5,1,0,4,0,2,18
U009537,19,1,7,4,0,7,3,0,19
U009538,11,0,7,1,0,4,3,0,18
U009539,9,4,9,4,12,3,5,1,33
U009540,15,3,3,5,0,5,2,1,26
U009541,9,0,4,2,0,2,1,1,20
U009542,6,0,6,1,0,4,1,0,16
U009543,8,1,2,2,3,1,2,1,9
U009544,9,0,9,2,1,2,0,0,10
U009545,13,5,1,5,0,9,1,0,22
U009546,11,0,6,2,1,6,1,2,15
U009547,11,4,6,4,0,3,1,0,17
U009548,10,2,2,0,0,8,1,0,21
U009549,18,2,3,3,1,7,1,0,16
U009550,14,0,6,1,1,4,0,1,8
U009551,11,5,5,2,3,6,1,2,34
U009552,14,5,7,2,0,3,2,0,35
U009553,9,6,2,2,4,2,1,2,10
U009554,6,0,5,1,0,8,0,1,16
U009555,17,4,7,2,0,4,0,1,25
U009556,12,5,9,1,0,12,3,1,26
U009557,17,2,6,5,0,10,1,1,31
U009558,17,2,5,2,0,2,2,2,28
U009559,10,0,9,1,1,6,0,1,24
U009560,10,2,3,1,0,5,3,0,18
U009561,9,0,8,0,4,7,0,1,13
U009562,13,4,5,4,6,10,0,0,30
U009563,11,1,4,3,0,2,1,1,15
U009564,14,4,5,4,0,7,3,1,21
U009565,12,0,6,5,0,3,1,2,20
U009566,19,5,7,2,0,9,3,1,36
U009567,15,2,2,1,4,4,0,0,14
U009568,22,0,4,2,0,5,0,2,23
U009569,12,4,3,6,0,4,0,2,35
U009570,20,1,11,4,2,9,5,2,31
U009571,24,2,4,4,3,9,1,2,20
U009572,14,4,8,3,0,5,1,2,13
U009573,13,0,6,3,0,3,0,0,17
U009574,11,1,6,1,1,1,1,0,17
U009575,8,4,8,1,0,6,1,1,26
U009576,5,0,1,1,1,6,0,2,15
U009577,6,4,3,3,6,7,1,1,14
U009578,10,1,3,3,0,3,1,2,13
U009579,6,0,3,1,0,6,2,1,14
U009580,12,0,9,6,0,6,0,2,21
U009581,23,3,6,4,3,5,3,0,21
U009582,17,0,3,2,1,12,0,1,20
U009583,14,3,9,6,2,8,1,2,30
U009584,14,3,10,5,0,7,0,0,33
U009585,16,4,15,1,1,6,3,1,34
U009586,15,4,3,0,0,5,2,0,16
U009587,12,4,6,2,0,9,1,2,25
U009588,5,5,6,3,0,8,0,2,21
U009589,18,2,4,2,0,5,2,1,34
U009590,6,2,4,3,1,11,2,1,23
U009591,7,3,5,1,2,3,0,2,18
U009592,13,1,7,0,1,6,0,0,14
U009593,8,0,7,3,1,6,1,2,16
U009594,12,3,4,3,1,7,3,0,14
U009595,8,0,5,0,6,3,0,1,9
U009596,12,2,11,2,0,2,2,0,22
U009597,14,1,4,1,0,5,0,1,16
U009598,14,1,2,2,0,7,2,2,15
U009599,14,3,3,2,5,6,1,1,11
U009600,10,1,5,1,0,8,0,1,19
U009601,10,4,12,0,8,3,1,1,27
U009602,12,3,4,0,0,5,2,2,13
U009603,10,3,6,2,0,2,1,0,24
U009604,14,3,6,1,0,3,2,3,22
U009605,18,4,6,3,0,13,2,2,34
U009606,13,2,5,4,0,5,0,1,12
U009607,9,0,5,1,5,4,0,2,21
U009608,11,0,7,0,1,2,2,1,10
U009609,18,1,6,3,0,7,2,1,15
U009610,9,3,1,5,1,5,2,2,11
U009611,16,0,4,3,1,6,2,1,20
U009612,14,0,2,3,0,0,1,1,15
U009613,10,2,0,1,3,1,1,2,15
U009614,10,3,7,4,0,7,5,1,24
U009615,12,5,6,4,4,3,1,1,21
U009616,12,2,5,0,0,7,1,0,20
U009617,11,0,3,2,0,6,0,1,15
U009618,13,3,8,3,2,2,2,0,26
U009619,12,0,6,2,0,6,0,0,14
U009620,8,2,7,1,3,6,3,0,26
U009621,20,2,9,3,0,3,1,1,23
U009622,4,1,5,2,1,1,0,0,7
U009623,14,1,3,1,1,3,2,1,7
U009624,6,1,4,2,2,0,2,1,9
U009625,7,1,12,3,0,1,3,1,21
U009626,9,2,3,4,0,8,0,1,24
U009627,4,0,4,0,2,2,2,0,16
U009628,11,2,7,1,2,5,1,3,17
U009629,8,0,1,2,0,2,2,1,12
U009630,10,4,10,3,0,11,1,2,30
U009631,12,5,11,5,2,4,3,2,22
U009632,14,1,5,2,0,2,0,1,13
U009633,14,2,4,2,0,3,1,2,11
U009634,8,0,12,1,1,7,1,0,34
U009635,7,0,0,2,4,3,0,0,10
U009636,12,4,1,4,2,1,1,0,16
U009637,17,6,9,2,0,7,3,2,33
U009638,8,3,8,2,0,6,2,1,31
U009639,10,0,3,1,0,6,2,2,17
U009640,12,2,4,4,0,8,6,0,20
U009641,16,8,9,3,0,7,1,3,16
U009642,13,0,1,2,1,1,1,2,17
U009643,13,3,6,1,0,9,0,2,21
U009644,10,2,5,1,1,8,1,1,24
U009645,14,2,11,3,2,6,1,1,21
U009646,7,1,9,1,1,0,1,1,13
U009647,8,2,2,0,8,2,1,0,19
U009648,17,4,5,2,0,10,0,1,20
U009649,13,2,4,0,2,5,0,1,15
U009650,10,2,5,0,0,1,0,0,19
U009651,19,2,8,4,0,4,2,0,38
U009652,20,5,2,4,1,3,2,1,24
U009653,12,5,3,4,0,9,1,0,22
U009654,10,0,4,1,2,4,1,0,11
U009655,5,0,3,1,3,0,0,0,8
U009656,15,0,4,3,0,5,1,0,22
U009657,15,0,3,4,0,4,3,1,14
U009658,10,5,14,4,0,6,1,0,18
U009659,16,5,7,4,0,2,1,1,8
U009660,20,3,4,3,0,4,2,0,30
U009661,12,2,2,2,0,6,1,0,30
U009662,23,3,3,10,1,7,1,2,39
U009663,25,5,5,6,0,9,3,0,31
U009664,10,2,6,3,0,11,2,0,32
U009665,12,2,3,1,1,8,1,0,21
U009666,20,4,3,0,2,5,3,1,28
U009667,8,2,5,4,0,6,1,0,25
U009668,12,0,5,5,0,8,0,2,26
U009669,2,0,1,1,2,0,1,0,11
U009670,19,5,3,4,1,11,0,0,27
U009671,8,5,3,3,0,8,0,1,20
U009672,15,2,5,6,0,8,3,0,20
U009673,11,6,6,2,0,8,0,0,28
U009674,9,0,5,3,0,4,0,2,12
U009675,16,5,9,9,0,7,1,2,14
U009676,16,3,4,1,0,10,1,0,21
U009677,18,6,5,4,0,4,3,0,28
U009678,13,0,6,3,0,2,1,0,20
U009679,20,0,7,3,2,5,1,0,23
U009680,19,4,10,3,0,6,0,3,24
U009681,11,2,6,1,0,8,2,0,13
U009682,9,1,5,3,0,4,1,2,17
U009683,8,4,8,1,0,7,1,0,21
U009684,12,0,4,1,0,5,4,1,20
U009685,9,1,4,3,1,4,0,1,17
U009686,18,5,7,2,1,4,5,1,34
U009687,19,2,4,1,1,7,2,2,18
U009688,9,2,6,4,0,9,2,1,33
U009689,8,2,4,6,0,5,0,0,15
U009690,12,1,5,4,0,2,2,1,24
U009691,6,0,2,4,0,3,0,1,12
U009692,18,2,4,1,1,5,0,1,12
U009693,24,2,7,8,1,6,1,1,30
U009694,13,5,4,3,1,6,1,1,20
U009695,5,2,9,0,0,7,1,4,22
U009696,4,0,6,1,6,6,0,1,11
U009697,10,2,3,2,1,3,1,2,25
U009698,12,2,7,5,4,3,2,2,26
U009699,11,0,7,5,2,5,3,1,24
U009700,7,1,7,2,1,4,1,2,24
U009701,16,2,6,2,1,5,2,1,22
U009702,12,0,5,5,0,6,0,0,13
U009703,4,3,5,5,0,4,4,2,21
U009704,5,1,1,3,0,1,1,0,20
U009705,11,3,7,4,1,3,0,4,18
U009706,13,0,5,2,0,3,1,1,18
U009707,11,1,3,3,0,3,0,1,24
U009708,8,0,5,1,0,2,1,0,22
U009709,14,1,7,1,1,2,0,1,20
U009710,12,2,8,2,0,5,3,2,18
U009711,10,2,7,3,5,2,1,1,13
U009712,10,2,6,2,1,6,2,2,18
U009713,12,0,2,3,0,5,2,0,14
U009714,13,2,6,2,0,0,1,0,19
U009715,8,1,8,1,0,5,1,3,14
U009716,16,3,3,4,0,8,4,1,18
U009717,11,3,4,1,0,5,0,5,22
U009718,1,0,5,2,0,6,0,1,16
U009719,10,0,2,3,0,1,6,2,19
U009720,13,3,4,0,0,8,2,2,27
U009721,15,4,4,3,1,9,2,0,22
U009722,12,0,3,2,3,3,1,0,10
U009723,7,1,0,4,3,2,0,1,11
U009724,13,1,4,4,0,8,2,1,20
U009725,16,1,3,2,0,7,2,2,16
U009726,7,2,8,3,4,7,2,1,17
U009727,11,6,4,2,0,6,2,1,21
U009728,17,2,8,3,1,2,6,2,26
U009729,17,0,7,2,3,6,2,1,21
U009730,15,3,6,2,0,6,3,0,24
U009731,23,3,10,4,0,7,2,2,28
U009732,14,1,8,2,0,10,3,1,24
U009733,12,2,2,3,0,5,4,0,20
U009734,14,7,7,1,2,4,3,0,16
U009735,13,1,8,6,8,4,2,0,22
U009736,12,3,12,7,0,6,1,4,33
U009737,15,1,2,2,2,4,2,2,15
U009738,6,0,5,2,0,4,0,2,12
U009739,11,1,8,3,1,8,1,2,18
U009740,15,2,9,3,0,7,2,3,23
U009741,12,2,3,1,1,2,0,1,19
U009742,10,2,1,0,2,12,1,0,12
U009743,20,0,6,4,0,0,1,0,17
U009744,12,1,4,6,0,6,1,0,26
U009745,13,3,6,5,3,3,0,0,25
U009746,5,0,6,3,0,0,0,1,17
U009747,16,1,4,1,0,5,1,1,22
U009748,7,1,3,4,0,6,0,1,22
U009749,14,4,12,5,1,8,3,1,23
U009750,7,2,14,4,1,11,1,1,25
U009751,14,2,2,3,1,4,2,0,14
U009752,12,3,5,2,1,6,2,1,24
U009753,9,1,5,0,4,5,0,0,9
U009754,15,2,4,4,0,12,4,0,19
U009755,18,5,10,2,0,5,1,1,33
U009756,19,6,11,2,1,6,2,2,32
U009757,23,5,10,0,0,7,0,0,22
U009758,4,0,4,1,2,3,0,0,13
U009759,11,2,3,1,1,3,0,1,16
U009760,14,1,6,2,0,5,2,0,25
U009761,12,3,3,1,0,7,0,1,27
U009762,13,2,6,1,3,5,2,1,14
U009763,9,1,2,1,4,0,0,1,8
U009764,12,2,6,4,1,6,1,2,15
U009765,15,2,4,1,0,8,1,2,22
U009766,25,5,9,8,0,11,2,0,16
U009767,17,3,12,3,0,8,1,0,21
U009768,15,3,8,6,0,7,2,1,24
U009769,8,1,2,1,0,5,0,0,19
U009770,13,0,10,4,0,10,1,1,23
U009771,12,1,3,2,3,4,0,2,19
U009772,16,2,6,5,0,1,2,0,18
U009773,11,1,7,4,1,3,3,1,18
U009774,12,3,4,4,0,7,2,1,33
U009775,10,1,5,0,2,5,3,0,17
U009776,11,1,5,5,0,6,2,2,24
U009777,6,1,2,1,1,1,0,0,13
U009778,11,1,4,2,0,2,0,1,12
U009779,18,7,8,3,0,3,2,2,28
U009780,16,0,3,0,0,6,1,2,14
U009781,20,2,6,5,0,3,2,0,13
U009782,12,3,7,0,4,4,1,0,17
U009783,9,0,4,3,0,3,1,1,17
U009784,13,1,5,2,3,9,0,3,25
U009785,13,2,4,2,1,4,0,1,26
U009786,16,0,2,2,1,7,3,0,20
U009787,16,4,8,4,0,7,1,0,27
U009788,19,7,7,4,0,8,2,2,37
U009789,25,3,2,2,0,3,1,3,26
U009790,15,5,11,2,1,11,1,1,28
U009791,10,1,7,2,0,2,1,1,22
U009792,16,2,8,3,2,4,5,2,30
U009793,13,4,2,1,3,10,2,1,13
U009794,14,4,10,2,0,2,5,2,25
U009795,10,4,7,1,1,6,1,3,22
U009796,15,0,7,1,0,7,1,0,17
U009797,10,2,3,5,0,12,2,1,16
U009798,17,4,11,9,1,9,1,0,35
U009799,11,0,4,2,0,4,0,1,21
U009800,5,1,4,2,0,7,2,0,14
U009801,9,1,5,1,0,4,0,1,25
U009802,22,2,5,2,1,6,3,3,19
U009803,6,3,6,2,5,8,2,2,16
U009804,15,2,4,1,0,6,1,2,27
U009805,15,3,4,3,0,4,1,2,24
U009806,11,2,4,2,0,2,2,0,12
U009807,14,2,6,1,1,3,5,0,17
U009808,6,0,1,0,4,6,1,0,12
U009809,18,2,3,8,0,3,0,0,15
U009810,6,0,1,0,3,2,1,0,17
U009811,11,0,1,5,4,0,1,0,12
U009812,13,3,2,1,0,9,1,2,21
U009813,18,8,6,8,0,8,1,1,26
U009814,14,3,5,3,0,3,1,1,22
U009815,13,0,7,3,0,4,1,0,12
U009816,11,0,3,4,1,3,0,0,18
U009817,17,2,7,2,0,6,3,2,24
U009818,12,0,5,4,0,7,0,1,20
U009819,9,2,3,4,0,10,0,1,15
U009820,14,3,7,1,2,4,1,0,26
U009821,9,1,8,3,1,4,0,1,24
U009822,18,3,4,5,1,3,1,3,23
U009823,22,3,7,2,0,3,0,1,19
U009824,12,1,3,4,0,9,2,1,21
U009825,8,0,5,3,0,6,0,0,19
U009826,12,6,7,4,0,12,1,1,28
U009827,18,2,10,2,0,11,0,2,33
U009828,18,2,7,3,0,4,1,0,28
U009829,13,2,4,3,2,2,0,0,16
U009830,6,1,12,2,0,9,1,1,14
U009831,13,5,4,4,0,8,2,1,25
U009832,8,0,3,2,3,1,2,0,12
U009833,13,1,6,2,1,9,1,1,25
U009834,21,2,7,8,3,9,0,2,25
U009835,10,3,7,5,0,9,0,1,25
U009836,19,0,1,1,0,7,0,0,13
U009837,12,0,5,1,0,7,1,1,23
U009838,8,5,8,3,7,10,0,1,18
U009839,10,1,4,4,0,2,0,1,18
U009840,5,1,5,1,1,2,1,0,16
U009841,18,4,5,2,0,6,1,1,21
U009842,15,4,7,3,0,6,2,0,33
U009843,8,1,3,1,6,6,0,1,18
U009844,8,4,5,2,0,6,0,2,17
U009845,13,2,5,5,0,7,0,0,21
U009846,10,0,6,4,1,4,3,1,18
U009847,16,2,3,2,0,2,1,0,30
U009848,16,1,5,2,1,4,2,1,14
U009849,14,0,4,2,1,11,1,2,16
U009850,12,4,7,2,0,7,3,1,11
U009851,14,3,8,9,1,11,1,1,18
U009852,8,3,8,2,0,8,2,3,24
U009853,15,5,6,4,1,6,1,1,31
U009854,18,4,6,6,2,6,1,1,19
U009855,5,1,6,1,0,3,0,0,8
U009856,8,4,6,4,4,4,1,0,12
U009857,15,3,16,3,1,6,2,0,26
U009858,14,5,4,3,0,3,3,1,30
U009859,19,5,7,3,1,8,1,1,24
U009860,22,4,4,7,0,5,1,1,30
U009861,12,0,3,0,2,4,0,3,18
U009862,9,1,5,1,1,4,1,1,14
U009863,13,3,7,5,0,7,2,1,24
U009864,16,3,7,2,2,4,0,0,20
U009865,21,5,8,4,4,4,1,2,14
U009866,13,1,5,2,6,6,0,1,14
U009867,15,0,4,2,0,9,0,0,21
U009868,17,1,5,1,0,8,3,0,14
U009869,6,1,4,5,0,4,2,1,20
U009870,6,1,1,5,0,6,1,2,19
U009871,8,5,3,2,1,5,0,2,12
U009872,13,2,6,4,0,7,0,0,20
U009873,12,1,8,3,0,5,2,2,29
U009874,9,0,6,2,5,3,1,0,23
U009875,13,4,7,2,0,6,2,4,17
U009876,9,0,5,1,0,3,0,1,13
U009877,11,0,2,1,4,2,0,1,9
U009878,11,0,9,0,1,4,2,1,13
U009879,13,1,9,2,2,3,0,2,20
U009880,17,1,6,4,0,8,2,0,24
U009881,15,2,4,4,1,6,0,3,14
U009882,19,3,7,9,0,9,0,0,18
U009883,26,3,8,2,0,8,0,3,34
U009884,6,0,2,3,2,4,1,1,13
U009885,9,0,3,2,2,6,2,0,15
U009886,20,0,6,2,0,5,0,2,15
U009887,16,7,8,5,0,6,3,0,34
U009888,11,5,8,3,0,3,2,0,22
U009889,8,0,10,5,1,10,0,0,17
U009890,16,1,5,1,0,2,1,2,14
U009891,14,3,8,3,0,3,1,1,29
U009892,17,2,9,3,0,5,2,0,18
U009893,17,2,8,3,0,9,1,0,15
U009894,18,5,7,4,0,6,1,1,33
U009895,10,1,9,2,0,4,2,2,20
U009896,22,1,5,3,0,3,0,0,17
U009897,9,0,3,4,0,6,2,0,16
U009898,12,0,6,1,0,5,1,1,15
U009899,18,5,1,1,0,6,1,1,20
U009900,8,3,8,0,0,5,0,2,29
U009901,21,1,4,1,1,4,0,0,21
U009902,18,2,8,5,0,6,1,2,19
U009903,12,2,4,4,1,3,3,2,21
U009904,11,2,3,5,0,8,2,1,33
U009905,11,0,5,4,1,8,0,0,22
U009906,18,2,7,5,0,2,0,1,29
U009907,7,1,4,1,0,6,1,0,13
U009908,15,5,4,3,0,4,1,0,38
U009909,10,1,6,4,1,4,1,2,16
U009910,15,4,9,3,2,6,3,0,30
U009911,12,2,5,5,3,4,4,1,20
U009912,8,3,5,2,9,7,4,0,16
U009913,13,9,6,2,0,6,0,2,11
U009914,20,7,8,5,1,9,1,2,29
U009915,14,3,7,5,0,7,0,0,22
U009916,9,0,2,4,0,4,1,2,19
U009917,23,3,10,4,1,5,2,0,33
U009918,16,2,5,5,2,10,3,1,17
U009919,22,1,4,0,1,5,2,1,14
U009920,11,1,4,3,0,5,0,2,20
U009921,12,3,9,3,0,8,0,3,17
U009922,13,4,7,6,1,7,0,1,27
U009923,15,4,5,4,1,7,1,3,22
U009924,7,2,5,4,0,2,0,0,20
U009925,15,1,10,2,1,7,1,0,24
U009926,13,3,9,2,1,8,1,1,22
U009927,9,1,3,1,1,2,3,0,13
U009928,9,3,5,1,0,3,2,1,23
U009929,13,2,6,4,0,3,0,1,20
U009930,16,0,4,2,0,6,0,0,17
U009931,12,0,9,0,1,6,1,1,17
U009932,7,1,2,0,2,8,2,1,19
U009933,19,4,8,0,0,7,1,4,33
U009934,24,1,9,4,0,9,0,1,29
U009935,14,4,11,3,1,10,1,1,26
U009936,14,4,1,6,0,7,3,2,23
U009937,11,0,2,2,0,9,1,2,21
U009938,17,4,6,2,1,10,1,2,26
U009939,7,0,0,2,4,2,0,0,5
U009940,8,2,7,2,1,3,0,1,13
U009941,13,5,7,3,5,7,2,2,14
U009942,15,2,13,6,1,6,1,1,25
U009943,10,0,0,1,0,3,1,2,19
U009944,9,1,3,1,3,3,0,0,12
U009945,8,1,5,2,0,6,0,2,15
U009946,5,5,6,5,0,7,0,0,20
U009947,14,0,6,2,0,3,1,1,14
U009948,13,2,8,3,2,4,1,2,28
U009949,10,2,2,1,3,3,1,1,18
U009950,3,2,1,2,1,5,0,1,19
U009951,6,5,2,4,0,7,1,1,12
U009952,13,0,1,2,3,3,0,0,10
U009953,11,0,7,2,0,3,3,1,17
U009954,9,0,5,3,2,5,0,0,12
U009955,13,2,4,3,0,7,0,0,20
U009956,9,3,7,3,8,6,1,0,16
U009957,16,4,4,3,1,3,1,2,26
U009958,12,2,4,1,1,0,2,0,12
U009959,6,0,6,3,0,4,1,2,11
U009960,10,0,7,0,0,4,6,2,20
U009961,12,3,7,3,0,8,1,3,24
U009962,9,1,4,3,0,7,0,2,20
U009963,21,4,7,5,1,5,1,2,34
U009964,11,3,4,6,0,3,0,0,27
U009965,6,1,9,1,3,6,0,1,20
U009966,16,4,8,3,0,6,1,0,18
U009967,13,0,3,3,2,3,2,0,22
U009968,9,1,4,2,1,6,1,2,21
U009969,14,1,9,5,0,3,0,0,20
U009970,12,1,2,5,0,7,0,2,21
U009971,10,1,5,1,0,5,2,0,14
U009972,11,0,5,0,1,2,1,0,23
U009973,8,2,6,4,0,6,0,3,19
U009974,14,4,7,2,1,6,0,1,19
U009975,10,0,3,1,1,5,0,0,17
U009976,9,1,2,1,1,4,1,0,8
U009977,18,2,10,4,0,5,1,2,27
U009978,7,2,1,3,0,11,3,1,23
U009979,10,4,7,3,0,2,1,0,32
U009980,10,4,8,6,0,15,1,0,26
U009981,12,1,5,5,0,2,0,2,29
U009982,9,0,6,1,0,7,0,0,14
U009983,11,3,2,1,4,6,0,0,18
U009984,12,0,4,1,1,3,1,1,19
U009985,12,3,3,1,0,1,1,2,14
U009986,15,5,8,10,1,6,4,0,35
U009987,12,5,5,4,0,8,0,2,20
U009988,9,1,7,0,1,5,2,2,9
U009989,9,0,0,2,0,4,0,2,12
U009990,11,4,6,4,1,7,2,0,25
U009991,10,1,6,2,0,6,3,1,22
U009992,12,0,2,1,0,5,1,0,13
U009993,16,4,4,0,0,4,2,1,23
U009994,21,3,7,3,0,10,1,0,27
U009995,12,3,4,5,5,10,1,1,15
U009996,13,2,5,6,0,7,0,3,29
U009997,14,3,6,5,3,7,0,3,19
U009998,9,2,5,2,0,8,3,3,12
U009999,12,1,4,2,0,8,2,2,18
U010000,5,0,4,2,2,2,1,0,5
U010001,12,7,5,3,0,10,1,2,29
U010002,17,7,16,3,0,6,2,3,22
U010003,11,3,5,1,0,6,0,0,25
U010004,24,5,9,4,0,10,2,0,24
U010005,10,0,4,0,2,4,0,0,10
U010006,8,1,3,2,2,6,1,0,25
U010007,12,3,3,5,0,5,1,0,18
U010008,7,0,5,3,6,8,0,0,13
U010009,15,0,3,2,1,8,1,0,22
U010010,12,0,3,2,6,2,0,0,5
U010011,10,4,8,7,0,7,1,1,18
U010012,8,1,8,3,0,4,2,1,18
U010013,16,2,6,6,1,4,6,1,27
U010014,14,1,11,1,2,8,0,0,17
U010015,9,3,3,4,4,2,1,2,18
U010016,17,0,11,3,0,6,0,0,30
U010017,12,3,7,4,2,9,2,3,26
U010018,28,5,3,3,1,12,0,0,26
U010019,14,1,6,4,0,9,3,1,25
U010020,12,4,10,2,0,9,2,1,20
U010021,18,0,9,3,1,6,2,2,25
U010022,15,1,3,0,1,8,1,0,20
U010023,16,4,4,2,7,7,1,0,17
U010024,5,0,3,1,3,2,0,2,15
U010025,19,5,5,6,0,6,0,2,33
U010026,17,2,9,2,0,5,2,2,31
U010027,15,4,5,2,0,7,1,2,23
U010028,18,5,8,2,1,5,3,1,18
U010029,25,2,11,7,1,8,2,0,27
U010030,8,0,6,2,2,3,3,0,9
U010031,17,4,14,5,0,9,1,1,29
U010032,9,1,5,4,0,1,1,0,22
U010033,11,1,5,1,0,5,1,2,20
U010034,10,0,3,3,0,5,0,0,21
U010035,17,2,8,3,0,4,1,3,22
U010036,11,1,7,2,1,6,0,0,21
U010037,21,3,6,5,0,7,2,0,25
U010038,11,3,8,4,0,3,0,0,30
U010039,12,2,7,5,0,8,2,1,20
U010040,11,1,5,0,1,5,1,2,17
U010041,8,0,5,3,0,1,0,0,8
U010042,10,1,6,2,0,7,1,1,19
U010043,9,0,4,2,0,3,5,1,22
U010044,6,0,5,4,0,4,0,1,14
U010045,16,2,8,0,1,7,1,1,29
U010046,16,8,7,4,0,5,4,1,11
U010047,9,4,5,4,0,6,2,2,17
U010048,9,2,5,2,0,6,1,1,18
U010049,19,3,7,2,0,9,1,0,12
U010050,13,2,9,1,1,8,0,1,14
U010051,14,0,8,5,0,5,0,1,25
U010052,9,0,6,2,1,9,2,1,18
U010053,7,2,2,3,4,2,0,0,13
U010054,14,0,5,1,0,4,3,0,18
U010055,10,2,3,2,1,2,0,2,11
U010056,21,4,4,2,1,4,0,1,30
U010057,17,2,4,3,0,3,3,1,25
U010058,8,0,6,3,1,4,1,2,13
U010059,14,2,3,2,1,6,0,3,19
U010060,18,4,8,2,0,5,1,1,18
U010061,6,2,5,3,6,1,0,1,9
U010062,14,6,5,2,0,5,1,0,18
U010063,9,1,0,0,1,2,0,0,15
U010064,15,2,4,8,0,7,3,0,27
U010065,8,1,3,1,0,4,1,2,13
U010066,17,3,7,2,0,3,1,2,16
U010067,18,1,1,3,0,4,0,4,11
U010068,16,1,5,1,1,3,0,3,13
U010069,13,4,9,3,0,5,1,1,15
U010070,14,1,3,1,2,5,0,1,17
U010071,15,1,10,2,2,7,2,0,24
U010072,13,3,7,2,0,6,1,2,19
U010073,11,0,9,2,0,4,1,1,14
U010074,11,5,6,1,2,6,2,1,19
U010075,17,0,3,2,2,7,0,0,20
U010076,13,0,4,1,0,5,1,1,19
U010077,10,4,6,1,1,0,1,0,18
U010078,11,4,5,1,0,8,1,1,23
U010079,12,3,3,2,1,4,0,0,22
U010080,17,3,13,3,1,12,2,3,22
U010081,8,0,6,4,1,4,0,0,20
U010082,13,0,6,3,0,8,3,0,19
U010083,12,4,9,7,0,7,1,1,30
U010084,11,3,3,1,1,5,2,2,16
U010085,12,3,5,3,1,7,1,1,25
U010086,19,4,3,3,0,6,1,2,19
U010087,11,3,6,4,0,7,0,0,16
U010088,8,1,4,3,0,6,1,2,19
U010089,13,3,7,4,0,5,1,2,18
U010090,18,3,7,2,0,5,2,1,32
U010091,15,1,6,0,1,6,2,0,15
U010092,7,3,4,3,0,4,0,1,22
U010093,14,2,10,1,0,6,4,0,14
U010094,12,0,2,5,0,5,1,1,18
U010095,13,2,3,1,2,2,0,2,8
U010096,8,3,2,2,0,7,2,3,25
U010097,11,0,3,3,0,6,2,2,20
U010098,10,1,6,3,1,2,2,0,11
U010099,12,3,6,3,0,9,1,0,14
U010100,9,0,6,0,0,6,0,3,20
U010101,8,0,6,2,0,8,1,1,18
U010102,17,1,6,2,0,4,0,2,17
U010103,16,5,3,3,0,8,0,2,35
U010104,13,1,7,3,1,4,1,1,18
U010105,13,2,9,6,1,8,3,1,24
U010106,9,1,3,0,3,4,1,1,6
U010107,11,0,0,1,2,5,1,0,16
U010108,19,2,10,7,0,6,0,0,20
U010109,17,1,12,1,0,5,2,1,13
U010110,23,2,10,1,0,4,0,0,30
U010111,13,6,6,3,1,9,2,1,18
U010112,12,7,4,7,0,6,0,0,22
U010113,11,2,6,2,1,4,1,3,16
U010114,10,4,10,3,0,10,0,1,23
U010115,9,3,5,3,0,6,3,0,17
U010116,7,1,5,2,6,3,1,0,8
U010117,15,4,5,2,1,2,1,0,11
U010118,16,5,7,1,1,9,1,1,17
U010119,11,2,4,2,0,3,2,0,21
U010120,10,0,3,4,5,7,0,0,16
U010121,11,0,6,3,0,4,0,1,21
U010122,19,3,11,5,1,4,1,2,22
U010123,10,6,4,2,0,1,0,0,16
U010124,18,5,6,1,0,12,1,0,17
U010125,6,1,1,2,1,1,0,0,15
U010126,16,6,7,4,1,3,4,1,28
U010127,15,5,3,2,0,7,1,2,25
U010128,11,0,7,1,0,4,0,1,16
U010129,12,0,5,2,0,4,0,1,15
U010130,13,4,14,8,1,5,0,1,25
U010131,9,0,6,3,1,3,1,1,19
U010132,6,0,7,0,0,3,0,1,13
U010133,13,2,3,4,1,7,1,0,17
U010134,18,4,7,2,1,9,3,3,23
U010135,11,3,5,0,0,7,1,0,11
U010136,10,1,9,3,2,5,3,1,28
U010137,14,1,5,2,0,9,0,0,21
U010138,7,0,2,0,3,6,1,0,12
U010139,17,1,6,1,2,10,1,1,20
U010140,5,1,5,2,1,6,2,2,24
U010141,12,1,7,4,0,5,1,2,16
U010142,17,2,9,4,0,5,1,1,24
U010143,8,2,4,0,1,2,0,2,11
U010144,9,0,4,2,4,2,0,0,11
U010145,10,1,0,2,0,2,1,2,22
U010146,10,1,2,2,0,5,0,0,22
U010147,18,3,6,3,0,2,4,2,25
U010148,16,2,1,1,6,7,2,1,17
U010149,11,5,3,1,0,3,0,1,17
U010150,17,1,5,1,0,3,1,1,13
U010151,24,4,13,1,1,7,5,0,29
U010152,2,1,1,2,3,1,0,0,9
U010153,15,1,3,2,0,4,1,4,13
U010154,13,2,6,4,0,5,1,0,14
U010155,11,0,5,3,0,2,1,2,20
U010156,9,5,2,5,1,9,5,0,16
U010157,13,2,5,3,0,8,2,1,22
U010158,8,3,4,5,0,2,3,2,14
U010159,14,3,6,4,1,6,2,1,33
U010160,17,1,2,1,0,8,2,0,15
U010161,21,4,2,4,0,5,2,2,27
U010162,7,0,2,2,5,5,1,1,16
U010163,12,0,6,0,0,2,0,2,13
U010164,13,0,1,2,0,2,0,1,17
U010165,10,2,4,0,7,2,0,1,11
U010166,8,2,3,3,0,3,0,2,18
U010167,18,1,11,7,0,4,2,2,25
U010168,16,2,6,5,0,5,4,3,29
U010169,18,0,8,4,0,8,1,0,22
U010170,11,1,3,3,0,3,1,1,11
U010171,11,0,3,0,0,3,1,1,14
U010172,7,0,2,2,2,4,0,0,9
U010173,9,2,1,2,5,2,0,0,15
U010174,8,1,3,1,2,3,2,0,14
U010175,14,3,4,4,0,7,1,1,18
U010176,16,2,9,5,0,6,0,1,20
U010177,14,0,8,2,1,5,1,2,11
U010178,10,1,5,2,0,3,1,0,24
U010179,15,2,1,1,0,3,0,1,20
U010180,15,3,7,5,0,8,3,0,19
U010181,7,1,7,2,0,8,0,2,15
U010182,14,3,9,3,0,2,2,0,31
U010183,4,0,3,2,3,3,1,1,8
U010184,13,3,4,5,4,2,2,2,17
U010185,9,0,3,3,0,3,1,0,21
U010186,15,2,6,4,0,6,1,0,9
U010187,10,0,5,5,0,2,1,0,16
U010188,22,3,10,3,0,6,0,0,29
U010189,11,0,3,2,0,4,1,1,23
U010190,10,0,7,2,0,4,2,0,13
U010191,12,0,8,0,0,5,0,0,19
U010192,22,3,9,3,0,4,4,1,21
U010193,8,2,10,5,0,7,1,2,20
U010194,17,0,5,1,0,4,2,1,12
U010195,18,3,12,4,0,6,1,1,24
U010196,12,0,5,0,0,7,2,0,18
U010197,14,0,3,3,0,1,0,3,25
U010198,6,3,6,2,0,6,1,1,16
U010199,13,6,3,5,3,2,0,0,16
U010200,9,0,7,2,0,2,2,2,9
U010201,8,1,8,2,6,3,2,0,24
U010202,16,1,13,1,0,5,0,0,11
U010203,20,2,6,5,1,2,2,2,24
U010204,18,3,10,5,0,4,1,1,25
U010205,14,1,5,2,1,4,2,2,12
U010206,21,3,2,3,0,11,3,0,20
U010207,14,4,11,3,0,12,0,1,29
U010208,2,0,2,2,2,4,0,3,4
U010209,13,0,3,2,0,5,0,0,13
U010210,11,1,5,1,1,8,1,0,17
U010211,10,3,5,1,0,4,2,1,10
U010212,13,0,6,5,0,2,1,1,18
U010213,17,4,5,0,0,5,1,1,20
U010214,11,2,8,5,0,5,2,0,15
U010215,18,1,2,1,4,4,3,0,31
U010216,13,1,3,5,0,8,1,0,24
U010217,18,2,5,5,0,8,0,0,19
U010218,4,0,6,1,2,1,0,1,8
U010219,9,0,4,3,0,9,2,0,23
U010220,13,4,5,3,0,8,3,1,27
U010221,14,3,5,4,3,2,1,0,20
U010222,8,0,4,2,0,3,0,1,16
U010223,16,3,10,3,1,11,2,2,35
U010224,13,0,4,3,0,1,3,1,23
U010225,6,3,7,6,0,4,1,1,15
U010226,13,2,5,4,1,11,2,1,26
U010227,11,4,8,6,0,5,1,1,19
U010228,14,1,7,2,0,3,1,0,18
U010229,7,0,6,1,0,2,2,0,9
U010230,15,4,5,2,1,7,0,1,29
U010231,8,1,1,2,0,3,1,0,15
U010232,10,2,7,2,0,3,1,1,21
U010233,14,2,8,5,0,4,2,3,22
U010234,12,1,7,5,0,3,0,1,17
U010235,14,2,3,1,0,3,2,1,23
U010236,16,3,2,1,1,5,1,0,21
U010237,19,1,3,3,0,7,3,1,18
U010238,15,0,8,1,7,5,0,0,11
U010239,8,0,1,2,3,5,0,1,13
U010240,17,0,5,0,0,5,4,2,18
U010241,7,2,4,2,0,8,1,2,11
U010242,15,4,4,5,1,3,0,0,23
U010243,11,0,4,2,1,7,1,1,21
U010244,14,1,3,0,1,6,0,0,12
U010245,14,1,1,4,0,5,2,1,16
U010246,16,0,4,2,0,6,0,1,18
U010247,16,5,5,3,2,3,2,0,18
U010248,11,2,2,0,5,3,2,0,17
U010249,10,2,5,5,0,4,4,1,21
U010250,15,2,4,3,0,6,1,1,20
U010251,11,2,9,5,0,6,1,3,19
U010252,13,1,4,3,1,5,1,2,13
U010253,7,2,4,1,4,3,0,2,5
U010254,12,4,5,2,0,6,1,1,23
U010255,8,1,1,0,1,4,0,1,13
U010256,10,0,7,2,0,4,2,2,21
U010257,14,7,7,4,1,11,3,1,21
U010258,13,2,4,5,2,2,1,0,14
U010259,14,2,3,2,0,7,2,1,25
U010260,15,1,4,4,1,2,0,1,13
U010261,9,5,8,2,0,3,2,0,16
U010262,13,1,6,4,1,3,0,0,16
U010263,6,1,5,2,4,4,2,1,10
U010264,19,3,0,3,0,3,1,1,21
U010265,13,2,5,0,3,3,3,2,16
U010266,14,2,7,2,2,1,1,1,16
U010267,20,4,7,2,0,2,1,1,31
U010268,14,1,4,3,1,6,1,2,22
U010269,17,1,5,1,2,5,0,2,14
U010270,18,4,9,3,1,9,1,0,26
U010271,12,7,9,4,1,4,2,0,21
U010272,23,2,2,2,0,6,0,1,18
U010273,9,0,3,3,3,3,2,1,9
U010274,10,2,1,2,4,4,0,0,8
U010275,12,3,8,1,1,3,2,0,22
U010276,21,3,8,2,2,3,2,1,27
U010277,10,2,4,0,0,4,2,1,12
U010278,11,2,6,0,0,4,0,0,26
U010279,13,2,8,4,0,9,1,0,30
U010280,20,2,3,2,0,6,1,0,27
U010281,13,0,7,5,0,3,1,0,11
U010282,8,0,3,7,0,6,0,2,19
U010283,17,2,3,3,0,5,2,2,27
U010284,19,4,4,0,0,6,4,0,21
U010285,19,3,9,5,1,11,4,0,23
U010286,10,7,4,2,0,8,0,0,25
U010287,22,2,2,2,1,7,2,0,15
U010288,15,8,5,3,0,4,0,1,24
U010289,17,2,3,1,0,6,1,1,24
U010290,11,1,5,0,0,5,0,3,12
U010291,19,2,2,1,6,3,1,0,27
U010292,11,3,5,4,0,4,0,0,23
U010293,14,6,2,5,0,4,3,0,27
U010294,10,1,10,4,0,4,2,1,14
U010295,15,4,6,5,0,6,1,0,27
U010296,18,2,2,9,1,8,0,2,16
U010297,12,3,6,0,2,4,2,2,27
U010298,19,2,9,2,4,9,0,2,17
U010299,15,5,7,2,0,2,0,2,17
U010300,14,2,6,4,1,11,0,1,13
U010301,18,1,7,5,0,6,1,0,28
U010302,13,4,10,3,0,4,1,1,28
U010303,11,4,8,3,0,6,3,0,39
U010304,23,0,12,3,1,12,2,0,24
U010305,10,3,10,1,0,4,0,0,16
U010306,11,3,2,1,0,3,1,2,12
U010307,15,4,5,4,0,5,0,0,34
U010308,17,5,4,4,0,5,2,0,20
U010309,15,0,9,4,0,8,1,0,14
U010310,5,1,3,1,0,5,1,0,14
U010311,10,1,5,1,0,11,2,3,14
U010312,8,2,8,4,0,5,1,0,21
U010313,10,0,4,3,0,8,1,1,13
U010314,7,2,5,2,3,4,1,1,18
U010315,12,1,3,1,0,3,1,0,20
U010316,16,2,6,3,1,8,1,1,23
U010317,15,0,8,2,0,3,1,1,8
U010318,17,2,10,4,0,6,1,0,24
U010319,9,1,4,1,0,3,0,1,16
U010320,9,1,3,3,0,5,0,1,14
U010321,10,3,4,3,0,5,1,1,14
U010322,10,2,2,3,0,6,2,3,21
U010323,14,3,4,2,2,7,0,0,29
U010324,18,1,3,2,0,4,1,1,20
U010325,16,1,11,3,0,5,3,0,24
U010326,13,3,11,3,1,4,1,0,26
U010327,12,4,7,2,1,4,1,1,19
U010328,12,2,1,1,3,3,1,1,12
U010329,18,4,11,5,0,13,2,1,37
U010330,13,0,6,2,0,3,2,1,12
U010331,12,0,7,5,0,0,1,1,13
U010332,15,0,7,1,0,4,1,1,17
U010333,17,3,13,6,0,9,1,0,26
U010334,8,3,8,4,1,4,0,1,13
U010335,16,3,5,0,0,5,2,1,28
U010336,9,0,5,5,2,2,2,0,11
U010337,19,2,6,3,0,6,0,2,24
U010338,13,3,9,5,1,6,1,0,18
U010339,18,5,8,7,0,7,2,1,25
U010340,4,0,2,2,2,2,0,0,13
U010341,8,1,4,3,3,3,1,1,13
U010342,10,0,7,1,1,4,0,1,13
U010343,11,0,8,1,0,5,0,1,22
U010344,26,5,5,7,1,10,0,2,43
U010345,4,1,6,0,2,5,1,0,10
U010346,19,3,5,3,0,10,2,0,16
U010347,10,1,5,0,0,5,1,2,14
U010348,17,3,5,7,0,10,0,1,28
U010349,19,3,6,5,0,9,2,0,20
U010350,23,4,4,2,1,7,0,0,26
U010351,11,3,3,5,0,10,1,1,14
U010352,7,3,2,4,7,3,0,1,18
U010353,24,3,7,1,0,8,2,2,30
U010354,15,1,10,2,0,7,0,1,22
U010355,10,7,5,1,0,7,0,1,31
U010356,11,7,8,4,1,5,1,0,27
U010357,14,5,7,1,0,6,2,1,22
U010358,10,0,3,2,3,3,1,2,12
U010359,12,1,6,2,0,9,1,1,21
U010360,10,1,5,6,0,6,1,1,27
U010361,14,0,8,2,1,5,3,1,12
U010362,10,1,4,1,3,2,1,2,14
U010363,15,1,3,2,0,4,2,0,21
U010364,12,0,8,0,1,2,1,0,22
U010365,9,4,6,3,0,5,3,1,26
U010366,6,1,5,0,9,6,0,2,13
U010367,15,2,6,3,0,6,3,2,23
U010368,12,6,7,2,0,9,2,2,22
U010369,10,1,7,1,0,6,0,1,11
U010370,15,2,10,3,7,2,0,1,13
U010371,14,6,6,4,0,2,3,2,14
U010372,16,3,5,6,0,6,0,1,18
U010373,22,2,14,5,2,10,3,0,29
U010374,7,4,5,1,0,6,0,0,21
U010375,22,2,12,6,0,6,2,2,36
U010376,15,2,6,7,0,3,2,2,24
U010377,16,3,11,6,0,7,0,1,27
U010378,11,1,7,1,0,7,0,4,17
U010379,16,3,12,5,0,6,0,1,34
U010380,11,1,8,3,0,7,0,1,15
U010381,8,1,1,6,1,7,2,1,20
U010382,17,3,7,2,1,2,0,1,25
U010383,7,0,7,2,0,6,3,1,24
U010384,11,0,7,1,0,7,1,1,21
U010385,20,4,5,2,1,8,0,1,25
U010386,15,5,14,4,1,5,3,1,22
U010387,15,2,8,3,0,7,0,2,21
U010388,14,2,9,2,0,9,4,1,25
U010389,15,0,7,3,6,3,0,0,15
U010390,12,1,9,3,0,9,1,1,26
U010391,16,2,10,6,1,3,3,1,23
U010392,19,3,6,1,4,3,1,1,15
U010393,8,0,2,0,4,5,0,0,9
U010394,12,2,2,2,1,7,1,1,21
U010395,6,4,6,5,2,4,2,2,21
U010396,19,5,7,3,0,6,2,1,23
U010397,17,2,10,4,0,10,0,0,26
U010398,8,0,3,2,0,2,2,1,19
U010399,17,4,4,2,0,10,0,0,23
U010400,15,4,10,1,0,6,1,0,26
U010401,6,0,4,1,1,3,2,1,18
U010402,9,1,2,3,1,3,0,3,15
U010403,13,1,2,3,0,6,0,2,23
U010404,12,2,5,0,2,4,2,1,31
U010405,17,3,8,3,0,5,3,2,29
U010406,25,4,7,4,1,8,1,1,29
U010407,18,6,4,4,0,7,0,0,20
U010408,22,2,5,4,0,5,1,1,35
U010409,11,4,7,6,0,11,1,1,28
U010410,8,3,3,2,1,10,1,2,22
U010411,4,0,4,2,1,5,0,1,21
U010412,11,7,6,3,1,4,3,1,18
U010413,13,6,10,2,0,8,0,0,27
U010414,6,0,4,4,1,4,0,1,15
U010415,10,0,2,4,0,3,1,3,14
U010416,13,1,2,6,1,9,2,2,32
U010417,20,4,6,2,2,4,1,2,24
U010418,11,0,7,0,0,10,1,4,17
U010419,12,7,6,4,1,5,3,0,13
U010420,17,4,2,6,1,10,1,2,24
U010421,19,2,2,3,1,4,2,1,30
U010422,21,2,4,1,0,7,2,2,29
U010423,11,4,10,4,0,8,0,1,23
U010424,12,4,5,4,0,4,1,3,28
U010425,18,3,5,4,0,6,0,2,20
U010426,14,0,2,1,2,3,2,0,19
U010427,28,1,7,4,2,5,1,0,29
U010428,10,1,8,1,0,1,1,2,19
U010429,10,1,5,1,1,5,1,2,15
U010430,17,1,8,2,2,3,1,1,16
U010431,13,5,2,2,2,10,3,0,36
U010432,14,3,7,1,0,8,4,1,17
U010433,22,2,13,4,0,10,0,3,29
U010434,6,1,5,2,0,5,1,0,17
U010435,17,4,8,3,0,12,0,1,21
U010436,15,3,5,4,2,8,1,1,17
U010437,8,4,2,2,1,8,3,1,21
U010438,7,0,4,3,0,1,1,1,20
U010439,11,2,9,3,0,4,0,1,20
U010440,19,5,4,1,0,3,2,1,18
U010441,8,5,4,1,0,10,1,2,29
U010442,14,2,6,2,4,2,0,0,16
U010443,13,3,10,4,0,7,0,0,26
U010444,17,0,6,3,0,3,1,0,21
U010445,13,6,5,1,1,14,0,0,27
U010446,14,0,5,1,2,4,0,0,3
U010447,18,1,10,1,0,4,3,2,19
U010448,8,1,4,1,0,4,0,0,18
U010449,14,1,7,1,0,7,2,0,13
U010450,11,0,5,1,0,3,0,1,25
U010451,11,1,4,2,0,2,3,1,11
U010452,11,3,6,1,1,3,0,0,16
U010453,10,4,5,2,7,3,0,0,10
U010454,11,0,9,2,0,3,0,1,10
U010455,19,1,5,3,0,4,0,1,23
U010456,15,3,11,3,0,8,2,1,31
U010457,10,1,1,2,0,5,0,1,16
U010458,8,0,7,5,0,4,1,0,18
U010459,15,1,5,2,5,8,0,1,22
U010460,15,4,11,2,0,9,4,1,22
U010461,24,2,11,2,0,8,0,1,15
U010462,13,0,6,1,0,3,2,0,19
U010463,7,1,3,3,0,3,0,0,15
U010464,12,2,4,4,1,5,0,1,15
U010465,14,1,3,2,1,5,3,0,12
U010466,11,2,7,1,6,6,3,1,28
U010467,17,4,9,1,0,7,1,2,19
U010468,5,0,2,5,3,5,1,1,13
U010469,4,2,3,0,5,2,1,2,17
U010470,9,1,7,4,0,5,1,0,21
U010471,15,2,5,4,0,4,0,0,21
U010472,14,2,6,3,1,4,1,3,27
U010473,12,8,9,5,0,8,2,4,38
U010474,17,3,10,3,0,6,1,1,23
U010475,8,1,8,4,0,4,2,1,13
U010476,16,5,5,4,1,13,1,0,33
U010477,16,3,4,3,8,4,2,2,30
U010478,14,4,7,5,0,12,1,0,28
U010479,8,0,6,2,0,8,0,0,18
U010480,12,2,8,2,1,7,2,1,28
U010481,11,1,2,1,1,6,1,1,16
U010482,28,3,7,2,0,9,2,1,18
U010483,22,3,6,6,2,8,1,2,27
U010484,15,1,4,1,0,7,1,0,19
U010485,14,6,7,5,1,8,2,3,22
U010486,10,0,8,1,0,7,1,0,11
U010487,10,2,4,3,0,3,0,1,12
U010488,5,0,2,1,3,5,0,0,16
U010489,15,3,0,3,0,9,0,0,36
U010490,8,0,1,5,0,2,1,0,12
U010491,19,3,13,3,1,2,1,1,27
U010492,16,1,4,2,0,5,2,2,24
U010493,14,2,12,2,1,10,3,1,21
U010494,12,2,4,3,0,7,0,1,23
U010495,13,4,4,4,0,6,0,1,31
U010496,9,1,2,3,1,4,1,0,13
U010497,8,2,8,4,3,3,0,0,16
U010498,14,0,2,1,0,1,1,0,17
U010499,10,0,1,1,4,6,1,1,12
U010500,20,4,9,7,0,8,2,1,24
U010501,14,0,4,2,0,8,1,1,20
U010502,13,2,7,2,0,11,0,3,34
U010503,7,0,2,2,0,1,1,2,15
U010504,12,5,7,1,0,5,2,2,27
U010505,16,3,7,9,0,10,3,2,35
U010506,6,0,5,3,4,1,1,2,14
U010507,6,4,5,3,4,2,2,0,10
U010508,13,0,8,6,0,5,0,0,13
U010509,12,1,5,2,0,4,1,0,17
U010510,21,5,5,7,0,5,1,1,31
U010511,13,5,5,5,1,4,1,2,13
U010512,7,2,4,4,0,9,1,1,22
U010513,7,2,8,0,2,6,5,2,24
U010514,10,2,7,2,0,4,2,1,21
U010515,10,3,5,1,7,3,0,0,17
U010516,22,6,6,3,0,8,1,1,29
U010517,14,2,8,5,0,5,1,1,23
U010518,10,0,4,2,6,2,0,0,9
U010519,10,2,8,2,0,4,0,2,23
U010520,14,5,5,5,1,4,0,0,32
U010521,15,4,6,2,1,7,4,0,26
U010522,15,0,4,4,0,5,0,0,7
U010523,8,0,2,1,2,1,0,0,8
U010524,10,0,6,4,0,3,3,1,12
U010525,9,1,4,3,1,2,0,0,17
U010526,6,0,2,0,2,8,0,1,9
U010527,10,2,4,2,1,8,0,2,16
U010528,14,0,5,3,0,8,1,3,23
U010529,21,3,8,10,0,6,3,0,33
U010530,15,0,2,3,0,5,3,0,16
U010531,13,4,6,2,0,9,0,1,19
U010532,15,2,7,4,0,8,1,0,27
U010533,10,0,5,6,0,2,2,0,22
U010534,6,1,4,1,1,5,2,0,12
U010535,12,2,1,5,0,10,0,1,23
U010536,14,1,6,2,2,4,1,2,9
U010537,11,0,8,1,0,5,1,0,24
U010538,17,0,7,6,1,8,0,1,30
U010539,17,4,6,4,0,7,0,2,29
U010540,12,1,2,3,0,4,0,2,17
U010541,20,0,1,2,1,5,0,0,20
U010542,16,3,9,6,0,7,0,1,20
U010543,11,1,5,2,0,8,2,1,16
U010544,8,1,6,4,4,4,2,1,14
U010545,21,0,7,2,0,3,1,0,23
U010546,9,2,6,5,0,0,1,1,20
U010547,12,2,6,4,0,7,1,2,20
U010548,2,0,3,1,2,4,2,0,13
U010549,17,3,5,3,0,7,2,0,23
U010550,13,3,8,2,0,4,2,0,31
U010551,17,1,4,2,0,6,0,0,29
U010552,8,0,10,1,0,1,0,2,19
U010553,12,0,5,2,1,5,2,0,20
U010554,10,1,11,1,0,9,2,0,19
U010555,18,3,7,5,0,7,3,0,21
U010556,15,1,0,2,1,5,2,0,23
U010557,8,1,5,3,0,3,2,1,15
U010558,11,1,1,4,0,8,4,0,35
U010559,13,3,2,5,0,6,1,0,19
U010560,16,6,4,1,7,3,0,0,12
U010561,16,4,6,3,0,3,1,0,18
U010562,20,0,4,2,0,2,1,2,17
U010563,13,2,7,2,0,5,0,0,25
U010564,24,3,7,2,0,2,0,0,21
U010565,15,3,8,6,0,5,0,0,27
U010566,14,8,8,4,6,5,1,0,19
U010567,6,0,3,0,0,3,1,2,15
U010568,14,4,7,4,0,5,0,1,23
U010569,11,3,7,0,0,5,1,0,33
U010570,20,3,5,3,0,6,1,2,22
U010571,11,0,5,2,0,4,0,2,21
U010572,21,3,6,2,0,5,1,0,21
U010573,13,1,7,2,0,4,1,1,13
U010574,11,2,7,5,0,1,1,1,28
U010575,19,3,11,5,0,3,0,1,27
U010576,13,3,8,4,0,6,1,0,14
U010577,7,3,3,3,0,6,0,0,20
U010578,10,0,5,1,0,5,1,0,11
U010579,12,5,8,2,1,6,2,2,19
U010580,11,3,9,2,0,6,0,2,30
U010581,8,0,10,6,0,5,0,2,22
U010582,18,6,10,3,0,8,2,1,33
U010583,9,2,10,6,0,3,3,1,30
U010584,24,5,12,3,0,8,1,0,38
U010585,17,0,3,1,0,5,1,1,18
U010586,12,1,5,2,0,3,0,0,18
U010587,16,1,4,5,1,4,2,0,30
U010588,15,1,7,2,8,7,1,1,12
U010589,9,0,3,0,0,5,0,0,12
U010590,10,1,5,6,1,0,0,0,9
U010591,13,3,4,3,0,3,1,2,20
U010592,7,0,5,2,0,0,2,1,22
U010593,8,0,8,0,0,1,1,0,21
U010594,12,3,4,3,4,3,5,0,19
U010595,8,1,5,2,1,1,0,1,16
U010596,20,0,4,4,0,7,2,1,21
U010597,12,0,6,5,1,7,0,0,16
U010598,16,4,5,2,0,5,0,1,21
U010599,12,2,2,4,1,4,1,3,18
U010600,12,0,8,2,0,8,2,2,23
U010601,20,4,6,3,0,6,3,3,21
U010602,15,1,5,6,1,11,1,1,27
U010603,19,2,5,4,0,8,3,1,24
U010604,13,1,6,2,1,6,3,2,20
U010605,14,0,2,2,1,1,1,0,20
U010606,14,4,3,6,0,9,2,5,24
U010607,13,5,9,4,0,12,0,0,37
U010608,10,0,3,4,0,2,0,2,15
U010609,10,1,6,5,1,5,1,1,25
U010610,11,0,0,2,2,2,3,0,12
U010611,10,1,4,2,4,3,1,0,10
U010612,20,3,13,2,0,6,1,0,21
U010613,18,5,3,1,0,6,0,2,19
U010614,13,1,6,3,1,3,1,3,18
U010615,11,0,7,2,1,2,0,1,25
U010616,20,0,3,4,0,5,3,1,16
U010617,13,1,4,1,0,5,4,0,13
U010618,9,1,5,2,0,5,0,1,18
U010619,11,3,4,3,0,6,2,1,14
U010620,22,3,2,1,0,5,2,0,26
U010621,7,0,6,2,3,6,1,2,11
U010622,9,0,6,3,0,5,1,2,15
U010623,12,1,1,1,1,4,1,2,14
U010624,11,1,3,1,0,1,0,0,21
U010625,11,3,3,3,0,1,1,1,19
U010626,11,5,5,1,5,9,3,1,14
U010627,16,2,7,1,0,5,0,1,13
U010628,5,1,6,5,0,5,2,1,18
U010629,9,0,5,2,0,6,1,1,10
U010630,16,4,3,2,0,9,2,0,13
U010631,14,4,6,2,3,5,1,0,10
U010632,11,1,5,7,1,6,2,1,27
U010633,14,2,6,3,0,8,0,2,22
U010634,19,2,3,4,0,1,1,0,26
U010635,15,2,2,3,0,8,1,1,20
U010636,4,2,10,1,0,2,1,3,20
U010637,14,0,6,4,1,7,3,3,30
U010638,10,0,4,4,0,6,2,0,17
U010639,12,6,7,3,0,6,0,0,27
U010640,13,0,5,2,1,2,2,1,11
U010641,15,2,7,3,1,6,1,1,32
U010642,4,3,3,2,4,0,1,1,12
U010643,5,2,5,6,5,5,1,0,17
U010644,9,0,5,0,0,2,0,2,13
U010645,11,0,4,1,0,8,0,1,12
U010646,11,0,5,1,0,6,1,2,17
U010647,13,3,7,4,2,7,1,0,21
U010648,9,4,4,2,1,8,0,0,19
U010649,7,2,4,0,0,3,0,0,11
U010650,8,1,3,1,2,3,1,0,13
U010651,13,2,8,4,0,8,2,1,25
U010652,14,2,7,2,3,3,1,1,23
U010653,8,1,4,2,4,2,0,0,8
U010654,13,3,3,5,2,6,0,1,14
U010655,13,0,6,2,0,7,0,0,30
U010656,13,1,3,1,0,5,0,0,10
U010657,11,3,11,3,0,7,1,2,18
U010658,19,2,9,1,0,2,2,1,13
U010659,12,1,8,4,2,4,0,0,16
U010660,15,2,6,0,0,3,1,1,17
U010661,16,3,2,6,0,5,4,0,30
U010662,16,4,7,6,0,3,2,0,22
U010663,9,0,4,1,4,2,0,1,13
U010664,19,4,8,2,0,3,2,0,19
U010665,6,0,3,2,3,7,0,1,11
U010666,4,1,4,0,6,2,1,1,5
U010667,11,0,8,4,0,3,0,2,14
U010668,15,1,5,2,0,10,1,0,40
U010669,21,4,9,2,0,10,0,0,24
U010670,6,2,1,3,4,7,0,1,16
U010671,9,1,7,3,0,7,0,1,22
U010672,16,2,6,3,0,8,3,1,25
U010673,17,2,6,4,0,6,2,1,22
U010674,20,2,10,5,0,7,0,1,19
U010675,11,1,7,0,0,5,1,2,14
U010676,9,2,7,2,0,4,3,0,22
U010677,25,6,6,3,0,12,1,1,23
U010678,9,3,9,5,1,0,1,5,26
U010679,17,2,12,2,0,6,0,1,27
U010680,11,3,4,3,2,7,2,2,21
U010681,5,1,1,2,1,1,2,1,10
U010682,13,4,12,4,0,7,2,4,33
U010683,14,3,2,3,1,5,1,1,19
U010684,13,0,9,3,1,3,0,0,21
U010685,11,2,6,5,2,9,2,1,35
U010686,9,2,5,3,3,9,4,0,14
U010687,11,3,10,3,1,7,0,0,19
U010688,16,1,11,8,0,11,2,0,21
U010689,16,5,9,2,1,7,0,0,33
U010690,3,0,2,2,0,2,1,1,17
U010691,15,1,7,2,1,4,6,1,17
U010692,17,4,11,4,1,5,3,0,25
U010693,9,1,3,1,4,5,1,0,12
U010694,24,3,6,6,1,5,0,2,12
U010695,13,2,9,2,0,7,1,0,24
U010696,8,2,6,3,0,4,2,0,17
U010697,10,2,1,2,1,5,1,1,12
U010698,5,0,3,0,1,2,1,2,8
U010699,8,0,6,0,2,1,0,1,19
U010700,9,1,6,1,1,3,0,0,14
U010701,12,3,8,4,0,7,0,1,30
U010702,9,2,7,0,5,6,1,1,17
U010703,10,1,7,1,0,5,1,2,17
U010704,12,1,5,1,0,4,1,3,27
U010705,12,2,4,1,1,3,1,0,20
U010706,3,0,6,1,2,4,0,1,18
U010707,19,4,7,4,0,10,1,3,24
U010708,14,4,6,0,3,7,4,0,21
U010709,18,8,9,2,2,3,0,1,19
U010710,12,2,2,2,0,3,2,1,23
U010711,18,4,9,5,2,6,4,4,21
U010712,20,3,4,2,0,6,4,0,23
U010713,15,0,7,1,0,2,0,1,19
U010714,20,2,4,5,4,7,0,1,26
U010715,18,3,5,8,0,2,2,1,22
U010716,12,3,7,3,0,3,1,0,13
U010717,12,2,3,1,0,6,2,1,26
U010718,5,0,6,2,0,1,0,1,17
U010719,4,1,4,0,3,4,0,1,13
U010720,13,4,6,5,3,7,3,0,10
U010721,14,1,5,4,1,5,1,0,24
U010722,8,0,7,1,0,0,1,0,18
U010723,5,1,4,1,1,4,2,0,25
U010724,4,0,2,2,3,3,0,0,10
U010725,14,0,5,0,1,3,1,0,14
U010726,11,0,3,3,2,2,0,0,5
U010727,10,1,3,4,0,4,1,2,19
U010728,17,1,2,2,0,6,3,1,23
U010729,18,3,5,5,0,7,1,3,20
U010730,7,0,8,2,0,4,0,0,20
U010731,25,3,3,3,0,8,0,3,23
U010732,15,3,3,5,0,4,0,0,11
U010733,15,4,7,3,1,7,2,4,24
U010734,10,3,2,6,4,4,1,0,14
U010735,13,1,3,2,1,5,0,1,18
U010736,15,2,10,1,0,10,0,2,28
U010737,16,2,5,2,2,6,1,2,21
U010738,17,1,4,2,5,8,1,2,13
U010739,8,0,5,4,0,7,0,2,13
U010740,17,2,5,2,0,6,1,0,29
U010741,10,0,7,2,0,7,0,0,21
U010742,12,2,5,5,0,5,2,4,29
U010743,10,1,2,1,3,5,1,1,12
U010744,13,4,11,1,0,6,1,1,19
U010745,8,1,1,4,0,4,0,1,15
U010746,11,1,4,3,0,6,1,2,18
U010747,14,4,4,4,0,11,2,3,20
U010748,19,0,1,2,0,2,2,3,19
U010749,11,0,3,2,0,5,0,1,11
U010750,14,4,3,4,2,4,2,0,22
U010751,14,1,11,3,0,3,1,1,25
U010752,24,4,6,2,0,2,1,0,23
U010753,8,0,5,0,6,1,1,0,12
U010754,15,1,5,2,0,6,1,2,17
U010755,13,3,3,5,1,2,2,1,16
U010756,10,2,8,3,0,6,0,1,25
U010757,12,4,7,4,0,4,4,1,18
U010758,5,1,3,1,2,1,1,1,5
U010759,11,0,8,1,0,5,1,0,16
U010760,13,0,5,3,0,6,1,0,20
U010761,9,1,6,2,4,8,1,0,22
U010762,16,3,6,3,0,5,1,0,22
U010763,9,3,6,1,5,4,0,0,17
U010764,9,3,1,1,5,4,0,2,13
U010765,22,3,5,5,0,7,1,1,31
U010766,16,4,6,3,0,3,0,0,22
U010767,12,4,6,2,0,8,3,1,25
U010768,9,1,6,3,0,2,1,1,12
U010769,17,2,10,5,2,14,1,1,21
U010770,12,0,2,1,3,1,0,1,9
U010771,14,0,5,1,2,5,0,1,12
U010772,17,0,3,3,2,2,0,1,13
U010773,9,0,5,0,0,8,2,0,16
U010774,13,2,7,2,0,8,0,0,14
U010775,9,1,1,2,5,2,0,1,9
U010776,12,1,6,4,1,7,1,1,16
U010777,15,0,2,1,0,4,1,0,14
U010778,11,1,8,1,0,3,1,0,16
U010779,9,2,7,2,0,4,1,2,28
U010780,12,1,2,1,0,5,1,2,13
U010781,16,1,6,9,0,3,1,2,26
U010782,17,5,8,3,0,7,1,2,25
U010783,10,1,5,2,0,11,4,3,20
U010784,13,0,5,2,0,6,0,3,17
U010785,22,2,2,3,0,5,2,1,22
U010786,20,2,14,6,1,7,2,1,26
U010787,9,1,6,2,0,2,2,1,14
U010788,9,3,4,4,0,6,2,1,23
U010789,11,0,4,2,3,6,0,1,12
U010790,8,0,3,3,0,6,2,0,17
U010791,10,4,6,4,0,6,0,0,16
U010792,12,4,8,1,0,6,0,2,8
U010793,5,1,2,3,3,5,1,0,13
U010794,17,0,4,3,1,7,1,1,19
U010795,7,1,6,1,0,6,1,1,16
U010796,7,4,4,4,1,8,3,0,15
U010797,11,1,4,6,0,5,1,0,22
U010798,16,2,5,3,0,3,0,0,19
U010799,11,0,7,1,0,6,1,0,21
U010800,12,2,2,0,3,5,1,1,24
U010801,12,4,7,0,0,10,2,0,19
U010802,11,0,1,2,1,6,1,2,17
U010803,14,4,4,3,2,3,2,2,22
U010804,14,7,5,1,0,2,1,1,18
U010805,12,0,3,2,1,4,0,1,19
U010806,11,2,5,2,7,4,1,0,23
U010807,14,2,7,2,0,5,0,2,18
U010808,11,4,1,2,0,5,1,2,24
U010809,14,8,5,4,0,6,0,1,23
U010810,27,4,6,8,0,10,4,2,32
U010811,17,2,7,5,1,6,2,1,17
U010812,15,0,2,1,1,7,1,1,18
U010813,14,1,3,4,0,6,2,0,19
U010814,15,2,13,4,0,7,4,1,25
U010815,16,1,5,3,2,3,1,0,15
U010816,6,2,6,7,4,2,1,1,13
U010817,13,1,8,1,1,6,2,2,17
U010818,13,3,7,2,0,2,2,0,25
U010819,12,0,3,5,0,3,1,2,17
U010820,19,0,5,6,1,6,2,0,31
U010821,16,3,8,6,0,10,1,3,25
U010822,26,5,6,3,0,5,1,5,28
U010823,12,2,2,8,1,9,0,2,18
U010824,14,0,6,2,0,6,1,1,16
U010825,15,0,5,3,0,5,2,1,16
U010826,15,1,5,4,0,7,2,2,13
U010827,19,2,5,2,0,9,0,1,22
U010828,9,0,5,1,0,7,0,1,13
U010829,7,1,8,1,3,3,0,1,12
U010830,5,2,6,3,1,4,2,0,20
U010831,26,6,9,5,2,6,1,2,29
U010832,7,0,4,2,6,4,1,1,19
U010833,9,1,10,1,7,5,1,0,16
U010834,15,3,3,4,0,4,3,1,24
U010835,25,2,1,3,0,4,3,2,24
U010836,11,3,6,4,0,4,0,1,16
U010837,16,2,4,3,0,5,0,2,22
U010838,12,1,5,3,0,4,1,0,16
U010839,14,0,4,1,6,3,1,0,21
U010840,10,1,9,2,1,7,2,0,22
U010841,17,1,5,1,0,3,3,1,22
U010842,18,0,7,0,2,5,0,0,17
U010843,20,7,9,5,0,5,2,0,26
U010844,9,0,1,4,0,4,0,0,16
U010845,11,3,9,2,0,6,0,0,25
U010846,16,3,4,2,2,8,0,1,12
U010847,12,5,7,3,1,5,1,1,23
U010848,9,1,2,4,0,2,0,0,12
U010849,9,1,6,4,1,4,1,0,17
U010850,11,3,2,2,0,5,3,1,23
U010851,10,1,5,2,0,8,0,3,11
U010852,18,3,11,1,0,8,0,1,34
U010853,18,1,7,4,0,8,1,1,18
U010854,11,3,2,5,0,1,0,1,12
U010855,12,1,7,3,1,5,1,0,31
U010856,21,6,4,2,2,16,2,2,37
U010857,19,2,8,2,0,2,1,0,21
U010858,12,0,3,3,3,3,0,1,10
U010859,13,4,6,4,0,9,0,0,19
U010860,11,2,4,2,2,2,1,0,17
U010861,7,0,3,1,2,6,2,0,9
U010862,11,1,3,2,0,5,0,0,13
U010863,13,4,6,1,1,4,1,1,14
U010864,16,3,5,6,0,12,2,1,22
U010865,7,1,4,2,4,3,1,0,14
U010866,7,1,1,2,5,5,0,1,9
U010867,20,0,6,1,0,3,2,1,10
U010868,5,0,0,2,0,1,1,0,17
U010869,17,4,12,1,0,8,0,1,28
U010870,11,0,1,2,0,7,3,0,14
U010871,13,0,4,0,0,10,2,1,12
U010872,14,0,5,2,2,4,0,2,19
U010873,20,8,10,3,0,6,1,1,25
U010874,10,0,12,6,0,5,0,0,21
U010875,12,1,5,3,0,1,0,2,11
U010876,9,0,2,1,1,4,2,2,22
U010877,7,1,0,0,2,1,1,0,13
U010878,15,1,3,3,0,7,3,1,21
U010879,18,1,10,4,0,9,0,1,23
U010880,16,2,3,2,0,4,2,0,28
U010881,12,4,7,5,0,6,0,1,25
U010882,14,0,7,2,0,1,1,0,26
U010883,15,5,4,4,0,3,2,2,16
U010884,6,1,8,2,0,4,1,2,15
U010885,8,3,3,4,4,7,2,2,19
U010886,16,8,2,0,1,6,0,1,12
U010887,12,0,7,3,2,11,2,0,19
U010888,22,2,8,1,0,4,3,1,31
U010889,17,3,7,2,0,4,1,0,20
U010890,20,3,5,0,2,3,0,2,19
U010891,12,1,7,2,1,4,0,2,22
U010892,13,2,5,3,0,8,1,1,15
U010893,10,0,8,2,0,1,0,0,17
U010894,7,0,7,4,0,6,1,0,29
U010895,22,3,3,8,0,5,2,1,34
U010896,11,1,6,6,0,2,1,0,24
U010897,10,2,4,2,3,5,1,0,17
U010898,21,2,7,6,0,2,1,0,21
U010899,12,3,11,4,1,8,2,3,36
U010900,14,0,7,0,0,5,1,0,16
U010901,9,2,2,3,0,0,0,0,10
U010902,22,2,4,0,0,8,1,0,19
U010903,10,0,6,2,1,3,2,0,17
U010904,11,0,1,0,2,4,0,2,12
U010905,8,4,5,3,0,5,0,3,16
U010906,15,2,3,1,1,4,1,1,20
U010907,10,0,3,1,0,4,2,0,25
U010908,9,4,5,1,0,3,6,0,15
U010909,11,0,6,2,1,2,0,1,23
U010910,11,1,5,1,0,4,0,1,19
U010911,21,1,9,1,0,11,0,0,23
U010912,21,0,7,2,1,7,3,2,28
U010913,16,2,3,3,0,5,0,3,20
U010914,19,5,4,6,1,3,1,1,22
U010915,14,2,3,1,0,2,1,0,21
U010916,10,0,5,0,0,6,1,0,21
U010917,9,0,3,0,0,5,1,0,14
U010918,5,2,5,1,3,5,1,0,14
U010919,13,6,8,9,0,10,1,0,29
U010920,16,6,6,3,0,10,1,2,24
U010921,3,1,6,3,1,6,1,0,22
U010922,15,1,9,2,0,3,3,0,13
U010923,14,6,4,1,2,4,0,1,12
U010924,9,0,3,0,0,6,1,1,21
U010925,18,0,9,2,0,6,0,2,18
U010926,8,4,5,6,0,5,2,1,18
U010927,16,0,7,2,0,6,0,0,27
U010928,11,1,2,2,1,12,0,0,31
U010929,11,3,4,1,0,4,0,1,29
U010930,11,1,2,1,0,7,3,1,14
U010931,15,3,8,5,0,13,0,2,25
U010932,15,3,8,2,1,7,4,0,25
U010933,17,0,2,2,0,5,1,3,23
U010934,1,1,2,1,1,3,0,0,9
U010935,18,3,9,5,1,8,0,0,27
U010936,18,6,5,0,0,2,2,2,25
U010937,14,1,6,4,4,8,1,0,12
U010938,17,1,6,7,1,5,0,1,33
U010939,12,1,4,2,1,10,2,0,19
U010940,12,2,5,4,0,4,0,1,22
U010941,9,0,6,3,1,4,1,3,27
U010942,14,3,10,5,0,7,2,1,16
U010943,25,3,8,5,0,5,1,3,28
U010944,23,1,4,4,0,11,4,5,19
U010945,18,0,8,2,1,5,0,2,26
U010946,9,1,6,2,0,4,1,0,17
U010947,17,5,11,4,0,6,3,0,30
U010948,8,1,3,3,1,1,0,1,10
U010949,23,2,6,5,0,5,1,3,15
U010950,14,0,5,3,1,2,2,1,15
U010951,7,2,4,3,5,1,1,1,19
U010952,10,0,5,3,0,3,2,1,18
U010953,27,4,7,3,1,8,1,1,27
U010954,13,0,4,2,2,2,3,1,21
U010955,16,5,8,4,0,5,1,0,20
U010956,17,6,7,6,1,8,3,1,29
U010957,17,6,5,5,1,4,0,4,15
U010958,6,0,1,3,1,2,1,0,13
U010959,14,1,9,4,1,8,1,0,18
U010960,14,0,3,5,0,3,2,1,15
U010961,18,5,5,3,0,9,1,1,16
U010962,10,2,4,2,0,6,0,0,16
U010963,18,0,9,0,1,4,0,1,21
U010964,9,0,7,2,0,7,2,3,23
U010965,9,2,5,3,0,0,1,2,18
U010966,16,1,0,2,0,6,0,1,10
U010967,14,4,9,5,1,7,2,0,35
U010968,5,0,9,2,1,4,0,0,12
U010969,22,2,6,4,0,7,0,2,12
U010970,6,0,4,1,1,3,1,1,6
U010971,17,3,6,4,0,7,1,2,28
U010972,18,3,6,1,0,7,3,2,30
U010973,14,3,8,2,0,6,2,0,29
U010974,8,2,4,4,3,6,2,2,12
U010975,7,1,7,1,1,5,2,1,9
U010976,9,0,2,3,0,3,0,0,13
U010977,8,4,11,1,2,5,0,1,18
U010978,13,1,5,4,0,7,1,0,29
U010979,17,1,9,2,1,7,1,0,23
U010980,19,1,7,2,0,11,1,0,32
U010981,10,0,10,1,0,6,0,1,10
U010982,7,1,5,3,4,3,1,0,15
U010983,15,2,2,1,3,7,2,0,20
U010984,12,1,3,3,0,6,0,0,15
U010985,20,3,5,6,0,6,0,2,17
U010986,14,0,4,4,0,3,3,0,15
U010987,12,2,4,2,4,4,1,1,10
U010988,14,3,9,1,0,8,1,0,29
U010989,2,3,2,2,2,3,0,0,13
U010990,14,2,6,0,0,4,2,2,24
U010991,13,0,5,1,1,4,1,0,17
U010992,9,2,5,2,0,6,3,0,14
U010993,14,3,4,3,1,4,2,0,9
U010994,8,1,6,3,0,4,1,0,19
U010995,9,2,3,3,2,5,0,1,12
U010996,6,4,3,3,1,7,1,2,7
U010997,12,1,4,3,0,3,0,3,20
U010998,8,0,4,1,0,4,2,1,19
U010999,9,0,8,2,0,6,0,1,24
U011000,13,1,4,3,0,7,1,0,16
U011001,15,1,2,6,0,5,0,0,20
U011002,9,0,5,7,1,6,1,2,17
U011003,13,0,5,1,1,4,1,1,17
U011004,15,0,4,5,1,5,1,0,18
U011005,6,0,5,0,2,5,0,0,11
U011006,13,1,5,3,0,7,1,1,27
U011007,13,2,7,3,1,5,0,1,19
U011008,6,1,3,2,4,1,2,1,12
U011009,13,2,3,3,0,11,4,1,20
U011010,14,1,6,2,0,4,1,0,24
U011011,16,4,8,4,1,7,1,2,27
U011012,14,5,5,8,1,7,0,1,25
U011013,13,2,7,6,1,6,2,1,24
U011014,15,0,6,2,0,2,0,1,17
U011015,17,5,7,5,1,6,1,0,27
U011016,11,1,8,4,5,3,0,3,23
U011017,14,3,11,1,0,1,2,0,21
U011018,11,1,5,3,8,7,0,2,15
U011019,7,0,5,1,2,5,0,1,13
U011020,13,0,4,1,1,1,0,0,18
U011021,17,3,7,3,0,1,1,0,25
U011022,15,2,5,4,3,6,1,0,21
U011023,20,2,5,1,0,9,1,1,15
U011024,17,2,4,2,0,6,2,0,21
U011025,16,5,6,2,0,4,0,2,22
U011026,19,7,7,1,1,8,2,1,28
U011027,14,0,6,2,0,2,1,3,19
U011028,13,0,4,2,1,1,1,1,15
U011029,13,0,6,2,0,2,1,0,22
U011030,16,0,7,1,0,4,3,3,25
U011031,12,2,12,3,6,3,3,1,18
U011032,4,2,9,4,0,3,1,0,19
U011033,12,1,6,2,0,3,0,1,20
U011034,14,1,2,3,0,5,3,2,16
U011035,17,5,4,4,0,9,2,0,22
U011036,8,0,4,2,2,1,0,0,7
U011037,11,1,6,5,0,4,1,0,12
U011038,12,3,7,4,0,3,2,2,23
U011039,18,2,8,2,0,13,4,1,25
U011040,7,4,5,3,0,4,0,2,23
U011041,23,1,7,8,1,9,2,4,25
U011042,21,2,11,2,1,6,1,3,23
U011043,11,1,5,3,0,2,1,1,14
U011044,17,0,3,2,0,3,0,0,21
U011045,16,1,6,2,1,5,3,0,34
U011046,6,1,6,0,0,3,1,0,14
U011047,9,2,6,1,1,5,0,1,12
U011048,10,1,5,4,0,7,2,1,9
U011049,9,0,3,3,0,5,0,1,9
U011050,18,2,8,3,0,7,1,1,21
U011051,11,1,4,1,0,7,0,1,21
U011052,14,3,8,5,0,3,1,1,17
U011053,12,0,5,4,0,5,0,2,15
U011054,8,1,2,2,2,3,1,0,13
U011055,5,0,4,1,0,8,1,0,15
U011056,7,1,6,4,1,6,3,1,19
U011057,10,1,8,4,0,5,0,1,25
U011058,12,1,8,3,1,7,0,2,24
U011059,14,2,3,6,2,5,0,0,10
U011060,12,0,2,1,0,4,3,1,27
U011061,10,2,2,2,5,1,0,2,12
U011062,9,2,3,3,6,5,1,0,20
U011063,10,1,5,1,1,4,2,0,19
U011064,9,0,4,3,0,7,1,3,15
U011065,8,1,5,4,0,5,0,2,23
U011066,11,0,11,3,3,6,1,2,21
U011067,12,1,6,1,0,10,1,2,21
U011068,11,1,6,2,1,4,0,0,17
U011069,16,3,2,3,7,6,2,0,14
U011070,14,0,2,7,2,6,1,0,11
U011071,19,2,5,6,0,14,2,2,29
U011072,9,5,6,2,8,7,3,3,23
U011073,14,1,9,7,4,7,0,1,12
U011074,14,2,0,1,0,3,1,0,12
U011075,19,1,6,2,0,3,2,1,26
U011076,6,2,5,3,1,5,1,2,22
U011077,8,0,8,4,0,6,2,0,14
U011078,12,2,9,5,1,4,2,0,24
U011079,12,0,8,1,0,6,1,1,17
U011080,13,2,4,5,0,10,1,2,29
U011081,19,4,9,5,0,5,4,2,31
U011082,12,4,5,4,0,9,4,1,29
U011083,8,6,9,5,0,13,1,2,21
U011084,14,4,12,4,6,7,1,0,25
U011085,19,4,13,4,1,8,4,0,28
U011086,12,0,6,6,0,4,2,1,19
U011087,14,6,4,5,7,9,1,0,26
U011088,16,1,9,4,1,9,1,2,17
U011089,14,1,8,2,0,8,2,0,25
U011090,15,5,9,1,0,11,3,3,26
U011091,18,1,8,4,0,9,2,1,22
U011092,24,3,8,5,0,10,0,1,21
U011093,11,0,5,1,0,9,1,2,27
U011094,21,4,10,4,1,7,2,1,32
U011095,14,2,6,1,1,5,3,0,15
U011096,14,4,10,6,0,9,2,1,12
U011097,4,0,1,3,1,0,0,0,9
U011098,20,2,3,3,0,5,1,3,27
U011099,13,0,4,2,3,6,0,0,15
U011100,7,1,5,4,0,5,2,3,27
U011101,9,0,5,0,0,3,3,1,18
U011102,25,5,7,1,0,6,0,0,23
U011103,16,2,9,6,0,7,0,0,24
U011104,15,1,4,2,5,8,3,1,24
U011105,14,2,6,5,1,9,1,0,27
U011106,11,6,5,5,1,3,3,1,24
U011107,11,6,7,5,1,9,0,0,22
U011108,16,4,11,6,0,6,0,0,28
U011109,10,1,4,1,3,4,1,1,10
U011110,14,5,5,7,0,7,2,1,21
U011111,17,1,2,2,1,4,0,1,13
U011112,16,8,8,4,1,6,0,0,19
U011113,12,0,7,2,1,9,1,1,16
U011114,9,0,3,2,4,3,1,0,17
U011115,19,3,8,5,0,5,0,0,24
U011116,15,0,4,5,0,5,0,3,21
U011117,13,3,6,1,6,7,0,0,17
U011118,8,1,3,1,3,5,1,0,15
U011119,10,1,4,1,0,5,1,2,23
U011120,13,1,3,2,0,5,0,0,20
U011121,9,1,4,2,0,6,0,1,17
U011122,16,1,15,9,0,13,1,1,28
U011123,12,0,4,5,2,5,1,0,20
U011124,6,2,9,1,0,8,0,1,19
U011125,17,0,6,2,0,6,1,0,27
U011126,17,1,11,3,0,12,1,1,39
U011127,6,1,4,0,2,3,1,0,19
U011128,10,1,4,3,1,4,1,0,17
U011129,7,0,6,0,2,6,0,1,17
U011130,14,2,13,6,0,7,4,2,37
U011131,14,2,6,7,1,4,1,1,30
U011132,16,0,4,1,1,5,1,1,12
U011133,15,0,3,1,3,5,1,1,19
U011134,14,1,4,3,0,6,0,1,17
U011135,10,4,3,3,2,5,1,0,19
U011136,13,2,4,3,2,6,0,0,17
U011137,10,1,6,1,0,3,1,1,13
U011138,10,0,1,1,1,9,3,1,16
U011139,13,1,11,1,0,6,1,1,21
U011140,14,1,1,2,4,8,2,1,24
U011141,11,0,4,4,1,3,0,0,14
U011142,10,2,1,3,0,6,2,1,19
U011143,15,1,5,5,0,2,1,1,18
U011144,9,1,10,3,1,2,1,1,12
U011145,9,0,2,1,0,5,1,0,17
U011146,9,1,1,2,0,1,1,0,17
U011147,16,7,9,4,0,4,3,3,20
U011148,7,1,3,3,2,1,0,1,9
U011149,15,1,5,4,0,6,3,2,26
U011150,13,1,10,5,1,7,1,2,27
U011151,14,3,1,1,1,3,0,0,12
U011152,8,3,3,4,0,6,0,0,12
U011153,12,0,3,1,1,5,1,1,18
U011154,12,3,5,2,0,6,0,0,14
U011155,9,0,2,3,1,4,0,2,16
U011156,14,3,0,1,0,8,2,1,23
U011157,6,0,6,3,0,3,1,1,19
U011158,11,7,8,5,3,4,4,3,29
U011159,25,2,11,6,0,5,3,0,24
U011160,13,3,2,4,0,7,1,0,13
U011161,8,2,4,3,0,4,1,1,13
U011162,18,2,8,0,0,6,2,0,29
U011163,14,0,6,3,1,3,1,2,22
U011164,14,4,6,5,0,7,2,1,23
U011165,23,8,8,2,0,5,1,1,18
U011166,11,2,6,2,0,3,2,0,20
U011167,8,1,4,4,0,2,1,2,10
U011168,15,5,7,1,0,5,2,1,23
U011169,11,0,7,4,0,2,1,1,27
U011170,18,1,6,1,1,7,3,2,15
U011171,8,0,8,2,1,6,1,0,15
U011172,13,5,3,3,0,4,3,0,25
U011173,7,4,6,1,1,6,1,1,19
U011174,7,0,4,4,2,6,0,0,14
U011175,9,0,6,3,0,7,1,0,18
U011176,7,4,5,2,2,3,2,1,18
U011177,11,2,6,1,1,7,1,1,22
U011178,8,4,5,2,1,5,1,1,17
U011179,14,1,4,5,0,6,2,2,23
U011180,13,0,3,1,0,4,2,0,12
U011181,12,0,5,3,1,5,0,1,21
U011182,22,5,8,4,0,9,2,3,30
U011183,16,0,4,1,1,1,1,1,5
U011184,9,5,3,0,1,4,1,0,20
U011185,6,0,8,1,2,4,0,1,17
U011186,21,5,7,3,1,6,4,0,24
U011187,13,1,6,0,0,4,0,0,14
U011188,6,1,5,1,0,6,2,2,19
U011189,15,2,4,1,2,4,0,0,21
U011190,8,1,7,2,0,3,2,0,33
U011191,2,0,5,3,0,6,0,2,16
U011192,16,6,4,4,0,8,0,1,30
U011193,16,2,11,4,0,10,1,1,32
U011194,10,3,4,1,2,4,0,2,11
U011195,16,3,4,1,0,8,1,0,22
U011196,18,9,4,6,1,7,1,0,18
U011197,13,2,10,2,1,14,2,4,25
U011198,6,0,10,1,0,6,1,1,16
U011199,9,1,4,1,0,5,1,0,14
U011200,17,4,9,3,1,6,3,1,19
U011201,7,1,3,4,0,4,1,1,16
U011202,17,0,5,2,0,10,1,1,15
U011203,21,1,4,4,0,3,0,2,18
U011204,9,3,5,4,0,3,0,0,28
U011205,17,4,12,5,0,10,2,5,29
U011206,19,0,6,0,0,4,2,0,14
U011207,6,1,2,0,2,3,0,1,12
U011208,5,0,5,2,3,0,1,1,13
U011209,12,0,4,4,0,3,1,2,16
U011210,14,1,8,0,0,4,2,0,15
U011211,8,3,7,2,1,8,1,0,29
U011212,23,2,7,7,0,9,3,2,8
U011213,12,4,5,2,0,5,2,3,33
U011214,11,0,7,4,1,7,1,1,18
U011215,20,2,5,3,0,5,1,0,25
U011216,21,10,5,2,5,5,0,0,29
U011217,20,0,3,4,0,3,1,0,16
U011218,11,2,3,3,3,2,1,2,17
U011219,7,1,6,3,0,3,0,0,19
U011220,10,2,6,1,1,7,0,0,25
U011221,14,3,11,3,1,11,1,1,26
U011222,18,5,9,4,1,4,0,2,25
U011223,18,2,6,2,0,6,1,0,23
U011224,13,1,1,2,1,6,1,0,12
U011225,15,4,6,7,2,1,2,1,19
U011226,13,3,9,0,0,6,2,0,30
U011227,5,0,3,2,4,1,1,1,10
U011228,8,3,8,2,0,3,3,1,19
U011229,6,1,4,3,0,6,2,0,15
U011230,9,1,5,3,0,5,0,0,15
U011231,9,4,1,4,0,6,0,1,10
U011232,15,1,7,3,1,9,0,2,28
U011233,3,2,4,1,1,3,3,1,20
U011234,12,2,7,5,1,5,1,0,32
U011235,18,4,7,4,1,9,3,1,26
U011236,8,1,5,3,1,3,0,2,10
U011237,13,0,7,1,0,7,0,0,10
U011238,11,1,7,2,0,3,2,1,17
U011239,11,1,2,2,0,4,0,0,20
U011240,13,3,3,1,3,7,3,1,21
U011241,18,6,3,5,0,4,3,1,16
U011242,16,1,7,3,2,8,0,1,32
U011243,7,1,3,0,3,2,2,0,17
U011244,13,1,4,3,0,3,2,2,23
U011245,10,1,7,2,2,4,1,2,8
U011246,10,8,4,4,0,3,1,1,14
U011247,8,2,2,1,0,6,0,2,20
U011248,16,3,3,1,0,13,3,2,29
U011249,13,3,2,4,0,4,0,0,12
U011250,9,0,4,1,3,1,0,0,15
U011251,23,4,12,1,0,5,3,0,25
U011252,12,1,8,2,3,5,0,0,10
U011253,8,0,3,3,5,9,0,0,15
U011254,8,3,9,0,6,1,1,0,12
U011255,12,5,10,5,0,8,2,3,21
U011256,19,4,5,4,0,6,3,0,21
U011257,6,3,3,1,0,8,1,1,14
U011258,14,2,2,0,1,4,5,1,17
U011259,12,1,9,1,0,11,1,0,22
U011260,11,1,3,0,1,3,0,0,13
U011261,13,1,6,4,0,10,1,0,30
U011262,6,1,5,4,2,1,2,0,7
U011263,7,0,4,2,0,0,0,2,16
U011264,12,1,1,0,2,2,0,0,8
U011265,13,4,7,3,1,6,1,1,23
U011266,16,3,5,0,0,5,0,0,25
U011267,5,2,1,2,3,4,1,0,9
U011268,10,2,12,4,3,6,1,0,21
U011269,12,3,4,1,0,13,1,0,30
U011270,20,0,4,3,1,5,1,0,27
U011271,17,3,10,4,0,7,5,1,23
U011272,18,1,5,2,0,9,2,1,26
U011273,3,0,6,3,2,2,2,0,14
U011274,15,2,5,3,1,3,1,1,11
U011275,7,0,5,6,0,5,1,0,22
U011276,20,5,10,5,0,6,0,0,28
U011277,16,5,11,5,0,5,2,1,23
U011278,15,4,9,3,6,6,1,0,22
U011279,14,3,7,5,0,10,1,0,16
U011280,12,3,8,3,1,11,4,1,29
U011281,12,2,9,2,0,5,1,2,14
U011282,16,4,8,1,1,10,1,2,21
U011283,23,0,2,1,0,10,1,0,26
U011284,10,0,5,2,2,6,2,0,10
U011285,6,1,1,2,3,3,0,2,10
U011286,5,5,2,2,4,1,2,1,26
U011287,13,2,5,4,0,7,2,1,17
U011288,13,6,7,4,0,4,0,0,24
U011289,23,2,4,3,2,6,3,1,34
U011290,9,1,5,2,1,3,1,1,14
U011291,13,3,6,2,0,8,1,1,26
U011292,11,0,2,2,1,3,1,0,14
U011293,7,4,0,4,1,11,2,1,25
U011294,19,0,3,4,0,4,0,1,17
U011295,14,5,4,7,0,3,3,3,30
U011296,12,3,6,3,5,4,1,0,21
U011297,14,1,6,5,0,9,1,1,21
U011298,12,4,4,4,0,6,1,0,20
U011299,13,0,5,2,1,2,0,2,19
U011300,16,3,7,5,2,4,1,3,28
U011301,20,5,5,8,2,5,1,1,40
U011302,6,1,4,1,6,0,0,0,14
U011303,4,0,4,3,1,1,1,0,13
U011304,21,2,10,2,5,7,1,1,26
U011305,11,2,7,3,0,5,1,0,20
U011306,16,4,7,4,0,5,1,1,17
U011307,17,0,7,4,0,11,0,1,19
U011308,15,4,3,2,0,5,4,0,20
U011309,15,1,4,5,0,2,1,1,13
U011310,17,1,5,2,0,6,1,2,17
U011311,14,2,5,3,0,4,0,1,14
U011312,15,1,7,4,0,4,1,2,14
U011313,10,0,3,1,0,6,1,5,11
U011314,22,4,7,0,0,6,2,1,18
U011315,11,0,7,4,2,5,1,1,15
U011316,11,4,2,0,0,1,1,0,14
U011317,12,5,6,5,1,7,2,0,29
U011318,10,0,1,1,1,2,1,0,7
U011319,11,3,7,3,0,7,1,1,17
U011320,11,1,6,2,0,9,1,2,14
U011321,12,0,3,0,1,4,0,1,13
U011322,11,2,7,3,7,3,0,1,19
U011323,15,2,1,1,3,2,1,0,9
U011324,10,3,5,4,0,4,0,1,19
U011325,14,3,9,2,1,4,2,0,21
U011326,13,1,3,1,0,10,2,0,33
U011327,9,2,5,2,0,3,0,1,19
U011328,11,0,3,2,0,2,1,3,19
U011329,11,1,7,1,1,2,0,1,19
U011330,16,1,6,3,2,3,0,1,21
U011331,9,0,3,3,0,5,2,0,20
U011332,8,1,4,3,1,5,3,0,11
U011333,15,1,1,2,1,5,2,1,20
U011334,14,1,3,1,0,1,0,2,11
U011335,11,0,5,2,0,3,0,0,15
U011336,15,0,3,4,2,3,3,1,9
U011337,13,4,6,1,0,8,1,4,16
U011338,13,0,5,3,0,2,1,1,19
U011339,11,2,5,1,1,3,1,2,11
U011340,9,2,5,4,0,9,1,1,29
U011341,19,1,5,7,1,5,0,2,29
U011342,8,2,7,4,1,1,0,0,12
U011343,15,3,4,4,0,4,0,2,10
U011344,9,1,12,3,0,2,1,2,16
U011345,17,1,1,2,0,5,2,0,14
U011346,6,0,4,1,1,6,1,0,13
U011347,12,4,8,5,0,5,0,1,29
U011348,14,2,11,5,0,6,1,0,28
U011349,11,4,11,0,0,5,5,1,21
U011350,20,4,8,1,0,3,3,0,27
U011351,17,2,6,2,3,6,2,0,13
U011352,11,0,6,1,0,6,2,0,24
U011353,15,6,8,3,0,4,1,0,20
U011354,3,0,4,4,4,5,1,0,13
U011355,14,4,9,5,1,11,2,0,22
U011356,8,1,3,1,0,5,2,2,19
U011357,12,4,2,0,3,6,1,0,18
U011358,10,0,4,1,8,4,1,0,12
U011359,11,2,5,2,1,5,0,2,6
U011360,12,3,6,4,0,9,3,1,20
U011361,23,3,7,9,0,6,0,1,23
U011362,18,6,10,5,0,9,4,4,35
U011363,18,3,9,2,0,4,3,0,24
U011364,10,0,1,1,0,4,1,4,16
U011365,14,2,5,0,2,7,0,0,21
U011366,14,0,3,3,3,2,2,1,15
U011367,18,5,3,2,0,4,1,0,18
U011368,18,0,2,5,0,6,1,1,17
U011369,11,3,9,6,0,7,2,1,31
U011370,7,1,3,1,6,5,2,0,15
U011371,14,5,9,5,0,8,3,1,30
U011372,23,6,4,3,0,2,1,1,34
U011373,7,0,4,2,2,4,0,0,17
U011374,11,1,4,5,8,6,1,0,24
U011375,16,4,6,2,0,6,2,0,16
U011376,15,1,5,3,0,10,0,0,21
U011377,7,2,9,3,5,4,0,0,24
U011378,8,2,9,3,0,6,0,0,24
U011379,9,1,3,0,2,3,0,2,10
U011380,15,3,2,3,0,3,1,2,20
U011381,16,1,8,3,0,10,1,1,27
U011382,5,0,2,1,6,2,0,1,12
U011383,14,3,9,5,1,10,5,1,25
U011384,20,3,7,2,1,6,0,1,35
U011385,14,1,7,2,1,6,2,0,19
U011386,9,2,3,1,0,3,1,1,11
U011387,21,7,6,8,1,5,5,0,31
U011388,15,5,8,5,0,7,2,1,24
U011389,15,0,5,2,0,4,0,0,19
U011390,9,0,4,0,2,3,1,1,17
U011391,5,2,2,1,1,4,0,2,20
U011392,11,2,8,5,2,6,1,0,20
U011393,13,1,4,4,1,4,0,1,14
U011394,18,1,10,6,0,9,1,2,18
U011395,14,1,8,5,0,3,1,1,15
U011396,19,0,5,2,0,1,0,1,15
U011397,10,1,1,2,0,3,2,0,15
U011398,13,2,8,1,0,4,0,1,12
U011399,20,3,7,2,0,8,1,1,28
U011400,14,2,2,0,0,6,1,1,18
U011401,17,2,14,1,0,5,4,0,26
U011402,10,2,4,2,0,8,1,2,21
U011403,13,2,5,6,0,9,3,3,30
U011404,15,5,11,0,1,10,2,1,25
U011405,18,0,7,4,0,8,3,0,26
U011406,8,0,4,1,0,3,0,1,11
U011407,15,2,5,2,0,7,0,1,20
U011408,13,3,5,4,0,9,0,0,37
U011409,17,4,7,6,0,5,3,3,34
U011410,10,1,3,2,0,3,1,1,28
U011411,8,0,1,2,3,2,1,1,10
U011412,20,4,5,9,1,2,1,1,19
U011413,14,0,7,2,0,2,0,0,8
U011414,17,0,4,2,1,6,1,0,13
U011415,16,3,4,2,2,4,2,3,28
U011416,9,1,4,1,1,4,1,0,10
U011417,13,2,7,6,0,8,0,1,31
U011418,7,2,5,3,1,7,0,1,10
U011419,12,5,7,2,0,4,2,3,18
U011420,15,6,8,4,0,4,2,1,20
U011421,15,4,1,1,0,8,0,2,17
U011422,9,0,3,0,0,4,0,0,11
U011423,8,0,6,0,0,0,1,0,21
U011424,21,8,10,3,0,6,1,2,29
U011425,10,6,4,6,0,9,0,1,24
U011426,9,0,3,5,0,3,0,2,15
U011427,12,1,3,3,0,0,2,1,14
U011428,18,3,12,3,0,9,2,2,19
U011429,10,0,2,3,0,5,4,1,13
U011430,6,1,4,1,2,2,2,0,13
U011431,16,4,6,4,1,7,1,0,17
U011432,21,4,3,3,2,3,2,1,20
U011433,11,2,6,2,0,8,2,2,23
U011434,17,2,2,5,1,7,1,1,16
U011435,8,6,9,5,1,9,1,1,31
U011436,6,0,2,2,1,4,0,0,4
U011437,11,3,6,9,0,4,1,1,13
U011438,14,2,3,6,5,3,1,2,20
U011439,12,2,4,9,0,5,1,0,17
U011440,9,0,4,1,1,7,1,2,14
U011441,13,2,6,8,0,6,1,4,18
U011442,12,0,6,3,0,11,1,2,16
U011443,12,0,3,5,2,8,0,0,17
U011444,11,0,5,2,0,3,3,2,22
U011445,8,1,2,4,4,2,0,1,14
U011446,5,1,5,3,2,6,0,0,12
U011447,15,0,5,1,0,8,0,0,12
U011448,15,2,9,3,1,2,1,2,27
U011449,11,4,9,6,0,6,0,0,18
U011450,13,3,4,4,0,6,2,1,19
U011451,7,1,5,2,0,1,2,0,14
U011452,14,3,10,3,0,7,2,2,21
U011453,11,1,12,6,0,6,1,0,22
U011454,16,5,7,1,2,4,1,1,15
U011455,9,5,6,1,0,9,0,2,17
U011456,15,3,8,1,0,3,1,0,20
U011457,7,0,10,2,2,0,2,0,15
U011458,10,1,2,2,0,6,0,0,20
U011459,10,0,7,6,0,3,0,0,18
U011460,14,2,8,4,0,6,0,0,19
U011461,9,6,4,0,0,8,0,1,27
U011462,18,6,8,4,1,2,0,1,23
U011463,16,7,7,5,0,9,2,3,29
U011464,15,3,2,2,1,3,0,0,16
U011465,11,1,3,1,2,3,0,0,17
U011466,24,1,4,1,0,7,1,2,20
U011467,12,1,11,8,0,13,2,1,23
U011468,8,2,5,1,1,4,0,2,8
U011469,13,0,5,2,0,2,1,3,13
U011470,12,4,9,2,0,3,2,1,12
U011471,11,1,7,2,1,3,1,3,22
U011472,21,2,4,2,0,5,2,1,31
U011473,10,2,8,3,1,4,0,1,22
U011474,17,3,5,2,0,5,1,0,25
U011475,11,4,11,3,0,9,0,2,26
U011476,7,1,1,1,7,5,0,1,7
U011477,20,3,10,2,0,8,2,2,26
U011478,17,5,5,2,0,4,0,0,24
U011479,9,5,9,2,1,9,1,0,33
U011480,12,1,2,0,3,3,0,1,14
U011481,18,3,5,2,0,3,2,1,17
U011482,15,3,8,1,0,7,2,1,19
U011483,14,1,10,7,0,0,0,1,20
U011484,13,2,4,4,0,4,0,3,22
U011485,10,2,4,5,1,6,3,3,16
U011486,16,0,4,2,0,4,1,1,12
U011487,20,2,6,0,0,8,2,1,24
U011488,11,1,1,4,0,3,3,1,22
U011489,12,2,6,1,0,10,3,0,18
U011490,4,0,1,0,2,3,1,1,15
U011491,12,0,3,0,0,2,1,0,20
U011492,12,3,11,1,1,6,0,1,15
U011493,13,2,5,3,7,5,0,0,16
U011494,18,7,18,4,0,5,0,1,42
U011495,7,0,5,3,2,5,0,1,19
U011496,11,2,1,1,1,4,1,1,18
U011497,13,4,7,5,0,5,1,1,24
U011498,12,1,5,3,2,2,1,0,14
U011499,17,3,9,4,0,10,2,1,25
U011500,22,2,5,2,0,4,1,2,29
U011501,15,0,6,4,0,3,0,0,13
U011502,13,6,10,5,0,8,2,1,29
U011503,13,1,9,2,0,5,2,1,17
U011504,12,3,7,6,1,4,0,1,17
U011505,17,1,6,4,0,7,2,2,20
U011506,17,1,4,1,0,2,1,2,21
U011507,11,0,7,2,1,4,1,1,27
U011508,9,0,6,2,1,5,2,0,25
U011509,9,1,5,2,1,2,0,0,11
U011510,13,2,3,0,9,6,1,1,17
U011511,12,2,4,1,0,2,3,1,16
U011512,14,3,3,5,1,9,0,3,24
U011513,12,1,6,6,0,9,4,2,18
U011514,13,1,4,4,0,0,0,1,8
U011515,5,1,3,1,4,1,1,0,19
U011516,18,3,3,2,0,7,3,1,15
U011517,11,9,5,5,0,2,1,0,21
U011518,10,4,6,4,0,7,1,0,28
U011519,27,7,7,3,0,5,0,1,13
U011520,9,1,3,4,0,4,1,1,17
U011521,9,0,4,1,0,7,2,1,14
U011522,7,0,1,2,2,3,1,0,11
U011523,9,3,5,5,0,12,2,1,34
U011524,9,5,6,2,6,6,0,2,15
U011525,24,3,7,1,5,5,2,0,18
U011526,7,0,9,1,1,5,0,0,17
U011527,13,1,3,4,1,3,0,2,25
U011528,6,0,3,2,2,4,0,0,11
U011529,16,3,4,1,0,5,0,1,20
U011530,10,0,3,4,2,4,2,0,10
U011531,16,5,6,8,1,8,0,2,21
U011532,13,0,5,0,0,9,0,0,12
U011533,7,5,9,0,2,5,1,0,18
U011534,10,2,2,1,0,7,1,0,21
U011535,9,0,7,3,0,5,3,2,13
U011536,9,0,4,2,0,4,2,2,12
U011537,11,4,1,1,2,5,2,0,10
U011538,7,0,3,1,3,2,2,1,7
U011539,2,1,3,1,1,3,0,2,15
U011540,12,3,4,4,1,5,3,0,23
U011541,18,2,9,9,0,8,1,2,24
U011542,9,7,4,0,2,4,4,1,23
U011543,11,1,5,2,1,3,1,3,15
U011544,8,0,2,2,0,4,1,0,19
U011545,6,1,3,6,6,2,0,0,13
U011546,10,3,7,6,0,5,2,2,17
U011547,12,0,4,2,0,9,0,2,22
U011548,14,2,4,3,0,5,0,1,19
U011549,12,1,8,3,0,3,0,0,15
U011550,12,1,1,5,8,2,0,2,11
U011551,23,0,8,3,1,4,5,0,32
U011552,22,2,9,8,0,5,0,0,17
U011553,15,6,4,7,0,6,3,1,25
U011554,6,3,6,5,1,6,1,4,17
U011555,6,3,3,0,0,3,0,0,18
U011556,14,0,3,3,2,4,0,1,19
U011557,12,2,5,3,1,3,0,1,16
U011558,11,3,6,2,1,8,1,0,36
U011559,14,0,7,4,2,6,3,1,22
U011560,12,4,2,4,0,7,0,0,27
U011561,12,0,7,1,0,6,0,1,15
U011562,19,2,4,4,0,7,4,0,37
U011563,10,2,8,2,1,6,0,2,18
U011564,20,5,4,3,1,12,1,3,22
U011565,9,1,1,1,3,3,0,1,9
U011566,12,1,6,0,3,2,0,2,13
U011567,10,0,5,2,9,3,0,0,19
U011568,13,0,7,2,1,7,2,2,12
U011569,15,3,6,4,1,6,0,0,22
U011570,10,1,7,3,0,6,1,1,24
U011571,9,0,3,3,5,1,0,1,13
U011572,12,6,6,4,1,8,0,2,27
U011573,24,3,7,1,0,8,2,3,20
U011574,13,0,4,2,0,4,2,1,18
U011575,16,3,5,2,0,3,3,1,32
U011576,13,4,7,2,0,8,1,3,26
U011577,15,2,3,1,0,6,0,0,14
U011578,9,0,7,1,1,6,0,1,12
U011579,28,2,11,4,0,4,2,3,18
U011580,5,3,6,4,2,10,2,1,25
U011581,7,1,4,1,2,6,0,0,18
U011582,22,1,10,3,0,7,2,1,28
U011583,9,0,5,0,3,4,0,1,14
U011584,19,1,6,1,0,7,3,1,29
U011585,13,1,6,6,0,7,0,0,23
U011586,18,4,4,6,2,10,0,3,20
U011587,13,0,6,6,0,6,3,0,27
U011588,6,0,4,2,3,3,0,0,5
U011589,18,2,6,2,0,12,4,2,15
U011590,11,1,8,3,1,3,1,1,23
U011591,29,2,6,3,0,5,0,2,23
U011592,13,4,4,5,0,5,1,0,26
U011593,3,1,2,1,3,3,1,0,8
U011594,6,2,5,3,1,7,2,1,18
U011595,15,0,8,1,2,3,2,1,16
U011596,16,3,6,3,0,6,3,1,29
U011597,8,1,9,2,5,4,0,0,13
U011598,10,1,2,2,0,5,1,0,16
U011599,14,0,14,0,2,7,0,0,15
U011600,17,2,9,1,1,7,0,1,18
U011601,13,2,7,2,0,6,2,1,16
U011602,13,2,3,0,2,9,3,2,20
U011603,14,3,7,2,3,1,0,1,19
U011604,13,0,2,1,0,3,0,0,16
U011605,23,3,5,4,0,7,1,2,25
U011606,17,0,6,1,0,2,1,0,18
U011607,8,1,4,4,0,3,1,1,13
U011608,11,4,5,1,1,3,1,1,17
U011609,10,0,5,2,0,6,2,1,15
U011610,6,0,3,3,1,7,1,0,21
U011611,18,1,11,3,0,9,7,1,28
U011612,13,2,10,1,0,4,1,1,19
U011613,10,2,1,1,3,5,1,0,12
U011614,23,6,10,3,0,7,0,1,28
U011615,20,4,3,5,0,6,1,3,16
U011616,15,2,7,2,0,12,0,0,17
U011617,11,0,9,3,0,6,2,1,17
U011618,7,0,7,0,0,7,1,0,12
U011619,9,1,5,1,3,2,0,1,11
U011620,16,4,4,2,1,4,1,0,26
U011621,17,4,3,4,1,4,1,0,21
U011622,16,2,6,2,0,7,0,0,12
U011623,14,4,8,1,1,4,2,2,28
U011624,15,4,5,0,0,2,0,0,15
U011625,14,0,8,3,0,1,3,0,18
U011626,15,1,8,1,0,3,1,1,21
U011627,8,2,5,3,8,3,1,1,25
U011628,9,0,5,4,1,4,1,3,16
U011629,6,0,1,1,4,2,2,0,8
U011630,7,4,4,1,0,12,0,0,18
U011631,8,5,4,3,0,3,0,1,19
U011632,5,0,2,7,0,4,1,0,23
U011633,18,1,3,3,1,4,2,0,13
U011634,15,1,5,3,1,4,0,2,22
U011635,14,1,8,7,0,8,2,0,23
U011636,9,0,2,4,0,3,1,0,17
U011637,19,5,12,4,1,9,0,1,32
U011638,8,4,4,0,4,5,2,1,19
U011639,16,2,7,3,0,3,1,1,11
U011640,11,0,11,2,0,7,0,4,17
U011641,13,2,2,3,1,2,0,1,8
U011642,12,0,5,2,0,4,0,1,12
U011643,19,2,7,4,0,10,1,2,15
U011644,18,0,9,4,1,10,2,1,23
U011645,16,2,7,7,1,11,3,2,31
U011646,7,3,7,5,1,3,1,1,22
U011647,15,1,10,5,1,6,4,1,30
U011648,20,6,5,3,0,5,2,0,23
U011649,17,1,7,2,0,8,3,0,33
U011650,8,1,5,3,0,3,1,0,22
U011651,8,1,2,2,1,3,1,0,7
U011652,16,5,6,3,2,6,0,0,15
U011653,13,2,5,3,0,14,4,1,18
U011654,13,2,6,2,0,7,2,1,17
U011655,13,6,7,5,0,6,0,0,25
U011656,21,2,12,4,0,9,3,1,33
U011657,12,1,6,3,2,6,0,1,15
U011658,14,1,4,2,1,6,0,1,17
U011659,16,2,5,6,1,7,1,0,27
U011660,13,3,3,5,1,13,1,0,20
U011661,10,0,6,4,0,5,3,2,15
U011662,15,3,5,4,1,4,1,2,29
U011663,11,5,5,1,0,4,1,0,21
U011664,15,1,8,1,0,5,1,2,17
U011665,13,7,3,2,0,3,3,1,9
U011666,12,1,6,2,0,8,2,1,19
U011667,13,4,5,6,0,6,1,0,21
U011668,13,4,8,6,2,5,1,0,25
U011669,18,4,10,5,1,8,0,2,20
U011670,14,4,6,1,0,9,3,1,20
U011671,14,7,2,2,9,7,1,0,17
U011672,20,3,2,5,2,7,1,0,14
U011673,12,3,6,4,0,5,1,0,29
U011674,13,1,7,1,0,1,1,0,11
U011675,16,0,6,4,1,6,0,0,14
U011676,18,7,8,3,0,5,0,1,20
U011677,15,4,6,3,1,4,1,1,14
U011678,21,2,4,1,2,10,4,1,19
U011679,10,0,11,3,0,4,0,3,20
U011680,5,1,9,4,3,2,1,2,17
U011681,18,1,3,5,0,2,1,0,11
U011682,8,2,3,2,1,4,1,1,18
U011683,11,1,7,4,0,2,1,1,12
U011684,20,2,5,3,0,5,0,0,18
U011685,19,4,8,4,0,9,4,0,23
U011686,10,2,3,4,0,6,2,1,16
U011687,14,3,3,4,0,7,0,1,23
U011688,14,2,5,4,1,4,2,1,18
U011689,19,4,5,4,1,3,4,1,19
U011690,7,1,4,3,0,5,0,1,26
U011691,8,2,5,7,1,2,0,0,13
U011692,15,3,5,6,1,4,1,1,26
U011693,10,2,9,4,0,5,3,1,25
U011694,23,4,4,2,3,4,0,1,28
U011695,16,0,5,4,0,7,0,1,18
U011696,11,0,5,2,0,9,0,0,31
U011697,10,0,5,2,2,9,0,0,7
U011698,19,2,7,4,0,5,1,0,27
U011699,12,0,1,1,0,2,0,0,14
U011700,21,1,8,1,0,8,2,1,22
U011701,16,6,9,4,9,4,1,0,26
U011702,10,2,6,2,0,3,0,1,21
U011703,13,2,7,4,0,7,5,3,30
U011704,1,2,8,2,3,6,0,0,12
U011705,12,1,0,2,1,8,2,0,20
U011706,17,2,6,1,0,6,1,0,19
U011707,17,3,6,6,1,10,1,2,19
U011708,12,1,9,4,0,3,1,1,33
U011709,12,2,3,1,0,8,0,1,19
U011710,13,6,8,5,0,7,2,2,22
U011711,6,0,7,0,3,4,1,0,12
U011712,7,3,2,2,6,6,1,1,16
U011713,26,2,12,3,1,11,2,0,26
U011714,19,3,10,5,1,5,5,0,23
U011715,13,1,4,2,3,6,0,1,20
U011716,19,4,8,4,1,4,1,2,32
U011717,15,0,3,3,0,3,2,1,17
U011718,19,2,14,8,0,2,4,4,38
U011719,14,5,10,1,0,3,2,0,18
U011720,11,1,4,4,1,5,1,0,7
U011721,9,2,5,1,4,6,2,1,23
U011722,13,0,3,5,1,2,1,0,18
U011723,19,4,8,3,0,6,2,1,26
U011724,10,4,6,5,3,7,1,0,16
U011725,10,0,4,3,3,3,0,0,19
U011726,8,1,6,3,0,4,1,1,15
U011727,13,3,9,4,0,10,1,1,19
U011728,11,1,8,5,0,7,2,0,17
U011729,13,3,4,3,5,4,1,1,16
U011730,12,3,3,4,4,3,3,1,16
U011731,15,3,9,4,0,6,1,2,22
U011732,11,2,3,2,0,4,2,2,11
U011733,11,5,9,2,1,3,0,1,12
U011734,16,0,0,1,2,4,0,3,20
U011735,9,1,7,3,1,10,3,0,37
U011736,9,2,1,0,0,3,1,3,12
U011737,4,0,6,3,1,2,0,2,17
U011738,16,4,8,6,0,6,2,0,22
U011739,15,1,2,1,0,5,2,0,21
U011740,12,2,8,2,0,5,3,0,23
U011741,13,3,7,5,0,4,2,0,13
U011742,10,0,7,3,1,10,1,1,27
U011743,11,0,2,4,0,2,1,0,17
U011744,14,2,4,5,0,7,2,1,15
U011745,17,2,6,1,1,7,3,0,24
U011746,12,2,2,1,2,4,2,0,20
U011747,15,4,10,4,1,9,2,2,29
U011748,14,5,9,2,1,8,1,3,27
U011749,14,1,10,4,1,2,2,1,26
U011750,25,4,9,7,0,3,1,2,35
U011751,8,1,7,5,2,2,2,0,14
U011752,19,4,7,2,0,12,3,1,22
U011753,7,1,5,6,0,5,4,0,6
U011754,11,3,7,1,0,6,0,1,15
U011755,16,7,4,5,0,10,3,0,29
U011756,9,1,3,4,1,5,2,2,12
U011757,10,0,4,2,0,1,1,3,7
U011758,5,0,3,1,1,5,0,0,10
U011759,11,4,6,1,0,10,0,1,21
U011760,8,0,5,2,2,2,1,1,18
U011761,16,3,8,4,0,6,2,2,20
U011762,9,0,5,2,0,3,1,0,12
U011763,11,3,8,0,4,3,0,2,16
U011764,9,1,4,2,0,3,0,1,26
U011765,17,3,6,3,0,4,2,0,26
U011766,13,4,6,2,1,6,1,0,29
U011767,5,2,7,2,0,8,0,0,18
U011768,12,0,7,1,1,6,4,0,23
U011769,13,3,11,5,7,4,1,0,20
U011770,9,2,6,2,0,7,1,0,23
U011771,15,0,3,2,1,3,2,1,18
U011772,14,1,2,3,1,3,0,1,16
U011773,10,2,6,3,6,6,0,1,22
U011774,22,3,10,6,0,1,3,1,24
U011775,10,1,7,1,0,2,1,0,18
U011776,10,2,5,1,0,5,0,1,26
U011777,18,3,11,1,0,10,3,0,21
U011778,16,1,4,7,0,7,1,0,16
U011779,5,3,7,3,1,3,1,1,29
U011780,6,0,2,1,2,2,1,1,9
U011781,22,3,11,1,1,14,1,1,34
U011782,9,0,4,2,1,6,0,1,16
U011783,8,2,3,2,0,2,0,1,19
U011784,14,6,8,2,0,10,2,3,22
U011785,12,4,6,2,0,8,1,0,18
U011786,13,6,6,1,0,6,2,0,25
U011787,9,1,4,2,0,6,2,0,21
U011788,11,1,2,5,1,11,3,3,28
U011789,10,2,5,1,0,7,0,1,24
U011790,13,2,2,5,0,15,0,1,25
U011791,7,1,6,1,1,2,2,0,17
U011792,15,5,7,2,3,5,1,1,27
U011793,10,1,2,5,0,6,0,0,14
U011794,13,2,7,5,0,3,1,0,34
U011795,6,1,4,0,2,3,2,1,10
U011796,7,0,4,1,3,3,0,0,13
U011797,9,0,2,2,0,4,1,2,15
U011798,19,3,3,4,1,12,2,1,20
U011799,16,7,6,7,0,6,0,2,37
U011800,14,3,2,2,3,6,5,1,26
U011801,19,2,8,3,1,7,3,3,21
U011802,17,5,12,6,1,7,3,2,33
U011803,14,0,5,1,1,6,0,0,15
U011804,19,5,10,7,0,13,3,4,17
U011805,15,0,4,5,0,8,1,0,25
U011806,12,2,6,5,0,2,1,0,11
U011807,16,3,4,3,2,3,0,1,18
U011808,11,0,4,3,1,4,3,0,19
U011809,8,1,4,2,0,4,2,1,12
U011810,17,0,9,2,0,4,1,0,12
U011811,9,0,3,3,0,4,1,0,14
U011812,12,6,2,3,3,2,0,0,15
U011813,13,1,6,2,0,10,2,1,23
U011814,17,0,1,4,0,2,1,1,25
U011815,14,3,3,3,0,8,1,2,21
U011816,15,5,4,1,1,10,1,1,25
U011817,12,4,6,3,0,5,0,1,30
U011818,16,2,9,1,4,7,0,1,17
U011819,15,3,4,2,0,6,0,0,36
U011820,13,4,8,5,0,9,1,2,25
U011821,17,2,0,6,0,5,0,0,19
U011822,10,1,6,3,0,2,0,0,14
U011823,14,0,6,1,0,4,0,1,13
U011824,10,3,5,3,7,0,0,1,18
U011825,19,3,11,2,1,5,1,2,20
U011826,9,2,2,2,0,5,3,0,15
U011827,10,2,8,4,2,5,2,0,21
U011828,15,1,4,1,1,5,0,1,9
U011829,14,3,3,4,1,5,1,2,20
U011830,12,0,6,0,0,3,1,1,26
U011831,14,4,11,4,0,7,1,1,25
U011832,24,1,5,3,1,5,1,1,29
U011833,14,1,4,2,0,3,0,3,13
U011834,14,2,7,0,0,7,2,0,21
U011835,16,3,9,1,0,8,3,0,23
U011836,7,0,3,1,0,2,0,1,9
U011837,19,3,5,2,2,2,0,0,30
U011838,12,0,5,6,3,5,2,1,10
U011839,9,1,7,1,0,2,2,1,20
U011840,11,1,2,1,0,4,1,2,14
U011841,16,1,6,5,0,8,0,0,24
U011842,17,4,9,4,1,5,0,1,28
U011843,8,0,2,1,0,3,2,0,11
U011844,9,1,4,3,0,3,0,0,17
U011845,13,1,8,0,2,3,0,3,18
U011846,12,2,3,4,1,5,2,2,19
U011847,26,2,14,1,0,5,2,2,35
U011848,13,4,5,2,0,2,2,3,17
U011849,15,1,7,2,0,4,2,0,20
U011850,6,0,5,4,3,4,0,0,10
U011851,15,0,5,4,0,7,2,0,26
U011852,9,1,3,0,0,5,2,0,15
U011853,15,0,5,0,0,3,0,0,22
U011854,11,4,8,2,0,6,0,2,27
U011855,17,2,3,6,0,4,0,0,25
U011856,22,1,11,1,7,5,1,2,32
U011857,15,2,6,4,0,6,0,1,19
U011858,14,1,10,3,0,9,3,0,20
U011859,16,3,8,3,1,11,1,2,14
U011860,3,1,3,1,3,3,0,0,5
U011861,12,1,4,3,0,5,0,1,20
U011862,17,4,4,2,2,3,0,2,22
U011863,19,5,10,5,1,5,0,1,25
U011864,15,1,4,2,0,5,1,2,16
U011865,6,1,2,2,3,0,1,0,14
U011866,9,0,1,2,0,4,1,0,9
U011867,9,0,7,0,0,2,1,8,14
U011868,5,1,2,4,6,1,1,2,7
U011869,15,2,8,1,4,7,2,2,22
U011870,14,2,7,7,3,6,3,1,13
U011871,14,3,7,1,0,8,1,0,23
U011872,7,0,1,2,1,1,3,1,9
U011873,20,4,9,3,2,3,3,1,18
U011874,15,6,12,4,0,4,1,1,16
U011875,10,3,5,5,0,4,1,1,14
U011876,25,2,6,5,2,3,0,0,19
U011877,20,5,8,2,0,5,3,1,30
U011878,15,0,1,2,0,5,2,2,27
U011879,17,3,9,1,0,11,0,1,18
U011880,19,0,7,3,1,9,0,1,19
U011881,19,4,6,3,3,10,2,1,29
U011882,8,1,7,3,3,5,0,2,17
U011883,8,1,1,2,6,7,3,1,15
U011884,10,4,14,2,6,5,1,1,18
U011885,10,2,2,4,1,6,3,1,30
U011886,22,6,9,4,0,6,0,0,16
U011887,21,5,9,2,1,9,0,1,24
U011888,16,2,7,2,0,4,1,3,20
U011889,15,3,5,0,1,8,2,0,19
U011890,18,4,9,5,0,6,2,1,29
U011891,12,1,8,4,0,9,1,0,23
U011892,12,1,9,1,1,4,0,3,20
U011893,8,0,3,4,1,2,0,0,9
U011894,9,3,6,0,0,5,3,0,36
U011895,13,5,5,3,0,8,1,1,15
U011896,6,2,9,2,0,5,5,1,16
U011897,6,0,3,2,4,3,0,1,15
U011898,13,0,6,4,0,8,0,1,27
U011899,9,0,4,4,4,3,0,0,7
U011900,14,2,6,4,2,4,1,1,19
U011901,16,2,11,4,0,8,1,1,25
U011902,11,2,2,1,1,5,1,1,15
U011903,11,4,10,6,1,11,2,2,26
U011904,15,4,6,2,0,6,0,1,40
U011905,9,2,2,0,1,5,2,0,12
U011906,11,1,2,1,3,4,2,2,17
U011907,15,0,3,6,0,5,3,1,16
U011908,15,3,8,2,1,3,5,2,15
U011909,17,3,5,4,0,7,0,0,27
U011910,8,1,3,1,4,5,2,0,6
U011911,15,5,9,4,1,4,1,2,20
U011912,7,0,5,1,1,2,2,0,12
U011913,17,3,11,2,1,6,5,1,26
U011914,18,0,7,0,1,4,2,0,26
U011915,8,3,8,3,1,8,3,0,24
U011916,22,2,6,1,2,6,4,3,31
U011917,8,0,4,1,0,5,1,0,19
U011918,13,5,2,4,0,7,1,0,25
U011919,18,4,3,5,0,5,2,2,20
U011920,15,4,8,2,1,9,2,0,26
U011921,16,5,10,2,0,7,1,0,18
U011922,20,4,10,4,5,6,0,1,23
U011923,8,3,6,2,4,4,0,1,14
U011924,12,2,7,4,1,6,2,0,21
U011925,17,3,8,5,0,4,0,0,23
U011926,6,1,2,5,5,7,1,2,18
U011927,14,1,4,3,0,3,1,4,27
U011928,15,2,3,7,0,4,1,0,24
U011929,11,4,5,5,0,11,0,1,23
U011930,19,0,8,2,2,10,2,1,26
U011931,7,0,5,3,0,2,1,0,15
U011932,13,1,6,3,3,5,0,0,14
U011933,11,2,2,4,0,8,1,0,22
U011934,7,1,2,1,0,8,0,1,12
U011935,12,6,10,8,0,8,1,0,30
U011936,10,0,9,3,0,4,1,0,12
U011937,7,0,4,4,6,1,0,0,19
U011938,12,4,6,2,0,8,3,1,25
U011939,10,4,11,1,4,5,2,1,17
U011940,13,2,4,2,0,4,0,2,20
U011941,9,4,3,1,0,3,1,1,17
U011942,8,1,3,8,4,5,1,0,19
U011943,19,2,2,4,0,5,4,1,23
U011944,5,1,9,1,0,4,0,2,21
U011945,17,5,2,2,5,2,0,0,18
U011946,13,4,8,3,0,4,1,0,25
U011947,10,0,3,3,0,4,1,4,14
U011948,10,0,4,4,5,7,0,0,9
U011949,8,1,4,3,1,2,1,0,11
U011950,14,4,5,2,0,5,1,0,23
U011951,17,2,6,5,0,5,1,2,29
U011952,7,2,3,5,3,5,1,1,18
U011953,14,0,6,3,1,2,0,0,13
U011954,17,5,4,3,1,5,1,0,19
U011955,9,2,7,2,2,3,1,2,17
U011956,16,2,4,1,0,2,2,1,18
U011957,11,6,9,3,0,5,1,0,25
U011958,7,1,2,4,1,5,3,1,20
U011959,8,0,6,0,2,1,0,1,5
U011960,18,0,8,3,0,2,1,0,18
U011961,8,0,6,3,0,6,1,0,19
U011962,10,4,3,4,0,9,2,3,23
U011963,20,4,3,5,1,4,0,2,32
U011964,10,1,4,3,0,2,0,1,16
U011965,10,2,6,3,1,2,0,1,20
U011966,6,1,9,3,1,8,0,1,20
U011967,12,3,0,3,5,1,0,0,9
U011968,10,0,4,2,1,4,1,1,14
U011969,13,3,9,1,0,7,0,1,20
U011970,15,4,3,9,0,5,2,1,29
U011971,17,1,6,3,2,6,3,2,14
U011972,5,0,1,3,4,3,0,2,14
U011973,5,0,1,2,3,2,1,0,9
U011974,16,1,7,6,0,8,3,0,35
U011975,11,1,10,3,0,6,2,2,16
U011976,14,1,5,3,1,8,0,1,24
U011977,11,1,10,2,0,6,0,0,17
U011978,8,0,4,3,0,6,0,2,10
U011979,13,0,0,3,1,5,1,0,13
U011980,12,0,6,2,1,2,2,0,16
U011981,17,2,7,9,0,6,2,1,16
U011982,15,1,5,1,0,8,0,0,19
U011983,14,3,5,5,0,7,2,0,27
U011984,10,2,5,2,0,6,3,0,32
U011985,10,0,6,2,0,7,2,1,19
U011986,17,4,10,7,0,9,1,0,21
U011987,21,5,15,3,0,12,0,1,27
U011988,21,5,8,5,0,7,3,2,22
U011989,9,6,9,0,0,2,0,1,24
U011990,18,5,1,3,0,4,1,0,13
U011991,11,0,9,4,0,5,2,1,23
U011992,19,3,3,9,1,4,1,0,16
U011993,12,0,11,6,0,10,1,0,20
U011994,13,5,9,4,0,6,3,0,22
U011995,6,0,3,3,3,3,0,1,12
U011996,4,0,1,1,1,2,0,0,17
U011997,15,2,4,1,1,8,1,1,22
U011998,6,0,1,1,7,4,1,0,8
U011999,20,6,6,4,1,6,3,2,23
U012000,9,5,1,0,7,2,1,1,17
U012001,11,2,4,6,0,4,1,1,30
U012002,11,5,7,3,2,10,2,1,25
U012003,13,0,3,1,0,5,2,0,12
U012004,16,2,10,5,2,4,1,1,30
U012005,11,0,2,3,0,3,1,1,20
U012006,12,1,6,2,0,9,2,1,18
U012007,17,1,7,1,3,5,1,0,25
U012008,15,3,6,2,0,6,1,2,27
U012009,12,0,7,0,1,3,1,3,12
U012010,7,0,5,0,1,8,1,0,14
U012011,13,0,9,4,0,3,2,1,27
U012012,15,2,6,1,0,5,1,0,21
U012013,8,1,6,1,0,7,2,0,13
U012014,10,5,3,2,0,5,0,0,24
U012015,6,2,3,3,2,4,1,0,11
U012016,14,1,4,5,3,8,3,1,27
U012017,14,1,7,0,0,3,0,1,19
U012018,12,1,8,1,0,5,0,1,11
U012019,19,4,10,3,0,7,1,2,28
U012020,12,0,4,4,0,4,0,1,17
U012021,11,1,7,4,0,3,0,0,18
U012022,11,3,11,3,0,7,2,0,18
U012023,8,0,4,4,0,4,4,1,15
U012024,9,0,5,2,1,4,1,2,17
U012025,13,1,6,0,0,4,0,2,16
U012026,7,0,8,2,1,6,0,1,9
U012027,18,2,3,3,0,7,1,1,19
U012028,6,0,1,2,2,5,0,2,10
U012029,6,0,2,1,4,5,0,0,13
U012030,13,2,11,3,0,7,2,1,28
U012031,12,0,3,5,0,3,1,1,19
U012032,14,0,6,3,0,3,1,0,8
U012033,11,2,1,1,3,4,0,1,14
U012034,17,2,10,1,0,5,1,2,10
U012035,20,2,9,5,0,11,2,4,34
U012036,12,1,11,1,0,8,1,1,21
U012037,11,5,8,1,0,5,0,3,23
U012038,17,8,5,4,1,8,1,0,21
U012039,32,3,10,4,0,11,4,1,34
U012040,9,2,2,7,0,6,1,3,21
U012041,15,4,9,0,0,5,1,0,20
U012042,19,2,9,3,0,11,0,0,13
U012043,7,0,8,2,0,9,0,0,10
U012044,15,5,5,0,2,4,0,1,30
U012045,6,0,1,2,0,6,2,0,11
U012046,6,1,6,2,2,7,0,2,18
U012047,11,1,4,1,0,4,0,1,14
U012048,13,0,5,3,1,8,0,4,21
U012049,11,0,4,1,0,4,0,1,22
U012050,9,1,5,5,1,5,0,0,21
U012051,17,1,3,3,0,2,1,1,24
U012052,8,6,7,2,0,4,2,1,19
U012053,10,1,4,4,0,7,2,0,31
U012054,10,2,2,1,0,1,1,1,15
U012055,22,0,2,2,1,8,3,1,20
U012056,22,5,6,3,0,9,4,0,31
U012057,9,1,4,0,0,5,1,2,15
U012058,18,2,9,5,2,9,2,0,23
U012059,11,1,6,4,1,4,2,0,24
U012060,18,2,4,2,0,7,1,2,28
U012061,8,0,4,3,0,6,2,0,6
U012062,11,1,14,4,0,0,1,1,27
U012063,8,2,1,5,1,4,0,0,27
U012064,14,4,6,3,6,9,4,0,16
U012065,9,0,4,1,0,3,0,0,16
U012066,15,3,8,5,1,6,1,1,19
U012067,8,0,7,1,0,5,1,1,14
U012068,9,0,3,3,0,7,2,0,18
U012069,10,5,8,4,1,5,2,0,17
U012070,13,0,4,1,1,4,0,1,12
U012071,18,2,6,3,0,8,0,2,24
U012072,16,2,6,3,0,4,1,1,21
U012073,19,0,5,1,0,6,0,1,15
U012074,15,3,5,1,0,5,1,1,17
U012075,7,0,11,0,0,3,0,1,18
U012076,16,1,4,2,1,7,0,0,14
U012077,21,4,7,5,0,13,2,1,27
U012078,23,8,10,6,0,3,2,1,31
U012079,11,5,2,7,2,2,3,1,20
U012080,14,3,7,4,0,5,0,0,14
U012081,11,2,2,3,5,4,0,1,16
U012082,13,3,9,3,0,2,0,0,15
U012083,11,2,1,1,2,1,1,0,23
U012084,11,5,7,2,4,8,3,1,25
U012085,16,2,3,2,0,7,1,2,20
U012086,13,4,4,5,0,4,1,1,21
U012087,15,5,9,2,0,9,0,3,16
U012088,12,0,4,3,0,5,0,2,16
U012089,11,4,10,3,0,7,0,1,32
U012090,13,2,9,1,0,10,0,1,27
U012091,20,6,4,4,0,10,1,1,14
U012092,11,4,6,4,0,4,1,1,23
U012093,13,3,3,4,0,4,0,0,18
U012094,12,2,4,3,1,2,1,2,21
U012095,14,5,8,4,1,8,1,1,43
U012096,18,3,7,6,1,16,1,0,27
U012097,7,1,5,1,3,7,0,0,10
U012098,20,2,4,3,0,4,2,0,29
U012099,16,4,7,3,0,6,1,1,21
U012100,10,3,4,3,0,5,1,3,17
U012101,13,5,6,3,0,4,0,0,20
U012102,10,1,8,3,1,12,1,3,29
U012103,13,1,11,2,0,5,1,2,19
U012104,11,0,4,1,0,6,0,1,18
U012105,14,0,4,3,0,2,0,0,14
U012106,13,3,3,5,0,5,1,2,21
U012107,10,1,4,2,1,3,1,0,13
U012108,13,1,4,6,0,1,2,2,18
U012109,15,0,4,3,1,5,1,0,13
U012110,5,1,5,2,0,6,2,0,23
U012111,14,2,8,1,1,2,2,0,18
U012112,13,2,5,5,0,1,2,0,14
U012113,7,1,10,2,0,6,0,0,10
U012114,13,0,6,2,1,4,0,1,14
U012115,7,1,4,6,0,2,1,0,30
U012116,15,4,4,1,3,3,2,1,14
U012117,20,2,9,2,0,7,3,1,28
U012118,11,3,7,1,0,7,1,1,21
U012119,9,0,4,4,0,4,3,0,10
U012120,20,5,5,3,0,3,1,0,16
U012121,13,1,5,7,2,7,1,1,24
U012122,14,2,7,7,0,6,1,1,28
U012123,14,4,2,4,0,6,2,3,14
U012124,23,4,10,7,1,9,3,0,36
U012125,7,0,6,3,1,4,1,2,22
U012126,19,4,16,3,2,5,2,0,29
U012127,12,3,5,2,0,2,0,0,33
U012128,12,2,6,2,2,6,1,2,16
U012129,6,0,8,4,0,5,1,0,14
U012130,13,6,5,4,0,7,0,0,29
U012131,13,1,8,4,1,5,1,0,25
U012132,9,1,7,1,4,3,0,1,1
U012133,16,2,9,4,6,4,1,1,24
U012134,7,6,6,0,2,4,1,2,22
U012135,20,2,11,7,1,7,0,1,22
U012136,13,3,4,2,0,6,2,0,14
U012137,13,1,2,4,1,2,2,1,20
U012138,10,1,3,2,1,3,0,2,12
U012139,16,2,6,10,0,8,1,0,25
U012140,4,0,11,3,1,3,1,0,18
U012141,11,2,6,1,1,6,2,1,17
U012142,19,3,9,4,0,6,2,0,26
U012143,14,2,2,0,0,6,0,0,28
U012144,13,1,5,4,0,8,0,1,11
U012145,11,1,8,3,0,3,1,1,22
U012146,17,0,6,1,0,9,1,4,11
U012147,9,0,6,0,1,5,2,0,13
U012148,14,2,6,6,0,8,0,1,27
U012149,17,4,7,4,0,1,0,0,21
U012150,6,1,6,3,0,3,1,0,15
U012151,18,4,6,3,0,4,1,1,21
U012152,24,4,9,7,1,7,1,3,14
U012153,7,0,2,2,3,6,1,1,13
U012154,12,4,8,5,1,7,0,0,12
U012155,18,4,10,2,1,5,3,1,35
U012156,10,1,5,2,0,7,2,0,13
U012157,18,5,8,6,0,7,2,3,32
U012158,10,0,3,3,0,7,1,1,17
U012159,14,3,19,5,0,9,4,1,27
U012160,18,1,6,8,0,11,3,1,28
U012161,19,5,4,4,0,7,2,3,18
U012162,10,1,2,1,0,5,1,2,18
U012163,21,5,7,3,0,8,2,0,21
U012164,10,0,2,2,0,1,1,2,22
U012165,11,4,7,5,0,8,2,1,27
U012166,18,4,9,4,1,1,1,1,19
U012167,13,4,9,3,0,7,2,3,24
U012168,18,2,9,3,0,2,0,1,24
U012169,5,0,0,2,1,3,0,0,14
U012170,22,2,2,0,0,4,0,0,17
U012171,12,3,4,6,1,3,1,1,20
U012172,9,0,1,0,0,6,3,0,23
U012173,13,8,11,4,1,12,3,1,29
U012174,5,0,4,0,4,2,1,0,13
U012175,23,1,9,2,0,8,1,0,22
U012176,14,3,5,1,0,5,0,0,15
U012177,8,1,9,1,0,3,1,1,15
U012178,12,4,6,3,0,8,1,2,21
U012179,8,1,4,3,0,14,1,1,21
U012180,13,0,5,4,3,7,0,1,17
U012181,5,2,0,2,0,3,0,0,15
U012182,18,0,5,4,1,8,0,0,16
U012183,17,4,5,6,0,4,1,2,19
U012184,9,1,3,1,0,3,1,1,12
U012185,11,4,4,0,0,1,1,2,17
U012186,3,0,4,2,4,2,0,0,12
U012187,20,2,10,3,0,8,3,2,22
U012188,9,0,8,2,1,4,1,0,20
U012189,15,3,5,0,1,5,1,4,14
U012190,20,0,6,7,1,5,2,1,22
U012191,10,4,4,2,2,2,2,1,7
U012192,14,2,9,7,0,1,0,0,24
U012193,12,7,4,6,0,11,0,2,25
U012194,11,2,9,3,0,4,0,1,16
U012195,18,5,3,7,1,8,1,0,25
U012196,10,11,7,5,0,3,3,3,19
U012197,14,3,12,5,0,5,2,2,34
U012198,17,0,7,4,0,6,0,1,25
U012199,14,2,4,1,0,2,0,3,17
U012200,20,0,4,7,0,2,0,0,10
U012201,10,0,4,2,0,1,2,1,18
U012202,19,2,9,7,0,4,3,1,38
U012203,11,0,2,2,1,2,1,0,8
U012204,11,2,3,4,0,14,1,1,19
U012205,14,4,5,0,1,9,0,1,11
U012206,10,1,3,2,2,5,0,1,12
U012207,14,4,2,2,0,6,2,2,21
U012208,15,1,5,0,1,12,5,0,20
U012209,22,4,3,4,0,8,1,0,17
U012210,11,0,5,3,1,4,4,0,18
U012211,19,1,7,5,0,12,3,2,32
U012212,9,4,7,0,5,5,1,1,22
U012213,5,0,2,1,4,5,0,0,11
U012214,11,2,0,2,1,4,2,1,24
U012215,14,2,5,4,1,6,0,0,19
U012216,24,4,12,6,0,6,3,1,27
U012217,13,4,4,2,0,6,1,2,20
U012218,12,2,8,2,1,6,0,1,27
U012219,19,4,4,1,0,10,3,0,16
U012220,9,2,5,2,0,6,3,1,19
U012221,12,3,4,2,2,9,1,2,18
U012222,18,4,8,3,0,5,3,0,13
U012223,14,2,5,4,0,7,1,0,18
U012224,12,9,8,3,0,6,2,0,22
U012225,9,1,7,4,0,9,1,0,15
U012226,13,2,3,4,0,8,3,1,17
U012227,12,1,5,4,0,4,1,0,13
U012228,9,0,6,2,0,8,1,1,18
U012229,14,0,5,2,0,4,1,1,14
U012230,13,0,4,3,0,2,1,0,19
U012231,13,2,9,4,3,2,1,2,14
U012232,20,1,6,2,2,10,0,1,22
U012233,5,4,5,0,3,3,0,0,19
U012234,12,2,5,6,0,9,2,1,26
U012235,15,2,2,3,0,7,3,1,25
U012236,9,0,3,1,1,4,1,1,23
U012237,9,0,5,1,0,5,2,0,20
U012238,8,2,8,4,0,8,0,1,19
U012239,16,2,5,5,1,9,3,1,16
U012240,17,1,4,3,0,7,1,1,17
U012241,14,1,3,1,0,5,0,1,20
U012242,17,3,9,3,1,7,1,4,37
U012243,20,1,3,7,0,8,1,0,17
U012244,23,4,5,2,0,6,2,2,31
U012245,10,3,3,2,0,3,2,0,16
U012246,11,0,3,2,0,4,0,0,24
U012247,9,1,3,4,1,4,1,1,12
U012248,7,5,4,6,1,3,2,0,11
U012249,17,2,4,2,0,2,4,0,37
U012250,8,5,4,2,0,2,2,2,19
U012251,9,5,6,5,3,6,1,2,19
U012252,18,2,7,3,0,7,3,1,18
U012253,16,5,8,3,0,6,0,1,25
U012254,9,0,6,4,0,7,0,4,8
U012255,11,4,4,0,2,7,1,1,12
U012256,8,2,5,1,5,3,1,0,18
U012257,6,1,3,0,2,2,0,1,14
U012258,7,0,2,3,0,6,4,0,17
U012259,17,6,9,3,0,10,1,0,31
U012260,18,3,2,4,0,7,2,0,29
U012261,7,1,6,1,3,5,0,0,12
U012262,10,0,3,2,0,4,0,1,11
U012263,13,10,6,4,0,6,1,1,32
U012264,17,2,5,1,0,10,4,0,31
U012265,14,0,3,5,4,5,1,0,27
U012266,15,3,8,2,0,4,2,1,23
U012267,17,1,4,2,1,2,1,0,19
U012268,14,1,2,5,3,3,1,3,13
U012269,14,5,4,5,2,8,2,0,28
U012270,12,3,3,3,0,6,1,0,23
U012271,12,2,5,2,5,7,0,2,18
U012272,14,7,8,5,1,9,1,0,32
U012273,12,5,6,0,1,7,0,0,23
U012274,15,1,5,3,0,8,1,2,19
U012275,22,4,2,2,0,2,2,0,22
U012276,15,3,4,3,0,9,5,2,17
U012277,9,0,4,2,0,6,1,0,13
U012278,11,4,4,5,2,7,1,1,29
U012279,12,4,2,3,0,4,1,2,24
U012280,12,4,8,7,5,8,1,0,22
U012281,9,6,11,6,3,6,3,2,25
U012282,16,2,6,1,0,1,1,1,22
U012283,14,2,5,5,2,5,1,1,16
U012284,7,0,5,3,1,3,1,1,21
U012285,6,1,1,1,1,2,1,1,10
U012286,17,4,3,2,0,7,3,0,25
U012287,11,3,10,6,1,9,1,1,29
U012288,17,4,2,4,0,6,2,1,28
U012289,18,5,5,2,2,6,2,1,25
U012290,14,2,1,4,2,11,0,0,19
U012291,21,4,8,5,0,8,2,2,26
U012292,15,4,3,0,1,4,2,0,18
U012293,9,0,1,1,2,2,1,0,14
U012294,7,2,4,2,1,2,1,0,24
U012295,8,1,3,6,0,3,1,0,20
U012296,10,1,4,3,0,9,0,0,22
U012297,13,5,8,5,1,10,3,2,24
U012298,11,0,3,3,0,5,1,0,14
U012299,11,1,9,5,2,7,2,3,24
U012300,10,1,8,4,0,6,1,4,25
U012301,16,2,7,6,1,3,2,3,22
U012302,10,0,5,1,4,7,1,0,22
U012303,11,0,6,3,8,0,0,0,15
U012304,17,2,9,5,0,6,0,0,40
U012305,12,4,6,3,1,5,1,2,18
U012306,11,4,2,1,0,12,5,0,28
U012307,9,0,3,2,1,1,0,1,16
U012308,13,1,8,5,2,4,1,3,25
U012309,16,0,9,1,1,4,1,0,19
U012310,18,1,10,5,1,8,2,0,26
U012311,15,4,6,3,0,5,2,1,22
U012312,18,2,3,4,0,6,1,1,25
U012313,14,0,5,0,2,3,0,0,17
U012314,16,3,8,2,0,3,1,0,16
U012315,18,3,6,2,0,8,1,0,17
U012316,13,5,5,3,0,6,1,1,20
U012317,12,2,5,4,2,6,0,1,30
U012318,10,0,8,3,0,2,3,0,14
U012319,14,0,5,2,0,6,0,1,26
U012320,9,1,4,2,1,2,1,1,16
U012321,12,1,6,1,0,6,1,2,19
U012322,14,6,5,3,0,9,0,3,31
U012323,13,3,9,0,0,2,0,1,19
U012324,17,2,9,3,0,7,1,2,27
U012325,12,3,7,1,1,5,1,1,26
U012326,9,1,7,2,0,7,2,1,22
U012327,12,1,7,3,0,5,0,1,11
U012328,11,3,5,2,0,6,3,0,21
U012329,5,0,4,0,0,1,1,0,14
U012330,15,2,5,5,0,4,1,1,16
U012331,18,2,5,4,0,11,2,0,18
U012332,21,4,6,3,0,4,0,0,29
U012333,9,1,5,2,0,7,1,3,12
U012334,23,6,6,4,0,11,0,1,25
U012335,13,0,7,2,1,5,1,0,21
U012336,15,2,11,5,0,8,0,0,21
U012337,10,1,4,1,2,7,1,1,14
U012338,16,1,11,4,0,10,1,1,31
U012339,8,0,4,3,0,1,1,3,14
U012340,17,3,8,1,0,6,3,4,27
U012341,17,2,6,0,0,4,0,2,23
U012342,15,3,9,5,3,3,2,0,14
U012343,18,5,5,3,0,5,2,0,30
U012344,13,2,6,1,1,4,1,1,29
U012345,13,0,4,3,1,4,1,1,19
U012346,12,0,9,1,0,2,1,1,20
U012347,21,3,7,3,0,6,0,0,19
U012348,11,5,6,7,1,2,0,1,23
U012349,9,0,3,2,0,7,0,0,19
U012350,18,4,7,8,1,5,0,1,32
U012351,10,1,3,1,1,2,0,0,21
U012352,11,1,3,4,0,3,0,0,17
U012353,12,4,10,3,0,12,0,3,29
U012354,15,1,9,0,0,7,0,0,22
U012355,12,2,4,2,9,5,1,1,15
U012356,11,3,11,4,1,4,2,0,33
U012357,12,2,6,2,0,1,0,3,13
U012358,15,0,2,2,1,5,3,0,19
U012359,18,4,10,4,1,8,3,0,37
U012360,15,6,2,1,1,5,0,0,23
U012361,13,4,5,4,1,10,1,1,20
U012362,12,1,2,0,0,4,0,3,20
U012363,17,2,7,3,0,4,0,0,22
U012364,12,0,2,3,0,4,3,0,11
U012365,6,1,4,1,0,3,0,1,22
U012366,14,0,9,4,0,4,1,2,15
U012367,8,1,3,1,0,3,1,2,15
U012368,14,1,7,2,0,5,1,3,14
U012369,15,0,9,5,0,5,2,0,12
U012370,14,0,7,1,5,4,3,1,10
U012371,3,0,8,2,1,4,1,0,11
U012372,6,0,2,2,0,5,1,3,23
U012373,6,0,7,0,3,3,0,0,16
U012374,18,6,8,2,0,10,3,0,23
U012375,12,5,4,3,0,9,0,1,23
U012376,11,2,6,2,0,2,3,2,17
U012377,11,1,1,0,0,7,1,1,16
U012378,12,0,3,1,0,7,2,2,21
U012379,7,1,8,1,1,5,1,0,13
U012380,7,0,2,1,1,5,1,1,7
U012381,19,0,8,3,4,5,2,1,22
U012382,10,0,7,2,0,3,0,0,21
U012383,17,1,5,1,0,4,0,1,20
U012384,17,0,9,3,0,4,0,2,12
U012385,12,0,3,2,0,6,0,1,17
U012386,5,0,2,3,3,3,0,1,16
U012387,17,3,7,7,1,3,0,0,24
U012388,12,4,11,5,0,7,1,1,29
U012389,27,3,8,1,0,5,3,0,36
U012390,12,0,4,1,2,2,0,1,10
U012391,10,1,6,3,0,5,3,1,17
U012392,11,7,6,1,0,2,1,1,14
U012393,9,2,6,2,0,5,1,0,27
U012394,11,0,4,3,0,6,1,0,16
U012395,17,3,10,2,1,7,2,0,22
U012396,13,1,13,9,1,8,3,2,24
U012397,17,1,6,0,0,4,3,0,21
U012398,17,2,4,7,0,5,2,1,21
U012399,13,2,6,0,0,5,0,3,16
U012400,11,1,3,1,4,7,2,1,7
U012401,14,1,12,3,1,5,2,0,11
U012402,15,0,11,2,0,3,2,2,12
U012403,15,3,8,1,0,5,1,2,28
U012404,20,5,9,10,0,9,2,2,25
U012405,13,0,3,3,1,4,1,0,25
U012406,7,2,4,4,1,5,2,0,19
U012407,8,2,3,2,0,6,1,0,15
U012408,12,0,1,5,0,7,1,0,10
U012409,11,3,3,2,0,5,1,2,19
U012410,15,7,10,4,2,8,2,1,32
U012411,18,5,7,6,0,7,1,0,24
U012412,6,0,6,1,0,7,2,1,17
U012413,20,2,3,6,0,5,0,1,32
U012414,10,1,6,2,6,9,1,0,25
U012415,13,2,7,6,0,7,1,1,23
U012416,10,0,2,1,2,5,2,1,18
U012417,12,0,1,3,0,5,2,1,23
U012418,10,4,9,4,3,2,0,0,8
U012419,11,2,5,3,0,3,3,2,20
U012420,14,3,6,3,1,5,2,1,8
U012421,17,2,6,2,0,8,0,1,14
U012422,9,1,6,4,0,9,0,1,22
U012423,9,0,3,0,2,2,1,0,8
U012424,9,7,9,5,0,3,1,1,21
U012425,23,3,11,3,0,9,2,3,28
U012426,13,1,7,2,1,5,0,0,21
U012427,7,2,3,0,3,3,1,0,12
U012428,11,0,7,4,0,9,1,1,21
U012429,8,0,5,3,0,8,0,1,18
U012430,17,3,6,4,1,6,0,3,31
U012431,17,1,8,2,0,7,3,1,25
U012432,3,0,4,2,4,4,1,0,10
U012433,13,6,4,3,0,10,1,1,35
U012434,13,1,8,5,0,5,2,0,16
U012435,15,3,10,3,0,8,0,2,19
U012436,20,0,4,1,0,3,0,2,23
U012437,15,0,3,1,0,4,2,1,18
U012438,16,2,5,4,0,5,1,2,24
U012439,6,3,5,3,6,4,0,1,10
U012440,8,3,0,1,0,7,2,2,14
U012441,11,3,7,4,1,5,2,0,26
U012442,13,4,7,5,2,8,1,2,25
U012443,16,1,1,0,0,6,0,0,22
U012444,2,0,3,0,2,3,1,1,7
U012445,18,2,8,3,0,1,3,2,16
U012446,13,0,7,2,0,7,2,3,28
U012447,15,2,10,9,0,7,0,2,25
U012448,13,1,1,4,1,7,1,0,16
U012449,5,1,9,1,1,6,2,0,35
U012450,18,1,9,1,0,7,4,0,16
U012451,7,1,3,2,0,3,0,0,16
U012452,19,0,7,4,0,5,0,1,26
U012453,12,1,5,4,1,3,1,1,23
U012454,13,0,6,1,0,3,3,0,20
U012455,10,2,9,0,1,4,1,0,19
U012456,8,2,2,3,7,4,2,0,20
U012457,12,1,6,2,1,4,1,0,19
U012458,3,1,8,2,0,3,0,0,21
U012459,11,2,7,4,4,5,1,1,19
U012460,10,1,3,3,2,4,1,2,33
U012461,20,3,8,6,0,6,0,2,20
U012462,15,3,5,2,0,1,1,1,19
U012463,15,1,3,1,2,6,2,0,24
U012464,9,4,7,2,0,2,1,1,21
U012465,13,0,4,2,1,2,1,1,17
U012466,16,1,6,2,0,3,1,2,18
U012467,10,1,3,2,0,3,0,1,13
U012468,15,2,5,1,2,3,1,1,15
U012469,11,0,2,2,0,7,4,1,27
U012470,8,4,7,3,1,6,0,0,27
U012471,17,3,7,3,0,9,1,1,18
U012472,11,0,7,3,0,7,1,2,20
U012473,10,5,4,1,1,7,3,0,19
U012474,8,0,2,4,2,3,0,0,4
U012475,9,0,2,2,4,2,0,0,14
U012476,10,5,7,2,2,7,0,0,15
U012477,9,6,6,6,0,8,3,1,18
U012478,14,5,6,2,0,3,1,0,26
U012479,25,4,11,3,1,6,2,0,19
U012480,15,3,9,4,1,2,3,1,15
U012481,9,0,6,3,1,5,2,0,20
U012482,14,1,9,8,0,7,1,0,25
U012483,11,1,5,0,5,4,0,2,15
U012484,24,2,2,4,2,3,2,0,15
U012485,16,1,3,0,0,3,1,2,24
U012486,9,4,2,2,1,2,1,0,15
U012487,10,2,3,3,3,8,1,1,19
U012488,13,5,7,3,1,5,5,1,23
U012489,15,1,6,7,1,4,2,1,30
U012490,13,0,8,2,0,5,1,2,16
U012491,13,6,5,5,5,9,4,1,14
U012492,11,1,5,4,0,4,1,1,19
U012493,10,1,4,0,4,5,1,0,16
U012494,13,2,11,0,1,8,1,1,24
U012495,11,3,9,4,1,5,1,0,16
U012496,9,0,5,5,0,6,0,3,18
U012497,19,4,5,0,1,7,1,4,19
U012498,12,5,8,5,0,6,1,0,17
U012499,12,8,3,2,1,4,1,1,33
U012500,14,2,6,2,0,4,0,0,23
U012501,11,0,6,4,0,4,0,2,22
U012502,11,3,7,1,0,3,1,3,27
U012503,15,2,7,5,1,6,3,0,25
U012504,10,0,6,1,1,6,0,2,17
U012505,12,1,5,1,2,6,2,0,19
U012506,11,1,3,0,5,4,1,0,13
U012507,21,2,1,2,0,5,1,2,17
U012508,14,5,2,4,0,7,0,0,25
U012509,10,5,6,1,0,6,2,2,25
U012510,12,0,5,3,0,2,0,0,17
U012511,9,2,7,4,0,5,1,1,23
U012512,16,3,5,3,0,6,2,1,21
U012513,21,2,6,7,1,12,5,1,34
U012514,13,1,9,6,3,3,0,0,17
U012515,13,4,8,4,0,5,1,1,34
U012516,19,4,11,2,0,8,1,0,20
U012517,7,0,8,6,0,4,2,1,18
U012518,14,3,8,2,1,3,1,1,16
U012519,17,6,11,4,0,4,0,1,22
U012520,17,3,7,6,1,3,1,4,19
U012521,8,0,3,1,2,3,1,3,15
U012522,13,4,2,3,0,2,1,0,22
U012523,7,2,6,4,1,4,1,2,18
U012524,14,1,6,3,0,3,0,2,23
U012525,8,3,4,2,0,6,1,1,20
U012526,13,3,4,4,0,7,0,2,31
U012527,7,0,6,2,1,2,1,0,18
U012528,12,0,1,1,0,2,0,0,16
U012529,18,4,5,4,1,11,3,1,29
U012530,15,3,5,5,0,3,0,3,23
U012531,17,5,8,3,1,1,2,2,30
U012532,6,0,4,3,0,1,0,1,19
U012533,15,1,4,5,1,7,0,3,19
U012534,12,1,4,2,0,2,0,2,25
U012535,8,1,3,0,2,1,0,2,10
U012536,9,2,4,2,0,2,1,1,14
U012537,11,6,7,3,1,9,0,1,26
U012538,20,4,4,3,0,5,4,1,20
U012539,19,2,5,3,0,2,0,1,6
U012540,9,0,7,6,1,3,1,0,10
U012541,11,3,8,3,6,7,2,2,11
U012542,22,2,5,3,0,7,2,3,19
U012543,16,3,2,4,0,7,0,0,24
U012544,15,1,11,2,2,6,1,0,19
U012545,19,0,6,3,0,2,0,1,15
U012546,9,2,4,2,3,3,1,0,15
U012547,11,1,4,3,2,6,1,1,29
U012548,15,0,12,3,2,11,3,0,23
U012549,8,1,1,4,7,5,3,1,14
U012550,13,3,6,5,0,9,1,2,24
U012551,12,4,12,3,1,7,1,3,30
U012552,5,1,5,0,3,4,2,3,18
U012553,13,3,6,2,0,3,2,0,28
U012554,16,3,5,2,0,7,0,3,21
U012555,11,7,3,1,3,8,0,0,13
U012556,16,0,5,3,0,3,1,3,11
U012557,5,1,7,2,0,7,2,0,19
U012558,16,0,8,4,0,6,1,1,23
U012559,10,1,3,1,7,5,3,0,19
U012560,8,2,3,1,0,7,2,0,31
U012561,16,6,5,4,0,5,1,1,22
U012562,7,3,3,1,1,5,0,1,11
U012563,11,5,9,4,0,8,3,0,22
U012564,19,2,13,5,0,16,1,0,25
U012565,19,5,5,3,5,8,1,2,23
U012566,8,2,2,3,1,3,2,0,15
U012567,20,6,8,3,0,10,2,1,24
U012568,9,3,9,2,0,8,3,0,24
U012569,6,0,2,0,0,9,3,0,13
U012570,9,1,4,3,0,8,1,0,20
U012571,13,1,7,3,0,7,1,0,22
U012572,12,3,5,5,1,11,3,0,19
U012573,17,0,6,3,4,6,2,1,24
U012574,13,3,5,5,1,4,1,0,29
U012575,11,2,9,2,0,2,1,2,21
U012576,9,1,3,3,0,6,0,1,16
U012577,10,0,7,0,0,1,0,1,19
U012578,9,4,8,0,3,4,3,2,12
U012579,5,1,4,1,2,2,0,2,11
U012580,16,2,8,4,1,4,1,1,29
U012581,5,3,5,3,1,5,1,3,19
U012582,9,1,5,1,0,2,4,1,16
U012583,13,2,5,3,0,2,2,1,21
U012584,12,3,4,1,3,3,0,2,17
U012585,9,2,8,5,1,6,2,0,25
U012586,10,1,5,4,1,4,0,0,17
U012587,14,0,1,1,0,3,1,2,13
U012588,8,0,3,3,0,3,0,0,16
U012589,12,1,3,3,0,7,1,0,27
U012590,10,1,3,1,0,5,0,0,20
U012591,15,2,12,3,4,3,0,2,13
U012592,19,2,2,2,0,3,1,2,14
U012593,18,2,6,2,0,12,1,1,20
U012594,13,2,5,3,0,8,1,0,19
U012595,14,0,6,2,0,7,0,2,12
U012596,11,2,9,4,0,5,2,0,12
U012597,13,0,6,1,0,4,1,4,22
U012598,16,0,3,3,1,4,0,0,13
U012599,12,1,7,3,1,4,0,1,20
U012600,15,3,5,3,0,6,2,1,21
U012601,5,0,3,4,1,3,1,0,16
U012602,11,0,1,2,6,2,0,0,8
U012603,18,6,5,7,0,4,2,0,25
U012604,10,2,7,4,0,8,2,1,29
U012605,6,0,4,0,3,1,0,0,10
U012606,17,3,7,7,0,7,2,0,17
U012607,24,2,7,6,1,7,2,0,28
U012608,6,0,3,2,2,4,0,0,12
U012609,18,3,7,5,0,9,1,0,21
U012610,10,1,4,2,2,2,0,0,16
U012611,14,1,8,3,1,7,0,1,29
U012612,15,5,9,3,4,4,0,1,25
U012613,11,0,4,1,0,2,2,4,14
U012614,12,4,7,5,0,8,0,1,19
U012615,18,1,2,2,0,8,1,4,17
U012616,18,0,6,7,0,8,3,1,28
U012617,15,3,6,4,0,4,2,1,22
U012618,10,4,5,5,0,7,0,0,27
U012619,13,4,2,3,1,5,0,0,10
U012620,16,6,5,2,1,8,1,1,25
U012621,6,0,3,3,1,7,0,1,13
U012622,11,1,9,0,0,3,1,1,23
U012623,8,0,1,2,7,5,1,1,15
U012624,14,5,6,3,3,4,1,0,15
U012625,7,4,6,0,0,8,2,2,22
U012626,18,5,7,1,0,7,3,1,20
U012627,7,1,5,0,0,4,2,1,11
U012628,7,4,4,3,6,2,2,1,21
U012629,5,0,6,3,1,3,1,0,16
U012630,15,0,4,1,1,7,1,0,16
U012631,19,4,2,3,1,5,0,0,21
U012632,9,3,1,2,0,6,1,0,8
U012633,11,3,11,5,4,7,0,2,20
U012634,8,0,3,1,1,2,0,1,21
U012635,11,5,8,0,0,7,1,2,23
U012636,25,4,5,7,0,10,1,3,28
U012637,14,2,2,5,0,4,0,1,19
U012638,16,2,3,0,7,7,1,0,16
U012639,11,2,4,1,1,0,1,2,21
U012640,11,0,9,1,1,10,0,0,14
U012641,17,1,7,3,0,10,4,3,31
U012642,18,2,13,1,0,3,1,0,31
U012643,18,5,8,2,7,6,1,1,14
U012644,18,4,7,6,2,7,3,2,21
U012645,19,3,7,0,0,9,0,0,20
U012646,14,2,7,6,0,8,2,1,16
U012647,13,1,10,4,1,7,1,0,29
U012648,13,2,7,2,0,5,2,0,25
U012649,14,0,9,0,0,1,3,1,14
U012650,6,0,6,3,0,6,0,2,24
U012651,16,4,9,3,0,4,0,1,33
U012652,15,5,7,4,0,6,2,0,19
U012653,10,3,6,5,1,8,3,0,20
U012654,6,0,4,3,0,3,1,1,13
U012655,15,0,3,1,1,4,0,0,22
U012656,10,1,6,3,3,3,0,0,17
U012657,16,2,5,4,0,9,2,0,29
U012658,17,2,4,4,0,7,2,2,20
U012659,10,1,5,1,5,6,2,0,16
U012660,9,1,3,0,2,2,1,0,14
U012661,10,5,4,3,1,3,3,2,21
U012662,11,2,5,4,0,10,2,0,22
U012663,11,1,5,1,0,7,1,2,19
U012664,14,2,9,6,0,2,2,1,32
U012665,9,0,6,3,1,6,2,2,13
U012666,11,8,6,0,0,10,5,2,25
U012667,10,2,2,2,5,2,2,0,19
U012668,12,1,4,4,0,4,1,3,11
U012669,10,3,3,5,0,7,0,1,27
U012670,12,2,2,2,0,6,0,2,24
U012671,11,1,3,2,0,6,1,1,17
U012672,10,1,1,1,2,3,2,1,13
U012673,18,5,6,4,1,2,2,2,22
U012674,19,4,5,1,0,9,0,0,26
U012675,16,0,5,0,0,4,2,0,24
U012676,13,1,5,1,2,3,2,0,17
U012677,16,2,12,2,0,6,2,3,22
U012678,12,2,6,4,4,3,2,1,13
U012679,12,4,5,4,0,9,1,1,27
U012680,21,5,13,3,0,6,1,2,27
U012681,12,0,2,1,7,4,0,1,18
U012682,8,1,4,0,0,2,1,2,15
U012683,12,0,4,4,0,5,0,0,22
U012684,12,0,2,2,0,0,0,0,13
U012685,12,5,5,4,0,3,1,1,16
U012686,15,2,16,0,0,10,3,1,31
U012687,17,3,9,4,1,5,1,2,28
U012688,14,2,4,2,1,5,0,1,22
U012689,19,1,7,5,3,4,1,1,17
U012690,25,0,4,2,1,5,1,1,10
U012691,14,0,4,3,0,3,1,0,23
U012692,18,2,6,7,0,8,2,0,23
U012693,8,1,5,4,0,3,0,0,16
U012694,13,1,7,2,0,5,0,0,24
U012695,24,3,9,2,0,7,1,2,26
U012696,3,0,7,3,0,4,0,0,22
U012697,16,3,4,2,0,8,1,2,19
U012698,13,0,4,1,0,1,1,1,18
U012699,6,0,5,2,0,6,0,1,14
U012700,16,2,6,3,0,6,1,2,24
U012701,13,3,5,4,0,9,2,0,22
U012702,12,4,6,2,1,4,2,0,18
U012703,10,0,4,1,0,3,0,0,16
U012704,15,3,2,3,0,7,2,0,23
U012705,19,2,6,1,1,7,2,1,30
U012706,14,4,9,3,1,8,1,0,25
U012707,15,5,5,1,0,8,0,0,25
U012708,15,1,3,7,0,6,3,2,14
U012709,10,3,4,3,1,11,1,1,21
U012710,18,2,7,4,0,10,1,1,26
U012711,15,2,4,4,1,7,2,1,22
U012712,16,0,4,3,0,4,2,1,27
U012713,15,4,2,4,2,13,0,0,26
U012714,6,1,6,1,0,2,0,1,13
U012715,16,1,6,1,0,5,0,0,23
U012716,15,6,3,4,0,4,0,0,26
U012717,6,0,0,1,4,2,1,1,11
U012718,10,1,8,2,2,7,1,0,20
U012719,14,1,8,1,0,12,2,1,20
U012720,14,0,4,3,1,8,2,1,23
U012721,16,6,5,2,2,3,2,0,19
U012722,17,5,7,4,0,10,1,0,27
U012723,13,1,3,1,0,6,0,0,20
U012724,16,2,7,1,0,5,0,0,21
U012725,18,1,5,3,0,5,1,0,9
U012726,15,6,5,4,3,5,0,0,19
U012727,10,0,4,3,0,6,0,0,20
U012728,15,5,8,4,0,7,4,3,31
U012729,17,5,10,2,1,5,0,0,21
U012730,16,5,6,4,0,5,0,0,18
U012731,12,3,4,2,6,6,2,1,24
U012732,14,2,4,1,0,6,0,0,10
U012733,10,1,5,2,0,7,3,0,12
U012734,13,3,6,0,0,12,3,3,29
U012735,17,1,9,2,0,7,4,3,20
U012736,12,2,4,6,0,9,0,1,21
U012737,7,6,1,1,1,3,0,2,16
U012738,17,1,7,1,1,6,1,1,31
U012739,12,3,6,1,4,2,0,0,13
U012740,11,2,10,1,1,9,1,0,26
U012741,10,0,7,2,0,2,2,0,19
U012742,16,0,2,1,1,2,1,2,15
U012743,14,3,5,4,5,1,0,1,20
U012744,15,3,3,5,1,7,0,1,20
U012745,14,2,4,4,1,6,1,2,28
U012746,13,9,13,4,1,11,4,0,21
U012747,11,0,7,1,8,3,1,1,24
U012748,17,5,5,1,1,6,2,1,25
U012749,6,1,2,1,1,2,0,1,7
U012750,12,1,4,2,2,7,2,0,16
U012751,11,0,2,3,9,7,0,0,16
U012752,17,2,9,2,0,9,1,0,23
U012753,8,0,3,3,2,2,1,0,11
U012754,15,0,6,2,0,9,2,0,32
U012755,21,2,2,4,0,4,2,0,23
U012756,4,0,6,5,0,2,0,0,13
U012757,17,3,4,3,0,5,1,0,26
U012758,13,0,10,3,1,1,0,0,17
U012759,10,2,5,1,1,7,1,1,23
U012760,16,4,7,4,1,6,0,0,15
U012761,11,2,8,2,5,2,1,0,21
U012762,19,2,7,0,1,4,0,1,22
U012763,21,2,4,3,0,1,2,2,10
U012764,20,4,5,4,0,8,2,1,28
U012765,21,3,11,1,0,8,2,1,26
U012766,16,8,5,3,0,8,2,3,25
U012767,17,10,10,7,0,9,1,0,21
U012768,14,2,6,2,2,4,0,1,23
U012769,12,6,6,4,1,4,5,0,17
U012770,10,3,6,1,3,3,0,2,26
U012771,14,2,3,4,0,10,2,1,26
U012772,10,2,5,2,0,4,2,2,14
U012773,2,1,5,1,3,4,1,1,19
U012774,10,2,4,1,1,6,2,1,11
U012775,17,4,7,0,1,8,2,2,14
U012776,10,0,7,2,0,6,2,1,19
U012777,11,2,0,3,1,7,2,3,18
U012778,7,5,5,3,0,10,1,0,28
U012779,16,3,5,6,0,2,1,1,19
U012780,16,5,6,0,0,13,1,1,25
U012781,16,4,7,3,0,4,2,0,27
U012782,11,2,5,3,0,7,1,3,14
U012783,9,2,10,5,0,4,0,0,21
U012784,13,1,11,0,0,3,1,2,18
U012785,4,0,2,2,1,2,1,2,14
U012786,17,0,10,3,1,2,1,1,22
U012787,16,2,2,4,0,4,1,5,17
U012788,16,2,6,4,0,7,3,2,25
U012789,12,0,8,1,1,8,1,1,19
U012790,9,1,4,3,1,6,1,1,14
U012791,17,3,7,6,0,8,0,0,32
U012792,21,4,12,4,0,6,0,0,31
U012793,14,2,5,5,6,0,0,0,20
U012794,17,2,3,4,0,7,2,2,23
U012795,12,3,9,5,5,5,0,0,26
U012796,8,1,6,1,0,6,1,2,12
U012797,18,1,7,5,0,8,2,2,30
U012798,11,1,3,0,0,5,2,1,14
U012799,11,1,5,2,0,8,1,0,23
U012800,13,5,7,4,1,9,1,0,42
U012801,26,5,6,1,0,8,3,0,13
U012802,5,0,5,1,3,2,0,1,12
U012803,11,1,4,2,0,4,0,1,26
U012804,8,2,3,3,0,4,1,2,18
U012805,12,2,5,1,1,6,1,2,19
U012806,14,1,7,3,0,9,1,0,16
U012807,13,2,4,6,1,7,0,1,17
U012808,15,4,6,5,0,14,4,1,37
U012809,10,2,3,3,0,8,2,0,21
U012810,22,1,5,3,0,6,2,1,22
U012811,17,3,7,0,0,3,0,0,15
U012812,21,7,6,5,0,13,1,0,34
U012813,3,1,5,1,1,7,0,0,12
U012814,12,0,5,5,0,3,0,0,16
U012815,12,0,4,1,0,3,2,0,20
U012816,11,1,9,3,0,7,1,1,9
U012817,13,3,3,2,3,5,4,0,15
U012818,13,8,9,4,1,5,3,0,21
U012819,9,3,7,2,0,4,2,1,16
U012820,12,4,4,1,5,6,0,0,20
U012821,23,5,11,0,0,3,0,1,24
U012822,16,3,4,2,1,4,0,0,14
U012823,11,2,7,3,3,5,0,1,9
U012824,5,0,4,1,3,0,0,1,12
U012825,14,0,7,4,1,5,0,0,13
U012826,18,4,9,5,1,3,0,2,19
U012827,19,2,10,3,1,10,1,0,24
U012828,9,1,3,5,0,5,2,1,19
U012829,8,2,5,3,0,3,2,1,15
U012830,12,2,8,3,9,3,0,0,30
U012831,10,1,5,1,1,2,1,1,15
U012832,10,5,3,9,0,4,0,1,19
U012833,11,3,5,2,0,3,3,1,15
U012834,19,1,10,3,1,5,1,2,23
U012835,24,1,5,4,0,6,1,0,25
U012836,31,4,15,6,0,7,1,0,35
U012837,14,3,3,3,0,5,0,0,21
U012838,13,2,8,2,0,6,1,0,17
U012839,11,0,4,4,1,5,1,1,16
U012840,12,3,4,2,0,4,4,2,16
U012841,17,3,5,5,1,11,1,3,21
U012842,20,8,10,3,1,8,4,0,31
U012843,9,0,2,0,5,5,1,0,10
U012844,21,2,5,3,0,8,0,1,25
U012845,16,3,3,3,1,11,2,1,15
U012846,12,1,0,4,1,4,1,1,16
U012847,17,3,8,4,0,7,0,0,20
U012848,12,1,9,1,0,5,2,1,20
U012849,11,1,5,0,0,3,0,2,12
U012850,13,3,7,2,1,7,2,2,16
U012851,10,0,5,2,0,6,1,1,17
U012852,15,4,7,2,0,9,1,1,18
U012853,5,2,4,1,0,3,1,0,11
U012854,16,6,7,3,0,3,0,0,21
U012855,17,4,11,4,0,7,1,1,29
U012856,10,0,2,0,1,3,1,1,10
U012857,11,0,6,0,1,4,1,0,17
U012858,14,4,5,5,0,8,4,2,24
U012859,12,0,8,5,0,7,2,2,30
U012860,14,3,5,3,5,8,1,1,12
U012861,17,0,5,0,0,8,1,2,17
U012862,8,0,2,1,1,2,1,2,14
U012863,23,2,9,5,0,10,2,2,28
U012864,17,2,6,2,6,6,0,0,22
U012865,10,0,4,7,5,2,0,0,16
U012866,7,2,10,2,0,4,1,1,23
U012867,12,2,9,1,3,6,1,1,22
U012868,9,0,4,3,1,3,1,0,9
U012869,20,0,7,2,1,2,1,0,20
U012870,13,3,6,1,1,4,0,0,13
U012871,12,0,7,1,0,3,0,0,18
U012872,15,2,5,3,0,5,2,1,18
U012873,17,3,6,1,0,7,0,1,23
U012874,17,1,6,1,8,5,1,2,17
U012875,13,4,3,6,0,10,2,2,30
U012876,8,0,2,2,1,3,2,0,12
U012877,20,4,10,3,0,8,4,2,32
U012878,11,0,5,0,1,4,1,1,17
U012879,11,0,6,8,0,3,1,1,14
U012880,17,2,2,3,0,4,1,1,17
U012881,12,5,11,4,0,3,2,0,25
U012882,22,4,7,1,2,8,1,1,31
U012883,17,5,9,2,0,6,1,1,22
U012884,10,0,6,3,1,5,2,0,19
U012885,16,3,6,2,0,7,1,0,20
U012886,15,4,8,5,0,4,1,0,32
U012887,13,2,10,1,0,8,1,1,25
U012888,14,2,11,2,0,6,0,2,24
U012889,14,4,4,3,0,7,0,0,21
U012890,19,3,6,3,5,3,2,0,26
U012891,9,3,8,0,2,6,0,1,23
U012892,11,7,7,3,10,3,0,2,23
U012893,8,2,5,7,0,1,0,0,15
U012894,13,2,4,0,2,7,2,1,23
U012895,12,2,7,4,3,5,1,2,19
U012896,10,4,8,2,0,8,3,1,26
U012897,21,5,14,7,0,11,2,2,26
U012898,15,1,4,6,0,3,0,0,13
U012899,15,3,7,2,4,5,1,0,24
U012900,14,3,4,4,0,11,4,2,18
U012901,11,2,6,1,3,4,2,0,16
U012902,14,0,11,3,0,5,0,1,16
U012903,13,3,10,4,1,14,1,1,27
U012904,10,3,5,4,1,4,0,1,17
U012905,7,0,4,2,0,6,1,1,17
U012906,11,2,4,2,0,2,1,0,14
U012907,12,5,6,3,1,9,1,1,29
U012908,14,1,3,1,4,7,1,0,20
U012909,17,1,8,5,0,2,1,2,17
U012910,14,0,4,2,0,4,3,2,15
U012911,22,1,9,5,0,9,1,3,31
U012912,16,3,8,3,0,4,4,0,18
U012913,5,0,4,3,3,1,0,2,14
U012914,10,2,7,2,1,10,4,1,20
U012915,10,1,6,1,0,6,1,1,15
U012916,12,0,4,4,0,2,1,0,27
U012917,11,1,6,1,0,3,2,0,20
U012918,13,1,5,4,1,8,1,3,10
U012919,12,3,7,1,1,4,2,1,14
U012920,14,0,6,3,0,4,0,2,24
U012921,11,4,3,7,1,4,1,0,18
U012922,16,0,2,5,0,5,1,0,24
U012923,8,1,5,2,3,2,2,0,17
U012924,9,0,5,0,0,6,0,1,17
U012925,13,1,7,2,1,6,1,1,13
U012926,15,5,6,0,1,4,1,0,30
U012927,8,2,5,2,0,8,1,0,11
U012928,9,2,9,3,0,5,1,1,21
U012929,14,1,7,0,0,5,1,0,20
U012930,15,1,6,3,0,8,0,2,17
U012931,13,1,5,0,1,5,2,0,18
U012932,12,0,3,2,0,2,1,1,20
U012933,16,3,5,5,2,12,1,1,25
U012934,8,2,2,1,0,2,2,0,11
U012935,13,0,3,3,1,6,0,3,16
U012936,8,4,0,2,4,5,0,2,17
U012937,20,2,5,1,1,5,2,0,22
U012938,22,3,7,6,1,8,4,0,35
U012939,21,5,10,4,1,4,2,1,19
U012940,13,2,7,8,0,3,0,0,21
U012941,13,1,4,4,0,3,0,0,13
U012942,13,4,6,3,6,8,1,1,14
U012943,16,2,4,3,1,6,2,3,22
U012944,8,1,5,5,1,5,1,1,26
U012945,20,5,2,4,0,10,1,1,28
U012946,11,1,5,3,0,5,0,1,24
U012947,18,0,6,5,0,3,0,1,19
U012948,15,3,8,2,1,5,2,0,25
U012949,18,3,5,5,0,6,1,0,33
U012950,11,1,6,1,0,8,2,0,15
U012951,12,1,7,3,0,3,0,1,11
U012952,13,1,4,3,0,1,1,1,17
U012953,10,3,5,3,0,8,1,0,27
U012954,13,5,5,5,0,5,3,3,22
U012955,12,3,10,6,0,5,0,0,25
U012956,3,0,2,1,7,2,1,2,10
U012957,12,0,6,3,1,4,2,0,13
U012958,11,3,10,4,0,5,0,2,28
U012959,12,0,5,2,0,1,0,1,18
U012960,6,1,3,3,0,3,1,1,22
U012961,13,1,4,1,0,8,1,0,21
U012962,12,2,8,4,1,7,1,0,30
U012963,10,5,3,2,0,8,2,3,23
U012964,17,5,12,2,0,8,3,1,25
U012965,13,0,6,2,0,2,1,4,11
U012966,6,0,6,3,8,2,1,1,13
U012967,12,4,6,7,2,6,2,0,21
U012968,12,5,6,2,0,10,1,2,29
U012969,12,2,4,2,0,6,0,0,26
U012970,13,1,5,0,0,6,1,0,21
U012971,9,0,4,2,3,3,0,0,14
U012972,8,1,7,0,2,6,1,0,9
U012973,18,4,2,3,0,11,1,2,29
U012974,12,0,4,6,0,6,0,1,20
U012975,12,2,8,4,1,14,4,3,24
U012976,20,3,8,1,1,7,2,2,27
U012977,14,3,3,3,1,4,3,1,25
U012978,9,1,4,4,0,1,2,0,20
U012979,16,3,9,4,5,5,0,0,26
U012980,24,2,7,1,0,6,1,0,20
U012981,20,4,9,3,0,11,0,0,31
U012982,19,5,9,2,0,15,3,0,23
U012983,9,0,1,2,0,6,2,1,17
U012984,8,2,5,2,1,3,2,0,19
U012985,11,5,7,2,0,4,1,2,21
U012986,9,2,2,3,1,4,0,1,18
U012987,18,2,1,1,4,6,0,3,15
U012988,14,0,5,3,0,5,2,1,13
U012989,14,1,6,2,0,3,1,0,23
U012990,5,2,5,1,2,3,2,0,16
U012991,8,0,4,4,1,7,1,2,18
U012992,7,1,10,0,1,6,1,1,29
U012993,13,2,4,3,5,7,3,0,20
U012994,17,3,3,2,0,1,0,2,14
U012995,15,2,10,2,1,5,1,1,16
U012996,16,10,9,2,1,5,0,1,20
U012997,8,0,7,5,2,9,1,0,18
U012998,20,2,11,4,0,8,2,3,16
U012999,11,5,4,6,1,8,0,0,22
U013000,17,3,2,2,0,2,0,0,23
U013001,25,4,7,6,0,7,1,0,35
U013002,14,0,7,1,0,6,3,0,26
U013003,10,0,4,2,0,4,0,0,29
U013004,8,0,2,3,1,1,0,2,7
U013005,15,4,4,2,0,5,0,0,34
U013006,16,4,11,3,1,5,1,0,35
U013007,15,4,13,1,0,11,1,0,22
U013008,6,0,5,2,0,6,3,1,12
U013009,8,5,9,1,0,4,2,2,27
U013010,17,1,5,8,1,10,0,0,21
U013011,18,3,6,4,1,3,3,1,27
U013012,9,1,1,2,4,5,1,0,30
U013013,10,1,1,3,0,1,0,0,12
U013014,18,3,6,4,1,8,0,1,30
U013015,15,0,5,1,0,1,1,0,28
U013016,11,1,6,5,0,7,3,1,25
U013017,9,2,2,3,1,7,3,0,21
U013018,5,0,5,1,3,4,0,0,13
U013019,9,0,6,1,0,4,1,2,14
U013020,6,0,3,1,3,1,0,0,7
U013021,21,4,10,3,1,7,2,1,23
U013022,4,0,7,4,0,5,1,1,18
U013023,8,1,8,3,0,6,1,0,19
U013024,14,0,6,4,0,3,1,1,17
U013025,13,4,8,2,0,6,2,2,32
U013026,12,1,5,5,0,6,1,0,25
U013027,10,0,3,2,0,4,1,0,14
U013028,13,3,9,4,1,3,4,1,21
U013029,8,2,5,0,0,2,2,0,14
U013030,18,0,5,4,0,2,0,1,8
U013031,16,0,5,3,1,5,0,1,14
U013032,13,0,6,0,0,3,1,2,9
U013033,13,3,9,4,1,5,2,0,13
U013034,22,4,10,1,4,5,0,0,24
U013035,15,3,5,2,0,6,6,2,25
U013036,5,0,10,3,0,3,1,0,15
U013037,10,1,3,1,4,7,0,0,18
U013038,11,4,7,3,1,3,1,1,22
U013039,19,2,10,3,1,4,2,3,14
U013040,9,2,3,3,4,7,0,0,10
U013041,22,3,9,7,0,6,1,1,26
U013042,8,0,4,3,1,5,2,2,24
U013043,6,0,1,0,0,2,1,0,14
U013044,7,0,2,2,1,5,0,1,14
U013045,15,2,6,7,0,5,3,2,25
U013046,6,2,7,4,1,3,1,1,17
U013047,2,0,7,1,0,8,0,0,22
U013048,13,2,7,1,1,5,0,1,20
U013049,13,2,4,4,3,7,0,0,16
U013050,17,2,6,4,2,7,2,0,27
U013051,6,1,2,1,2,7,1,1,17
U013052,10,0,6,2,1,7,2,2,19
U013053,15,0,4,2,0,10,1,0,14
U013054,18,2,7,3,1,6,0,2,15
U013055,13,0,6,2,0,8,0,2,19
U013056,8,3,8,0,0,3,1,1,15
U013057,5,0,0,0,1,5,1,0,11
U013058,10,3,12,2,0,5,2,0,23
U013059,7,2,7,3,1,2,0,0,17
U013060,16,1,7,2,0,4,2,1,20
U013061,10,0,2,0,4,3,0,0,14
U013062,10,2,2,1,1,3,1,1,11
U013063,11,2,6,1,0,1,2,1,12
U013064,13,4,4,2,0,4,1,0,22
U013065,10,1,9,3,2,1,1,2,22
U013066,14,0,4,4,0,7,2,0,22
U013067,14,6,8,3,0,7,1,0,16
U013068,14,2,5,4,0,6,0,2,24
U013069,9,2,11,2,0,8,1,0,20
U013070,16,2,13,7,1,12,1,0,27
U013071,8,0,6,1,1,2,2,0,16
U013072,15,2,4,7,0,4,1,2,15
U013073,4,1,6,0,2,8,0,1,14
U013074,14,5,8,7,2,11,0,1,22
U013075,9,1,3,2,1,0,1,0,7
U013076,11,3,6,2,0,9,0,1,28
U013077,16,0,4,2,0,5,3,1,23
U013078,14,3,5,3,0,4,1,3,20
U013079,17,3,5,6,0,8,2,0,18
U013080,22,2,8,3,0,8,2,1,25
U013081,11,2,7,7,0,6,0,1,17
U013082,19,2,6,1,0,5,2,1,19
U013083,11,1,5,4,0,7,3,0,13
U013084,12,4,5,1,5,2,1,0,12
U013085,12,4,6,5,1,4,0,0,25
U013086,21,3,9,4,2,5,2,0,29
U013087,20,2,4,7,1,6,1,2,29
U013088,17,3,10,4,1,8,0,2,24
U013089,14,1,4,2,1,6,2,1,24
U013090,10,0,3,2,2,3,0,0,10
U013091,6,0,7,2,0,7,2,0,24
U013092,14,1,6,2,0,6,3,0,16
U013093,9,0,6,2,0,5,0,2,15
U013094,14,4,5,4,0,9,1,1,25
U013095,12,7,6,4,0,3,2,0,20
U013096,12,3,5,1,0,6,2,0,9
U013097,10,3,8,4,0,8,1,0,24
U013098,16,2,6,6,0,2,1,1,20
U013099,17,2,7,9,1,10,3,1,23
U013100,9,2,7,5,0,4,2,1,10
U013101,17,2,6,2,0,4,2,0,20
U013102,7,1,5,2,4,3,0,1,15
U013103,4,0,8,1,0,5,0,3,17
U013104,16,2,8,3,0,1,0,1,12
U013105,11,3,10,4,4,5,2,1,25
U013106,6,0,1,1,0,0,0,1,9
U013107,20,2,6,4,1,4,0,0,20
U013108,13,0,6,3,1,3,1,2,16
U013109,14,0,3,2,0,6,2,0,16
U013110,8,0,2,2,1,2,0,0,5
U013111,12,0,4,1,0,4,1,0,14
U013112,18,0,5,1,0,0,2,2,9
U013113,19,1,7,4,0,6,2,1,28
U013114,9,1,2,0,4,6,0,3,17
U013115,9,0,5,1,1,2,0,0,20
U013116,12,4,6,1,5,7,4,1,12
U013117,5,2,6,3,2,3,0,1,14
U013118,24,2,11,6,0,8,4,1,23
U013119,12,7,7,5,2,6,0,1,20
U013120,1,0,11,1,0,2,1,1,22
U013121,17,5,3,1,0,4,3,0,17
U013122,6,1,4,3,0,6,0,2,21
U013123,6,2,3,7,2,9,0,1,19
U013124,16,1,6,2,0,12,0,0,17
U013125,12,3,6,1,0,6,0,1,29
U013126,13,0,7,0,4,6,4,0,21
U013127,14,1,6,5,0,7,3,1,9
U013128,16,2,2,2,0,3,1,0,12
U013129,9,1,6,1,0,2,2,2,14
U013130,21,2,10,4,0,8,1,1,23
U013131,17,3,7,3,1,3,1,0,17
U013132,8,1,7,2,4,9,2,2,28
U013133,8,0,7,0,0,4,5,0,20
U013134,23,1,10,2,0,3,3,1,19
U013135,6,1,8,2,0,6,0,1,16
U013136,15,0,3,2,0,5,0,0,18
U013137,6,1,2,1,2,4,1,2,14
U013138,11,2,8,4,1,4,1,0,26
U013139,23,2,7,7,0,10,0,4,36
U013140,15,0,1,4,0,6,3,2,31
U013141,16,0,8,2,0,7,2,0,23
U013142,14,6,8,0,0,6,0,0,17
U013143,7,1,4,2,4,5,0,2,20
U013144,6,1,4,0,0,3,1,1,12
U013145,18,3,3,2,0,6,1,2,26
U013146,15,4,6,8,0,8,2,1,14
U013147,15,4,4,2,0,8,3,3,24
U013148,15,1,5,1,0,3,0,0,19
U013149,7,0,1,0,4,3,0,0,11
U013150,13,0,2,2,0,8,1,1,20
U013151,16,5,3,2,0,5,0,1,23
U013152,7,4,8,5,5,8,2,1,17
U013153,10,0,2,4,0,8,1,0,16
U013154,19,5,7,2,0,8,4,1,27
U013155,17,2,13,4,7,3,2,1,27
U013156,8,2,3,2,4,1,0,0,15
U013157,18,0,6,1,1,8,2,3,24
U013158,12,2,5,2,0,8,0,2,12
U013159,10,0,5,2,0,2,1,0,15
U013160,13,3,5,3,0,5,1,0,21
U013161,11,3,11,3,0,5,1,0,27
U013162,8,2,8,8,1,7,3,2,12
U013163,10,0,8,6,0,4,1,1,16
U013164,8,3,7,3,0,3,1,2,17
U013165,18,3,8,2,0,0,1,0,11
U013166,10,0,3,2,0,7,0,0,17
U013167,20,3,4,2,0,5,1,0,20
U013168,19,3,11,2,2,4,1,1,23
U013169,7,1,4,4,1,1,1,0,13
U013170,3,1,2,2,0,3,0,0,13
U013171,10,0,3,4,3,2,2,1,23
U013172,12,0,6,0,1,4,0,0,18
U013173,4,1,1,3,3,1,2,1,17
U013174,4,2,2,6,3,6,1,1,14
U013175,12,0,8,2,0,4,1,1,12
U013176,13,1,8,5,0,8,1,1,23
U013177,14,6,5,5,0,6,0,1,34
U013178,19,0,5,3,2,8,5,4,32
U013179,10,0,3,1,0,3,2,2,17
U013180,7,0,4,3,1,1,1,1,13
U013181,19,4,7,4,0,9,2,1,25
U013182,16,3,8,5,4,4,2,1,20
U013183,10,0,4,3,1,3,2,2,16
U013184,15,6,6,4,0,7,0,0,24
U013185,12,3,4,3,1,14,0,1,24
U013186,16,4,2,7,0,7,2,1,21
U013187,13,5,5,1,0,4,0,1,18
U013188,8,0,1,0,3,2,1,1,12
U013189,17,2,11,1,1,8,2,1,38
U013190,9,0,3,1,3,4,0,0,13
U013191,14,1,9,1,0,9,1,0,22
U013192,8,4,5,2,5,2,0,0,16
U013193,9,0,2,1,1,1,0,2,13
U013194,16,3,4,8,0,2,1,0,28
U013195,19,3,3,2,0,6,1,0,26
U013196,8,6,4,7,1,7,1,0,28
U013197,12,3,3,6,0,0,0,0,18
U013198,10,3,6,1,0,4,1,0,28
U013199,21,2,6,3,0,6,2,0,21
U013200,10,0,7,5,1,6,1,0,11
U013201,15,3,3,4,1,3,1,2,26
U013202,24,2,9,5,0,7,2,1,28
U013203,9,0,4,2,7,5,2,0,11
U013204,8,3,10,5,0,7,1,0,34
U013205,8,1,4,1,4,5,0,1,12
U013206,8,2,2,3,1,10,0,2,12
U013207,14,2,4,4,0,8,0,2,18
U013208,14,5,10,3,0,7,1,0,23
U013209,15,0,6,4,0,3,1,0,17
U013210,16,1,5,0,1,7,0,0,18
U013211,14,2,2,3,0,5,1,1,11
U013212,15,1,4,1,0,8,3,2,36
U013213,8,0,9,3,0,5,2,1,26
U013214,11,5,9,4,0,4,0,1,24
U013215,5,3,7,1,1,3,0,0,42
U013216,8,1,6,2,0,6,2,1,14
U013217,18,1,4,3,0,6,3,4,23
U013218,21,0,6,7,1,7,0,2,19
U013219,11,2,4,4,0,7,2,2,30
U013220,18,2,3,5,0,4,1,0,20
U013221,8,0,8,0,0,5,0,0,22
U013222,10,2,7,4,2,6,1,2,22
U013223,19,5,10,3,0,7,3,0,32
U013224,21,5,8,2,0,5,3,0,26
U013225,21,3,5,1,1,7,2,2,20
U013226,17,1,4,1,0,8,0,0,15
U013227,8,1,8,0,4,7,2,2,10
U013228,12,0,1,0,1,1,2,2,11
U013229,11,1,1,1,0,2,1,0,14
U013230,16,2,6,4,1,8,1,1,21
U013231,9,1,5,2,0,4,1,1,23
U013232,7,1,7,2,1,4,0,0,10
U013233,12,3,2,0,0,5,1,2,13
U013234,17,0,3,2,0,3,0,2,29
U013235,22,5,8,11,1,10,1,1,27
U013236,8,3,6,5,0,6,0,0,18
U013237,13,2,1,3,4,5,1,1,18
U013238,18,7,6,5,0,5,1,0,19
U013239,7,0,5,2,0,4,0,0,23
U013240,9,3,5,1,0,4,1,1,19
U013241,6,2,5,2,0,4,2,1,15
U013242,14,0,4,3,0,4,0,1,17
U013243,13,4,9,4,1,8,0,2,19
U013244,9,1,5,3,0,1,1,1,23
U013245,20,3,8,7,0,3,1,0,27
U013246,24,1,6,6,1,9,1,0,21
U013247,11,1,6,2,0,9,0,1,22
U013248,9,3,2,1,0,7,3,0,23
U013249,8,0,2,1,0,2,3,0,16
U013250,5,0,4,1,1,7,1,1,9
U013251,13,1,6,3,3,9,1,2,22
U013252,7,0,7,3,0,4,0,0,20
U013253,8,0,4,2,5,3,0,3,15
U013254,17,3,7,3,0,5,2,0,23
U013255,9,0,3,4,0,3,1,0,16
U013256,11,3,7,6,0,5,1,3,25
U013257,14,3,4,3,0,8,2,1,28
U013258,17,0,7,5,0,8,1,1,28
U013259,11,0,4,1,7,4,0,0,12
U013260,20,1,4,3,1,6,2,1,15
U013261,10,2,3,1,0,7,2,1,26
U013262,13,2,7,2,0,7,1,1,29
U013263,7,2,4,3,1,8,1,2,17
U013264,14,5,9,1,0,6,5,0,27
U013265,8,3,7,1,1,4,0,1,17
U013266,12,0,4,4,0,5,0,3,10
U013267,8,0,4,2,0,5,1,0,21
U013268,14,1,9,1,0,9,1,0,32
U013269,11,0,4,4,1,2,1,1,12
U013270,13,3,3,7,0,2,1,0,19
U013271,11,0,3,3,0,8,3,1,25
U013272,10,2,8,1,0,4,1,1,19
U013273,11,0,0,3,3,1,0,0,14
U013274,19,3,6,2,1,5,2,2,26
U013275,13,0,6,2,3,3,1,0,7
U013276,5,0,3,0,3,1,0,1,10
U013277,11,0,4,3,0,5,0,0,22
U013278,23,4,2,5,1,2,0,0,30
U013279,17,3,6,3,0,3,2,0,20
U013280,21,0,5,3,1,4,0,1,12
U013281,21,2,6,3,0,3,3,1,28
U013282,10,1,4,2,0,7,2,1,10
U013283,17,5,5,5,0,8,1,2,28
U013284,11,2,10,1,0,8,0,0,28
U013285,19,4,8,3,1,8,1,1,24
U013286,11,4,2,3,0,4,1,0,13
U013287,14,2,4,3,0,9,1,0,29
U013288,10,1,8,3,0,5,0,0,10
U013289,11,1,4,4,0,8,2,0,15
U013290,16,0,3,0,0,1,1,1,21
U013291,9,1,3,3,0,6,3,1,13
U013292,18,1,7,4,1,8,2,1,22
U013293,10,4,4,2,4,3,0,1,19
U013294,6,1,1,2,1,2,1,0,6
U013295,10,1,6,3,2,5,0,2,16
U013296,10,2,5,5,3,2,3,0,15
U013297,12,0,9,3,0,6,1,0,19
U013298,19,5,7,3,1,8,2,0,31
U013299,14,5,9,2,0,2,1,1,19
U013300,8,4,7,3,1,7,1,1,18
U013301,23,1,10,3,3,5,4,0,18
U013302,6,1,3,2,3,3,0,1,11
U013303,8,0,4,3,0,4,1,0,16
U013304,18,1,9,3,0,11,4,2,31
U013305,21,4,2,10,2,7,2,0,33
U013306,12,2,8,4,0,7,1,2,31
U013307,9,0,3,3,2,3,2,0,15
U013308,20,3,1,1,0,5,1,2,21
U013309,22,3,5,2,1,4,1,0,26
U013310,15,6,9,3,0,8,1,1,19
U013311,12,2,12,1,0,6,1,0,19
U013312,9,2,8,4,0,1,1,1,11
U013313,8,1,4,1,3,3,2,2,16
U013314,9,0,7,1,0,2,0,1,17
U013315,10,1,5,0,2,4,0,0,12
U013316,16,3,3,2,0,3,2,1,29
U013317,23,3,10,6,1,5,1,0,21
U013318,15,4,10,3,0,1,2,0,22
U013319,13,3,3,0,4,1,1,0,15
U013320,7,1,9,4,1,11,0,0,39
U013321,18,3,6,3,0,4,2,0,21
U013322,13,2,9,4,0,5,2,1,15
U013323,9,3,3,2,0,8,0,1,12
U013324,11,2,10,4,1,11,1,0,22
U013325,9,1,3,2,0,5,3,1,17
U013326,8,1,0,1,0,7,0,1,17
U013327,14,1,6,3,0,6,1,1,29
U013328,14,8,11,2,0,5,1,1,31
U013329,9,0,6,2,2,4,2,1,16
U013330,14,1,3,5,1,7,3,1,20
U013331,9,1,5,2,0,5,1,1,20
U013332,23,3,4,2,1,8,0,1,33
U013333,15,0,7,3,1,4,1,0,12
U013334,13,2,4,1,1,4,1,0,20
U013335,8,0,3,2,3,1,0,0,15
U013336,8,1,2,4,2,2,0,1,13
U013337,10,2,5,3,1,1,1,2,15
U013338,11,1,3,6,0,9,3,0,20
U013339,12,1,4,4,0,9,1,1,10
U013340,16,0,7,0,1,2,2,1,20
U013341,17,2,10,4,0,11,0,1,29
U013342,5,3,5,6,1,9,1,2,12
U013343,14,1,5,3,1,6,1,0,22
U013344,13,4,8,3,3,3,1,0,18
U013345,12,3,9,2,1,4,2,1,25
U013346,15,0,5,2,1,7,0,1,19
U013347,13,5,6,1,1,5,2,0,20
U013348,12,1,4,2,0,11,3,0,28
U013349,17,0,2,1,0,2,1,0,15
U013350,20,1,3,1,4,3,0,1,21
U013351,10,2,3,3,1,3,0,1,17
U013352,18,4,9,2,0,4,1,1,22
U013353,15,1,6,1,1,8,4,0,14
U013354,13,1,6,5,0,8,1,2,14
U013355,11,3,2,2,1,3,2,2,18
U013356,11,1,2,2,4,7,2,0,11
U013357,12,2,3,0,1,7,4,0,13
U013358,20,3,9,4,1,13,2,0,35
U013359,4,2,6,1,5,5,1,3,12
U013360,9,0,3,3,1,5,0,1,15
U013361,3,0,1,3,1,5,1,1,15
U013362,14,1,6,2,4,7,3,0,22
U013363,14,1,6,2,0,2,0,0,14
U013364,11,3,4,3,5,8,2,0,16
U013365,16,2,3,2,0,10,4,0,17
U013366,14,3,8,0,3,4,1,0,13
U013367,13,1,6,0,0,5,1,0,17
U013368,10,0,4,0,0,6,1,1,19
U013369,15,3,2,3,0,5,0,1,18
U013370,22,5,7,8,1,3,0,1,27
U013371,19,1,6,4,0,6,1,0,28
U013372,19,2,3,3,2,4,1,1,19
U013373,12,3,6,4,0,8,1,1,19
U013374,12,2,8,4,1,7,1,1,29
U013375,9,0,5,1,1,5,0,1,17
U013376,12,5,6,4,0,4,1,2,28
U013377,10,2,5,2,1,7,0,1,19
U013378,15,4,8,4,0,2,2,0,27
U013379,7,0,3,3,0,5,1,2,12
U013380,10,0,5,1,3,2,0,0,12
U013381,13,0,5,1,0,5,0,1,26
U013382,18,1,4,5,0,8,2,2,18
U013383,16,6,9,5,2,7,4,0,32
U013384,8,0,4,2,1,11,2,2,10
U013385,1,5,4,3,4,5,3,0,20
U013386,18,1,5,6,0,10,2,1,30
U013387,13,1,6,2,0,5,3,0,23
U013388,14,0,6,2,0,6,1,0,16
U013389,15,0,4,1,1,8,0,1,19
U013390,19,3,7,3,0,5,1,2,25
U013391,13,5,9,1,0,5,0,1,24
U013392,13,3,6,3,0,8,0,1,16
U013393,19,2,4,4,1,3,1,0,14
U013394,15,2,5,2,1,6,0,4,19
U013395,7,0,1,0,1,3,0,0,13
U013396,15,7,4,3,5,8,3,0,25
U013397,14,1,8,0,0,3,2,2,17
U013398,10,2,5,2,4,3,1,0,22
U013399,23,5,14,6,0,10,3,0,24
U013400,13,0,0,1,2,9,0,1,7
U013401,18,2,7,3,0,6,0,1,21
U013402,14,1,7,4,0,8,1,0,19
U013403,9,3,7,4,1,1,0,1,29
U013404,11,0,3,2,2,1,0,1,21
U013405,15,2,7,3,0,3,1,0,21
U013406,18,5,8,5,0,7,1,0,16
U013407,13,0,5,5,0,3,0,1,9
U013408,15,0,5,2,0,4,1,1,15
U013409,12,2,7,4,0,5,0,2,26
U013410,15,1,6,6,1,3,1,0,25
U013411,10,5,5,3,1,9,3,0,25
U013412,9,2,4,3,3,5,0,0,14
U013413,12,0,4,8,1,5,3,2,17
U013414,11,0,5,0,0,4,1,1,22
U013415,7,0,5,2,3,3,1,1,9
U013416,11,2,8,5,1,7,2,3,26
U013417,10,1,6,1,0,5,1,2,11
U013418,6,1,4,3,0,7,0,0,16
U013419,8,1,2,1,1,4,1,1,16
U013420,14,7,5,3,0,8,1,3,21
U013421,13,3,3,3,0,6,3,1,14
U013422,17,5,10,5,0,8,1,2,29
U013423,16,0,5,3,1,2,4,0,16
U013424,16,2,6,1,0,7,2,0,21
U013425,13,6,5,2,0,5,3,0,32
U013426,14,5,5,2,0,6,1,0,22
U013427,13,2,5,4,5,9,2,1,14
U013428,29,3,8,2,0,9,3,1,23
U013429,8,1,4,4,0,4,1,2,23
U013430,6,3,7,3,0,6,0,2,9
U013431,10,0,3,1,0,8,0,1,14
U013432,9,0,2,3,6,2,0,0,11
U013433,11,2,3,2,2,5,0,0,20
U013434,12,0,4,1,1,5,0,0,10
U013435,8,0,3,4,0,4,0,0,18
U013436,15,4,6,5,0,5,1,1,30
U013437,11,1,6,3,0,5,2,1,30
U013438,6,1,7,1,1,4,2,0,15
U013439,15,1,6,1,0,7,2,1,16
U013440,7,1,0,2,4,2,1,2,9
U013441,11,1,4,0,0,4,0,3,16
U013442,17,1,6,1,0,4,1,0,15
U013443,12,0,3,0,2,3,1,2,22
U013444,19,6,8,4,0,5,4,1,19
U013445,12,4,7,3,0,7,1,0,19
U013446,10,2,11,3,2,6,1,0,25
U013447,18,3,8,2,1,8,1,2,19
U013448,13,4,4,3,1,6,1,0,29
U013449,10,0,6,4,0,9,0,0,13
U013450,11,0,0,3,3,4,1,0,14
U013451,12,6,4,2,1,8,0,0,24
U013452,15,1,6,4,0,4,0,5,24
U013453,24,3,8,5,1,6,0,1,24
U013454,9,1,4,2,0,5,1,2,17
U013455,12,2,4,5,1,5,3,1,22
U013456,11,5,6,3,1,3,0,2,20
U013457,20,2,12,5,0,6,3,1,30
U013458,12,3,14,2,0,10,1,1,29
U013459,12,0,2,1,1,7,1,0,20
U013460,6,2,9,1,2,5,0,0,18
U013461,14,0,8,1,0,5,3,1,12
U013462,13,2,6,4,0,11,2,0,16
U013463,12,3,6,1,0,3,1,1,14
U013464,15,1,4,1,0,3,2,0,17
U013465,22,2,4,3,0,6,2,2,22
U013466,13,1,11,3,1,10,2,0,12
U013467,7,0,6,3,1,2,2,1,12
U013468,12,6,6,2,0,8,3,1,17
U013469,13,6,7,3,1,4,0,0,29
U013470,16,5,10,5,1,11,0,2,38
U013471,10,1,5,2,0,2,1,1,16
U013472,17,5,5,3,0,7,1,0,21
U013473,10,1,6,4,0,1,0,0,21
U013474,11,0,7,0,7,7,0,0,8
U013475,12,1,3,0,0,4,2,1,28
U013476,20,5,5,6,0,12,0,0,29
U013477,16,0,3,3,1,4,1,1,17
U013478,13,3,3,3,0,9,0,1,17
U013479,13,4,8,5,0,6,2,0,20
U013480,13,0,6,2,1,2,2,1,19
U013481,4,1,1,2,2,1,0,2,13
U013482,8,1,3,3,0,4,0,0,15
U013483,11,2,7,2,0,2,3,1,19
U013484,12,5,2,5,0,9,1,2,16
U013485,7,1,3,7,1,6,0,1,13
U013486,11,0,4,2,0,7,3,0,16
U013487,10,0,4,7,0,4,2,1,19
U013488,18,1,11,3,2,8,3,2,25
U013489,20,8,10,4,0,10,1,0,30
U013490,10,1,7,6,1,7,1,0,20
U013491,18,3,8,2,0,8,1,0,29
U013492,10,1,9,0,1,4,1,0,16
U013493,11,1,5,4,1,1,1,1,21
U013494,11,0,5,0,0,7,2,0,17
U013495,14,2,3,3,3,3,2,2,14
U013496,13,0,5,2,2,7,2,1,20
U013497,14,5,7,2,0,11,4,0,20
U013498,9,5,9,4,0,7,1,4,26
U013499,17,1,6,0,4,5,0,2,18
U013500,17,0,10,3,1,7,2,2,26
U013501,10,3,2,3,0,3,0,2,18
U013502,17,0,6,2,1,5,0,0,16
U013503,19,5,4,4,1,7,1,1,22
U013504,16,1,1,3,1,4,1,0,17
U013505,8,3,5,0,2,2,1,1,14
U013506,9,2,5,1,0,2,2,0,15
U013507,12,2,5,3,1,6,1,0,26
U013508,23,3,4,3,5,3,1,1,19
U013509,9,1,3,1,0,6,1,0,24
U013510,11,4,8,4,0,6,1,1,32
U013511,12,2,9,1,2,4,2,1,18
U013512,18,4,6,1,2,14,0,2,29
U013513,11,6,5,1,0,6,1,0,19
U013514,10,2,5,4,0,2,0,1,16
U013515,17,2,4,2,0,10,1,0,26
U013516,9,0,7,2,0,4,0,1,23
U013517,18,3,5,6,0,3,3,2,20
U013518,14,6,6,5,0,8,2,1,27
U013519,11,5,7,2,5,5,0,0,16
U013520,13,2,11,2,0,3,0,1,15
U013521,10,2,4,2,1,1,0,1,12
U013522,13,4,5,0,0,6,1,0,18
U013523,8,0,5,2,1,1,0,1,18
U013524,24,5,4,1,1,8,0,1,34
U013525,8,0,5,4,2,5,2,3,24
U013526,22,3,6,1,0,5,2,0,21
U013527,8,2,7,2,0,6,3,1,12
U013528,11,1,5,1,9,6,1,1,14
U013529,11,1,4,2,0,7,1,1,16
U013530,9,2,6,1,3,5,0,0,21
U013531,12,4,6,3,0,2,3,2,20
U013532,14,3,4,1,1,8,2,0,24
U013533,13,0,1,3,5,0,1,0,9
U013534,13,3,7,0,0,3,0,1,14
U013535,11,1,5,3,0,2,0,1,23
U013536,15,3,6,6,0,5,1,0,34
U013537,11,5,6,2,0,4,0,2,15
U013538,5,2,4,3,0,3,1,1,12
U013539,22,6,3,3,1,4,2,0,26
U013540,14,7,7,1,0,9,2,0,17
U013541,20,7,4,8,1,7,3,2,28
U013542,11,0,3,5,0,5,0,1,21
U013543,15,3,8,2,0,7,2,1,17
U013544,23,4,10,4,0,9,1,0,24
U013545,12,4,4,2,5,9,3,0,14
U013546,16,5,7,5,1,11,3,1,19
U013547,11,2,4,2,0,6,2,2,19
U013548,14,3,9,1,1,9,2,1,15
U013549,17,2,4,2,0,4,1,0,30
U013550,13,3,3,1,5,1,1,0,20
U013551,13,0,9,3,0,3,1,3,20
U013552,14,2,9,5,0,5,2,2,24
U013553,13,4,12,3,0,6,2,0,23
U013554,13,2,7,4,0,4,3,0,21
U013555,9,0,2,4,1,3,2,0,18
U013556,8,0,5,3,1,4,0,0,26
U013557,9,0,5,1,0,4,2,1,13
U013558,5,0,2,1,5,3,3,0,18
U013559,14,0,10,3,1,8,2,0,24
U013560,9,0,6,2,0,7,1,0,13
U013561,16,1,4,5,0,8,5,0,46
U013562,11,3,9,4,4,10,0,1,19
U013563,13,0,5,2,1,4,2,0,25
U013564,16,2,3,2,0,2,0,1,14
U013565,15,5,6,2,2,6,1,0,15
U013566,9,1,4,2,7,5,0,1,22
U013567,14,1,5,3,2,4,1,1,22
U013568,10,0,4,1,2,4,2,0,19
U013569,6,1,8,4,1,7,2,1,25
U013570,12,2,6,5,1,4,1,2,17
U013571,17,3,6,2,2,1,1,0,28
U013572,8,1,3,3,2,5,0,2,14
U013573,9,2,9,2,0,1,1,1,16
U013574,5,1,7,2,1,6,1,2,24
U013575,7,4,6,2,2,8,1,3,15
U013576,7,1,3,0,3,3,1,0,11
U013577,17,3,7,4,1,4,1,3,29
U013578,9,1,6,2,3,3,1,0,8
U013579,20,2,5,1,0,7,0,0,28
U013580,10,0,3,1,0,4,0,0,21
U013581,13,3,6,2,1,3,2,0,26
U013582,13,3,10,1,0,5,2,1,19
U013583,15,1,8,2,0,6,2,2,17
U013584,11,1,3,0,1,9,2,1,22
U013585,3,3,2,2,6,0,0,0,22
U013586,9,0,3,1,1,4,2,0,19
U013587,5,0,5,1,1,2,0,1,10
U013588,9,0,8,3,0,4,1,0,24
U013589,11,0,5,2,0,5,1,0,15
U013590,9,6,7,2,0,7,0,1,27
U013591,11,5,3,6,0,6,0,1,27
U013592,17,3,3,2,0,2,0,1,18
U013593,7,1,4,3,2,5,1,0,18
U013594,10,2,4,6,0,5,0,1,18
U013595,7,4,3,3,2,4,1,1,14
U013596,11,4,5,5,4,2,1,1,32
U013597,6,1,1,1,6,2,0,1,11
U013598,21,2,10,2,0,13,0,0,16
U013599,10,3,5,3,1,8,0,2,20
U013600,21,5,8,3,0,5,3,0,35
U013601,7,2,11,2,6,7,2,1,20
U013602,16,0,5,1,0,5,0,2,25
U013603,23,3,8,1,0,2,1,2,18
U013604,8,0,3,2,1,4,0,1,11
U013605,16,4,7,6,0,5,2,0,24
U013606,10,1,2,4,1,3,1,0,13
U013607,15,0,4,4,1,7,1,0,18
U013608,11,1,4,1,2,6,0,0,15
U013609,17,3,11,2,1,7,1,0,38
U013610,10,5,2,6,7,3,0,0,14
U013611,5,1,2,1,3,3,0,1,9
U013612,15,3,8,7,0,7,2,1,24
U013613,11,2,4,1,4,8,3,3,22
U013614,16,1,5,4,1,9,1,2,19
U013615,11,2,3,4,1,6,2,0,19
U013616,10,1,6,1,2,1,0,1,15
U013617,15,3,4,1,0,4,0,2,19
U013618,13,0,5,5,0,6,2,3,15
U013619,13,0,3,1,1,6,2,0,19
U013620,15,3,10,4,0,5,1,1,24
U013621,11,0,5,0,1,2,4,0,19
U013622,14,4,5,1,0,6,1,1,18
U013623,12,0,1,2,0,4,0,1,15
U013624,20,4,10,12,0,4,0,1,22
U013625,7,0,6,6,3,5,3,1,18
U013626,16,2,6,3,4,2,0,0,23
U013627,13,4,7,3,0,0,3,0,20
U013628,12,0,4,1,1,5,2,0,13
U013629,9,1,5,3,4,3,2,1,14
U013630,18,3,3,5,0,5,0,0,18
U013631,12,0,5,4,0,7,1,0,16
U013632,19,0,6,3,0,4,0,1,13
U013633,10,1,3,2,0,4,0,3,18
U013634,10,1,8,5,1,7,1,0,16
U013635,9,4,3,3,1,9,3,3,17
U013636,17,4,6,3,0,8,1,3,22
U013637,11,1,9,4,1,6,0,3,33
U013638,10,3,6,4,1,10,1,1,25
U013639,15,0,3,1,1,5,1,0,13
U013640,18,3,10,1,0,11,6,1,29
U013641,7,0,2,2,6,3,1,0,15
U013642,16,5,6,8,1,9,1,0,35
U013643,9,6,10,8,1,8,2,1,19
U013644,8,1,2,1,0,4,0,0,26
U013645,17,1,6,1,1,6,1,0,27
U013646,10,0,3,3,0,6,4,1,14
U013647,17,2,2,4,0,12,4,0,31
U013648,25,3,7,4,0,9,1,2,18
U013649,10,4,9,3,0,4,1,2,16
U013650,14,4,3,7,0,3,2,0,33
U013651,15,5,7,7,0,6,2,0,19
U013652,16,4,6,3,2,5,0,1,19
U013653,9,0,2,2,0,5,0,0,18
U013654,14,5,12,7,1,9,3,1,35
U013655,22,7,10,4,0,6,2,1,23
U013656,9,2,2,2,1,4,2,0,19
U013657,10,0,3,3,3,2,1,1,11
U013658,9,0,9,2,3,2,0,2,11
U013659,11,3,2,0,0,4,0,3,16
U013660,13,1,8,0,0,5,3,1,23
U013661,12,8,6,4,1,8,4,2,33
U013662,20,2,9,6,0,4,2,3,13
U013663,10,2,3,2,3,6,2,1,13
U013664,13,1,3,2,0,2,1,3,13
U013665,13,1,8,7,0,9,3,0,24
U013666,8,8,5,2,1,4,2,2,20
U013667,20,6,6,0,1,7,2,0,21
U013668,16,5,6,5,0,7,0,1,27
U013669,16,4,3,8,1,4,2,3,20
U013670,16,0,5,2,0,6,0,1,21
U013671,16,1,5,2,0,5,0,0,20
U013672,21,5,3,7,0,10,2,1,26
U013673,19,2,4,5,1,3,3,1,40
U013674,19,3,7,4,0,5,1,0,34
U013675,18,5,9,5,2,7,4,1,26
U013676,4,0,4,0,1,5,1,2,10
U013677,7,0,7,3,1,5,1,0,21
U013678,19,6,4,2,2,3,2,1,21
U013679,12,1,2,4,0,6,0,0,12
U013680,14,3,3,4,0,5,2,1,18
U013681,17,0,7,4,0,4,0,0,14
U013682,15,9,6,0,1,7,4,2,15
U013683,14,2,8,5,0,10,1,3,25
U013684,14,2,10,1,0,5,2,3,28
U013685,8,0,4,3,2,3,0,3,5
U013686,12,0,5,3,0,9,2,1,16
U013687,7,4,5,0,1,3,1,0,8
U013688,13,0,3,3,0,4,0,1,12
U013689,11,0,5,4,1,4,1,0,16
U013690,10,0,4,1,1,0,1,1,20
U013691,15,0,4,6,0,4,4,1,15
U013692,8,2,3,2,2,2,0,1,25
U013693,9,0,1,3,0,3,1,1,26
U013694,9,7,5,6,0,6,1,1,29
U013695,9,3,8,0,0,5,2,0,25
U013696,12,4,5,5,0,4,0,0,19
U013697,19,1,4,1,1,6,0,0,12
U013698,16,2,5,1,0,5,1,1,36
U013699,13,2,9,2,0,3,0,3,16
U013700,15,3,11,7,0,5,2,0,25
U013701,12,3,6,4,0,10,0,0,35
U013702,22,3,6,5,0,9,1,1,32
U013703,17,2,7,3,3,3,1,0,27
U013704,8,0,0,5,1,4,0,0,10
U013705,14,0,3,0,0,4,1,1,15
U013706,18,0,4,7,0,7,3,2,25
U013707,8,3,10,1,0,7,1,2,21
U013708,12,1,4,2,0,8,2,0,25
U013709,13,1,4,0,1,2,0,2,8
U013710,11,6,5,2,9,9,1,1,14
U013711,18,2,4,6,0,12,3,0,27
U013712,12,1,13,4,0,7,1,1,22
U013713,11,1,4,3,0,3,0,0,23
U013714,17,4,13,5,0,10,2,0,19
U013715,11,6,5,1,3,11,1,0,31
U013716,25,2,4,3,0,8,1,0,31
U013717,14,0,6,1,0,0,2,0,17
U013718,4,2,5,4,5,5,0,1,14
U013719,7,0,3,0,0,7,0,1,22
U013720,10,1,5,1,3,5,0,1,15
U013721,14,0,7,0,3,4,2,2,19
U013722,19,1,8,5,0,13,2,1,22
U013723,5,2,4,1,2,6,0,0,9
U013724,18,4,4,4,0,6,1,0,30
U013725,11,4,8,1,0,9,0,2,14
U013726,17,2,4,3,2,1,0,1,19
U013727,14,1,4,7,0,4,0,0,20
U013728,17,0,5,0,0,4,0,1,18
U013729,8,1,0,0,5,5,1,0,12
U013730,10,1,3,2,0,5,1,0,19
U013731,12,2,8,5,1,6,2,1,32
U013732,10,2,6,2,0,0,1,0,17
U013733,11,5,3,2,0,5,2,1,28
U013734,10,1,4,6,4,3,0,0,14
U013735,8,0,6,2,4,5,0,1,10
U013736,7,0,5,9,0,2,2,0,19
U013737,16,0,7,0,1,1,1,0,18
U013738,9,0,5,3,0,6,0,0,22
U013739,10,2,11,5,1,6,2,1,18
U013740,9,0,6,1,0,3,1,2,22
U013741,14,3,4,4,1,4,1,1,22
U013742,17,1,3,3,1,3,0,1,23
U013743,5,2,5,2,3,2,0,5,8
U013744,16,1,3,5,0,10,1,0,35
U013745,16,0,4,1,0,5,1,1,20
U013746,5,3,4,1,0,3,0,1,19
U013747,6,0,6,3,3,2,0,1,14
U013748,14,0,7,2,1,7,1,0,17
U013749,19,5,8,3,0,9,3,1,28
U013750,14,4,5,2,1,9,4,1,29
U013751,11,4,4,4,0,7,2,1,17
U013752,17,2,2,4,0,3,1,0,23
U013753,12,7,2,4,7,4,1,0,18
U013754,12,1,4,2,0,5,2,0,19
U013755,10,0,5,2,0,5,3,1,14
U013756,17,5,11,6,0,7,0,1,28
U013757,7,0,3,1,2,2,0,0,12
U013758,11,3,3,3,0,6,1,3,25
U013759,11,0,5,3,0,8,0,2,14
U013760,7,2,3,3,0,4,1,2,20
U013761,14,3,5,1,1,8,2,1,28
U013762,16,3,6,2,0,5,1,1,33
U013763,7,4,5,5,2,3,2,0,23
U013764,25,3,8,2,1,10,5,2,30
U013765,18,0,5,4,0,7,3,1,25
U013766,6,0,4,3,2,2,0,5,12
U013767,12,5,3,1,0,5,0,0,17
U013768,13,3,5,2,0,7,3,2,17
U013769,17,1,8,2,1,4,0,0,16
U013770,6,2,4,3,0,3,0,0,15
U013771,18,2,8,4,0,3,1,2,21
U013772,14,3,5,3,0,5,3,1,18
U013773,12,4,4,3,0,4,1,2,17
U013774,10,4,7,5,0,8,3,1,20
U013775,14,5,8,3,1,4,1,1,24
U013776,18,7,8,4,0,8,1,0,30
U013777,14,2,3,1,2,3,0,0,15
U013778,10,1,4,2,5,7,0,3,13
U013779,13,2,5,1,1,5,1,1,28
U013780,16,4,4,3,3,9,1,0,9
U013781,3,3,5,1,1,5,0,1,23
U013782,11,0,7,2,1,4,2,0,21
U013783,21,3,6,2,0,9,0,1,31
U013784,16,1,3,0,7,7,1,0,32
U013785,14,0,8,2,0,3,1,1,14
U013786,6,0,1,0,2,4,0,2,9
U013787,10,7,8,2,1,5,0,0,23
U013788,15,5,6,2,6,7,2,2,25
U013789,15,3,3,5,0,14,1,2,13
U013790,19,0,4,2,0,2,1,0,19
U013791,15,1,4,3,0,5,2,0,14
U013792,13,1,8,4,0,3,0,1,20
U013793,8,2,3,4,0,4,2,0,10
U013794,15,0,3,1,1,2,2,0,21
U013795,17,0,4,3,0,5,1,0,18
U013796,9,1,5,3,0,3,1,2,18
U013797,20,1,11,2,1,5,0,1,8
U013798,16,3,6,7,0,1,2,1,15
U013799,10,0,7,3,0,8,1,1,14
U013800,9,1,6,1,0,4,0,2,19
U013801,19,5,6,2,0,6,3,2,31
U013802,13,6,5,4,0,6,2,2,21
U013803,13,2,5,2,0,6,1,1,14
U013804,14,3,3,2,1,6,1,0,19
U013805,8,1,5,5,0,5,0,0,21
U013806,8,2,4,3,5,3,1,1,9
U013807,14,3,6,4,0,4,3,0,29
U013808,24,4,16,5,0,8,0,0,26
U013809,12,1,5,0,0,6,3,0,20
U013810,21,1,11,4,1,10,0,0,31
U013811,14,2,9,4,0,9,2,1,24
U013812,11,0,2,1,0,3,0,2,21
U013813,5,0,1,1,7,2,1,0,14
U013814,17,2,7,3,0,2,1,0,21
U013815,9,1,5,1,4,1,4,1,11
U013816,17,4,12,3,0,3,2,0,18
U013817,7,1,3,0,1,3,3,2,16
U013818,7,0,6,0,0,6,2,2,6
U013819,24,1,7,1,0,5,3,0,22
U013820,14,0,7,4,0,3,1,1,20
U013821,9,0,4,5,0,6,7,1,17
U013822,10,3,5,1,3,4,1,1,15
U013823,15,3,8,1,1,3,4,1,16
U013824,18,0,6,2,1,8,1,5,15
U013825,9,0,6,0,0,3,1,2,19
U013826,9,3,2,1,3,6,0,0,17
U013827,5,6,7,2,1,11,2,1,16
U013828,8,3,3,2,4,2,1,2,17
U013829,14,3,3,4,1,5,1,0,27
U013830,4,2,4,4,1,1,2,0,13
U013831,5,3,4,1,2,4,1,1,18
U013832,21,2,9,2,0,8,0,0,32
U013833,10,4,7,3,6,8,3,1,24
U013834,16,0,5,2,0,2,2,0,12
U013835,21,2,3,4,0,6,3,0,22
U013836,11,4,8,2,3,2,2,0,25
U013837,9,0,3,3,0,4,1,0,15
U013838,12,0,6,2,0,4,0,0,26
U013839,22,0,5,1,0,0,2,1,18
U013840,6,0,6,4,0,5,0,2,21
U013841,17,4,3,2,0,5,1,2,27
U013842,20,2,5,4,0,11,3,1,28
U013843,8,0,4,1,1,8,1,0,12
U013844,16,4,0,4,0,8,1,0,21
U013845,11,0,4,0,0,3,0,0,20
U013846,12,3,8,2,1,7,2,3,21
U013847,15,0,3,3,1,7,1,2,16
U013848,17,5,5,5,0,6,0,0,26
U013849,8,6,0,2,2,1,1,0,10
U013850,14,1,4,2,1,4,2,1,21
U013851,11,1,3,4,0,4,2,1,30
U013852,18,2,9,3,0,4,2,0,22
U013853,17,4,7,7,1,7,0,0,26
U013854,19,3,10,6,0,6,3,1,16
U013855,26,2,14,3,0,5,1,1,32
U013856,14,2,8,5,0,2,0,2,9
U013857,16,4,7,3,1,8,0,1,21
U013858,5,1,8,3,5,3,2,2,21
U013859,13,1,6,3,0,4,0,0,15
U013860,15,0,1,1,0,5,1,0,17
U013861,12,2,9,3,1,2,2,1,23
U013862,12,1,6,1,1,1,2,2,18
U013863,17,4,8,4,1,4,1,0,15
U013864,12,0,7,1,0,4,2,0,23
U013865,18,3,7,2,0,14,3,0,39
U013866,19,2,8,3,2,6,1,0,23
U013867,17,3,1,4,0,2,2,0,22
U013868,14,4,11,4,1,6,0,2,23
U013869,17,4,5,4,0,5,1,0,16
U013870,15,3,1,2,0,8,1,2,23
U013871,10,1,3,1,4,3,0,1,8
U013872,15,2,3,6,1,8,4,2,26
U013873,13,4,3,4,1,6,0,1,24
U013874,11,0,3,1,0,7,0,1,16
U013875,13,0,4,3,0,3,0,1,9
U013876,8,0,9,3,0,3,1,1,20
U013877,18,1,10,6,0,7,1,0,25
U013878,8,0,4,1,0,7,2,1,25
U013879,15,3,3,0,1,3,1,1,28
U013880,11,2,5,2,3,5,1,2,25
U013881,7,2,7,2,0,4,0,0,13
U013882,19,3,10,5,0,5,3,1,21
U013883,17,9,7,5,0,7,0,2,21
U013884,10,1,5,4,0,1,1,1,9
U013885,8,2,8,4,3,9,1,1,25
U013886,15,1,4,0,1,3,0,0,22
U013887,18,3,8,6,2,5,2,4,18
U013888,24,3,5,1,0,10,2,2,32
U013889,15,3,7,2,1,8,2,2,33
U013890,17,3,6,4,0,6,3,0,20
U013891,13,4,5,0,0,4,1,1,32
U013892,13,4,6,7,1,11,3,0,20
U013893,20,3,6,6,0,6,2,1,32
U013894,11,2,8,6,6,4,0,0,19
U013895,9,0,3,2,3,5,0,1,15
U013896,10,7,10,2,1,5,0,0,27
U013897,10,1,12,3,0,5,2,1,19
U013898,14,1,7,6,2,2,1,1,10
U013899,12,0,5,2,0,8,1,1,15
U013900,3,0,2,0,0,4,0,1,13
U013901,22,2,8,1,0,1,2,1,20
U013902,6,1,3,0,2,2,0,1,10
U013903,17,3,7,0,4,3,2,2,17
U013904,8,0,5,1,0,6,6,1,14
U013905,16,0,5,3,0,2,0,0,22
U013906,13,4,6,3,7,8,2,1,15
U013907,1,1,3,0,2,5,0,0,14
U013908,5,1,3,3,0,2,0,2,13
U013909,20,1,13,4,0,4,0,2,31
U013910,14,3,8,3,0,4,2,0,27
U013911,17,4,6,1,0,7,2,2,21
U013912,9,4,3,2,0,4,1,1,12
U013913,18,3,7,2,2,9,2,0,17
U013914,11,0,6,2,1,6,1,1,14
U013915,8,2,5,6,0,0,1,1,15
U013916,11,0,3,5,0,4,2,1,20
U013917,14,1,9,3,0,7,2,0,17
U013918,17,1,5,3,0,8,0,2,11
U013919,5,1,2,2,3,0,0,0,7
U013920,16,5,5,3,0,8,2,1,12
U013921,12,1,6,2,1,7,2,0,15
U013922,15,1,11,2,0,6,4,0,15
U013923,9,0,6,1,0,7,1,2,25
U013924,17,0,6,3,0,6,3,1,25
U013925,13,4,5,2,1,4,1,2,15
U013926,11,0,5,0,0,4,3,0,20
U013927,9,1,4,2,0,4,0,1,13
U013928,3,0,4,1,2,4,1,1,14
U013929,16,2,10,5,1,10,3,2,21
U013930,17,4,6,1,0,6,2,0,17
U013931,21,3,5,6,0,9,0,2,17
U013932,15,2,3,2,3,5,4,1,19
U013933,8,4,1,0,4,4,0,2,15
U013934,12,0,10,0,0,6,1,1,23
U013935,10,3,7,5,0,9,1,1,24
U013936,14,1,7,2,0,4,0,0,19
U013937,12,0,4,6,0,4,5,1,11
U013938,18,3,6,2,1,5,1,0,29
U013939,15,6,6,4,0,7,1,2,30
U013940,4,2,3,0,3,5,0,1,10
U013941,11,3,1,3,4,4,1,0,23
U013942,16,2,4,2,1,6,1,0,15
U013943,12,1,6,4,0,4,2,1,21
U013944,16,5,10,1,0,9,0,0,19
U013945,11,1,1,3,3,4,2,0,16
U013946,15,0,5,2,1,3,0,2,12
U013947,21,3,6,0,1,8,0,1,15
U013948,14,2,8,3,0,5,1,1,14
U013949,15,2,8,1,0,8,0,2,26
U013950,10,0,0,2,0,3,0,0,14
U013951,16,3,4,4,0,4,1,2,28
U013952,16,4,10,5,0,5,2,2,17
U013953,14,1,1,2,0,5,1,0,14
U013954,22,2,3,2,0,8,0,1,21
U013955,19,1,5,3,1,3,3,1,18
U013956,11,1,3,5,0,4,3,0,17
U013957,9,0,5,1,0,4,1,2,22
U013958,11,5,10,2,0,8,0,0,15
U013959,3,0,2,3,4,2,1,0,11
U013960,10,4,7,2,0,7,2,1,25
U013961,9,1,6,3,0,5,1,0,15
U013962,13,1,6,2,2,7,2,0,18
U013963,20,2,8,6,1,3,2,2,39
U013964,12,2,4,2,1,6,5,2,15
U013965,13,1,7,3,1,4,2,0,19
U013966,9,0,1,2,0,0,1,1,15
U013967,9,1,5,1,1,3,1,1,13
U013968,23,4,5,5,0,7,1,0,14
U013969,12,1,5,1,0,5,0,2,12
U013970,11,4,6,0,4,9,0,2,22
U013971,15,4,4,4,1,8,2,2,39
U013972,17,1,5,5,0,3,1,2,28
U013973,14,6,13,5,2,5,1,0,24
U013974,17,2,4,1,0,5,0,0,34
U013975,11,2,3,2,1,3,3,2,19
U013976,18,1,11,5,0,4,2,1,25
U013977,4,0,5,2,1,2,0,3,12
U013978,9,5,5,2,0,7,2,1,21
U013979,15,1,9,7,0,10,1,0,22
U013980,12,2,0,1,4,1,0,0,13
U013981,13,2,4,1,4,7,0,0,19
U013982,15,3,3,3,0,7,3,2,11
U013983,9,0,7,5,0,3,1,0,16
U013984,12,2,6,3,1,9,2,0,23
U013985,12,5,7,4,10,5,1,0,12
U013986,17,3,10,10,0,4,1,2,24
U013987,20,2,7,5,1,4,2,0,10
U013988,12,4,4,1,5,3,1,4,18
U013989,13,3,3,4,1,5,1,0,31
U013990,9,2,11,4,0,8,2,0,23
U013991,8,2,6,4,0,4,1,0,27
U013992,17,0,3,1,0,4,2,1,12
U013993,9,1,3,3,1,3,1,0,15
U013994,6,3,5,2,3,4,0,0,14
U013995,18,3,13,0,1,10,0,1,32
U013996,16,2,6,4,1,6,2,1,17
U013997,18,5,6,5,1,9,1,1,38
U013998,7,0,3,2,0,3,2,1,18
U013999,16,5,8,4,0,10,2,1,13
U014000,14,1,2,2,5,5,1,3,16
U014001,15,0,5,5,0,9,3,0,23
U014002,15,1,5,0,1,4,0,2,11
U014003,13,2,8,4,0,3,1,0,18
U014004,24,0,8,5,0,4,1,1,25
U014005,9,1,4,0,2,2,0,1,15
U014006,13,0,13,2,0,6,1,3,17
U014007,12,0,5,5,1,6,1,0,17
U014008,21,4,4,7,0,9,2,2,21
U014009,6,1,4,7,0,4,0,0,29
U014010,17,2,4,1,1,7,1,1,21
U014011,11,1,5,3,0,8,2,2,18
U014012,18,6,9,4,2,6,3,1,23
U014013,18,1,9,3,0,9,1,2,24
U014014,17,7,9,3,0,9,1,1,31
U014015,17,1,8,7,1,6,0,4,33
U014016,17,5,5,1,0,11,2,2,25
U014017,17,7,4,3,0,5,1,1,27
U014018,12,0,4,2,0,5,0,2,22
U014019,12,8,1,8,0,11,1,1,24
U014020,19,2,6,5,1,9,2,1,25
U014021,10,1,1,3,0,1,2,1,19
U014022,18,5,8,3,0,9,3,2,22
U014023,8,1,4,5,1,6,0,2,13
U014024,11,1,5,1,2,7,0,1,10
U014025,12,0,5,2,1,3,2,0,8
U014026,11,4,5,5,6,5,3,1,16
U014027,20,2,14,2,0,9,2,3,27
U014028,5,4,5,4,2,5,0,2,20
U014029,7,0,1,1,4,2,1,0,8
U014030,13,1,5,6,1,7,1,1,17
U014031,20,1,3,2,1,11,3,0,30
U014032,12,5,3,1,1,6,0,1,24
U014033,15,0,7,2,0,4,0,1,17
U014034,13,3,6,0,0,4,0,1,18
U014035,16,6,8,2,0,3,2,2,19
U014036,13,4,11,2,0,9,0,1,16
U014037,19,0,6,4,1,3,1,2,35
U014038,17,7,8,3,1,13,1,0,16
U014039,6,2,4,1,3,6,0,0,21
U014040,15,5,5,3,3,4,3,1,16
U014041,10,2,6,4,0,15,0,1,23
U014042,8,2,4,4,7,3,1,0,20
U014043,11,2,6,2,3,3,2,0,11
U014044,13,3,1,7,0,3,1,1,25
U014045,17,4,7,5,0,9,4,0,31
U014046,13,0,8,1,0,7,2,1,18
U014047,15,0,6,2,0,3,0,0,34
U014048,11,2,4,3,1,8,2,1,17
U014049,8,2,4,4,3,3,0,0,8
U014050,14,2,7,1,0,2,3,0,10
U014051,11,0,2,1,0,4,1,2,17
U014052,17,0,9,3,0,3,1,0,24
U014053,23,3,9,1,0,9,0,2,24
U014054,11,4,10,9,4,4,1,0,26
U014055,8,4,7,3,1,4,1,0,12
U014056,19,2,8,5,0,6,2,0,27
U014057,14,4,2,2,0,5,1,2,28
U014058,7,0,9,3,1,2,2,4,12
U014059,11,5,5,4,4,3,0,0,23
U014060,13,6,10,4,0,4,1,1,28
U014061,11,1,2,2,0,5,3,0,14
U014062,16,3,6,3,0,3,1,1,25
U014063,9,0,7,2,0,4,0,1,16
U014064,5,0,6,6,0,6,1,2,13
U014065,21,4,7,4,0,5,3,0,29
U014066,12,0,1,2,0,4,2,2,18
U014067,17,6,9,6,0,10,2,2,33
U014068,23,8,4,3,0,5,4,0,26
U014069,9,1,4,3,0,5,0,2,11
U014070,9,4,6,5,0,5,2,0,15
U014071,9,1,3,0,1,2,0,0,25
U014072,11,0,1,1,0,4,2,1,10
U014073,11,0,5,2,0,5,1,0,14
U014074,8,1,3,7,1,1,0,0,13
U014075,11,1,7,6,1,5,2,0,18
U014076,11,1,4,2,4,3,0,0,7
U014077,14,1,6,4,0,5,1,0,21
U014078,5,0,6,0,0,7,0,0,10
U014079,19,3,8,4,1,5,0,1,26
U014080,17,4,10,4,1,12,2,1,26
U014081,7,3,8,5,1,1,3,1,15
U014082,15,0,7,4,0,6,1,1,11
U014083,12,2,7,2,0,4,1,0,22
U014084,7,0,4,5,5,3,2,2,15
U014085,8,2,4,0,0,5,0,1,14
U014086,15,0,4,1,0,9,0,1,21
U014087,12,0,6,0,1,4,2,1,17
U014088,15,1,2,3,1,4,0,0,11
U014089,10,0,4,3,0,2,2,0,18
U014090,10,1,5,4,0,2,2,0,20
U014091,15,3,8,4,0,5,1,1,27
U014092,15,3,3,1,1,5,2,0,28
U014093,20,0,9,1,0,8,3,0,33
U014094,11,2,5,3,1,7,0,0,23
U014095,17,5,5,5,0,4,1,1,19
U014096,9,4,7,3,1,8,0,2,28
U014097,12,2,4,2,1,4,3,1,7
U014098,14,1,6,4,0,7,1,0,16
U014099,9,2,7,0,0,6,1,1,20
U014100,15,2,11,5,0,10,1,0,24
U014101,19,4,9,4,1,9,2,2,29
U014102,12,1,7,1,0,2,0,1,21
U014103,19,3,7,3,0,11,1,0,37
U014104,10,2,6,2,0,7,3,0,22
U014105,10,1,7,6,0,6,5,0,21
U014106,13,4,7,3,0,6,1,2,16
U014107,10,0,5,3,2,4,1,0,9
U014108,12,1,4,7,1,4,2,2,15
U014109,8,1,3,1,2,2,1,2,17
U014110,11,3,8,4,0,7,0,0,32
U014111,20,8,5,9,0,4,4,0,31
U014112,12,2,6,0,0,3,1,0,24
U014113,6,0,1,3,0,3,1,0,16
U014114,14,7,3,3,0,8,1,0,15
U014115,12,1,5,1,1,7,2,2,20
U014116,19,1,4,5,0,4,1,0,33
U014117,14,6,3,3,0,4,1,2,30
U014118,15,6,9,2,0,3,2,2,22
U014119,12,3,5,1,2,6,0,1,20
U014120,11,2,7,5,4,6,2,0,18
U014121,20,1,10,4,0,4,0,4,14
U014122,14,1,6,2,0,7,2,0,26
U014123,11,1,5,0,0,4,3,0,22
U014124,15,1,11,2,3,8,2,2,19
U014125,10,0,5,6,1,6,1,2,9
U014126,8,0,4,3,2,4,1,0,11
U014127,13,0,6,6,2,4,3,1,22
U014128,10,1,7,2,4,4,0,2,12
U014129,19,0,3,6,0,4,3,2,17
U014130,14,4,9,4,0,9,1,2,28
U014131,14,6,4,5,4,6,2,0,25
U014132,8,2,7,2,0,5,0,0,17
U014133,7,7,4,2,0,6,1,2,22
U014134,6,0,4,1,1,5,1,1,13
U014135,8,0,2,5,3,5,0,0,11
U014136,16,4,8,3,0,3,0,3,28
U014137,16,4,8,5,0,5,4,1,30
U014138,20,2,7,2,0,6,0,4,18
U014139,12,1,2,0,3,1,0,0,18
U014140,15,0,6,1,0,7,5,0,22
U014141,14,3,2,2,0,5,2,1,27
U014142,5,3,2,3,2,3,5,0,20
U014143,7,0,1,1,4,2,0,1,14
U014144,12,0,1,3,3,2,1,0,14
U014145,10,1,4,3,0,2,2,2,18
U014146,8,2,3,3,0,5,0,0,16
U014147,11,1,3,1,0,9,1,0,26
U014148,14,1,4,1,0,6,2,1,26
U014149,11,0,1,1,1,2,2,0,11
U014150,9,3,7,4,0,7,1,2,24
U014151,6,0,4,2,1,5,4,0,22
U014152,20,5,7,5,0,2,2,1,28
U014153,18,1,7,5,1,7,4,2,30
U014154,18,4,5,4,2,5,1,0,22
U014155,12,0,1,2,2,2,0,0,5
U014156,12,2,5,2,0,5,1,1,17
U014157,8,4,4,2,0,8,1,0,13
U014158,14,0,4,4,1,8,1,1,19
U014159,14,5,10,3,0,8,0,1,20
U014160,16,8,5,4,0,9,2,1,18
U014161,6,1,4,1,2,2,1,0,6
U014162,14,0,3,2,0,4,0,0,18
U014163,9,2,6,4,1,4,1,1,25
U014164,13,0,2,0,0,3,0,0,13
U014165,15,0,4,2,0,4,1,1,26
U014166,5,2,5,2,0,5,1,2,14
U014167,19,1,8,2,0,5,1,6,18
U014168,18,0,3,3,0,6,0,0,21
U014169,14,2,5,1,1,5,1,2,10
U014170,7,1,2,2,1,4,0,3,12
U014171,10,1,8,2,0,5,1,1,21
U014172,10,0,8,4,0,6,1,1,24
U014173,12,4,3,5,0,5,3,2,22
U014174,13,1,5,3,1,9,2,0,17
U014175,10,2,6,2,0,10,2,2,19
U014176,11,2,4,6,1,8,2,0,21
U014177,13,2,10,5,0,4,1,4,24
U014178,21,2,10,5,1,8,3,2,22
U014179,11,1,6,1,4,2,3,0,16
U014180,6,1,3,0,0,3,1,0,13
U014181,12,1,4,0,4,4,1,0,9
U014182,19,0,3,8,2,3,0,0,29
U014183,7,5,7,1,0,7,0,0,20
U014184,12,2,3,4,2,6,3,0,15
U014185,12,2,4,3,1,3,0,2,15
U014186,9,0,5,3,0,3,1,1,10
U014187,14,1,3,1,2,3,0,0,16
U014188,9,0,6,1,0,2,0,0,20
U014189,13,0,7,4,1,5,3,0,22
U014190,9,4,4,1,0,5,1,3,23
U014191,11,1,2,4,0,3,0,0,10
U014192,13,0,3,3,1,4,2,3,18
U014193,13,2,7,5,0,8,3,0,19
U014194,11,3,4,5,2,10,2,2,26
U014195,15,4,6,5,1,7,0,0,27
U014196,21,1,8,4,0,5,2,3,19
U014197,15,3,7,5,0,10,3,0,25
U014198,12,3,6,1,0,6,2,3,19
U014199,6,0,2,2,3,3,1,1,7
U014200,14,1,5,1,1,2,1,0,14
U014201,8,0,2,3,5,4,2,0,18
U014202,8,2,8,4,0,5,2,2,14
U014203,11,2,6,2,0,3,1,1,11
U014204,9,1,4,7,4,4,1,0,21
U014205,11,4,2,1,0,5,0,2,23
U014206,6,1,6,3,4,6,0,0,18
U014207,13,0,6,0,0,5,0,3,21
U014208,14,1,7,2,5,5,1,0,19
U014209,13,4,3,4,1,9,3,3,21
U014210,7,2,5,1,3,3,0,0,18
U014211,10,2,1,4,1,8,2,1,24
U014212,12,2,9,4,1,6,0,1,23
U014213,11,0,2,0,0,6,1,0,12
U014214,12,3,2,4,2,7,4,1,23
U014215,8,1,3,3,0,6,1,0,12
U014216,17,3,4,3,0,11,1,2,17
U014217,19,2,2,3,1,6,0,0,12
U014218,9,1,2,3,1,5,1,1,24
U014219,22,1,5,1,0,4,0,2,26
U014220,15,4,5,2,7,4,0,1,18
U014221,9,3,6,3,5,6,2,0,24
U014222,8,4,8,1,1,7,1,1,20
U014223,16,1,2,1,0,4,3,0,28
U014224,15,0,6,1,1,3,0,1,9
U014225,13,1,1,4,0,5,2,1,17
U014226,14,3,2,5,0,12,0,3,18
U014227,9,0,2,1,2,7,1,1,6
U014228,10,0,5,1,0,2,4,0,10
U014229,9,3,3,2,1,5,1,2,17
U014230,20,3,8,5,0,6,1,0,17
U014231,11,6,8,4,0,4,1,2,29
U014232,8,0,2,6,0,9,1,1,14
U014233,11,0,9,0,0,2,0,1,14
U014234,12,2,5,6,6,6,1,1,23
U014235,20,2,5,3,0,3,3,1,21
U014236,16,0,6,5,0,6,2,1,29
U014237,9,1,2,1,2,8,3,0,17
U014238,11,0,0,4,1,5,1,1,16
U014239,19,3,9,5,2,2,5,2,24
U014240,8,2,4,2,4,6,0,0,11
U014241,7,0,2,0,0,2,1,0,17
U014242,10,1,3,2,0,5,1,0,18
U014243,5,1,1,2,6,4,0,1,7
U014244,8,0,4,2,6,2,0,1,19
U014245,9,2,8,6,6,1,3,0,16
U014246,14,6,4,1,1,5,1,0,22
U014247,14,1,7,1,1,4,0,1,24
U014248,11,0,4,1,0,5,1,0,14
U014249,15,3,5,3,1,4,2,1,14
U014250,11,3,6,1,0,4,0,1,11
U014251,14,3,6,3,1,4,2,1,34
U014252,8,2,6,2,3,4,0,0,5
U014253,10,3,5,1,2,6,0,0,10
U014254,17,3,7,2,0,6,3,2,19
U014255,5,1,7,2,0,8,0,1,14
U014256,13,0,5,5,0,5,2,0,13
U014257,14,2,11,3,0,6,3,1,29
U014258,25,6,6,3,0,10,1,2,23
U014259,20,4,7,6,1,7,2,2,24
U014260,7,2,4,3,4,3,1,0,16
U014261,7,2,2,1,0,3,1,0,22
U014262,11,0,4,4,0,4,0,0,15
U014263,15,0,5,3,1,4,0,0,17
U014264,16,3,8,2,0,9,1,2,25
U014265,15,4,2,0,0,7,2,3,27
U014266,12,2,10,5,1,10,1,4,27
U014267,13,6,9,5,1,5,1,1,16
U014268,12,0,7,2,0,3,0,0,14
U014269,11,0,1,0,6,6,0,2,12
U014270,6,4,2,3,3,2,1,1,14
U014271,9,5,15,3,0,7,0,1,15
U014272,13,0,4,4,0,6,1,1,22
U014273,15,1,2,3,0,4,0,0,12
U014274,11,3,4,1,4,6,1,1,10
U014275,7,1,1,2,2,4,0,0,8
U014276,5,0,8,6,0,6,1,2,15
U014277,14,1,3,1,2,6,1,0,14
U014278,17,2,6,4,0,5,0,1,25
U014279,15,2,5,2,0,5,2,0,22
U014280,12,1,1,4,8,3,0,0,14
U014281,27,3,9,7,0,8,1,2,41
U014282,13,0,4,6,2,2,1,1,22
U014283,11,6,6,6,0,10,2,3,26
U014284,19,7,4,1,1,4,1,1,26
U014285,9,2,5,0,1,4,1,0,15
U014286,14,0,8,6,0,8,0,1,29
U014287,12,2,4,3,3,2,0,0,19
U014288,18,1,11,3,0,9,2,1,24
U014289,7,1,5,3,3,2,0,2,14
U014290,16,1,5,3,1,5,1,3,7
U014291,14,1,5,0,0,6,0,3,13
U014292,17,2,6,3,1,7,0,2,20
U014293,8,4,10,4,1,12,0,1,33
U014294,13,0,3,3,1,6,1,0,14
U014295,17,2,6,1,1,7,0,1,21
U014296,20,5,4,1,0,3,1,0,14
U014297,7,3,2,0,6,3,2,1,18
U014298,14,1,5,2,4,2,1,1,18
U014299,17,0,5,3,1,3,2,0,31
U014300,5,3,5,3,6,3,0,0,9
U014301,8,1,4,2,1,4,3,0,15
U014302,11,2,4,3,0,3,2,1,22
U014303,13,3,5,3,0,10,1,1,19
U014304,9,0,4,4,1,3,2,0,19
U014305,18,4,11,7,0,12,1,0,27
U014306,18,1,9,4,0,5,3,0,15
U014307,15,4,3,3,4,5,0,1,23
U014308,20,1,6,1,0,8,2,0,16
U014309,16,0,6,1,0,3,0,0,26
U014310,12,1,4,4,1,9,0,2,23
U014311,14,2,4,6,0,4,0,2,29
U014312,8,0,5,3,0,4,1,4,17
U014313,18,6,5,5,0,6,0,1,17
U014314,9,2,6,2,1,5,2,1,14
U014315,13,4,7,3,0,4,1,0,21
U014316,18,3,6,2,1,8,0,1,30
U014317,15,0,2,2,0,4,2,0,20
U014318,15,2,6,4,1,5,2,0,22
U014319,16,4,10,2,1,5,2,4,40
U014320,13,2,8,0,0,1,1,1,19
U014321,7,1,4,2,1,4,1,1,21
U014322,9,6,5,3,0,11,2,3,18
U014323,14,2,11,1,0,11,4,2,34
U014324,15,2,6,2,0,8,1,0,12
U014325,14,1,7,3,0,4,0,0,11
U014326,13,2,7,1,0,6,2,0,20
U014327,12,2,7,5,0,9,2,1,12
U014328,17,3,10,3,0,9,1,3,34
U014329,25,3,6,1,0,7,2,0,32
U014330,23,2,6,1,1,6,2,1,21
U014331,13,3,5,3,1,6,1,2,20
U014332,15,6,9,6,0,7,0,2,26
U014333,13,1,8,3,0,7,2,1,19
U014334,11,1,6,1,0,4,0,0,14
U014335,12,1,6,3,0,8,4,0,16
U014336,11,2,5,2,0,4,1,1,13
U014337,16,0,7,1,0,6,1,1,18
U014338,6,3,2,1,6,2,0,1,11
U014339,8,5,5,1,6,6,1,1,17
U014340,11,2,2,1,4,3,0,2,9
U014341,9,0,5,4,0,3,1,2,14
U014342,8,2,11,2,0,7,1,2,32
U014343,13,5,8,3,1,8,3,1,14
U014344,22,4,5,4,0,10,2,0,28
U014345,23,3,7,2,0,5,1,0,22
U014346,10,1,6,1,1,7,2,2,13
U014347,11,0,5,2,2,6,0,1,14
U014348,11,2,3,3,0,3,1,1,23
U014349,8,3,8,2,1,6,0,1,17
U014350,16,2,5,2,1,4,0,0,24
U014351,7,4,9,2,0,7,1,0,21
U014352,16,1,6,2,1,6,1,0,17
U014353,6,2,6,1,3,8,4,0,20
U014354,16,0,6,3,0,6,3,0,17
U014355,12,3,3,1,1,4,0,3,11
U014356,4,0,1,1,1,2,0,1,13
U014357,8,0,4,2,3,6,0,0,13
U014358,14,5,15,3,0,3,2,2,18
U014359,14,4,6,3,1,3,2,0,25
U014360,13,1,3,0,1,2,1,1,16
U014361,14,3,14,1,1,7,1,3,23
U014362,8,3,6,3,1,6,5,0,16
U014363,16,4,4,4,0,6,0,0,19
U014364,19,2,8,6,0,7,1,1,24
U014365,9,2,4,4,1,5,0,1,14
U014366,8,2,5,2,2,3,1,0,14
U014367,13,1,5,6,2,3,0,2,20
U014368,11,6,8,0,3,6,1,0,19
U014369,11,1,1,1,0,7,2,2,21
U014370,14,1,1,2,0,7,0,1,25
U014371,12,2,2,1,0,2,0,1,11
U014372,22,0,7,2,0,2,2,1,19
U014373,13,2,5,4,1,6,1,3,22
U014374,18,0,6,1,0,6,0,1,19
U014375,4,1,9,2,1,4,2,0,31
U014376,18,3,7,6,0,6,0,1,20
U014377,13,6,5,4,0,5,1,3,21
U014378,10,3,8,5,0,5,2,4,26
U014379,10,1,5,1,0,6,1,0,16
U014380,14,3,8,2,0,9,1,1,30
U014381,10,1,5,5,0,1,2,2,15
U014382,7,0,9,2,0,7,1,1,12
U014383,22,3,6,4,0,7,3,2,29
U014384,18,1,7,3,1,3,1,1,36
U014385,14,0,7,2,0,7,3,0,24
U014386,7,0,5,0,1,3,0,1,16
U014387,19,0,4,1,0,5,0,0,11
U014388,22,5,6,0,0,6,3,3,25
U014389,13,1,5,5,0,9,0,0,18
U014390,13,2,10,1,0,8,1,1,33
U014391,17,0,4,1,1,4,0,0,20
U014392,8,4,4,1,0,3,1,0,21
U014393,12,3,5,4,1,5,1,2,22
U014394,11,0,8,1,1,2,0,0,11
U014395,26,3,8,4,0,8,0,1,31
U014396,19,4,14,5,0,9,3,0,28
U014397,17,1,5,4,0,5,2,0,27
U014398,12,4,5,1,1,10,2,0,24
U014399,20,1,6,5,0,5,2,1,33
U014400,16,3,11,3,0,7,0,2,25
U014401,9,7,4,3,0,5,1,3,17
U014402,6,0,3,2,2,2,1,2,7
U014403,20,2,6,6,0,9,3,0,21
U014404,28,2,7,1,1,9,0,0,23
U014405,10,1,3,1,3,3,0,1,25
U014406,7,1,5,2,0,5,2,1,23
U014407,7,7,4,6,2,7,2,0,15
U014408,14,3,6,3,0,10,0,0,20
U014409,16,3,10,5,0,5,1,1,31
U014410,17,5,10,2,6,4,2,1,27
U014411,15,1,7,5,1,2,1,2,24
U014412,9,2,5,1,0,12,3,1,23
U014413,18,7,8,3,0,5,3,0,26
U014414,11,3,6,4,1,5,1,2,21
U014415,6,1,5,2,3,2,0,1,8
U014416,17,5,12,6,2,5,4,0,16
U014417,12,4,9,3,0,2,1,0,24
U014418,13,0,3,2,0,4,1,0,13
U014419,8,2,5,3,5,6,0,0,16
U014420,18,1,5,6,0,2,0,1,22
U014421,12,0,4,3,0,4,1,2,21
U014422,18,5,9,4,0,5,1,1,24
U014423,13,0,6,1,0,10,1,0,22
U014424,13,2,4,2,0,4,1,0,19
U014425,18,3,10,1,0,9,2,1,20
U014426,9,1,7,4,0,3,3,1,23
U014427,14,0,6,4,0,2,0,1,22
U014428,16,3,3,5,2,2,1,0,22
U014429,11,1,4,1,0,9,0,1,18
U014430,9,0,3,2,2,2,1,0,9
U014431,15,5,8,4,1,6,2,0,27
U014432,6,4,7,8,1,3,0,1,14
U014433,7,0,2,2,1,5,2,0,14
U014434,15,2,3,2,0,6,1,1,26
U014435,9,1,4,3,0,2,0,1,19
U014436,10,0,4,2,0,5,0,1,15
U014437,21,1,7,3,0,4,1,0,24
U014438,16,1,5,5,1,2,0,2,13
U014439,16,2,5,1,0,8,2,2,25
U014440,18,0,4,2,0,10,1,2,13
U014441,15,1,7,1,0,3,0,0,25
U014442,14,1,5,5,0,2,3,1,14
U014443,5,1,7,2,0,1,0,0,11
U014444,5,1,4,5,0,4,0,1,15
U014445,10,2,5,2,0,4,1,0,12
U014446,12,2,5,8,0,6,1,2,23
U014447,15,5,4,2,0,4,0,2,18
U014448,15,5,6,1,0,7,1,0,30
U014449,19,6,8,2,0,5,5,3,25
U014450,11,1,6,2,5,2,3,0,28
U014451,11,2,4,4,0,7,3,1,22
U014452,15,1,8,4,2,7,1,1,23
U014453,9,2,6,4,0,5,1,1,12
U014454,21,3,9,4,0,7,2,2,21
U014455,20,4,6,3,0,8,2,5,28
U014456,18,1,7,1,0,4,1,2,17
U014457,12,3,2,1,0,2,0,1,17
U014458,11,2,6,8,0,10,6,2,26
U014459,10,0,3,2,0,1,1,3,21
U014460,12,4,6,3,6,4,0,0,17
U014461,11,0,3,3,0,5,0,1,7
U014462,9,0,1,1,0,5,3,1,28
U014463,18,5,2,3,0,6,1,2,12
U014464,15,0,4,2,3,4,3,1,21
U014465,20,5,6,3,1,3,1,1,20
U014466,8,4,5,3,1,4,2,0,27
U014467,8,4,7,2,1,5,4,2,20
U014468,13,3,10,3,0,4,1,0,27
U014469,9,2,3,4,3,8,0,0,14
U014470,18,5,3,1,0,8,2,2,32
U014471,22,2,12,6,0,13,2,1,25
U014472,16,5,6,2,1,10,1,2,23
U014473,18,6,7,4,0,9,1,2,29
U014474,14,3,5,1,2,5,1,1,22
U014475,18,3,4,3,0,5,1,0,14
U014476,12,0,1,2,2,1,0,1,9
U014477,17,2,3,3,1,8,0,1,23
U014478,13,4,8,3,0,6,2,3,27
U014479,16,4,4,2,2,6,1,1,25
U014480,15,1,4,0,1,7,1,0,21
U014481,17,6,5,1,1,5,2,0,19
U014482,14,3,12,2,2,8,1,2,13
U014483,9,1,5,5,1,6,1,1,21
U014484,10,1,4,3,1,9,3,1,24
U014485,18,1,5,2,0,4,1,0,17
U014486,10,2,5,3,0,2,0,1,21
U014487,11,4,6,8,0,6,0,3,20
U014488,13,0,7,1,1,0,2,0,13
U014489,16,8,12,7,1,9,5,1,31
U014490,11,0,3,0,2,3,2,2,12
U014491,8,0,0,1,3,7,0,0,11
U014492,21,2,9,4,0,6,0,0,22
U014493,6,2,2,4,0,2,2,1,9
U014494,16,0,5,6,1,9,1,0,10
U014495,10,0,7,4,0,7,1,1,13
U014496,8,1,4,3,0,7,2,1,13
U014497,8,1,4,3,2,5,1,0,10
U014498,13,3,8,4,1,1,2,0,17
U014499,16,0,0,2,1,3,1,1,11
U014500,10,1,5,4,0,7,5,0,23
U014501,11,1,6,2,0,2,1,1,12
U014502,8,3,4,1,3,3,0,1,16
U014503,16,2,6,4,1,8,1,2,21
U014504,14,0,6,3,1,7,1,1,22
U014505,6,2,6,0,3,4,0,3,9
U014506,9,1,3,3,0,4,0,0,14
U014507,9,3,8,2,0,6,0,0,25
U014508,20,2,1,4,1,3,2,1,25
U014509,8,2,11,2,0,7,0,0,12
U014510,14,2,1,3,0,2,1,2,13
U014511,7,2,1,2,0,4,1,1,13
U014512,7,0,7,2,2,1,0,0,16
U014513,10,2,5,1,0,4,1,0,15
U014514,15,0,9,3,0,4,3,0,16
U014515,10,1,4,4,0,6,0,1,14
U014516,13,6,2,1,0,4,2,1,24
U014517,10,0,1,2,0,5,2,1,17
U014518,12,3,2,5,2,3,0,0,15
U014519,7,2,3,4,1,0,2,1,24
U014520,7,2,4,3,4,4,1,1,21
U014521,12,1,6,4,0,4,1,0,18
U014522,19,2,4,8,0,7,2,0,22
U014523,14,3,7,2,1,6,2,1,36
U014524,13,1,5,7,0,3,0,1,28
U014525,12,2,4,4,0,3,2,0,24
U014526,7,1,2,1,0,8,2,0,19
U014527,12,5,4,3,0,5,1,0,28
U014528,12,3,4,3,3,6,0,1,15
U014529,11,6,8,3,0,4,0,1,17
U014530,12,1,5,4,1,4,2,0,22
U014531,18,0,2,2,0,3,1,3,13
U014532,8,2,3,3,5,5,1,1,12
U014533,13,5,7,4,0,3,2,2,17
U014534,11,1,2,6,0,4,1,0,17
U014535,21,9,6,4,0,4,1,2,30
U014536,12,6,3,2,0,8,1,1,18
U014537,10,4,8,2,0,4,4,0,30
U014538,9,0,3,2,1,7,0,0,16
U014539,10,0,6,3,0,7,0,0,16
U014540,11,0,5,4,0,4,0,0,17
U014541,12,3,6,4,0,5,0,0,26
U014542,11,2,5,2,0,9,1,0,26
U014543,19,6,5,5,0,7,1,2,34
U014544,16,1,8,4,1,5,4,1,26
U014545,12,3,5,5,2,8,2,0,17
U014546,23,5,11,2,0,9,2,3,23
U014547,11,0,1,0,0,8,0,2,22
U014548,8,0,6,1,0,4,1,0,14
U014549,13,3,6,4,0,5,0,0,28
U014550,13,2,4,5,0,4,2,1,30
U014551,15,1,6,2,1,4,4,1,12
U014552,13,2,8,9,0,9,2,0,37
U014553,9,0,6,0,0,9,2,1,18
U014554,21,5,14,6,0,8,5,1,14
U014555,11,3,6,2,0,5,0,1,24
U014556,2,1,4,0,4,3,0,1,9
U014557,10,0,7,5,3,3,1,0,11
U014558,10,1,9,2,0,6,0,3,17
U014559,11,2,4,2,0,7,0,1,15
U014560,17,4,3,1,0,1,1,2,14
U014561,9,0,4,4,2,8,1,3,17
U014562,14,1,3,7,0,7,1,1,16
U014563,14,3,4,4,4,4,3,1,19
U014564,15,5,10,5,1,9,1,0,20
U014565,15,2,6,6,2,4,2,0,35
U014566,13,3,5,2,1,4,3,1,13
U014567,11,1,6,2,1,5,1,2,13
U014568,14,1,3,3,1,9,1,3,22
U014569,12,4,6,4,5,6,1,3,19
U014570,10,0,2,1,0,5,2,3,15
U014571,15,1,4,2,0,3,2,0,17
U014572,14,4,11,4,1,10,3,3,21
U014573,20,5,14,0,0,11,1,1,20
U014574,19,1,8,5,0,9,2,1,30
U014575,8,5,5,2,0,10,2,1,29
U014576,15,0,5,4,0,4,2,2,22
U014577,22,6,11,4,0,13,0,1,25
U014578,13,0,4,4,0,3,3,1,16
U014579,12,3,4,0,0,7,1,1,17
U014580,10,0,9,2,5,6,1,2,25
U014581,10,5,5,2,1,7,0,0,14
U014582,12,0,11,2,0,5,3,0,14
U014583,26,2,6,2,0,12,1,0,24
U014584,5,1,4,1,0,4,2,2,8
U014585,8,0,1,0,5,5,1,0,19
U014586,14,2,6,3,0,5,2,1,9
U014587,15,4,7,8,0,6,1,0,18
U014588,11,0,1,1,0,4,0,1,12
U014589,10,2,4,4,0,2,0,0,21
U014590,15,1,3,3,5,1,0,0,21
U014591,16,1,4,5,0,4,0,2,14
U014592,13,1,9,6,0,11,0,1,29
U014593,13,1,3,4,0,4,3,2,24
U014594,11,9,6,4,0,6,1,0,31
U014595,4,2,3,2,5,4,0,0,17
U014596,17,7,6,5,0,9,3,1,25
U014597,16,1,9,2,1,7,1,0,23
U014598,15,2,3,3,0,1,1,0,20
U014599,10,5,2,3,0,9,0,2,25
U014600,20,1,4,6,0,9,1,0,14
U014601,19,7,6,3,1,5,2,0,29
U014602,9,5,1,4,0,5,1,1,12
U014603,20,5,4,4,0,3,1,0,22
U014604,9,1,5,4,0,3,1,0,21
U014605,10,1,2,3,4,2,2,0,12
U014606,8,0,6,1,0,1,1,1,22
U014607,12,1,8,2,2,5,2,0,13
U014608,15,0,7,2,0,5,2,1,14
U014609,20,2,3,7,0,6,0,2,27
U014610,8,2,4,4,1,9,1,0,24
U014611,19,1,7,3,0,3,2,2,14
U014612,11,1,2,7,0,2,2,0,14
U014613,15,1,7,3,0,8,0,1,24
U014614,17,1,7,2,0,6,3,2,25
U014615,13,1,7,4,0,1,0,0,9
U014616,9,1,6,2,5,1,0,1,8
U014617,14,1,5,6,0,10,1,0,20
U014618,11,5,8,4,1,7,3,0,26
U014619,14,5,7,3,1,6,2,1,16
U014620,10,5,8,5,1,6,0,2,27
U014621,22,5,2,2,0,4,1,1,20
U014622,8,1,6,2,3,5,0,1,23
U014623,12,3,5,4,1,5,0,1,18
U014624,10,6,8,4,1,5,1,1,26
U014625,11,1,5,3,1,8,1,2,25
U014626,9,1,3,1,1,4,0,1,10
U014627,12,0,4,2,0,4,1,1,19
U014628,11,2,2,2,3,1,0,0,12
U014629,13,4,8,5,0,6,1,0,32
U014630,7,0,1,3,4,2,1,1,11
U014631,8,1,4,3,1,4,0,2,17
U014632,8,0,4,2,0,5,0,0,18
U014633,8,0,5,2,0,10,4,0,14
U014634,13,4,7,1,0,8,0,0,11
U014635,19,5,5,5,1,8,2,1,22
U014636,13,0,7,3,0,4,1,1,15
U014637,16,0,9,5,2,5,2,0,16
U014638,21,5,7,7,0,2,1,0,24
U014639,13,6,10,3,0,4,1,1,27
U014640,12,1,6,4,0,2,2,0,22
U014641,19,3,7,1,0,2,0,0,20
U014642,12,1,6,0,1,2,3,0,15
U014643,12,0,7,1,0,6,0,0,15
U014644,13,0,2,4,0,0,0,0,19
U014645,17,2,8,2,0,3,0,2,23
U014646,12,3,11,2,1,5,1,0,21
U014647,6,0,2,2,3,2,0,0,14
U014648,10,2,7,1,0,8,2,2,22
U014649,14,0,4,5,0,5,0,0,10
U014650,10,3,9,3,3,7,1,0,23
U014651,17,5,5,4,0,8,1,2,33
U014652,22,4,7,4,0,4,1,3,30
U014653,10,1,3,2,1,6,0,2,23
U014654,23,6,6,5,0,7,4,1,24
U014655,15,0,4,4,0,4,0,1,14
U014656,19,6,12,6,0,10,0,2,23
U014657,7,2,2,1,5,3,1,1,19
U014658,9,2,1,2,1,2,2,0,13
U014659,15,1,9,0,0,3,2,2,17
U014660,13,4,7,3,1,3,2,2,35
U014661,24,3,11,5,0,9,2,1,30
U014662,13,5,2,0,0,5,0,1,16
U014663,16,0,5,4,0,4,0,0,26
U014664,18,6,4,0,0,4,1,0,15
U014665,12,0,5,3,0,5,2,1,23
U014666,5,2,2,0,1,5,1,0,9
U014667,13,5,7,6,1,12,4,1,27
U014668,22,5,6,3,1,6,1,0,25
U014669,13,4,4,1,5,3,2,0,14
U014670,22,2,6,4,0,7,1,1,19
U014671,13,0,3,0,0,7,0,0,15
U014672,12,4,3,1,0,5,0,0,21
U014673,6,0,1,1,3,1,0,0,13
U014674,11,1,1,3,0,2,2,0,18
U014675,14,3,4,0,0,6,1,1,19
U014676,24,5,7,3,0,8,1,0,30
U014677,8,2,9,4,0,5,2,0,15
U014678,18,6,5,4,1,5,2,3,33
U014679,7,0,10,2,3,3,2,1,7
U014680,12,0,4,0,0,5,1,1,19
U014681,9,1,7,1,0,2,2,1,18
U014682,11,0,7,0,0,3,1,2,19
U014683,8,0,0,1,3,6,0,0,13
U014684,7,1,5,1,0,6,0,2,19
U014685,12,2,3,4,0,8,0,0,21
U014686,16,4,6,1,6,3,1,0,21
U014687,17,5,4,3,0,2,2,2,32
U014688,11,0,6,4,0,3,1,1,12
U014689,14,3,10,2,2,8,0,0,26
U014690,13,4,5,0,0,10,1,0,19
U014691,21,3,4,1,0,9,2,1,26
U014692,10,2,2,6,0,4,3,1,23
U014693,14,3,6,2,1,8,1,1,26
U014694,15,0,7,3,0,7,2,0,23
U014695,17,1,9,5,0,6,3,1,23
U014696,9,0,8,2,0,9,0,0,25
U014697,9,7,7,6,0,6,0,1,28
U014698,12,2,7,3,0,1,2,0,23
U014699,7,4,7,4,4,4,2,2,20
U014700,7,0,4,3,5,4,1,0,19
U014701,11,2,4,4,0,4,1,0,26
U014702,6,0,3,4,2,1,1,0,11
U014703,18,4,4,3,1,2,0,2,18
U014704,13,3,4,6,0,10,1,1,27
U014705,15,2,0,3,1,4,0,3,17
U014706,13,3,6,6,0,4,2,2,25
U014707,16,2,8,2,0,6,2,1,25
U014708,6,0,7,4,4,2,0,0,9
U014709,21,0,12,5,1,5,1,3,21
U014710,18,2,7,6,0,9,1,1,19
U014711,15,1,8,0,5,7,5,1,15
U014712,19,4,3,4,1,4,0,1,21
U014713,14,3,10,2,1,2,3,1,21
U014714,9,3,6,3,1,2,0,0,6
U014715,16,0,6,5,0,6,0,1,19
U014716,22,2,6,5,5,3,0,0,14
U014717,10,0,3,6,0,5,1,1,18
U014718,7,0,3,3,1,4,1,1,11
U014719,5,0,4,3,5,4,0,1,7
U014720,15,0,5,1,0,2,0,0,23
U014721,18,4,3,1,0,7,2,4,17
U014722,11,1,6,3,0,9,2,2,9
U014723,17,4,9,3,1,6,4,0,29
U014724,7,2,5,3,5,6,3,0,13
U014725,6,0,2,3,0,7,1,2,12
U014726,16,5,5,1,1,9,2,2,12
U014727,14,13,10,3,1,10,0,1,30
U014728,11,2,4,1,1,6,3,0,20
U014729,16,3,8,3,0,3,3,2,30
U014730,7,2,2,2,0,5,1,1,19
U014731,19,4,7,6,0,4,2,1,31
U014732,19,5,5,5,0,7,0,0,24
U014733,18,3,5,3,0,3,0,2,16
U014734,12,0,4,2,1,4,2,0,20
U014735,6,0,4,4,0,2,1,1,24
U014736,21,6,12,2,1,12,1,2,32
U014737,12,1,7,0,5,0,0,0,13
U014738,19,5,6,3,0,3,1,0,18
U014739,8,1,4,1,1,3,0,1,30
U014740,4,8,6,4,5,6,1,1,26
U014741,15,1,3,2,1,8,1,0,25
U014742,8,0,5,0,0,5,0,1,9
U014743,9,1,3,6,1,4,2,0,12
U014744,13,5,9,2,0,5,1,0,18
U014745,10,1,9,2,0,8,2,1,16
U014746,11,4,2,4,0,10,1,1,21
U014747,15,1,8,5,2,4,0,1,27
U014748,6,0,7,1,0,4,3,3,15
U014749,12,6,3,3,0,7,0,0,29
U014750,13,0,2,1,0,4,1,0,12
U014751,18,5,10,2,0,12,1,0,29
U014752,13,0,3,1,0,5,1,1,18
U014753,12,5,8,0,0,5,1,2,24
U014754,18,4,7,3,0,6,3,0,25
U014755,16,4,12,1,0,6,2,1,24
U014756,14,6,5,1,1,7,2,2,22
U014757,12,6,8,4,0,3,1,0,28
U014758,14,5,10,4,7,4,3,1,20
U014759,10,1,5,2,0,6,0,0,14
U014760,11,2,9,4,1,6,0,2,12
U014761,7,0,7,2,3,2,0,1,13
U014762,7,1,8,2,1,1,0,1,25
U014763,16,6,5,3,0,9,2,0,30
U014764,17,2,12,3,0,5,1,0,18
U014765,18,5,11,4,0,7,1,1,26
U014766,12,0,2,2,1,5,1,2,17
U014767,16,2,9,4,1,7,1,0,24
U014768,17,2,6,4,1,4,1,3,26
U014769,10,0,4,4,0,8,3,1,24
U014770,13,2,6,1,0,4,0,0,20
U014771,12,3,4,6,0,7,1,0,15
U014772,10,1,4,5,1,3,0,1,19
U014773,12,2,4,2,0,4,2,2,17
U014774,10,0,1,2,1,0,0,0,13
U014775,14,4,8,5,0,12,2,2,22
U014776,22,1,5,1,1,3,1,2,14
U014777,6,1,3,1,0,7,2,1,15
U014778,9,0,3,3,1,2,2,0,23
U014779,19,1,6,2,0,3,2,3,36
U014780,10,0,5,5,0,2,2,0,10
U014781,9,3,5,1,5,6,2,5,20
U014782,14,3,4,4,1,3,0,1,26
U014783,16,3,8,4,0,8,1,1,25
U014784,12,5,8,4,0,10,2,2,23
U014785,12,6,5,2,1,5,1,2,25
U014786,9,0,4,2,7,2,0,0,19
U014787,8,3,8,4,2,6,0,1,25
U014788,13,0,6,0,0,6,2,1,19
U014789,17,4,4,3,1,6,2,1,13
U014790,8,1,4,1,0,2,0,1,9
U014791,19,3,6,4,0,4,1,1,28
U014792,13,3,3,1,1,5,2,3,21
U014793,14,3,5,1,2,5,1,1,27
U014794,10,3,5,2,0,7,0,0,20
U014795,12,6,6,8,0,9,1,1,30
U014796,16,3,7,3,2,11,2,0,18
U014797,17,2,6,5,0,8,3,2,36
U014798,11,4,7,2,0,5,3,0,22
U014799,11,3,6,5,0,10,2,1,17
U014800,7,1,1,4,2,6,1,0,17
U014801,14,3,10,9,0,5,1,0,21
U014802,11,0,6,4,1,9,1,1,19
U014803,14,4,9,5,0,8,4,1,30
U014804,12,1,11,4,2,8,1,3,25
U014805,17,3,6,6,2,6,2,1,21
U014806,11,0,9,3,0,4,1,0,20
U014807,8,0,5,2,2,1,0,0,5
U014808,15,0,8,4,0,5,1,0,27
U014809,11,0,9,0,0,6,0,0,13
U014810,12,0,4,3,1,3,0,1,13
U014811,18,4,5,2,1,14,2,1,27
U014812,11,3,3,3,7,10,2,1,16
U014813,18,2,5,6,4,4,2,1,13
U014814,12,2,6,2,0,8,0,1,26
U014815,13,1,6,5,0,6,2,0,16
U014816,12,3,11,4,1,8,3,0,29
U014817,13,6,2,7,0,5,1,0,26
U014818,15,7,9,3,0,2,3,1,35
U014819,15,6,6,2,0,7,1,4,11
U014820,15,0,4,5,3,5,1,2,23
U014821,9,0,2,1,1,2,1,0,19
U014822,10,0,6,0,1,5,1,0,14
U014823,14,6,4,3,0,3,0,1,21
U014824,13,1,4,2,0,2,2,1,25
U014825,10,4,9,4,0,7,2,2,26
U014826,13,0,6,2,3,7,3,1,30
U014827,7,4,3,1,0,11,2,3,21
U014828,10,1,2,1,1,1,0,0,24
U014829,9,3,5,3,1,10,0,0,20
U014830,11,5,7,2,2,7,3,1,17
U014831,11,1,5,1,1,5,2,1,21
U014832,11,1,7,1,0,4,2,2,16
U014833,7,5,4,3,3,3,2,2,12
U014834,14,1,3,3,0,2,1,1,17
U014835,6,1,3,2,1,5,4,0,12
U014836,17,1,4,5,0,9,1,0,23
U014837,16,2,8,1,0,5,2,0,32
U014838,4,0,6,0,5,0,0,0,21
U014839,16,1,11,4,1,4,2,1,31
U014840,9,5,11,6,0,7,2,1,23
U014841,12,0,4,2,0,2,0,1,17
U014842,7,1,5,3,0,9,0,1,15
U014843,23,3,9,2,0,9,5,0,32
U014844,18,2,2,0,0,8,1,1,25
U014845,12,2,11,3,2,7,1,0,25
U014846,14,2,7,2,0,6,2,2,11
U014847,10,2,5,0,2,0,0,0,8
U014848,19,2,12,4,0,2,1,1,19
U014849,15,1,11,9,0,4,0,0,12
U014850,22,0,13,3,0,7,1,0,22
U014851,15,6,7,2,1,8,0,2,29
U014852,18,3,5,3,0,2,0,1,20
U014853,14,1,1,3,0,9,1,1,22
U014854,13,0,7,1,1,4,0,2,21
U014855,15,0,3,1,0,3,1,0,13
U014856,7,2,6,2,0,8,1,0,14
U014857,13,3,12,5,0,10,0,1,27
U014858,8,0,6,3,0,3,0,1,11
U014859,20,1,9,3,1,1,1,3,16
U014860,18,4,10,9,1,10,4,1,30
U014861,17,6,8,5,0,8,2,0,26
U014862,8,0,7,1,0,6,1,0,9
U014863,13,3,2,6,0,7,1,2,17
U014864,11,4,6,4,1,2,0,3,15
U014865,14,0,4,2,0,2,1,1,20
U014866,17,3,6,3,2,4,1,0,36
U014867,13,0,5,1,0,7,0,1,25
U014868,14,2,9,4,1,3,0,2,33
U014869,26,4,1,3,0,6,0,1,19
U014870,6,0,2,1,2,4,1,0,9
U014871,12,0,4,1,0,6,1,1,14
U014872,17,3,1,4,1,11,0,2,26
U014873,16,3,4,3,1,5,3,2,24
U014874,22,6,5,2,0,8,0,0,21
U014875,19,4,5,2,0,6,2,0,23
U014876,17,5,16,3,1,6,4,1,41
U014877,11,2,3,4,0,6,0,3,19
U014878,15,5,9,1,2,5,0,0,28
U014879,10,7,9,1,1,3,1,2,26
U014880,10,1,9,1,0,5,1,1,12
U014881,18,4,7,5,2,2,4,1,21
U014882,20,2,8,3,0,6,2,0,24
U014883,9,3,1,1,3,4,0,0,12
U014884,17,2,6,4,2,3,2,0,34
U014885,9,5,8,3,0,3,0,1,17
U014886,14,2,7,2,0,6,4,0,26
U014887,14,0,7,2,0,5,1,1,23
U014888,14,1,5,1,0,5,1,1,14
U014889,13,3,8,5,0,9,2,2,28
U014890,14,3,4,3,1,6,1,2,26
U014891,15,5,6,3,1,6,2,0,29
U014892,19,2,10,2,0,8,2,0,26
U014893,12,0,7,7,0,7,2,0,15
U014894,17,0,4,2,0,5,0,1,17
U014895,13,1,1,0,0,8,1,0,19
U014896,15,0,4,0,0,1,1,1,18
U014897,13,3,7,4,1,5,2,2,21
U014898,18,1,4,2,0,3,1,1,15
U014899,10,0,8,4,0,4,1,0,15
U014900,15,2,7,0,1,4,0,1,18
U014901,14,1,9,4,0,5,2,1,15
U014902,14,2,6,3,1,7,0,2,22
U014903,13,5,11,7,3,7,3,1,31
U014904,8,0,1,1,0,4,2,1,15
U014905,9,1,2,3,0,5,0,1,21
U014906,6,1,6,2,0,6,2,1,12
U014907,13,4,4,5,0,3,1,0,18
U014908,6,1,5,2,1,3,1,1,18
U014909,15,1,13,3,0,7,1,3,25
U014910,11,0,10,2,1,2,1,1,37
U014911,14,3,5,4,0,6,3,0,33
U014912,11,0,4,1,2,4,0,0,18
U014913,11,1,5,1,0,1,0,4,20
U014914,15,2,9,1,0,7,1,1,36
U014915,13,4,5,1,1,6,1,1,23
U014916,5,0,4,2,1,5,2,0,22
U014917,16,4,12,1,0,5,1,0,18
U014918,17,4,6,4,1,4,3,0,30
U014919,7,0,3,0,4,3,1,2,9
U014920,10,0,5,3,1,5,5,2,22
U014921,27,4,8,4,0,8,0,2,22
U014922,12,1,4,1,0,2,1,1,19
U014923,15,3,7,4,0,7,2,3,22
U014924,8,3,3,1,1,5,2,0,20
U014925,20,3,8,4,0,3,0,3,24
U014926,11,0,4,3,1,5,0,0,21
U014927,20,3,10,2,0,8,3,1,37
U014928,11,1,5,2,0,9,1,2,22
U014929,5,0,1,2,2,0,2,1,7
U014930,14,6,4,5,0,3,3,1,20
U014931,12,2,10,5,0,7,1,1,10
U014932,11,4,6,4,1,1,2,1,18
U014933,9,0,4,2,1,5,0,0,8
U014934,10,1,7,3,0,6,0,0,18
U014935,19,3,9,4,0,5,5,1,29
U014936,10,1,6,2,1,5,3,2,17
U014937,8,5,6,5,1,4,0,2,20
U014938,8,2,4,6,0,4,1,1,20
U014939,14,0,3,2,2,4,1,1,26
U014940,18,6,8,2,0,10,0,0,22
U014941,20,2,3,1,0,10,2,2,14
U014942,13,3,7,5,0,6,1,0,38
U014943,11,0,5,0,3,5,1,1,14
U014944,19,1,4,2,2,8,1,1,22
U014945,10,2,10,0,0,6,1,2,14
U014946,16,3,14,2,1,9,0,1,22
U014947,12,0,4,0,0,6,0,0,19
U014948,12,4,6,4,5,8,1,0,25
U014949,19,2,12,7,2,8,1,0,28
U014950,9,2,8,1,0,2,2,0,25
U014951,15,2,9,3,0,7,0,2,23
U014952,1,1,6,3,1,2,2,0,14
U014953,11,0,8,2,1,2,2,2,19
U014954,7,4,7,8,1,7,3,1,34
U014955,12,2,6,1,0,5,1,1,20
U014956,13,1,5,1,0,5,1,3,20
U014957,5,1,1,2,0,5,0,2,23
U014958,10,0,2,1,3,1,1,0,13
U014959,16,5,11,1,0,7,0,0,19
U014960,4,0,6,0,5,9,0,0,22
U014961,9,1,7,2,1,2,1,1,10
U014962,8,0,7,3,2,6,2,2,19
U014963,19,4,7,5,0,12,2,0,21
U014964,12,3,6,0,3,5,2,3,16
U014965,16,1,4,4,1,7,1,0,22
U014966,10,0,4,1,1,5,3,1,21
U014967,19,3,4,3,0,10,2,2,20
U014968,11,5,6,6,0,12,2,1,32
U014969,10,3,3,1,0,6,1,1,24
U014970,13,2,4,4,0,2,3,2,12
U014971,15,1,9,10,1,7,2,1,36
U014972,11,4,2,2,3,6,3,0,10
U014973,11,0,7,1,1,2,2,1,24
U014974,11,2,5,2,3,5,2,0,16
U014975,14,1,6,3,0,6,0,1,9
U014976,12,3,10,3,0,6,0,0,20
U014977,11,3,6,3,4,3,3,1,19
U014978,16,6,4,5,2,5,1,3,27
U014979,15,5,2,2,5,5,1,2,26
U014980,10,4,7,3,2,4,1,1,21
U014981,19,3,9,4,0,12,3,0,24
U014982,4,0,5,0,1,3,1,1,11
U014983,22,3,10,3,0,9,4,1,23
U014984,16,0,7,1,0,7,0,1,14
U014985,16,0,9,4,1,6,3,0,23
U014986,14,0,1,1,3,3,2,0,16
U014987,14,2,5,0,7,10,0,1,23
U014988,7,1,5,3,0,4,0,1,16
U014989,11,4,5,3,2,6,5,2,34
U014990,17,0,6,3,0,3,4,2,12
U014991,12,0,6,2,0,7,3,2,12
U014992,23,4,3,4,1,3,2,2,30
U014993,16,3,3,3,1,7,1,0,17
U014994,12,1,5,4,1,2,2,1,24
U014995,7,1,4,3,3,4,0,1,15
U014996,12,1,10,5,5,10,1,0,15
U014997,11,0,10,2,0,8,2,0,24
U014998,6,2,5,3,0,7,2,1,26
U014999,8,2,7,2,0,5,2,2,10
U015000,11,4,6,6,1,3,0,0,24
U015001,11,1,6,4,0,4,1,1,27
U015002,13,0,6,3,1,4,0,1,13
U015003,10,0,5,3,0,4,3,1,16
U015004,9,1,3,1,3,7,0,0,11
U015005,14,0,10,3,0,1,0,2,18
U015006,14,2,5,1,1,8,1,2,18
U015007,16,3,4,6,0,5,0,0,21
U015008,20,7,10,1,0,1,4,0,24
U015009,12,1,4,1,7,3,1,1,22
U015010,16,0,8,1,0,5,2,1,16
U015011,7,0,3,2,3,4,2,0,15
U015012,8,1,3,6,0,9,1,0,19
U015013,7,2,4,4,3,1,1,2,13
U015014,7,2,7,5,0,5,1,1,11
U015015,11,2,3,4,2,3,1,2,16
U015016,15,4,4,3,0,8,0,0,22
U015017,14,2,6,9,0,10,1,1,31
U015018,12,0,9,1,5,5,3,0,9
U015019,9,1,3,2,3,8,3,1,15
U015020,8,1,4,3,0,2,0,0,9
U015021,12,3,10,2,0,11,3,1,21
U015022,16,2,3,4,0,2,2,0,17
U015023,13,5,3,4,0,4,1,0,19
U015024,18,10,4,1,2,3,1,1,33
U015025,16,1,15,4,0,13,4,0,33
U015026,8,0,2,2,2,1,0,4,11
U015027,15,2,4,5,0,6,0,0,23
U015028,8,2,4,1,0,2,0,0,16
U015029,16,7,9,7,0,10,0,1,15
U015030,14,5,7,3,1,5,1,1,29
U015031,20,3,5,3,0,6,0,0,30
U015032,15,1,2,3,1,7,2,0,11
U015033,22,1,7,7,0,5,0,0,12
U015034,15,2,7,5,0,5,0,0,15
U015035,11,0,5,2,3,2,1,1,12
U015036,12,3,9,4,1,6,2,0,21
U015037,11,0,3,2,3,4,0,1,7
U015038,19,3,7,5,0,8,0,3,32
U015039,10,1,3,5,0,1,1,1,24
U015040,28,4,5,3,2,9,2,0,30
U015041,10,2,7,3,0,7,1,0,14
U015042,16,0,4,1,0,5,0,1,12
U015043,17,1,7,3,0,8,3,1,23
U015044,11,0,6,3,0,8,0,0,18
U015045,23,3,7,2,1,8,0,0,15
U015046,21,5,11,3,0,4,2,1,16
U015047,5,0,7,1,4,2,1,0,10
U015048,7,0,4,5,0,6,1,0,17
U015049,12,3,4,4,0,6,2,2,22
U015050,13,3,2,5,1,7,2,2,30
U015051,11,0,4,2,1,5,1,0,13
U015052,16,1,8,6,0,6,1,2,28
U015053,20,3,7,4,0,5,0,0,22
U015054,10,0,4,2,0,1,0,1,9
U015055,12,2,2,3,1,6,2,1,23
U015056,17,5,6,3,0,5,1,1,18
U015057,6,1,3,0,1,1,0,0,16
U015058,8,0,1,3,0,3,0,1,17
U015059,13,4,9,0,0,5,1,1,29
U015060,14,1,4,4,0,5,1,0,23
U015061,10,0,3,6,1,2,1,0,21
U015062,7,0,2,3,2,5,1,1,18
U015063,12,0,4,1,0,3,1,0,14
U015064,8,0,4,0,1,7,2,0,13
U015065,13,1,9,2,0,4,0,1,15
U015066,24,4,7,3,2,7,2,0,25
U015067,12,0,3,1,1,3,1,2,12
U015068,11,2,4,2,0,8,1,1,19
U015069,10,6,7,1,1,4,2,1,25
U015070,5,0,2,1,1,4,2,0,16
U015071,14,4,5,2,0,4,1,3,19
U015072,12,1,6,1,0,4,2,1,16
U015073,8,0,7,4,3,3,0,0,9
U015074,9,0,3,4,0,6,1,2,18
U015075,14,0,5,1,1,5,0,2,18
U015076,10,4,5,4,1,6,2,0,23
U015077,12,3,11,3,0,5,1,1,13
U015078,16,3,5,5,1,12,4,1,27
U015079,9,0,9,4,0,6,2,0,18
U015080,4,0,4,0,3,4,0,1,9
U015081,12,0,1,1,0,5,0,1,17
U015082,11,2,4,5,4,6,3,1,11
U015083,13,2,9,0,0,2,1,0,32
U015084,12,4,3,3,0,8,0,1,22
U015085,12,3,7,2,1,3,1,3,16
U015086,14,3,4,1,0,6,4,1,22
U015087,21,3,7,4,1,7,3,0,25
U015088,6,2,2,1,2,4,0,0,9
U015089,10,0,5,2,1,7,2,0,9
U015090,12,6,2,2,0,9,1,1,25
U015091,14,1,6,5,0,6,2,0,24
U015092,17,0,9,2,0,5,0,1,21
U015093,21,2,4,6,2,7,3,1,25
U015094,20,2,6,3,0,5,4,0,33
U015095,6,2,9,1,0,5,2,0,20
U015096,10,3,2,3,1,3,2,1,9
U015097,8,1,8,4,2,8,0,1,12
U015098,12,1,9,4,4,1,1,0,23
U015099,17,6,7,3,1,4,1,0,27
U015100,13,0,2,2,1,3,2,0,7
U015101,17,2,5,1,0,7,1,1,23
U015102,15,0,9,3,0,6,1,1,26
U015103,7,0,6,3,2,2,1,1,16
U015104,11,2,1,1,0,2,0,0,20
U015105,16,1,5,5,1,7,1,2,26
U015106,14,1,4,2,0,7,2,1,12
U015107,10,3,10,1,0,6,3,2,22
U015108,10,0,8,1,1,4,1,0,6
U015109,8,1,5,3,1,6,1,0,21
U015110,13,1,5,4,0,5,0,1,20
U015111,11,3,7,4,0,3,1,3,19
U015112,14,0,3,2,0,5,1,0,12
U015113,12,1,5,3,0,1,1,3,16
U015114,19,2,4,2,4,3,0,1,15
U015115,15,2,8,5,0,7,2,1,19
U015116,10,1,2,3,1,6,2,0,18
U015117,14,1,6,2,0,6,0,0,14
U015118,16,1,4,0,3,6,1,1,24
U015119,7,1,5,1,4,2,2,1,5
U015120,10,0,6,5,2,3,1,1,10
U015121,10,3,7,3,0,5,0,0,14
U015122,14,0,5,2,0,5,2,0,14
U015123,13,5,6,3,0,5,3,1,19
U015124,15,0,3,2,0,3,1,2,25
U015125,13,3,9,3,1,10,1,0,21
U015126,20,3,7,2,0,6,2,1,24
U015127,15,2,0,2,0,6,0,0,18
U015128,6,1,8,2,3,3,0,0,16
U015129,13,3,4,2,0,7,0,0,22
U015130,10,2,6,2,7,6,1,0,30
U015131,9,4,3,0,4,4,0,2,16
U015132,5,0,4,2,4,2,0,3,17
U015133,12,1,6,3,0,4,1,1,15
U015134,13,2,14,4,0,4,2,1,28
U015135,8,0,8,3,2,5,1,1,16
U015136,19,1,9,5,0,8,0,1,34
U015137,11,4,1,4,4,3,0,0,17
U015138,9,5,7,5,0,3,0,0,25
U015139,5,1,2,0,1,3,0,1,6
U015140,15,3,9,8,3,6,2,1,30
U015141,17,4,3,0,0,5,0,4,25
U015142,13,0,0,1,2,4,2,0,6
U015143,11,2,0,4,5,5,1,1,15
U015144,10,0,6,4,0,3,2,1,10
U015145,11,1,0,0,3,5,2,1,15
U015146,14,3,10,3,0,8,3,3,27
U015147,9,0,6,2,1,2,0,1,22
U015148,17,0,6,3,2,1,2,1,7
U015149,14,3,8,3,0,7,4,2,17
U015150,14,2,4,0,0,2,2,1,21
U015151,18,1,4,5,0,3,1,1,24
U015152,19,4,8,3,0,9,1,1,32
U015153,20,3,10,5,1,6,3,1,27
U015154,10,1,2,3,5,0,1,1,10
U015155,10,3,2,5,1,7,0,1,18
U015156,6,0,4,0,4,2,0,1,9
U015157,11,1,4,2,0,5,1,2,9
U015158,10,6,5,6,0,9,2,0,25
U015159,14,3,6,2,3,5,1,1,21
U015160,13,1,7,6,2,4,2,1,12
U015161,15,0,6,3,0,4,0,0,12
U015162,10,0,3,2,0,4,0,4,17
U015163,14,1,5,2,0,5,0,0,15
U015164,5,0,3,2,5,2,0,2,16
U015165,12,1,4,2,0,2,0,3,17
U015166,24,3,8,4,0,7,1,3,23
U015167,21,1,7,1,0,6,1,2,25
U015168,12,4,5,4,2,7,1,2,25
U015169,13,0,7,4,1,11,2,1,13
U015170,6,0,4,3,4,5,2,0,17
U015171,15,2,5,0,0,8,0,0,18
U015172,17,4,6,1,0,6,2,0,27
U015173,14,1,3,2,0,5,1,1,15
U015174,15,1,7,4,2,4,1,0,17
U015175,11,7,2,6,0,3,0,1,18
U015176,13,2,3,3,1,6,0,3,10
U015177,13,0,4,0,0,3,1,2,21
U015178,17,2,3,2,0,4,0,1,22
U015179,10,3,9,2,1,7,3,0,28
U015180,14,1,7,2,0,8,0,0,18
U015181,6,0,4,3,4,2,0,3,13
U015182,14,0,10,5,0,7,1,2,16
U015183,7,0,3,4,0,1,1,1,16
U015184,12,0,7,2,0,4,4,0,28
U015185,15,3,5,7,0,6,4,1,21
U015186,17,5,7,2,4,9,0,4,24
U015187,8,2,5,2,0,6,1,0,19
U015188,15,2,10,2,2,7,0,0,20
U015189,10,1,10,1,0,8,0,0,17
U015190,14,0,1,2,7,6,0,0,10
U015191,12,2,7,4,0,8,2,1,18
U015192,16,4,7,5,1,5,1,2,21
U015193,20,2,5,5,1,7,1,0,17
U015194,23,3,3,7,0,6,3,4,27
U015195,4,3,6,1,0,6,2,0,19
U015196,16,2,3,0,0,5,0,0,16
U015197,9,3,5,0,3,2,1,0,11
U015198,16,3,5,4,1,7,0,1,21
U015199,11,0,8,3,1,2,1,0,18
U015200,9,0,2,2,0,4,3,2,19
U015201,10,0,4,3,0,6,0,4,12
U015202,11,1,4,3,0,5,0,1,17
U015203,12,0,1,4,1,8,0,1,14
U015204,12,3,5,2,1,4,1,0,24
U015205,13,1,2,2,3,3,1,1,11
U015206,14,0,4,3,3,7,2,3,6
U015207,9,1,4,2,0,7,0,1,21
U015208,11,0,4,2,0,7,1,1,28
U015209,21,2,7,2,0,8,4,2,26
U015210,18,4,4,3,0,5,0,2,25
U015211,13,2,5,4,0,8,2,2,14
U015212,14,2,5,3,2,7,2,1,12
U015213,14,4,5,5,0,5,1,2,17
U015214,19,1,6,0,1,7,1,1,15
U015215,18,3,7,4,1,7,2,2,16
U015216,19,2,9,2,1,7,2,1,34
U015217,18,2,12,3,0,9,3,2,25
U015218,13,1,5,1,5,2,1,1,10
U015219,12,1,8,5,0,7,0,1,26
U015220,11,1,5,2,1,4,2,0,22
U015221,8,3,4,5,2,6,2,1,12
U015222,13,1,5,2,0,3,1,2,19
U015223,17,4,11,6,2,6,0,0,27
U015224,13,4,1,2,1,3,2,1,14
U015225,15,4,4,3,0,3,1,1,21
U015226,14,0,8,4,0,4,0,0,15
U015227,9,1,4,3,0,2,0,0,17
U015228,12,4,1,3,0,5,0,1,9
U015229,22,6,11,5,0,7,1,1,25
U015230,16,1,4,2,2,5,3,1,20
U015231,15,0,3,0,1,3,1,2,19
U015232,11,2,7,1,3,8,1,1,14
U015233,10,1,10,6,1,5,1,3,26
U015234,8,1,2,3,0,3,0,0,16
U015235,11,4,3,2,0,8,2,0,20
U015236,10,0,5,3,1,6,1,0,16
U015237,5,2,4,0,0,5,2,0,23
U015238,12,3,5,2,1,4,2,2,9
U015239,15,3,9,4,1,5,1,0,22
U015240,12,0,7,3,0,6,0,2,24
U015241,10,1,6,3,2,5,0,2,12
U015242,9,3,6,1,0,11,1,0,14
U015243,15,2,1,3,2,2,1,1,10
U015244,17,4,5,2,0,12,4,2,26
U015245,16,1,5,3,1,10,1,0,29
U015246,14,4,14,3,4,7,0,1,23
U015247,19,4,7,2,0,9,1,1,24
U015248,19,0,3,1,0,6,1,0,14
U015249,16,4,5,4,2,5,0,1,29
U015250,6,5,7,2,0,6,0,1,26
U015251,18,1,6,4,0,4,0,0,20
U015252,16,3,4,2,1,6,0,1,21
U015253,6,0,11,3,0,4,1,1,25
U015254,10,0,3,2,2,2,1,0,11
U015255,14,7,8,8,0,8,1,2,28
U015256,11,0,5,1,0,3,1,1,15
U015257,11,3,3,1,0,11,1,2,13
U015258,11,0,3,3,1,2,2,1,15
U015259,10,4,6,2,3,2,2,5,17
U015260,10,0,4,1,0,1,1,1,18
U015261,16,1,5,0,0,6,2,0,21
U015262,13,1,12,5,0,5,2,0,19
U015263,13,3,7,3,0,5,1,1,20
U015264,13,1,6,2,1,5,1,1,21
U015265,15,5,2,2,0,3,1,0,23
U015266,16,3,9,2,0,7,0,0,21
U015267,7,2,1,2,5,5,1,0,18
U015268,5,2,5,4,0,4,1,2,15
U015269,13,3,6,6,0,4,0,0,31
U015270,10,3,5,1,0,1,0,0,19
U015271,13,3,8,1,0,4,0,1,21
U015272,14,2,6,1,0,11,1,1,23
U015273,20,6,6,6,0,4,3,2,34
U015274,14,2,6,2,0,6,4,1,22
U015275,8,1,4,2,1,4,1,1,12
U015276,22,2,8,1,0,4,1,2,13
U015277,10,4,5,0,3,8,2,0,15
U015278,19,4,18,2,0,10,1,1,33
U015279,10,1,5,2,1,7,1,1,15
U015280,30,5,4,4,0,5,2,1,30
U015281,15,5,5,4,0,5,1,1,27
U015282,13,0,5,1,2,3,0,0,21
U015283,11,0,7,5,0,6,3,0,23
U015284,12,2,4,1,0,5,1,3,33
U015285,13,0,2,4,1,2,0,1,19
U015286,8,2,10,3,2,5,0,0,15
U015287,13,1,2,3,1,6,2,2,22
U015288,17,1,4,2,0,4,0,0,20
U015289,11,5,5,4,0,4,1,0,16
U015290,16,6,7,1,4,4,1,0,21
U015291,9,2,3,2,0,7,2,0,21
U015292,12,0,6,0,0,6,2,0,22
U015293,14,2,5,4,0,6,2,0,23
U015294,9,0,3,5,0,2,0,3,13
U015295,8,1,4,6,1,1,1,1,15
U015296,12,0,5,3,1,7,4,1,22
U015297,14,1,4,2,0,9,3,0,21
U015298,9,1,3,0,6,7,2,0,19
U015299,16,1,9,3,1,9,0,1,29
U015300,19,3,10,2,0,7,1,0,18
U015301,19,1,6,2,0,4,3,0,31
U015302,8,3,7,4,1,6,1,1,13
U015303,15,2,3,3,0,8,0,1,27
U015304,8,2,4,1,1,4,2,1,18
U015305,10,1,4,3,0,3,2,0,20
U015306,23,0,7,4,0,7,1,1,15
U015307,12,3,9,5,1,5,1,1,19
U015308,12,0,2,1,0,5,1,1,18
U015309,18,2,5,2,0,6,0,1,21
U015310,16,5,5,4,0,7,0,1,26
U015311,10,1,8,4,0,2,0,0,25
U015312,16,1,5,1,6,5,1,1,17
U015313,12,2,5,4,0,7,3,1,18
U015314,16,3,6,2,3,6,0,0,24
U015315,13,1,5,6,0,8,3,3,26
U015316,11,1,3,3,0,4,1,1,22
U015317,17,0,8,2,0,11,1,3,21
U015318,8,0,5,0,0,2,0,1,14
U015319,9,1,9,4,4,1,0,2,8
U015320,11,4,10,2,1,5,1,0,23
U015321,16,0,5,2,0,5,1,1,17
U015322,11,3,8,4,1,7,1,1,28
U015323,11,4,9,6,0,7,2,2,20
U015324,9,0,4,0,0,4,1,1,11
U015325,9,2,6,2,1,5,2,2,18
U015326,13,1,6,1,0,2,1,1,18
U015327,13,1,5,3,0,6,2,1,23
U015328,17,4,5,3,0,3,0,2,29
U015329,10,1,7,0,5,3,0,1,14
U015330,9,0,3,1,0,1,2,0,11
U015331,9,2,7,4,0,7,0,2,25
U015332,9,1,4,0,0,7,2,0,23
U015333,12,3,4,3,2,5,0,3,18
U015334,15,0,2,2,0,7,0,2,18
U015335,11,4,7,3,0,3,4,0,21
U015336,8,1,6,0,0,4,2,1,17
U015337,15,0,5,2,8,12,0,2,25
U015338,10,0,1,4,3,3,1,1,10
U015339,21,2,6,6,0,10,2,2,29
U015340,16,1,5,0,0,8,1,3,13
U015341,15,3,8,9,1,8,3,1,25
U015342,12,1,3,2,0,3,1,0,18
U015343,14,3,2,3,1,4,2,0,12
U015344,10,2,4,2,0,4,0,0,18
U015345,25,5,10,4,1,12,2,0,41
U015346,9,5,7,3,1,6,3,1,23
U015347,13,4,8,2,0,6,2,0,20
U015348,14,1,8,3,2,1,0,0,11
U015349,11,4,9,5,1,2,0,0,17
U015350,8,0,5,3,2,7,1,0,19
U015351,16,2,7,3,0,9,1,0,17
U015352,17,3,3,2,0,8,2,1,26
U015353,14,1,11,1,3,12,1,0,21
U015354,7,1,3,1,1,7,1,3,22
U015355,8,0,4,5,0,10,1,0,15
U015356,8,0,6,1,3,2,1,0,11
U015357,9,2,2,1,0,1,1,0,20
U015358,7,1,3,7,0,8,0,1,29
U015359,8,1,3,0,1,6,4,0,27
U015360,11,2,3,2,0,7,1,0,25
U015361,20,2,5,2,0,4,1,0,18
U015362,9,3,7,1,0,6,4,2,20
U015363,10,1,6,2,0,8,3,1,18
U015364,12,1,10,2,0,9,2,1,14
U015365,12,0,6,2,0,6,1,1,8
U015366,11,4,3,2,2,7,2,1,15
U015367,16,3,4,4,0,6,0,0,22
U015368,14,0,4,5,0,5,0,2,22
U015369,10,3,5,2,3,7,2,2,18
U015370,12,0,4,1,0,7,1,2,16
U015371,8,0,4,3,1,6,0,1,23
U015372,14,1,6,4,0,7,1,1,20
U015373,10,7,2,1,2,4,1,0,17
U015374,13,0,1,5,0,5,1,0,15
U015375,12,1,5,1,0,4,2,1,18
U015376,10,1,1,2,5,6,1,0,21
U015377,12,1,6,1,0,8,0,1,16
U015378,8,4,3,2,0,3,4,1,16
U015379,16,5,16,4,0,11,1,0,27
U015380,24,1,14,4,1,10,1,1,26
U015381,9,3,6,2,1,6,0,0,20
U015382,9,3,5,4,0,5,2,2,17
U015383,15,1,8,1,1,2,2,0,12
U015384,15,2,5,6,0,5,0,2,26
U015385,8,0,6,5,0,6,0,1,18
U015386,15,4,7,5,0,9,3,1,28
U015387,14,2,9,4,0,9,1,0,17
U015388,6,2,4,5,1,4,0,0,30
U015389,14,5,10,5,5,7,2,1,17
U015390,14,5,5,3,1,3,1,0,24
U015391,14,4,7,2,2,6,1,1,11
U015392,16,0,9,4,1,4,2,1,12
U015393,8,0,5,4,0,7,3,2,23
U015394,20,8,12,1,0,1,1,1,20
U015395,11,2,8,0,1,6,3,0,26
U015396,15,4,5,2,1,7,1,2,20
U015397,10,1,5,2,0,3,1,1,24
U015398,12,4,9,5,0,8,0,1,31
U015399,12,0,4,7,0,5,1,0,14
U015400,13,2,6,4,1,2,0,2,24
U015401,16,3,6,4,1,5,0,0,30
U015402,9,2,6,3,0,3,1,0,17
U015403,14,3,4,4,0,11,2,1,15
U015404,23,1,9,2,0,3,2,0,20
U015405,10,7,6,5,0,6,1,0,25
U015406,4,3,0,2,3,2,1,1,10
U015407,11,0,2,0,0,4,0,0,10
U015408,17,5,9,2,1,9,3,0,17
U015409,18,1,4,2,1,4,1,1,19
U015410,15,2,6,5,0,6,3,1,30
U015411,8,0,10,2,0,7,1,3,21
U015412,15,2,5,3,5,2,1,2,20
U015413,4,2,6,2,0,6,1,1,17
U015414,8,0,6,1,3,1,2,0,8
U015415,20,4,4,1,2,7,2,1,30
U015416,16,6,7,0,0,3,1,0,17
U015417,9,4,0,0,0,6,2,2,26
U015418,10,2,3,5,1,3,1,0,27
U015419,9,0,5,0,0,7,2,0,21
U015420,6,1,8,3,0,2,0,2,9
U015421,11,0,1,3,0,2,1,0,6
U015422,15,1,6,1,1,4,0,1,19
U015423,21,1,4,4,3,9,0,2,16
U015424,7,1,5,0,0,5,1,1,10
U015425,9,0,2,2,3,2,0,2,14
U015426,18,4,10,5,0,8,1,1,26
U015427,8,1,7,5,1,4,3,1,12
U015428,8,3,5,5,2,10,4,1,22
U015429,11,1,7,4,0,5,2,1,23
U015430,12,1,5,3,1,3,0,1,13
U015431,9,0,3,0,0,3,3,1,7
U015432,9,0,6,3,0,8,0,1,12
U015433,9,1,6,3,0,6,0,0,28
U015434,5,1,8,0,2,4,0,1,13
U015435,17,1,5,7,0,8,6,2,28
U015436,8,0,3,6,0,5,0,1,23
U015437,13,3,11,1,2,3,1,0,21
U015438,16,3,6,5,0,10,0,1,30
U015439,13,1,11,7,1,8,0,0,24
U015440,16,1,6,1,0,4,0,0,19
U015441,17,3,7,4,0,4,0,3,28
U015442,19,3,2,4,1,5,0,0,24
U015443,11,1,8,2,0,5,1,2,24
U015444,11,2,4,3,0,12,0,1,19
U015445,17,6,6,4,0,5,0,0,21
U015446,16,3,5,5,0,6,0,0,17
U015447,10,4,8,3,1,5,3,1,18
U015448,9,0,2,0,0,3,1,3,20
U015449,16,2,4,5,1,9,2,3,21
U015450,17,5,8,8,1,9,0,2,25
U015451,20,2,4,1,0,4,1,1,21
U015452,14,0,0,2,0,3,0,0,22
U015453,5,1,6,0,4,2,1,1,12
U015454,23,1,3,3,0,3,1,0,25
U015455,5,1,6,2,0,8,1,1,23
U015456,19,5,12,4,0,7,0,0,17
U015457,11,4,7,2,1,7,0,0,25
U015458,11,2,8,1,1,5,1,2,23
U015459,13,0,1,1,3,4,0,1,18
U015460,23,2,5,3,2,6,4,0,28
U015461,16,3,4,3,1,3,1,2,21
U015462,15,3,2,5,0,10,2,1,29
U015463,14,3,5,1,1,7,1,1,19
U015464,18,4,9,4,1,8,4,0,36
U015465,16,4,5,2,0,5,2,0,23
U015466,14,0,5,2,2,5,1,1,6
U015467,15,1,3,4,1,5,2,0,19
U015468,11,6,11,2,4,8,0,1,24
U015469,9,2,3,4,0,6,2,0,20
U015470,12,2,3,3,0,6,1,0,22
U015471,12,3,7,3,3,9,1,2,11
U015472,18,2,8,2,0,10,1,2,32
U015473,14,2,4,3,3,8,0,1,15
U015474,14,0,10,2,1,2,2,1,21
U015475,6,2,9,2,0,3,1,2,15
U015476,15,2,3,4,3,3,1,1,14
U015477,22,2,5,5,0,5,2,2,27
U015478,5,2,3,3,1,2,0,1,7
U015479,15,0,3,1,0,5,1,1,21
U015480,16,3,6,3,2,5,0,2,14
U015481,12,0,6,3,0,2,4,1,18
U015482,13,1,6,2,1,10,0,2,20
U015483,11,3,5,2,1,6,1,0,23
U015484,10,4,4,5,1,13,1,3,18
U015485,14,8,9,4,0,12,6,0,14
U015486,16,2,6,2,0,8,2,0,21
U015487,14,3,10,6,0,9,0,0,23
U015488,12,0,2,2,4,5,0,1,15
U015489,11,2,4,3,0,4,1,1,21
U015490,9,1,8,5,1,5,2,1,14
U015491,25,6,5,2,0,6,0,1,32
U015492,16,2,6,2,1,9,2,0,25
U015493,9,6,4,2,3,4,0,1,20
U015494,19,7,5,2,1,12,1,1,32
U015495,12,0,7,1,0,4,0,3,23
U015496,18,1,4,8,1,10,1,0,29
U015497,5,0,3,0,3,1,0,2,14
U015498,13,6,6,10,1,3,2,0,20
U015499,7,3,9,3,0,7,1,4,27
U015500,12,0,9,4,0,5,0,0,17
U015501,13,4,6,4,4,6,0,0,24
U015502,21,2,12,3,0,6,2,0,25
U015503,14,1,5,3,0,3,0,0,26
U015504,7,0,5,6,1,1,2,1,21
U015505,10,0,2,2,2,4,0,1,5
U015506,14,2,7,7,1,5,2,2,24
U015507,14,0,6,1,0,3,0,1,11
U015508,15,3,7,1,0,6,2,0,35
U015509,11,1,7,0,0,5,0,1,15
U015510,17,3,5,4,1,5,0,1,10
U015511,17,3,5,4,0,10,0,0,27
U015512,4,1,3,2,3,3,1,0,4
U015513,11,6,6,2,0,3,1,0,26
U015514,20,3,6,6,1,5,1,1,23
U015515,10,0,5,4,0,7,2,3,13
U015516,7,0,3,0,1,2,1,2,16
U015517,12,2,6,6,0,11,0,1,25
U015518,10,1,2,0,3,3,0,0,10
U015519,13,2,5,1,0,2,0,2,19
U015520,14,4,6,2,0,4,2,1,16
U015521,8,2,5,3,0,4,2,1,20
U015522,5,2,5,4,3,5,0,1,20
U015523,13,4,11,3,0,8,0,1,29
U015524,8,0,2,3,0,9,1,1,15
U015525,22,4,7,2,1,7,1,0,24
U015526,10,0,4,2,1,6,0,0,14
U015527,17,0,6,5,1,5,0,0,21
U015528,13,8,5,5,0,11,2,2,25
U015529,13,2,4,1,1,2,1,0,15
U015530,7,0,4,3,2,4,0,0,17
U015531,11,0,3,4,0,4,1,2,15
U015532,14,2,7,4,1,4,2,3,22
U015533,17,1,8,1,1,6,0,0,30
U015534,11,1,0,0,0,4,1,0,19
U015535,12,5,7,3,0,6,0,1,20
U015536,9,0,8,4,1,5,0,1,13
U015537,14,3,5,5,0,4,1,0,18
U015538,20,5,6,5,2,7,4,1,24
U015539,14,3,4,2,1,8,0,0,25
U015540,13,0,5,3,0,1,3,0,9
U015541,13,4,5,4,0,7,1,0,27
U015542,8,1,4,0,0,3,2,1,15
U015543,15,2,9,4,0,6,0,0,21
U015544,12,1,2,3,0,11,3,0,24
U015545,10,1,1,3,0,3,2,0,9
U015546,5,2,8,5,0,9,3,1,24
U015547,17,7,5,4,0,13,6,2,40
U015548,12,0,0,2,0,8,2,1,22
U015549,10,2,6,1,0,4,0,2,14
U015550,0,2,5,0,0,1,0,1,6
U015551,9,2,7,5,1,4,2,4,23
U015552,14,4,10,3,0,3,1,1,29
U015553,11,4,14,6,2,6,1,0,21
U015554,16,2,12,3,0,6,5,1,12
U015555,13,0,4,1,4,3,2,0,6
U015556,12,1,4,1,0,5,2,0,16
U015557,8,0,6,3,0,4,0,0,16
U015558,10,6,4,4,0,3,2,1,20
U015559,6,1,2,0,1,6,2,0,21
U015560,17,3,5,6,0,4,0,0,33
U015561,13,1,1,2,0,8,2,0,19
U015562,13,6,4,3,1,5,1,3,24
U015563,15,3,10,3,2,6,3,1,34
U015564,10,0,7,4,2,1,0,2,16
U015565,15,1,10,2,1,8,1,0,22
U015566,9,0,9,1,0,4,1,0,20
U015567,9,0,6,5,0,2,0,3,26
U015568,11,2,7,3,1,5,1,1,21
U015569,14,2,3,2,0,6,0,0,20
U015570,13,1,4,1,0,3,1,1,10
U015571,19,1,7,1,0,7,1,1,18
U015572,12,0,2,6,0,1,2,2,17
U015573,8,2,1,2,0,9,0,0,22
U015574,11,2,3,3,0,5,1,1,18
U015575,8,0,2,3,0,5,2,2,18
U015576,18,2,9,5,0,3,0,1,26
U015577,5,2,5,0,0,1,0,1,12
U015578,11,0,6,0,0,5,0,1,24
U015579,10,0,3,2,1,4,2,3,12
U015580,15,1,9,5,0,6,0,1,23
U015581,12,0,5,1,1,4,2,0,18
U015582,25,2,10,5,1,6,1,1,42
U015583,14,0,6,2,2,2,0,1,15
U015584,11,0,3,3,0,3,0,1,11
U015585,13,2,7,3,0,4,1,1,14
U015586,7,1,2,3,4,7,0,1,12
U015587,9,1,5,1,1,7,3,0,19
U015588,17,0,3,2,1,12,0,0,18
U015589,4,1,3,4,2,5,0,0,8
U015590,12,3,5,5,0,4,2,2,19
U015591,14,2,5,3,1,4,1,1,25
U015592,16,1,5,5,0,8,0,0,22
U015593,18,3,8,4,3,8,1,2,20
U015594,17,4,3,1,2,6,1,2,23
U015595,23,3,10,4,0,1,0,0,20
U015596,18,5,10,3,1,8,2,0,32
U015597,13,0,7,2,2,7,1,0,25
U015598,16,2,5,3,0,5,0,0,25
U015599,13,0,0,1,4,3,0,2,9
U015600,15,0,9,4,0,7,0,0,25
U015601,16,1,8,5,0,6,2,1,26
U015602,8,3,0,2,5,7,1,1,8
U015603,7,0,5,2,0,2,2,2,20
U015604,14,6,8,6,0,10,0,0,28
U015605,6,0,3,0,4,4,1,0,12
U015606,10,1,3,3,1,4,2,0,23
U015607,16,1,2,1,0,7,0,2,16
U015608,10,7,5,0,1,2,1,0,19
U015609,13,3,4,3,0,4,1,1,14
U015610,16,1,3,4,1,2,1,1,19
U015611,19,5,3,1,1,5,4,1,18
U015612,13,2,5,4,0,6,2,1,27
U015613,16,4,11,2,0,4,3,0,17
U015614,11,0,6,3,2,11,3,0,22
U015615,13,5,5,3,1,2,7,0,25
U015616,15,4,5,3,0,8,1,0,23
U015617,9,5,6,3,0,7,1,2,16
U015618,10,5,8,1,2,12,4,0,17
U015619,10,2,6,1,0,5,0,0,20
U015620,15,4,10,5,1,3,1,1,21
U015621,5,0,10,2,2,3,1,2,12
U015622,13,8,10,2,1,6,2,3,34
U015623,10,0,7,1,0,4,1,0,22
U015624,12,2,2,6,0,7,1,1,14
U015625,17,5,3,3,1,6,2,1,25
U015626,13,1,6,4,1,8,1,0,24
U015627,15,2,7,6,1,9,3,1,25
U015628,15,2,2,1,0,9,1,3,15
U015629,13,1,3,2,0,3,0,1,13
U015630,16,4,7,7,0,6,2,0,33
U015631,19,7,8,5,1,8,1,1,27
U015632,8,2,4,3,1,3,1,1,11
U015633,18,0,5,3,2,9,0,1,22
U015634,10,0,4,0,1,2,1,0,16
U015635,23,5,6,4,0,5,2,1,23
U015636,19,2,5,4,0,8,1,1,25
U015637,12,0,7,3,0,2,2,1,17
U015638,19,0,4,1,1,8,0,0,17
U015639,13,0,4,0,0,3,0,0,14
U015640,12,1,3,1,1,5,2,0,12
U015641,8,6,5,4,0,8,1,1,26
U015642,16,1,7,3,0,11,1,1,28
U015643,10,0,5,5,0,8,0,2,16
U015644,15,1,13,2,0,3,2,1,14
U015645,12,1,6,2,0,3,1,0,18
U015646,12,4,5,1,0,4,0,0,26
U015647,11,2,4,2,0,4,0,0,23
U015648,9,0,7,2,0,5,0,0,15
U015649,7,1,4,2,4,4,2,0,12
U015650,11,4,9,3,0,8,1,0,25
U015651,13,1,4,4,0,8,1,3,23
U015652,10,2,9,4,0,4,1,2,25
U015653,18,6,5,6,0,0,1,0,21
U015654,17,4,6,2,1,6,1,1,21
U015655,8,3,11,5,0,4,0,0,13
U015656,6,0,7,5,0,7,1,0,8
U015657,12,4,3,3,0,6,2,1,20
U015658,9,5,4,4,0,8,2,2,26
U015659,17,2,6,1,1,6,2,1,25
U015660,8,1,4,2,0,6,3,0,23
U015661,8,0,2,3,1,7,0,1,19
U015662,11,0,5,3,0,5,0,1,16
U015663,16,1,7,2,0,2,3,2,21
U015664,17,4,6,1,0,4,2,2,24
U015665,4,1,3,4,3,5,1,0,15
U015666,8,1,3,1,1,1,0,0,11
U015667,11,2,4,2,0,3,2,0,17
U015668,7,0,0,0,5,0,0,1,9
U015669,16,5,7,4,1,10,1,0,19
U015670,20,6,2,4,0,11,3,1,36
U015671,15,2,10,8,8,5,1,0,18
U015672,13,3,6,5,1,5,0,0,21
U015673,15,0,3,5,0,3,0,0,22
U015674,11,2,2,1,0,5,1,0,22
U015675,16,5,5,3,1,6,1,0,15
U015676,15,1,2,3,4,4,4,0,17
U015677,9,1,5,1,4,7,0,3,18
U015678,17,1,12,5,0,7,4,2,29
U015679,8,3,8,4,0,2,1,1,19
U015680,14,7,10,7,1,8,1,0,31
U015681,7,0,3,2,2,5,0,1,18
U015682,15,3,1,4,0,4,0,1,17
U015683,14,2,6,2,0,7,2,1,26
U015684,16,6,8,5,0,5,2,1,28
U015685,19,1,6,1,1,4,0,3,24
U015686,8,1,3,1,4,5,2,0,16
U015687,11,1,7,1,1,7,1,1,22
U015688,16,2,8,3,0,6,2,3,23
U015689,9,1,4,0,7,4,1,1,9
U015690,14,2,6,3,0,7,1,2,29
U015691,17,1,3,2,0,6,0,0,15
U015692,7,0,2,3,3,3,0,0,11
U015693,12,6,5,5,0,5,1,1,17
U015694,16,7,8,7,0,6,1,0,22
U015695,10,1,3,1,2,9,4,1,14
U015696,10,0,6,3,0,7,1,2,23
U015697,15,1,5,2,0,10,0,1,24
U015698,7,4,5,2,1,5,1,0,23
U015699,17,2,9,1,1,7,1,0,27
U015700,21,5,7,6,1,5,2,2,24
U015701,15,4,15,6,1,10,3,2,30
U015702,10,1,4,2,1,4,1,0,16
U015703,10,1,3,3,0,7,1,4,16
U015704,9,8,9,6,0,5,0,0,29
U015705,9,0,1,4,1,2,1,0,10
U015706,12,3,6,3,0,3,0,0,24
U015707,11,3,13,3,0,7,1,1,16
U015708,9,2,10,2,0,2,1,2,12
U015709,20,2,8,5,0,1,2,0,18
U015710,17,2,5,4,1,3,1,1,26
U015711,16,1,3,3,1,4,1,3,15
U015712,14,0,3,3,0,4,2,1,22
U015713,10,0,7,7,0,8,1,1,13
U015714,8,2,6,4,0,9,0,0,20
U015715,12,0,4,4,0,7,0,2,14
U015716,13,0,7,3,0,6,1,1,12
U015717,12,3,8,6,1,5,0,1,30
U015718,11,1,5,3,0,4,0,2,27
U015719,13,3,4,6,0,8,1,3,27
U015720,17,6,7,2,0,4,0,1,20
U015721,12,0,3,1,0,4,0,3,12
U015722,14,4,6,2,0,10,1,2,31
U015723,14,5,7,6,1,9,1,1,36
U015724,6,1,6,2,0,1,1,1,13
U015725,8,0,3,0,1,1,0,0,7
U015726,14,6,16,3,1,7,4,2,28
U015727,6,0,1,0,1,2,0,0,5
U015728,18,2,5,3,0,5,0,1,19
U015729,8,2,6,1,0,3,0,1,17
U015730,9,3,5,1,0,8,2,2,20
U015731,13,3,8,3,0,7,3,1,20
U015732,8,1,6,2,2,5,0,0,15
U015733,12,0,2,1,3,4,0,1,8
U015734,2,2,3,2,3,2,2,0,5
U015735,11,1,1,3,0,6,4,1,16
U015736,10,2,1,1,2,5,1,1,13
U015737,13,1,7,2,1,2,0,1,27
U015738,9,3,6,3,3,8,0,0,22
U015739,9,0,5,4,1,6,0,0,15
U015740,14,1,8,2,0,2,1,1,15
U015741,7,0,3,2,2,2,0,0,7
U015742,14,0,2,3,4,7,0,4,14
U015743,14,0,6,3,2,5,1,2,16
U015744,10,2,6,2,0,6,1,0,17
U015745,18,2,9,3,0,4,5,2,33
U015746,12,1,2,2,0,7,0,1,21
U015747,5,2,4,5,0,6,0,2,22
U015748,14,2,3,2,1,5,1,2,9
U015749,13,1,12,3,0,9,4,0,34
U015750,9,1,2,1,4,3,1,3,13
U015751,4,0,6,1,2,3,0,0,18
U015752,16,2,5,1,1,6,1,1,24
U015753,12,2,5,2,1,6,1,2,20
U015754,9,0,6,1,0,4,0,1,14
U015755,5,4,7,6,0,6,1,0,16
U015756,23,3,9,5,0,8,3,0,15
U015757,14,0,6,5,0,6,4,0,26
U015758,15,0,5,3,0,7,0,2,19
U015759,9,1,4,2,4,6,0,1,13
U015760,4,0,4,5,3,4,0,1,12
U015761,16,1,6,1,1,2,2,2,28
U015762,8,2,9,4,4,1,1,0,21
U015763,13,0,3,2,0,3,1,0,16
U015764,10,1,3,2,0,7,0,1,21
U015765,13,0,6,3,0,7,1,0,21
U015766,17,2,5,3,0,7,0,1,19
U015767,10,0,11,4,1,3,0,2,11
U015768,12,2,9,5,0,7,2,0,22
U015769,10,1,5,2,1,6,1,1,8
U015770,17,4,10,3,0,5,2,2,21
U015771,12,0,2,1,1,5,0,1,18
U015772,10,4,5,5,2,6,0,0,17
U015773,21,3,6,3,0,5,0,0,20
U015774,22,6,5,6,1,7,0,1,22
U015775,11,0,6,1,0,5,0,1,22
U015776,11,0,5,5,0,6,0,0,18
U015777,9,0,1,1,4,3,0,0,17
U015778,7,1,8,3,0,6,0,3,19
U015779,14,2,4,0,0,5,2,2,25
U015780,10,1,5,3,0,7,0,1,22
U015781,10,3,4,5,1,7,3,2,14
U015782,13,0,3,2,4,1,0,0,8
U015783,17,3,9,8,0,2,0,1,24
U015784,7,0,2,2,2,4,1,0,13
U015785,13,0,4,2,0,3,0,2,18
U015786,19,6,11,1,0,4,1,1,23
U015787,11,0,5,4,1,9,0,3,27
U015788,14,1,2,4,0,6,2,1,16
U015789,20,2,8,1,0,10,2,1,19
U015790,8,1,7,2,0,8,0,3,15
U015791,14,1,6,5,1,3,3,0,28
U015792,10,0,4,3,0,4,4,1,10
U015793,13,2,7,5,1,4,1,0,29
U015794,15,7,3,1,0,1,0,1,14
U015795,9,0,3,4,1,5,2,1,15
U015796,16,5,3,3,0,7,1,2,27
U015797,9,2,1,0,3,3,0,0,13
U015798,21,6,8,2,0,5,0,1,24
U015799,6,0,4,1,2,2,0,0,6
U015800,13,2,3,3,0,1,0,1,20
U015801,16,3,7,5,0,10,2,0,28
U015802,14,3,9,4,7,4,0,0,11
U015803,18,3,3,2,1,7,2,0,27
U015804,10,2,7,1,1,2,2,0,17
U015805,9,0,1,2,0,5,0,2,17
U015806,13,1,3,5,0,5,0,2,23
U015807,10,1,6,1,0,4,0,0,20
U015808,13,0,10,4,0,5,0,2,13
U015809,10,1,5,0,1,3,2,1,13
U015810,9,2,7,3,0,7,1,0,18
U015811,18,1,8,0,0,4,0,0,24
U015812,17,0,5,4,0,4,0,0,12
U015813,17,4,3,2,1,4,0,1,18
U015814,16,0,4,1,0,2,3,0,19
U015815,7,1,7,1,0,2,1,3,16
U015816,11,1,8,2,2,10,1,1,23
U015817,12,3,9,3,1,4,2,0,28
U015818,15,3,5,3,0,2,0,0,17
U015819,12,4,1,4,1,3,1,0,22
U015820,20,6,5,3,1,7,5,2,28
U015821,18,4,7,7,0,9,0,2,38
U015822,15,3,7,1,0,9,0,2,14
U015823,15,1,3,1,0,3,2,3,19
U015824,14,4,7,2,0,6,2,2,26
U015825,16,3,5,4,0,4,1,1,24
U015826,8,0,4,4,0,8,0,0,22
U015827,10,1,0,0,2,3,0,0,12
U015828,2,0,6,2,5,3,1,0,13
U015829,10,3,5,1,1,8,3,1,21
U015830,13,6,5,5,1,9,2,0,26
U015831,23,5,6,3,0,8,1,1,26
U015832,12,5,9,3,1,1,2,0,27
U015833,10,1,4,2,2,5,0,1,16
U015834,8,1,5,2,0,6,0,0,16
U015835,2,1,4,2,3,1,0,1,9
U015836,20,5,12,4,0,8,3,1,26
U015837,13,0,3,0,0,6,0,0,13
U015838,15,1,3,3,1,5,2,1,14
U015839,5,0,0,2,1,0,1,1,7
U015840,12,2,3,2,1,5,3,2,28
U015841,16,3,4,2,4,5,1,0,20
U015842,20,2,7,1,0,10,1,1,17
U015843,13,2,3,5,1,5,1,1,17
U015844,11,1,5,2,2,1,0,2,22
U015845,7,1,3,1,1,6,0,1,19
U015846,6,0,3,1,3,0,0,1,9
U015847,13,0,4,2,0,4,2,0,9
U015848,14,0,6,3,0,2,1,2,21
U015849,12,0,6,3,0,8,0,0,17
U015850,18,4,6,3,0,5,1,0,28
U015851,9,0,4,1,0,4,1,0,20
U015852,8,3,4,3,0,4,1,1,25
U015853,11,2,8,0,0,8,1,1,23
U015854,16,1,3,3,1,1,2,1,17
U015855,11,0,0,5,0,4,2,0,11
U015856,14,5,5,1,0,5,2,0,22
U015857,23,2,2,3,0,7,0,1,16
U015858,7,0,6,4,1,4,4,1,19
U015859,12,0,2,4,0,3,0,0,15
U015860,17,3,7,4,1,5,1,0,25
U015861,10,0,6,2,0,2,1,2,28
U015862,20,9,7,2,0,6,0,0,18
U015863,8,2,4,1,2,1,1,1,10
U015864,8,1,2,1,0,8,1,0,15
U015865,10,0,9,0,1,7,1,0,21
U015866,16,2,10,3,1,7,1,1,13
U015867,11,0,3,4,0,7,1,1,15
U015868,19,1,4,4,3,7,0,0,20
U015869,11,1,7,1,0,3,0,0,21
U015870,18,4,7,5,0,6,0,2,20
U015871,14,0,5,3,0,7,3,1,16
U015872,16,3,3,1,1,4,3,3,24
U015873,7,0,3,6,0,4,0,0,12
U015874,12,0,4,8,0,8,1,0,18
U015875,13,2,5,0,0,7,0,3,15
U015876,12,0,4,4,0,4,2,0,16
U015877,14,3,9,3,1,12,2,1,34
U015878,14,1,4,1,0,3,3,1,14
U015879,14,0,5,2,0,6,1,4,16
U015880,16,0,6,3,3,5,0,0,12
U015881,10,0,2,3,2,4,1,1,16
U015882,20,4,8,1,1,7,1,0,32
U015883,8,1,2,2,2,3,1,1,9
U015884,11,4,11,7,2,8,2,0,27
U015885,14,0,7,3,0,6,0,0,21
U015886,14,3,8,2,1,8,2,1,22
U015887,4,2,6,4,2,6,0,2,20
U015888,14,1,5,5,0,6,1,2,20
U015889,16,0,8,4,0,9,5,0,27
U015890,11,2,3,3,0,5,1,2,32
U015891,14,0,10,6,4,2,0,1,16
U015892,14,0,4,2,4,5,1,0,13
U015893,12,3,12,5,0,8,3,0,20
U015894,7,2,4,1,3,4,0,0,12
U015895,20,5,5,3,0,5,0,0,21
U015896,12,0,2,2,4,6,0,2,17
U015897,14,3,9,1,0,9,1,1,20
U015898,15,3,1,7,0,3,2,1,10
U015899,9,1,2,1,0,5,0,0,25
U015900,8,2,5,4,0,6,1,0,15
U015901,11,2,4,1,0,6,2,2,24
U015902,9,0,6,2,1,7,3,0,15
U015903,15,0,5,5,1,2,1,1,17
U015904,12,1,5,3,0,5,0,0,18
U015905,16,2,8,5,0,3,1,3,38
U015906,17,0,9,8,1,11,2,0,23
U015907,15,0,8,4,0,8,0,0,19
U015908,9,5,4,0,2,5,2,0,12
U015909,17,2,5,4,5,5,2,0,28
U015910,11,0,5,7,0,3,0,0,19
U015911,23,4,11,3,0,9,1,0,33
U015912,18,1,14,3,2,6,2,2,26
U015913,4,0,6,2,0,4,0,1,19
U015914,10,3,8,7,0,6,2,2,19
U015915,15,2,8,5,5,3,1,2,16
U015916,9,1,3,2,5,2,2,0,19
U015917,11,0,5,1,0,8,0,0,21
U015918,11,0,6,2,0,3,0,1,16
U015919,15,1,6,3,0,2,1,1,16
U015920,18,2,9,3,3,4,1,0,18
U015921,14,1,4,3,0,12,1,1,27
U015922,12,1,2,1,2,2,1,0,11
U015923,14,2,9,5,0,3,1,1,20
U015924,14,4,7,3,0,8,2,1,24
U015925,13,1,6,1,0,5,1,0,12
U015926,14,1,3,2,4,3,1,2,13
U015927,13,1,7,2,1,9,2,1,21
U015928,20,0,6,3,0,7,1,1,32
U015929,10,0,12,1,1,4,1,0,30
U015930,15,0,6,1,2,1,0,2,16
U015931,13,1,7,4,1,7,2,0,15
U015932,13,1,6,6,3,5,2,1,29
U015933,24,1,2,2,0,6,1,1,30
U015934,10,2,2,0,1,10,0,2,10
U015935,11,1,3,1,7,5,0,2,15
U015936,12,3,9,2,0,9,1,0,22
U015937,18,2,11,2,2,8,1,2,23
U015938,17,1,6,1,0,2,0,1,18
U015939,13,2,3,2,0,2,2,1,22
U015940,18,1,7,3,1,3,0,0,18
U015941,10,7,12,5,0,9,0,1,21
U015942,27,2,8,2,1,5,2,2,30
U015943,11,3,5,1,1,10,2,1,13
U015944,15,4,8,1,0,2,1,2,16
U015945,11,2,2,3,0,7,1,1,17
U015946,18,1,5,1,0,6,1,2,18
U015947,15,0,5,4,0,4,0,3,13
U015948,15,2,11,0,0,6,0,0,21
U015949,10,3,2,4,1,1,0,0,19
U015950,7,2,0,3,2,4,0,1,18
U015951,8,3,3,1,3,1,1,0,8
U015952,14,1,5,4,0,2,0,0,23
U015953,19,5,4,4,0,12,4,1,32
U015954,13,1,3,3,0,6,2,2,17
U015955,14,4,3,6,1,7,3,0,25
U015956,10,0,2,6,0,3,0,2,12
U015957,8,1,10,0,0,8,1,0,13
U015958,16,1,2,4,3,4,2,0,24
U015959,18,4,2,3,0,8,0,0,18
U015960,8,1,1,1,2,2,0,1,10
U015961,10,0,4,7,0,5,0,1,20
U015962,13,1,3,2,0,4,0,0,14
U015963,11,0,6,2,0,5,2,0,17
U015964,6,1,7,1,0,2,0,2,15
U015965,13,4,2,1,2,9,1,0,20
U015966,12,1,9,4,0,3,0,1,16
U015967,11,4,8,5,0,10,2,2,12
U015968,9,1,3,8,6,3,0,0,13
U015969,25,1,5,1,0,5,1,1,27
U015970,8,1,1,1,3,1,1,1,16
U015971,7,0,2,2,2,4,2,0,11
U015972,12,3,5,1,6,7,2,0,23
U015973,18,4,10,0,0,10,0,1,27
U015974,15,1,6,2,1,7,2,0,26
U015975,18,0,3,2,0,6,1,2,12
U015976,13,3,7,2,4,4,2,0,22
U015977,13,0,6,4,0,5,2,0,25
U015978,10,2,6,3,0,5,2,1,14
U015979,22,7,9,5,1,5,1,5,22
U015980,17,3,3,3,0,5,1,1,15
U015981,10,6,3,3,0,5,0,0,15
U015982,5,1,5,1,0,7,0,1,16
U015983,14,1,4,6,0,10,2,1,23
U015984,12,5,6,5,0,6,2,0,34
U015985,6,1,6,6,0,3,1,1,23
U015986,6,1,9,2,1,7,2,1,21
U015987,10,2,5,2,0,5,2,1,15
U015988,17,4,10,2,2,9,1,1,32
U015989,16,0,6,3,0,3,0,0,27
U015990,15,0,2,1,0,2,0,1,18
U015991,18,1,9,2,1,3,3,0,29
U015992,11,1,1,2,0,2,0,0,13
U015993,11,0,3,1,0,4,1,2,14
U015994,14,1,5,0,1,1,1,1,15
U015995,15,7,5,2,0,6,2,1,20
U015996,14,1,6,3,0,3,2,2,13
U015997,10,0,4,2,1,5,0,1,13
U015998,10,3,8,1,0,4,0,2,19
U015999,13,1,8,1,0,4,2,1,16
U016000,23,5,7,4,0,5,2,0,24
U016001,11,2,6,2,1,8,0,2,32
U016002,18,0,5,7,0,5,2,2,21
U016003,13,3,7,3,0,6,0,1,15
U016004,7,3,7,1,2,5,1,0,16
U016005,10,3,6,5,1,5,1,2,16
U016006,20,0,6,4,0,3,1,3,16
U016007,13,1,8,3,0,3,1,3,8
U016008,13,4,4,1,0,5,0,1,19
U016009,11,8,4,2,1,7,4,1,18
U016010,3,0,4,1,4,2,0,0,6
U016011,20,1,13,4,1,6,2,3,25
U016012,12,3,7,2,6,13,3,2,26
U016013,21,6,8,1,1,8,0,2,16
U016014,11,2,8,2,1,2,1,3,24
U016015,13,2,4,6,0,7,0,2,24
U016016,21,3,3,4,0,4,1,0,10
U016017,12,0,6,1,1,5,3,2,20
U016018,12,0,4,5,0,3,1,1,13
U016019,16,2,8,3,1,6,1,2,19
U016020,11,3,0,1,1,6,3,0,20
U016021,13,1,10,7,2,7,0,0,14
U016022,10,1,7,3,0,3,0,0,15
U016023,13,6,10,5,1,7,2,5,13
U016024,10,0,4,1,1,8,1,2,20
U016025,9,0,7,1,1,5,1,2,15
U016026,12,0,5,2,0,4,1,0,15
U016027,21,6,6,4,2,6,3,1,25
U016028,20,9,2,7,2,1,0,0,19
U016029,8,1,6,3,0,7,1,0,16
U016030,10,1,1,2,0,5,2,0,22
U016031,13,0,8,4,2,4,2,2,12
U016032,13,0,9,3,1,2,2,0,17
U016033,13,0,7,3,0,6,2,0,23
U016034,16,5,7,7,1,3,1,0,26
U016035,8,1,9,2,1,6,0,0,26
U016036,10,0,4,0,3,3,0,0,6
U016037,15,4,9,3,6,5,2,0,17
U016038,15,2,3,1,1,3,0,1,23
U016039,10,4,15,7,0,3,2,1,32
U016040,12,0,6,3,1,5,2,2,14
U016041,13,0,2,2,0,3,1,3,22
U016042,17,1,5,1,0,3,0,1,18
U016043,10,2,1,3,0,4,1,0,14
U016044,16,5,10,4,0,1,1,1,22
U016045,6,1,4,3,0,9,3,2,22
U016046,15,0,2,1,0,2,1,2,22
U016047,14,6,7,4,0,5,0,0,17
U016048,10,1,1,1,0,6,0,0,13
U016049,10,2,4,4,1,1,0,1,24
U016050,21,3,8,3,0,3,1,1,22
U016051,13,1,1,4,0,2,1,1,17
U016052,18,5,4,1,1,3,1,1,18
U016053,16,2,9,3,1,5,2,1,20
U016054,13,4,4,3,0,7,2,3,23
U016055,10,0,1,1,2,8,0,0,8
U016056,12,0,3,3,0,3,2,1,20
U016057,22,6,11,3,0,6,2,1,22
U016058,15,2,8,7,0,6,4,1,30
U016059,21,7,6,3,0,5,0,4,25
U016060,13,1,3,3,1,2,0,1,10
U016061,8,4,11,7,0,8,3,1,31
U016062,14,0,4,3,1,5,1,0,19
U016063,18,4,3,3,1,3,2,0,27
U016064,14,1,2,1,0,8,3,2,19
U016065,25,3,10,6,0,5,0,1,24
U016066,13,5,5,0,1,9,4,0,19
U016067,20,0,3,4,0,11,1,1,21
U016068,17,4,10,2,0,11,1,1,29
U016069,17,4,4,2,4,7,1,1,16
U016070,18,2,4,6,0,8,1,1,27
U016071,10,0,6,1,1,5,2,2,23
U016072,9,0,7,2,0,4,1,0,8
U016073,15,2,4,5,0,7,0,1,26
U016074,12,0,5,3,1,4,2,4,14
U016075,5,0,2,1,4,5,0,1,14
U016076,1,1,3,1,2,2,2,1,10
U016077,9,0,6,3,0,8,0,1,17
U016078,17,1,4,1,0,3,1,1,28
U016079,18,0,11,5,0,5,1,1,19
U016080,4,1,6,0,0,4,2,0,15
U016081,13,1,6,9,1,5,2,0,23
U016082,10,0,7,2,0,9,1,0,19
U016083,16,4,6,3,0,4,3,2,30
U016084,10,0,4,3,0,2,1,1,18
U016085,13,4,11,1,0,3,3,2,16
U016086,6,3,8,2,2,2,3,1,13
U016087,16,4,10,3,3,5,1,0,11
U016088,6,0,4,2,3,3,0,0,11
U016089,17,0,2,4,0,8,0,1,14
U016090,10,1,4,1,0,4,2,0,14
U016091,20,5,3,3,0,4,0,0,31
U016092,13,0,9,2,0,4,0,0,20
U016093,15,1,9,3,1,4,3,4,16
U016094,15,8,11,4,1,12,3,1,29
U016095,19,4,5,2,3,13,1,1,27
U016096,21,1,5,7,1,7,4,2,24
U016097,9,1,8,5,0,7,1,1,13
U016098,15,1,4,1,0,2,0,1,16
U016099,12,2,8,0,0,8,3,0,23
U016100,15,0,10,3,0,4,0,0,14
U016101,8,1,3,3,1,0,0,1,14
U016102,14,1,7,4,0,6,0,0,17
U016103,13,2,4,2,1,1,0,2,15
U016104,18,4,2,6,0,7,0,0,24
U016105,10,1,2,3,0,7,1,1,19
U016106,12,0,5,1,0,3,1,0,12
U016107,19,1,3,0,0,4,0,0,18
U016108,20,3,5,2,4,7,3,0,26
U016109,17,0,5,4,0,11,0,0,29
U016110,7,2,4,3,0,3,0,0,23
U016111,11,5,5,6,2,5,1,0,16
U016112,9,2,3,4,0,3,2,1,21
U016113,7,1,6,3,0,4,0,1,23
U016114,24,6,7,1,2,0,2,0,17
U016115,10,3,5,2,0,9,3,0,17
U016116,12,1,5,4,0,6,1,0,18
U016117,14,2,2,2,2,3,2,0,16
U016118,14,5,4,3,0,5,1,2,28
U016119,14,4,8,2,0,5,0,1,12
U016120,11,2,6,3,1,5,0,3,28
U016121,9,4,7,2,0,6,1,3,22
U016122,9,0,5,1,8,2,0,1,11
U016123,5,1,6,2,2,1,1,0,14
U016124,6,2,4,0,0,5,0,0,17
U016125,10,2,3,1,0,4,0,0,20
U016126,14,2,4,4,2,6,2,0,25
U016127,25,1,13,3,0,9,3,3,31
U016128,10,4,5,3,3,3,0,0,17
U016129,4,0,5,3,0,9,0,0,21
U016130,13,3,4,2,0,5,1,1,11
U016131,27,4,8,7,1,7,3,0,27
U016132,12,3,11,4,1,2,1,2,20
U016133,11,2,5,4,5,6,2,2,15
U016134,15,4,11,4,1,7,4,1,16
U016135,6,0,5,3,0,3,1,1,19
U016136,28,5,5,2,0,7,3,0,32
U016137,14,1,11,4,1,2,1,1,16
U016138,12,0,8,7,1,4,1,1,18
U016139,17,4,6,1,0,8,2,0,14
U016140,21,0,3,4,0,4,0,1,18
U016141,8,1,5,3,1,6,0,1,14
U016142,11,0,11,5,0,7,4,1,13
U016143,7,0,4,2,4,4,1,0,18
U016144,18,2,9,3,0,12,1,0,13
U016145,7,4,5,3,0,8,2,2,15
U016146,8,1,1,1,0,6,0,0,16
U016147,14,4,3,2,0,4,1,2,29
U016148,9,2,10,1,6,3,0,2,16
U016149,19,0,5,2,0,5,1,0,13
U016150,18,9,1,3,0,9,1,3,19
U016151,10,4,6,2,0,5,1,0,25
U016152,15,3,8,7,1,6,1,0,21
U016153,10,3,6,1,2,3,2,1,31
U016154,9,0,8,3,4,8,1,2,21
U016155,11,1,8,4,0,7,1,1,23
U016156,15,1,2,4,5,7,1,2,13
U016157,13,2,2,3,1,6,2,0,28
U016158,13,0,7,2,0,2,1,1,19
U016159,12,6,7,4,1,3,0,1,25
U016160,11,4,6,5,1,7,1,0,47
U016161,10,0,4,3,2,6,0,0,15
U016162,9,0,4,1,1,1,2,0,10
U016163,19,1,3,2,0,4,1,1,17
U016164,9,0,3,4,0,9,1,1,22
U016165,5,2,2,4,0,2,2,0,24
U016166,14,3,5,3,1,3,1,1,31
U016167,13,2,6,3,1,2,2,0,20
U016168,11,1,5,1,2,4,0,0,16
U016169,14,3,8,3,0,8,1,1,25
U016170,9,1,3,1,4,7,1,4,10
U016171,13,6,9,5,0,6,1,0,24
U016172,14,0,5,0,3,1,4,1,18
U016173,7,0,6,1,0,5,2,1,20
U016174,10,0,5,3,1,5,1,1,23
U016175,14,2,9,2,0,6,0,1,31
U016176,15,2,4,5,0,9,0,1,25
U016177,9,0,2,1,5,6,1,3,10
U016178,18,3,3,4,0,5,5,0,36
U016179,16,1,11,1,0,10,2,0,15
U016180,17,2,6,3,1,5,3,1,21
U016181,22,3,5,2,2,10,1,0,23
U016182,16,2,7,8,1,4,2,2,22
U016183,16,0,5,1,1,7,2,0,21
U016184,12,5,12,2,1,4,0,4,26
U016185,13,1,6,3,1,5,0,2,24
U016186,7,0,3,4,0,5,0,0,12
U016187,13,2,4,3,0,4,1,0,19
U016188,8,0,5,4,0,11,2,2,22
U016189,23,2,8,1,1,3,1,0,28
U016190,18,0,6,3,0,3,0,1,20
U016191,19,3,7,4,0,3,3,0,25
U016192,15,1,5,1,0,2,1,1,11
U016193,19,2,10,3,0,5,0,0,22
U016194,13,2,4,2,1,5,0,1,23
U016195,12,0,1,3,0,5,1,1,15
U016196,16,3,3,0,1,1,1,1,16
U016197,18,1,5,3,0,4,3,1,32
U016198,19,2,6,2,1,2,0,0,12
U016199,17,0,3,1,6,2,0,0,13
U016200,14,2,8,2,0,8,0,1,20
U016201,18,2,8,2,0,6,0,0,29
U016202,11,4,4,4,1,2,0,0,21
U016203,5,0,10,4,0,6,1,2,15
U016204,19,3,6,4,0,4,0,0,25
U016205,11,0,3,1,1,3,1,0,11
U016206,9,0,12,2,1,4,2,1,17
U016207,11,2,5,6,0,6,2,0,21
U016208,6,0,5,3,0,3,0,1,10
U016209,9,0,1,2,0,7,0,1,18
U016210,16,2,7,4,0,4,1,0,24
U016211,14,1,3,1,0,5,1,1,19
U016212,7,0,4,3,2,5,0,4,11
U016213,6,0,3,2,2,3,2,0,9
U016214,16,1,6,3,3,3,1,0,26
U016215,8,0,3,4,1,4,1,0,18
U016216,13,0,2,1,0,4,1,4,21
U016217,15,0,6,1,0,3,0,0,15
U016218,17,0,11,3,4,4,0,1,20
U016219,21,5,8,5,0,5,1,2,27
U016220,7,1,5,3,2,3,0,1,17
U016221,14,3,5,4,0,3,0,2,20
U016222,2,1,5,0,2,7,1,0,10
U016223,14,2,12,6,1,7,1,0,13
U016224,15,4,4,0,0,8,0,0,10
U016225,10,2,4,3,0,0,1,2,30
U016226,13,4,7,5,0,10,0,0,30
U016227,9,1,3,3,1,7,0,2,22
U016228,17,1,8,2,0,6,0,1,26
U016229,19,0,3,1,1,3,0,0,22
U016230,9,0,4,2,0,6,0,0,18
U016231,16,0,6,2,0,5,1,0,19
U016232,7,2,5,0,0,3,0,2,14
U016233,7,4,11,4,0,2,1,1,14
U016234,17,5,2,0,0,6,0,2,28
U016235,11,3,9,4,0,8,5,2,16
U016236,11,0,6,1,5,4,0,1,17
U016237,15,4,8,3,2,6,0,0,26
U016238,14,4,5,3,1,7,2,0,20
U016239,10,1,5,0,0,5,1,1,18
U016240,15,2,5,3,8,4,1,0,26
U016241,19,2,6,4,0,5,1,1,23
U016242,17,3,7,3,0,4,0,0,23
U016243,14,4,6,4,0,9,0,1,22
U016244,16,2,2,2,1,6,1,1,23
U016245,13,0,9,5,0,2,0,0,19
U016246,8,1,5,2,0,3,0,0,11
U016247,10,0,8,3,0,8,2,0,20
U016248,8,2,8,3,1,6,1,1,16
U016249,10,4,7,2,0,6,2,1,21
U016250,13,4,10,3,0,11,3,2,30
U016251,19,3,6,3,1,16,1,1,32
U016252,20,6,7,5,1,7,3,0,26
U016253,9,0,3,3,0,4,0,0,21
U016254,15,5,5,4,0,8,1,1,19
U016255,12,0,4,5,0,4,1,0,9
U016256,16,1,2,3,0,2,0,3,15
U016257,12,3,8,5,0,5,1,1,30
U016258,13,4,3,1,1,2,0,0,20
U016259,17,3,5,3,0,8,1,1,23
U016260,12,4,3,4,0,3,2,2,16
U016261,15,2,6,0,0,5,1,0,19
U016262,13,2,3,0,0,4,1,1,23
U016263,9,1,7,2,1,4,1,0,18
U016264,13,0,9,1,5,2,5,1,6
U016265,12,2,9,4,0,9,0,0,30
U016266,14,2,7,1,1,5,2,0,24
U016267,9,2,10,3,1,5,2,0,25
U016268,15,0,3,7,1,2,2,0,20
U016269,8,0,6,4,0,5,1,1,21
U016270,10,1,0,3,0,5,1,1,18
U016271,9,2,4,2,2,4,1,1,14
U016272,15,2,3,1,1,7,0,1,23
U016273,13,3,10,4,7,5,1,0,21
U016274,9,0,9,1,1,3,0,1,20
U016275,18,2,4,7,0,10,0,0,22
U016276,11,1,3,1,10,3,2,1,13
U016277,18,2,10,1,1,7,2,4,27
U016278,7,0,3,0,2,4,1,0,13
U016279,7,3,5,1,2,5,2,1,16
U016280,17,4,10,0,0,8,1,1,19
U016281,14,2,3,4,0,5,2,1,20
U016282,9,0,4,3,0,4,2,1,8
U016283,15,4,9,4,1,8,2,0,29
U016284,12,5,2,2,0,6,3,2,19
U016285,20,5,9,2,0,4,2,3,32
U016286,10,0,2,2,3,5,2,1,14
U016287,7,0,3,2,4,5,2,2,21
U016288,13,0,5,5,0,5,0,3,22
U016289,14,1,4,5,0,2,5,0,18
U016290,16,3,4,8,0,12,1,2,18
U016291,9,0,3,3,0,3,2,1,9
U016292,13,0,5,2,1,7,0,1,23
U016293,9,0,6,3,0,4,0,1,14
U016294,10,7,4,3,0,8,2,1,21
U016295,12,0,5,1,0,1,2,1,22
U016296,12,3,4,2,2,3,2,0,28
U016297,15,6,5,11,0,9,3,0,32
U016298,15,4,3,2,0,5,0,0,20
U016299,21,3,5,2,0,8,1,1,25
U016300,18,3,9,2,1,7,2,1,27
U016301,11,3,7,3,0,4,2,2,20
U016302,12,4,8,4,1,10,2,2,28
U016303,6,0,5,3,1,5,2,0,14
U016304,8,3,4,4,5,3,1,2,19
U016305,17,2,5,8,0,9,1,0,35
U016306,15,1,4,1,2,4,0,0,19
U016307,21,5,4,8,0,7,1,0,19
U016308,20,1,8,2,0,9,2,0,22
U016309,5,1,1,0,2,7,1,1,12
U016310,8,0,1,0,2,4,0,1,10
U016311,19,5,4,5,1,5,1,0,22
U016312,11,0,4,2,0,2,0,0,18
U016313,10,1,4,5,0,5,1,1,19
U016314,9,0,3,2,4,1,1,0,10
U016315,13,2,4,1,0,4,1,0,21
U016316,6,1,3,3,3,4,1,0,19
U016317,7,0,8,4,1,4,1,0,25
U016318,17,2,9,5,0,4,0,3,20
U016319,20,2,7,4,0,6,0,1,25
U016320,9,0,5,5,0,6,1,1,22
U016321,11,2,7,5,1,5,1,1,19
U016322,8,1,3,2,3,3,0,0,11
U016323,8,5,4,5,5,9,0,0,16
U016324,10,2,10,2,0,6,0,1,16
U016325,13,4,6,4,0,4,2,0,25
U016326,15,0,2,4,0,6,1,0,20
U016327,10,1,7,2,5,0,1,0,13
U016328,15,0,5,2,0,4,2,2,27
U016329,10,0,4,2,1,5,2,0,16
U016330,12,1,7,2,0,4,1,2,16
U016331,13,0,4,2,0,3,0,2,20
U016332,11,1,7,2,0,7,1,2,17
U016333,14,0,2,2,2,10,3,1,14
U016334,12,0,5,7,1,4,1,0,22
U016335,5,0,2,0,4,1,0,0,6
U016336,19,3,9,3,8,5,0,2,31
U016337,25,2,6,5,0,4,0,0,24
U016338,17,1,6,3,1,8,2,1,25
U016339,13,4,7,7,1,6,0,2,17
U016340,18,6,3,4,0,6,1,1,28
U016341,19,5,7,6,2,8,2,1,26
U016342,12,0,3,3,0,6,1,1,18
U016343,21,1,6,3,0,5,2,2,27
U016344,19,2,6,4,0,3,1,2,35
U016345,10,1,4,3,1,3,2,1,19
U016346,18,3,6,3,0,4,1,0,24
U016347,10,0,6,6,1,5,0,2,16
U016348,12,0,10,2,0,9,0,2,24
U016349,12,2,9,2,8,4,3,0,14
U016350,16,3,9,0,0,9,2,0,32
U016351,12,1,10,2,2,8,2,0,19
U016352,10,1,7,2,0,5,0,1,20
U016353,19,5,14,6,1,4,1,2,21
U016354,10,0,5,1,0,2,2,2,17
U016355,16,0,2,2,0,5,1,1,13
U016356,9,1,5,0,1,2,0,3,18
U016357,10,0,6,0,1,4,1,0,23
U016358,17,5,6,4,1,7,2,0,18
U016359,9,3,3,2,2,3,0,1,22
U016360,15,3,9,2,1,7,1,1,30
U016361,12,2,8,3,0,5,2,2,26
U016362,19,2,10,5,1,7,2,0,29
U016363,10,1,2,3,1,4,2,0,18
U016364,10,0,4,2,3,3,0,2,12
U016365,18,3,6,6,0,8,1,2,24
U016366,13,1,7,6,0,3,1,0,19
U016367,9,3,6,0,2,3,0,2,17
U016368,16,4,5,3,0,8,1,1,19
U016369,16,4,10,4,1,9,1,0,23
U016370,5,3,3,3,3,5,0,2,21
U016371,8,2,6,1,0,3,0,2,23
U016372,14,0,6,1,6,3,0,1,24
U016373,10,1,1,5,0,2,2,1,20
U016374,8,0,6,1,0,4,2,1,20
U016375,6,0,2,0,0,5,1,2,15
U016376,10,4,5,6,1,11,1,0,23
U016377,17,2,6,1,1,5,0,0,26
U016378,8,0,7,1,3,5,0,2,10
U016379,19,2,14,5,2,15,1,0,25
U016380,19,3,10,1,0,5,2,2,8
U016381,13,1,2,2,0,4,1,0,16
U016382,11,3,5,3,9,5,1,0,18
U016383,15,2,3,3,0,8,1,0,22
U016384,9,3,3,8,6,10,0,2,10
U016385,13,4,2,2,0,3,2,1,27
U016386,11,5,6,4,0,8,3,0,32
U016387,15,2,5,3,0,9,3,3,16
U016388,8,1,2,0,1,2,0,1,12
U016389,17,4,6,4,0,3,1,1,16
U016390,13,3,12,1,2,6,4,1,29
U016391,13,1,5,3,0,2,1,0,17
U016392,12,0,6,2,4,4,0,2,14
U016393,15,1,2,2,4,5,3,1,16
U016394,11,0,3,1,4,1,0,0,8
U016395,12,4,6,1,1,6,2,1,21
U016396,13,3,4,2,1,4,2,2,19
U016397,14,4,6,6,2,9,0,3,18
U016398,5,0,6,2,3,2,1,0,15
U016399,12,2,7,5,0,8,0,2,17
U016400,17,0,7,5,0,5,2,1,17
U016401,9,2,6,0,0,5,2,1,14
U016402,12,6,10,4,0,4,3,0,20
U016403,14,2,5,1,0,3,1,0,20
U016404,7,0,5,1,0,5,0,1,6
U016405,12,7,7,2,0,6,0,0,24
U016406,14,5,5,1,4,9,1,1,27
U016407,18,4,10,4,4,6,0,1,20
U016408,9,3,9,5,3,9,1,0,31
U016409,15,1,6,2,0,9,1,0,19
U016410,15,5,6,2,0,9,2,3,21
U016411,17,6,8,4,0,6,0,1,29
U016412,12,4,6,3,0,3,3,1,17
U016413,18,2,7,6,0,3,3,1,24
U016414,11,4,6,3,0,9,3,0,22
U016415,10,1,7,3,3,4,2,0,23
U016416,10,1,10,7,0,5,1,1,18
U016417,13,2,5,2,2,3,1,1,25
U016418,6,0,4,0,0,5,0,2,9
U016419,16,2,11,2,8,5,0,2,28
U016420,8,2,3,1,1,7,2,2,23
U016421,13,6,5,4,1,4,4,1,19
U016422,10,1,5,4,1,3,0,0,15
U016423,13,0,6,6,0,6,1,2,15
U016424,9,1,6,2,0,3,2,0,12
U016425,15,4,8,7,0,9,4,0,27
U016426,12,4,7,1,0,6,2,1,11
U016427,20,5,11,3,0,1,1,0,13
U016428,14,2,7,3,0,3,2,0,10
U016429,15,0,3,4,0,6,1,1,11
U016430,9,3,8,7,1,8,1,0,37
U016431,18,1,7,1,1,9,3,1,27
U016432,21,2,8,4,0,9,2,1,31
U016433,8,0,3,1,0,4,0,0,16
U016434,9,1,1,0,3,2,0,1,11
U016435,8,2,4,4,2,3,0,2,10
U016436,15,3,4,3,0,7,2,0,21
U016437,10,0,4,2,0,4,1,0,19
U016438,12,4,10,2,0,4,0,1,20
U016439,14,0,6,2,0,6,0,2,15
U016440,14,4,5,1,1,10,1,0,20
U016441,10,2,7,1,2,3,1,0,9
U016442,5,0,6,3,0,5,1,0,19
U016443,9,0,1,1,3,4,3,0,7
U016444,15,6,6,2,1,7,1,1,29
U016445,19,6,8,7,0,8,2,0,19
U016446,17,1,6,3,1,5,1,1,19
U016447,7,0,1,2,5,2,0,2,7
U016448,5,1,1,3,4,4,1,1,17
U016449,12,3,8,2,0,5,0,0,25
U016450,22,5,8,2,1,7,1,1,28
U016451,11,1,5,4,0,7,0,2,15
U016452,13,3,2,3,4,6,0,1,27
U016453,26,6,8,2,0,6,3,2,31
U016454,16,2,8,3,0,5,1,1,26
U016455,10,3,4,3,0,5,0,1,26
U016456,9,1,7,5,1,5,0,0,22
U016457,4,0,3,1,1,5,1,0,8
U016458,16,3,10,4,1,2,3,1,26
U016459,17,3,4,2,2,7,1,1,18
U016460,11,3,9,3,1,13,0,0,18
U016461,17,0,6,5,0,7,0,1,23
U016462,10,0,3,1,0,4,1,2,16
U016463,7,2,7,6,0,9,1,0,29
U016464,14,2,11,4,0,5,1,0,18
U016465,16,2,5,1,0,5,2,1,27
U016466,14,2,11,3,0,12,2,0,23
U016467,15,9,11,3,2,4,0,0,26
U016468,19,3,6,8,0,10,1,0,29
U016469,9,3,3,5,0,6,0,0,18
U016470,19,3,6,3,0,7,0,0,15
U016471,16,1,7,3,0,5,2,1,22
U016472,11,1,2,1,0,4,0,0,15
U016473,13,6,6,2,4,6,1,0,17
U016474,5,0,6,3,0,7,0,1,14
U016475,18,6,2,0,0,5,0,2,17
U016476,16,5,5,2,1,8,0,2,29
U016477,18,6,14,2,0,9,2,1,29
U016478,16,1,2,1,0,1,0,0,8
U016479,10,0,6,1,0,3,1,0,11
U016480,16,3,9,3,0,5,1,2,15
U016481,6,0,6,6,2,3,0,0,18
U016482,5,3,5,3,5,1,1,1,20
U016483,18,3,7,2,0,7,3,1,19
U016484,17,1,1,2,1,6,0,2,8
U016485,13,4,2,0,0,11,1,1,9
U016486,9,2,5,2,0,3,2,2,24
U016487,10,0,8,3,0,4,0,2,19
U016488,10,1,3,4,0,5,2,1,15
U016489,12,2,11,3,0,10,0,1,27
U016490,11,0,2,1,0,5,0,1,18
U016491,10,2,9,3,2,5,0,1,16
U016492,11,1,8,0,0,6,0,0,9
U016493,10,4,7,4,1,2,0,2,22
U016494,21,3,6,4,0,7,3,0,14
U016495,18,0,6,1,0,1,0,0,13
U016496,14,1,8,5,1,4,1,0,23
U016497,12,3,8,3,1,7,0,0,19
U016498,10,2,7,2,1,7,2,1,17
U016499,19,6,6,2,0,10,1,2,30
U016500,20,2,8,4,2,11,3,1,27
U016501,13,3,11,3,0,5,1,0,30
U016502,15,4,9,2,0,3,1,1,26
U016503,13,1,4,2,0,5,1,0,25
U016504,10,2,9,5,0,7,2,1,32
U016505,16,6,10,6,0,4,1,2,24
U016506,15,3,6,5,1,9,1,0,26
U016507,21,5,8,3,1,7,1,0,29
U016508,13,2,3,5,2,8,2,3,23
U016509,10,5,5,4,9,8,1,0,19
U016510,19,2,2,3,1,6,4,2,17
U016511,22,3,10,2,3,4,3,0,27
U016512,11,0,5,5,1,8,1,2,19
U016513,15,0,6,6,0,9,0,0,20
U016514,17,0,4,4,0,5,0,1,14
U016515,16,6,8,3,2,9,1,0,30
U016516,9,1,8,2,5,6,2,1,14
U016517,21,4,5,1,1,6,0,2,24
U016518,15,3,4,4,0,3,3,0,26
U016519,12,0,5,5,0,4,0,0,14
U016520,10,1,5,1,0,5,2,2,14
U016521,18,3,3,4,0,7,2,0,27
U016522,17,1,6,4,0,4,1,1,20
U016523,11,3,5,2,0,8,2,0,18
U016524,17,2,9,4,0,7,3,4,21
U016525,17,2,10,7,0,10,0,1,12
U016526,6,3,5,2,2,4,2,0,14
U016527,8,5,4,3,0,5,0,0,32
U016528,13,0,6,5,1,7,2,0,21
U016529,12,1,3,0,0,2,1,0,16
U016530,14,3,7,1,1,7,0,0,24
U016531,11,0,2,1,2,4,1,2,13
U016532,13,5,7,4,2,5,2,2,20
U016533,9,0,2,2,3,2,0,0,17
U016534,8,1,5,0,1,2,0,0,18
U016535,13,1,6,3,0,3,0,0,23
U016536,15,4,4,3,0,4,0,2,12
U016537,9,2,8,3,1,7,0,0,22
U016538,9,0,2,2,3,0,0,1,10
U016539,4,1,5,3,3,6,1,0,14
U016540,8,1,4,3,0,3,4,1,22
U016541,13,6,10,5,1,8,4,1,24
U016542,10,4,2,4,7,7,1,1,19
U016543,17,4,9,3,4,3,1,3,19
U016544,13,2,3,4,2,5,0,0,17
U016545,10,0,5,1,0,8,1,2,19
U016546,10,1,4,2,1,4,0,1,16
U016547,19,2,4,1,4,9,0,2,19
U016548,13,1,6,4,4,3,0,0,26
U016549,15,2,5,2,0,6,3,1,16
U016550,30,2,7,3,1,8,1,2,29
U016551,13,1,7,3,0,7,0,0,25
U016552,10,4,0,2,0,3,3,1,12
U016553,10,1,5,5,1,1,0,1,20
U016554,13,0,4,1,0,5,0,0,12
U016555,16,4,4,9,1,4,1,0,25
U016556,10,3,12,3,0,7,0,0,21
U016557,1,0,0,1,6,6,0,0,13
U016558,8,0,9,3,0,4,4,0,16
U016559,20,1,8,8,0,8,1,3,33
U016560,10,0,9,1,0,8,2,0,11
U016561,16,4,5,4,0,6,2,0,16
U016562,10,0,5,1,0,2,1,0,17
U016563,8,0,12,1,0,2,1,1,16
U016564,8,0,3,3,0,8,1,0,16
U016565,19,2,13,7,0,8,2,1,34
U016566,10,6,8,1,0,4,1,0,18
U016567,9,0,5,2,0,5,1,1,16
U016568,10,2,4,3,0,7,2,0,15
U016569,6,1,5,4,0,2,0,0,9
U016570,15,2,5,4,0,7,7,2,30
U016571,17,4,6,1,1,4,0,3,29
U016572,12,1,9,3,4,7,0,1,17
U016573,12,0,6,1,6,7,0,0,11
U016574,16,1,11,5,1,8,1,1,35
U016575,16,1,6,3,0,5,0,0,23
U016576,10,1,5,4,3,9,0,1,15
U016577,16,3,5,4,0,8,0,0,18
U016578,8,4,7,1,0,8,0,1,18
U016579,14,1,5,6,0,9,1,0,19
U016580,23,2,5,5,7,11,2,1,24
U016581,10,1,6,4,0,5,2,0,10
U016582,8,0,9,3,0,4,0,0,20
U016583,18,3,5,0,1,3,1,0,17
U016584,5,3,4,3,2,6,1,0,18
U016585,12,0,7,2,0,6,1,1,13
U016586,10,1,6,3,1,1,1,0,14
U016587,12,4,4,4,0,9,4,1,18
U016588,16,0,6,1,1,3,1,0,16
U016589,7,2,5,9,1,6,1,1,24
U016590,11,3,9,2,1,10,0,0,30
U016591,21,1,3,0,0,4,1,1,22
U016592,13,1,4,2,0,1,1,2,16
U016593,11,5,9,3,1,3,4,1,16
U016594,9,2,9,8,0,9,3,1,14
U016595,16,2,5,3,0,6,0,1,27
U016596,9,3,4,2,3,4,0,1,17
U016597,10,2,9,1,0,5,1,3,10
U016598,5,0,5,0,5,3,2,0,10
U016599,13,0,6,1,0,7,1,0,20
U016600,9,3,4,3,0,2,1,0,16
U016601,9,1,1,4,0,2,1,1,19
U016602,12,0,10,2,0,8,0,0,28
U016603,14,0,3,3,0,8,1,0,10
U016604,7,7,4,3,0,3,0,3,24
U016605,11,0,3,3,4,2,1,3,18
U016606,18,0,5,2,0,4,0,0,10
U016607,4,0,5,2,1,3,3,0,8
U016608,17,3,4,4,0,7,4,0,25
U016609,14,2,6,6,0,15,0,3,17
U016610,12,1,9,3,0,6,1,2,14
U016611,17,2,4,4,1,6,1,1,25
U016612,14,2,6,0,0,2,0,2,16
U016613,8,1,11,4,0,5,0,1,31
U016614,19,0,12,2,1,6,4,1,25
U016615,15,0,4,1,1,2,1,2,13
U016616,11,3,6,7,1,8,2,1,26
U016617,20,3,10,1,0,4,2,3,37
U016618,13,3,4,4,5,7,2,2,23
U016619,11,7,9,4,0,9,0,1,29
U016620,12,1,1,1,0,3,2,1,21
U016621,12,1,7,0,0,7,1,3,15
U016622,14,3,8,5,0,5,2,3,27
U016623,6,1,3,2,0,7,1,1,15
U016624,10,2,7,3,2,3,2,0,19
U016625,14,0,12,2,0,6,1,2,29
U016626,12,2,12,1,0,4,4,1,17
U016627,17,3,3,6,1,6,2,0,20
U016628,12,4,6,2,0,6,2,1,25
U016629,17,3,5,1,0,5,2,2,12
U016630,10,0,2,5,0,6,1,1,11
U016631,12,0,6,3,0,4,0,1,24
U016632,8,2,4,2,0,8,0,0,15
U016633,20,2,5,3,3,6,2,1,31
U016634,13,3,6,4,0,9,0,0,34
U016635,16,6,3,1,1,9,0,0,20
U016636,6,0,4,2,0,6,1,1,15
U016637,12,1,3,2,6,2,1,1,9
U016638,11,2,6,4,0,8,0,0,24
U016639,10,1,2,0,9,1,1,2,8
U016640,14,0,7,3,0,6,1,0,19
U016641,3,0,2,1,3,2,2,0,12
U016642,21,4,4,4,0,11,4,1,16
U016643,13,1,2,2,0,4,0,2,15
U016644,14,2,7,0,0,5,2,0,18
U016645,10,9,8,5,0,7,1,2,33
U016646,13,0,3,4,0,6,2,0,19
U016647,8,3,7,5,0,5,1,0,18
U016648,21,1,4,4,6,3,4,0,15
U016649,11,0,4,3,0,2,0,2,14
U016650,14,2,5,2,3,6,1,3,15
U016651,8,0,2,3,2,2,0,0,14
U016652,12,2,4,2,0,7,1,1,23
U016653,16,0,4,1,1,4,0,1,21
U016654,12,5,4,1,4,2,0,2,19
U016655,9,1,7,2,4,4,2,0,22
U016656,15,1,6,3,1,6,1,2,17
U016657,13,2,8,4,1,8,2,0,23
U016658,16,1,10,5,0,8,3,2,17
U016659,9,5,6,1,0,6,1,2,16
U016660,16,1,7,3,1,1,2,2,25
U016661,19,6,5,1,1,4,2,1,24
U016662,15,3,11,2,0,9,1,1,19
U016663,15,1,9,6,2,10,0,0,26
U016664,9,0,3,1,0,1,0,0,12
U016665,12,1,10,4,0,6,1,0,10
U016666,16,3,5,4,0,6,1,0,28
U016667,10,6,7,4,0,5,1,2,17
U016668,14,2,8,0,1,7,1,1,23
U016669,13,0,6,4,1,2,0,0,20
U016670,14,0,6,1,1,4,0,0,20
U016671,14,1,3,1,1,1,0,1,20
U016672,15,3,12,3,0,7,0,1,23
U016673,17,2,7,1,1,4,2,0,18
U016674,15,0,1,1,1,4,1,1,14
U016675,16,5,4,6,0,3,2,1,21
U016676,5,1,4,1,0,5,3,1,12
U016677,12,4,6,3,0,6,1,1,24
U016678,9,0,6,2,2,5,2,2,11
U016679,16,3,7,5,0,5,3,0,31
U016680,17,2,3,4,1,1,0,2,18
U016681,12,0,9,2,0,4,5,1,12
U016682,9,0,5,4,0,6,1,0,16
U016683,9,4,8,3,0,7,1,0,23
U016684,17,4,4,4,1,4,1,3,15
U016685,10,2,6,4,0,7,1,0,25
U016686,8,0,4,2,2,2,0,2,17
U016687,6,0,2,1,6,2,1,4,10
U016688,9,1,1,3,3,4,0,0,8
U016689,13,2,2,2,6,11,2,1,26
U016690,23,0,10,6,2,2,1,0,21
U016691,7,2,7,0,3,8,0,3,24
U016692,13,0,7,7,0,4,0,3,17
U016693,13,1,4,2,0,2,0,1,21
U016694,8,2,2,5,5,7,3,0,22
U016695,14,3,6,1,0,4,2,2,23
U016696,14,1,2,3,0,2,1,1,18
U016697,2,1,3,2,4,5,0,1,14
U016698,25,4,9,4,0,13,3,2,27
U016699,12,2,4,0,2,4,0,0,13
U016700,19,2,12,5,1,2,1,0,34
U016701,22,5,11,4,1,8,0,2,27
U016702,11,1,7,6,1,3,0,0,26
U016703,8,2,4,1,0,2,2,0,15
U016704,10,2,7,4,1,6,1,1,16
U016705,18,9,3,4,2,6,2,4,29
U016706,9,1,6,1,0,8,1,0,15
U016707,17,0,6,5,0,8,2,2,20
U016708,12,3,6,1,5,5,1,1,10
U016709,20,6,9,2,0,8,0,0,26
U016710,32,2,10,3,0,7,4,1,31
U016711,10,2,4,6,3,4,0,1,18
U016712,15,4,12,1,0,7,2,0,14
U016713,14,4,10,3,0,3,0,0,12
U016714,11,0,4,3,0,6,2,0,19
U016715,16,2,6,2,0,10,1,1,27
U016716,4,0,6,2,3,1,0,0,10
U016717,21,5,6,1,1,10,0,0,28
U016718,12,1,11,4,0,3,1,0,15
U016719,15,0,8,4,0,6,2,2,11
U016720,18,2,7,4,0,5,1,1,31
U016721,17,1,9,5,0,2,1,1,21
U016722,15,3,13,4,0,4,1,0,21
U016723,13,3,8,6,0,4,1,0,14
U016724,15,2,7,1,1,5,2,0,23
U016725,9,0,5,3,0,1,2,1,17
U016726,10,1,1,6,2,5,5,0,13
U016727,12,2,11,5,0,7,1,3,34
U016728,11,5,11,3,7,9,2,1,32
U016729,6,1,4,4,0,5,0,5,21
U016730,11,7,6,4,5,5,3,0,23
U016731,18,1,11,3,1,7,0,1,25
U016732,15,1,6,3,0,10,1,1,23
U016733,11,0,4,4,0,4,1,0,18
U016734,9,1,5,4,0,7,2,1,22
U016735,12,1,4,4,0,3,1,0,11
U016736,18,4,6,4,1,7,2,1,25
U016737,9,1,3,3,1,3,2,0,18
U016738,6,0,5,1,4,3,1,1,9
U016739,14,1,5,6,0,8,0,0,27
U016740,7,1,7,2,0,2,0,1,14
U016741,5,2,2,1,0,6,1,1,16
U016742,14,5,2,4,0,1,2,0,13
U016743,11,4,4,3,0,7,0,0,16
U016744,7,1,7,1,1,2,1,0,16
U016745,24,3,10,4,1,8,1,0,33
U016746,12,4,5,4,0,8,1,1,24
U016747,24,0,10,2,0,4,3,0,30
U016748,14,0,4,3,2,9,1,0,15
U016749,14,1,5,3,0,4,2,1,17
U016750,17,3,7,3,1,4,5,1,31
U016751,9,2,4,4,6,4,1,2,19
U016752,21,6,9,5,0,9,2,3,33
U016753,16,3,6,4,0,7,1,1,27
U016754,6,1,3,3,5,5,1,0,15
U016755,19,2,10,1,0,9,2,1,40
U016756,8,6,3,0,4,6,2,0,20
U016757,13,0,6,1,0,8,0,3,15
U016758,10,0,4,2,1,1,0,0,10
U016759,29,4,2,4,2,8,2,4,23
U016760,19,3,13,2,0,11,0,1,30
U016761,12,6,5,3,0,12,1,1,24
U016762,16,2,5,3,0,10,1,0,28
U016763,14,0,3,2,0,6,2,1,18
U016764,16,0,4,4,1,6,0,2,15
U016765,14,3,11,4,0,9,4,0,31
U016766,6,1,1,0,4,0,0,0,12
U016767,25,4,5,5,0,11,0,2,21
U016768,11,1,7,4,0,4,1,0,15
U016769,11,3,7,3,0,5,1,1,26
U016770,12,4,8,5,6,4,1,1,17
U016771,9,0,6,2,1,5,3,1,23
U016772,14,3,2,4,0,8,1,1,24
U016773,18,1,6,6,0,11,1,0,20
U016774,10,2,3,6,0,8,0,0,20
U016775,10,4,8,3,0,4,0,1,23
U016776,17,0,7,1,0,5,1,0,17
U016777,13,2,4,0,0,8,0,1,15
U016778,13,1,9,4,1,3,1,1,15
U016779,9,1,6,2,0,4,0,1,12
U016780,9,2,3,3,0,3,2,2,25
U016781,15,3,4,1,1,8,2,1,24
U016782,9,7,8,6,0,6,1,0,30
U016783,4,1,4,2,0,3,1,0,12
U016784,19,0,3,2,0,5,1,1,20
U016785,10,1,8,4,0,10,0,2,18
U016786,15,1,8,1,1,6,0,3,17
U016787,10,1,2,9,0,4,2,2,15
U016788,12,1,3,1,2,3,2,0,21
U016789,12,3,9,2,1,10,4,1,25
U016790,12,0,3,6,1,11,2,2,13
U016791,7,4,7,0,3,7,1,0,24
U016792,13,2,7,3,0,7,1,2,20
U016793,9,0,7,4,0,4,1,2,22
U016794,11,4,4,2,0,4,1,0,15
U016795,18,0,7,3,0,2,1,0,17
U016796,13,1,10,2,2,4,1,1,23
U016797,15,1,6,5,1,7,3,0,20
U016798,6,3,7,3,7,6,0,0,13
U016799,4,2,2,1,5,5,0,1,12
U016800,8,1,4,1,0,8,0,0,15
U016801,16,3,7,2,4,6,2,1,15
U016802,10,2,3,4,3,4,1,0,24
U016803,14,3,3,2,0,2,1,0,21
U016804,14,5,2,3,1,4,3,1,18
U016805,17,2,5,1,5,11,2,0,8
U016806,13,6,5,5,0,1,0,2,21
U016807,8,2,5,1,0,7,3,2,27
U016808,10,0,3,2,0,5,0,0,17
U016809,10,1,5,1,0,1,2,2,19
U016810,13,1,10,4,0,9,3,1,38
U016811,8,5,8,4,1,6,0,2,28
U016812,10,1,2,0,1,3,0,0,14
U016813,11,4,1,0,6,4,0,1,20
U016814,16,4,6,3,0,5,0,2,28
U016815,9,0,2,3,0,6,1,1,16
U016816,16,7,9,3,0,10,1,1,26
U016817,12,4,6,6,0,9,1,0,25
U016818,15,5,6,2,1,2,2,0,24
U016819,13,1,7,3,0,3,0,0,12
U016820,15,1,8,2,0,7,1,0,19
U016821,12,2,5,1,0,11,3,1,24
U016822,12,3,3,4,4,4,0,0,13
U016823,13,3,3,6,0,2,1,2,15
U016824,6,3,4,2,1,3,3,1,15
U016825,16,5,8,6,0,8,2,2,27
U016826,8,2,7,2,0,5,0,0,20
U016827,15,1,7,1,0,5,3,2,14
U016828,20,3,7,3,0,5,3,1,22
U016829,12,3,5,4,4,3,1,0,21
U016830,14,4,5,1,1,3,2,1,22
U016831,17,2,9,3,0,5,3,1,22
U016832,13,1,4,1,0,6,0,1,24
U016833,12,3,5,2,0,2,1,1,23
U016834,14,2,4,1,1,1,1,0,19
U016835,7,1,1,2,7,6,0,0,9
U016836,10,1,3,5,0,6,0,0,12
U016837,10,2,2,4,0,1,0,2,15
U016838,18,4,13,5,0,10,1,1,26
U016839,9,1,4,2,3,8,0,0,23
U016840,22,7,9,5,0,1,1,1,29
U016841,12,0,9,2,0,3,2,1,11
U016842,12,4,4,5,1,6,0,1,19
U016843,12,5,1,3,0,6,0,3,15
U016844,7,0,9,2,0,3,1,1,18
U016845,7,1,5,2,0,2,0,0,20
U016846,11,3,6,1,0,5,0,1,18
U016847,7,1,6,3,6,3,1,0,11
U016848,12,3,5,3,0,3,2,0,16
U016849,11,1,4,5,0,4,1,2,14
U016850,17,5,8,4,0,3,0,1,18
U016851,16,2,5,0,0,4,1,1,23
U016852,13,2,5,2,0,3,0,0,26
U016853,8,2,9,4,0,9,2,1,24
U016854,6,0,3,1,3,4,2,0,20
U016855,19,5,10,1,0,13,3,0,26
U016856,15,4,5,3,0,10,3,2,29
U016857,14,2,10,6,0,9,1,0,16
U016858,7,1,8,3,3,6,3,1,20
U016859,14,5,5,5,1,9,3,0,26
U016860,14,1,4,3,1,4,2,1,22
U016861,20,3,6,4,0,3,0,0,28
U016862,16,2,7,3,0,8,3,0,26
U016863,19,2,3,5,0,6,2,1,34
U016864,15,2,9,4,1,12,3,0,30
U016865,17,3,7,2,0,8,1,1,27
U016866,8,1,5,1,0,2,0,0,21
U016867,21,5,8,3,0,10,0,0,32
U016868,6,2,5,1,1,3,2,2,18
U016869,10,1,6,2,2,2,0,0,14
U016870,20,2,10,7,0,5,1,0,19
U016871,14,6,7,4,1,7,1,0,24
U016872,12,3,9,3,0,5,1,0,34
U016873,8,3,8,1,0,4,1,0,23
U016874,12,4,7,6,1,6,0,0,15
U016875,8,0,5,2,0,4,2,1,17
U016876,9,0,3,1,0,4,1,3,12
U016877,17,9,7,1,0,5,1,0,21
U016878,12,1,4,6,4,4,2,1,12
U016879,10,4,2,3,6,7,1,0,16
U016880,20,2,12,3,1,5,5,1,26
U016881,23,1,10,2,0,6,1,1,21
U016882,12,3,5,3,2,8,1,0,23
U016883,8,0,4,2,0,5,2,2,16
U016884,18,4,10,7,0,8,2,0,22
U016885,8,0,2,5,0,2,1,0,3
U016886,25,2,4,8,0,3,1,0,8
U016887,9,1,3,1,2,1,0,0,12
U016888,9,0,8,1,0,3,1,3,12
U016889,20,5,8,3,0,11,5,1,19
U016890,8,4,8,5,0,5,2,0,21
U016891,23,2,6,1,0,11,0,0,20
U016892,12,4,3,4,3,2,0,3,19
U016893,7,0,1,0,4,2,1,0,14
U016894,11,3,6,3,0,7,2,2,35
U016895,6,8,2,1,3,3,1,1,20
U016896,16,7,12,2,1,9,2,0,33
U016897,17,1,6,3,1,6,3,0,17
U016898,19,4,4,2,0,6,1,0,21
U016899,8,1,6,0,0,1,0,1,14
U016900,12,2,4,3,1,4,0,1,25
U016901,25,3,10,7,1,8,0,1,30
U016902,12,2,5,5,1,3,0,1,13
U016903,13,1,4,6,0,1,2,0,23
U016904,4,2,3,2,2,2,0,0,11
U016905,9,0,4,1,0,2,1,1,16
U016906,14,0,4,3,1,7,1,0,19
U016907,8,1,5,0,2,6,1,1,22
U016908,17,5,3,0,0,5,3,1,22
U016909,5,1,5,2,5,4,1,0,10
U016910,7,2,3,4,4,5,1,1,17
U016911,14,1,2,4,3,5,1,1,28
U016912,6,1,7,4,0,5,2,3,24
U016913,19,3,7,2,0,5,3,0,18
U016914,7,2,4,1,1,5,0,0,14
U016915,4,0,7,2,2,3,0,0,10
U016916,10,0,3,3,3,1,0,2,16
U016917,10,2,3,4,0,7,0,0,11
U016918,10,2,6,5,0,6,2,1,20
U016919,18,1,5,2,1,5,0,1,19
U016920,16,2,2,2,7,6,2,0,25
U016921,8,5,9,3,1,7,2,2,23
U016922,11,0,7,4,0,6,0,1,10
U016923,10,0,5,3,0,2,2,0,13
U016924,19,2,0,5,0,6,3,0,23
U016925,10,1,3,3,2,3,0,0,8
U016926,7,3,7,5,1,4,0,1,20
U016927,10,0,1,5,1,5,0,1,12
U016928,13,3,5,5,0,8,0,1,20
U016929,15,1,13,3,2,8,2,1,30
U016930,11,0,4,1,1,6,0,1,14
U016931,13,1,6,4,1,7,1,1,13
U016932,10,1,5,0,0,7,0,0,13
U016933,11,5,6,4,0,5,1,0,24
U016934,10,1,4,0,1,6,1,1,24
U016935,13,2,8,3,1,7,1,0,20
U016936,12,4,8,3,1,7,0,1,23
U016937,15,7,5,3,1,6,0,2,24
U016938,14,1,8,5,2,1,1,1,15
U016939,23,3,7,2,0,15,0,1,36
U016940,12,0,4,2,1,4,1,0,17
U016941,9,1,5,4,0,5,1,1,24
U016942,16,4,8,5,0,13,0,1,18
U016943,12,3,10,4,5,9,0,2,27
U016944,16,3,7,1,0,12,5,1,31
U016945,19,4,5,3,1,6,1,0,18
U016946,8,1,3,2,1,10,0,3,23
U016947,14,1,6,4,0,9,0,1,29
U016948,12,6,5,4,0,3,1,1,15
U016949,17,5,7,6,0,13,1,0,28
U016950,16,1,14,2,1,11,1,0,35
U016951,12,1,7,3,0,3,1,2,23
U016952,18,6,4,2,0,6,2,1,28
U016953,20,1,2,3,0,2,2,0,23
U016954,9,5,6,3,3,10,1,0,16
U016955,10,2,3,1,0,4,1,2,13
U016956,11,0,5,3,0,9,0,1,16
U016957,11,0,2,2,0,5,0,2,18
U016958,14,4,4,6,1,7,0,2,27
U016959,11,1,7,2,0,3,2,1,19
U016960,13,1,9,3,0,7,0,1,11
U016961,11,1,1,1,1,5,0,0,18
U016962,14,0,6,2,0,9,0,1,17
U016963,15,2,8,5,0,6,4,0,22
U016964,9,4,7,5,0,8,1,3,30
U016965,17,4,4,1,0,4,2,2,23
U016966,23,7,8,3,0,10,0,0,25
U016967,13,3,1,1,0,6,0,0,22
U016968,12,2,10,6,1,1,0,1,17
U016969,16,1,11,1,0,7,1,0,24
U016970,15,0,8,0,0,6,1,0,29
U016971,15,4,9,2,3,7,1,0,23
U016972,11,3,11,3,1,4,3,0,28
U016973,11,1,1,6,1,6,1,2,17
U016974,14,6,11,2,1,4,1,1,19
U016975,14,0,5,0,0,3,1,0,18
U016976,12,6,1,4,3,4,1,1,10
U016977,13,3,4,4,5,6,1,0,22
U016978,12,1,7,3,1,1,0,0,24
U016979,15,2,12,3,1,5,1,2,23
U016980,12,1,8,1,2,4,1,1,10
U016981,9,2,6,3,0,4,2,1,14
U016982,15,2,4,1,0,7,1,1,18
U016983,11,0,4,0,2,4,0,2,13
U016984,9,0,3,2,1,3,1,2,18
U016985,20,3,7,5,0,5,3,3,22
U016986,16,1,4,9,0,8,3,0,40
U016987,18,1,2,6,0,7,0,0,10
U016988,8,1,1,2,0,1,1,2,20
U016989,15,1,8,3,0,2,1,0,17
U016990,12,0,2,0,0,3,0,3,17
U016991,15,1,4,2,1,3,1,0,16
U016992,13,1,5,5,0,7,0,1,18
U016993,18,5,6,4,1,3,4,1,19
U016994,22,1,11,3,2,9,1,0,33
U016995,16,2,1,2,0,8,1,2,25
U016996,13,1,7,1,0,5,1,0,30
U016997,11,1,10,2,0,5,0,0,21
U016998,9,2,6,1,0,10,3,2,22
U016999,16,0,0,1,3,5,3,1,11
U017000,13,0,4,4,4,0,0,0,17
U017001,15,4,5,1,0,4,1,2,19
U017002,18,2,6,3,3,8,1,2,26
U017003,18,6,10,5,0,4,0,0,19
U017004,15,4,3,1,2,6,0,4,17
U017005,9,0,3,2,1,2,3,2,12
U017006,16,2,5,6,0,7,2,1,16
U017007,5,0,3,2,2,7,0,1,17
U017008,8,0,6,1,1,2,3,0,16
U017009,7,2,8,5,1,3,1,1,13
U017010,9,0,3,2,0,3,0,1,13
U017011,14,5,9,1,0,6,3,2,27
U017012,11,1,4,5,0,7,0,0,20
U017013,9,1,5,0,0,7,1,1,12
U017014,5,0,4,2,5,2,0,1,15
U017015,10,2,5,2,1,0,0,0,14
U017016,15,0,3,0,3,4,1,0,15
U017017,16,0,4,1,0,5,1,0,20
U017018,5,2,3,2,3,1,2,1,9
U017019,12,1,6,6,0,8,3,0,20
U017020,9,2,2,1,5,2,1,1,14
U017021,16,1,6,3,1,10,1,2,19
U017022,17,2,7,2,1,5,1,0,27
U017023,8,0,2,0,1,3,1,2,13
U017024,6,0,7,2,0,5,1,1,14
U017025,15,0,9,5,0,4,0,3,20
U017026,10,0,6,4,1,5,2,1,19
U017027,15,5,5,6,0,7,4,2,23
U017028,6,3,4,3,3,4,0,0,25
U017029,14,3,4,0,0,6,1,1,28
U017030,14,0,7,2,0,4,3,0,22
U017031,13,3,8,2,0,5,3,2,22
U017032,11,0,3,1,0,5,0,3,23
U017033,21,6,6,4,0,9,0,1,17
U017034,14,2,6,4,3,4,2,0,23
U017035,12,2,2,2,0,5,0,0,19
U017036,15,2,5,4,1,7,0,3,25
U017037,12,0,4,0,0,6,2,1,19
U017038,10,0,2,4,0,7,1,0,15
U017039,15,0,5,6,2,8,1,0,20
U017040,11,3,3,1,5,0,1,2,14
U017041,17,2,9,5,0,4,1,0,24
U017042,5,1,6,1,3,1,0,0,12
U017043,16,2,6,1,0,6,0,2,16
U017044,13,2,2,2,0,11,1,2,16
U017045,18,1,6,4,0,7,1,0,15
U017046,7,0,3,2,1,3,2,0,15
U017047,17,1,10,5,1,6,3,0,22
U017048,7,0,9,1,0,7,1,1,17
U017049,10,4,5,3,4,5,1,0,11
U017050,8,4,8,2,0,7,1,1,37
U017051,11,1,4,2,0,6,0,1,13
U017052,18,4,5,2,3,6,2,0,22
U017053,14,1,6,3,0,5,0,1,26
U017054,14,4,6,2,0,7,1,0,21
U017055,15,1,7,0,1,3,0,2,25
U017056,14,0,4,4,1,5,0,1,16
U017057,21,1,7,2,1,8,3,1,29
U017058,12,1,9,5,1,10,0,1,21
U017059,10,3,6,3,1,5,3,1,20
U017060,12,0,8,2,1,1,1,2,16
U017061,8,3,2,3,4,1,0,0,15
U017062,10,0,6,0,3,6,2,2,7
U017063,9,1,2,3,0,6,1,1,18
U017064,19,2,6,3,0,3,2,0,16
U017065,13,2,6,2,0,3,3,0,26
U017066,12,2,4,1,0,7,0,0,14
U017067,23,0,10,4,0,7,1,0,19
U017068,10,0,7,1,0,1,2,0,17
U017069,17,0,6,3,1,6,1,1,17
U017070,19,3,10,6,0,4,1,2,24
U017071,16,7,4,2,1,5,1,1,28
U017072,14,2,7,1,0,3,2,0,19
U017073,14,1,9,0,3,9,2,2,21
U017074,10,1,6,3,0,6,0,3,17
U017075,13,6,7,3,1,4,2,0,27
U017076,22,6,9,3,1,7,3,2,26
U017077,10,4,3,5,0,6,1,1,21
U017078,9,1,9,3,1,4,0,0,10
U017079,13,0,5,0,0,6,5,0,18
U017080,6,4,6,1,2,7,5,0,15
U017081,7,2,4,4,0,7,1,3,15
U017082,13,2,4,2,2,4,3,0,24
U017083,11,1,7,3,0,1,0,2,12
U017084,16,1,5,4,1,6,1,1,16
U017085,6,5,2,1,2,3,0,5,11
U017086,12,7,5,2,0,4,3,3,16
U017087,9,2,5,3,0,9,0,0,19
U017088,23,1,5,6,1,8,1,0,28
U017089,22,3,3,7,1,11,0,0,28
U017090,18,3,7,2,0,8,2,0,17
U017091,20,1,5,4,0,5,2,2,18
U017092,9,1,3,3,0,5,0,2,26
U017093,19,1,13,3,1,12,3,1,37
U017094,16,3,9,4,1,3,3,1,23
U017095,23,6,8,4,1,5,2,0,24
U017096,4,1,1,4,4,2,0,0,8
U017097,7,5,4,7,0,7,1,0,26
U017098,12,1,4,3,1,4,1,2,15
U017099,10,2,2,1,1,6,3,3,25
U017100,8,0,3,1,1,1,0,1,25
U017101,16,6,6,4,3,4,2,1,16
U017102,15,1,5,2,0,7,1,0,15
U017103,15,7,9,4,0,11,1,0,29
U017104,17,2,5,2,0,6,2,0,22
U017105,15,2,9,2,1,5,1,2,26
U017106,8,0,4,3,0,7,1,0,20
U017107,20,2,4,3,0,4,4,2,26
U017108,9,3,5,2,0,10,1,1,24
U017109,8,1,5,3,0,4,1,2,16
U017110,7,2,3,2,1,8,1,1,7
U017111,14,3,5,3,0,7,1,0,27
U017112,15,3,7,5,1,12,3,1,27
U017113,8,0,3,1,3,4,0,1,14
U017114,9,2,4,3,0,3,3,0,26
U017115,11,0,5,5,1,8,2,1,24
U017116,16,3,8,2,0,7,1,2,22
U017117,12,4,6,4,0,6,2,2,29
U017118,15,4,9,4,0,7,0,0,20
U017119,15,0,6,3,3,4,0,0,7
U017120,21,6,4,2,0,7,2,1,33
U017121,10,0,4,1,0,2,1,0,19
U017122,7,1,5,7,3,5,1,2,10
U017123,18,2,5,3,0,4,0,1,27
U017124,14,3,8,1,1,7,1,3,18
U017125,10,4,9,4,0,6,1,1,27
U017126,10,3,3,1,1,8,1,1,16
U017127,11,0,7,3,5,5,2,0,14
U017128,13,2,7,5,0,8,1,1,29
U017129,9,2,10,3,0,11,2,2,25
U017130,11,3,7,2,0,7,2,1,28
U017131,19,2,3,5,1,7,1,2,14
U017132,13,1,4,3,0,8,0,1,24
U017133,22,1,6,11,0,5,1,1,31
U017134,13,0,10,0,1,7,1,3,23
U017135,9,1,6,3,0,4,0,1,15
U017136,11,5,4,4,6,1,1,0,15
U017137,17,1,5,3,0,3,5,1,26
U017138,11,0,4,4,0,5,2,0,14
U017139,13,2,11,1,0,4,1,1,16
U017140,15,1,4,7,1,4,0,1,20
U017141,23,6,8,2,0,8,2,1,28
U017142,9,0,2,1,1,4,1,1,13
U017143,14,2,4,4,3,8,3,2,23
U017144,13,2,10,3,1,10,2,0,29
U017145,22,1,11,3,0,2,0,1,28
U017146,19,2,12,2,0,10,1,0,21
U017147,11,1,5,4,1,3,1,0,15
U017148,12,3,7,2,6,3,3,0,19
U017149,9,2,6,1,0,6,3,0,19
U017150,9,3,4,1,1,5,5,0,23
U017151,11,3,5,1,1,8,0,1,22
U017152,2,0,2,1,4,2,0,1,8
U017153,16,2,5,4,1,6,1,1,22
U017154,13,2,4,7,0,5,1,4,24
U017155,22,1,4,5,0,8,0,2,25
U017156,8,0,3,2,1,2,0,1,11
U017157,24,3,7,5,0,9,5,1,21
U017158,13,3,9,3,1,6,3,2,23
U017159,7,0,3,2,0,6,2,1,11
U017160,8,1,8,0,1,7,1,0,11
U017161,13,0,6,1,0,6,1,1,18
U017162,14,3,5,2,0,8,0,1,21
U017163,10,2,8,0,1,4,1,0,19
U017164,6,0,6,1,4,1,2,1,15
U017165,15,0,2,3,0,4,2,1,11
U017166,18,3,7,2,0,6,1,0,30
U017167,6,0,6,3,0,4,0,2,14
U017168,10,1,3,1,3,3,1,1,11
U017169,15,1,2,4,1,1,3,0,17
U017170,17,3,6,3,0,6,1,2,28
U017171,6,1,7,3,2,4,1,0,19
U017172,13,5,11,4,6,8,2,1,31
U017173,12,1,9,5,2,6,0,1,18
U017174,15,1,10,3,0,5,1,1,25
U017175,22,6,7,2,1,15,2,0,19
U017176,9,4,10,3,0,5,3,2,26
U017177,13,1,8,3,1,3,3,0,20
U017178,6,1,3,1,1,7,2,3,10
U017179,13,2,9,1,5,2,0,0,14
U017180,9,1,3,0,0,2,1,0,18
U017181,12,2,6,7,1,4,0,3,17
U017182,10,6,6,2,2,6,0,2,23
U017183,16,2,7,4,0,6,1,1,18
U017184,16,3,8,1,0,3,0,2,17
U017185,13,2,5,4,2,4,1,0,23
U017186,6,3,5,2,1,4,1,0,21
U017187,19,1,5,5,0,5,0,1,25
U017188,20,7,6,7,0,5,3,1,26
U017189,8,3,3,3,4,4,0,0,16
U017190,27,5,13,7,0,5,3,3,43
U017191,17,4,7,2,1,5,0,2,15
U017192,21,3,12,2,0,4,2,0,30
U017193,15,3,7,0,1,3,1,1,21
U017194,11,2,2,3,0,3,1,1,23
U017195,8,1,3,1,0,3,1,2,21
U017196,11,1,3,2,0,2,0,2,18
U017197,7,0,9,1,0,3,1,1,20
U017198,15,4,5,6,1,8,1,0,30
U017199,10,6,9,3,1,12,3,4,29
U017200,11,1,3,3,4,0,1,0,15
U017201,16,3,4,1,1,6,0,1,15
U017202,12,3,8,1,0,6,1,0,19
U017203,20,2,8,4,0,5,0,1,20
U017204,14,2,6,4,1,5,1,2,18
U017205,15,5,9,2,1,3,0,0,24
U017206,16,2,12,3,1,5,2,1,17
U017207,11,3,12,7,0,8,1,1,34
U017208,10,3,11,7,7,10,2,1,23
U017209,10,1,3,1,0,7,1,1,17
U017210,8,1,2,3,0,4,1,0,24
U017211,18,6,4,6,1,4,0,1,22
U017212,17,2,4,1,1,7,0,1,30
U017213,7,2,2,0,0,5,0,0,16
U017214,11,2,9,1,1,7,2,0,18
U017215,13,0,4,1,0,3,1,0,14
U017216,13,1,4,5,0,7,1,0,24
U017217,7,4,11,2,0,10,1,1,39
U017218,15,0,5,1,1,6,0,0,19
U017219,12,1,4,2,0,3,1,1,21
U017220,9,2,4,1,0,9,2,3,17
U017221,18,4,5,4,0,5,0,2,30
U017222,15,2,10,4,0,4,1,2,24
U017223,8,0,1,2,2,1,2,0,14
U017224,9,1,5,0,1,4,0,1,22
U017225,11,0,2,1,0,7,3,1,16
U017226,22,2,9,1,0,7,1,2,32
U017227,8,2,2,4,1,4,1,1,18
U017228,11,0,3,4,0,5,2,1,14
U017229,19,5,5,1,1,7,4,0,27
U017230,13,3,4,3,1,8,0,0,29
U017231,15,0,5,2,0,5,2,0,9
U017232,21,3,6,4,0,4,3,1,16
U017233,8,4,6,2,6,5,2,1,15
U017234,7,0,7,6,4,5,1,2,16
U017235,7,2,3,4,0,9,0,0,21
U017236,20,3,8,7,0,8,2,1,25
U017237,10,3,5,4,0,6,5,1,22
U017238,7,0,4,3,0,3,2,1,16
U017239,17,2,9,1,0,3,3,3,22
U017240,10,3,5,4,0,4,2,0,20
U017241,13,7,11,7,1,5,2,0,39
U017242,9,4,7,7,0,9,0,0,30
U017243,19,2,9,3,0,10,0,1,26
U017244,11,1,5,3,0,5,1,0,15
U017245,14,3,5,4,1,3,2,2,27
U017246,8,0,0,4,5,3,0,0,9
U017247,8,1,3,4,0,2,1,2,16
U017248,5,0,0,2,3,3,1,3,10
U017249,12,0,6,1,0,4,2,0,17
U017250,20,4,12,5,1,6,0,1,20
U017251,11,0,4,1,1,3,1,2,22
U017252,10,1,4,2,0,4,2,0,13
U017253,12,0,4,3,0,3,1,1,17
U017254,16,3,5,3,0,3,0,0,22
U017255,3,1,8,3,5,2,1,0,9
U017256,15,1,5,2,0,5,1,0,29
U017257,10,1,5,0,0,1,0,1,19
U017258,14,5,7,2,0,6,1,3,21
U017259,14,1,5,3,0,6,0,0,23
U017260,7,0,2,1,0,3,1,0,23
U017261,9,1,5,5,0,4,0,2,16
U017262,11,3,9,7,0,12,3,2,26
U017263,20,4,7,8,1,5,0,0,26
U017264,16,3,7,3,0,4,1,2,23
U017265,11,4,5,4,2,6,1,1,28
U017266,11,0,2,5,0,5,2,2,32
U017267,15,1,4,6,1,4,0,0,28
U017268,12,2,4,2,0,5,1,2,15
U017269,14,3,4,2,1,9,1,0,27
U017270,9,0,5,7,1,6,0,1,17
U017271,9,2,5,4,1,6,1,3,18
U017272,8,5,3,2,1,6,1,1,22
U017273,12,1,8,5,1,10,0,1,22
U017274,10,4,6,2,1,2,2,3,15
U017275,12,2,7,5,1,7,1,2,24
U017276,14,0,4,4,1,5,0,1,14
U017277,21,5,7,2,2,9,1,3,36
U017278,6,0,4,1,5,5,0,0,13
U017279,11,4,3,1,2,6,1,1,20
U017280,14,1,6,1,0,6,0,1,14
U017281,16,3,2,5,0,6,1,0,22
U017282,14,0,4,3,0,4,2,0,15
U017283,9,0,6,6,0,4,0,0,24
U017284,8,1,3,2,0,4,0,1,19
U017285,13,0,4,3,0,5,2,1,19
U017286,18,3,4,4,0,4,1,2,23
U017287,11,3,6,3,0,6,1,0,18
U017288,13,0,7,2,0,7,1,0,14
U017289,4,0,4,2,2,6,1,1,9
U017290,12,1,9,2,1,4,3,1,28
U017291,19,1,5,4,3,4,0,0,24
U017292,14,6,8,3,0,4,3,1,22
U017293,13,4,4,4,1,4,5,1,19
U017294,10,1,8,0,2,8,1,0,15
U017295,12,2,3,4,1,8,1,1,15
U017296,14,0,1,2,0,5,1,0,19
U017297,5,1,5,1,0,4,0,0,7
U017298,16,2,10,7,0,4,1,0,24
U017299,20,2,11,7,1,5,1,1,30
U017300,9,2,3,6,0,7,1,1,22
U017301,14,4,4,1,0,5,0,1,21
U017302,8,1,7,1,1,10,4,2,27
U017303,15,3,4,5,0,5,0,0,26
U017304,11,0,4,2,0,7,0,2,15
U017305,6,0,2,1,2,3,2,2,6
U017306,10,3,9,3,0,2,1,2,18
U017307,13,2,4,2,0,2,1,0,12
U017308,14,1,6,3,6,9,4,1,25
U017309,16,6,6,4,0,8,1,1,38
U017310,12,2,8,2,0,5,2,1,22
U017311,9,1,3,2,2,6,2,0,17
U017312,16,6,8,5,0,8,1,1,28
U017313,13,2,5,4,0,4,1,1,18
U017314,13,0,2,2,0,3,1,1,18
U017315,13,0,2,2,0,1,0,0,16
U017316,20,3,11,4,1,6,2,1,29
U017317,18,1,6,2,0,8,0,0,12
U017318,9,7,6,2,0,5,0,1,17
U017319,11,0,2,5,0,5,1,0,14
U017320,20,2,7,4,0,5,0,2,24
U017321,15,3,10,4,0,3,2,0,22
U017322,14,3,10,4,0,6,0,0,19
U017323,15,3,14,1,0,4,4,1,36
U017324,19,2,7,2,0,6,0,1,17
U017325,19,4,5,2,1,8,4,1,25
U017326,18,1,3,0,0,7,0,2,25
U017327,22,3,12,2,0,11,1,1,27
U017328,16,2,6,4,1,3,3,0,18
U017329,12,2,5,3,0,6,1,1,26
U017330,10,4,10,10,2,9,0,2,23
U017331,14,2,4,0,0,3,0,1,11
U017332,6,2,2,1,1,3,0,0,5
U017333,12,0,8,2,0,2,0,2,14
U017334,8,2,2,1,0,8,1,1,24
U017335,12,1,7,2,1,11,2,0,19
U017336,10,0,6,5,0,4,3,2,8
U017337,17,3,5,3,3,5,1,1,19
U017338,12,3,8,2,0,10,1,1,27
U017339,16,1,4,5,0,6,1,0,17
U017340,13,1,1,2,1,2,0,0,14
U017341,8,4,4,5,1,5,1,3,19
U017342,10,5,7,3,0,4,1,1,19
U017343,11,4,8,4,0,10,2,1,31
U017344,12,0,4,6,0,3,0,0,14
U017345,18,4,4,2,2,6,2,0,28
U017346,14,2,6,3,0,8,1,1,23
U017347,9,2,3,2,2,0,1,1,20
U017348,12,1,1,3,0,6,2,0,24
U017349,11,0,1,0,0,2,0,4,12
U017350,9,5,7,7,0,9,1,1,20
U017351,13,6,6,2,0,8,2,2,11
U017352,9,0,9,3,0,7,0,2,29
U017353,7,4,5,1,0,7,1,1,15
U017354,15,7,5,3,1,8,2,1,24
U017355,10,0,5,1,0,3,1,0,18
U017356,14,3,4,3,0,7,2,0,25
U017357,10,0,6,4,0,5,2,2,11
U017358,8,1,4,3,2,12,4,1,15
U017359,12,0,4,0,0,4,1,0,15
U017360,13,1,1,2,0,6,1,0,23
U017361,4,2,3,3,1,4,0,1,12
U017362,15,5,3,1,2,8,1,0,20
U017363,18,4,4,3,0,9,3,0,28
U017364,12,1,5,3,3,8,0,0,17
U017365,12,5,8,3,0,6,0,1,21
U017366,9,0,4,5,1,4,2,2,11
U017367,14,3,4,2,4,7,0,2,14
U017368,9,1,5,7,0,4,1,0,24
U017369,12,1,4,2,1,8,2,1,21
U017370,12,2,4,1,0,2,0,1,9
U017371,15,0,5,3,0,4,1,1,19
U017372,9,0,2,2,4,4,0,0,12
U017373,15,2,7,3,1,5,2,2,20
U017374,10,0,4,3,1,3,0,2,12
U017375,9,4,6,2,0,2,0,0,19
U017376,8,2,7,3,0,4,1,0,19
U017377,16,9,10,8,0,8,7,2,29
U017378,6,0,2,0,1,5,1,2,7
U017379,15,6,9,6,1,5,0,1,26
U017380,14,4,5,2,0,5,1,2,21
U017381,5,0,3,0,1,6,0,0,8
U017382,5,1,2,3,1,6,1,1,15
U017383,10,3,7,2,0,8,3,2,20
U017384,5,1,4,3,1,2,0,1,7
U017385,6,1,10,2,1,8,1,0,21
U017386,15,4,5,6,0,12,0,2,20
U017387,29,1,7,2,3,8,0,1,25
U017388,14,4,4,6,0,9,1,2,28
U017389,17,1,10,2,0,4,1,2,18
U017390,11,0,5,1,0,2,0,1,14
U017391,16,1,7,1,0,5,2,1,21
U017392,9,1,10,2,0,9,0,0,14
U017393,9,8,8,5,1,8,0,0,22
U017394,7,2,5,3,2,2,0,0,14
U017395,15,2,11,7,1,6,2,1,27
U017396,7,1,4,1,0,4,1,0,21
U017397,15,3,10,2,0,7,2,1,37
U017398,17,2,7,3,1,8,2,2,19
U017399,12,1,3,1,1,6,1,0,20
U017400,14,2,2,0,2,3,1,1,11
U017401,21,4,8,3,0,7,3,1,20
U017402,14,5,4,3,0,2,0,0,26
U017403,6,0,4,0,3,1,0,0,14
U017404,13,2,3,4,5,6,0,0,11
U017405,15,2,6,4,6,6,2,1,13
U017406,6,2,4,3,4,7,1,0,20
U017407,17,2,8,4,1,7,2,2,32
U017408,14,1,2,0,1,8,2,1,34
U017409,11,1,5,1,0,5,2,1,19
U017410,7,2,3,3,4,6,3,0,24
U017411,8,1,4,3,0,4,2,1,19
U017412,14,1,6,4,0,5,2,3,15
U017413,11,0,5,2,1,6,2,1,17
U017414,11,2,3,1,7,5,1,1,14
U017415,11,2,0,1,3,3,0,0,9
U017416,12,3,4,4,0,6,2,0,19
U017417,7,1,8,6,1,3,2,0,10
U017418,12,2,6,8,1,6,0,1,27
U017419,16,2,9,2,0,15,1,0,19
U017420,24,2,5,5,0,7,1,0,27
U017421,24,2,6,0,0,7,1,1,20
U017422,10,3,10,4,1,4,0,2,16
U017423,7,1,7,2,7,8,2,1,12
U017424,13,6,8,1,0,5,0,0,19
U017425,10,2,5,3,3,7,1,1,15
U017426,18,2,9,6,1,8,1,0,22
U017427,8,2,3,3,3,5,1,1,29
U017428,11,3,5,6,2,8,0,3,12
U017429,10,4,8,1,0,11,1,0,36
U017430,14,2,5,1,0,2,1,3,16
U017431,14,1,4,2,2,1,1,0,17
U017432,9,0,5,2,0,6,2,0,25
U017433,10,0,9,5,0,6,1,0,15
U017434,6,0,2,3,1,3,2,0,25
U017435,16,2,7,5,1,3,1,0,28
U017436,10,9,6,3,1,5,1,0,18
U017437,11,4,8,4,5,4,2,0,21
U017438,14,2,7,5,1,4,1,2,22
U017439,14,0,9,0,0,3,1,1,13
U017440,15,1,13,3,0,9,1,0,29
U017441,13,3,4,8,0,2,1,1,22
U017442,23,4,4,5,0,8,0,0,29
U017443,18,3,5,3,2,6,0,1,18
U017444,17,0,6,3,0,1,1,0,18
U017445,7,0,6,3,0,6,0,1,13
U017446,11,0,8,5,0,7,4,0,34
U017447,17,2,3,2,0,7,4,1,21
U017448,14,3,5,1,3,8,0,2,16
U017449,8,1,4,4,0,4,1,3,24
U017450,15,0,5,1,0,6,2,1,25
U017451,10,0,4,1,0,4,0,2,25
U017452,6,0,2,3,1,6,0,0,26
U017453,11,3,10,5,0,6,0,1,12
U017454,11,3,4,4,1,4,2,1,22
U017455,8,1,6,5,2,8,0,2,19
U017456,13,0,6,4,0,5,1,1,17
U017457,7,1,9,5,1,0,0,0,12
U017458,8,1,3,3,1,3,0,2,19
U017459,12,4,5,4,6,3,0,0,12
U017460,11,0,2,1,2,1,1,0,7
U017461,9,3,3,5,2,9,1,0,8
U017462,12,1,2,3,9,6,1,4,22
U017463,7,5,15,3,0,4,3,2,22
U017464,8,2,6,0,4,7,0,1,11
U017465,8,2,4,6,4,4,2,2,23
U017466,7,0,4,0,0,4,1,0,12
U017467,22,5,11,4,0,6,0,2,27
U017468,12,6,10,6,0,4,1,1,24
U017469,10,5,6,8,0,7,1,0,18
U017470,8,0,4,3,5,6,0,0,21
U017471,14,0,2,0,1,1,0,0,11
U017472,8,0,1,1,5,4,1,1,15
U017473,9,2,5,2,1,6,4,1,15
U017474,14,1,11,2,0,7,1,0,20
U017475,14,3,3,6,0,6,0,0,20
U017476,10,0,6,3,0,5,1,2,10
U017477,11,1,5,1,0,7,1,3,25
U017478,8,1,5,3,0,3,2,0,16
U017479,16,1,4,3,0,3,0,0,18
U017480,13,0,6,2,0,1,1,1,15
U017481,11,5,7,1,0,12,1,0,23
U017482,7,0,2,1,3,4,0,0,7
U017483,10,1,8,5,4,12,3,0,22
U017484,14,6,7,3,1,4,1,1,33
U017485,8,0,2,2,0,2,4,1,19
U017486,14,4,10,4,1,3,0,0,18
U017487,9,2,2,3,1,6,0,0,19
U017488,12,0,3,2,1,8,1,1,21
U017489,12,0,3,2,0,3,1,0,19
U017490,11,0,5,7,0,4,1,0,18
U017491,9,0,2,0,2,2,1,1,11
U017492,5,0,4,4,4,3,2,0,15
U017493,8,1,6,1,3,4,1,2,24
U017494,18,2,8,6,0,5,3,1,21
U017495,13,5,8,5,0,7,1,1,26
U017496,12,1,8,3,2,6,0,1,18
U017497,11,0,6,1,0,1,0,2,25
U017498,10,0,5,4,2,6,0,0,17
U017499,14,3,6,0,0,7,0,2,17
U017500,7,0,5,3,0,6,0,0,12
U017501,14,0,0,4,1,6,2,0,17
U017502,8,2,4,0,0,7,2,1,19
U017503,20,1,5,3,0,6,5,2,17
U017504,12,2,7,3,8,5,3,0,16
U017505,23,4,8,3,0,10,0,3,32
U017506,18,5,1,0,0,8,1,0,32
U017507,15,3,2,2,0,4,1,3,16
U017508,15,3,5,5,1,2,3,0,21
U017509,17,1,5,6,1,8,1,0,25
U017510,13,3,7,6,0,7,0,0,28
U017511,16,8,12,2,0,11,2,1,36
U017512,12,3,6,4,0,6,0,1,20
U017513,13,2,4,0,0,5,0,1,15
U017514,10,2,3,5,0,6,1,2,20
U017515,5,0,0,0,2,2,0,1,11
U017516,17,3,7,3,1,7,2,1,38
U017517,15,3,6,5,1,9,3,0,24
U017518,13,4,2,5,0,6,0,1,16
U017519,12,4,9,3,3,8,0,2,17
U017520,8,0,1,2,0,2,4,1,12
U017521,19,1,5,3,0,9,0,0,17
U017522,6,2,5,0,0,5,3,2,16
U017523,10,0,9,4,0,8,2,0,18
U017524,19,0,6,5,7,3,2,0,20
U017525,12,1,2,1,1,10,2,0,20
U017526,5,3,5,0,6,3,0,2,19
U017527,16,3,11,1,2,9,1,3,22
U017528,17,2,11,2,1,5,4,0,23
U017529,8,2,7,2,0,2,1,2,12
U017530,10,2,10,6,0,9,2,1,18
U017531,9,0,7,0,0,1,1,0,18
U017532,16,5,4,5,1,9,4,2,20
U017533,20,2,8,2,1,5,2,3,29
U017534,11,1,7,2,2,7,2,2,19
U017535,17,1,8,4,0,4,2,0,29
U017536,13,0,7,1,0,3,0,0,18
U017537,20,4,4,8,0,8,2,1,19
U017538,13,3,3,4,0,6,1,2,24
U017539,19,2,11,1,0,6,3,4,25
U017540,17,6,6,7,0,7,4,0,24
U017541,10,1,3,1,0,2,1,1,15
U017542,10,2,4,0,2,0,0,0,13
U017543,9,2,5,4,1,7,0,0,19
U017544,10,1,5,1,3,2,2,2,11
U017545,12,6,4,4,2,11,1,2,23
U017546,18,2,6,5,0,5,2,0,21
U017547,23,4,6,2,1,7,3,1,25
U017548,8,1,4,3,1,5,1,1,10
U017549,7,6,5,0,3,2,1,0,21
U017550,8,2,1,2,1,1,1,3,16
U017551,17,0,2,3,0,3,0,0,23
U017552,15,4,5,4,0,7,1,3,24
U017553,18,6,9,0,0,8,1,3,22
U017554,6,1,5,2,0,8,0,1,23
U017555,23,1,6,5,6,10,0,0,18
U017556,17,4,7,2,1,8,1,1,31
U017557,19,2,5,2,2,3,1,1,16
U017558,9,0,4,4,6,8,0,0,23
U017559,17,2,11,5,1,8,3,1,22
U017560,13,3,7,2,0,5,0,1,20
U017561,5,0,3,1,0,3,0,0,26
U017562,16,2,5,4,0,12,0,0,28
U017563,12,0,2,4,0,5,4,0,22
U017564,14,0,3,1,0,2,0,2,17
U017565,8,2,4,4,1,6,2,3,13
U017566,8,6,6,1,0,7,0,1,19
U017567,21,1,5,5,0,3,0,0,13
U017568,15,0,4,3,0,5,3,1,18
U017569,11,0,2,1,2,3,0,0,14
U017570,9,3,4,5,0,6,0,1,24
U017571,9,2,7,5,0,10,1,1,28
U017572,16,8,10,5,0,5,0,1,34
U017573,12,3,9,4,0,5,0,0,27
U017574,13,1,8,0,0,6,0,0,21
U017575,12,1,9,0,0,4,1,1,19
U017576,10,0,4,1,0,10,1,1,20
U017577,19,3,5,4,1,7,3,2,25
U017578,16,1,8,1,1,4,0,0,16
U017579,8,0,10,2,1,8,3,1,15
U017580,16,0,5,2,0,6,4,0,21
U017581,9,0,7,2,2,5,2,0,22
U017582,12,1,6,3,0,2,1,1,17
U017583,9,1,4,1,0,5,3,4,12
U017584,10,2,5,2,1,0,0,0,9
U017585,6,0,4,5,1,6,0,0,10
U017586,13,2,3,1,0,2,1,1,14
U017587,16,5,6,1,2,3,3,2,24
U017588,15,3,7,3,0,13,0,0,27
U017589,14,0,4,5,1,3,0,1,13
U017590,10,6,4,2,0,5,0,1,23
U017591,8,0,8,4,0,5,3,1,26
U017592,15,1,5,5,0,6,1,2,11
U017593,10,2,2,2,0,2,1,2,18
U017594,24,7,11,1,2,10,1,0,30
U017595,12,4,3,4,2,3,2,2,18
U017596,21,3,6,2,1,6,0,0,25
U017597,23,1,8,3,1,5,1,1,17
U017598,10,0,5,0,2,3,0,0,15
U017599,15,3,3,2,0,6,1,0,26
U017600,10,0,3,3,0,2,1,2,20
U017601,9,1,2,2,2,3,0,0,11
U017602,16,5,6,4,7,10,0,0,15
U017603,11,1,5,4,1,3,2,2,22
U017604,4,1,6,4,0,8,1,2,19
U017605,15,1,6,3,2,4,0,1,13
U017606,8,1,3,1,4,7,0,1,15
U017607,16,5,6,3,1,6,1,0,18
U017608,11,0,5,2,0,4,0,0,19
U017609,7,0,0,2,2,1,0,0,3
U017610,15,1,1,2,5,6,1,2,10
U017611,16,9,6,3,0,6,0,1,19
U017612,22,6,4,6,1,6,1,2,26
U017613,13,5,6,5,0,8,0,1,15
U017614,12,2,5,3,4,5,1,0,27
U017615,13,0,10,2,2,9,4,0,15
U017616,6,2,7,2,2,2,0,1,11
U017617,15,3,5,4,1,6,1,3,21
U017618,11,3,8,2,1,3,1,0,23
U017619,9,1,0,2,8,2,0,0,6
U017620,16,1,8,3,0,3,2,1,20
U017621,17,4,3,3,1,4,1,1,15
U017622,16,2,7,4,0,3,4,3,25
U017623,16,1,11,1,1,9,2,3,35
U017624,6,2,7,3,3,6,0,1,9
U017625,17,6,6,1,0,5,0,1,25
U017626,13,0,7,1,1,4,2,0,24
U017627,14,5,6,2,2,11,0,1,17
U017628,11,0,3,2,0,6,0,1,15
U017629,9,1,4,2,1,10,0,2,22
U017630,14,2,5,1,4,4,0,1,11
U017631,17,1,2,3,1,7,0,1,17
U017632,6,0,3,0,2,2,0,1,19
U017633,8,3,6,4,5,8,1,0,12
U017634,14,2,5,1,0,7,2,3,22
U017635,22,3,10,3,1,9,4,1,20
U017636,4,0,4,1,0,2,0,1,11
U017637,9,1,6,2,0,5,1,0,20
U017638,8,2,4,0,2,5,1,1,11
U017639,11,3,6,3,1,5,2,0,21
U017640,17,5,11,4,0,7,2,0,26
U017641,10,3,3,1,3,0,1,0,15
U017642,8,0,5,2,1,4,0,0,14
U017643,13,4,5,2,0,6,3,1,15
U017644,8,0,5,5,0,8,1,0,24
U017645,17,1,7,1,0,4,0,1,29
U017646,6,0,3,4,0,3,0,0,19
U017647,18,2,3,2,0,8,1,1,29
U017648,16,3,5,2,2,11,1,0,19
U017649,9,3,3,5,2,5,0,1,26
U017650,12,2,4,2,1,8,0,1,21
U017651,15,2,11,5,1,5,3,0,21
U017652,13,3,3,5,1,6,0,2,28
U017653,18,3,6,5,1,4,2,0,22
U017654,8,0,6,0,0,5,1,1,15
U017655,18,4,5,1,0,4,0,0,15
U017656,12,0,9,4,0,8,2,0,18
U017657,16,1,8,1,0,2,0,1,18
U017658,17,6,4,2,0,2,0,1,24
U017659,10,5,3,3,3,3,1,1,26
U017660,16,3,7,6,0,10,0,2,18
U017661,14,1,2,0,0,5,1,0,14
U017662,23,5,8,3,1,6,1,1,27
U017663,16,4,10,6,0,8,2,0,33
U017664,17,3,9,2,1,5,3,1,20
U017665,13,1,7,0,0,9,1,2,21
U017666,16,2,8,1,0,3,2,2,22
U017667,10,1,9,2,0,7,1,0,17
U017668,12,3,5,3,0,7,0,2,24
U017669,12,1,5,1,1,4,2,0,20
U017670,14,3,8,4,4,1,1,2,15
U017671,16,1,4,5,5,10,1,0,25
U017672,10,4,7,3,0,4,2,0,16
U017673,13,2,4,2,0,8,1,2,22
U017674,15,6,10,4,1,3,0,1,25
U017675,17,0,10,0,0,6,2,3,28
U017676,9,1,7,2,0,5,0,1,20
U017677,15,0,6,3,1,6,0,0,20
U017678,11,0,5,2,1,6,3,0,23
U017679,13,1,6,2,9,5,3,1,28
U017680,19,4,7,3,0,6,2,2,32
U017681,12,1,5,2,0,6,5,3,23
U017682,6,1,4,5,1,4,0,0,12
U017683,15,0,6,2,1,2,1,1,22
U017684,11,1,8,3,0,10,3,1,19
U017685,9,1,8,1,0,7,2,1,23
U017686,17,2,8,2,0,3,1,1,15
U017687,4,0,8,6,0,6,1,3,13
U017688,19,5,9,4,0,8,0,1,29
U017689,4,0,2,1,0,4,1,1,9
U017690,7,0,4,4,0,4,0,1,19
U017691,9,1,7,0,1,1,0,0,16
U017692,8,3,7,4,5,8,1,2,12
U017693,13,3,4,3,0,4,2,4,28
U017694,10,1,6,6,0,5,2,1,31
U017695,12,6,3,8,0,4,1,2,25
U017696,8,0,3,2,0,3,1,0,19
U017697,10,0,6,4,1,7,0,2,10
U017698,13,2,6,1,1,2,1,1,16
U017699,12,0,6,2,1,8,3,1,27
U017700,23,7,4,4,0,6,2,0,27
U017701,8,1,5,0,1,7,2,1,14
U017702,10,0,3,3,1,3,1,0,17
U017703,5,1,5,1,0,8,1,1,22
U017704,7,0,2,1,2,2,1,0,7
U017705,16,3,3,4,0,8,2,0,28
U017706,14,0,6,3,0,3,1,0,19
U017707,16,2,3,1,1,5,1,1,20
U017708,12,1,8,2,0,4,0,4,15
U017709,7,2,7,0,0,7,0,1,18
U017710,16,3,5,5,1,4,0,1,20
U017711,10,2,3,3,0,13,1,0,23
U017712,18,1,12,2,0,6,1,2,23
U017713,22,3,8,3,0,9,3,1,12
U017714,12,1,2,6,0,4,0,1,14
U017715,6,1,6,3,0,4,3,1,18
U017716,12,2,2,0,0,6,2,0,11
U017717,17,3,7,6,1,10,2,1,20
U017718,9,0,3,2,0,3,2,1,10
U017719,11,0,6,4,0,4,2,0,17
U017720,7,5,5,1,1,7,0,1,28
U017721,10,9,1,1,1,5,0,1,13
U017722,15,3,7,2,0,4,3,0,20
U017723,6,1,2,1,3,3,0,1,13
U017724,13,3,3,2,3,7,1,1,19
U017725,11,1,8,3,1,5,1,1,17
U017726,13,2,5,1,0,8,0,0,23
U017727,13,1,3,8,0,8,0,1,10
U017728,19,4,4,4,1,4,1,0,17
U017729,8,3,4,3,1,7,3,0,31
U017730,16,0,5,3,1,3,3,0,13
U017731,12,0,5,1,1,7,3,1,16
U017732,18,4,17,4,0,16,3,3,19
U017733,14,0,3,0,0,5,1,0,12
U017734,9,0,4,1,0,7,3,1,24
U017735,3,0,2,2,2,3,0,0,9
U017736,16,0,5,4,0,5,2,1,17
U017737,14,6,11,3,1,7,3,2,25
U017738,16,2,7,6,0,5,2,1,18
U017739,18,3,6,3,2,4,5,0,23
U017740,15,3,9,9,0,5,2,1,21
U017741,14,1,9,4,0,9,2,2,23
U017742,13,2,2,2,1,3,1,1,12
U017743,11,3,4,1,0,6,0,2,19
U017744,10,1,5,4,1,11,2,0,22
U017745,12,3,3,3,1,7,0,2,24
U017746,7,1,4,2,1,4,2,2,13
U017747,17,0,3,1,0,4,0,1,20
U017748,3,0,4,1,5,6,0,1,10
U017749,9,3,11,3,0,7,1,0,27
U017750,15,3,6,5,0,9,0,2,22
U017751,17,3,3,5,0,4,1,0,29
U017752,8,2,6,3,0,7,2,1,24
U017753,9,3,3,2,6,6,0,0,16
U017754,21,7,12,6,0,7,4,1,35
U017755,15,3,10,1,0,5,0,0,15
U017756,14,2,12,6,2,9,3,0,41
U017757,12,1,11,0,1,3,1,1,21
U017758,16,3,9,4,0,8,2,2,31
U017759,9,2,5,5,1,3,0,0,10
U017760,10,0,2,2,5,4,0,0,11
U017761,17,5,7,3,0,4,0,0,24
U017762,18,1,6,3,1,8,0,1,30
U017763,10,1,1,2,0,6,0,1,14
U017764,13,2,5,4,0,5,3,1,21
U017765,7,0,2,1,2,6,0,1,14
U017766,13,1,2,1,0,7,0,1,16
U017767,17,2,6,4,5,7,1,2,16
U017768,18,2,8,1,0,8,1,2,27
U017769,8,0,3,2,0,4,2,0,21
U017770,12,2,5,2,3,4,3,0,17
U017771,8,0,4,0,2,5,0,0,19
U017772,9,0,9,1,0,2,4,1,15
U017773,9,1,8,5,1,6,0,2,16
U017774,11,1,6,3,0,1,1,2,17
U017775,8,3,5,5,0,2,2,1,13
U017776,13,2,7,2,0,5,2,0,26
U017777,7,1,5,1,1,3,0,0,22
U017778,12,0,6,5,0,3,1,0,22
U017779,8,2,4,1,2,4,0,2,12
U017780,14,2,10,4,1,7,1,1,23
U017781,11,2,7,2,0,7,2,3,25
U017782,11,4,3,5,1,11,1,2,19
U017783,9,1,5,1,0,1,1,0,17
U017784,13,2,4,6,2,4,0,3,21
U017785,12,2,9,3,0,7,2,1,20
U017786,12,1,7,0,0,4,0,2,12
U017787,22,6,5,5,0,5,0,2,24
U017788,13,4,9,6,0,9,0,0,26
U017789,13,4,5,4,0,5,0,1,26
U017790,14,2,5,4,0,10,0,1,19
U017791,10,2,9,0,0,2,0,0,17
U017792,9,2,2,1,0,7,2,1,24
U017793,14,6,6,2,1,3,0,0,24
U017794,7,0,9,4,0,2,2,1,15
U017795,13,1,2,0,5,3,0,0,7
U017796,8,2,5,1,3,1,0,1,10
U017797,17,3,10,1,1,6,1,2,26
U017798,15,3,5,1,0,10,2,0,23
U017799,19,1,6,1,0,4,1,0,23
U017800,12,2,6,6,1,9,3,1,28
U017801,10,1,3,2,4,6,1,0,20
U017802,8,2,8,5,0,4,1,0,17
U017803,13,4,6,5,0,5,1,0,14
U017804,12,4,4,6,0,1,1,1,14
U017805,4,2,6,1,4,9,1,0,15
U017806,18,4,4,4,1,11,1,1,31
U017807,11,1,8,4,0,2,0,1,17
U017808,21,2,5,4,0,14,3,1,24
U017809,15,5,3,4,0,2,3,1,21
U017810,9,2,2,3,0,6,2,2,13
U017811,10,1,0,0,2,2,0,0,15
U017812,17,0,4,4,0,6,0,0,14
U017813,19,4,4,4,0,12,0,1,31
U017814,15,5,1,1,2,4,1,0,14
U017815,11,2,7,1,0,9,0,1,19
U017816,7,0,9,4,0,5,4,0,19
U017817,9,2,8,1,1,2,1,1,8
U017818,16,3,6,3,1,3,0,3,20
U017819,7,2,8,3,3,6,3,2,22
U017820,17,3,6,1,0,2,1,1,23
U017821,12,3,5,3,0,7,0,1,17
U017822,16,8,8,8,1,10,2,0,36
U017823,18,1,3,5,1,6,1,0,21
U017824,7,1,3,3,0,4,1,2,19
U017825,10,1,4,2,5,4,2,1,8
U017826,14,3,1,0,0,6,5,1,22
U017827,13,1,7,5,0,9,3,2,25
U017828,14,3,7,1,5,3,0,1,17
U017829,10,1,8,2,1,3,2,1,23
U017830,14,3,5,5,1,1,0,0,21
U017831,13,0,6,1,0,7,1,0,19
U017832,14,3,8,2,0,4,0,2,23
U017833,6,1,4,2,0,4,0,1,23
U017834,17,1,12,3,0,8,1,0,24
U017835,6,0,3,2,0,5,1,0,10
U017836,14,5,5,3,1,6,0,2,25
U017837,8,1,6,3,0,2,3,1,29
U017838,3,2,7,3,1,10,1,0,19
U017839,12,2,4,1,1,10,1,0,17
U017840,12,2,9,2,0,7,0,0,16
U017841,14,2,6,2,1,6,0,2,17
U017842,10,1,4,3,0,4,3,0,14
U017843,7,2,4,4,3,4,2,1,20
U017844,16,6,9,6,0,5,3,0,31
U017845,9,2,4,3,1,5,1,1,23
U017846,9,1,3,2,4,6,1,1,11
U017847,17,4,4,5,1,3,1,0,35
U017848,18,2,7,5,0,3,2,0,25
U017849,13,0,5,2,0,1,2,0,20
U017850,9,2,4,2,0,4,2,1,19
U017851,9,2,7,2,4,2,1,0,17
U017852,10,2,3,4,0,6,0,1,24
U017853,11,1,5,3,0,6,0,0,11
U017854,14,3,8,5,0,12,0,1,34
U017855,16,0,6,4,0,6,2,3,28
U017856,10,3,5,2,6,4,0,1,19
U017857,9,0,5,0,1,4,1,1,17
U017858,15,1,4,3,0,8,0,0,17
U017859,21,3,6,2,1,5,2,0,28
U017860,18,4,9,2,0,7,1,1,28
U017861,17,3,5,5,1,12,1,1,15
U017862,11,6,5,5,0,10,0,1,20
U017863,9,0,6,0,0,4,0,0,18
U017864,13,3,3,5,0,4,0,0,17
U017865,22,5,11,6,1,6,1,3,34
U017866,8,0,2,2,3,3,0,0,15
U017867,12,1,5,3,3,7,0,3,27
U017868,10,0,7,1,1,5,0,0,19
U017869,16,4,2,5,2,6,1,5,20
U017870,17,4,8,4,0,8,3,1,24
U017871,16,1,6,6,1,4,3,1,16
U017872,19,3,6,3,0,7,0,0,25
U017873,5,0,4,3,0,4,0,0,11
U017874,14,4,8,2,0,3,2,1,11
U017875,11,0,4,3,0,5,0,1,25
U017876,8,1,5,2,0,0,2,0,17
U017877,12,4,6,3,1,3,1,1,25
U017878,10,0,4,3,0,2,1,0,16
U017879,8,0,4,2,0,4,0,0,17
U017880,14,6,7,8,0,8,2,2,30
U017881,9,1,7,2,0,5,1,1,14
U017882,7,4,7,3,4,7,0,2,21
U017883,10,0,3,2,0,1,1,0,15
U017884,8,0,2,5,0,6,2,2,22
U017885,18,3,5,4,0,3,2,1,38
U017886,14,0,4,0,0,1,0,1,18
U017887,14,0,5,2,1,4,2,3,22
U017888,13,3,7,4,0,6,2,0,30
U017889,17,3,14,3,0,9,1,0,22
U017890,20,4,10,5,0,6,3,1,24
U017891,13,0,3,2,1,4,0,1,16
U017892,17,0,6,1,0,1,0,0,21
U017893,15,1,4,0,1,6,0,3,21
U017894,8,0,2,4,2,8,1,1,20
U017895,25,1,9,2,0,6,3,1,31
U017896,12,1,3,4,0,3,0,1,15
U017897,6,1,3,3,0,6,1,0,19
U017898,17,5,8,7,0,6,2,0,31
U017899,14,5,4,5,0,7,2,0,26
U017900,15,0,6,3,0,6,0,2,15
U017901,11,1,2,5,0,2,2,1,33
U017902,12,1,5,4,5,10,2,0,21
U017903,7,2,4,2,0,9,2,1,19
U017904,26,2,6,4,0,4,1,0,18
U017905,16,6,8,2,0,5,0,1,10
U017906,21,0,8,2,1,12,3,0,28
U017907,6,0,2,4,6,4,2,2,11
U017908,7,0,2,5,1,0,0,0,21
U017909,10,2,3,0,1,8,1,1,19
U017910,12,2,4,4,0,1,3,2,18
U017911,11,1,8,1,0,4,0,1,19
U017912,18,1,4,1,0,8,0,0,20
U017913,9,1,1,1,3,1,0,1,12
U017914,10,4,4,0,0,6,2,1,24
U017915,11,0,5,2,0,4,2,1,20
U017916,15,3,11,5,1,8,0,1,32
U017917,14,5,7,4,0,6,5,0,25
U017918,16,1,6,4,1,4,2,1,20
U017919,16,2,5,1,0,5,0,0,20
U017920,15,1,9,3,3,1,2,0,30
U017921,14,3,5,1,3,6,0,1,22
U017922,19,0,5,1,0,5,1,0,17
U017923,13,1,7,0,1,6,2,0,27
U017924,16,3,7,6,5,4,3,1,13
U017925,16,6,4,0,4,1,0,0,10
U017926,15,6,8,5,0,5,3,0,18
U017927,9,3,4,1,6,3,1,0,17
U017928,13,0,4,7,1,2,0,1,26
U017929,13,1,3,2,0,5,2,0,15
U017930,13,3,6,4,0,10,2,1,23
U017931,18,3,8,4,1,2,1,0,16
U017932,18,2,5,2,0,6,3,1,30
U017933,10,2,5,3,0,4,1,1,25
U017934,13,6,7,2,1,7,0,0,26
U017935,17,5,5,2,0,10,1,1,20
U017936,20,3,8,3,0,5,1,0,21
U017937,17,0,6,5,2,7,4,0,13
U017938,11,7,3,0,2,2,1,0,26
U017939,7,0,4,1,4,2,0,0,13
U017940,10,4,10,3,0,6,0,0,25
U017941,5,0,5,2,0,5,2,0,15
U017942,14,1,3,2,2,4,0,1,20
U017943,12,0,6,2,1,6,2,0,23
U017944,10,3,9,5,1,3,0,0,24
U017945,9,1,6,1,7,7,1,0,9
U017946,7,2,3,4,2,3,1,1,12
U017947,11,0,4,3,3,3,0,0,12
U017948,13,1,4,1,0,4,0,0,22
U017949,12,2,7,2,0,10,2,0,21
U017950,14,1,6,5,0,8,0,0,15
U017951,15,5,7,2,1,4,3,1,21
U017952,18,0,7,4,0,4,0,1,24
U017953,13,1,3,2,7,1,0,1,8
U017954,18,5,12,1,0,10,1,2,29
U017955,17,4,6,8,1,5,3,1,32
U017956,6,3,8,1,3,1,0,1,13
U017957,7,1,3,0,1,4,2,1,6
U017958,14,3,2,5,5,3,0,1,9
U017959,16,2,4,4,0,5,0,2,27
U017960,18,2,13,8,0,7,4,1,29
U017961,11,2,4,5,1,3,0,1,19
U017962,11,5,3,0,1,6,1,0,22
U017963,16,1,11,0,1,6,0,2,30
U017964,14,1,3,3,8,5,3,2,19
U017965,10,5,6,2,0,8,0,0,14
U017966,16,5,9,4,1,10,2,0,27
U017967,13,4,13,5,2,8,4,2,38
U017968,6,0,4,0,2,4,0,0,8
U017969,15,4,7,4,0,3,4,0,23
U017970,9,1,3,3,4,5,0,0,17
U017971,11,1,6,2,0,7,1,1,12
U017972,18,2,3,6,1,4,1,0,24
U017973,10,5,3,3,0,3,0,1,18
U017974,12,2,5,4,2,5,1,1,15
U017975,8,2,2,5,0,5,0,1,16
U017976,9,5,4,1,4,3,0,0,15
U017977,10,1,3,2,3,3,2,1,19
U017978,8,2,7,5,0,4,0,2,15
U017979,10,3,8,3,0,8,0,0,17
U017980,12,4,10,3,1,7,2,2,18
U017981,9,1,6,2,0,3,0,2,19
U017982,17,2,7,2,1,12,4,0,31
U017983,6,1,3,0,0,3,2,2,21
U017984,8,2,1,1,6,1,0,1,8
U017985,19,2,3,5,0,6,0,0,19
U017986,11,0,9,0,2,5,0,0,14
U017987,7,2,6,1,4,4,1,0,30
U017988,5,0,8,0,4,2,0,0,7
U017989,6,0,1,2,4,2,0,1,4
U017990,20,6,8,5,1,11,0,2,31
U017991,3,0,4,2,1,4,0,0,13
U017992,14,2,5,4,0,8,2,1,12
U017993,9,0,3,2,1,7,1,0,13
U017994,5,1,6,3,1,7,0,0,16
U017995,19,3,2,6,0,10,0,2,33
U017996,6,1,6,2,0,4,0,1,23
U017997,11,4,3,4,0,7,1,2,29
U017998,16,1,5,1,0,7,0,2,13
U017999,6,1,4,1,3,2,1,1,14
U018000,12,1,6,5,0,3,4,1,15
U018001,16,6,5,3,1,9,3,1,24
U018002,8,2,8,4,0,4,1,0,21
U018003,18,0,4,2,0,3,0,0,22
U018004,9,0,2,1,0,5,2,1,14
U018005,13,1,4,2,5,5,0,1,13
U018006,10,6,7,5,0,5,1,2,19
U018007,11,1,3,7,0,4,2,0,30
U018008,10,1,6,1,1,6,0,1,19
U018009,6,0,8,1,6,1,0,0,14
U018010,5,0,8,3,1,6,3,0,15
U018011,11,0,5,3,1,2,2,1,20
U018012,11,1,8,1,0,7,1,3,26
U018013,12,0,3,3,1,4,4,2,18
U018014,9,4,6,1,0,5,2,1,12
U018015,9,1,3,2,0,2,2,0,15
U018016,20,6,14,5,2,7,5,1,35
U018017,18,2,4,1,0,3,2,1,17
U018018,12,2,5,0,3,6,1,2,21
U018019,8,0,10,2,0,4,1,0,15
U018020,13,3,6,5,1,5,1,0,16
U018021,19,2,8,5,3,9,2,0,25
U018022,24,5,15,3,0,7,1,0,25
U018023,10,1,3,0,0,1,0,0,12
U018024,11,4,9,1,1,6,3,0,20
U018025,14,3,3,4,0,1,1,1,22
U018026,12,4,14,4,0,4,1,0,20
U018027,19,2,6,3,1,5,1,2,14
U018028,11,4,10,5,0,5,2,1,26
U018029,20,4,7,3,2,4,1,2,22
U018030,13,5,2,4,0,3,0,1,19
U018031,10,2,3,6,0,5,2,1,15
U018032,17,1,8,4,0,10,1,1,40
U018033,15,1,4,3,0,4,0,0,23
U018034,17,5,4,1,0,8,1,0,22
U018035,10,0,7,2,3,2,0,1,13
U018036,16,1,6,1,0,7,1,0,20
U018037,16,0,10,3,0,8,2,1,25
U018038,9,1,2,0,0,5,0,3,25
U018039,14,1,5,1,1,8,1,1,17
U018040,10,4,8,3,1,9,1,1,28
U018041,15,2,4,2,0,6,2,3,19
U018042,6,1,2,3,3,1,0,0,15
U018043,11,2,5,2,3,7,0,1,14
U018044,10,0,4,2,0,6,2,2,17
U018045,10,2,3,2,0,1,2,0,18
U018046,21,7,11,1,0,12,1,0,30
U018047,12,4,6,7,0,1,1,0,17
U018048,14,3,9,3,1,10,3,1,18
U018049,10,0,1,2,0,5,1,0,17
U018050,13,4,7,1,0,10,1,0,25
U018051,12,0,7,5,0,3,1,0,20
U018052,12,1,6,3,0,6,0,0,13
U018053,17,0,2,2,0,4,1,0,16
U018054,11,0,5,2,1,3,2,2,22
U018055,16,1,4,1,1,6,2,1,9
U018056,25,6,5,2,0,8,3,1,23
U018057,16,1,7,3,4,8,0,0,21
U018058,10,0,6,2,3,4,1,0,11
U018059,19,1,4,4,0,3,1,2,12
U018060,5,1,5,1,1,8,1,0,18
U018061,8,3,6,1,4,1,0,1,19
U018062,15,0,7,2,0,7,0,2,14
U018063,12,2,8,5,0,5,4,1,23
U018064,5,4,5,3,0,12,0,3,26
U018065,9,2,5,1,0,6,2,0,16
U018066,5,2,8,2,0,6,1,2,21
U018067,18,4,5,5,4,5,1,0,14
U018068,9,1,7,5,6,7,2,0,17
U018069,13,1,3,7,0,4,1,2,23
U018070,11,0,5,6,0,8,1,0,24
U018071,22,0,5,1,1,7,0,0,21
U018072,10,4,5,0,2,5,0,0,16
U018073,18,4,10,1,1,3,0,1,23
U018074,7,0,6,1,3,2,1,0,10
U018075,11,0,6,2,0,7,2,1,26
U018076,11,1,2,2,4,4,1,0,13
U018077,19,2,5,7,2,6,1,0,20
U018078,5,1,4,3,8,3,0,0,12
U018079,13,4,7,2,0,9,2,2,24
U018080,6,1,3,1,0,2,1,2,17
U018081,9,1,6,3,1,2,1,0,16
U018082,13,4,7,2,1,9,1,0,11
U018083,17,0,0,1,1,7,0,1,14
U018084,13,3,4,3,0,6,0,0,25
U018085,12,5,3,5,0,7,0,0,14
U018086,13,0,8,3,0,2,1,2,24
U018087,9,2,7,4,5,1,1,0,12
U018088,12,0,5,4,1,2,2,0,31
U018089,15,1,2,1,0,3,1,0,13
U018090,6,1,9,2,2,3,2,1,11
U018091,11,0,5,1,0,4,1,4,21
U018092,8,3,5,4,0,7,0,1,35
U018093,9,0,4,0,1,1,0,2,15
U018094,5,0,4,0,4,2,0,2,13
U018095,11,0,5,2,1,3,1,0,19
U018096,22,2,7,1,1,4,2,0,27
U018097,10,3,3,0,3,5,0,0,10
U018098,16,3,7,5,0,5,2,2,34
U018099,16,3,6,3,0,6,3,1,22
U018100,14,1,2,3,0,6,2,1,13
U018101,12,1,3,2,4,2,1,0,14
U018102,11,3,7,5,0,6,2,1,23
U018103,15,1,9,3,0,5,3,1,26
U018104,18,2,7,4,1,3,1,1,28
U018105,15,4,3,7,0,3,3,1,25
U018106,8,2,3,2,0,5,1,3,12
U018107,16,7,7,11,0,7,2,1,25
U018108,11,0,3,1,1,6,1,3,14
U018109,17,3,8,10,0,8,0,1,27
U018110,21,3,5,2,5,7,1,2,21
U018111,11,2,5,4,0,8,3,3,16
U018112,14,1,6,8,0,8,2,0,28
U018113,15,2,15,7,2,6,1,3,29
U018114,15,3,7,5,1,5,2,2,17
U018115,12,0,8,2,0,7,1,2,15
U018116,9,1,5,2,0,2,1,1,18
U018117,20,1,7,2,0,4,1,1,9
U018118,7,2,5,2,2,0,3,2,19
U018119,7,0,6,0,6,3,1,1,14
U018120,6,1,4,3,1,7,0,1,25
U018121,13,0,12,6,0,3,3,3,22
U018122,8,1,6,1,3,4,1,0,14
U018123,11,1,5,5,1,5,1,2,24
U018124,9,4,6,5,6,3,2,0,19
U018125,17,3,7,3,1,5,0,1,23
U018126,10,1,4,3,0,5,1,1,13
U018127,27,7,11,4,0,8,1,3,33
U018128,14,3,10,5,0,10,2,2,14
U018129,23,2,5,3,0,10,1,1,32
U018130,14,2,1,2,0,7,0,0,20
U018131,14,0,4,2,0,5,1,0,16
U018132,9,0,2,3,3,3,0,2,16
U018133,13,1,9,1,6,4,1,2,23
U018134,11,2,5,3,0,6,0,1,26
U018135,9,1,4,2,0,7,1,3,19
U018136,19,2,8,0,1,4,1,1,22
U018137,12,4,8,3,0,5,1,2,20
U018138,7,1,1,2,1,7,1,1,21
U018139,15,2,8,3,0,4,2,1,19
U018140,11,5,4,3,2,10,1,1,16
U018141,7,0,7,1,1,10,1,2,10
U018142,9,4,3,1,0,7,1,1,15
U018143,10,1,8,1,0,5,1,1,8
U018144,13,1,2,3,0,5,0,1,16
U018145,7,0,6,7,0,6,1,1,28
U018146,16,3,7,3,0,5,0,1,31
U018147,9,0,5,7,0,7,2,0,20
U018148,17,2,11,6,0,7,1,0,23
U018149,10,0,7,4,0,5,1,2,14
U018150,23,4,13,4,1,14,1,1,20
U018151,10,3,4,3,1,7,1,1,26
U018152,21,4,6,3,0,9,2,1,19
U018153,15,1,7,3,0,9,1,1,20
U018154,13,1,2,3,0,3,1,1,12
U018155,13,0,4,1,0,9,2,0,16
U018156,13,0,7,5,7,7,0,1,18
U018157,3,0,4,1,1,3,0,1,2
U018158,11,1,5,3,1,4,0,0,13
U018159,14,0,5,2,1,8,1,1,13
U018160,13,5,4,4,0,6,1,0,15
U018161,9,1,7,6,0,5,1,2,15
U018162,19,5,7,3,0,8,0,0,22
U018163,14,3,8,7,1,4,1,1,24
U018164,14,1,10,3,0,8,2,0,16
U018165,9,2,4,3,2,8,2,0,11
U018166,8,1,2,0,0,5,0,0,18
U018167,22,1,7,0,0,3,1,0,20
U018168,10,0,6,1,4,2,1,0,9
U018169,11,4,7,3,2,5,2,2,18
U018170,14,0,2,3,0,5,0,1,21
U018171,10,0,3,3,4,5,2,3,16
U018172,8,1,3,2,1,5,0,1,16
U018173,9,1,5,4,0,4,0,0,28
U018174,14,3,10,0,1,2,0,0,33
U018175,13,1,8,4,0,8,0,1,17
U018176,13,1,6,4,0,6,0,3,21
U018177,11,1,6,3,0,7,1,1,8
U018178,12,1,3,3,2,4,0,1,16
U018179,20,3,13,6,0,3,1,2,30
U018180,15,3,10,6,1,6,4,0,26
U018181,19,2,5,2,2,4,1,2,17
U018182,6,0,3,0,1,2,0,0,5
U018183,9,3,8,4,0,6,2,1,22
U018184,24,8,12,6,0,4,0,0,28
U018185,11,1,4,3,0,4,2,2,10
U018186,24,2,11,6,0,10,1,1,30
U018187,20,1,8,3,1,9,3,0,20
U018188,20,6,8,4,0,14,4,1,31
U018189,16,0,7,4,0,11,2,2,25
U018190,8,2,8,3,0,7,2,1,23
U018191,11,0,5,3,0,1,0,0,16
U018192,14,3,7,3,0,6,1,2,15
U018193,22,4,10,3,0,8,0,0,24
U018194,7,2,1,2,0,2,1,0,19
U018195,26,5,10,3,0,8,0,0,33
U018196,11,0,3,2,0,6,0,1,19
U018197,9,2,6,2,0,6,1,0,22
U018198,2,0,5,3,2,8,1,1,14
U018199,17,2,7,5,0,9,1,2,22
U018200,15,2,7,2,0,9,1,3,33
U018201,11,0,5,6,0,7,0,2,14
U018202,10,1,6,0,3,1,0,0,15
U018203,17,1,8,3,0,6,3,1,22
U018204,15,2,8,2,2,6,0,2,17
U018205,9,0,2,2,3,1,0,1,11
U018206,17,1,10,2,0,4,2,0,21
U018207,17,3,11,3,0,12,2,4,27
U018208,12,0,4,7,0,3,1,0,22
U018209,8,1,7,1,0,3,2,0,16
U018210,14,1,3,6,0,5,1,1,20
U018211,16,1,3,2,0,5,1,1,28
U018212,8,1,5,0,0,4,1,0,11
U018213,8,0,2,2,1,4,1,0,5
U018214,9,0,3,1,0,3,2,2,17
U018215,10,2,7,3,0,5,2,1,22
U018216,8,2,8,3,1,3,2,1,26
U018217,11,1,7,4,1,4,4,0,27
U018218,18,5,9,6,0,6,0,2,25
U018219,17,7,9,2,0,4,1,1,29
U018220,12,3,6,5,0,4,1,0,28
U018221,12,4,5,0,0,3,1,1,23
U018222,13,0,4,3,1,4,1,2,13
U018223,14,3,6,1,0,8,2,0,22
U018224,11,0,1,0,0,1,3,0,17
U018225,9,3,6,5,4,8,0,0,16
U018226,10,2,8,1,0,10,0,0,20
U018227,9,1,6,0,3,3,1,0,11
U018228,18,2,6,3,0,7,4,0,26
U018229,12,0,4,1,0,3,1,0,15
U018230,8,0,5,3,0,6,2,2,13
U018231,10,0,3,4,1,6,3,0,19
U018232,17,6,6,6,0,5,0,0,27
U018233,17,1,15,2,1,7,3,1,32
U018234,13,3,9,7,0,6,1,0,35
U018235,13,9,4,2,0,7,0,0,18
U018236,13,1,5,4,1,3,5,1,29
U018237,21,3,5,2,0,5,1,0,35
U018238,11,1,9,1,1,8,0,2,25
U018239,12,1,9,1,6,12,3,1,24
U018240,11,0,2,1,1,4,0,2,18
U018241,19,7,6,1,0,4,1,3,21
U018242,13,0,5,1,1,7,0,3,15
U018243,10,0,7,1,0,2,1,2,21
U018244,8,1,4,1,5,4,0,1,21
U018245,16,5,6,8,0,9,0,0,30
U018246,18,3,11,7,0,7,1,2,32
U018247,12,1,11,3,0,6,0,1,28
U018248,12,1,2,3,0,4,1,0,13
U018249,6,0,5,1,2,6,0,0,15
U018250,22,3,12,2,2,8,2,3,23
U018251,19,0,4,2,0,7,2,2,27
U018252,10,0,9,1,0,4,0,0,8
U018253,7,1,2,0,4,6,0,1,14
U018254,6,2,6,2,2,4,1,0,20
U018255,13,1,3,1,0,5,1,0,19
U018256,7,1,7,7,0,9,2,1,23
U018257,10,5,3,2,3,3,2,0,21
U018258,6,1,5,1,0,4,1,0,12
U018259,13,1,4,4,1,0,3,2,14
U018260,13,1,3,0,0,5,2,0,10
U018261,6,5,7,5,0,8,0,0,24
U018262,17,7,1,4,0,3,3,0,27
U018263,15,0,6,3,0,10,0,0,12
U018264,12,3,5,3,2,1,1,0,17
U018265,8,3,2,3,0,5,2,0,20
U018266,6,4,5,2,5,5,1,3,24
U018267,10,1,4,1,4,5,2,0,8
U018268,9,1,6,4,1,3,1,1,22
U018269,12,5,7,6,0,7,3,3,32
U018270,14,2,6,2,2,4,0,1,24
U018271,18,2,4,5,1,8,1,0,16
U018272,13,1,4,2,0,6,1,1,23
U018273,9,0,2,5,0,3,0,3,20
U018274,13,1,4,3,0,8,0,0,15
U018275,12,0,9,1,1,4,3,3,24
U018276,12,1,1,1,0,6,0,2,18
U018277,13,0,12,2,0,6,6,0,20
U018278,9,0,6,2,1,4,0,1,18
U018279,18,1,7,5,0,6,1,1,29
U018280,13,6,8,2,0,8,0,0,21
U018281,13,3,10,4,0,5,2,0,23
U018282,10,4,2,3,0,6,1,2,16
U018283,8,1,2,1,2,7,0,0,19
U018284,11,0,6,4,7,2,1,0,15
U018285,13,2,6,4,1,9,1,0,23
U018286,12,3,7,3,0,6,1,5,18
U018287,21,2,11,0,0,10,1,0,20
U018288,19,2,7,3,2,5,1,2,24
U018289,11,6,10,2,0,9,2,2,29
U018290,13,0,2,2,0,4,1,1,11
U018291,19,3,8,1,0,6,1,2,21
U018292,16,5,9,1,3,6,1,0,21
U018293,18,4,9,2,1,10,1,3,25
U018294,10,0,3,3,3,2,0,2,14
U018295,14,1,7,3,2,2,2,0,28
U018296,11,4,4,0,1,5,1,0,24
U018297,21,1,5,2,0,9,2,1,20
U018298,7,0,6,5,0,4,3,0,11
U018299,15,4,6,2,0,2,2,1,17
U018300,12,0,3,2,0,0,0,1,14
U018301,15,5,9,8,0,10,2,0,31
U018302,16,3,4,1,1,5,1,1,27
U018303,12,1,5,0,0,8,1,1,21
U018304,15,2,5,2,0,10,0,0,26
U018305,15,1,3,3,1,3,3,1,16
U018306,8,2,2,0,6,5,0,0,16
U018307,17,2,6,6,1,4,2,1,21
U018308,11,4,4,4,0,3,2,2,16
U018309,8,2,3,4,0,10,0,1,14
U018310,13,0,7,4,1,8,0,1,13
U018311,10,3,3,4,1,6,0,2,28
U018312,16,1,10,6,0,6,1,2,21
U018313,21,4,11,1,1,9,2,0,22
U018314,8,1,3,1,0,6,1,1,17
U018315,10,4,8,5,0,12,1,0,32
U018316,9,0,5,4,0,1,0,2,14
U018317,7,2,1,4,4,4,0,1,15
U018318,14,4,5,2,0,2,2,0,23
U018319,8,1,5,1,5,3,1,1,14
U018320,11,2,6,1,0,2,1,0,17
U018321,14,5,7,4,0,9,1,2,26
U018322,11,1,2,5,1,5,0,1,21
U018323,16,8,5,2,0,8,1,1,34
U018324,6,0,4,1,0,4,0,1,20
U018325,16,2,4,2,2,3,0,0,17
U018326,19,4,12,3,0,6,3,1,33
U018327,10,2,4,2,1,4,2,0,10
U018328,10,3,3,3,1,8,1,1,15
U018329,6,4,5,3,0,5,3,1,19
U018330,16,1,11,2,2,8,0,1,19
U018331,12,1,3,2,0,4,2,2,17
U018332,8,1,4,3,1,4,0,0,12
U018333,16,1,2,1,0,0,1,1,18
U018334,26,2,7,4,0,6,4,3,24
U018335,13,5,4,3,0,7,0,1,16
U018336,17,2,4,5,5,6,3,0,18
U018337,11,3,5,2,5,4,0,1,24
U018338,14,2,6,1,1,7,2,1,26
U018339,23,2,4,2,1,6,0,1,17
U018340,10,2,6,2,1,10,1,0,20
U018341,21,1,6,3,6,4,2,0,20
U018342,18,2,7,4,0,6,2,0,24
U018343,13,1,5,2,3,6,1,1,21
U018344,10,3,9,2,0,13,3,3,23
U018345,15,1,3,3,1,3,3,5,17
U018346,14,3,5,2,0,6,0,1,19
U018347,12,3,7,7,1,7,0,0,27
U018348,19,2,5,4,0,7,0,0,23
U018349,21,6,9,4,0,10,2,2,24
U018350,11,3,7,4,0,6,0,1,13
U018351,9,0,2,1,1,3,0,1,24
U018352,13,3,6,2,2,5,1,0,29
U018353,9,2,7,1,2,7,0,0,18
U018354,20,3,3,2,0,7,2,0,13
U018355,11,4,10,8,0,6,1,3,18
U018356,11,0,3,2,0,7,0,0,18
U018357,16,2,3,3,0,2,2,1,15
U018358,16,3,7,3,1,5,1,2,23
U018359,19,0,4,3,0,2,1,3,22
U018360,7,0,4,2,4,4,0,0,16
U018361,15,3,8,3,2,4,0,1,16
U018362,9,3,3,1,0,1,0,2,30
U018363,8,0,6,4,0,3,0,0,10
U018364,8,4,9,4,0,7,0,0,22
U018365,16,1,5,3,0,2,0,0,13
U018366,6,0,1,1,3,2,1,0,14
U018367,5,0,3,5,0,6,0,4,10
U018368,12,3,8,1,0,1,0,0,18
U018369,4,1,6,1,1,5,1,0,18
U018370,16,5,3,1,0,5,1,0,14
U018371,13,1,5,3,5,5,1,1,22
U018372,13,0,10,2,2,5,0,0,17
U018373,21,2,7,3,0,7,3,0,31
U018374,10,2,10,3,4,1,0,1,19
U018375,11,1,6,1,1,1,2,2,14
U018376,9,1,2,3,3,7,1,0,12
U018377,14,2,3,2,8,5,1,1,22
U018378,12,2,6,6,0,12,0,1,16
U018379,16,1,6,1,0,1,1,0,11
U018380,14,1,9,1,1,4,2,1,11
U018381,10,3,6,3,2,5,1,0,36
U018382,10,2,4,3,0,6,1,0,16
U018383,15,0,7,1,0,1,1,0,9
U018384,5,0,1,1,6,7,0,0,13
U018385,13,0,5,2,0,6,0,2,12
U018386,11,4,11,4,0,5,3,1,21
U018387,13,1,3,1,1,5,0,2,24
U018388,11,3,8,3,0,2,2,3,15
U018389,5,3,10,2,0,2,0,1,23
U018390,13,2,7,4,0,6,6,2,12
U018391,4,1,4,3,3,2,0,0,15
U018392,16,0,5,1,0,2,1,1,20
U018393,23,2,9,4,0,6,0,1,16
U018394,8,3,4,3,1,7,1,0,13
U018395,17,5,7,2,1,6,3,2,30
U018396,4,0,4,0,2,5,0,3,15
U018397,12,1,8,1,0,3,0,1,15
U018398,12,4,5,3,3,6,2,1,16
U018399,16,1,8,6,2,5,2,2,26
U018400,16,1,5,4,3,6,2,1,23
U018401,17,3,7,4,0,3,2,4,20
U018402,10,2,11,2,1,7,2,0,14
U018403,21,3,7,3,0,3,0,1,15
U018404,18,0,6,1,1,3,3,0,21
U018405,7,1,6,1,0,6,0,0,24
U018406,20,1,5,5,0,6,4,0,16
U018407,16,3,6,4,1,8,0,1,20
U018408,12,0,5,2,0,5,1,1,21
U018409,7,1,6,1,1,4,2,0,18
U018410,12,3,9,2,0,2,0,0,19
U018411,20,1,6,9,0,9,0,1,25
U018412,11,2,1,6,0,7,0,0,24
U018413,10,4,6,1,0,8,3,2,24
U018414,15,4,6,3,0,9,2,3,31
U018415,19,2,7,3,1,3,1,1,14
U018416,12,0,5,2,0,6,2,2,18
U018417,11,5,9,2,1,6,2,1,27
U018418,17,5,2,2,0,8,3,1,29
U018419,26,4,8,7,0,6,1,2,22
U018420,16,5,8,6,0,7,0,2,14
U018421,19,2,4,2,0,5,0,2,22
U018422,15,3,7,5,0,5,3,1,27
U018423,9,0,4,0,1,4,4,1,17
U018424,18,1,1,2,0,2,0,0,13
U018425,15,0,1,5,3,3,2,0,9
U018426,17,2,10,3,0,6,0,1,30
U018427,10,2,8,9,0,5,3,0,20
U018428,14,1,7,2,1,2,2,1,15
U018429,8,4,3,5,0,5,2,1,25
U018430,15,3,13,9,0,12,4,2,21
U018431,7,0,6,2,3,5,1,0,15
U018432,8,1,0,4,0,5,4,0,20
U018433,19,4,11,3,1,4,2,0,25
U018434,13,3,2,1,0,8,0,0,23
U018435,15,2,5,2,0,6,1,4,24
U018436,10,2,2,1,2,6,3,0,23
U018437,11,2,5,3,1,3,2,2,20
U018438,9,2,5,3,0,6,0,0,17
U018439,12,1,2,4,4,0,2,0,8
U018440,20,2,10,2,0,4,0,1,30
U018441,10,1,3,3,1,8,0,2,15
U018442,18,3,5,6,3,3,2,1,20
U018443,11,7,7,5,0,7,1,1,41
U018444,11,1,6,1,0,3,1,1,16
U018445,21,0,7,1,2,8,2,1,16
U018446,13,4,8,2,0,7,1,0,35
U018447,20,1,4,3,0,6,1,1,21
U018448,13,6,7,3,1,8,1,1,23
U018449,13,5,13,2,0,6,0,1,33
U018450,10,2,1,4,2,2,3,0,16
U018451,8,3,8,3,1,14,2,2,22
U018452,7,3,7,4,2,3,0,1,9
U018453,14,3,6,4,1,8,1,0,31
U018454,10,0,9,2,0,9,1,1,17
U018455,9,4,4,2,4,1,1,0,9
U018456,12,0,6,5,0,6,0,2,9
U018457,13,2,10,3,0,8,2,2,21
U018458,14,2,7,3,0,6,3,2,20
U018459,10,0,4,1,0,4,1,1,10
U018460,19,1,6,4,0,4,1,2,15
U018461,7,0,3,2,4,2,2,0,6
U018462,21,5,3,1,0,7,1,2,24
U018463,10,6,3,5,1,6,3,1,19
U018464,17,3,3,4,0,5,1,0,15
U018465,12,0,4,1,2,6,1,2,16
U018466,23,6,5,3,2,8,1,3,42
U018467,8,2,7,2,5,6,3,0,19
U018468,11,5,7,4,0,7,1,2,22
U018469,16,4,7,2,0,11,1,2,28
U018470,12,1,7,0,0,5,1,1,24
U018471,15,5,5,3,0,7,1,1,22
U018472,4,1,5,1,0,5,1,3,20
U018473,14,2,10,3,0,5,1,0,27
U018474,9,1,6,3,0,5,2,0,13
U018475,16,4,3,3,2,6,1,2,19
U018476,12,3,6,3,6,5,2,0,30
U018477,9,0,3,1,0,3,1,0,25
U018478,11,1,3,2,0,3,1,2,15
U018479,13,2,5,6,1,5,2,0,22
U018480,7,1,3,2,2,1,0,0,7
U018481,20,1,11,4,0,2,0,2,19
U018482,17,3,12,5,0,6,1,3,34
U018483,14,4,10,4,0,4,1,0,20
U018484,19,0,2,7,0,6,2,0,23
U018485,16,3,10,2,1,10,0,0,32
U018486,11,1,6,1,0,2,3,0,18
U018487,12,5,7,3,1,7,1,0,21
U018488,15,3,5,5,0,8,0,2,17
U018489,18,4,6,3,1,5,2,2,27
U018490,20,2,7,6,0,9,3,0,26
U018491,20,2,8,2,0,7,1,0,19
U018492,10,3,7,3,2,6,2,1,14
U018493,22,8,7,3,1,12,0,0,27
U018494,10,1,5,3,0,6,3,1,19
U018495,16,4,4,5,4,5,1,1,21
U018496,12,1,8,4,0,9,1,1,20
U018497,15,3,6,3,4,3,5,2,31
U018498,13,3,8,4,1,12,4,1,30
U018499,3,3,6,4,0,5,2,1,28
U018500,14,6,5,4,1,2,6,2,23
U018501,9,2,2,2,1,6,0,1,14
U018502,4,0,8,3,4,6,1,2,10
U018503,13,3,6,4,0,1,2,1,22
U018504,6,0,4,3,0,5,1,1,15
U018505,11,4,5,2,0,7,1,1,19
U018506,12,2,5,3,0,9,1,1,24
U018507,11,0,4,0,0,6,0,1,15
U018508,14,0,8,3,0,6,1,0,16
U018509,11,8,6,3,1,8,0,1,26
U018510,16,6,9,4,1,5,1,0,30
U018511,16,0,6,2,0,6,0,0,20
U018512,15,4,4,1,0,4,1,0,25
U018513,8,0,4,2,1,3,1,3,13
U018514,9,3,3,3,2,8,2,2,13
U018515,14,0,9,5,0,1,0,2,18
U018516,6,1,4,4,3,5,1,0,14
U018517,6,1,6,1,4,4,3,0,13
U018518,22,5,2,1,0,4,3,1,24
U018519,7,3,3,12,0,6,1,2,18
U018520,7,1,2,3,1,5,1,1,12
U018521,20,1,8,4,0,4,2,1,23
U018522,8,4,3,1,0,7,2,0,17
U018523,11,6,5,2,0,6,1,2,21
U018524,11,0,4,2,0,7,3,0,16
U018525,17,2,10,3,0,3,0,4,11
U018526,9,0,9,3,1,4,0,2,16
U018527,18,0,3,2,1,5,2,0,35
U018528,25,4,10,9,0,16,2,3,31
U018529,14,3,6,0,1,7,1,0,29
U018530,18,2,6,1,0,6,1,0,21
U018531,26,2,8,2,7,8,0,0,24
U018532,17,0,5,3,0,6,0,1,22
U018533,14,1,7,2,0,6,2,0,10
U018534,9,1,10,2,8,5,2,0,19
U018535,16,0,6,2,0,5,2,0,23
U018536,13,3,11,5,2,3,0,1,31
U018537,7,0,3,1,3,1,0,1,14
U018538,10,1,7,5,0,5,2,0,24
U018539,12,1,5,2,0,4,0,3,16
U018540,9,5,6,3,0,6,1,0,29
U018541,12,3,8,4,1,6,0,1,26
U018542,8,1,4,4,0,2,1,0,20
U018543,14,1,7,5,1,5,1,2,29
U018544,8,0,4,2,1,8,1,1,13
U018545,16,2,9,2,0,7,1,0,31
U018546,17,0,2,2,1,4,0,2,15
U018547,9,0,4,1,0,5,0,1,14
U018548,9,0,5,2,2,2,0,1,14
U018549,14,5,7,3,1,6,0,0,23
U018550,13,1,8,4,2,3,1,0,15
U018551,13,2,6,10,0,5,2,0,22
U018552,19,4,4,0,0,6,0,0,17
U018553,15,3,4,1,1,9,0,0,20
U018554,14,4,8,0,0,7,2,2,27
U018555,17,3,2,6,1,5,1,3,19
U018556,13,1,3,4,0,7,0,0,16
U018557,10,0,4,4,0,3,0,2,22
U018558,13,1,5,2,0,3,1,0,18
U018559,12,0,3,4,2,8,1,0,14
U018560,9,2,5,3,6,6,0,0,16
U018561,5,3,9,4,7,3,1,1,19
U018562,12,2,2,2,0,7,0,0,20
U018563,10,1,9,0,1,4,0,2,18
U018564,11,3,2,2,1,6,0,1,16
U018565,18,1,7,2,0,2,0,0,13
U018566,20,3,9,3,0,7,3,1,29
U018567,11,0,6,6,1,5,1,0,25
U018568,10,1,6,4,0,3,3,0,14
U018569,12,1,5,2,0,2,0,1,28
U018570,9,1,3,3,3,1,0,1,21
U018571,13,3,8,7,0,8,2,2,18
U018572,25,4,6,1,2,3,2,0,18
U018573,15,2,7,5,0,9,0,0,39
U018574,7,0,7,1,0,3,0,0,12
U018575,11,0,6,2,1,6,1,0,14
U018576,22,2,7,6,2,1,2,0,27
U018577,6,0,2,4,0,7,3,0,18
U018578,11,0,2,3,4,2,3,0,13
U018579,19,4,10,4,0,12,0,0,25
U018580,11,0,4,0,0,4,2,1,21
U018581,11,4,6,4,0,3,4,3,17
U018582,26,3,8,6,0,12,0,1,24
U018583,8,2,3,3,1,4,2,1,20
U018584,13,3,3,0,2,7,2,1,14
U018585,14,1,3,5,0,4,0,0,26
U018586,24,5,6,1,1,9,2,1,34
U018587,9,3,2,5,0,5,2,1,17
U018588,16,3,6,3,0,4,3,1,19
U018589,12,2,1,3,5,3,0,0,17
U018590,8,4,2,1,6,8,0,0,9
U018591,16,7,7,2,0,8,1,2,26
U018592,9,1,4,2,2,3,0,0,9
U018593,15,1,5,1,0,6,1,1,15
U018594,18,3,9,0,1,11,3,0,30
U018595,12,2,6,4,0,3,0,0,15
U018596,12,1,3,4,1,1,1,0,15
U018597,11,0,3,4,0,3,1,2,13
U018598,17,5,5,2,0,11,0,1,21
U018599,8,2,4,1,0,5,0,0,18
U018600,13,0,7,2,3,3,2,0,16
U018601,14,0,6,4,6,2,5,0,36
U018602,14,2,7,1,3,5,0,0,12
U018603,10,2,6,3,0,4,2,0,20
U018604,11,1,8,1,0,4,2,1,22
U018605,9,1,7,1,1,7,2,1,15
U018606,18,1,5,9,0,10,1,1,16
U018607,16,0,4,3,1,7,0,1,15
U018608,16,3,12,1,0,8,2,3,35
U018609,13,3,3,3,0,6,0,0,23
U018610,9,0,3,1,3,6,0,3,12
U018611,13,0,5,2,1,5,3,2,24
U018612,9,6,8,8,0,1,1,0,25
U018613,9,0,8,2,3,4,1,0,13
U018614,14,0,3,2,0,6,4,3,26
U018615,16,1,7,5,0,10,0,0,24
U018616,10,0,3,2,1,8,0,1,16
U018617,14,6,8,5,0,9,0,2,35
U018618,11,4,6,3,1,8,0,1,24
U018619,9,0,5,3,0,7,0,1,11
U018620,11,5,6,8,0,6,1,0,16
U018621,19,4,11,3,0,13,0,1,35
U018622,12,1,8,3,0,10,2,0,28
U018623,6,0,3,0,0,5,0,2,15
U018624,20,2,10,9,8,3,2,1,23
U018625,15,0,4,4,1,4,0,1,23
U018626,16,5,4,6,0,3,3,2,28
U018627,20,8,3,5,0,10,1,0,12
U018628,7,4,6,3,7,9,1,2,12
U018629,10,2,3,3,5,2,0,2,16
U018630,10,5,11,3,5,7,0,0,16
U018631,11,3,8,3,0,4,1,1,31
U018632,13,1,6,3,0,2,2,1,25
U018633,13,1,10,2,0,4,2,0,21
U018634,15,1,9,3,1,8,2,2,25
U018635,12,2,0,1,1,2,2,1,19
U018636,11,1,6,2,5,11,2,0,15
U018637,17,1,8,2,1,7,2,1,28
U018638,17,2,2,1,2,11,2,1,24
U018639,17,4,5,3,0,4,1,1,22
U018640,21,6,5,2,0,8,1,1,24
U018641,9,1,5,4,0,4,2,2,19
U018642,15,2,10,6,2,8,1,1,23
U018643,12,1,2,1,1,5,0,1,10
U018644,20,2,6,3,0,11,1,1,22
U018645,11,3,4,4,0,8,0,2,16
U018646,14,2,8,6,1,5,3,1,18
U018647,7,0,7,4,2,5,0,2,22
U018648,10,2,5,3,0,7,1,0,19
U018649,11,2,10,3,1,8,3,0,12
U018650,14,4,12,3,0,7,0,1,32
U018651,15,5,7,1,0,6,2,2,20
U018652,13,7,2,1,1,12,0,1,16
U018653,16,3,6,3,6,5,0,0,22
U018654,21,3,4,8,1,6,4,2,24
U018655,12,1,3,4,0,5,0,0,11
U018656,16,2,6,5,0,11,4,0,29
U018657,13,2,6,4,0,8,3,2,18
U018658,16,0,4,0,1,2,1,1,8
U018659,5,1,6,3,4,8,0,0,14
U018660,10,1,6,2,0,3,0,3,12
U018661,10,0,5,6,0,6,0,3,13
U018662,20,4,3,5,0,13,2,2,29
U018663,26,4,7,0,0,6,1,0,39
U018664,13,4,11,3,1,4,0,0,28
U018665,20,5,7,6,0,6,0,1,42
U018666,16,1,0,3,0,4,0,1,14
U018667,14,0,4,1,0,3,1,1,22
U018668,11,0,6,2,0,1,0,1,16
U018669,11,1,2,1,0,4,2,0,20
U018670,8,4,6,3,2,2,0,3,13
U018671,8,1,8,2,0,5,3,0,22
U018672,8,0,7,2,7,6,2,0,7
U018673,12,3,5,2,0,8,0,2,32
U018674,13,3,11,5,0,9,0,0,37
U018675,12,0,7,0,0,6,0,1,20
U018676,10,3,1,3,5,5,2,1,16
U018677,14,1,2,3,0,5,2,1,23
U018678,12,4,7,4,1,5,0,0,26
U018679,4,0,2,2,0,2,2,0,17
U018680,9,3,2,2,2,2,0,1,30
U018681,7,1,3,0,4,3,1,0,17
U018682,7,2,5,1,2,3,3,1,14
U018683,11,2,4,2,0,3,1,0,20
U018684,13,1,5,0,1,4,1,1,21
U018685,7,0,4,1,0,5,0,0,26
U018686,8,0,3,6,0,4,1,2,9
U018687,14,2,10,5,0,12,0,1,26
U018688,13,5,4,4,1,8,2,0,25
U018689,10,4,8,4,2,5,0,0,28
U018690,4,1,5,2,0,3,0,1,21
U018691,11,2,8,1,1,8,2,2,24
U018692,8,0,4,1,2,4,0,1,21
U018693,21,3,6,4,0,9,2,3,28
U018694,14,0,3,3,1,8,3,0,24
U018695,16,2,3,3,0,4,3,2,24
U018696,21,2,3,4,1,9,2,0,20
U018697,9,6,11,5,1,2,1,1,39
U018698,13,4,5,3,1,7,2,2,18
U018699,15,1,5,2,2,2,1,0,15
U018700,9,3,2,3,3,1,0,1,5
U018701,16,3,10,2,1,3,1,2,26
U018702,18,4,4,2,0,3,3,1,15
U018703,23,3,4,5,1,6,3,0,18
U018704,20,4,4,6,1,14,2,1,24
U018705,10,0,6,1,0,7,5,1,17
U018706,9,5,5,7,4,7,1,0,25
U018707,8,4,10,2,0,8,3,1,22
U018708,17,3,6,5,0,5,0,0,22
U018709,12,0,5,5,1,7,1,0,13
U018710,15,1,4,3,0,7,0,1,18
U018711,8,0,3,0,0,5,2,0,12
U018712,13,0,3,4,0,7,1,1,17
U018713,15,4,3,3,0,9,4,3,20
U018714,12,1,7,2,0,4,3,0,21
U018715,7,2,8,2,0,7,0,0,12
U018716,12,3,8,1,1,2,1,3,16
U018717,11,1,5,7,0,4,2,1,24
U018718,12,3,3,4,1,13,4,1,24
U018719,14,4,11,5,1,2,0,0,25
U018720,16,2,5,1,1,4,0,2,17
U018721,9,1,4,2,0,2,1,1,14
U018722,16,4,11,2,0,6,1,1,23
U018723,7,3,7,0,0,5,1,1,26
U018724,11,3,5,3,0,9,0,0,19
U018725,9,4,5,4,6,1,1,1,16
U018726,6,2,6,2,5,5,1,1,16
U018727,13,2,6,3,3,9,4,0,23
U018728,14,10,7,2,0,8,0,1,32
U018729,10,1,3,2,4,2,0,0,7
U018730,9,7,4,3,1,11,2,0,32
U018731,21,4,9,4,0,12,2,2,21
U018732,12,1,3,2,1,4,0,0,11
U018733,20,3,6,5,0,11,0,2,24
U018734,11,0,3,1,1,5,0,0,17
U018735,11,2,6,3,0,1,3,0,23
U018736,13,5,8,7,0,3,2,0,24
U018737,5,0,3,4,0,6,0,1,11
U018738,11,3,2,4,0,3,2,0,16
U018739,19,1,7,5,0,9,1,1,32
U018740,9,1,8,1,3,3,0,0,16
U018741,15,3,4,4,0,4,0,0,20
U018742,13,2,4,3,2,3,1,1,16
U018743,10,1,5,4,0,3,1,2,21
U018744,22,2,8,2,0,8,1,1,25
U018745,18,2,4,3,0,4,0,2,21
U018746,15,3,6,4,0,4,0,1,16
U018747,9,0,4,2,0,6,1,2,5
U018748,12,2,2,2,2,6,1,0,17
U018749,21,3,9,4,0,8,1,1,11
U018750,15,0,0,4,0,5,0,2,18
U018751,10,1,8,4,0,7,1,2,17
U018752,16,3,12,2,0,4,0,0,15
U018753,12,1,5,1,0,6,0,2,19
U018754,9,0,6,6,1,4,0,0,21
U018755,7,1,3,1,0,3,0,0,14
U018756,8,0,2,2,0,3,0,1,19
U018757,13,3,3,2,1,6,0,0,17
U018758,16,3,13,7,1,5,3,1,21
U018759,9,4,9,4,1,5,0,1,23
U018760,9,1,1,1,2,4,1,1,5
U018761,10,1,5,2,0,3,0,2,19
U018762,13,2,4,3,3,9,1,0,11
U018763,17,6,7,4,0,4,1,3,24
U018764,10,3,6,3,1,9,0,2,19
U018765,12,3,4,4,2,6,1,1,22
U018766,13,2,5,4,0,4,1,4,18
U018767,12,3,4,1,0,5,1,1,19
U018768,10,0,5,3,0,4,0,1,23
U018769,10,0,5,1,0,4,1,0,18
U018770,11,4,5,3,1,5,1,1,24
U018771,11,0,2,2,1,6,1,0,14
U018772,12,0,3,2,3,5,0,0,23
U018773,12,1,4,3,0,5,1,0,11
U018774,14,0,10,4,0,4,1,0,19
U018775,20,0,3,2,1,5,0,0,15
U018776,15,5,2,2,0,3,1,0,21
U018777,12,3,4,2,0,4,2,0,27
U018778,21,2,11,3,1,10,2,1,25
U018779,6,0,1,3,4,2,0,0,10
U018780,12,3,9,3,1,6,2,1,18
U018781,12,3,1,0,0,6,1,0,20
U018782,11,0,3,5,0,2,1,2,20
U018783,15,6,12,5,0,14,3,2,31
U018784,20,3,3,1,0,5,0,1,30
U018785,14,5,4,3,1,6,1,2,18
U018786,14,0,6,1,0,10,2,3,19
U018787,10,4,8,1,0,6,2,0,21
U018788,10,1,8,2,0,3,0,1,19
U018789,11,1,8,1,1,8,1,1,25
U018790,14,2,7,2,0,5,2,1,15
U018791,1,3,5,0,4,4,2,0,10
U018792,15,1,8,1,0,6,2,0,25
U018793,10,1,4,4,0,0,0,1,14
U018794,11,3,7,0,0,6,2,0,22
U018795,16,4,5,2,0,6,1,2,16
U018796,16,4,10,1,0,6,1,2,28
U018797,8,1,3,4,3,2,0,0,13
U018798,13,6,10,4,0,5,2,2,17
U018799,5,0,2,1,3,6,0,0,17
U018800,12,4,10,5,1,6,0,0,18
U018801,14,1,7,7,1,5,0,1,18
U018802,16,1,8,3,0,4,0,0,26
U018803,14,4,6,4,0,10,1,0,25
U018804,14,1,7,2,0,4,0,0,17
U018805,24,2,5,0,0,11,2,0,23
U018806,8,1,3,2,1,7,2,1,11
U018807,19,2,12,3,0,11,2,0,15
U018808,5,2,7,2,4,5,0,2,22
U018809,11,1,6,5,3,6,1,0,13
U018810,21,2,7,2,0,7,0,1,35
U018811,12,0,5,1,0,1,1,2,18
U018812,11,1,4,0,0,6,0,1,13
U018813,9,3,7,4,0,10,2,3,23
U018814,9,0,3,1,0,4,1,0,18
U018815,12,0,4,4,1,13,0,1,16
U018816,17,2,9,5,1,13,1,1,21
U018817,17,3,2,5,1,6,1,2,23
U018818,14,1,6,2,0,7,1,0,18
U018819,17,5,4,2,0,3,0,1,34
U018820,9,0,3,3,0,3,0,0,18
U018821,6,1,2,1,2,4,0,0,12
U018822,17,3,5,7,0,3,2,3,29
U018823,20,4,6,2,0,5,3,1,32
U018824,7,1,6,0,0,5,5,2,15
U018825,11,0,5,3,0,4,0,1,15
U018826,9,0,1,2,0,2,2,0,21
U018827,15,4,6,1,0,14,1,0,26
U018828,16,4,5,3,0,5,1,0,21
U018829,10,5,7,0,0,5,1,4,18
U018830,12,0,3,0,0,4,1,1,13
U018831,10,2,5,2,2,4,0,1,18
U018832,12,0,5,2,4,3,0,1,17
U018833,7,1,5,1,1,2,1,2,14
U018834,16,2,6,1,0,7,1,2,14
U018835,11,2,4,3,0,2,0,0,26
U018836,9,2,1,3,0,4,2,0,17
U018837,10,1,2,1,2,3,0,0,19
U018838,14,0,6,6,0,6,2,0,27
U018839,14,2,8,4,1,6,2,2,28
U018840,20,6,5,5,0,6,3,1,24
U018841,11,1,4,3,3,5,1,2,16
U018842,8,0,2,2,1,4,2,0,9
U018843,8,2,3,3,2,4,0,1,11
U018844,20,4,2,3,1,6,1,3,25
U018845,12,1,7,3,0,10,1,0,33
U018846,13,2,1,4,3,5,1,2,16
U018847,7,0,6,1,4,3,1,3,15
U018848,10,0,5,1,2,1,1,1,11
U018849,15,1,6,9,1,9,3,2,19
U018850,11,0,2,1,1,6,1,0,15
U018851,16,5,10,4,1,14,0,0,21
U018852,18,3,8,5,1,10,2,0,24
U018853,15,0,6,6,0,5,0,0,15
U018854,14,2,3,1,1,2,1,3,14
U018855,13,0,7,3,1,4,2,0,25
U018856,14,4,9,2,3,2,1,2,11
U018857,7,2,6,4,1,11,2,0,25
U018858,20,3,10,2,0,8,3,1,22
U018859,13,0,5,4,0,4,2,2,19
U018860,10,0,1,1,3,3,2,0,10
U018861,9,3,6,7,1,10,0,0,13
U018862,15,2,10,8,0,2,1,1,26
U018863,9,3,2,2,1,5,3,0,11
U018864,11,2,2,0,2,5,0,2,11
U018865,14,2,6,1,0,4,1,1,16
U018866,16,0,5,1,0,4,1,1,11
U018867,5,1,5,7,4,4,2,2,20
U018868,15,4,5,4,0,12,2,0,21
U018869,18,4,10,1,0,10,1,1,14
U018870,5,0,6,5,0,8,0,1,18
U018871,9,2,2,0,1,3,0,4,15
U018872,12,0,5,6,0,3,0,0,18
U018873,17,7,9,3,1,3,1,2,15
U018874,15,2,3,4,1,5,5,0,22
U018875,10,4,9,1,0,8,1,1,19
U018876,5,1,4,3,2,2,0,2,12
U018877,14,6,3,3,0,8,2,2,11
U018878,23,5,3,2,1,3,2,0,22
U018879,10,1,8,2,0,8,2,1,18
U018880,10,2,2,2,0,7,1,0,12
U018881,19,0,8,3,0,4,1,2,7
U018882,17,0,3,5,0,4,1,2,26
U018883,23,2,8,2,0,3,0,0,24
U018884,22,2,3,4,0,4,2,1,22
U018885,16,1,3,4,2,3,2,0,14
U018886,9,1,7,1,0,3,1,1,30
U018887,16,4,1,5,1,2,3,0,22
U018888,15,2,6,5,2,5,5,0,21
U018889,7,0,1,4,0,5,1,1,17
U018890,14,4,6,2,0,9,1,3,20
U018891,7,1,3,1,0,4,2,0,24
U018892,13,1,5,6,3,5,0,0,19
U018893,16,1,4,2,0,3,3,0,24
U018894,6,2,2,0,0,9,2,2,17
U018895,15,1,7,3,0,10,0,0,31
U018896,18,3,11,2,4,5,0,1,15
U018897,24,4,8,2,0,7,3,2,24
U018898,13,3,9,4,0,7,0,2,23
U018899,15,1,9,4,1,11,3,0,7
U018900,17,4,5,7,1,9,1,2,25
U018901,19,2,4,0,6,8,2,1,15
U018902,17,0,4,1,1,5,4,1,14
U018903,17,0,8,7,0,10,1,0,22
U018904,22,3,5,4,1,7,4,1,21
U018905,21,10,10,5,0,6,3,1,27
U018906,20,2,8,9,0,4,0,1,33
U018907,13,2,8,8,7,6,2,0,22
U018908,18,5,6,1,1,3,2,0,26
U018909,15,2,7,3,0,3,1,0,22
U018910,4,0,6,0,1,4,0,1,10
U018911,8,1,7,3,0,2,0,0,13
U018912,17,4,11,3,0,13,0,2,33
U018913,7,1,5,3,0,6,0,1,12
U018914,13,8,3,3,0,2,1,0,20
U018915,14,5,8,3,1,10,3,3,20
U018916,14,5,11,6,0,10,2,1,30
U018917,18,6,7,5,2,6,2,0,23
U018918,18,3,6,6,1,7,3,0,19
U018919,15,3,7,3,0,7,0,1,26
U018920,20,4,8,2,2,11,1,0,28
U018921,7,3,4,0,0,4,0,0,15
U018922,13,3,8,2,6,3,0,1,22
U018923,11,7,12,0,0,5,3,1,21
U018924,8,0,3,0,2,2,3,0,16
U018925,10,1,5,3,2,7,3,0,14
U018926,6,0,2,1,3,2,0,0,12
U018927,13,2,1,2,0,6,1,0,21
U018928,12,3,6,3,1,1,2,1,14
U018929,19,2,7,2,0,10,1,1,29
U018930,13,3,5,3,1,5,2,1,22
U018931,10,0,9,5,1,3,1,0,14
U018932,8,3,11,1,1,7,1,2,24
U018933,9,0,5,2,2,6,2,0,12
U018934,16,5,6,5,2,9,0,2,26
U018935,21,5,6,4,0,3,0,0,20
U018936,13,3,9,5,0,5,1,0,18
U018937,12,2,10,5,0,5,1,2,20
U018938,14,5,8,4,0,6,2,0,32
U018939,12,2,4,0,1,4,1,2,16
U018940,12,1,2,0,1,3,1,1,25
U018941,10,1,6,3,3,8,1,0,20
U018942,12,3,8,2,0,9,2,0,28
U018943,8,1,3,0,3,1,0,1,13
U018944,11,0,5,2,0,7,3,0,14
U018945,10,2,4,3,0,2,1,0,24
U018946,18,4,8,4,0,1,1,2,19
U018947,8,0,5,4,8,5,0,0,11
U018948,11,1,3,1,1,3,1,2,10
U018949,17,1,5,2,2,1,3,0,14
U018950,12,7,4,2,0,6,3,2,26
U018951,16,1,5,0,1,12,1,0,17
U018952,7,1,3,4,3,4,0,1,11
U018953,9,3,7,4,0,1,0,4,18
U018954,10,2,6,4,0,9,2,2,18
U018955,14,1,4,0,0,1,3,1,16
U018956,12,0,10,3,0,2,0,2,18
U018957,13,1,3,2,0,5,0,2,20
U018958,11,2,6,1,0,6,1,0,30
U018959,11,0,5,5,1,7,1,2,15
U018960,12,2,7,6,0,7,3,2,22
U018961,9,3,6,1,3,6,1,1,18
U018962,13,5,6,2,1,2,0,0,18
U018963,10,2,3,4,2,3,1,0,23
U018964,10,0,4,0,3,2,0,1,12
U018965,8,1,3,1,0,4,0,0,11
U018966,13,3,6,5,1,6,1,1,33
U018967,20,2,13,9,0,8,1,0,33
U018968,14,3,4,4,0,2,4,0,15
U018969,4,1,3,2,0,3,0,0,17
U018970,19,0,9,2,0,9,0,0,17
U018971,9,0,3,2,1,2,0,2,10
U018972,11,4,4,3,0,3,0,2,28
U018973,9,0,12,6,0,4,4,0,29
U018974,11,1,2,4,4,1,2,1,11
U018975,8,0,3,2,2,2,0,1,18
U018976,12,0,3,7,0,4,0,1,14
U018977,13,1,3,3,2,5,0,3,16
U018978,17,1,4,9,0,7,0,1,27
U018979,10,5,9,2,1,5,0,0,31
U018980,7,3,6,0,0,2,3,3,22
U018981,8,7,3,4,1,4,1,2,17
U018982,12,5,7,1,1,7,1,1,24
U018983,8,1,3,2,1,3,0,1,11
U018984,22,2,10,4,1,8,6,2,32
U018985,14,5,6,5,0,4,1,0,18
U018986,14,3,6,4,0,8,1,3,24
U018987,11,0,2,3,0,5,2,2,25
U018988,9,0,6,3,0,5,1,1,17
U018989,8,0,3,0,5,6,0,2,8
U018990,10,1,7,0,4,1,1,0,9
U018991,15,4,9,5,1,7,4,0,19
U018992,12,0,4,1,5,1,0,1,19
U018993,6,1,6,3,3,4,1,1,9
U018994,13,1,4,5,2,4,1,0,18
U018995,11,0,10,7,6,4,0,1,26
U018996,14,2,7,1,2,6,0,2,14
U018997,9,2,3,1,1,5,1,2,15
U018998,10,1,5,4,2,8,0,1,19
U018999,17,2,12,2,0,7,0,0,28
U019000,14,0,3,2,4,6,0,0,20
U019001,7,2,7,4,0,3,2,0,22
U019002,11,4,6,3,2,2,0,1,15
U019003,11,1,6,0,5,1,0,2,14
U019004,18,0,3,4,1,3,1,1,28
U019005,8,4,4,1,7,6,1,1,21
U019006,13,1,7,3,1,3,0,1,17
U019007,23,3,6,4,0,8,0,2,30
U019008,10,5,5,1,4,5,0,1,16
U019009,11,2,6,6,0,4,1,0,18
U019010,10,0,11,2,0,3,3,1,18
U019011,14,4,1,3,2,9,2,2,21
U019012,16,2,11,3,0,8,0,1,20
U019013,11,0,5,0,1,1,1,0,10
U019014,14,2,5,2,0,8,3,1,31
U019015,10,3,3,3,0,4,2,1,24
U019016,10,0,10,5,0,8,0,1,24
U019017,12,5,6,1,4,5,1,2,12
U019018,17,4,12,4,0,6,2,0,31
U019019,23,0,11,6,0,5,2,4,22
U019020,7,3,5,0,3,4,1,1,15
U019021,18,1,10,2,0,9,2,2,18
U019022,7,0,6,2,0,2,1,1,16
U019023,8,5,7,2,5,2,2,0,14
U019024,5,0,3,3,5,3,1,0,7
U019025,12,3,7,1,1,12,0,1,31
U019026,13,0,3,2,1,6,1,0,16
U019027,15,3,9,4,0,6,1,2,22
U019028,23,0,16,2,1,8,0,1,32
U019029,10,1,6,0,0,4,0,1,20
U019030,16,1,3,5,0,6,2,3,22
U019031,11,5,3,1,1,3,1,3,26
U019032,14,0,5,1,0,5,0,0,13
U019033,10,1,2,1,1,3,1,0,23
U019034,11,8,5,4,1,6,0,1,22
U019035,10,4,5,2,4,7,2,2,23
U019036,19,0,8,6,0,5,1,0,20
U019037,7,0,4,1,0,6,3,2,16
U019038,10,1,5,6,1,4,1,1,9
U019039,13,4,9,4,0,5,1,2,30
U019040,19,1,11,2,1,4,0,1,24
U019041,9,2,6,2,3,4,0,0,17
U019042,5,2,3,1,1,1,0,0,11
U019043,15,3,13,4,0,3,1,0,22
U019044,7,0,2,3,0,2,0,2,14
U019045,14,4,8,7,0,7,3,2,21
U019046,13,3,7,5,0,4,0,1,24
U019047,4,2,4,1,0,3,0,1,19
U019048,8,0,5,1,1,6,1,1,16
U019049,15,1,3,0,0,5,2,1,9
U019050,9,2,6,2,0,2,1,0,15
U019051,17,5,4,1,1,8,3,1,21
U019052,10,3,6,5,0,3,0,0,18
U019053,8,2,4,2,0,8,0,2,12
U019054,11,3,2,5,2,3,1,0,5
U019055,10,1,6,1,1,2,2,1,12
U019056,15,3,10,3,1,3,0,1,34
U019057,13,0,1,2,0,5,0,0,20
U019058,18,5,11,3,0,4,0,0,20
U019059,14,0,2,4,0,0,0,1,19
U019060,17,0,5,2,0,7,1,1,16
U019061,10,3,3,4,0,12,1,1,22
U019062,7,2,4,2,3,1,0,2,13
U019063,17,5,5,1,0,7,3,2,28
U019064,14,0,7,5,0,7,0,2,18
U019065,16,5,5,1,0,5,3,1,27
U019066,10,1,4,3,0,4,1,1,13
U019067,13,2,2,6,0,5,1,2,23
U019068,6,2,4,4,0,4,2,0,21
U019069,12,4,5,2,0,8,2,0,23
U019070,14,2,1,0,0,7,2,0,19
U019071,13,0,5,2,0,2,0,0,16
U019072,8,2,5,1,0,5,0,3,21
U019073,13,1,2,3,1,2,2,0,9
U019074,13,3,9,2,0,13,3,0,31
U019075,14,0,7,0,1,5,0,0,9
U019076,10,0,6,2,1,6,0,3,21
U019077,12,3,6,3,0,7,0,0,21
U019078,12,1,11,9,6,4,2,0,24
U019079,17,1,5,3,2,3,1,2,23
U019080,14,5,3,3,1,3,0,0,31
U019081,17,0,6,4,1,7,1,2,21
U019082,9,3,5,3,4,2,2,0,20
U019083,10,3,3,3,0,6,2,1,21
U019084,6,3,2,1,3,3,0,0,18
U019085,17,4,5,4,2,4,1,0,18
U019086,7,0,3,0,2,4,0,0,8
U019087,12,3,11,4,0,4,2,1,26
U019088,3,0,5,2,2,2,1,0,9
U019089,10,1,2,4,0,2,0,1,26
U019090,14,4,10,4,0,5,0,0,25
U019091,19,6,7,5,0,10,2,1,24
U019092,18,2,6,4,1,9,0,0,16
U019093,14,0,3,0,0,10,1,0,21
U019094,15,3,9,1,0,9,0,1,25
U019095,13,1,8,1,1,5,1,0,23
U019096,12,0,8,5,2,5,1,0,20
U019097,7,1,3,1,0,7,0,2,12
U019098,19,0,10,5,0,8,2,3,32
U019099,15,3,4,3,4,2,1,0,25
U019100,14,4,4,2,0,1,3,1,20
U019101,19,10,6,4,0,7,1,0,24
U019102,11,2,1,5,0,4,2,2,17
U019103,13,3,6,4,0,7,0,1,27
U019104,13,2,6,0,0,5,0,4,20
U019105,12,0,8,2,0,3,1,0,15
U019106,13,0,5,2,0,4,1,0,13
U019107,13,0,8,2,0,7,1,0,11
U019108,18,6,5,6,1,5,1,0,16
U019109,16,3,7,4,0,5,3,1,31
U019110,9,1,8,1,1,7,0,0,13
U019111,15,0,7,2,0,4,0,0,12
U019112,6,2,3,2,0,9,1,3,8
U019113,13,1,10,2,1,4,1,1,13
U019114,16,0,4,1,1,3,0,1,23
U019115,15,1,4,1,2,5,0,0,13
U019116,17,1,8,1,1,7,2,2,33
U019117,9,3,5,4,0,7,2,2,22
U019118,19,2,8,5,1,6,0,1,16
U019119,15,2,5,3,0,6,1,0,18
U019120,15,1,6,2,0,8,2,0,38
U019121,10,5,4,1,0,4,0,1,23
U019122,15,4,8,2,0,4,1,1,22
U019123,11,1,1,3,0,4,2,2,22
U019124,22,2,1,4,0,14,2,1,39
U019125,12,0,10,1,0,3,0,0,17
U019126,18,6,5,4,1,5,2,5,21
U019127,7,1,11,4,0,3,0,1,19
U019128,9,2,6,5,0,3,1,0,15
U019129,14,2,5,2,0,9,2,0,26
U019130,12,4,3,3,0,3,1,1,12
U019131,9,1,2,2,1,6,3,1,13
U019132,11,5,10,1,7,10,4,2,19
U019133,11,1,6,4,1,3,1,2,19
U019134,21,4,5,4,1,7,3,2,16
U019135,10,0,3,2,0,4,1,0,16
U019136,10,3,6,2,0,5,1,1,23
U019137,17,1,6,3,0,3,0,1,18
U019138,17,0,6,3,0,4,4,2,11
U019139,9,2,2,1,0,6,0,3,13
U019140,19,6,9,2,0,8,2,2,27
U019141,14,0,4,1,2,5,1,0,13
U019142,12,1,7,1,8,5,1,1,14
U019143,14,0,4,1,0,3,1,1,19
U019144,12,6,4,6,4,3,1,0,21
U019145,15,2,7,0,1,6,0,0,20
U019146,14,1,4,1,3,4,2,0,15
U019147,11,2,4,5,6,7,3,0,18
U019148,14,2,2,6,0,11,0,2,21
U019149,5,1,5,1,1,2,0,0,19
U019150,18,8,5,3,0,10,1,0,22
U019151,17,2,4,1,1,5,1,1,22
U019152,17,2,7,1,0,9,1,2,12
U019153,15,1,5,1,1,3,0,0,15
U019154,26,4,13,8,1,5,2,0,30
U019155,17,3,9,2,1,6,1,2,20
U019156,18,1,11,2,0,10,1,0,26
U019157,12,3,5,3,4,4,0,0,18
U019158,11,0,4,0,0,6,1,0,20
U019159,12,3,6,5,1,6,2,1,47
U019160,8,2,4,0,4,6,0,1,16
U019161,16,4,2,2,0,9,1,0,22
U019162,20,4,6,2,0,6,0,0,14
U019163,25,10,2,2,1,1,1,1,25
U019164,16,2,6,3,1,5,3,1,17
U019165,10,2,6,2,0,5,0,0,24
U019166,10,1,4,3,0,2,0,0,15
U019167,6,5,6,7,6,3,1,1,11
U019168,12,2,3,1,0,10,1,1,15
U019169,13,2,3,1,3,7,1,1,27
U019170,10,1,10,3,1,3,2,2,23
U019171,10,0,1,1,0,4,1,0,22
U019172,17,3,8,1,0,8,2,0,23
U019173,14,6,9,7,0,3,2,2,30
U019174,2,0,4,2,3,3,3,2,10
U019175,13,1,3,6,2,4,1,1,22
U019176,22,4,9,8,0,10,2,0,31
U019177,12,1,8,1,5,2,2,1,13
U019178,17,4,5,4,1,7,0,1,11
U019179,10,0,1,0,1,3,1,0,14
U019180,7,0,6,6,0,4,0,3,11
U019181,13,3,7,1,1,5,1,2,15
U019182,12,2,11,8,0,4,4,0,21
U019183,14,1,4,6,3,6,1,0,17
U019184,10,2,2,5,0,6,0,0,22
U019185,14,1,4,2,0,10,0,1,17
U019186,17,2,4,4,0,3,1,0,20
U019187,14,4,3,3,5,3,2,1,19
U019188,9,0,6,1,2,7,2,2,15
U019189,19,5,9,8,0,9,3,0,29
U019190,17,0,3,1,1,8,1,0,20
U019191,15,5,15,2,0,8,1,2,25
U019192,7,3,9,6,3,9,1,1,21
U019193,11,1,3,1,0,2,1,1,17
U019194,13,1,3,2,0,6,0,1,17
U019195,6,4,4,1,0,5,3,0,17
U019196,12,0,11,1,0,1,3,1,32
U019197,11,0,3,1,0,6,1,1,19
U019198,20,4,4,2,0,9,3,0,23
U019199,20,2,10,3,6,3,0,0,21
U019200,10,1,8,3,2,4,0,1,21
U019201,14,8,4,4,2,9,1,2,20
U019202,13,2,8,4,1,8,0,0,26
U019203,13,5,5,1,1,5,1,2,21
U019204,15,3,9,2,0,8,2,0,29
U019205,9,0,6,2,2,2,0,0,19
U019206,10,1,4,2,1,6,0,0,19
U019207,14,0,5,1,0,5,2,0,23
U019208,12,1,2,3,1,4,1,0,18
U019209,16,1,5,6,1,0,0,2,12
U019210,15,2,5,2,0,5,1,0,21
U019211,18,2,5,4,0,5,3,1,16
U019212,10,0,3,3,0,3,2,0,16
U019213,13,1,4,0,1,5,0,1,16
U019214,9,5,4,5,0,8,1,1,30
U019215,14,6,11,9,0,9,3,2,21
U019216,10,0,5,1,0,1,1,1,18
U019217,17,2,3,5,1,10,1,2,21
U019218,15,1,6,5,0,6,0,0,21
U019219,19,6,4,1,0,5,1,1,29
U019220,9,3,4,2,1,8,2,2,17
U019221,13,0,7,4,0,3,2,0,20
U019222,7,0,3,0,0,11,1,0,32
U019223,12,9,5,1,0,4,1,1,23
U019224,10,0,4,1,0,4,1,1,19
U019225,16,3,6,4,0,4,3,0,18
U019226,10,3,2,2,0,9,2,0,12
U019227,9,1,8,2,1,3,2,1,17
U019228,6,2,5,4,1,3,0,0,6
U019229,16,1,5,4,0,4,2,0,13
U019230,11,0,4,3,0,4,1,1,25
U019231,12,5,7,0,0,6,1,1,27
U019232,12,1,3,2,0,5,0,1,21
U019233,16,6,6,2,0,8,0,5,29
U019234,9,0,5,3,2,2,0,1,21
U019235,16,1,5,4,0,4,0,0,10
U019236,11,1,4,3,0,3,0,2,25
U019237,6,3,5,3,0,10,0,2,16
U019238,13,3,9,1,1,8,2,1,8
U019239,6,0,3,2,1,3,1,0,19
U019240,21,3,15,5,0,6,3,1,22
U019241,6,0,4,3,0,3,2,0,14
U019242,6,0,4,1,3,3,2,1,13
U019243,9,2,4,0,1,9,3,2,16
U019244,12,2,5,4,4,8,0,0,17
U019245,11,3,10,6,0,2,2,0,18
U019246,6,0,4,4,2,7,1,1,14
U019247,11,2,1,9,0,5,0,1,23
U019248,17,6,8,5,0,6,3,0,35
U019249,11,3,5,1,0,5,2,1,16
U019250,17,3,2,3,0,4,1,1,21
U019251,10,1,3,1,0,5,2,1,23
U019252,10,4,6,4,0,7,0,2,20
U019253,14,1,5,5,0,4,0,0,15
U019254,12,1,1,2,3,9,1,2,13
U019255,6,1,6,2,2,2,2,0,8
U019256,19,4,4,6,0,2,1,2,22
U019257,12,3,9,6,0,8,1,0,26
U019258,13,0,3,2,0,9,1,0,17
U019259,14,1,6,2,1,3,1,2,15
U019260,8,0,4,1,1,1,0,1,14
U019261,8,4,8,2,0,4,1,0,29
U019262,12,2,7,3,0,8,1,2,22
U019263,11,3,4,3,0,6,2,1,17
U019264,11,1,4,0,1,3,2,1,13
U019265,8,1,6,3,6,4,1,0,18
U019266,9,0,8,1,0,4,0,2,14
U019267,12,2,2,3,0,6,1,0,21
U019268,6,3,2,3,4,2,1,2,9
U019269,10,4,4,2,2,9,3,3,22
U019270,10,0,8,5,0,5,2,2,14
U019271,12,4,8,1,0,5,0,0,17
U019272,8,1,6,3,1,3,1,3,20
U019273,14,6,4,3,1,8,0,0,22
U019274,19,5,7,1,1,7,2,1,25
U019275,11,0,2,1,2,4,0,2,13
U019276,15,0,5,3,0,3,1,1,16
U019277,22,6,11,3,0,7,2,0,28
U019278,16,2,9,6,0,5,1,0,22
U019279,19,3,7,5,0,6,0,1,21
U019280,18,0,6,5,2,8,1,0,15
U019281,17,7,4,7,0,11,0,2,19
U019282,18,4,6,5,1,5,1,1,23
U019283,8,0,5,1,5,4,0,0,14
U019284,15,4,6,4,0,7,3,1,25
U019285,7,2,7,6,0,5,1,0,15
U019286,14,0,4,3,0,6,1,2,23
U019287,14,1,3,6,1,5,1,5,14
U019288,11,4,4,4,0,3,0,0,21
U019289,16,1,8,8,0,6,2,0,16
U019290,14,2,15,2,3,10,3,1,24
U019291,11,2,9,6,0,10,2,2,30
U019292,14,4,2,3,0,8,0,3,16
U019293,14,7,8,2,0,2,0,2,28
U019294,12,6,7,2,0,14,3,0,15
U019295,12,4,6,4,4,8,1,1,16
U019296,17,2,7,3,0,4,2,0,28
U019297,8,0,7,3,0,1,0,0,18
U019298,23,2,8,3,4,5,1,1,17
U019299,13,3,6,3,1,5,3,1,18
U019300,17,2,9,4,0,3,4,2,27
U019301,6,3,4,3,2,4,3,0,9
U019302,13,6,7,5,1,6,0,0,17
U019303,15,2,11,5,0,6,0,1,32
U019304,12,5,3,3,0,3,0,1,14
U019305,11,2,6,3,2,4,0,0,13
U019306,16,0,6,1,0,1,2,0,24
U019307,12,1,6,2,5,3,0,1,16
U019308,9,1,3,3,0,9,0,0,24
U019309,4,0,1,3,1,3,1,0,17
U019310,13,4,8,2,0,7,0,2,19
U019311,13,4,10,2,2,8,2,1,13
U019312,10,0,4,3,0,6,2,0,19
U019313,13,2,3,3,0,7,1,2,18
U019314,7,0,6,2,3,2,2,0,11
U019315,13,2,6,3,2,4,1,0,21
U019316,8,0,4,3,0,13,1,1,24
U019317,21,1,5,3,0,10,1,0,29
U019318,16,0,4,5,0,3,0,2,17
U019319,8,0,3,0,1,3,2,1,7
U019320,8,5,5,2,1,6,0,0,16
U019321,8,1,6,2,0,3,2,1,18
U019322,15,3,7,3,0,7,1,0,28
U019323,25,3,11,5,0,10,0,1,31
U019324,15,0,6,0,3,5,1,1,10
U019325,16,3,6,7,0,9,2,0,28
U019326,12,1,8,2,0,8,1,0,25
U019327,13,2,12,10,1,8,2,2,31
U019328,12,4,4,2,0,7,3,1,21
U019329,9,2,4,5,4,3,0,2,29
U019330,9,1,8,4,0,8,1,0,14
U019331,10,0,3,1,5,4,0,1,13
U019332,15,0,3,3,1,7,3,1,14
U019333,10,2,5,1,0,6,2,0,16
U019334,15,4,11,6,1,3,2,1,24
U019335,26,6,13,2,1,7,1,1,44
U019336,18,0,11,2,0,4,2,2,23
U019337,17,1,5,3,0,7,2,2,28
U019338,16,1,4,2,0,8,0,0,25
U019339,11,0,5,5,0,2,0,3,10
U019340,16,1,4,1,5,2,0,0,14
U019341,14,2,9,5,6,6,3,0,21
U019342,22,3,14,3,0,8,3,0,29
U019343,17,2,4,3,0,2,1,1,22
U019344,8,2,2,2,0,4,4,2,12
U019345,6,1,3,1,4,3,0,1,11
U019346,14,4,7,3,1,10,1,1,26
U019347,11,1,1,3,0,4,0,2,13
U019348,17,2,8,3,1,1,5,1,19
U019349,10,4,6,3,5,3,1,0,12
U019350,7,0,6,1,0,9,0,1,8
U019351,13,2,7,5,0,5,2,2,22
U019352,13,3,4,2,0,2,1,0,19
U019353,14,3,4,5,0,7,2,0,31
U019354,16,0,2,5,0,1,1,2,20
U019355,14,3,4,2,0,3,3,2,21
U019356,15,6,9,3,0,5,1,3,18
U019357,12,1,8,2,0,4,1,1,25
U019358,10,0,4,1,1,8,1,0,19
U019359,14,4,5,4,0,10,0,1,36
U019360,10,0,5,4,0,6,0,2,17
U019361,15,1,5,4,0,9,0,2,25
U019362,15,1,5,1,0,3,1,2,20
U019363,14,4,7,4,0,7,2,1,25
U019364,13,0,6,5,0,11,0,4,15
U019365,12,1,6,5,0,9,2,2,18
U019366,13,6,9,1,1,16,0,4,26
U019367,11,4,11,2,0,4,2,1,24
U019368,10,1,3,6,3,8,2,0,17
U019369,11,1,3,5,1,0,1,1,15
U019370,12,3,7,1,0,7,3,0,28
U019371,16,2,6,1,0,5,1,1,22
U019372,13,1,7,1,1,7,2,0,19
U019373,9,0,4,3,1,2,1,3,15
U019374,13,1,4,1,3,4,1,1,26
U019375,14,5,10,5,0,8,3,1,36
U019376,15,0,4,1,0,6,2,0,19
U019377,13,0,4,2,0,1,1,3,18
U019378,15,1,5,0,0,7,1,1,24
U019379,12,1,6,5,0,2,3,3,21
U019380,10,0,1,2,3,8,1,0,10
U019381,11,5,7,3,0,4,2,1,15
U019382,14,2,6,1,3,4,0,1,18
U019383,17,3,5,2,1,6,1,0,22
U019384,13,3,6,1,2,10,3,0,15
U019385,14,0,5,2,0,5,1,2,21
U019386,19,5,4,5,0,6,0,1,27
U019387,11,3,2,2,1,10,2,3,30
U019388,21,3,6,5,2,5,2,0,21
U019389,22,4,16,4,0,13,3,2,37
U019390,6,1,4,2,0,2,2,0,12
U019391,13,0,3,1,0,5,1,0,9
U019392,5,1,6,1,1,3,2,3,14
U019393,15,2,7,0,0,6,3,0,24
U019394,21,6,6,3,1,5,1,1,12
U019395,13,0,2,0,6,1,0,0,7
U019396,13,1,7,1,0,6,1,1,14
U019397,9,4,10,4,0,5,2,0,23
U019398,6,3,3,3,3,5,0,1,20
U019399,7,0,4,0,3,2,0,0,6
U019400,14,3,1,1,2,0,1,0,14
U019401,5,1,7,3,0,3,1,1,21
U019402,10,1,2,3,0,5,0,0,21
U019403,14,5,10,3,1,13,3,2,22
U019404,7,0,4,2,0,5,0,0,19
U019405,11,4,7,5,0,4,3,0,24
U019406,14,5,6,6,1,14,2,1,29
U019407,9,0,6,2,0,4,1,0,16
U019408,11,1,4,1,0,1,2,0,16
U019409,7,2,3,1,3,6,2,2,6
U019410,14,0,5,1,0,2,1,2,16
U019411,13,2,6,1,1,3,1,0,25
U019412,6,1,7,3,0,2,0,0,21
U019413,11,1,5,1,0,3,0,0,21
U019414,16,2,8,4,0,13,0,1,22
U019415,10,2,7,6,1,7,1,1,19
U019416,9,2,9,4,0,4,2,1,22
U019417,6,1,4,5,0,4,1,1,14
U019418,17,1,4,3,4,0,0,0,7
U019419,12,0,5,0,0,8,2,1,15
U019420,25,3,5,7,0,8,1,2,29
U019421,18,3,5,3,0,4,1,1,10
U019422,22,4,6,5,0,3,3,1,32
U019423,22,2,3,2,2,7,0,1,24
U019424,5,0,2,1,1,3,1,1,17
U019425,21,4,4,4,6,4,0,2,14
U019426,18,5,6,2,1,8,0,1,25
U019427,18,4,2,9,1,3,1,0,23
U019428,9,1,3,7,0,9,1,0,22
U019429,15,3,7,3,0,4,1,1,22
U019430,11,3,11,3,0,10,0,1,35
U019431,13,0,7,2,0,2,1,3,11
U019432,21,2,1,3,5,6,0,3,19
U019433,14,4,8,3,1,5,3,1,27
U019434,8,1,3,1,5,6,0,1,14
U019435,16,4,10,5,0,10,1,0,23
U019436,16,3,6,5,0,6,1,1,22
U019437,12,1,5,2,1,5,0,2,17
U019438,19,3,4,6,0,5,0,1,18
U019439,23,7,2,4,0,9,3,1,34
U019440,15,3,4,4,6,1,1,1,17
U019441,19,5,5,4,0,6,0,1,13
U019442,12,4,4,4,0,10,1,0,22
U019443,13,1,4,7,0,5,0,2,19
U019444,15,2,5,5,1,1,1,0,13
U019445,17,1,7,5,0,7,3,2,38
U019446,8,1,6,2,1,8,1,0,17
U019447,11,0,7,3,0,8,0,4,23
U019448,13,1,5,4,0,6,1,2,19
U019449,17,1,5,2,0,6,1,1,12
U019450,11,1,6,1,0,7,0,4,22
U019451,10,1,3,4,0,6,1,1,14
U019452,10,2,3,2,0,8,2,1,14
U019453,15,4,11,3,0,4,1,1,25
U019454,8,0,3,4,0,1,2,0,10
U019455,13,2,8,1,0,7,1,1,17
U019456,12,5,6,3,1,4,2,2,13
U019457,25,0,6,1,0,9,2,1,30
U019458,9,3,3,2,0,3,1,0,22
U019459,15,3,2,1,0,4,1,2,17
U019460,5,0,5,4,1,6,1,0,17
U019461,14,2,8,3,0,7,0,1,33
U019462,9,0,3,5,0,4,1,1,24
U019463,4,0,4,2,2,3,0,0,9
U019464,25,1,3,2,0,8,3,2,27
U019465,9,1,1,4,0,3,0,0,13
U019466,21,3,5,1,4,6,0,1,26
U019467,14,3,3,4,0,8,2,0,21
U019468,5,0,2,1,1,3,0,0,5
U019469,11,1,6,2,0,2,1,1,16
U019470,8,4,9,6,5,3,2,2,16
U019471,16,3,6,7,0,4,1,1,23
U019472,7,2,3,1,0,5,1,1,12
U019473,26,2,10,3,1,7,2,1,21
U019474,9,1,3,1,1,6,2,0,14
U019475,9,0,8,4,1,7,0,0,13
U019476,11,4,11,3,1,5,1,1,19
U019477,9,0,7,1,2,6,2,1,18
U019478,12,3,6,3,0,3,2,0,27
U019479,12,1,8,1,0,2,0,1,21
U019480,21,2,15,5,0,8,3,3,27
U019481,5,6,4,2,2,6,2,3,13
U019482,18,3,7,1,0,7,2,0,27
U019483,19,6,6,5,1,7,3,0,27
U019484,14,5,3,6,1,3,0,3,23
U019485,18,3,6,4,0,6,2,1,14
U019486,17,3,7,6,1,9,2,1,38
U019487,21,2,4,5,0,8,3,2,20
U019488,17,4,6,2,0,4,3,0,19
U019489,22,1,4,2,0,4,1,1,13
U019490,12,7,9,5,0,7,1,1,21
U019491,16,3,7,6,0,7,0,0,27
U019492,11,2,3,2,2,4,0,2,16
U019493,9,0,7,3,0,2,0,1,14
U019494,14,1,5,2,2,7,0,1,27
U019495,4,1,2,1,4,3,0,0,12
U019496,19,5,6,5,0,7,2,1,23
U019497,19,3,7,6,0,7,6,1,36
U019498,9,3,3,6,1,8,1,1,27
U019499,7,0,3,5,1,5,1,0,19
U019500,23,0,5,4,0,17,1,3,27
U019501,18,1,7,3,2,2,0,2,21
U019502,9,1,4,3,1,6,0,2,16
U019503,19,3,7,7,0,2,4,0,25
U019504,20,7,7,6,2,12,0,0,26
U019505,21,7,10,3,1,6,0,0,28
U019506,5,1,4,2,3,1,1,1,18
U019507,15,4,11,4,0,7,2,0,31
U019508,15,0,8,1,1,5,1,2,20
U019509,17,3,9,2,1,5,0,0,26
U019510,13,2,6,1,7,4,2,0,18
U019511,20,5,9,3,1,8,3,2,32
U019512,11,2,9,7,1,4,2,1,21
U019513,14,4,6,4,0,11,0,1,21
U019514,9,3,4,6,1,6,2,2,34
U019515,9,0,5,2,7,10,0,0,26
U019516,21,3,1,6,0,7,3,0,25
U019517,19,2,3,0,4,9,0,0,29
U019518,12,2,6,2,1,8,3,0,26
U019519,14,3,7,6,1,3,0,0,28
U019520,18,3,7,0,0,7,1,0,19
U019521,11,6,4,1,0,8,0,2,21
U019522,14,0,2,4,0,5,3,1,18
U019523,12,3,7,5,0,5,1,1,22
U019524,13,2,16,3,0,4,1,0,22
U019525,12,5,7,4,0,3,1,3,25
U019526,11,3,4,3,0,2,3,1,31
U019527,6,0,2,1,1,1,0,0,12
U019528,24,3,4,1,1,7,0,3,32
U019529,14,0,4,4,0,2,0,1,14
U019530,7,1,1,1,0,5,1,2,18
U019531,9,4,3,3,0,4,2,1,25
U019532,10,0,2,3,0,10,0,1,21
U019533,14,2,5,2,0,10,3,3,20
U019534,7,0,4,2,1,3,0,0,16
U019535,16,2,8,1,1,6,1,1,18
U019536,15,0,4,2,0,12,0,0,18
U019537,12,0,11,0,0,8,1,1,19
U019538,13,4,6,0,0,6,5,0,27
U019539,12,0,5,4,0,2,1,1,13
U019540,8,2,9,3,0,5,2,2,23
U019541,12,3,6,2,0,7,2,0,14
U019542,10,2,4,2,2,2,2,0,21
U019543,16,7,5,6,0,4,1,3,16
U019544,17,2,7,3,1,7,1,1,21
U019545,9,3,7,6,0,7,3,4,32
U019546,12,3,4,0,0,5,0,1,26
U019547,16,0,5,3,1,3,2,0,24
U019548,13,8,4,1,0,5,3,2,24
U019549,8,0,4,2,0,6,0,2,19
U019550,18,2,7,3,1,10,1,1,28
U019551,13,0,9,0,1,3,0,0,17
U019552,16,1,7,5,1,6,0,1,22
U019553,3,0,7,1,1,1,1,0,15
U019554,23,3,2,5,0,8,3,1,25
U019555,11,4,3,2,0,7,0,0,14
U019556,14,4,8,5,0,8,0,0,18
U019557,9,0,5,2,0,8,1,1,22
U019558,15,1,3,1,0,5,1,1,23
U019559,18,1,6,3,1,2,3,0,24
U019560,8,0,9,2,0,5,0,2,14
U019561,12,1,4,3,1,2,2,0,18
U019562,11,4,4,4,2,7,1,1,34
U019563,6,4,3,1,2,3,0,0,14
U019564,12,1,5,3,2,8,0,0,24
U019565,20,5,3,7,1,5,0,0,28
U019566,11,2,7,3,1,2,1,1,16
U019567,9,1,4,5,0,1,0,1,13
U019568,13,3,4,1,0,7,1,1,29
U019569,15,4,9,3,0,9,0,4,28
U019570,10,3,3,5,1,5,1,1,34
U019571,19,1,3,2,0,4,2,1,19
U019572,9,3,5,2,0,5,1,1,18
U019573,25,3,9,3,0,13,2,0,33
U019574,17,1,12,4,0,8,0,2,31
U019575,17,1,6,4,0,6,2,0,24
U019576,9,1,4,2,3,2,2,2,23
U019577,14,3,9,2,1,7,3,0,35
U019578,8,1,9,1,2,3,0,1,13
U019579,11,0,3,5,0,4,0,2,16
U019580,14,0,3,3,1,4,1,1,13
U019581,16,3,5,3,3,4,0,2,22
U019582,14,2,3,3,2,6,3,1,11
U019583,16,1,7,3,0,4,1,0,19
U019584,14,4,4,1,1,5,1,1,11
U019585,18,1,2,1,0,7,1,2,22
U019586,11,1,8,4,0,4,1,1,31
U019587,7,0,1,1,6,3,1,0,13
U019588,9,1,6,0,6,3,2,0,14
U019589,8,1,3,0,1,3,1,1,16
U019590,13,5,9,2,0,6,1,0,21
U019591,9,1,7,4,0,3,3,1,19
U019592,21,4,5,2,0,3,7,0,32
U019593,16,0,4,2,0,3,2,2,27
U019594,12,6,12,2,1,5,2,1,15
U019595,16,5,13,5,5,7,4,1,26
U019596,13,0,3,3,3,3,0,0,14
U019597,20,3,5,0,0,7,1,0,26
U019598,26,5,8,11,0,6,2,4,26
U019599,15,4,9,5,1,6,1,1,27
U019600,6,5,11,1,1,10,0,0,19
U019601,5,0,8,1,0,6,0,2,20
U019602,10,3,5,1,0,5,3,1,22
U019603,11,1,2,6,0,9,2,2,14
U019604,16,3,6,3,0,11,0,0,16
U019605,1,1,1,2,1,1,0,0,9
U019606,5,0,3,1,1,4,0,2,6
U019607,9,0,5,3,0,4,0,3,14
U019608,13,4,9,2,0,7,1,1,31
U019609,12,3,5,1,1,10,2,2,25
U019610,6,2,2,3,0,6,1,0,32
U019611,5,0,2,3,6,2,1,0,8
U019612,14,3,2,2,0,2,0,3,12
U019613,10,2,6,4,0,6,0,2,20
U019614,17,3,10,2,0,10,2,0,26
U019615,8,0,12,0,4,3,2,0,20
U019616,22,0,6,4,0,3,2,0,9
U019617,10,3,7,4,1,4,2,1,14
U019618,16,0,7,4,2,5,1,0,20
U019619,3,3,8,4,4,4,0,0,9
U019620,19,3,4,6,0,2,1,1,19
U019621,10,1,6,2,0,1,1,0,22
U019622,13,2,5,1,2,4,2,0,20
U019623,11,4,4,5,1,5,2,1,26
U019624,10,3,6,3,1,3,4,0,21
U019625,8,2,5,2,0,6,2,0,15
U019626,17,2,8,3,0,6,1,0,20
U019627,15,0,7,3,1,5,3,2,20
U019628,10,0,6,1,1,3,0,1,20
U019629,12,2,5,4,0,6,2,0,17
U019630,15,1,6,4,0,3,1,2,25
U019631,10,0,6,1,0,4,0,1,16
U019632,12,2,7,4,0,5,0,1,20
U019633,3,1,1,0,7,5,0,0,10
U019634,10,0,3,1,2,0,0,1,14
U019635,8,1,3,1,4,1,1,0,18
U019636,16,6,7,4,1,9,0,0,25
U019637,17,0,6,2,1,7,0,0,15
U019638,19,3,7,3,2,8,2,2,35
U019639,11,4,5,3,0,11,2,2,24
U019640,11,0,6,4,1,2,0,0,22
U019641,16,5,5,2,0,7,2,2,31
U019642,8,0,3,3,0,4,1,0,20
U019643,12,1,5,1,0,5,2,2,18
U019644,18,4,3,1,0,7,3,1,29
U019645,5,0,2,0,2,8,2,0,20
U019646,11,1,5,2,3,6,2,1,13
U019647,12,1,7,2,1,2,3,0,23
U019648,7,0,7,4,0,7,1,1,15
U019649,20,2,6,5,0,5,3,3,20
U019650,12,1,6,2,0,1,2,2,23
U019651,9,5,6,1,0,6,0,1,23
U019652,12,4,7,4,4,11,1,1,21
U019653,9,1,5,2,3,6,0,0,10
U019654,10,1,8,4,0,7,1,0,22
U019655,11,1,1,4,0,2,0,0,14
U019656,20,2,9,4,1,7,2,0,36
U019657,6,2,3,2,0,6,1,2,21
U019658,9,0,3,2,1,8,2,0,14
U019659,10,6,5,8,0,2,1,3,21
U019660,11,6,5,1,2,4,0,0,19
U019661,29,5,6,4,0,8,2,2,29
U019662,18,6,7,3,1,3,2,1,19
U019663,12,0,5,1,2,4,1,0,22
U019664,15,3,11,3,0,8,3,0,22
U019665,6,2,6,1,2,6,1,1,14
U019666,15,1,8,4,2,9,2,1,30
U019667,22,2,4,3,0,10,0,1,35
U019668,15,5,11,2,0,8,3,0,18
U019669,13,2,9,2,0,6,1,1,22
U019670,15,4,6,1,0,4,1,1,22
U019671,13,2,7,2,0,3,2,1,16
U019672,10,0,8,1,0,3,1,0,12
U019673,12,0,4,2,3,5,1,3,11
U019674,14,1,6,4,0,8,1,1,29
U019675,8,0,3,3,0,2,1,0,24
U019676,9,0,6,1,0,1,0,0,15
U019677,15,1,1,2,1,6,1,1,17
U019678,17,0,2,3,0,5,2,2,16
U019679,19,6,5,2,0,1,0,1,24
U019680,8,3,8,3,1,12,1,2,39
U019681,12,1,5,3,0,10,3,0,29
U019682,13,2,6,5,0,5,2,2,25
U019683,9,0,12,2,1,5,1,0,25
U019684,12,0,3,4,0,6,1,0,17
U019685,8,6,7,2,0,4,2,0,28
U019686,11,3,6,4,0,5,1,0,23
U019687,10,1,7,3,0,5,2,0,15
U019688,11,2,2,2,0,6,1,0,19
U019689,8,2,6,2,1,5,2,0,19
U019690,15,4,8,3,0,5,2,0,22
U019691,20,4,4,4,0,5,1,2,20
U019692,18,2,7,7,1,10,2,0,21
U019693,15,2,6,1,1,5,0,0,15
U019694,6,1,2,2,1,4,2,1,19
U019695,15,2,7,6,1,9,3,2,26
U019696,13,0,6,0,0,3,1,2,12
U019697,10,0,1,0,8,4,1,2,14
U019698,7,1,8,4,0,5,0,1,17
U019699,8,5,8,2,7,2,0,1,15
U019700,8,1,6,4,5,2,0,0,13
U019701,9,0,7,3,2,4,0,0,9
U019702,18,0,8,3,0,14,0,1,25
U019703,11,1,5,3,0,5,3,0,13
U019704,15,1,2,4,0,9,0,1,29
U019705,5,1,1,2,1,1,0,0,5
U019706,21,2,10,3,1,8,2,1,23
U019707,9,2,5,2,0,3,1,0,25
U019708,10,1,5,2,1,7,1,0,17
U019709,12,1,7,1,0,4,1,1,15
U019710,23,3,5,2,0,6,1,0,11
U019711,18,5,7,4,1,5,0,0,40
U019712,17,4,5,2,0,6,2,2,28
U019713,11,4,4,3,1,6,3,2,22
U019714,9,1,5,1,5,6,0,2,10
U019715,12,0,7,1,0,4,0,0,21
U019716,15,5,6,5,0,2,1,1,17
U019717,10,3,6,1,4,4,3,1,20
U019718,16,2,2,1,1,4,1,1,17
U019719,15,0,3,1,0,3,0,0,11
U019720,18,6,5,4,0,8,4,0,22
U019721,13,2,5,3,0,5,1,0,22
U019722,14,0,8,1,1,6,1,0,13
U019723,12,1,4,2,0,4,0,0,11
U019724,15,5,6,4,3,7,3,1,23
U019725,9,2,7,3,6,2,0,1,19
U019726,13,1,5,3,0,4,3,1,21
U019727,13,3,4,4,1,3,2,1,11
U019728,14,5,6,4,0,2,1,1,15
U019729,12,0,7,1,0,5,1,0,18
U019730,15,4,3,2,3,2,2,0,17
U019731,12,2,5,2,2,5,0,1,25
U019732,17,6,3,2,0,5,4,2,20
U019733,15,4,8,5,1,7,3,0,35
U019734,17,2,9,2,0,9,1,0,26
U019735,9,4,5,3,0,5,1,0,28
U019736,11,0,3,0,0,2,0,1,18
U019737,10,1,5,2,1,6,1,1,18
U019738,10,0,6,2,0,4,3,1,17
U019739,16,1,1,2,1,6,1,0,11
U019740,14,0,6,3,1,6,2,0,26
U019741,12,5,7,1,0,4,0,0,22
U019742,9,1,5,1,1,2,1,1,11
U019743,14,2,4,3,0,5,1,2,14
U019744,10,3,3,4,5,5,2,2,20
U019745,20,0,10,1,2,4,0,1,27
U019746,13,3,5,2,1,9,1,0,20
U019747,15,0,7,4,0,2,0,1,20
U019748,17,2,5,4,4,6,0,1,26
U019749,12,2,4,1,1,3,0,2,23
U019750,7,3,1,6,2,5,0,1,19
U019751,10,0,6,3,0,6,0,1,16
U019752,12,0,7,0,0,5,1,0,20
U019753,12,0,4,3,0,6,2,1,17
U019754,10,0,4,0,0,1,0,0,19
U019755,10,0,6,5,4,3,0,0,13
U019756,14,0,2,0,3,4,0,1,10
U019757,6,1,3,1,6,5,1,0,8
U019758,16,1,3,7,1,9,0,0,20
U019759,14,5,9,8,0,11,1,2,32
U019760,22,1,2,1,0,5,3,0,20
U019761,19,2,7,5,0,5,0,1,22
U019762,8,1,3,2,3,5,1,2,23
U019763,14,5,9,4,0,2,1,1,21
U019764,9,1,3,1,0,3,0,4,13
U019765,14,0,3,2,0,2,0,2,9
U019766,9,3,9,3,1,8,1,0,23
U019767,14,0,5,4,0,6,1,1,21
U019768,11,1,6,4,0,3,3,1,16
U019769,8,2,3,1,0,3,1,2,17
U019770,15,1,9,5,0,5,1,0,20
U019771,7,0,6,2,6,4,1,1,9
U019772,16,2,10,4,1,9,0,1,28
U019773,3,4,7,7,4,2,3,0,19
U019774,14,3,6,3,0,2,1,0,23
U019775,10,1,3,1,2,3,0,1,12
U019776,6,0,5,2,2,4,1,0,10
U019777,8,4,3,1,0,7,1,1,11
U019778,10,1,5,6,0,7,0,2,14
U019779,17,0,6,1,0,7,0,0,9
U019780,10,2,6,3,1,1,1,1,18
U019781,9,4,4,4,0,5,1,2,19
U019782,11,0,5,2,2,5,0,1,19
U019783,14,1,6,3,0,9,1,0,28
U019784,12,3,8,2,0,9,1,0,30
U019785,7,0,6,1,0,4,1,0,5
U019786,10,1,4,0,2,9,3,1,15
U019787,11,0,6,3,0,6,0,0,31
U019788,3,1,5,1,1,2,1,1,15
U019789,11,3,8,2,2,8,1,0,31
U019790,12,2,9,0,4,4,0,1,29
U019791,15,1,4,4,0,8,0,0,11
U019792,22,4,4,1,2,8,3,3,41
U019793,6,0,3,2,3,2,2,0,14
U019794,22,2,6,2,0,7,4,0,18
U019795,11,0,5,4,0,1,3,3,22
U019796,9,0,2,1,1,3,1,2,22
U019797,12,0,6,2,0,2,4,1,14
U019798,8,0,8,1,0,3,2,0,21
U019799,12,2,3,3,0,5,0,0,14
U019800,19,2,13,0,0,13,1,0,32
U019801,6,0,5,4,0,3,1,2,21
U019802,13,3,7,0,0,4,2,0,21
U019803,6,1,6,7,1,10,2,1,16
U019804,15,0,6,0,0,1,1,2,18
U019805,11,0,7,3,0,4,2,1,16
U019806,15,0,9,3,1,8,2,1,20
U019807,7,2,8,2,0,13,1,2,24
U019808,16,2,8,3,0,2,1,1,21
U019809,5,0,4,1,0,6,2,0,12
U019810,18,1,7,2,0,11,3,0,25
U019811,13,3,6,4,0,9,0,1,27
U019812,10,1,3,0,0,2,0,0,6
U019813,7,0,2,2,0,3,0,3,15
U019814,13,3,4,1,1,8,2,0,26
U019815,13,1,4,1,6,4,0,3,17
U019816,17,5,9,4,1,4,0,0,23
U019817,7,3,7,1,0,4,0,0,20
U019818,15,4,10,1,0,3,1,1,27
U019819,18,2,15,4,0,10,1,1,32
U019820,20,7,8,3,0,8,0,1,18
U019821,14,0,3,0,2,8,1,1,17
U019822,15,2,14,5,0,9,1,2,31
U019823,12,0,2,3,0,1,2,1,22
U019824,28,7,9,1,0,11,0,1,31
U019825,6,2,3,7,5,6,2,1,11
U019826,11,2,9,3,0,5,4,2,31
U019827,17,4,4,5,0,7,2,1,24
U019828,15,0,4,2,0,4,1,1,17
U019829,10,0,1,4,0,8,0,0,13
U019830,14,1,4,6,1,12,1,0,21
U019831,17,7,6,5,0,8,2,2,36
U019832,7,2,4,2,7,6,0,0,18
U019833,30,5,10,8,1,3,1,2,35
U019834,10,5,5,1,5,3,0,0,22
U019835,10,5,6,1,3,6,3,0,10
U019836,11,6,8,5,1,6,0,1,22
U019837,11,1,8,3,1,6,3,2,15
U019838,9,3,3,4,0,8,4,2,21
U019839,18,3,4,5,0,5,1,0,20
U019840,7,4,5,0,0,11,0,0,25
U019841,11,4,14,5,1,3,3,2,21
U019842,24,2,7,4,0,4,1,0,10
U019843,15,3,5,2,11,5,2,2,17
U019844,15,2,4,3,1,6,1,3,14
U019845,16,5,6,3,0,8,1,0,20
U019846,22,3,10,1,0,6,1,0,23
U019847,3,0,3,3,7,7,2,2,13
U019848,14,1,8,2,1,6,1,2,28
U019849,20,5,3,1,1,3,0,1,11
U019850,12,2,4,1,0,4,0,2,19
U019851,13,1,5,0,1,3,0,1,18
U019852,6,2,5,4,0,8,1,3,21
U019853,17,7,10,7,1,2,2,2,18
U019854,18,4,7,3,0,8,0,0,27
U019855,19,3,5,4,0,7,1,2,29
U019856,16,3,12,3,0,7,1,1,26
U019857,13,0,5,3,0,6,4,0,9
U019858,13,0,9,2,0,4,2,1,13
U019859,9,0,8,2,0,4,0,0,17
U019860,10,1,1,2,0,4,0,1,13
U019861,16,0,4,4,0,4,2,1,15
U019862,14,1,2,1,0,3,0,0,17
U019863,13,4,3,1,1,9,0,0,13
U019864,10,0,4,5,0,4,1,0,18
U019865,14,5,9,5,1,5,2,1,35
U019866,17,2,7,3,0,5,3,3,21
U019867,13,1,7,2,1,4,3,2,14
U019868,17,3,5,6,0,9,1,1,22
U019869,15,3,6,5,1,8,2,2,24
U019870,8,0,4,2,1,2,0,2,17
U019871,15,1,5,2,2,4,0,0,17
U019872,17,3,4,0,0,6,1,0,17
U019873,8,1,2,5,4,2,1,0,14
U019874,14,2,3,3,0,12,1,1,18
U019875,23,1,16,5,1,7,2,0,32
U019876,11,0,3,3,1,4,0,2,14
U019877,17,2,12,0,0,12,2,0,14
U019878,14,0,5,1,0,7,0,0,16
U019879,13,7,4,1,0,4,1,1,18
U019880,9,2,4,3,5,8,2,0,31
U019881,12,0,8,0,2,3,0,0,6
U019882,21,5,5,6,0,7,1,0,20
U019883,10,1,1,2,3,6,1,2,12
U019884,18,0,7,2,0,4,0,0,14
U019885,15,2,9,4,0,8,0,1,21
U019886,13,3,4,4,0,1,0,3,20
U019887,12,2,4,3,1,3,4,1,18
U019888,16,1,7,4,0,7,3,0,11
U019889,14,0,6,1,0,9,1,1,21
U019890,13,5,6,2,1,8,0,1,19
U019891,10,2,9,5,0,4,1,2,26
U019892,14,3,5,1,0,7,2,0,19
U019893,14,3,7,3,1,6,1,1,22
U019894,12,0,3,1,0,3,1,0,13
U019895,17,2,8,4,0,4,3,0,19
U019896,7,2,7,3,0,3,2,1,31
U019897,14,2,11,6,0,7,2,0,22
U019898,14,0,7,2,2,9,3,3,18
U019899,18,4,8,2,0,6,1,1,22
U019900,11,0,5,0,0,6,2,4,20
U019901,17,2,6,4,0,8,2,0,19
U019902,12,1,5,0,0,7,1,0,9
U019903,6,2,2,2,1,3,0,3,14
U019904,15,3,8,5,0,9,1,2,27
U019905,16,2,11,6,7,6,2,1,28
U019906,20,2,6,2,2,5,1,1,26
U019907,18,0,6,7,0,5,0,1,9
U019908,19,5,11,6,1,9,1,0,23
U019909,16,6,5,4,1,6,1,1,16
U019910,13,5,7,5,1,4,0,2,10
U019911,10,0,5,2,4,6,0,1,14
U019912,8,0,5,3,0,4,0,1,23
U019913,10,2,1,4,0,4,1,1,24
U019914,15,1,4,1,0,6,0,0,14
U019915,10,1,3,7,0,7,1,3,34
U019916,3,1,6,5,6,4,1,2,24
U019917,12,5,10,0,0,6,3,0,25
U019918,11,1,4,1,3,6,1,0,15
U019919,8,3,8,2,0,8,0,1,18
U019920,7,2,3,2,7,5,0,0,22
U019921,8,0,3,2,0,3,1,0,24
U019922,12,2,7,3,0,3,0,3,20
U019923,12,0,4,3,0,6,0,2,21
U019924,12,1,7,0,1,8,0,1,15
U019925,10,3,5,4,0,2,2,1,22
U019926,10,2,9,3,0,6,0,0,14
U019927,14,2,8,5,0,6,3,0,20
U019928,12,1,6,3,1,9,0,2,20
U019929,18,7,9,5,0,12,1,1,30
U019930,20,0,5,0,1,4,2,1,24
U019931,18,3,6,5,0,11,1,2,27
U019932,13,2,3,3,0,5,1,0,18
U019933,16,2,3,3,7,12,0,0,22
U019934,15,0,8,1,0,6,1,0,14
U019935,13,2,5,1,0,3,0,1,16
U019936,10,5,9,0,2,6,3,0,18
U019937,13,0,4,2,0,4,3,0,18
U019938,16,3,2,4,2,1,1,2,18
U019939,15,1,9,4,1,6,3,0,23
U019940,16,3,9,3,1,10,5,1,26
U019941,11,4,9,6,0,10,0,2,29
U019942,17,4,3,2,1,5,1,1,23
U019943,9,1,5,0,0,5,1,0,16
U019944,19,3,7,2,0,4,4,0,27
U019945,12,1,6,1,2,4,3,0,20
U019946,22,2,10,3,0,6,1,0,20
U019947,12,0,2,2,0,2,0,0,14
U019948,6,1,4,1,4,3,0,1,13
U019949,9,2,7,5,1,6,1,2,23
U019950,11,0,6,2,0,4,0,2,17
U019951,12,3,2,2,0,5,2,0,22
U019952,17,2,7,4,0,13,0,2,26
U019953,8,4,10,4,1,9,0,0,26
U019954,12,1,16,4,3,5,3,1,21
U019955,13,0,4,2,0,4,0,0,13
U019956,17,1,10,5,2,1,0,0,19
U019957,12,6,11,3,0,2,1,0,13
U019958,16,3,2,4,0,8,2,0,17
U019959,13,3,2,2,0,7,2,0,29
U019960,17,1,4,5,0,4,3,1,16
U019961,9,1,7,5,0,7,1,0,24
U019962,22,3,6,3,0,9,1,1,22
U019963,14,2,5,4,0,1,3,2,23
U019964,13,0,5,2,0,8,1,1,13
U019965,12,3,6,5,0,7,2,0,33
U019966,10,3,6,2,1,10,0,1,17
U019967,12,3,3,2,0,5,1,0,16
U019968,8,2,4,2,1,9,1,0,13
U019969,13,4,7,5,0,4,2,1,27
U019970,9,1,7,4,2,4,0,0,25
U019971,19,1,7,3,0,6,2,1,31
U019972,21,2,7,2,0,4,2,0,14
U019973,13,3,11,2,1,10,0,0,26
U019974,7,2,3,3,3,6,2,2,12
U019975,12,0,4,1,0,5,2,1,10
U019976,15,6,4,4,2,7,2,1,32
U019977,21,3,7,3,1,4,2,1,16
U019978,8,3,5,2,0,1,1,1,20
U019979,10,1,2,3,6,2,2,0,8
U019980,11,1,7,5,0,1,0,1,16
U019981,16,1,9,4,0,5,1,0,30
U019982,13,0,6,3,1,3,3,0,15
U019983,13,0,5,4,0,7,1,0,22
U019984,15,1,7,7,0,4,1,0,38
U019985,17,3,8,3,0,9,4,2,26
U019986,14,2,6,1,0,7,4,0,10
U019987,18,0,5,3,0,5,1,1,15
U019988,11,1,7,7,0,6,1,0,21
U019989,14,0,6,1,1,4,2,1,15
U019990,8,1,0,0,0,1,0,0,15
U019991,10,0,5,2,0,10,1,1,14
U019992,4,0,1,2,0,5,0,1,14
U019993,16,3,11,7,0,7,4,2,26
U019994,15,2,9,1,5,3,0,1,26
U019995,8,1,3,1,0,3,2,1,13
U019996,7,2,5,4,1,2,1,0,23
U019997,16,1,8,3,1,8,1,1,18
U019998,10,1,3,0,0,1,0,0,20
U019999,8,1,4,2,0,5,0,0,25
U020000,6,1,6,5,0,5,0,1,23
U020001,6,0,2,2,5,2,0,0,11
U020002,13,3,5,4,0,7,2,0,17
U020003,9,1,3,1,3,5,3,2,16
U020004,17,5,4,3,1,10,2,1,24
U020005,20,1,12,3,0,8,2,0,25
U020006,7,0,1,2,3,3,1,1,19
U020007,10,3,7,4,0,7,3,1,21
U020008,16,3,6,0,3,6,1,0,26
U020009,16,2,8,5,0,7,3,0,22
U020010,12,4,4,3,1,11,1,0,21
U020011,13,1,4,0,0,6,0,1,21
U020012,16,3,3,3,0,5,3,1,20
U020013,7,0,7,1,3,4,1,0,6
U020014,7,0,5,1,2,3,0,1,16
U020015,18,0,5,3,0,8,3,0,20
U020016,11,2,9,2,0,1,1,1,17
U020017,17,5,7,4,0,14,3,1,28
U020018,15,8,6,1,2,7,2,0,28
U020019,13,1,3,1,1,4,0,3,16
U020020,15,0,3,3,1,3,2,0,16
U020021,16,2,5,3,0,5,2,0,17
U020022,16,6,5,4,1,6,1,1,25
U020023,13,4,5,4,1,8,1,0,34
U020024,13,2,10,1,0,4,1,0,17
U020025,14,2,9,4,0,1,0,3,14
U020026,12,0,6,2,0,7,3,1,27
U020027,12,0,6,3,0,4,1,2,18
U020028,12,2,7,7,0,3,0,0,13
U020029,23,3,11,1,0,5,3,1,25
U020030,8,1,2,3,0,5,1,1,17
U020031,11,1,4,3,0,3,1,0,23
U020032,15,1,11,5,0,5,1,1,27
U020033,14,5,12,6,1,7,2,2,29
U020034,19,3,8,2,0,8,3,1,22
U020035,12,3,10,4,1,7,2,2,30
U020036,7,0,9,2,1,4,1,2,15
U020037,15,2,8,2,0,3,1,0,26
U020038,10,1,3,2,1,3,0,0,10
U020039,12,0,7,3,0,5,1,2,8
U020040,13,2,2,4,0,2,1,2,14
U020041,13,6,6,3,0,4,1,0,17
U020042,21,6,9,3,1,8,5,1,23
U020043,6,0,3,0,7,6,1,1,13
U020044,18,0,6,1,0,5,1,0,18
U020045,19,3,12,4,0,8,1,1,25
U020046,18,3,12,4,0,7,1,0,23
U020047,21,4,8,5,0,7,2,0,23
U020048,10,1,5,0,0,5,1,1,7
U020049,11,7,12,0,1,7,0,0,24
U020050,14,3,5,5,0,6,2,3,29
U020051,17,5,2,3,0,3,0,1,17
U020052,11,5,4,2,0,5,0,1,19
U020053,7,2,6,4,3,2,0,1,14
U020054,14,5,10,2,0,7,1,0,14
U020055,13,3,6,4,0,5,0,1,20
U020056,16,1,8,2,1,5,1,1,19
U020057,14,0,4,2,0,1,1,1,10
U020058,10,3,4,2,9,3,0,2,17
U020059,13,4,9,4,0,3,2,0,25
U020060,19,3,9,5,0,5,1,0,28
U020061,19,4,6,5,0,11,3,2,20
U020062,14,0,4,0,0,3,0,0,15
U020063,13,2,3,3,4,5,1,2,15
U020064,18,3,5,4,0,2,0,1,30
U020065,11,1,6,5,0,3,3,2,13
U020066,17,1,5,1,1,4,2,0,18
U020067,9,7,4,4,0,5,2,0,13
U020068,11,2,3,4,5,4,0,1,15
U020069,13,3,4,3,0,13,2,3,24
U020070,9,1,6,6,0,3,0,1,22
U020071,10,1,5,2,1,3,1,1,12
U020072,11,0,6,2,0,6,4,0,12
U020073,11,5,8,3,0,7,0,2,25
U020074,16,3,3,6,0,7,2,0,20
U020075,12,1,2,3,2,3,0,0,13
U020076,20,6,5,2,1,7,2,1,30
U020077,15,0,5,1,1,10,0,0,15
U020078,13,1,7,4,2,8,2,0,14
U020079,10,2,2,3,0,3,1,1,23
U020080,19,5,7,5,0,2,1,1,28
U020081,12,1,2,2,1,6,2,0,26
U020082,13,0,12,2,0,3,1,1,14
U020083,11,1,2,1,1,1,1,0,22
U020084,13,1,7,1,0,1,3,2,19
U020085,9,2,5,2,1,4,0,1,23
U020086,12,2,4,2,0,4,3,0,16
U020087,18,5,6,5,7,6,2,0,22
U020088,21,4,13,3,1,12,1,0,25
U020089,12,0,3,7,2,5,0,0,20
U020090,20,3,8,4,2,11,2,2,31
U020091,12,0,3,1,0,2,4,1,19
U020092,9,2,6,5,1,11,0,1,21
U020093,10,5,3,2,3,5,1,0,17
U020094,5,0,5,0,2,8,0,1,16
U020095,15,2,5,1,0,2,2,5,25
U020096,13,3,6,0,0,4,0,2,27
U020097,12,3,5,0,1,7,1,2,12
U020098,8,1,5,4,4,0,3,1,11
U020099,19,7,8,2,4,13,0,1,20
U020100,15,2,6,2,0,4,4,2,17
U020101,14,1,7,2,0,6,1,3,18
U020102,9,3,10,6,1,3,4,2,28
U020103,4,0,1,1,4,6,0,0,10
U020104,8,2,4,2,1,4,2,1,15
U020105,11,1,9,1,0,9,2,0,20
U020106,12,3,3,5,0,6,0,2,30
U020107,16,0,8,5,0,7,4,3,20
U020108,17,1,6,1,0,6,4,3,13
U020109,19,3,4,4,6,8,1,0,24
U020110,12,4,5,4,0,9,2,3,25
U020111,11,2,2,2,0,2,1,0,11
U020112,9,1,7,0,2,3,1,1,14
U020113,5,0,0,2,3,4,0,0,18
U020114,12,2,4,1,0,8,1,1,22
U020115,11,4,8,2,0,4,1,1,23
U020116,13,1,5,1,2,6,1,0,18
U020117,23,5,8,6,1,15,3,1,20
U020118,18,2,3,3,3,7,1,1,24
U020119,9,7,9,5,0,4,1,1,27
U020120,12,2,3,2,0,7,1,1,18
U020121,15,2,7,2,0,3,2,2,16
U020122,25,2,14,2,0,9,2,2,28
U020123,15,0,3,5,0,6,1,0,22
U020124,14,3,6,5,0,2,1,2,19
U020125,11,0,4,2,0,4,3,0,20
U020126,15,0,1,1,7,2,6,0,11
U020127,5,1,3,0,0,6,0,0,10
U020128,10,3,7,2,0,3,1,0,17
U020129,6,0,2,1,3,3,0,1,11
U020130,19,1,1,2,1,6,0,2,10
U020131,12,4,3,6,1,5,4,1,23
U020132,15,4,6,4,0,6,0,0,18
U020133,17,0,8,2,0,8,1,1,23
U020134,12,0,6,0,3,4,0,1,16
U020135,12,1,11,4,2,9,2,3,20
U020136,6,2,5,2,0,4,0,0,13
U020137,9,3,2,2,3,8,1,0,15
U020138,15,0,5,1,0,4,2,1,18
U020139,14,4,12,3,3,7,2,0,27
U020140,6,1,3,1,1,7,0,1,15
U020141,17,3,7,3,1,3,1,2,22
U020142,16,6,5,4,0,6,0,1,28
U020143,20,4,7,4,0,8,0,1,29
U020144,12,2,6,3,0,7,2,2,17
U020145,6,1,2,0,4,2,1,2,15
U020146,8,0,6,2,1,3,0,0,9
U020147,8,0,6,2,0,4,0,1,28
U020148,27,1,4,2,0,4,0,2,22
U020149,20,2,9,6,0,12,2,2,48
U020150,10,0,4,3,0,5,0,0,18
U020151,14,6,6,4,6,8,0,1,22
U020152,14,1,2,2,1,3,1,0,18
U020153,9,2,5,4,0,9,2,1,15
U020154,16,1,2,7,1,12,4,1,23
U020155,10,0,5,3,0,4,0,0,10
U020156,13,5,9,6,0,9,1,0,32
U020157,10,5,4,2,0,6,1,0,18
U020158,11,0,3,2,1,7,2,1,27
U020159,14,2,5,5,1,6,1,1,17
U020160,7,1,4,1,2,2,0,0,5
U020161,12,2,4,2,1,7,3,2,25
U020162,13,1,4,1,0,6,0,1,22
U020163,14,2,7,2,3,5,1,1,15
U020164,11,2,2,5,0,7,0,3,14
U020165,21,2,11,3,0,5,1,1,27
U020166,10,1,8,2,1,3,1,1,14
U020167,10,2,7,0,1,7,0,0,17
U020168,15,3,7,2,1,6,4,0,26
U020169,7,0,5,1,0,3,0,0,19
U020170,13,2,6,2,0,3,0,0,13
U020171,12,2,5,2,0,5,0,0,24
U020172,9,0,3,3,1,8,0,1,25
U020173,11,1,3,4,0,5,1,1,21
U020174,16,5,10,5,0,11,4,0,35
U020175,12,0,3,2,0,2,1,1,15
U020176,16,4,7,3,0,11,0,2,25
U020177,9,4,0,3,1,4,2,0,21
U020178,13,3,11,9,0,12,0,0,39
U020179,9,0,8,4,0,2,0,1,15
U020180,18,2,7,6,0,10,1,1,27
U020181,17,5,8,6,0,5,1,0,37
U020182,11,0,7,3,4,2,1,0,9
U020183,20,4,7,3,1,3,3,0,25
U020184,11,0,5,2,0,7,0,0,17
U020185,5,1,4,1,2,3,3,0,11
U020186,9,2,9,2,1,6,0,0,15
U020187,15,2,9,3,0,9,0,0,26
U020188,11,1,7,3,1,11,3,1,30
U020189,9,1,6,0,0,8,0,2,18
U020190,10,3,8,5,1,5,1,1,17
U020191,21,2,9,1,0,5,4,0,29
U020192,14,2,10,2,1,3,3,0,21
U020193,18,4,10,2,0,3,1,1,32
U020194,12,1,2,4,0,4,0,1,25
U020195,17,0,3,2,0,4,1,0,15
U020196,7,2,4,2,6,4,0,0,16
U020197,15,1,14,3,0,6,1,2,24
U020198,9,0,6,2,2,7,0,0,13
U020199,9,1,5,2,2,2,0,0,18
U020200,8,2,2,1,1,3,2,1,17
U020201,21,3,5,4,0,6,2,1,24
U020202,11,0,2,5,0,6,0,1,19
U020203,16,3,6,4,0,10,0,2,28
U020204,18,1,6,4,0,4,0,3,13
U020205,17,1,6,3,0,3,1,0,21
U020206,10,2,4,4,2,4,1,0,21
U020207,10,3,6,2,1,6,2,0,23
U020208,15,0,4,3,0,5,2,0,17
U020209,18,0,4,1,0,3,1,1,23
U020210,12,0,5,4,0,4,2,1,20
U020211,15,1,3,6,1,5,2,1,23
U020212,8,1,9,2,0,2,0,1,22
U020213,16,4,10,3,0,4,0,2,27
U020214,14,2,8,1,0,5,1,0,22
U020215,16,3,4,1,0,8,0,0,21
U020216,11,1,6,1,0,5,2,3,19
U020217,14,1,6,3,0,6,0,0,19
U020218,16,1,5,0,0,6,1,1,22
U020219,4,0,5,1,2,6,1,0,13
U020220,7,2,7,4,0,5,0,0,26
U020221,16,4,5,2,1,5,2,2,20
U020222,11,0,1,2,2,2,2,1,12
U020223,8,3,4,1,0,5,2,2,15
U020224,12,1,7,3,1,10,0,1,20
U020225,14,1,4,3,0,4,0,1,11
U020226,13,8,7,2,6,13,0,1,24
U020227,6,0,4,5,0,4,1,0,19
U020228,15,0,7,2,0,5,1,0,20
U020229,10,2,9,3,0,4,1,2,27
U020230,8,1,7,0,1,3,4,0,22
U020231,15,2,7,8,0,7,0,1,21
U020232,21,0,11,5,2,7,2,3,26
U020233,3,5,6,3,0,8,0,2,22
U020234,17,3,5,2,0,5,0,1,26
U020235,20,2,6,8,0,9,3,0,26
U020236,7,0,6,1,4,2,0,3,9
U020237,17,4,5,4,3,6,0,0,19
U020238,11,3,3,3,4,4,0,0,24
U020239,8,1,3,0,1,1,0,2,17
U020240,13,2,10,0,0,5,2,1,30
U020241,7,0,4,2,3,6,0,0,10
U020242,9,1,8,4,1,4,2,2,15
U020243,17,1,4,1,1,9,3,1,27
U020244,13,4,5,3,0,4,0,1,21
U020245,11,2,6,6,2,7,1,1,28
U020246,18,1,4,3,4,5,1,0,19
U020247,10,0,8,2,0,6,1,1,16
U020248,11,0,6,4,0,3,1,1,15
U020249,15,3,5,2,0,8,0,1,16
U020250,15,3,6,4,3,4,3,3,24
U020251,7,0,3,1,8,3,1,2,11
U020252,7,0,6,2,0,3,0,0,8
U020253,15,4,2,2,0,0,1,1,17
U020254,9,0,8,2,0,5,2,2,17
U020255,11,1,4,3,1,4,3,1,18
U020256,17,2,5,3,0,3,2,1,26
U020257,12,3,7,8,0,4,1,1,29
U020258,16,2,5,4,1,5,0,0,16
U020259,17,5,5,3,0,6,0,0,21
U020260,6,2,4,3,2,3,0,1,22
U020261,10,0,4,1,1,3,2,1,15
U020262,13,3,3,4,0,12,1,0,27
U020263,13,0,9,4,0,6,2,1,22
U020264,16,4,8,1,0,4,3,1,9
U020265,16,4,10,5,2,11,2,0,34
U020266,10,2,10,2,0,2,0,0,14
U020267,9,2,9,4,1,4,0,1,14
U020268,12,3,6,2,1,5,1,1,23
U020269,23,5,11,7,0,8,2,0,26
U020270,28,1,6,8,0,10,1,2,24
U020271,14,2,7,0,0,5,0,1,26
U020272,11,1,3,5,3,3,1,2,15
U020273,7,0,8,3,7,4,0,1,21
U020274,3,1,4,3,1,5,0,1,3
U020275,15,1,10,3,0,8,2,2,19
U020276,5,1,5,3,0,9,2,2,12
U020277,18,1,4,4,0,10,1,2,24
U020278,11,2,5,6,2,6,3,0,25
U020279,22,2,7,4,0,3,4,1,20
U020280,12,1,11,4,0,5,2,0,19
U020281,12,0,7,0,0,3,0,2,17
U020282,19,2,9,5,1,14,3,0,38
U020283,11,2,3,1,0,7,1,1,22
U020284,9,0,2,2,0,8,2,2,17
U020285,17,5,13,3,5,7,2,1,21
U020286,9,2,10,2,3,5,1,0,22
U020287,6,4,3,0,3,3,0,0,15
U020288,14,5,9,2,0,7,3,0,25
U020289,12,4,5,2,0,6,0,0,18
U020290,10,4,7,4,0,8,0,0,21
U020291,7,0,3,1,1,2,1,0,6
U020292,9,0,6,4,1,12,2,4,18
U020293,13,4,9,3,0,3,0,0,21
U020294,20,1,13,2,1,7,2,3,27
U020295,8,0,0,0,1,8,1,1,19
U020296,11,1,7,5,0,11,1,0,20
U020297,4,0,4,2,0,7,1,2,17
U020298,13,5,6,4,0,9,3,1,20
U020299,18,2,7,8,1,13,5,2,34
U020300,19,2,6,1,0,5,4,0,31
U020301,12,2,9,1,0,8,3,0,29
U020302,14,4,7,5,0,10,3,0,25
U020303,13,7,6,2,2,9,2,2,29
U020304,20,4,10,2,2,8,1,0,30
U020305,13,3,6,3,0,7,3,1,25
U020306,17,1,6,3,0,2,2,2,24
U020307,10,2,6,2,3,3,1,2,21
U020308,6,1,8,5,1,4,1,1,20
U020309,17,3,5,3,0,7,1,0,24
U020310,12,2,8,3,2,3,2,1,17
U020311,11,4,3,2,0,6,0,1,21
U020312,13,2,5,4,5,5,0,3,23
U020313,10,0,2,4,1,1,2,1,13
U020314,11,1,7,3,0,8,1,0,29
U020315,19,0,6,5,1,7,0,1,22
U020316,10,0,7,6,0,4,2,2,12
U020317,12,1,6,2,1,5,0,1,21
U020318,7,2,2,5,0,14,0,2,14
U020319,9,2,5,2,0,5,0,1,22
U020320,13,0,10,4,0,4,0,1,21
U020321,14,2,5,3,0,10,2,0,27
U020322,11,0,6,2,0,4,1,2,17
U020323,12,1,9,2,1,4,2,0,15
U020324,9,0,3,1,0,7,1,0,25
U020325,10,1,4,2,0,6,0,1,16
U020326,6,2,9,5,0,8,1,0,24
U020327,13,4,3,1,2,5,1,3,15
U020328,11,2,5,3,10,2,3,2,11
U020329,10,3,8,2,0,8,0,3,22
U020330,21,3,7,2,0,3,2,1,24
U020331,20,3,10,4,0,7,3,0,28
U020332,15,4,10,0,1,7,0,1,32
U020333,15,5,6,8,0,4,1,0,25
U020334,11,6,6,4,0,5,1,0,22
U020335,9,2,7,1,0,8,0,0,17
U020336,9,1,9,1,0,5,0,1,17
U020337,13,2,8,4,0,2,0,0,17
U020338,7,0,7,3,1,7,1,4,17
U020339,7,1,4,5,0,5,0,0,22
U020340,10,1,2,2,4,5,1,0,13
U020341,13,4,13,6,0,4,1,0,19
U020342,18,3,6,2,4,3,1,1,22
U020343,5,0,5,1,0,5,1,1,15
U020344,15,4,8,5,1,8,1,2,21
U020345,16,2,5,4,1,8,1,0,17
U020346,12,2,7,3,3,5,1,1,14
U020347,19,2,7,2,0,11,0,1,36
U020348,20,3,5,8,1,8,2,1,22
U020349,6,2,2,3,1,3,0,1,16
U020350,13,1,6,1,0,7,1,1,25
U020351,20,8,4,3,0,4,1,0,20
U020352,15,0,5,1,0,4,1,2,21
U020353,7,2,4,0,0,4,0,0,11
U020354,18,0,5,3,3,5,4,2,24
U020355,11,1,4,3,0,4,1,2,17
U020356,12,0,0,3,3,2,0,1,10
U020357,21,0,10,5,0,9,1,1,38
U020358,17,1,8,4,2,8,3,2,29
U020359,9,2,8,5,0,6,1,1,24
U020360,14,0,6,2,0,9,3,0,25
U020361,11,2,6,1,0,8,1,0,12
U020362,12,4,5,5,0,3,0,0,19
U020363,11,2,5,1,5,10,1,1,28
U020364,9,4,5,0,0,4,1,0,32
U020365,13,0,6,1,0,1,0,0,14
U020366,10,1,7,5,3,5,0,3,24
U020367,12,4,8,0,6,9,1,1,17
U020368,9,0,3,2,1,7,0,0,12
U020369,15,0,8,3,1,10,3,1,24
U020370,10,1,7,2,1,3,0,1,10
U020371,9,0,2,2,0,7,0,1,24
U020372,13,1,4,2,0,6,2,0,19
U020373,8,1,4,2,1,8,0,1,25
U020374,16,6,5,3,1,5,1,0,31
U020375,19,0,8,7,0,5,1,2,12
U020376,13,1,3,3,0,3,2,2,13
U020377,12,2,7,5,1,3,0,2,20
U020378,6,0,4,2,2,2,2,0,14
U020379,12,6,4,2,0,4,0,1,17
U020380,7,0,3,2,0,7,1,2,11
U020381,10,1,7,5,0,7,0,0,24
U020382,15,2,7,3,0,4,2,4,12
U020383,16,1,10,8,0,9,1,1,23
U020384,12,0,2,2,0,4,1,1,20
U020385,10,1,3,2,0,6,0,2,14
U020386,1,0,2,1,3,4,0,0,18
U020387,11,1,2,0,2,5,0,1,13
U020388,13,0,4,2,1,8,3,2,12
U020389,16,6,6,2,2,4,1,1,18
U020390,8,2,8,2,0,5,3,1,11
U020391,17,7,6,3,2,8,4,0,24
U020392,12,1,7,4,2,5,0,1,16
U020393,19,2,4,2,0,8,0,0,17
U020394,14,4,6,7,1,8,5,1,30
U020395,18,1,3,4,2,6,0,0,13
U020396,20,5,8,4,0,9,4,1,23
U020397,17,7,7,4,0,4,0,1,16
U020398,18,7,7,2,0,6,3,1,31
U020399,6,1,2,2,3,3,2,2,12
U020400,11,0,4,0,0,4,1,2,14
U020401,15,5,7,2,0,5,0,0,29
U020402,4,0,6,2,4,0,0,1,10
U020403,7,2,6,6,2,6,3,1,18
U020404,19,3,8,3,0,7,1,0,23
U020405,14,2,5,3,0,4,2,1,19
U020406,11,7,9,2,1,9,4,2,33
U020407,8,3,6,3,0,4,1,0,19
U020408,6,1,4,3,0,5,3,0,18
U020409,9,3,1,1,0,5,2,0,30
U020410,10,3,2,2,0,3,0,1,12
U020411,7,1,3,3,1,1,2,1,12
U020412,11,2,4,3,1,7,1,0,17
U020413,22,4,3,5,0,6,0,2,27
U020414,16,2,5,3,0,10,1,2,21
U020415,15,0,9,6,0,6,1,0,29
U020416,9,5,6,3,1,6,0,0,19
U020417,12,6,10,2,0,3,1,0,21
U020418,17,5,12,2,2,8,3,3,26
U020419,10,1,4,0,0,3,0,0,16
U020420,15,1,7,0,0,7,1,0,25
U020421,16,1,4,3,0,1,0,0,19
U020422,15,3,4,0,4,10,0,0,31
U020423,10,1,5,4,2,5,1,1,15
U020424,11,1,4,3,2,3,0,2,19
U020425,17,3,8,2,0,3,0,0,14
U020426,14,0,5,3,0,4,0,1,21
U020427,10,2,2,4,5,7,2,1,13
U020428,13,2,8,3,0,5,1,3,26
U020429,16,3,10,6,0,11,2,0,22
U020430,12,6,9,10,1,7,0,0,18
U020431,13,0,6,3,1,3,0,2,11
U020432,7,1,9,0,4,5,0,1,9
U020433,9,1,1,1,8,4,1,0,13
U020434,9,2,5,2,1,7,0,1,18
U020435,18,3,5,3,3,4,1,1,39
U020436,9,1,8,1,0,8,2,0,12
U020437,18,5,11,1,0,6,2,1,32
U020438,15,7,6,3,1,5,2,0,28
U020439,8,1,9,2,0,5,1,1,16
U020440,12,0,1,4,0,5,0,2,19
U020441,17,4,8,1,2,1,1,1,22
U020442,12,1,3,0,1,5,0,1,10
U020443,13,2,6,2,0,2,1,1,30
U020444,13,1,2,3,1,3,0,0,15
U020445,8,3,3,2,0,3,0,1,13
U020446,21,2,4,3,1,7,1,1,22
U020447,11,1,8,7,0,8,1,1,21
U020448,21,5,5,4,1,7,3,2,39
U020449,8,1,10,2,3,3,1,1,14
U020450,9,4,3,2,2,3,0,0,12
U020451,19,3,3,6,2,3,2,2,27
U020452,6,2,2,1,1,4,2,1,22
U020453,14,4,2,2,2,6,3,0,28
U020454,9,1,8,4,4,4,2,2,15
U020455,16,3,9,4,0,6,1,3,26
U020456,7,0,7,3,0,5,0,2,20
U020457,11,0,5,3,0,1,0,1,25
U020458,11,4,5,4,0,6,2,0,26
U020459,18,3,11,5,0,3,3,1,28
U020460,12,4,5,3,0,2,1,0,24
U020461,18,4,7,2,0,8,1,3,21
U020462,11,1,2,1,0,4,3,1,20
U020463,19,5,7,1,0,8,1,2,31
U020464,7,4,7,4,5,2,1,2,15
U020465,14,0,6,5,0,3,0,1,17
U020466,17,4,7,1,0,8,2,0,22
U020467,20,3,8,1,0,6,1,3,12
U020468,13,2,2,0,0,3,0,1,13
U020469,12,1,3,4,0,2,2,1,19
U020470,12,1,4,4,1,4,0,0,8
U020471,10,0,3,2,0,4,0,1,14
U020472,16,3,3,2,2,14,3,2,23
U020473,6,6,5,1,0,5,2,0,20
U020474,14,0,13,6,0,7,4,3,29
U020475,15,0,5,0,2,4,1,1,13
U020476,15,3,3,2,1,5,1,1,30
U020477,12,1,4,2,0,6,0,1,13
U020478,19,5,8,3,0,3,2,0,20
U020479,14,3,3,3,0,6,0,2,19
U020480,11,3,13,6,0,6,0,1,33
U020481,17,0,5,3,0,1,1,4,21
U020482,10,3,2,2,2,4,2,0,17
U020483,18,4,7,5,1,8,1,0,27
U020484,14,2,4,3,0,11,1,3,15
U020485,11,0,9,4,0,3,0,2,13
U020486,13,3,4,4,0,3,1,0,22
U020487,12,5,13,4,0,4,0,0,28
U020488,12,3,6,1,0,9,1,2,24
U020489,16,0,13,4,1,15,5,3,14
U020490,21,6,17,2,0,1,2,2,33
U020491,9,3,9,1,0,11,1,1,22
U020492,13,6,2,3,1,7,1,0,19
U020493,7,0,2,0,3,1,1,2,11
U020494,8,0,7,0,0,2,0,0,14
U020495,14,0,6,5,0,2,1,2,23
U020496,18,5,5,5,2,6,0,2,26
U020497,17,2,11,6,0,5,1,0,30
U020498,10,0,5,3,1,5,0,0,11
U020499,9,5,5,6,0,8,1,2,20
U020500,11,0,8,3,0,4,1,2,19
U020501,16,2,8,4,1,3,0,1,21
U020502,16,3,6,5,0,6,1,0,22
U020503,9,2,5,0,4,3,0,0,12
U020504,6,1,5,4,0,6,2,0,19
U020505,18,4,6,5,0,7,0,2,26
U020506,7,0,5,0,0,5,1,0,16
U020507,10,1,6,0,0,4,1,3,22
U020508,9,1,2,3,0,5,2,1,18
U020509,10,0,4,2,0,9,1,0,21
U020510,6,0,5,1,0,7,3,1,13
U020511,14,3,4,1,1,7,0,2,15
U020512,8,1,2,1,4,1,1,0,8
U020513,7,0,3,1,1,4,2,0,17
U020514,10,0,4,3,2,4,0,0,19
U020515,8,1,4,2,0,7,0,1,22
U020516,9,1,10,1,0,5,2,0,21
U020517,15,3,0,2,1,3,2,1,18
U020518,11,1,5,4,0,5,2,0,24
U020519,21,5,5,4,0,3,1,0,26
U020520,10,1,2,1,1,6,0,0,12
U020521,12,4,7,1,0,5,1,1,9
U020522,15,4,7,7,0,5,1,1,30
U020523,17,1,6,4,0,5,1,2,8
U020524,5,4,5,5,0,6,1,1,17
U020525,14,1,6,0,1,6,1,2,25
U020526,12,1,5,1,2,3,3,0,18
U020527,15,6,7,4,0,9,3,0,24
U020528,8,1,0,4,0,4,1,1,7
U020529,16,2,6,3,1,3,0,1,15
U020530,17,4,7,0,1,4,3,1,27
U020531,15,1,4,1,0,2,0,3,14
U020532,13,2,6,1,2,5,1,2,11
U020533,17,4,5,1,0,10,3,1,15
U020534,18,1,9,3,1,7,1,0,35
U020535,9,0,2,2,1,6,2,2,19
U020536,1,0,6,3,2,2,0,1,9
U020537,23,2,10,6,0,11,3,1,25
U020538,16,1,7,3,0,4,0,2,10
U020539,13,2,3,1,10,10,0,1,19
U020540,12,1,8,4,0,4,1,1,10
U020541,12,0,2,1,1,4,3,0,10
U020542,17,5,2,3,1,4,1,3,11
U020543,10,0,5,2,2,3,1,1,17
U020544,14,1,6,1,1,8,1,1,21
U020545,14,0,3,0,0,1,1,0,16
U020546,10,0,7,0,0,7,1,2,17
U020547,7,1,6,2,0,4,2,1,15
U020548,11,1,4,4,1,3,1,3,18
U020549,14,2,8,2,1,7,1,1,34
U020550,13,1,6,4,0,2,0,1,26
U020551,16,1,4,5,1,6,0,0,26
U020552,17,6,2,9,1,7,2,0,17
U020553,11,3,7,5,0,8,0,1,10
U020554,17,2,5,3,1,5,1,1,20
U020555,8,1,4,4,0,5,0,1,20
U020556,8,1,4,6,2,4,0,0,10
U020557,10,3,6,2,4,2,2,2,25
U020558,16,2,5,4,1,6,0,1,24
U020559,18,2,3,8,0,5,1,0,18
U020560,16,4,8,2,0,7,0,0,16
U020561,7,0,11,6,0,8,2,0,19
U020562,14,4,8,2,1,12,1,0,20
U020563,2,1,7,1,0,5,2,1,15
U020564,14,1,4,4,0,1,0,2,19
U020565,12,0,3,1,2,0,0,0,9
U020566,8,3,6,2,0,4,0,2,20
U020567,16,7,10,3,0,8,0,2,35
U020568,6,2,7,1,0,7,0,0,29
U020569,7,0,1,3,0,6,0,5,17
U020570,13,0,6,3,0,8,0,1,26
U020571,8,2,9,0,0,10,0,2,20
U020572,14,0,5,4,0,4,2,0,15
U020573,14,1,4,2,0,3,1,0,16
U020574,12,3,8,3,6,8,1,1,19
U020575,17,3,7,5,0,7,1,0,28
U020576,9,0,4,2,3,1,2,1,14
U020577,11,2,8,1,0,8,2,3,37
U020578,15,0,4,1,0,4,3,0,11
U020579,8,3,5,2,5,6,2,1,15
U020580,15,4,7,2,0,7,3,0,32
U020581,9,5,4,4,0,9,4,1,24
U020582,16,1,3,0,0,7,0,0,19
U020583,9,0,5,5,0,5,1,0,24
U020584,17,1,3,2,0,3,2,2,21
U020585,13,2,3,6,0,6,3,0,15
U020586,10,1,14,1,0,6,1,1,24
U020587,11,2,2,5,3,2,1,1,14
U020588,22,3,13,2,0,10,1,1,29
U020589,8,0,3,1,2,2,2,1,15
U020590,13,5,12,5,1,8,3,2,25
U020591,11,2,6,1,4,4,1,0,6
U020592,22,1,4,1,0,5,1,1,20
U020593,6,0,6,2,1,5,0,0,21
U020594,10,1,5,1,4,3,0,1,13
U020595,3,1,2,2,4,2,1,0,8
U020596,9,1,4,3,0,5,1,0,15
U020597,10,2,7,2,0,5,0,0,38
U020598,11,1,2,1,0,8,2,0,14
U020599,5,0,3,8,3,5,0,0,8
U020600,19,4,5,3,0,8,2,2,27
U020601,11,2,3,4,1,7,0,0,32
U020602,17,2,11,5,1,3,0,1,21
U020603,10,1,4,3,0,4,1,0,11
U020604,14,3,2,5,0,5,1,0,27
U020605,11,1,3,1,5,7,1,1,18
U020606,6,1,4,1,0,8,1,2,8
U020607,14,5,3,3,0,9,4,0,19
U020608,8,7,8,1,0,9,2,1,30
U020609,14,4,5,4,0,5,2,0,22
U020610,13,0,6,4,0,0,0,1,24
U020611,15,1,2,3,0,1,2,0,20
U020612,18,5,11,4,0,6,0,1,28
U020613,11,4,5,3,3,10,2,3,23
U020614,9,1,3,3,0,6,0,1,25
U020615,12,2,7,0,0,3,0,0,22
U020616,11,1,9,4,4,2,2,0,12
U020617,11,4,0,2,0,9,1,1,21
U020618,8,0,4,2,0,4,4,0,12
U020619,15,6,9,2,0,3,1,0,32
U020620,5,2,5,3,0,4,0,1,17
U020621,19,0,8,1,0,5,1,3,16
U020622,15,1,5,5,0,5,1,0,8
U020623,9,5,5,0,0,6,1,1,20
U020624,9,1,3,1,8,3,0,2,9
U020625,13,2,11,4,0,7,1,0,19
U020626,13,1,7,4,0,5,1,2,22
U020627,17,2,8,5,0,6,3,3,15
U020628,14,3,11,4,1,11,3,1,32
U020629,18,1,7,3,1,3,2,2,14
U020630,12,0,8,1,0,5,1,1,8
U020631,14,2,5,5,0,5,3,2,22
U020632,6,0,3,4,0,6,3,0,11
U020633,13,1,9,2,1,5,1,0,16
U020634,10,0,5,4,2,0,1,0,15
U020635,21,4,3,7,0,6,0,3,30
U020636,13,3,10,3,2,3,0,1,23
U020637,17,3,13,7,0,4,3,0,23
U020638,14,5,7,1,1,5,1,0,27
U020639,12,4,5,4,0,12,0,0,27
U020640,19,2,6,4,1,8,5,2,25
U020641,7,1,5,1,2,6,2,0,11
U020642,27,5,5,1,1,7,1,1,29
U020643,14,5,6,4,0,10,1,2,22
U020644,21,4,7,3,0,3,3,2,28
U020645,13,0,2,6,0,6,0,0,11
U020646,15,3,10,8,0,7,1,1,19
U020647,17,2,3,2,0,2,3,2,21
U020648,11,2,3,2,0,5,0,2,19
U020649,16,2,4,6,0,7,2,1,26
U020650,8,0,3,3,2,3,1,1,9
U020651,11,3,7,6,0,2,0,1,21
U020652,12,1,4,3,0,6,0,0,12
U020653,10,0,2,2,3,1,2,0,15
U020654,17,0,4,6,0,1,1,1,21
U020655,16,5,5,2,0,9,2,1,31
U020656,12,3,7,3,0,5,1,2,19
U020657,11,0,4,2,2,4,1,2,10
U020658,13,0,1,4,0,1,1,3,17
U020659,12,2,3,0,4,3,0,1,19
U020660,15,1,9,5,0,5,0,1,20
U020661,12,6,9,3,0,5,1,1,24
U020662,7,0,5,2,0,3,0,0,17
U020663,16,2,6,7,0,5,1,0,22
U020664,14,1,2,5,0,8,2,0,13
U020665,10,0,5,3,0,10,0,0,12
U020666,16,2,5,2,0,10,2,0,23
U020667,13,2,9,3,5,5,2,2,22
U020668,16,2,9,3,1,9,1,2,17
U020669,10,3,8,3,1,4,1,1,17
U020670,12,3,6,3,0,8,2,1,20
U020671,16,4,8,4,0,9,2,1,25
U020672,18,7,4,6,0,4,0,2,17
U020673,17,2,7,2,0,7,0,1,19
U020674,8,0,6,1,0,5,1,1,10
U020675,6,1,2,2,0,5,0,1,14
U020676,9,1,3,1,0,3,0,0,12
U020677,12,0,2,3,0,4,0,1,13
U020678,15,0,2,2,0,3,0,3,11
U020679,12,1,7,2,0,5,1,0,16
U020680,17,3,8,2,1,3,0,1,18
U020681,10,0,1,0,0,7,2,1,19
U020682,13,0,1,3,0,4,0,2,19
U020683,15,2,1,1,6,3,1,0,20
U020684,10,4,4,5,0,6,1,1,20
U020685,9,0,2,4,2,3,1,0,10
U020686,16,1,8,1,2,5,1,0,16
U020687,19,2,10,3,2,7,2,2,27
U020688,13,5,7,8,0,8,1,1,22
U020689,7,1,2,0,4,2,1,2,8
U020690,12,3,8,1,0,5,2,1,26
U020691,14,0,8,4,0,5,1,2,18
U020692,12,2,5,3,0,3,2,0,29
U020693,17,3,2,1,0,6,2,0,22
U020694,10,3,4,4,0,5,3,0,25
U020695,10,0,1,3,0,4,0,2,12
U020696,20,3,6,5,0,6,3,2,23
U020697,8,1,9,6,1,3,0,0,21
U020698,10,2,11,1,0,1,0,0,22
U020699,12,2,3,4,0,6,1,0,13
U020700,13,1,7,2,5,5,3,1,11
U020701,14,4,9,2,3,4,3,1,21
U020702,14,6,4,2,1,8,4,1,17
U020703,13,1,7,3,0,7,0,0,13
U020704,19,2,4,2,0,7,0,0,17
U020705,18,5,2,2,1,6,0,0,18
U020706,12,2,5,7,2,5,2,2,18
U020707,14,1,3,2,0,8,1,0,12
U020708,24,5,9,3,4,6,0,1,25
U020709,9,1,4,6,0,3,0,1,18
U020710,13,2,6,3,5,6,2,0,16
U020711,17,1,5,3,0,5,0,2,15
U020712,15,1,4,3,0,5,2,3,17
U020713,23,2,10,6,0,7,2,3,25
U020714,16,1,4,3,0,8,0,0,21
U020715,9,1,11,7,0,3,2,0,18
U020716,21,3,8,6,0,8,3,1,23
U020717,17,3,2,1,0,9,0,0,24
U020718,19,5,8,3,0,13,1,2,18
U020719,20,5,4,4,0,8,0,1,19
U020720,14,0,4,1,1,6,0,1,14
U020721,9,2,5,5,8,10,1,0,17
U020722,12,1,1,2,0,3,0,1,16
U020723,7,0,0,0,2,1,1,1,12
U020724,14,1,8,4,1,9,1,2,23
U020725,6,1,1,3,2,2,0,0,11
U020726,18,4,7,4,2,8,0,1,29
U020727,14,5,9,2,1,4,2,0,17
U020728,18,5,7,8,1,6,0,1,28
U020729,2,1,1,3,0,2,1,0,9
U020730,12,2,3,2,0,3,0,1,17
U020731,19,0,3,2,0,3,1,0,18
U020732,12,3,3,4,0,4,2,0,13
U020733,14,1,8,4,0,4,0,0,23
U020734,9,1,5,4,0,7,2,2,15
U020735,14,1,6,2,1,4,1,2,26
U020736,21,1,11,5,0,8,5,0,18
U020737,8,0,3,6,0,3,0,3,10
U020738,5,1,5,1,4,1,0,0,16
U020739,10,0,8,5,3,2,0,0,20
U020740,10,0,1,2,1,7,1,0,23
U020741,11,3,4,2,1,3,0,1,27
U020742,12,1,5,5,0,7,0,3,20
U020743,14,2,2,3,0,8,2,1,23
U020744,8,0,1,1,0,3,1,2,9
U020745,12,0,2,5,0,8,2,1,25
U020746,11,0,7,4,1,2,3,1,14
U020747,8,1,4,0,0,5,0,0,17
U020748,13,4,8,2,1,4,5,0,24
U020749,5,2,4,2,1,2,1,1,19
U020750,14,1,7,2,0,3,2,0,13
U020751,22,4,6,1,0,10,4,1,24
U020752,12,1,5,3,3,2,2,1,7
U020753,11,3,6,4,0,6,0,0,23
U020754,12,6,4,2,0,5,2,0,11
U020755,9,1,4,6,2,3,1,0,15
U020756,21,1,9,8,0,6,0,1,25
U020757,17,3,11,3,0,9,2,0,34
U020758,22,6,7,3,2,9,0,2,22
U020759,22,0,10,1,0,6,0,1,22
U020760,13,3,8,0,0,10,5,1,32
U020761,16,4,6,0,0,4,0,0,23
U020762,3,0,7,5,0,6,0,1,21
U020763,9,5,7,2,0,8,0,2,22
U020764,17,5,7,2,0,6,3,1,21
U020765,20,2,5,6,0,7,0,1,23
U020766,19,2,7,2,0,8,6,1,31
U020767,11,4,7,2,0,6,2,0,16
U020768,13,1,3,1,6,1,0,1,17
U020769,6,1,11,2,0,2,3,1,23
U020770,21,2,10,5,0,5,2,1,27
U020771,15,3,8,2,0,8,4,2,16
U020772,9,1,3,0,1,2,0,0,15
U020773,17,0,6,4,0,7,1,1,30
U020774,19,3,9,1,0,7,4,1,26
U020775,15,3,4,1,0,5,1,0,22
U020776,18,2,5,3,0,4,2,0,27
U020777,15,0,5,2,0,7,1,0,22
U020778,11,0,4,4,0,6,0,1,16
U020779,14,3,5,1,1,6,2,0,28
U020780,22,3,9,1,0,4,2,1,10
U020781,9,0,5,3,2,7,1,0,22
U020782,8,1,4,0,4,3,3,0,12
U020783,16,4,6,3,0,2,2,3,16
U020784,12,2,9,6,1,5,3,1,25
U020785,9,2,6,4,0,2,0,0,15
U020786,16,5,10,2,5,4,2,2,17
U020787,14,0,5,2,0,7,1,2,17
U020788,14,5,5,1,1,5,1,0,10
U020789,8,1,5,5,4,6,4,1,17
U020790,21,0,1,2,0,2,1,0,20
U020791,12,1,4,5,0,9,2,1,25
U020792,18,0,3,2,0,9,0,2,18
U020793,8,0,6,0,4,3,1,0,7
U020794,13,0,3,1,0,5,3,1,12
U020795,7,0,4,3,1,5,1,1,11
U020796,16,0,4,1,0,4,1,0,20
U020797,14,2,2,2,0,7,0,0,13
U020798,9,4,7,2,0,8,0,1,18
U020799,10,6,6,1,4,2,2,0,19
U020800,3,1,7,0,0,5,2,3,15
U020801,14,2,8,2,1,7,1,0,24
U020802,6,1,2,5,1,4,3,3,19
U020803,9,2,9,2,8,5,1,1,17
U020804,17,2,5,3,0,5,1,0,29
U020805,10,0,3,1,0,5,1,0,18
U020806,6,0,3,2,0,2,0,0,9
U020807,22,2,4,5,0,8,0,0,29
U020808,9,2,5,6,0,3,1,3,28
U020809,9,4,5,1,6,8,2,2,22
U020810,6,3,11,4,0,3,0,0,16
U020811,17,0,4,1,0,5,1,1,19
U020812,19,1,3,3,1,6,1,2,9
U020813,16,2,1,1,0,5,3,0,24
U020814,14,5,13,1,0,6,2,1,22
U020815,18,3,5,3,0,10,2,2,24
U020816,12,2,3,4,0,2,1,1,17
U020817,16,2,6,4,0,4,0,0,33
U020818,7,5,6,1,0,4,6,0,26
U020819,17,0,3,6,0,10,6,0,27
U020820,15,4,10,2,1,10,2,0,31
U020821,18,2,6,2,2,7,2,0,25
U020822,7,1,4,0,1,3,0,1,9
U020823,13,4,8,3,3,5,0,0,16
U020824,8,4,7,8,4,5,0,1,18
U020825,19,2,9,4,0,11,3,0,24
U020826,9,0,2,3,2,3,2,1,12
U020827,14,6,6,5,2,3,3,2,25
U020828,21,1,2,2,1,1,2,0,20
U020829,9,2,3,2,0,5,0,0,15
U020830,12,1,4,2,0,6,2,1,20
U020831,21,2,4,5,1,8,2,3,33
U020832,9,5,6,2,0,4,3,3,27
U020833,9,3,7,5,0,3,0,0,22
U020834,12,4,3,6,1,3,1,0,21
U020835,8,2,6,1,1,6,0,0,21
U020836,11,2,4,2,1,11,1,4,21
U020837,15,5,3,4,1,3,3,0,28
U020838,11,0,6,1,1,2,1,0,13
U020839,10,0,6,5,0,10,2,1,30
U020840,6,0,5,1,4,5,1,0,11
U020841,16,2,2,3,0,6,1,0,8
U020842,7,0,2,3,0,6,0,1,13
U020843,14,2,4,2,0,7,2,2,13
U020844,17,2,8,3,0,6,2,1,19
U020845,14,2,4,5,0,8,0,1,21
U020846,12,0,5,9,0,6,0,1,19
U020847,18,5,5,4,2,8,1,0,23
U020848,8,1,4,1,1,7,0,0,15
U020849,14,1,7,2,0,1,0,0,23
U020850,12,2,3,3,0,9,1,1,16
U020851,22,1,9,6,0,4,1,1,29
U020852,18,6,2,2,0,9,1,0,22
U020853,10,0,5,2,0,5,2,1,17
U020854,17,5,14,5,3,6,1,1,19
U020855,14,5,4,1,0,3,0,0,22
U020856,17,2,6,3,2,4,1,0,18
U020857,10,0,5,2,4,2,3,1,8
U020858,17,3,8,5,0,9,3,0,32
U020859,9,4,5,2,0,3,1,0,20
U020860,23,4,5,4,0,7,0,0,28
U020861,12,3,2,3,0,8,1,1,25
U020862,6,2,5,1,0,2,0,1,19
U020863,11,1,6,6,0,4,2,3,14
U020864,11,3,8,4,1,3,1,0,19
U020865,13,2,6,4,0,5,2,3,16
U020866,13,0,3,2,0,3,1,1,18
U020867,15,2,5,3,0,4,1,1,18
U020868,7,1,5,2,0,4,2,0,17
U020869,13,3,6,1,1,6,1,1,21
U020870,6,0,0,2,2,2,2,0,10
U020871,9,0,5,2,4,2,0,1,20
U020872,10,0,4,8,0,10,0,1,13
U020873,8,0,11,1,0,3,1,2,19
U020874,24,0,2,1,0,6,0,1,18
U020875,11,3,2,3,6,4,3,3,16
U020876,13,1,7,6,0,7,0,0,17
U020877,3,0,3,1,4,2,4,0,14
U020878,6,1,2,3,0,2,4,2,19
U020879,8,1,2,1,0,2,1,2,18
U020880,16,3,7,1,0,5,2,0,28
U020881,9,0,10,1,0,3,1,0,21
U020882,11,5,7,4,0,12,1,2,30
U020883,10,0,7,2,0,6,0,0,20
U020884,17,2,3,5,0,7,2,0,31
U020885,11,5,9,3,0,14,3,0,27
U020886,13,3,2,4,0,10,1,2,19
U020887,9,0,6,4,0,7,2,0,19
U020888,15,2,5,3,0,4,1,1,20
U020889,15,4,5,4,4,6,1,1,22
U020890,20,4,7,5,0,8,1,1,34
U020891,9,2,8,4,0,3,2,3,26
U020892,10,5,7,3,0,6,2,1,23
U020893,19,4,8,3,1,8,2,1,21
U020894,13,6,6,1,0,13,0,2,27
U020895,9,0,2,2,0,0,0,1,17
U020896,12,4,6,2,6,3,1,0,20
U020897,23,2,4,2,0,9,1,1,24
U020898,8,2,6,0,3,6,2,1,18
U020899,17,6,14,3,1,5,1,1,24
U020900,15,4,11,5,0,10,2,0,21
U020901,10,0,1,1,1,2,0,0,20
U020902,11,3,4,0,1,2,0,2,22
U020903,12,1,5,5,0,10,3,1,18
U020904,10,2,2,2,5,6,0,0,16
U020905,11,5,1,3,1,5,2,1,15
U020906,20,4,4,9,0,7,3,2,29
U020907,17,5,7,3,0,8,1,0,23
U020908,17,3,5,4,0,6,1,0,32
U020909,17,5,8,7,1,3,3,0,25
U020910,18,1,7,5,2,8,1,4,14
U020911,13,1,5,0,3,1,1,2,11
U020912,10,6,4,1,0,7,2,1,19
U020913,17,5,5,4,0,4,0,2,26
U020914,13,1,5,2,4,4,0,1,17
U020915,10,3,2,0,1,7,1,0,18
U020916,11,2,8,3,0,8,0,2,15
U020917,11,3,6,8,0,10,1,1,22
U020918,8,1,8,2,4,4,1,1,10
U020919,13,0,6,2,1,4,2,0,14
U020920,11,5,6,3,0,5,0,1,29
U020921,18,4,10,4,0,6,1,0,30
U020922,15,5,9,3,0,5,1,1,30
U020923,16,3,3,2,0,14,2,0,28
U020924,16,0,2,1,0,5,2,0,19
U020925,12,6,5,4,0,4,1,1,19
U020926,15,1,4,3,5,6,1,0,15
U020927,15,2,3,1,0,3,2,2,14
U020928,16,4,5,1,1,6,3,1,19
U020929,16,2,4,2,0,3,1,3,15
U020930,11,1,3,2,1,6,0,0,16
U020931,13,1,4,2,6,5,2,0,17
U020932,15,1,5,3,1,9,1,1,14
U020933,9,3,10,1,0,1,1,1,11
U020934,17,1,5,1,2,9,1,2,19
U020935,14,3,6,5,0,3,3,0,30
U020936,7,0,7,0,3,5,1,0,10
U020937,7,1,5,3,0,6,2,1,16
U020938,12,1,8,6,1,5,1,2,25
U020939,17,2,8,3,0,6,1,1,28
U020940,17,7,3,4,0,9,3,3,30
U020941,11,1,9,5,2,1,3,2,22
U020942,19,3,4,2,0,5,1,0,29
U020943,13,1,8,4,0,7,1,0,16
U020944,10,2,5,2,1,7,1,1,25
U020945,14,2,6,2,0,10,1,0,29
U020946,16,0,4,5,0,6,0,2,16
U020947,20,6,7,3,1,9,0,2,21
U020948,12,5,6,1,0,5,1,1,30
U020949,16,5,10,5,1,8,1,1,34
U020950,18,4,4,8,0,12,1,2,15
U020951,10,0,9,2,0,3,0,1,24
U020952,12,2,9,2,1,7,2,0,18
U020953,11,0,3,1,0,3,3,0,15
U020954,7,1,6,1,0,6,1,1,14
U020955,17,5,12,1,0,5,0,1,27
U020956,17,3,6,3,0,10,1,1,23
U020957,15,6,3,3,1,3,2,2,17
U020958,17,3,7,2,0,4,1,1,20
U020959,23,9,3,3,0,6,1,0,18
U020960,18,4,4,8,0,7,2,1,30
U020961,10,0,4,3,0,4,3,0,27
U020962,15,3,5,3,0,4,0,0,18
U020963,18,1,6,3,0,4,1,0,17
U020964,10,1,7,3,2,3,1,1,20
U020965,21,3,8,5,2,10,2,3,31
U020966,9,0,1,3,4,2,1,1,7
U020967,16,3,9,2,0,8,0,0,25
U020968,14,3,10,1,2,10,2,0,38
U020969,13,2,9,3,0,12,2,0,17
U020970,16,1,5,1,0,4,0,3,20
U020971,16,1,6,2,0,3,2,1,20
U020972,6,0,6,3,1,2,0,0,14
U020973,10,4,7,1,0,5,3,2,23
U020974,12,4,5,4,0,8,0,2,23
U020975,14,2,10,3,1,7,1,2,19
U020976,18,6,3,7,0,6,1,0,25
U020977,15,1,4,2,0,6,2,0,11
U020978,15,4,10,4,1,9,2,0,25
U020979,13,0,4,3,2,4,2,2,24
U020980,9,3,9,3,0,6,2,0,21
U020981,17,0,4,0,3,2,1,0,15
U020982,16,5,9,5,1,8,2,1,33
U020983,13,5,5,0,1,6,2,1,22
U020984,19,0,10,2,1,11,1,0,13
U020985,9,5,4,1,0,3,7,3,25
U020986,15,3,8,2,2,4,0,4,18
U020987,13,0,2,2,0,4,1,2,18
U020988,9,1,3,1,0,1,1,0,17
U020989,10,2,7,3,6,5,1,1,17
U020990,15,5,7,5,0,1,2,0,13
U020991,12,1,7,7,0,4,2,0,24
U020992,12,6,5,3,0,4,3,1,19
U020993,25,2,10,5,0,9,0,0,28
U020994,11,3,8,1,0,6,3,1,22
U020995,17,2,9,4,1,6,1,2,34
U020996,14,4,7,7,0,8,0,1,14
U020997,10,0,3,3,0,2,1,2,19
U020998,11,2,7,4,1,11,1,1,19
U020999,10,0,5,3,0,4,0,0,12
U021000,10,2,7,1,0,6,1,1,16
U021001,10,2,4,0,1,9,1,0,17
U021002,11,4,7,1,0,10,1,1,22
U021003,13,0,4,3,0,7,1,0,18
U021004,17,2,8,0,1,6,1,0,18
U021005,16,2,9,3,0,6,0,1,15
U021006,11,0,5,0,1,4,1,1,26
U021007,8,0,1,0,2,2,1,0,13
U021008,13,1,4,3,0,6,1,0,20
U021009,12,0,9,2,2,5,3,0,19
U021010,17,3,6,4,0,6,1,1,18
U021011,9,2,8,3,0,4,2,0,23
U021012,13,0,7,0,0,6,4,1,18
U021013,8,1,7,3,3,4,1,0,14
U021014,17,2,6,3,2,4,0,1,19
U021015,20,0,8,0,0,8,1,0,23
U021016,14,3,12,2,0,9,3,2,39
U021017,12,6,4,3,7,4,0,0,14
U021018,13,2,9,4,0,4,1,0,20
U021019,11,0,7,2,0,7,1,0,14
U021020,8,2,5,3,0,7,4,0,16
U021021,10,0,6,2,1,10,2,1,24
U021022,24,3,7,8,1,11,0,0,32
U021023,10,4,5,5,0,8,1,0,19
U021024,19,3,6,6,0,11,1,3,33
U021025,9,0,7,7,2,7,2,0,15
U021026,13,1,4,3,0,2,0,1,21
U021027,12,3,4,4,1,4,0,2,14
U021028,6,1,3,4,5,5,1,1,14
U021029,16,4,6,4,0,5,3,0,26
U021030,14,5,3,6,1,9,1,0,14
U021031,12,1,7,3,1,10,1,0,25
U021032,20,5,13,2,0,3,4,1,31
U021033,12,2,4,3,0,7,0,1,11
U021034,11,5,3,4,0,5,0,1,20
U021035,4,0,7,4,1,4,0,1,21
U021036,8,4,7,2,0,6,0,0,35
U021037,10,1,4,2,2,4,0,0,14
U021038,18,1,12,3,0,9,0,0,26
U021039,19,1,8,4,0,4,0,2,25
U021040,19,4,6,3,0,5,2,2,21
U021041,21,10,8,3,0,4,2,1,17
U021042,17,1,6,3,1,3,0,0,15
U021043,11,3,4,2,0,3,2,3,18
U021044,11,3,9,7,0,2,1,0,17
U021045,10,0,7,3,1,6,2,2,19
U021046,13,2,8,5,0,7,1,0,24
U021047,9,1,4,3,1,5,0,2,17
U021048,16,1,5,3,0,9,1,0,15
U021049,5,0,7,7,2,6,1,0,14
U021050,16,1,5,2,0,7,1,1,32
U021051,3,2,5,2,0,1,0,2,15
U021052,13,3,3,5,0,3,1,0,21
U021053,20,5,3,1,1,3,1,0,23
U021054,20,2,13,8,0,6,2,1,25
U021055,17,3,8,6,1,9,3,0,39
U021056,16,4,11,2,0,9,1,0,23
U021057,16,1,4,1,0,10,0,1,21
U021058,16,8,6,5,0,5,2,2,15
U021059,17,2,4,1,0,6,0,0,26
U021060,18,0,7,6,1,5,2,0,22
U021061,15,4,6,7,0,6,1,0,13
U021062,9,3,3,5,0,4,0,2,24
U021063,10,4,10,3,0,4,1,0,22
U021064,8,1,5,2,1,3,1,1,23
U021065,20,4,9,3,2,7,1,1,22
U021066,12,1,6,2,0,7,2,1,34
U021067,9,1,5,3,0,6,0,1,17
U021068,16,4,4,5,0,7,0,0,22
U021069,12,3,7,3,1,10,2,1,26
U021070,11,4,3,3,5,4,1,1,16
U021071,18,2,6,4,0,8,1,0,37
U021072,18,3,8,3,0,4,2,0,17
U021073,16,1,10,0,0,3,2,0,24
U021074,4,0,9,2,0,1,0,2,23
U021075,9,1,3,5,0,7,0,2,28
U021076,12,1,4,1,0,3,0,0,22
U021077,17,1,4,2,2,7,2,1,15
U021078,21,1,4,3,1,5,0,1,28
U021079,12,0,4,0,1,5,1,1,16
U021080,18,2,7,6,0,8,1,0,31
U021081,23,1,3,6,1,5,1,1,26
U021082,17,1,5,5,2,4,2,1,29
U021083,10,1,8,1,1,4,1,1,21
U021084,10,1,1,3,6,5,0,1,12
U021085,20,11,7,0,0,9,2,2,37
U021086,15,1,4,4,0,3,1,3,10
U021087,18,2,9,2,2,8,3,2,31
U021088,14,2,3,1,7,6,3,0,23
U021089,11,2,2,5,1,5,1,0,24
U021090,14,8,6,6,1,7,1,1,16
U021091,16,5,9,0,0,6,1,2,33
U021092,11,2,3,2,0,10,2,1,20
U021093,14,0,5,3,0,6,2,2,18
U021094,17,0,7,1,0,15,1,2,40
U021095,8,0,3,3,1,2,2,0,21
U021096,16,1,4,1,0,5,0,1,32
U021097,19,0,6,2,0,1,1,1,20
U021098,9,2,9,1,4,7,2,0,14
U021099,13,2,3,2,0,6,2,3,18
U021100,9,0,3,0,4,3,1,1,12
U021101,12,0,9,3,0,7,0,2,15
U021102,17,2,10,4,1,8,1,1,23
U021103,12,2,3,1,0,10,3,1,14
U021104,13,1,3,1,1,4,2,0,28
U021105,7,0,7,3,1,4,2,0,26
U021106,21,2,4,3,0,6,0,1,20
U021107,10,5,5,2,1,4,1,0,23
U021108,9,0,3,3,0,5,0,2,13
U021109,7,2,4,1,1,7,0,1,16
U021110,14,1,3,4,0,6,0,0,16
U021111,16,5,4,4,1,4,2,0,27
U021112,19,2,6,3,0,8,3,1,33
U021113,19,4,8,3,1,6,3,0,30
U021114,12,2,3,1,3,3,0,2,13
U021115,8,0,4,2,7,5,1,1,14
U021116,6,1,1,1,4,4,0,0,12
U021117,13,0,3,6,0,3,1,0,18
U021118,11,0,9,3,1,6,0,0,21
U021119,16,0,8,6,0,4,0,1,24
U021120,19,1,1,5,0,7,0,2,17
U021121,17,1,3,3,0,5,1,0,22
U021122,12,1,3,5,0,5,1,1,20
U021123,17,3,3,3,1,7,0,0,25
U021124,15,0,4,3,2,3,5,1,12
U021125,7,1,5,0,0,5,2,1,17
U021126,8,2,2,2,2,2,1,1,14
U021127,9,1,5,2,0,7,1,0,11
U021128,12,0,12,6,0,6,2,4,20
U021129,21,1,2,2,0,6,2,1,19
U021130,16,0,10,3,0,9,2,1,19
U021131,21,4,8,4,0,5,1,0,27
U021132,12,2,9,2,1,6,0,1,37
U021133,12,0,2,5,0,7,0,0,24
U021134,15,0,7,2,2,4,1,2,19
U021135,24,5,6,0,0,7,1,1,30
U021136,22,3,7,1,0,4,1,0,21
U021137,21,6,9,3,0,9,1,3,17
U021138,12,3,5,3,0,4,2,0,14
U021139,8,0,4,2,2,3,0,0,11
U021140,13,2,5,3,1,4,2,1,18
U021141,12,2,7,3,0,12,3,1,16
U021142,14,0,5,3,0,6,1,0,12
U021143,23,3,8,3,1,4,3,2,42
U021144,19,6,4,1,1,5,1,0,18
U021145,11,0,6,2,2,6,2,1,13
U021146,11,7,6,4,6,7,0,3,17
U021147,12,4,6,3,3,3,3,0,18
U021148,15,1,6,1,0,1,1,0,15
U021149,20,3,5,5,0,7,1,2,26
U021150,6,1,4,3,1,1,1,1,16
U021151,15,5,9,4,0,8,1,2,36
U021152,9,1,1,2,3,3,0,2,11
U021153,13,3,5,1,1,7,2,1,24
U021154,19,3,8,6,0,9,3,1,19
U021155,22,4,5,6,0,3,2,3,23
U021156,11,3,6,0,4,12,1,0,19
U021157,15,2,6,5,0,7,1,1,19
U021158,9,1,5,2,0,7,1,2,16
U021159,15,3,5,2,0,6,2,2,17
U021160,13,1,8,3,1,6,4,1,20
U021161,17,4,5,4,0,11,0,1,23
U021162,13,4,3,2,0,7,1,0,18
U021163,11,4,7,2,0,10,0,0,19
U021164,14,0,6,2,2,3,0,2,20
U021165,13,3,10,0,0,2,1,1,18
U021166,17,1,9,3,0,9,0,0,22
U021167,11,0,3,5,0,5,0,0,26
U021168,8,0,3,0,3,4,0,0,11
U021169,10,1,7,4,7,5,1,3,21
U021170,18,0,4,1,0,2,0,0,20
U021171,14,3,8,2,1,8,1,1,23
U021172,9,4,5,5,0,5,1,1,19
U021173,15,1,5,2,0,5,0,0,19
U021174,15,2,3,2,0,4,0,0,27
U021175,8,1,1,3,1,4,1,2,14
U021176,10,0,8,2,1,4,1,0,15
U021177,7,0,2,0,0,2,2,1,14
U021178,14,5,6,0,0,10,1,3,29
U021179,11,1,4,1,1,2,1,1,17
U021180,15,5,3,2,0,5,0,2,31
U021181,10,2,4,0,1,4,1,3,15
U021182,20,4,5,0,1,8,3,0,29
U021183,12,5,6,5,0,5,4,2,34
U021184,14,1,3,4,0,3,0,0,26
U021185,16,5,10,2,0,5,3,0,20
U021186,11,0,6,0,0,7,0,0,12
U021187,18,4,10,3,1,4,1,1,23
U021188,19,1,5,5,0,5,1,1,27
U021189,14,3,3,2,0,9,2,1,18
U021190,17,3,4,4,1,8,1,0,27
U021191,8,2,7,2,0,11,1,0,17
U021192,18,3,5,3,1,8,1,0,18
U021193,17,0,7,0,0,9,1,2,24
U021194,16,6,5,4,0,7,0,0,32
U021195,21,4,5,3,0,7,0,1,22
U021196,22,2,1,3,0,5,1,1,15
U021197,14,6,4,3,1,12,3,2,26
U021198,13,1,6,2,0,7,3,2,18
U021199,10,0,6,2,0,9,3,0,21
U021200,16,0,1,4,0,5,0,2,12
U021201,20,2,4,0,0,5,1,1,21
U021202,6,1,7,4,0,3,3,1,20
U021203,13,1,1,0,1,0,1,0,12
U021204,18,5,10,4,2,3,3,2,22
U021205,16,4,2,3,4,3,1,1,21
U021206,16,1,7,1,1,4,2,1,16
U021207,28,5,8,4,0,10,2,1,30
U021208,18,7,6,8,1,5,2,1,17
U021209,13,0,10,0,2,10,1,0,11
U021210,17,2,7,3,2,7,1,0,25
U021211,11,3,9,1,0,13,1,2,23
U021212,12,0,7,3,1,3,1,1,20
U021213,21,5,7,1,0,8,1,0,24
U021214,14,0,10,2,1,14,1,0,28
U021215,17,0,6,1,1,5,0,0,15
U021216,8,2,10,4,0,4,2,2,17
U021217,14,2,5,7,0,3,1,3,20
U021218,6,1,8,1,1,9,1,0,23
U021219,22,4,5,4,0,5,2,0,18
U021220,17,2,7,4,0,11,0,0,17
U021221,14,8,7,2,1,5,1,0,29
U021222,16,1,9,1,0,6,1,1,21
U021223,16,1,7,2,0,5,1,0,19
U021224,10,2,2,4,2,8,1,3,10
U021225,12,4,9,2,0,9,0,2,22
U021226,14,5,5,2,0,7,1,2,24
U021227,8,1,6,2,0,4,1,1,11
U021228,10,0,5,3,1,5,0,1,13
U021229,15,5,5,5,0,13,0,1,29
U021230,15,3,11,3,0,11,1,0,39
U021231,16,0,8,4,0,1,0,0,15
U021232,6,1,4,2,0,5,1,0,22
U021233,12,2,3,1,0,5,4,1,23
U021234,11,0,3,3,5,2,1,1,9
U021235,13,5,11,3,0,3,2,0,33
U021236,11,3,7,2,0,7,4,1,28
U021237,9,3,5,2,2,6,1,0,16
U021238,14,2,3,0,1,6,1,1,27
U021239,17,4,11,6,2,10,2,4,28
U021240,20,5,4,4,2,3,2,3,18
U021241,8,1,7,3,1,6,0,0,21
U021242,5,0,4,2,0,6,0,0,16
U021243,10,1,7,3,2,6,1,0,21
U021244,10,1,5,2,0,9,1,1,23
U021245,14,5,5,5,8,3,0,2,24
U021246,14,5,4,8,1,6,2,0,20
U021247,12,0,8,3,3,8,2,3,19
U021248,10,3,7,2,1,4,1,0,13
U021249,10,0,3,0,0,3,0,1,15
U021250,24,2,4,2,1,6,2,0,29
U021251,16,2,6,4,0,9,0,2,15
U021252,7,0,4,3,0,7,1,0,14
U021253,17,6,3,2,0,6,0,1,29
U021254,10,2,3,1,3,7,1,3,13
U021255,8,0,7,2,0,5,1,2,15
U021256,19,6,13,3,0,7,2,0,36
U021257,20,3,5,4,1,4,1,4,27
U021258,16,3,4,5,0,8,3,1,17
U021259,11,1,2,2,0,7,1,1,26
U021260,11,2,5,2,0,3,2,1,31
U021261,10,3,8,6,2,12,1,0,19
U021262,7,3,2,0,0,7,3,0,16
U021263,11,0,4,2,6,7,3,1,13
U021264,13,2,8,2,0,8,0,3,25
U021265,26,7,9,6,0,6,0,1,20
U021266,13,3,9,3,0,5,0,0,24
U021267,13,4,3,1,3,5,1,1,7
U021268,11,3,4,3,0,9,2,3,21
U021269,8,3,5,1,3,3,1,1,17
U021270,12,1,10,4,2,4,1,1,23
U021271,20,4,7,6,0,4,2,1,16
U021272,21,4,9,3,0,7,2,2,35
U021273,13,3,4,1,0,6,3,0,20
U021274,11,0,3,2,0,4,1,1,20
U021275,8,1,7,1,2,5,2,1,9
U021276,4,0,2,0,2,3,1,1,8
U021277,17,7,7,3,0,6,0,0,23
U021278,14,0,3,3,2,8,0,0,15
U021279,14,3,7,2,1,6,4,2,25
U021280,12,2,3,3,0,2,0,2,13
U021281,18,0,7,0,0,6,0,2,15
U021282,11,6,8,8,3,7,1,2,16
U021283,5,1,0,2,1,4,0,0,13
U021284,15,6,8,4,0,4,0,0,19
U021285,11,5,6,1,1,7,2,0,22
U021286,17,2,1,1,1,1,0,1,15
U021287,16,6,6,2,1,6,0,2,22
U021288,12,1,5,2,0,6,3,1,16
U021289,10,6,5,3,0,6,0,0,12
U021290,9,0,3,0,1,3,1,0,20
U021291,11,3,4,1,8,3,0,1,30
U021292,5,0,1,3,8,3,0,0,10
U021293,10,0,5,6,0,6,0,1,16
U021294,13,1,7,2,1,2,3,1,23
U021295,14,2,7,2,0,6,0,0,13
U021296,19,2,15,2,0,9,2,1,23
U021297,16,2,8,5,0,3,1,1,19
U021298,11,0,9,4,0,4,2,1,13
U021299,15,1,4,3,1,9,2,1,24
U021300,23,5,6,2,0,4,0,0,25
U021301,15,1,3,3,3,3,1,0,20
U021302,16,7,8,3,0,5,1,0,32
U021303,18,4,4,3,0,3,1,2,21
U021304,9,1,2,4,0,9,1,0,36
U021305,14,3,8,2,0,6,0,1,32
U021306,14,0,4,3,0,11,2,2,22
U021307,7,0,6,1,0,3,2,0,19
U021308,8,0,4,4,0,2,0,1,21
U021309,11,0,8,2,5,7,3,2,17
U021310,16,4,9,5,1,6,0,1,31
U021311,17,6,7,4,0,9,1,0,22
U021312,13,1,9,0,1,5,0,1,6
U021313,11,4,0,3,8,5,0,0,18
U021314,8,0,7,3,3,7,0,1,15
U021315,18,2,7,5,0,8,1,2,21
U021316,10,3,5,6,0,3,2,1,24
U021317,14,0,4,1,0,6,0,0,9
U021318,3,1,1,5,4,3,1,1,8
U021319,8,0,1,1,2,3,1,0,8
U021320,20,6,15,6,1,11,2,1,29
U021321,10,0,4,1,0,2,0,1,20
U021322,12,0,6,1,1,3,0,0,16
U021323,13,0,6,2,0,6,1,0,19
U021324,31,6,8,0,0,5,1,1,34
U021325,8,1,4,2,4,3,1,1,8
U021326,14,3,8,2,0,8,2,1,25
U021327,8,0,4,8,1,3,2,0,16
U021328,14,0,8,4,3,4,1,1,22
U021329,10,1,5,1,3,3,0,1,18
U021330,12,1,5,2,4,3,0,2,8
U021331,8,2,8,3,1,4,1,1,23
U021332,18,3,9,5,0,4,0,0,35
U021333,7,2,11,1,5,3,1,1,18
U021334,17,2,6,5,0,5,2,0,21
U021335,7,0,6,0,0,2,0,1,23
U021336,10,1,5,3,8,5,0,1,25
U021337,11,5,7,1,2,7,3,0,19
U021338,18,4,5,5,0,5,2,1,19
U021339,11,6,6,1,1,7,3,0,20
U021340,12,1,9,4,0,4,0,0,32
U021341,13,3,5,6,0,6,3,0,21
U021342,9,1,2,2,1,3,1,0,12
U021343,8,0,2,5,0,2,0,1,14
U021344,7,0,2,1,1,2,0,1,13
U021345,8,0,1,0,2,4,0,0,15
U021346,11,0,5,3,0,4,0,0,15
U021347,21,3,3,5,1,4,5,1,16
U021348,7,3,9,4,0,8,1,2,21
U021349,11,4,9,3,1,4,1,2,19
U021350,17,3,10,5,0,9,5,3,36
U021351,15,3,8,4,0,2,0,1,18
U021352,10,0,5,0,1,8,0,2,13
U021353,6,2,6,4,5,10,2,0,16
U021354,18,3,4,2,1,7,3,1,20
U021355,9,2,3,2,2,4,1,1,13
U021356,11,0,6,0,0,5,1,0,17
U021357,12,1,4,2,2,1,0,1,22
U021358,22,2,6,5,0,9,4,0,46
U021359,17,4,3,5,1,6,1,0,11
U021360,10,0,2,0,0,5,1,0,11
U021361,7,0,7,1,1,1,1,0,14
U021362,11,0,3,1,4,5,1,1,28
U021363,14,3,12,3,1,9,3,0,29
U021364,5,1,4,0,1,6,0,1,16
U021365,9,1,8,0,1,4,1,0,11
U021366,12,6,10,4,1,5,2,1,33
U021367,9,1,3,5,4,4,0,6,15
U021368,17,1,7,4,0,7,1,0,25
U021369,11,0,5,4,0,4,1,0,22
U021370,10,3,5,3,0,1,0,4,12
U021371,7,0,4,2,7,4,0,0,11
U021372,14,4,7,1,0,5,1,1,31
U021373,11,4,7,5,1,6,1,0,23
U021374,12,0,2,3,1,6,1,0,9
U021375,9,1,1,1,3,6,3,0,15
U021376,23,1,7,1,1,2,1,2,19
U021377,12,2,7,1,0,7,1,0,22
U021378,15,0,6,2,0,3,2,1,20
U021379,16,5,7,5,2,6,1,2,20
U021380,9,0,5,7,1,8,0,2,17
U021381,6,0,5,3,0,4,1,1,14
U021382,19,0,3,1,0,10,3,0,17
U021383,7,1,3,0,1,4,0,2,12
U021384,19,1,7,3,0,7,2,3,37
U021385,14,2,9,0,0,6,3,2,11
U021386,17,6,6,1,0,5,3,0,18
U021387,12,2,3,1,1,2,1,1,15
U021388,11,1,5,0,4,3,2,1,7
U021389,8,1,3,0,1,4,2,0,11
U021390,14,6,4,3,5,6,0,0,13
U021391,19,2,7,4,0,11,1,0,30
U021392,12,2,3,2,5,5,2,0,22
U021393,17,4,8,3,0,9,1,0,22
U021394,8,6,1,0,2,5,0,1,15
U021395,22,6,4,6,1,5,2,3,29
U021396,12,1,7,5,0,6,4,0,28
U021397,17,1,7,4,0,4,2,2,20
U021398,8,2,1,2,3,1,0,1,10
U021399,14,1,7,2,3,3,2,0,30
U021400,12,6,2,4,0,2,4,0,20
U021401,4,1,5,1,4,5,1,1,21
U021402,7,0,2,1,3,3,0,0,8
U021403,8,0,5,3,2,4,0,0,17
U021404,6,1,4,3,2,1,1,1,18
U021405,24,9,8,3,0,11,2,2,30
U021406,13,3,11,1,1,11,4,2,21
U021407,26,4,8,3,0,10,2,0,32
U021408,11,4,2,3,3,5,0,1,21
U021409,12,0,6,1,1,6,2,1,21
U021410,5,1,9,1,0,8,2,0,14
U021411,3,0,3,2,2,4,0,1,12
U021412,9,2,8,1,0,4,2,1,23
U021413,15,0,7,2,0,7,1,1,20
U021414,20,1,3,2,1,7,2,0,13
U021415,14,0,5,2,0,5,0,3,26
U021416,13,1,10,2,0,4,1,1,18
U021417,10,1,5,1,0,3,2,3,9
U021418,14,3,5,0,0,2,1,2,21
U021419,16,4,7,5,2,6,0,2,17
U021420,13,5,6,3,2,9,1,1,18
U021421,5,1,3,0,4,5,1,0,16
U021422,17,5,12,3,0,6,0,3,28
U021423,11,0,1,5,0,2,1,1,15
U021424,24,5,10,9,1,5,0,2,28
U021425,13,3,4,0,2,1,0,0,13
U021426,8,1,3,1,3,3,1,0,16
U021427,11,2,5,4,0,7,3,1,25
U021428,17,2,8,3,2,11,2,1,36
U021429,7,0,7,1,3,3,3,1,16
U021430,17,1,4,2,1,3,0,1,27
U021431,8,3,7,1,0,6,2,3,17
U021432,15,0,4,2,3,5,1,0,20
U021433,13,0,7,0,0,6,1,0,15
U021434,12,3,1,1,6,6,0,3,26
U021435,8,0,10,2,0,4,0,2,18
U021436,8,0,7,2,0,5,0,0,19
U021437,9,0,3,4,0,5,0,1,16
U021438,8,1,5,3,0,5,2,0,15
U021439,7,0,5,5,0,5,0,1,20
U021440,11,1,5,3,1,6,1,1,16
U021441,11,1,7,1,6,4,4,1,16
U021442,17,1,1,4,0,5,1,0,19
U021443,19,1,2,6,0,5,1,2,21
U021444,8,1,6,2,0,2,2,4,21
U021445,16,1,7,7,0,11,1,2,32
U021446,10,3,4,4,0,5,1,0,28
U021447,8,1,6,3,0,5,2,0,17
U021448,18,4,3,0,1,2,2,0,11
U021449,18,1,7,5,1,4,1,1,20
U021450,21,0,3,5,0,8,3,0,19
U021451,15,1,5,0,0,5,2,0,26
U021452,11,0,10,5,0,7,4,2,24
U021453,24,5,4,3,0,4,2,0,24
U021454,15,1,7,4,0,7,1,2,14
U021455,19,2,5,1,4,10,0,1,29
U021456,9,0,9,2,1,9,0,1,11
U021457,15,3,9,3,0,4,0,0,25
U021458,6,1,3,2,1,5,1,1,16
U021459,11,0,4,1,0,3,2,0,23
U021460,23,3,8,4,0,10,7,0,34
U021461,9,0,5,1,0,5,1,0,16
U021462,12,3,7,1,0,8,4,2,21
U021463,6,1,6,1,3,1,1,1,12
U021464,11,2,7,3,0,0,0,0,9
U021465,9,0,2,1,2,1,2,0,8
U021466,16,6,3,1,0,4,0,1,17
U021467,14,1,7,1,1,4,1,2,16
U021468,16,6,10,2,0,5,1,2,29
U021469,15,2,6,3,4,5,2,0,30
U021470,8,0,2,3,4,3,0,1,12
U021471,8,1,5,6,1,9,0,1,17
U021472,11,0,5,2,0,5,1,0,17
U021473,16,5,3,3,1,7,0,0,21
U021474,18,0,4,6,2,12,3,0,31
U021475,11,1,4,2,0,3,2,0,20
U021476,15,0,5,1,0,11,1,1,23
U021477,10,1,7,0,0,3,0,1,20
U021478,14,0,1,3,1,5,2,0,15
U021479,14,6,5,2,0,6,0,1,19
U021480,14,1,7,5,0,11,4,0,28
U021481,10,2,6,2,1,7,2,0,13
U021482,14,1,5,1,5,3,0,1,19
U021483,11,4,4,6,0,2,2,0,20
U021484,19,3,1,3,0,3,1,1,23
U021485,9,0,4,4,0,1,1,0,11
U021486,18,5,7,1,0,8,3,3,26
U021487,16,1,5,3,0,9,2,1,30
U021488,10,0,4,1,4,3,1,0,8
U021489,9,1,7,1,0,4,0,0,18
U021490,15,3,8,4,0,5,2,0,22
U021491,13,2,8,5,1,11,3,1,21
U021492,17,0,5,3,0,7,0,2,17
U021493,14,4,6,1,1,4,1,2,20
U021494,25,2,7,2,0,6,0,1,23
U021495,17,0,2,3,0,2,3,1,21
U021496,21,3,12,2,0,6,2,0,23
U021497,24,7,10,3,1,8,3,0,28
U021498,14,5,6,3,0,6,1,0,19
U021499,8,4,9,3,1,7,0,4,16
U021500,2,0,4,1,4,3,0,0,12
U021501,12,3,7,4,0,4,3,2,17
U021502,16,1,1,8,4,5,1,1,21
U021503,17,7,4,1,0,5,0,2,19
U021504,11,1,3,3,1,4,2,1,13
U021505,11,3,6,2,2,4,2,0,14
U021506,18,0,5,5,0,2,1,1,14
U021507,9,5,5,4,4,10,3,0,17
U021508,11,2,4,1,0,6,0,0,22
U021509,8,0,0,1,5,6,1,0,8
U021510,14,2,9,6,1,3,0,0,19
U021511,9,1,8,2,0,4,0,0,16
U021512,7,3,6,3,0,4,2,0,32
U021513,14,1,2,3,0,11,2,0,12
U021514,18,4,8,2,1,6,2,1,29
U021515,19,5,4,2,0,3,1,2,27
U021516,17,2,8,4,5,5,2,0,18
U021517,14,1,3,1,0,6,1,1,13
U021518,7,2,9,5,1,4,1,2,30
U021519,19,4,2,2,0,7,1,0,30
U021520,15,6,9,2,2,3,0,1,24
U021521,12,2,3,0,0,4,0,1,11
U021522,15,3,4,5,0,6,1,1,17
U021523,17,1,6,2,0,8,0,2,23
U021524,13,3,6,1,0,11,1,0,22
U021525,13,1,7,2,0,7,0,0,22
U021526,9,2,5,7,0,4,0,1,21
U021527,7,2,6,2,0,8,2,0,18
U021528,9,1,7,2,0,6,1,2,15
U021529,13,3,3,4,8,4,0,0,16
U021530,13,1,4,4,0,2,0,2,15
U021531,13,0,5,5,0,0,2,1,22
U021532,10,1,3,6,0,4,4,1,20
U021533,13,3,5,2,0,5,1,1,30
U021534,15,4,10,4,0,4,2,1,26
U021535,15,1,10,3,0,7,0,0,23
U021536,15,5,5,1,3,7,1,0,19
U021537,13,3,5,3,0,2,0,0,16
U021538,12,2,5,1,0,7,1,1,21
U021539,18,5,3,4,0,4,2,1,21
U021540,6,0,4,3,1,2,1,0,20
U021541,3,1,7,1,0,6,1,0,10
U021542,9,0,0,2,0,4,2,0,12
U021543,11,2,5,3,1,3,2,0,20
U021544,8,0,4,5,0,3,2,0,23
U021545,21,4,5,7,1,4,0,3,21
U021546,12,5,11,2,0,7,5,1,21
U021547,13,1,11,5,0,6,1,2,20
U021548,9,0,2,4,0,4,1,1,17
U021549,14,1,2,2,0,6,1,0,17
U021550,12,2,6,1,1,1,0,1,13
U021551,17,5,6,2,1,5,1,2,31
U021552,18,5,9,5,1,5,1,0,17
U021553,19,2,5,3,8,6,2,0,13
U021554,16,4,7,1,0,4,0,2,20
U021555,8,2,8,2,4,7,1,1,22
U021556,19,3,8,1,0,6,2,3,19
U021557,10,4,8,1,2,11,1,0,13
U021558,11,2,5,3,1,4,0,3,14
U021559,14,3,6,1,1,8,0,1,29
U021560,11,3,7,3,0,8,0,1,21
U021561,12,0,8,7,0,6,1,0,25
U021562,10,2,4,0,0,6,2,1,22
U021563,9,0,5,2,1,6,1,1,16
U021564,12,3,4,2,4,2,1,0,9
U021565,11,2,1,4,0,6,3,1,23
U021566,17,3,7,0,1,9,0,0,11
U021567,11,3,4,1,2,4,2,1,29
U021568,19,0,9,5,0,8,1,2,21
U021569,9,0,9,3,1,5,1,2,17
U021570,7,1,2,1,1,2,1,0,11
U021571,12,2,5,1,0,5,0,2,16
U021572,5,2,5,2,2,3,3,1,13
U021573,10,3,6,2,3,1,1,4,14
U021574,16,1,6,2,0,6,3,0,24
U021575,13,0,9,1,0,4,2,0,18
U021576,10,0,6,3,0,1,1,2,16
U021577,9,0,3,2,0,2,0,0,20
U021578,15,0,4,4,3,2,1,1,16
U021579,16,3,6,7,0,5,3,1,20
U021580,13,6,10,4,4,3,0,1,17
U021581,9,3,4,5,2,6,0,0,12
U021582,6,0,2,2,2,3,0,1,11
U021583,10,0,7,2,1,6,1,1,15
U021584,13,3,4,1,1,5,2,1,17
U021585,17,0,2,1,0,9,0,0,17
U021586,13,0,5,2,0,5,0,1,15
U021587,9,1,3,0,0,3,0,2,12
U021588,9,2,8,1,1,6,1,1,14
U021589,7,0,1,1,1,2,0,2,15
U021590,11,1,4,2,0,1,2,0,26
U021591,7,0,6,1,0,8,0,0,20
U021592,12,4,6,2,4,2,0,0,10
U021593,12,2,5,6,4,7,0,1,14
U021594,8,1,0,1,0,5,0,0,17
U021595,7,2,4,1,0,7,1,0,19
U021596,13,0,8,4,0,6,1,2,25
U021597,19,2,5,0,1,7,2,1,19
U021598,16,0,1,4,1,1,0,0,16
U021599,7,1,7,2,3,2,1,1,16
U021600,8,0,6,1,1,5,1,1,21
U021601,17,4,4,1,1,4,1,2,27
U021602,19,5,4,1,1,3,3,3,31
U021603,12,0,6,4,0,3,2,1,15
U021604,5,2,3,0,5,2,0,0,24
U021605,19,2,7,3,3,8,0,0,17
U021606,13,5,12,2,0,6,0,1,16
U021607,16,2,3,2,1,4,2,4,23
U021608,13,1,3,2,0,3,0,0,16
U021609,17,1,3,2,0,9,2,1,20
U021610,12,4,10,4,2,9,1,0,18
U021611,12,3,4,5,2,8,1,0,29
U021612,16,0,5,0,0,8,2,1,24
U021613,11,3,14,4,0,10,1,1,20
U021614,9,1,4,6,5,8,0,0,17
U021615,10,0,5,2,0,4,0,1,16
U021616,19,3,8,3,0,5,0,1,23
U021617,8,0,6,3,0,6,0,2,16
U021618,12,0,5,1,0,7,1,3,21
U021619,16,2,8,8,1,5,2,0,26
U021620,12,1,6,1,6,0,2,0,22
U021621,10,0,4,0,6,5,2,0,9
U021622,5,0,2,3,3,9,0,1,13
U021623,9,4,5,5,0,7,2,1,20
U021624,6,7,8,2,1,4,0,0,19
U021625,8,5,7,4,0,3,3,1,13
U021626,12,0,5,4,0,7,1,1,16
U021627,16,5,3,1,0,8,2,2,28
U021628,7,1,6,3,0,11,1,2,11
U021629,18,2,5,1,1,2,1,2,17
U021630,14,1,10,5,1,7,1,1,28
U021631,3,0,1,1,5,2,2,1,15
U021632,15,3,4,7,1,3,0,0,13
U021633,20,7,7,3,0,9,1,1,34
U021634,15,3,6,6,3,6,2,2,18
U021635,18,6,4,4,1,4,0,2,17
U021636,9,5,6,2,0,5,0,0,15
U021637,9,1,1,2,0,4,0,0,17
U021638,13,1,7,1,0,6,0,0,15
U021639,14,3,2,0,0,3,1,1,12
U021640,11,1,4,2,1,5,0,0,21
U021641,16,2,7,2,1,8,1,1,20
U021642,9,0,2,1,1,7,1,0,21
U021643,5,1,2,4,0,7,0,2,27
U021644,17,2,8,2,1,4,0,1,25
U021645,15,1,3,3,0,1,1,0,18
U021646,18,2,9,4,1,3,2,1,19
U021647,17,2,6,2,0,5,0,1,23
U021648,9,0,3,2,1,4,1,1,13
U021649,8,1,6,4,3,4,0,0,17
U021650,6,4,4,3,2,3,2,1,13
U021651,21,2,10,2,1,3,2,1,19
U021652,14,2,4,7,0,8,0,1,19
U021653,11,5,8,4,0,8,1,0,28
U021654,11,7,3,4,0,7,2,0,32
U021655,12,3,6,1,1,13,0,2,28
U021656,15,5,4,3,0,10,0,0,28
U021657,14,5,8,5,0,7,2,0,40
U021658,12,0,3,0,0,8,1,1,18
U021659,13,2,9,0,1,4,1,1,12
U021660,11,1,5,3,0,6,1,2,16
U021661,10,0,2,1,2,3,2,0,13
U021662,20,2,5,3,0,6,0,1,28
U021663,16,1,2,3,1,4,1,1,16
U021664,19,2,9,5,0,3,4,1,25
U021665,6,1,7,1,3,2,1,0,11
U021666,11,3,2,3,0,7,3,1,20
U021667,18,11,2,3,1,7,1,1,32
U021668,27,4,8,4,1,11,0,0,23
U021669,11,1,3,5,0,2,1,1,19
U021670,20,2,10,6,0,8,2,1,20
U021671,15,1,8,2,1,4,2,1,19
U021672,17,2,4,3,0,7,0,1,22
U021673,4,1,2,4,0,3,0,2,18
U021674,8,4,6,3,1,6,0,1,19
U021675,12,5,4,4,1,1,1,0,24
U021676,13,3,2,2,3,2,3,0,16
U021677,13,0,3,2,0,4,0,1,15
U021678,9,2,1,2,1,9,0,2,23
U021679,12,3,3,6,7,9,0,0,20
U021680,14,3,7,0,1,5,1,1,20
U021681,9,4,7,2,0,7,1,0,13
U021682,11,1,7,3,0,4,3,1,20
U021683,19,6,5,4,1,3,0,2,27
U021684,10,2,2,2,0,9,3,0,20
U021685,12,0,4,2,2,5,1,1,9
U021686,16,0,6,5,0,5,0,3,21
U021687,7,1,6,5,0,4,1,1,16
U021688,18,6,12,2,0,7,5,1,32
U021689,20,1,11,3,0,12,1,0,37
U021690,14,2,5,1,0,2,0,1,9
U021691,15,2,2,5,0,11,1,0,34
U021692,15,0,5,3,1,5,3,0,13
U021693,15,4,3,1,1,5,3,3,29
U021694,16,5,7,5,0,6,1,0,20
U021695,9,0,5,2,2,6,3,0,22
U021696,16,2,7,3,3,4,2,2,21
U021697,11,3,2,3,0,3,0,0,23
U021698,8,0,3,4,1,3,1,1,21
U021699,13,5,4,3,0,4,4,0,14
U021700,19,3,7,4,0,8,1,2,28
U021701,10,1,7,2,1,5,2,0,14
U021702,14,1,5,4,1,9,1,2,11
U021703,15,0,1,2,2,8,2,2,20
U021704,9,2,2,3,1,8,1,0,17
U021705,13,1,9,3,0,4,2,0,14
U021706,12,0,4,3,0,4,1,1,16
U021707,11,3,3,3,0,4,1,1,19
U021708,16,2,6,4,1,7,2,1,23
U021709,11,3,9,3,1,6,0,0,23
U021710,6,1,8,2,5,5,1,1,24
U021711,9,0,5,1,1,1,1,0,10
U021712,9,0,1,4,2,1,0,1,7
U021713,19,1,4,4,0,18,1,2,27
U021714,19,0,7,2,0,6,3,0,21
U021715,8,5,3,3,1,6,0,2,23
U021716,17,3,7,4,0,4,1,4,19
U021717,10,2,6,7,0,5,0,1,25
U021718,14,2,6,4,0,6,1,1,27
U021719,15,1,5,4,2,4,1,1,24
U021720,13,1,4,0,1,3,2,1,17
U021721,10,0,2,0,6,4,0,1,12
U021722,12,4,9,1,0,2,3,0,17
U021723,13,7,2,5,5,7,0,0,11
U021724,12,2,7,3,0,9,3,2,25
U021725,8,1,2,2,0,5,0,1,11
U021726,19,6,7,1,1,4,1,2,19
U021727,14,1,5,4,1,6,3,0,39
U021728,12,0,3,5,0,8,4,0,16
U021729,16,3,6,2,0,11,0,1,18
U021730,20,3,9,2,0,10,1,1,35
U021731,12,1,5,1,0,4,0,2,15
U021732,17,0,4,1,1,9,1,1,21
U021733,9,1,3,2,6,4,0,0,17
U021734,15,0,3,2,0,8,2,2,17
U021735,11,0,6,0,0,3,1,0,19
U021736,12,5,2,5,0,6,2,0,13
U021737,13,1,6,2,1,5,1,1,19
U021738,16,0,5,1,1,6,1,1,22
U021739,17,0,4,1,0,7,1,1,14
U021740,13,0,3,1,0,3,2,1,20
U021741,15,3,6,4,0,8,3,1,35
U021742,19,0,9,3,2,5,2,1,30
U021743,18,3,15,2,0,8,0,0,24
U021744,7,0,5,2,0,3,4,2,18
U021745,5,1,5,2,0,8,1,1,21
U021746,12,0,4,1,0,5,2,0,20
U021747,13,0,5,2,0,4,1,0,19
U021748,23,6,10,9,0,12,1,5,22
U021749,12,3,4,3,4,2,0,0,12
U021750,17,4,12,3,0,3,2,2,20
U021751,13,4,6,4,0,4,1,2,16
U021752,13,2,6,1,0,6,1,0,16
U021753,14,1,2,4,0,5,0,2,14
U021754,14,2,6,3,6,6,1,0,12
U021755,8,1,4,6,2,3,0,0,12
U021756,10,1,6,4,5,4,1,0,30
U021757,18,6,6,5,0,4,3,0,25
U021758,13,4,6,0,0,9,2,1,24
U021759,20,7,7,6,0,12,0,0,42
U021760,12,5,11,1,0,7,2,0,17
U021761,10,2,10,6,0,5,2,1,14
U021762,13,1,1,2,3,2,2,3,13
U021763,16,1,3,7,0,9,0,1,18
U021764,9,1,9,4,0,4,0,1,20
U021765,3,1,5,4,1,1,0,3,23
U021766,16,7,7,3,0,7,0,1,19
U021767,14,2,6,5,1,2,1,2,16
U021768,12,4,5,2,0,3,0,0,13
U021769,16,0,3,2,0,5,2,0,16
U021770,19,2,6,5,1,10,0,2,27
U021771,7,2,3,2,2,2,0,1,15
U021772,21,3,4,0,0,4,0,1,27
U021773,11,3,4,3,0,5,0,1,18
U021774,11,5,4,1,5,9,4,1,14
U021775,15,2,9,1,0,7,0,0,23
U021776,8,0,4,2,0,5,1,2,20
U021777,23,0,4,5,0,3,2,1,15
U021778,17,1,1,4,1,4,0,0,16
U021779,12,2,4,2,2,5,1,1,12
U021780,11,0,5,0,0,5,0,2,15
U021781,12,4,7,1,0,3,5,1,23
U021782,14,2,8,5,0,10,3,2,30
U021783,10,5,3,1,4,3,2,0,18
U021784,10,1,11,3,0,6,2,0,20
U021785,9,0,5,2,2,9,2,0,13
U021786,11,0,8,4,0,2,3,1,25
U021787,14,2,8,3,0,3,0,0,15
U021788,11,0,6,2,2,4,1,1,11
U021789,12,0,4,1,0,3,0,0,15
U021790,7,0,4,4,0,6,2,0,15
U021791,12,1,6,1,0,4,1,0,20
U021792,14,2,7,3,0,5,2,0,32
U021793,14,3,6,2,0,5,0,0,17
U021794,9,3,8,3,0,7,0,0,22
U021795,14,1,3,1,2,3,0,2,19
U021796,14,0,9,0,0,4,1,0,20
U021797,16,4,7,2,0,4,2,2,31
U021798,10,1,4,1,3,2,0,5,12
U021799,12,4,8,2,0,6,0,0,17
U021800,7,2,4,1,3,5,1,2,18
U021801,9,1,3,0,0,7,0,1,12
U021802,14,2,7,2,5,8,1,1,25
U021803,17,4,9,2,2,6,2,1,25
U021804,6,3,11,3,0,7,2,2,25
U021805,16,0,6,1,0,5,0,0,12
U021806,10,5,4,4,1,9,2,2,15
U021807,12,1,10,5,0,7,2,1,18
U021808,19,3,7,3,1,5,0,1,37
U021809,8,3,4,1,0,4,2,0,23
U021810,14,4,11,1,0,11,1,1,20
U021811,7,0,4,2,3,4,2,0,12
U021812,15,3,5,1,0,9,0,2,26
U021813,20,7,9,1,0,3,0,4,39
U021814,16,4,4,4,7,3,1,2,17
U021815,12,4,11,4,1,9,1,1,19
U021816,9,1,0,5,0,9,3,0,11
U021817,16,2,13,5,0,3,2,1,23
U021818,16,2,6,4,0,8,0,1,18
U021819,10,0,3,1,1,2,1,2,7
U021820,10,10,6,2,2,8,2,2,21
U021821,12,2,7,3,0,6,0,1,19
U021822,15,7,11,5,0,7,3,2,36
U021823,12,1,5,3,1,10,1,1,17
U021824,22,2,6,5,0,8,1,0,24
U021825,13,1,6,3,0,5,0,0,16
U021826,7,3,3,1,0,4,1,2,17
U021827,14,2,5,5,1,4,0,0,21
U021828,13,6,6,1,0,7,0,1,29
U021829,11,2,2,2,0,4,2,3,19
U021830,16,2,8,4,0,4,1,1,22
U021831,8,1,2,3,0,5,4,1,17
U021832,3,1,6,3,3,4,0,1,10
U021833,18,3,3,7,0,7,0,2,25
U021834,11,2,2,3,0,5,3,0,10
U021835,17,1,6,4,0,5,0,0,29
U021836,9,1,4,2,4,2,0,1,7
U021837,11,2,6,5,2,3,2,2,18
U021838,14,3,7,2,0,5,0,2,25
U021839,13,3,7,2,3,7,1,1,12
U021840,17,3,4,5,1,5,3,1,22
U021841,7,2,4,4,1,6,2,1,23
U021842,16,6,6,4,0,8,1,1,20
U021843,16,1,5,0,0,13,2,0,26
U021844,9,4,7,1,0,9,1,1,24
U021845,20,7,3,2,0,11,4,0,28
U021846,9,1,3,1,4,5,4,1,13
U021847,16,1,10,4,0,5,2,0,24
U021848,7,2,4,2,1,5,0,0,23
U021849,18,5,7,3,0,2,2,0,25
U021850,12,1,3,2,0,4,0,0,18
U021851,8,1,4,2,0,4,0,1,14
U021852,7,0,2,7,1,8,1,2,22
U021853,10,5,7,2,5,8,1,0,24
U021854,13,0,4,2,1,7,2,1,22
U021855,10,2,6,6,0,4,1,2,19
U021856,15,2,7,2,0,6,0,0,20
U021857,20,3,3,3,2,5,1,0,23
U021858,15,4,5,3,0,7,1,1,28
U021859,13,3,7,2,0,4,0,1,21
U021860,10,1,8,2,1,2,0,2,15
U021861,14,1,8,3,0,8,2,0,16
U021862,11,0,4,2,2,2,1,0,6
U021863,19,3,5,5,6,8,1,1,22
U021864,17,3,6,2,0,7,0,0,20
U021865,11,2,4,4,0,5,4,2,21
U021866,15,0,5,3,4,5,3,0,11
U021867,15,2,3,3,0,4,3,1,17
U021868,11,0,6,2,0,3,2,2,11
U021869,8,2,8,2,0,8,0,1,28
U021870,19,3,13,4,0,5,0,0,24
U021871,16,4,8,3,1,1,0,0,21
U021872,12,0,4,4,1,5,1,1,16
U021873,13,5,5,5,0,10,3,1,30
U021874,9,5,3,2,0,4,0,2,28
U021875,9,0,2,2,0,4,2,0,34
U021876,5,3,10,4,0,4,2,0,33
U021877,16,1,3,5,0,8,1,1,15
U021878,11,4,6,2,3,9,4,1,22
U021879,9,0,3,8,1,5,0,0,14
U021880,13,2,4,1,5,2,0,2,19
U021881,19,4,7,2,0,7,1,2,22
U021882,6,2,4,3,2,5,2,1,30
U021883,12,2,7,5,0,6,0,0,38
U021884,13,1,2,2,2,6,0,4,7
U021885,18,2,6,3,0,7,3,0,31
U021886,15,1,5,2,0,4,0,1,20
U021887,18,1,10,3,0,6,1,1,23
U021888,11,1,8,2,1,10,0,2,21
U021889,10,2,8,3,0,3,1,1,24
U021890,7,2,3,1,1,3,1,1,14
U021891,19,7,8,2,2,5,0,2,31
U021892,9,0,3,0,3,4,0,1,17
U021893,17,3,3,3,0,3,1,1,13
U021894,12,2,5,3,0,2,3,0,27
U021895,7,0,2,2,0,10,4,1,15
U021896,8,2,4,3,2,7,2,0,21
U021897,12,1,1,2,0,7,2,2,14
U021898,12,4,7,3,0,5,0,1,28
U021899,20,6,5,2,1,9,0,2,32
U021900,9,3,5,2,0,8,1,2,23
U021901,8,7,7,4,3,5,3,0,15
U021902,11,1,2,4,0,6,1,1,12
U021903,9,2,3,1,0,5,1,0,20
U021904,18,2,8,3,0,6,0,0,27
U021905,12,5,4,4,0,7,0,3,20
U021906,14,3,4,1,1,3,0,1,19
U021907,7,0,4,0,2,4,1,0,11
U021908,9,0,5,2,2,4,2,2,19
U021909,5,1,5,2,6,3,0,0,13
U021910,14,1,5,5,0,9,1,0,20
U021911,15,4,10,5,0,13,1,2,22
U021912,7,1,12,4,0,9,3,1,22
U021913,11,5,7,0,0,10,2,1,23
U021914,20,6,7,3,0,9,3,2,20
U021915,14,1,11,5,2,9,2,1,29
U021916,13,2,3,3,1,5,1,1,10
U021917,19,4,12,3,1,10,5,1,26
U021918,11,4,5,8,0,5,2,1,17
U021919,18,2,7,2,0,7,3,1,21
U021920,16,0,4,2,2,5,0,2,18
U021921,11,3,4,1,0,6,3,0,13
U021922,14,2,3,0,0,10,1,2,18
U021923,12,3,5,1,0,7,1,1,17
U021924,14,1,5,3,5,7,0,1,10
U021925,7,2,5,5,0,5,0,2,14
U021926,17,2,6,6,1,10,10,2,16
U021927,14,4,6,6,0,8,1,2,23
U021928,16,4,10,2,0,12,1,0,26
U021929,27,3,9,2,0,6,2,1,30
U021930,16,0,5,4,1,4,2,1,26
U021931,18,4,3,2,1,6,2,2,22
U021932,10,0,3,2,1,2,1,0,13
U021933,11,1,3,3,0,4,1,2,16
U021934,11,0,4,2,0,9,0,2,17
U021935,5,0,4,1,5,1,0,0,9
U021936,19,5,4,4,1,6,1,2,23
U021937,14,4,4,2,2,2,0,1,15
U021938,16,4,1,4,1,3,0,0,17
U021939,11,0,6,3,3,5,0,0,15
U021940,11,2,3,4,0,4,1,0,21
U021941,5,0,4,2,2,2,1,2,11
U021942,14,0,4,1,0,5,0,0,10
U021943,10,3,5,4,0,6,2,2,12
U021944,9,0,8,1,0,3,1,1,21
U021945,20,1,5,6,0,8,2,1,31
U021946,16,5,6,2,0,6,0,1,15
U021947,14,0,5,2,0,8,1,0,8
U021948,8,0,3,2,2,4,1,1,13
U021949,12,2,0,2,2,5,1,2,16
U021950,15,1,10,3,0,7,1,1,20
U021951,13,3,5,2,0,8,0,1,18
U021952,20,0,7,3,0,6,3,1,23
U021953,9,1,7,4,0,7,2,1,19
U021954,6,0,3,0,0,7,2,1,14
U021955,13,1,10,7,0,6,0,0,16
U021956,15,2,7,1,0,7,2,0,16
U021957,13,3,8,5,0,9,2,1,12
U021958,10,4,5,3,8,4,0,2,10
U021959,22,5,7,2,0,2,1,0,29
U021960,10,1,2,3,3,5,0,0,13
U021961,15,0,2,1,1,3,0,0,20
U021962,10,3,8,0,0,9,1,0,19
U021963,18,6,5,4,0,7,1,0,19
U021964,14,2,4,6,1,8,1,2,29
U021965,10,0,5,3,0,4,0,0,20
U021966,13,0,3,1,0,11,1,0,17
U021967,14,0,5,3,0,6,0,0,15
U021968,14,2,8,4,0,6,0,2,23
U021969,21,4,9,2,1,9,0,2,27
U021970,19,4,7,3,1,9,0,3,31
U021971,14,0,5,2,1,3,1,2,17
U021972,15,1,6,4,2,6,0,0,28
U021973,15,4,8,4,0,8,3,1,23
U021974,20,1,10,2,0,7,2,0,16
U021975,10,3,5,3,1,9,2,2,24
U021976,13,2,2,1,1,5,4,3,21
U021977,11,1,4,2,0,2,3,3,20
U021978,11,0,4,3,1,4,2,2,12
U021979,6,1,4,3,1,4,0,0,13
U021980,19,1,4,4,2,8,2,0,38
U021981,9,1,7,1,0,4,0,1,14
U021982,11,0,7,2,0,4,1,1,15
U021983,10,5,4,2,0,5,1,0,7
U021984,14,2,6,3,0,4,1,0,11
U021985,20,0,8,2,0,5,2,2,32
U021986,10,4,0,3,0,2,3,0,24
U021987,15,1,10,7,0,7,1,0,15
U021988,14,0,5,2,0,3,1,1,15
U021989,19,1,0,2,1,6,0,0,12
U021990,12,0,4,2,0,3,3,0,14
U021991,15,4,5,7,1,4,0,1,16
U021992,12,0,7,2,1,8,0,1,16
U021993,22,2,4,5,2,3,1,1,23
U021994,11,2,5,3,0,9,0,0,17
U021995,11,3,8,6,1,5,0,2,14
U021996,10,4,3,1,0,3,2,2,13
U021997,12,4,5,3,3,2,1,0,19
U021998,10,2,3,7,1,5,1,2,12
U021999,17,2,6,7,0,6,2,1,29
U022000,12,4,4,5,0,6,0,0,25
U022001,11,3,5,4,1,7,1,2,19
U022002,7,0,5,4,0,3,1,1,10
U022003,15,3,3,5,0,6,1,2,21
U022004,14,6,9,7,3,9,0,1,22
U022005,8,1,6,1,3,2,0,0,25
U022006,16,2,10,4,0,8,1,2,23
U022007,19,3,6,6,0,12,0,0,17
U022008,15,7,11,3,0,4,1,2,24
U022009,9,0,4,1,1,10,0,0,27
U022010,7,1,6,1,4,3,1,2,12
U022011,15,1,5,4,0,4,2,2,25
U022012,12,4,5,1,0,5,0,0,18
U022013,10,3,3,1,0,7,3,0,16
U022014,8,1,3,6,0,4,2,0,16
U022015,17,0,1,0,2,3,0,3,15
U022016,12,0,8,6,0,2,2,2,23
U022017,11,5,6,2,0,3,1,1,20
U022018,17,3,8,3,0,10,1,3,25
U022019,8,1,6,0,2,3,0,0,10
U022020,12,0,4,1,0,8,1,0,8
U022021,15,1,7,4,0,6,2,1,26
U022022,13,1,3,3,0,5,0,2,12
U022023,5,1,1,0,0,0,1,1,11
U022024,10,0,6,4,0,10,1,1,11
U022025,19,0,4,0,0,5,2,2,13
U022026,7,0,4,7,0,5,1,0,23
U022027,23,3,9,5,1,10,4,2,21
U022028,11,1,5,0,5,3,0,1,12
U022029,13,2,12,3,1,5,0,0,24
U022030,10,0,12,1,7,4,4,0,23
U022031,13,0,0,3,1,4,1,1,16
U022032,13,3,7,5,1,6,2,1,17
U022033,12,1,5,1,2,8,1,0,16
U022034,18,2,6,1,0,3,0,0,30
U022035,17,2,7,2,0,7,2,0,18
U022036,14,2,3,0,1,10,1,0,25
U022037,22,4,6,3,1,7,3,1,22
U022038,11,0,5,1,0,3,1,0,16
U022039,16,0,3,4,0,5,2,1,27
U022040,17,5,8,3,2,6,1,1,22
U022041,9,3,4,5,0,2,2,0,22
U022042,10,0,3,2,2,2,0,0,9
U022043,16,1,4,2,0,4,2,0,11
U022044,12,6,4,3,0,12,2,2,23
U022045,10,0,5,0,4,2,0,0,8
U022046,8,1,2,1,4,5,0,1,8
U022047,17,0,7,4,0,4,2,0,21
U022048,14,1,9,1,2,3,1,0,26
U022049,10,1,3,0,1,5,1,1,19
U022050,12,3,5,3,1,5,1,2,23
U022051,14,1,5,4,0,5,0,0,18
U022052,8,0,5,1,2,4,0,1,12
U022053,11,0,2,0,7,2,0,1,9
U022054,12,1,6,3,9,4,2,0,28
U022055,18,2,9,2,0,7,0,1,8
U022056,15,2,3,7,0,8,1,1,29
U022057,14,0,6,3,0,7,1,2,18
U022058,11,2,6,6,0,4,0,0,13
U022059,7,6,2,1,0,1,0,1,20
U022060,10,4,4,3,0,5,0,1,22
U022061,9,4,11,3,0,5,0,1,15
U022062,13,0,9,2,0,3,0,1,17
U022063,28,2,11,7,0,6,2,0,35
U022064,9,4,2,2,0,11,1,1,22
U022065,7,0,4,0,0,4,1,0,18
U022066,22,2,5,2,1,8,0,0,35
U022067,10,1,1,3,1,4,3,0,21
U022068,20,6,9,8,0,8,1,1,24
U022069,18,4,8,2,0,5,0,0,31
U022070,16,0,5,2,0,5,2,1,17
U022071,8,2,2,2,1,7,0,0,11
U022072,13,6,7,3,0,8,2,1,29
U022073,15,0,5,4,0,4,0,0,18
U022074,16,0,6,5,0,8,1,0,15
U022075,12,0,3,2,2,6,0,0,8
U022076,13,5,8,2,0,3,3,2,26
U022077,13,3,5,1,1,9,2,0,15
U022078,11,1,2,2,0,3,1,2,26
U022079,8,1,3,5,0,8,1,2,11
U022080,11,1,5,3,2,5,1,2,18
U022081,10,1,8,1,0,3,2,0,21
U022082,23,5,9,3,0,12,0,3,24
U022083,11,3,6,1,0,4,1,0,15
U022084,9,0,3,6,2,2,1,0,14
U022085,2,0,3,2,4,2,3,1,6
U022086,8,1,6,2,0,5,0,0,10
U022087,15,3,5,0,0,3,1,1,17
U022088,11,0,4,3,2,8,1,0,25
U022089,16,0,10,6,1,8,2,2,14
U022090,14,6,3,4,0,7,2,0,28
U022091,12,1,7,1,0,6,0,0,14
U022092,14,4,3,4,0,3,1,2,30
U022093,14,1,4,0,1,4,1,0,18
U022094,26,4,5,7,1,8,0,0,25
U022095,20,2,6,5,0,5,2,1,19
U022096,21,1,7,2,0,11,0,1,26
U022097,18,0,8,4,0,9,2,0,22
U022098,17,4,9,2,2,4,0,3,17
U022099,15,1,1,2,1,2,1,2,14
U022100,21,0,7,5,0,5,2,3,30
U022101,8,1,4,1,0,4,1,1,11
U022102,7,1,7,2,3,3,1,0,11
U022103,3,1,3,1,2,3,1,1,13
U022104,8,3,3,0,4,4,1,0,14
U022105,32,3,3,2,0,6,1,1,15
U022106,12,0,10,2,0,5,0,0,17
U022107,13,2,5,7,2,8,1,1,21
U022108,8,1,3,4,0,9,1,1,18
U022109,10,4,6,10,0,5,1,1,21
U022110,12,6,9,5,0,5,0,3,28
U022111,12,0,4,1,0,9,1,1,22
U022112,16,2,9,2,0,9,3,1,15
U022113,16,1,7,4,0,4,1,1,16
U022114,6,0,3,4,0,6,1,0,20
U022115,7,0,2,0,2,4,1,0,10
U022116,11,0,4,2,1,5,3,0,17
U022117,8,0,5,0,0,14,1,0,13
U022118,17,2,2,3,0,8,2,1,25
U022119,14,2,8,0,0,6,1,1,24
U022120,19,2,4,6,0,11,1,1,27
U022121,11,2,6,3,1,5,1,1,11
U022122,19,3,8,5,0,8,1,1,27
U022123,11,3,10,3,1,8,2,1,37
U022124,20,6,11,2,0,10,3,1,33
U022125,14,0,5,4,0,6,0,0,26
U022126,12,2,3,4,0,4,2,2,23
U022127,16,4,6,3,2,7,0,3,29
U022128,13,0,8,4,1,4,1,1,17
U022129,10,0,5,4,0,9,0,1,14
U022130,9,1,1,5,0,6,2,0,12
U022131,9,0,4,2,5,2,1,0,17
U022132,16,2,5,5,0,7,3,3,27
U022133,21,5,8,4,3,2,0,1,31
U022134,15,1,9,2,1,6,0,0,22
U022135,14,1,5,3,0,10,1,0,14
U022136,10,1,7,2,4,4,2,1,15
U022137,19,2,5,5,0,5,3,1,22
U022138,9,0,5,1,1,1,0,0,7
U022139,12,1,6,1,0,2,1,2,15
U022140,16,3,13,1,0,8,2,0,22
U022141,10,1,5,1,0,7,0,2,12
U022142,14,1,2,5,0,1,1,0,15
U022143,11,0,5,4,2,2,0,0,13
U022144,19,1,2,1,1,3,0,0,23
U022145,17,2,3,3,0,6,1,1,7
U022146,10,3,3,3,0,6,0,0,15
U022147,7,2,5,1,5,4,0,1,11
U022148,12,1,3,4,1,4,0,2,22
U022149,8,2,3,0,0,4,2,0,20
U022150,19,5,2,3,0,2,0,2,21
U022151,12,0,4,4,0,5,0,0,17
U022152,9,1,5,4,5,6,0,1,22
U022153,10,1,2,3,1,8,1,0,12
U022154,15,6,5,3,0,4,1,2,23
U022155,19,5,6,6,0,12,3,3,34
U022156,8,2,6,3,0,7,0,1,18
U022157,10,2,3,1,0,2,0,0,23
U022158,8,0,3,4,2,5,1,0,21
U022159,15,1,6,3,0,6,3,0,22
U022160,8,2,5,2,3,6,3,0,13
U022161,9,1,8,3,0,3,0,1,19
U022162,16,6,12,3,1,9,2,1,29
U022163,7,0,4,1,3,5,1,0,8
U022164,13,0,4,0,2,2,0,0,12
U022165,5,0,3,0,4,2,2,1,9
U022166,10,0,7,3,3,5,1,1,23
U022167,17,1,5,2,1,2,1,0,25
U022168,8,1,9,1,4,3,1,1,27
U022169,11,1,2,0,5,3,2,1,12
U022170,12,0,4,3,0,5,3,2,12
U022171,15,1,4,3,0,8,1,0,15
U022172,6,2,6,5,4,4,0,0,13
U022173,5,2,2,1,5,5,0,1,18
U022174,13,0,5,1,2,4,0,0,15
U022175,11,0,6,2,6,3,1,0,6
U022176,13,6,7,4,3,2,1,1,17
U022177,9,0,3,2,0,7,3,0,18
U022178,14,4,4,2,0,5,0,1,27
U022179,8,3,5,3,4,4,1,1,26
U022180,15,7,4,5,0,7,2,4,30
U022181,14,5,8,2,1,9,1,2,24
U022182,18,4,3,1,1,9,0,0,26
U022183,10,5,1,6,2,5,0,0,34
U022184,18,3,8,4,1,11,1,1,25
U022185,17,4,4,2,0,5,2,1,23
U022186,13,7,1,5,5,3,0,1,18
U022187,13,0,6,3,0,7,1,0,14
U022188,12,0,6,2,0,4,0,1,19
U022189,13,3,7,3,0,8,2,0,24
U022190,17,0,7,5,0,8,2,1,27
U022191,9,2,4,5,0,7,0,2,21
U022192,10,1,5,3,0,11,2,0,14
U022193,19,6,7,4,0,7,1,1,22
U022194,21,5,3,7,1,6,0,0,24
U022195,14,3,5,2,1,6,3,1,25
U022196,10,0,2,3,0,6,1,0,22
U022197,8,6,6,3,2,3,0,0,12
U022198,12,3,9,0,8,5,1,1,21
U022199,13,0,4,2,0,8,2,0,9
U022200,12,2,6,1,5,6,1,0,18
U022201,17,5,6,4,4,8,0,1,27
U022202,13,0,9,2,1,9,1,1,16
U022203,15,5,6,3,2,8,1,3,23
U022204,8,0,3,3,0,4,0,1,18
U022205,5,0,4,4,4,2,1,0,9
U022206,11,1,10,4,2,6,1,1,24
U022207,10,0,6,3,5,3,2,1,18
U022208,11,5,12,1,1,10,0,0,27
U022209,12,1,7,3,0,5,2,0,12
U022210,16,2,9,2,3,3,3,0,15
U022211,19,2,9,5,2,8,3,1,24
U022212,17,1,7,2,0,3,2,1,17
U022213,17,3,6,4,0,11,3,4,15
U022214,17,3,7,0,0,5,1,0,20
U022215,14,2,5,4,1,8,1,1,14
U022216,10,2,5,4,1,5,2,0,19
U022217,13,0,6,4,0,7,0,2,18
U022218,8,1,3,2,6,2,1,0,15
U022219,13,3,2,0,2,4,1,0,17
U022220,17,3,5,5,0,8,3,1,21
U022221,12,0,5,5,1,6,0,0,18
U022222,13,1,5,2,3,2,0,2,17
U022223,12,2,1,3,10,5,2,0,20
U022224,18,1,3,0,3,4,0,1,15
U022225,21,3,10,2,2,4,2,1,32
U022226,14,2,7,5,1,0,1,0,29
U022227,10,3,8,4,1,3,2,0,15
U022228,10,0,2,1,0,5,2,0,22
U022229,6,1,3,1,4,4,2,0,14
U022230,12,1,8,1,0,5,0,2,24
U022231,12,2,5,5,0,7,0,0,24
U022232,8,0,6,1,0,4,3,1,17
U022233,14,0,6,1,1,7,0,0,14
U022234,18,2,6,3,3,5,1,0,30
U022235,12,2,4,3,0,3,0,0,10
U022236,16,2,10,5,2,7,3,4,30
U022237,22,1,5,3,0,3,1,2,25
U022238,11,3,4,1,1,5,2,1,12
U022239,10,1,1,1,4,6,2,1,14
U022240,13,5,5,3,0,5,3,2,15
U022241,4,1,2,1,0,2,1,1,16
U022242,8,0,4,3,0,4,2,1,21
U022243,13,2,9,4,0,4,3,2,28
U022244,23,2,4,4,1,7,0,2,21
U022245,22,4,4,4,0,11,2,0,28
U022246,12,0,6,4,0,5,0,2,16
U022247,14,3,6,2,0,4,0,0,20
U022248,11,4,2,1,2,3,1,0,26
U022249,6,5,7,5,1,9,1,1,22
U022250,7,2,5,6,0,6,1,1,13
U022251,16,2,6,4,0,7,3,0,24
U022252,20,3,8,6,1,8,0,0,21
U022253,17,1,5,5,0,5,0,2,29
U022254,7,1,1,2,4,2,0,1,12
U022255,17,2,6,2,0,4,0,1,12
U022256,11,11,5,4,1,8,2,1,21
U022257,11,7,2,4,2,6,3,0,19
U022258,13,0,5,1,0,5,1,3,15
U022259,12,3,10,4,1,2,0,1,17
U022260,13,2,7,0,0,5,0,2,22
U022261,5,0,4,2,4,3,2,0,7
U022262,15,3,3,5,7,10,0,2,26
U022263,11,2,4,2,0,3,5,0,31
U022264,14,0,7,4,6,4,1,0,17
U022265,9,1,5,1,4,4,0,0,18
U022266,7,0,1,0,5,2,1,1,13
U022267,24,3,10,4,0,11,2,2,32
U022268,18,0,4,6,0,9,2,3,30
U022269,18,0,11,5,0,6,0,0,28
U022270,17,1,8,5,0,6,3,3,20
U022271,17,5,7,5,0,4,0,0,24
U022272,14,4,5,4,0,8,1,0,20
U022273,11,1,3,2,0,5,1,1,16
U022274,13,2,5,4,5,3,2,1,18
U022275,16,4,5,4,0,6,1,0,20
U022276,14,1,8,6,0,5,1,2,20
U022277,4,1,1,3,2,3,0,0,10
U022278,13,4,4,2,1,4,4,0,22
U022279,15,1,7,2,0,7,0,0,21
U022280,21,4,7,2,0,6,2,0,21
U022281,8,1,3,2,0,7,0,1,16
U022282,15,1,3,3,0,3,2,1,13
U022283,12,4,6,4,0,8,2,2,21
U022284,7,0,6,0,1,1,3,2,24
U022285,19,3,6,2,0,1,0,1,21
U022286,6,0,7,2,3,4,0,2,19
U022287,4,0,2,2,2,0,0,2,8
U022288,13,4,3,2,0,8,3,1,38
U022289,14,3,4,2,3,1,0,0,15
U022290,10,3,7,4,1,9,4,0,23
U022291,5,2,5,4,3,1,1,1,13
U022292,9,1,5,2,2,9,1,1,30
U022293,17,2,7,5,0,6,0,2,20
U022294,14,4,10,2,0,4,1,0,15
U022295,19,0,7,1,8,5,3,1,23
U022296,9,2,5,3,0,8,1,2,20
U022297,17,6,2,5,0,6,0,2,20
U022298,19,5,12,5,0,6,1,0,27
U022299,12,6,6,3,0,11,2,0,22
U022300,18,0,6,1,0,9,2,2,19
U022301,13,0,5,4,0,5,1,2,31
U022302,16,3,6,5,0,5,3,2,21
U022303,15,1,10,0,6,7,2,1,27
U022304,18,3,7,2,2,6,2,0,20
U022305,24,3,12,4,0,10,0,0,31
U022306,15,0,1,3,0,12,1,3,21
U022307,12,5,3,1,4,5,1,1,23
U022308,14,8,3,3,0,12,3,0,25
U022309,14,5,9,3,2,8,1,2,24
U022310,16,2,8,2,3,8,1,0,23
U022311,17,0,7,4,0,6,1,2,21
U022312,11,0,4,2,2,4,0,0,9
U022313,13,0,6,4,0,8,1,0,26
U022314,17,3,7,3,0,8,2,1,28
U022315,14,3,5,1,1,6,2,2,31
U022316,12,3,7,2,0,4,1,0,21
U022317,20,2,9,2,0,8,2,0,19
U022318,15,3,2,4,0,5,3,0,20
U022319,15,1,1,3,0,3,3,1,21
U022320,24,3,7,3,0,9,1,1,22
U022321,16,2,2,2,0,4,1,0,20
U022322,3,0,4,5,1,5,1,2,19
U022323,6,2,2,1,0,3,3,1,19
U022324,10,1,4,3,0,6,2,0,18
U022325,9,0,2,4,0,6,0,1,16
U022326,16,5,8,1,0,6,1,0,21
U022327,26,4,12,2,0,8,2,1,44
U022328,15,0,6,2,0,5,1,1,15
U022329,11,0,3,2,0,5,2,0,15
U022330,23,4,8,6,0,8,0,0,28
U022331,11,0,7,3,0,4,0,1,21
U022332,13,0,5,1,0,5,1,0,9
U022333,11,1,8,2,0,5,3,0,20
U022334,11,0,4,1,4,5,0,1,10
U022335,7,1,5,1,2,3,1,1,17
U022336,21,3,3,2,1,8,1,3,9
U022337,22,3,8,2,0,8,2,3,33
U022338,15,4,6,0,1,9,1,2,28
U022339,7,1,4,2,0,2,0,1,12
U022340,25,1,12,0,0,9,3,0,31
U022341,12,3,5,3,1,8,0,0,20
U022342,5,0,4,2,4,4,0,1,10
U022343,10,3,4,7,0,7,0,3,12
U022344,14,0,2,1,0,7,0,4,21
U022345,13,0,1,2,0,7,1,0,17
U022346,16,1,6,1,0,4,1,1,11
U022347,10,2,4,4,0,6,0,0,15
U022348,9,1,2,1,4,4,2,1,12
U022349,9,1,4,2,0,5,1,2,17
U022350,13,2,4,0,0,5,0,5,13
U022351,14,3,6,1,0,4,1,0,21
U022352,16,5,7,2,2,7,2,1,17
U022353,15,5,11,0,0,3,1,0,16
U022354,20,4,5,5,0,7,1,0,23
U022355,14,6,4,6,1,3,2,1,23
U022356,12,0,4,2,4,8,0,2,12
U022357,14,2,5,2,0,3,1,1,14
U022358,19,6,4,4,4,5,2,2,26
U022359,10,1,5,0,5,4,0,0,16
U022360,11,4,8,2,6,4,0,0,19
U022361,12,0,5,4,1,4,2,0,17
U022362,11,1,3,4,0,7,0,0,9
U022363,4,0,5,0,3,2,1,1,15
U022364,9,2,9,3,0,2,0,1,17
U022365,11,3,2,2,0,5,0,0,18
U022366,11,1,6,1,0,4,0,2,19
U022367,15,6,6,3,0,9,2,1,21
U022368,16,1,7,4,3,8,0,0,17
U022369,13,4,4,3,0,4,2,1,20
U022370,10,1,8,3,0,5,0,0,17
U022371,10,1,7,2,3,1,1,1,7
U022372,20,0,6,3,9,5,0,0,7
U022373,21,4,9,1,0,5,1,3,19
U022374,11,3,9,6,5,6,1,4,23
U022375,7,0,6,3,2,2,2,0,13
U022376,14,0,6,6,1,8,3,0,24
U022377,8,1,5,3,2,6,0,1,14
U022378,16,4,3,4,0,6,1,1,22
U022379,20,2,11,2,0,8,1,0,34
U022380,20,5,6,2,0,7,4,0,27
U022381,12,1,7,2,4,4,4,0,19
U022382,11,0,4,4,0,4,0,3,20
U022383,17,1,7,5,0,8,1,1,21
U022384,16,3,10,2,1,7,1,0,24
U022385,11,2,5,4,1,4,0,0,15
U022386,9,1,2,2,1,2,3,2,18
U022387,11,1,3,0,2,1,0,0,8
U022388,17,1,2,1,0,3,1,2,14
U022389,13,2,4,5,0,3,3,1,27
U022390,11,1,0,5,2,0,0,1,9
U022391,13,2,7,6,0,4,3,1,13
U022392,13,5,7,6,2,7,3,1,22
U022393,15,0,4,3,2,9,0,1,16
U022394,21,7,8,7,1,9,0,0,41
U022395,15,1,5,2,0,5,1,1,24
U022396,12,0,5,0,1,5,1,1,21
U022397,12,0,5,2,0,8,1,2,15
U022398,19,4,1,4,0,8,3,1,33
U022399,12,5,4,2,1,1,0,2,9
U022400,6,1,5,2,3,5,2,3,13
U022401,12,2,9,2,0,6,1,1,28
U022402,11,1,1,2,0,7,1,0,20
U022403,12,1,7,3,0,13,1,1,21
U022404,15,1,8,9,0,4,1,1,28
U022405,16,7,2,5,1,9,1,0,20
U022406,14,0,4,2,0,4,2,0,20
U022407,15,3,4,3,0,4,3,0,19
U022408,7,3,4,5,1,6,1,0,22
U022409,19,0,2,2,1,3,1,0,16
U022410,10,4,7,1,0,5,1,3,20
U022411,15,4,6,4,0,7,0,2,21
U022412,7,0,5,1,0,5,3,1,15
U022413,12,3,4,0,2,4,1,0,19
U022414,11,0,2,3,0,2,0,1,16
U022415,17,4,9,3,0,16,4,1,22
U022416,15,5,3,3,0,6,1,0,22
U022417,9,0,4,0,5,7,2,0,7
U022418,17,6,7,2,0,6,0,0,19
U022419,24,3,5,3,0,5,2,4,23
U022420,29,5,13,6,0,5,1,5,26
U022421,10,2,5,2,0,9,1,0,19
U022422,14,0,5,1,0,2,1,3,20
U022423,18,7,8,2,2,10,3,0,28
U022424,11,3,4,0,0,5,2,0,27
U022425,10,0,8,3,0,5,0,1,15
U022426,8,0,3,2,0,5,1,3,20
U022427,19,2,7,6,0,7,4,4,37
U022428,10,0,2,1,3,4,1,2,7
U022429,9,0,3,2,0,2,2,0,16
U022430,6,0,4,0,1,2,2,0,10
U022431,4,0,2,3,2,5,0,1,6
U022432,15,3,6,8,1,10,1,2,42
U022433,12,4,6,4,0,6,2,2,25
U022434,19,4,10,6,1,11,1,0,35
U022435,12,0,4,1,1,6,0,0,12
U022436,8,1,4,5,0,2,2,0,9
U022437,20,1,9,6,0,6,2,2,21
U022438,20,1,2,5,0,4,0,0,17
U022439,12,0,7,3,0,3,1,0,28
U022440,16,4,7,3,0,3,2,0,28
U022441,15,1,4,2,0,5,0,4,24
U022442,22,2,11,4,1,3,2,4,24
U022443,10,0,5,4,0,7,1,0,20
U022444,15,1,11,4,0,2,0,1,17
U022445,9,2,3,2,1,3,0,1,11
U022446,8,0,4,0,1,3,1,0,14
U022447,6,0,2,0,4,6,0,0,12
U022448,16,8,11,2,0,11,1,0,25
U022449,9,2,2,3,2,4,2,0,15
U022450,11,0,4,2,0,4,1,0,15
U022451,22,3,6,7,1,4,0,3,27
U022452,18,4,4,0,0,8,2,1,25
U022453,10,1,3,2,5,6,1,1,13
U022454,9,1,3,2,2,1,0,0,14
U022455,25,4,8,3,1,10,2,0,33
U022456,13,7,6,2,1,7,0,0,13
U022457,16,4,3,2,0,5,0,0,22
U022458,11,0,8,4,2,5,1,0,24
U022459,11,1,4,2,2,7,0,1,20
U022460,8,1,4,2,1,6,1,0,16
U022461,15,2,2,3,0,5,1,1,19
U022462,13,0,3,1,0,5,1,0,16
U022463,15,5,7,1,0,8,4,0,23
U022464,12,1,8,4,0,10,4,1,14
U022465,8,5,7,0,3,9,0,1,25
U022466,18,0,4,3,1,3,2,1,15
U022467,16,9,8,4,2,3,1,0,17
U022468,12,2,2,2,2,3,1,0,16
U022469,21,2,9,2,0,10,1,1,29
U022470,17,1,2,3,0,7,2,0,17
U022471,15,1,13,3,2,9,1,1,22
U022472,12,2,5,5,0,3,3,6,32
U022473,17,3,7,4,1,6,1,0,27
U022474,16,3,10,2,0,9,2,2,22
U022475,18,0,4,2,0,8,1,3,14
U022476,8,4,6,0,6,5,0,0,15
U022477,8,0,5,3,0,0,1,1,27
U022478,11,3,2,2,0,4,1,2,21
U022479,10,1,4,2,2,4,2,1,17
U022480,8,1,2,3,3,5,2,1,10
U022481,7,2,3,4,1,4,1,1,12
U022482,10,4,7,0,4,3,2,0,14
U022483,15,2,7,1,0,7,0,1,14
U022484,14,3,6,1,4,6,2,1,18
U022485,15,2,6,6,0,4,2,0,22
U022486,11,0,3,2,1,5,1,2,20
U022487,11,3,9,3,0,6,0,0,25
U022488,12,2,7,2,3,4,0,0,9
U022489,16,4,5,1,0,4,3,0,25
U022490,11,4,8,4,1,7,1,1,24
U022491,19,7,10,4,0,3,2,0,25
U022492,13,1,10,2,1,5,3,0,18
U022493,13,3,6,5,0,7,2,0,27
U022494,18,6,4,1,0,7,1,1,19
U022495,11,1,4,0,0,6,1,1,16
U022496,20,4,6,4,1,7,0,2,26
U022497,15,0,6,1,0,2,0,2,20
U022498,9,1,4,1,0,4,4,1,16
U022499,15,0,8,2,0,3,0,0,16
U022500,10,2,7,2,0,7,0,1,19
U022501,12,1,5,1,0,4,1,1,17
U022502,5,0,2,3,5,3,1,1,9
U022503,12,1,2,3,0,2,3,0,22
U022504,14,3,9,1,1,5,0,3,22
U022505,11,2,2,4,5,3,0,2,17
U022506,13,5,3,1,0,3,0,1,23
U022507,16,0,4,3,0,2,0,0,16
U022508,3,0,3,2,3,3,1,0,9
U022509,7,0,6,0,1,3,1,1,12
U022510,9,2,3,5,1,7,1,1,17
U022511,14,4,6,5,1,5,3,0,20
U022512,17,0,6,4,0,4,0,0,18
U022513,11,1,13,7,1,3,3,0,26
U022514,14,0,5,1,1,3,0,0,21
U022515,6,1,4,3,3,2,1,0,14
U022516,11,3,6,2,1,9,0,3,23
U022517,17,3,6,5,1,8,1,1,32
U022518,16,1,4,2,1,5,2,3,24
U022519,15,1,6,1,0,3,1,0,17
U022520,11,0,5,2,0,4,1,1,17
U022521,17,3,7,4,0,5,0,2,20
U022522,13,1,11,1,0,7,0,3,28
U022523,12,2,4,0,1,4,4,0,26
U022524,13,1,6,2,1,4,1,2,17
U022525,14,0,5,2,1,5,1,2,20
U022526,20,0,2,2,0,8,1,1,20
U022527,14,4,4,3,0,5,4,1,25
U022528,15,2,4,4,0,3,2,1,17
U022529,15,3,5,1,3,9,1,1,25
U022530,16,3,4,5,0,5,0,3,30
U022531,14,0,4,0,0,9,0,1,14
U022532,16,1,7,4,1,7,0,2,24
U022533,15,1,5,4,3,6,1,1,10
U022534,16,3,8,5,0,11,0,0,24
U022535,13,2,6,0,1,6,1,0,19
U022536,14,1,4,1,1,2,0,1,16
U022537,12,0,4,2,0,7,1,1,15
U022538,19,8,8,3,0,7,0,3,43
U022539,4,1,1,1,4,3,0,0,12
U022540,14,2,5,2,0,3,1,2,18
U022541,11,1,4,2,1,3,0,2,20
U022542,14,4,4,4,0,10,4,0,21
U022543,13,1,11,3,0,2,1,0,11
U022544,16,3,10,5,2,6,1,0,24
U022545,12,0,7,4,0,4,2,5,15
U022546,13,4,4,5,0,9,1,3,28
U022547,14,4,9,3,1,4,3,0,32
U022548,23,3,3,5,2,5,2,1,25
U022549,16,0,5,2,0,5,0,1,19
U022550,5,4,3,4,8,3,1,1,15
U022551,14,0,2,3,0,5,0,1,14
U022552,12,3,3,3,0,3,0,2,10
U022553,18,4,9,6,1,8,4,0,17
U022554,5,0,4,4,4,3,0,0,6
U022555,19,7,10,4,0,8,1,1,23
U022556,12,5,6,4,1,8,1,1,34
U022557,12,1,6,0,0,5,4,1,21
U022558,19,0,8,0,0,4,2,1,28
U022559,11,1,11,3,0,7,2,1,22
U022560,24,4,7,5,0,6,1,1,29
U022561,19,6,5,6,0,5,0,1,31
U022562,25,2,6,2,5,2,3,0,20
U022563,13,2,4,3,1,9,2,2,27
U022564,13,5,4,0,5,5,0,0,21
U022565,15,4,6,7,0,5,2,1,24
U022566,13,3,6,6,0,7,0,0,25
U022567,9,3,3,2,1,6,0,2,13
U022568,23,4,11,3,0,5,1,0,26
U022569,9,7,5,3,6,6,0,0,27
U022570,10,0,7,2,0,6,1,0,22
U022571,14,0,8,0,1,4,2,1,26
U022572,13,1,4,4,0,10,2,1,23
U022573,11,3,4,1,0,10,0,2,25
U022574,6,5,8,4,0,5,1,1,21
U022575,18,0,4,3,0,7,4,1,14
U022576,18,2,8,1,1,3,2,3,23
U022577,10,5,13,0,0,10,0,1,29
U022578,10,0,6,3,0,3,0,1,18
U022579,5,0,4,2,2,2,0,0,12
U022580,9,1,3,0,3,4,0,1,9
U022581,19,6,3,1,0,8,1,1,25
U022582,11,2,2,2,2,7,1,0,12
U022583,10,3,4,2,4,4,2,0,14
U022584,16,2,6,4,0,10,3,1,27
U022585,9,1,4,2,0,4,0,0,13
U022586,12,0,7,2,0,4,3,0,14
U022587,11,2,5,2,0,3,1,1,21
U022588,14,3,5,1,0,3,0,0,14
U022589,7,1,1,2,0,4,1,1,19
U022590,15,6,4,6,1,2,1,2,25
U022591,9,3,5,1,1,3,2,1,32
U022592,13,2,1,2,0,7,1,2,29
U022593,12,4,6,5,0,5,0,3,25
U022594,12,0,3,2,0,7,2,1,18
U022595,4,1,5,1,0,3,2,1,14
U022596,11,0,7,1,0,2,0,0,15
U022597,8,1,4,2,5,8,2,2,20
U022598,19,3,8,5,0,9,3,1,23
U022599,4,1,6,2,2,4,2,1,13
U022600,21,5,12,1,0,5,1,1,25
U022601,16,4,5,3,0,3,3,1,21
U022602,23,1,5,2,0,7,1,0,18
U022603,15,3,10,2,1,8,0,1,20
U022604,16,2,10,3,0,7,1,0,18
U022605,9,0,5,0,1,6,0,0,13
U022606,15,1,9,4,1,4,0,2,21
U022607,13,2,3,2,0,0,1,0,13
U022608,9,3,6,4,2,7,0,3,29
U022609,15,6,8,2,1,3,1,2,26
U022610,11,2,9,0,0,8,2,1,15
U022611,21,5,6,3,0,6,1,2,12
U022612,11,1,9,7,0,8,2,2,30
U022613,14,7,9,2,0,5,1,0,27
U022614,13,2,8,2,0,5,0,0,21
U022615,12,3,9,1,0,5,3,0,10
U022616,21,1,10,2,1,5,0,3,16
U022617,11,2,7,4,0,9,3,1,19
U022618,13,4,6,4,0,6,1,0,15
U022619,12,0,5,6,2,8,1,1,16
U022620,11,1,8,7,1,1,2,1,22
U022621,14,6,3,1,0,5,1,2,24
U022622,6,0,5,3,0,2,0,0,23
U022623,7,5,8,3,0,8,2,1,24
U022624,11,1,8,3,0,5,0,1,20
U022625,15,3,9,4,0,8,2,2,27
U022626,10,1,5,1,1,3,1,3,16
U022627,9,0,6,1,2,3,1,1,11
U022628,13,0,6,3,0,2,2,0,14
U022629,15,3,6,4,0,3,0,0,21
U022630,7,1,7,4,6,7,0,0,28
U022631,14,3,5,6,1,5,2,3,28
U022632,16,0,5,0,0,2,1,1,20
U022633,16,4,6,4,1,3,4,2,18
U022634,13,2,5,3,0,4,2,1,19
U022635,9,0,10,2,4,8,1,1,25
U022636,16,3,6,6,1,5,3,1,20
U022637,13,5,7,3,0,8,1,2,21
U022638,10,1,3,6,1,5,1,0,18
U022639,14,1,5,0,5,5,0,1,19
U022640,12,2,7,2,0,5,0,1,8
U022641,10,2,6,2,0,8,3,1,11
U022642,12,0,2,3,0,4,1,0,10
U022643,14,2,5,3,0,8,0,2,17
U022644,7,4,11,2,0,5,1,1,30
U022645,16,4,8,4,0,9,3,0,26
U022646,8,2,5,4,0,3,2,1,16
U022647,17,3,7,4,1,7,4,0,21
U022648,12,3,4,5,0,5,3,1,21
U022649,12,0,3,3,0,7,0,1,19
U022650,14,2,6,3,0,15,1,1,23
U022651,13,0,4,2,0,2,0,1,12
U022652,13,6,6,1,1,7,1,3,11
U022653,15,3,6,0,1,7,2,0,30
U022654,9,1,8,4,0,4,0,2,22
U022655,11,1,1,1,0,4,2,0,15
U022656,12,3,4,2,0,4,1,1,23
U022657,12,1,5,5,1,6,2,3,20
U022658,14,0,7,2,0,8,1,3,16
U022659,11,0,3,2,1,4,2,0,14
U022660,18,0,2,4,1,7,2,1,24
U022661,10,0,6,1,0,6,2,1,12
U022662,9,0,5,2,0,6,1,0,11
U022663,5,1,7,2,0,7,1,0,11
U022664,18,2,3,3,0,7,3,1,23
U022665,13,0,4,7,0,4,1,1,24
U022666,13,2,6,2,4,6,0,1,27
U022667,12,6,5,4,0,2,2,0,18
U022668,15,0,10,1,0,6,0,0,18
U022669,10,0,0,0,3,5,0,1,19
U022670,11,1,5,1,0,2,2,0,21
U022671,17,0,10,2,2,6,1,1,10
U022672,11,1,8,1,1,4,2,1,16
U022673,12,1,11,2,0,5,0,0,18
U022674,7,3,6,1,1,7,2,0,12
U022675,12,1,4,3,0,2,0,1,14
U022676,13,5,4,2,0,4,2,1,15
U022677,16,1,5,1,0,9,3,1,21
U022678,14,5,6,3,0,8,2,1,27
U022679,8,0,6,2,0,4,1,1,14
U022680,17,2,4,2,0,3,0,1,13
U022681,15,6,6,4,1,7,4,0,20
U022682,11,1,2,4,2,4,0,1,15
U022683,16,0,6,2,0,4,2,0,18
U022684,12,2,7,6,0,13,3,1,22
U022685,13,1,9,4,0,5,4,0,26
U022686,5,2,4,1,5,3,2,0,19
U022687,19,3,8,1,0,4,5,2,24
U022688,10,0,1,4,0,6,1,1,25
U022689,19,4,5,6,2,5,1,0,22
U022690,15,2,6,5,2,6,3,0,16
U022691,11,5,8,7,0,4,5,2,18
U022692,10,0,8,2,0,5,3,1,17
U022693,13,0,4,2,0,2,1,0,21
U022694,20,2,13,3,0,9,2,1,27
U022695,9,3,5,3,0,8,0,0,21
U022696,14,1,2,5,0,8,2,1,19
U022697,13,7,6,5,1,2,3,0,31
U022698,19,1,9,4,1,4,1,0,33
U022699,16,2,4,1,0,4,0,1,17
U022700,13,1,8,1,0,4,1,0,12
U022701,9,0,2,1,0,4,0,1,19
U022702,18,5,5,3,0,6,0,1,19
U022703,6,2,3,1,1,6,6,0,22
U022704,16,3,5,6,0,5,1,1,19
U022705,7,6,10,5,1,7,3,1,27
U022706,16,4,6,6,0,8,3,1,27
U022707,8,0,1,1,7,1,1,1,14
U022708,15,2,7,3,1,7,2,1,23
U022709,15,4,6,6,1,13,1,1,29
U022710,18,1,6,3,1,8,2,2,30
U022711,11,1,8,2,7,2,0,0,16
U022712,11,1,9,3,0,7,2,0,16
U022713,12,0,5,5,0,7,0,1,15
U022714,12,0,5,2,0,1,1,1,21
U022715,14,6,10,2,0,2,0,0,27
U022716,14,3,2,2,1,5,1,1,28
U022717,8,0,5,2,0,3,0,0,12
U022718,10,6,7,3,0,5,0,1,23
U022719,17,8,7,1,3,5,3,2,18
U022720,9,0,6,0,0,3,2,0,18
U022721,17,5,3,5,0,3,1,0,24
U022722,13,6,5,3,1,4,6,1,22
U022723,12,2,6,5,0,6,1,1,29
U022724,14,6,8,3,2,5,1,2,23
U022725,13,2,9,8,0,7,2,0,17
U022726,16,2,10,6,1,5,1,1,26
U022727,11,6,8,3,1,3,1,0,9
U022728,13,0,4,1,0,6,2,1,25
U022729,9,1,4,0,6,1,1,1,11
U022730,6,3,1,2,0,3,1,2,25
U022731,15,6,13,2,1,10,3,1,21
U022732,8,2,4,0,0,4,2,0,11
U022733,17,2,4,4,1,8,2,2,29
U022734,11,0,1,4,0,7,0,1,15
U022735,12,2,5,1,0,9,2,0,16
U022736,13,0,2,2,0,2,0,0,15
U022737,10,1,6,3,1,5,2,0,24
U022738,18,2,3,3,1,8,1,1,27
U022739,17,8,4,5,1,4,1,2,32
U022740,5,0,3,2,0,5,0,2,7
U022741,15,1,3,3,0,6,0,0,20
U022742,4,1,6,0,0,3,1,2,13
U022743,21,3,9,4,1,9,1,1,31
U022744,13,0,8,2,0,5,2,1,11
U022745,7,2,3,1,0,3,0,1,23
U022746,1,1,9,1,5,5,3,3,19
U022747,12,4,6,5,6,5,1,1,15
U022748,7,2,1,3,4,5,1,2,13
U022749,17,1,4,2,1,7,2,0,19
U022750,14,8,7,4,0,3,5,1,26
U022751,17,1,10,3,0,6,0,1,33
U022752,13,0,3,2,0,6,1,0,16
U022753,14,4,4,5,1,8,0,2,18
U022754,9,7,7,4,0,5,2,0,27
U022755,6,1,3,1,0,5,0,0,17
U022756,16,1,8,7,0,6,4,2,28
U022757,3,0,5,1,1,1,1,1,9
U022758,13,4,5,2,0,2,1,0,21
U022759,15,5,6,7,1,7,2,4,30
U022760,9,0,7,3,0,3,0,0,28
U022761,10,1,1,2,2,5,0,0,9
U022762,16,0,4,1,0,5,1,0,11
U022763,10,0,2,3,0,4,2,2,16
U022764,7,0,2,2,0,3,0,1,23
U022765,18,3,12,4,1,0,0,1,18
U022766,13,2,6,2,0,8,1,2,17
U022767,12,6,3,3,0,2,1,1,20
U022768,13,3,2,3,1,6,0,1,23
U022769,12,2,4,2,1,3,0,0,18
U022770,11,4,12,4,2,6,0,0,26
U022771,21,2,5,1,0,1,1,0,15
U022772,9,0,2,3,0,5,0,1,14
U022773,12,0,7,2,3,5,0,0,12
U022774,20,3,10,7,0,6,1,0,32
U022775,12,3,4,1,0,4,1,1,23
U022776,21,2,8,3,0,0,1,1,15
U022777,13,4,8,7,6,3,1,1,15
U022778,8,0,4,2,1,4,0,1,18
U022779,7,2,5,4,0,5,2,3,14
U022780,15,1,3,1,1,4,0,1,18
U022781,15,3,6,5,1,4,3,2,23
U022782,23,5,7,1,0,5,4,2,20
U022783,22,7,7,6,1,7,4,1,24
U022784,11,1,3,3,0,6,2,0,14
U022785,20,3,4,3,0,7,3,1,23
U022786,12,5,6,2,3,3,0,0,15
U022787,13,0,3,2,0,8,0,1,15
U022788,15,6,8,5,0,8,1,2,23
U022789,12,0,2,2,2,4,0,1,9
U022790,11,3,5,5,0,0,2,1,27
U022791,7,0,5,4,4,4,1,0,13
U022792,10,0,4,1,0,2,0,2,17
U022793,9,2,1,4,2,4,0,1,12
U022794,7,1,4,1,0,2,2,1,15
U022795,16,6,3,4,0,8,3,2,25
U022796,7,0,3,6,2,3,1,0,12
U022797,13,1,4,3,0,3,1,0,7
U022798,13,1,6,1,6,8,0,1,17
U022799,7,0,1,2,0,3,0,0,15
U022800,14,0,10,3,0,8,0,0,27
U022801,17,1,5,2,0,6,1,0,18
U022802,16,4,7,2,1,3,3,0,21
U022803,9,1,3,2,1,3,0,0,22
U022804,17,5,8,3,1,13,1,1,23
U022805,9,3,3,0,5,7,0,1,8
U022806,16,2,13,2,0,8,0,1,19
U022807,17,3,9,2,0,8,1,0,22
U022808,5,1,5,0,2,2,1,1,11
U022809,16,4,5,4,0,9,2,1,30
U022810,13,0,5,3,1,3,1,3,11
U022811,6,1,4,1,6,4,0,0,15
U022812,11,0,4,2,0,6,2,2,19
U022813,14,1,6,1,0,7,1,0,12
U022814,10,2,6,2,1,10,2,1,28
U022815,11,0,0,2,0,7,2,1,12
U022816,13,3,4,6,1,7,2,0,21
U022817,16,1,4,1,0,2,1,2,24
U022818,17,2,10,3,0,5,3,0,25
U022819,12,6,4,0,5,5,0,1,18
U022820,11,5,5,4,0,7,1,1,17
U022821,15,2,6,7,0,9,2,0,24
U022822,18,3,8,3,0,11,1,0,25
U022823,13,1,8,5,1,7,0,3,17
U022824,15,5,4,4,1,10,5,0,27
U022825,10,1,4,3,6,2,0,2,21
U022826,13,5,14,3,0,6,0,1,17
U022827,6,1,3,2,0,7,1,1,19
U022828,13,1,8,5,2,8,0,2,17
U022829,16,4,6,5,0,5,0,0,21
U022830,6,1,2,3,4,5,0,2,14
U022831,10,2,8,3,1,9,1,1,21
U022832,11,0,6,2,0,5,0,0,11
U022833,11,5,5,5,1,7,1,0,20
U022834,12,7,11,4,1,10,4,2,18
U022835,14,4,5,3,0,2,1,0,20
U022836,9,1,6,5,1,3,0,0,18
U022837,18,2,9,5,0,8,1,1,31
U022838,14,1,2,3,0,9,3,1,9
U022839,14,4,9,6,1,7,3,3,31
U022840,15,3,10,3,2,6,2,1,23
U022841,8,1,9,0,0,5,0,1,19
U022842,18,5,3,3,0,5,0,0,20
U022843,11,1,5,2,0,6,2,2,19
U022844,7,0,0,1,1,3,3,0,12
U022845,17,3,9,6,0,3,0,2,20
U022846,4,0,4,2,2,1,0,1,7
U022847,9,3,4,3,1,6,0,1,19
U022848,16,6,6,7,0,10,3,2,37
U022849,16,2,4,3,0,5,4,1,15
U022850,13,6,9,2,0,6,0,1,35
U022851,10,0,12,1,1,2,3,1,22
U022852,8,3,8,3,0,8,2,0,21
U022853,13,2,5,1,0,4,1,0,14
U022854,9,3,6,3,0,5,1,0,25
U022855,12,0,6,3,0,13,3,1,21
U022856,12,1,9,5,0,8,1,0,21
U022857,8,0,5,1,0,8,0,0,20
U022858,10,0,9,3,0,8,1,1,17
U022859,9,0,4,3,0,4,0,1,20
U022860,13,2,7,2,1,8,0,2,23
U022861,9,0,5,3,6,3,2,1,14
U022862,7,3,3,1,4,2,1,1,12
U022863,10,1,3,5,2,1,1,0,7
U022864,11,2,3,5,2,4,1,2,17
U022865,14,2,4,2,0,11,1,0,19
U022866,16,1,13,3,5,10,4,2,20
U022867,14,0,6,4,0,2,1,2,13
U022868,10,2,3,2,0,8,1,0,19
U022869,17,5,10,4,0,7,1,0,34
U022870,8,0,3,2,1,5,1,0,17
U022871,16,2,3,4,0,5,3,0,10
U022872,10,1,3,1,0,5,0,0,20
U022873,11,2,11,1,0,7,2,2,22
U022874,14,0,1,5,0,3,1,2,12
U022875,20,4,4,1,0,2,0,1,24
U022876,15,2,8,1,2,4,3,0,14
U022877,17,6,10,3,0,6,0,0,20
U022878,12,1,5,3,0,5,2,1,20
U022879,17,2,10,4,0,9,1,1,24
U022880,14,0,4,6,0,8,0,0,20
U022881,8,0,6,1,0,9,0,1,13
U022882,6,2,3,3,1,9,2,1,21
U022883,16,5,11,4,1,12,1,2,34
U022884,13,3,7,3,0,5,3,2,37
U022885,10,4,6,3,0,8,1,0,28
U022886,11,1,3,3,0,2,1,0,24
U022887,8,3,7,4,0,5,1,0,29
U022888,14,5,7,3,1,6,3,0,26
U022889,10,4,7,4,2,5,1,1,29
U022890,14,2,7,3,1,2,1,2,27
U022891,10,1,1,3,2,6,1,1,16
U022892,17,5,6,2,1,7,3,1,28
U022893,13,0,7,3,0,5,3,0,21
U022894,8,3,5,2,0,5,2,3,22
U022895,8,2,7,1,0,7,1,1,25
U022896,11,0,6,1,2,5,2,3,15
U022897,15,2,6,4,1,8,5,2,23
U022898,18,1,7,0,2,5,0,0,21
U022899,9,1,2,1,3,5,4,0,14
U022900,6,2,2,2,1,8,2,1,7
U022901,4,2,3,2,1,0,1,0,20
U022902,13,1,4,4,0,2,3,1,10
U022903,21,4,4,3,0,6,3,1,19
U022904,14,1,8,2,1,5,3,1,17
U022905,11,3,7,5,1,4,1,0,19
U022906,15,3,9,3,2,6,4,1,25
U022907,19,3,8,2,1,13,2,4,21
U022908,19,5,8,6,0,4,0,1,20
U022909,23,4,11,7,0,6,0,1,30
U022910,6,1,3,2,0,3,1,3,23
U022911,10,1,5,2,1,7,1,2,21
U022912,14,3,9,1,0,4,0,1,23
U022913,10,0,1,2,0,7,0,0,23
U022914,9,2,5,3,5,6,3,1,20
U022915,10,8,5,0,0,6,4,2,21
U022916,7,1,3,4,0,4,2,0,22
U022917,15,0,4,0,2,6,1,1,15
U022918,13,0,4,3,0,5,2,1,22
U022919,12,0,4,1,1,6,0,1,16
U022920,14,0,5,5,1,6,1,2,18
U022921,23,3,8,5,0,11,0,3,38
U022922,20,1,5,4,0,2,2,1,18
U022923,21,2,5,4,1,7,1,1,23
U022924,12,3,5,2,0,4,1,0,31
U022925,6,0,1,3,1,5,0,1,14
U022926,6,0,1,0,4,2,0,3,11
U022927,17,3,11,2,0,5,1,0,26
U022928,9,2,2,4,0,3,2,1,13
U022929,18,5,6,4,1,6,1,1,22
U022930,12,0,7,8,0,9,0,1,23
U022931,12,1,4,0,1,7,1,0,19
U022932,16,7,7,2,1,10,2,2,24
U022933,15,4,6,8,0,6,2,0,30
U022934,16,1,13,5,0,8,3,0,28
U022935,16,1,4,4,0,5,2,2,20
U022936,10,3,11,2,1,4,0,1,32
U022937,16,2,7,9,0,9,1,2,27
U022938,24,5,3,2,1,13,1,1,34
U022939,15,1,4,3,1,6,0,1,20
U022940,18,3,3,6,0,6,2,2,16
U022941,15,3,3,2,5,0,0,4,22
U022942,13,2,6,5,0,8,1,0,19
U022943,16,0,4,3,0,4,0,0,13
U022944,8,0,2,2,1,4,0,0,11
U022945,13,4,3,4,2,9,2,2,30
U022946,13,2,6,2,3,2,2,0,13
U022947,10,1,7,3,0,4,1,0,17
U022948,9,2,5,1,0,6,3,1,18
U022949,9,0,5,2,0,3,3,0,19
U022950,10,2,5,2,1,6,1,0,20
U022951,12,0,9,2,0,6,4,0,28
U022952,14,0,8,5,1,3,1,0,20
U022953,9,3,8,8,2,11,0,1,23
U022954,14,1,5,7,0,6,3,0,17
U022955,18,3,6,3,0,6,1,2,21
U022956,17,3,8,5,0,8,1,1,27
U022957,17,1,6,1,2,10,2,0,29
U022958,13,1,4,5,1,4,3,0,20
U022959,14,1,7,2,0,7,4,1,19
U022960,10,4,8,4,0,7,2,2,25
U022961,24,0,6,3,0,7,1,0,14
U022962,10,1,1,2,0,4,1,1,19
U022963,11,3,7,5,0,7,1,3,19
U022964,18,5,4,0,0,7,2,2,13
U022965,10,1,5,4,0,8,1,0,17
U022966,4,3,5,5,5,5,1,1,20
U022967,11,3,13,3,1,8,1,1,37
U022968,15,2,2,5,0,7,1,2,30
U022969,9,6,7,8,0,8,3,0,25
U022970,19,3,6,4,6,7,2,1,23
U022971,26,5,9,8,0,8,1,0,31
U022972,7,1,7,3,0,4,2,2,12
U022973,15,3,8,1,0,4,1,1,15
U022974,15,4,4,3,0,4,1,0,19
U022975,20,2,9,2,1,5,3,1,29
U022976,11,1,4,2,3,2,0,2,11
U022977,12,6,10,5,1,4,0,0,15
U022978,14,7,10,3,0,11,1,2,23
U022979,12,1,4,2,0,5,0,2,13
U022980,13,3,9,6,0,8,0,2,34
U022981,6,0,3,0,0,4,2,1,20
U022982,7,2,5,5,1,2,0,0,15
U022983,17,0,7,3,0,6,1,0,12
U022984,8,2,5,1,1,4,1,2,15
U022985,12,4,4,2,1,6,1,1,15
U022986,12,1,6,8,0,4,0,1,18
U022987,9,0,4,0,1,5,0,1,9
U022988,8,0,2,2,3,0,0,0,6
U022989,14,2,6,2,1,3,2,0,16
U022990,13,4,4,5,0,2,0,1,21
U022991,17,3,9,3,0,8,1,0,29
U022992,14,0,4,1,1,5,1,2,25
U022993,13,3,9,7,2,8,3,0,31
U022994,10,0,2,4,0,7,1,1,14
U022995,19,3,6,3,1,3,1,3,25
U022996,12,1,7,2,1,3,0,1,27
U022997,22,2,5,1,1,2,0,0,18
U022998,6,1,4,1,0,8,0,1,12
U022999,6,1,2,3,1,8,1,1,17
U023000,16,0,4,0,7,2,0,0,13
U023001,12,5,0,3,0,6,3,1,18
U023002,6,1,4,1,0,4,1,1,19
U023003,5,2,4,2,0,5,1,1,11
U023004,11,0,5,1,4,2,2,0,8
U023005,8,1,4,2,1,5,0,0,19
U023006,21,2,9,5,0,8,1,3,23
U023007,8,5,8,1,2,4,0,0,21
U023008,5,3,5,2,0,8,1,0,19
U023009,14,0,2,2,0,5,1,0,19
U023010,6,0,4,0,1,2,0,0,13
U023011,5,0,6,0,0,5,2,0,15
U023012,14,3,3,7,0,7,0,0,23
U023013,10,1,4,2,2,4,0,1,17
U023014,11,3,4,1,1,2,1,2,12
U023015,10,2,5,1,0,6,0,1,26
U023016,10,0,7,6,0,1,3,0,16
U023017,13,2,5,4,0,6,0,0,23
U023018,7,0,6,3,0,5,2,0,18
U023019,19,3,11,3,0,6,1,1,20
U023020,10,2,6,4,1,5,1,1,23
U023021,15,4,9,4,0,5,1,0,25
U023022,10,2,10,0,0,3,0,3,29
U023023,17,2,5,3,1,7,0,1,27
U023024,12,0,8,1,0,4,3,0,17
U023025,13,1,4,3,0,6,1,0,15
U023026,15,3,4,1,0,5,0,1,16
U023027,16,2,4,2,0,4,1,1,14
U023028,20,4,12,5,0,3,2,1,26
U023029,14,4,9,2,1,6,3,0,20
U023030,19,5,8,4,0,4,2,1,23
U023031,14,4,4,6,0,14,1,2,23
U023032,13,1,5,1,0,3,0,1,18
U023033,16,0,8,5,0,8,1,0,37
U023034,14,2,7,2,2,4,0,0,18
U023035,8,6,6,3,0,6,2,1,18
U023036,18,4,6,3,0,9,2,0,26
U023037,12,2,8,5,0,5,0,2,19
U023038,24,2,6,2,0,11,0,1,32
U023039,8,0,6,1,2,3,0,1,14
U023040,10,4,1,3,0,4,1,0,19
U023041,18,1,4,2,5,8,2,0,17
U023042,13,3,5,0,0,6,0,4,18
U023043,13,8,5,1,0,8,0,1,12
U023044,14,5,12,3,0,8,2,4,20
U023045,10,0,8,2,2,2,1,3,9
U023046,14,5,3,3,0,1,2,1,19
U023047,19,3,4,5,0,9,1,1,26
U023048,18,2,7,6,1,7,3,0,29
U023049,19,1,6,3,1,5,0,0,22
U023050,10,1,3,3,1,2,2,1,15
U023051,9,0,7,5,2,2,0,0,12
U023052,15,7,11,5,0,8,2,2,29
U023053,10,2,4,1,1,6,0,0,18
U023054,20,5,10,7,0,6,1,0,32
U023055,13,4,4,1,0,9,2,1,9
U023056,19,0,4,4,0,11,1,0,21
U023057,18,4,8,4,0,5,1,1,17
U023058,7,4,7,3,0,4,1,3,12
U023059,17,0,3,4,0,10,3,1,17
U023060,21,4,8,2,1,0,0,1,15
U023061,15,5,7,1,1,7,4,0,15
U023062,9,0,3,2,1,3,1,0,15
U023063,5,0,2,4,0,5,1,1,16
U023064,8,1,3,3,7,4,2,1,15
U023065,14,5,9,3,0,7,2,1,31
U023066,15,1,7,3,0,3,0,3,18
U023067,11,3,5,6,1,5,1,2,21
U023068,15,6,12,5,0,6,1,3,26
U023069,11,0,5,3,0,6,0,0,23
U023070,11,1,1,0,0,10,3,1,21
U023071,13,0,6,3,1,4,0,1,22
U023072,12,6,2,0,0,4,0,1,14
U023073,13,8,5,3,1,8,1,1,23
U023074,9,1,3,2,5,4,1,3,16
U023075,12,1,6,3,0,5,0,1,24
U023076,14,7,5,0,0,9,2,2,29
U023077,23,7,8,3,1,10,1,1,27
U023078,10,3,10,6,6,6,1,3,24
U023079,20,4,5,2,0,7,2,1,18
U023080,9,1,2,2,0,3,1,3,17
U023081,11,3,6,1,0,6,2,0,28
U023082,19,4,3,4,2,5,1,0,20
U023083,18,4,10,5,0,15,2,0,33
U023084,10,2,3,7,1,10,1,2,8
U023085,16,2,11,3,1,5,6,1,33
U023086,8,0,4,7,0,10,0,1,17
U023087,14,1,12,4,3,5,0,1,28
U023088,10,4,5,1,0,6,0,1,25
U023089,6,0,6,0,0,8,1,0,25
U023090,21,1,7,3,1,8,0,0,21
U023091,15,5,4,6,0,4,0,0,25
U023092,13,4,11,2,0,1,0,2,22
U023093,26,3,11,3,0,6,1,2,19
U023094,12,1,2,6,0,3,1,1,15
U023095,12,0,5,0,0,4,0,0,20
U023096,12,3,13,2,0,12,2,0,24
U023097,3,1,5,2,0,2,3,0,23
U023098,8,0,2,1,4,1,1,0,10
U023099,13,2,7,4,1,8,2,1,23
U023100,12,0,5,4,0,5,0,0,24
U023101,11,1,7,1,0,2,0,0,12
U023102,11,0,5,1,0,5,1,1,12
U023103,18,3,11,2,1,11,0,3,26
U023104,16,3,9,7,0,9,3,3,30
U023105,15,0,8,2,5,5,0,0,20
U023106,15,3,8,4,0,6,2,1,27
U023107,7,0,3,4,4,3,0,0,14
U023108,16,1,3,5,1,5,2,1,14
U023109,20,1,3,5,0,5,1,3,19
U023110,11,2,7,3,0,9,2,0,12
U023111,14,3,9,3,0,7,0,2,25
U023112,16,3,10,1,0,10,5,3,30
U023113,8,1,7,3,2,2,0,0,36
U023114,17,1,6,0,0,6,1,1,18
U023115,21,1,8,2,0,13,3,0,30
U023116,12,5,8,3,1,12,2,1,29
U023117,19,1,9,6,2,10,2,0,31
U023118,12,1,5,3,0,3,1,3,14
U023119,9,5,6,7,0,6,0,2,22
U023120,9,1,3,4,0,2,0,0,17
U023121,9,6,11,3,0,6,2,0,27
U023122,10,1,2,1,0,3,1,0,29
U023123,7,0,5,3,0,4,0,0,13
U023124,18,3,8,7,2,4,2,1,23
U023125,10,1,2,4,0,4,1,2,15
U023126,12,0,5,0,0,3,3,0,15
U023127,12,4,3,4,1,4,2,2,20
U023128,13,2,6,2,1,8,2,0,25
U023129,9,0,7,6,0,3,0,0,18
U023130,11,1,4,2,1,5,1,0,17
U023131,17,6,4,5,0,7,1,0,23
U023132,14,2,5,3,0,5,0,1,22
U023133,17,2,6,3,1,7,1,0,15
U023134,10,1,5,0,0,3,0,1,20
U023135,15,2,5,4,0,5,3,0,24
U023136,10,1,7,2,0,6,2,0,17
U023137,13,3,11,5,0,5,2,0,23
U023138,14,1,2,4,0,4,1,0,17
U023139,16,4,7,4,0,5,2,1,26
U023140,18,3,12,3,0,7,3,2,23
U023141,13,1,8,3,0,6,0,1,15
U023142,13,2,4,3,1,1,3,1,14
U023143,12,0,4,4,0,5,1,2,15
U023144,21,12,10,2,0,8,0,0,19
U023145,16,4,5,0,1,7,1,1,28
U023146,10,1,9,6,1,6,2,2,26
U023147,16,4,5,1,4,9,2,0,20
U023148,13,3,8,5,0,7,1,1,22
U023149,14,2,4,1,1,7,0,2,20
U023150,13,0,5,2,0,10,0,0,25
U023151,11,1,5,4,0,7,1,0,25
U023152,17,1,3,3,3,3,2,2,12
U023153,13,1,3,1,0,4,0,0,16
U023154,12,3,9,1,0,2,3,0,5
U023155,9,1,12,2,0,5,1,3,24
U023156,15,2,7,2,2,4,0,0,12
U023157,13,1,4,3,0,5,0,0,23
U023158,18,1,5,4,0,4,1,2,15
U023159,13,0,4,1,0,2,0,3,14
U023160,15,3,12,2,0,6,0,0,27
U023161,9,1,4,5,1,6,1,0,16
U023162,15,3,4,5,0,9,1,1,16
U023163,19,2,6,4,0,4,2,2,19
U023164,14,2,5,6,1,8,3,0,24
U023165,6,1,3,2,0,4,0,0,17
U023166,15,0,6,5,0,3,1,0,19
U023167,14,2,6,4,0,13,0,2,24
U023168,9,3,6,1,9,4,0,3,21
U023169,8,1,5,3,0,2,3,1,13
U023170,13,0,4,0,0,8,3,0,15
U023171,13,0,10,5,0,5,1,0,16
U023172,9,4,7,6,1,6,3,0,30
U023173,6,1,5,0,0,4,1,2,17
U023174,10,4,6,4,3,2,1,1,23
U023175,15,1,7,3,1,5,1,0,20
U023176,9,1,7,2,0,3,0,1,13
U023177,14,2,4,6,0,4,1,1,19
U023178,12,5,7,2,0,7,1,0,23
U023179,10,0,7,4,1,5,3,1,18
U023180,17,1,3,2,0,7,1,1,21
U023181,14,2,2,0,3,5,3,0,20
U023182,16,5,9,3,0,8,1,2,27
U023183,13,1,9,3,0,8,1,1,22
U023184,13,0,7,3,0,2,0,3,16
U023185,15,3,7,0,1,3,4,1,15
U023186,6,2,5,4,0,3,0,1,13
U023187,9,0,0,2,2,3,0,0,8
U023188,15,2,2,2,0,4,1,2,21
U023189,6,0,0,1,2,6,2,0,13
U023190,11,0,5,2,0,9,1,0,13
U023191,9,1,5,1,0,10,0,1,18
U023192,6,2,6,3,2,10,1,2,24
U023193,5,1,6,1,0,6,2,1,20
U023194,6,0,4,5,0,1,0,2,25
U023195,20,8,8,2,0,4,0,2,20
U023196,13,1,4,0,0,3,3,2,11
U023197,10,1,3,1,0,6,0,1,10
U023198,19,7,8,4,2,8,3,0,26
U023199,11,2,8,2,1,9,0,1,30
U023200,15,0,3,2,0,7,1,0,17
U023201,7,4,11,3,4,6,2,0,16
U023202,12,5,7,4,2,6,1,3,31
U023203,17,5,7,4,1,3,1,2,15
U023204,11,1,9,3,0,4,2,1,23
U023205,11,0,1,3,1,6,1,0,8
U023206,23,3,4,6,1,5,4,1,22
U023207,15,4,7,2,0,7,0,3,27
U023208,9,1,5,2,1,4,0,1,20
U023209,12,3,7,2,0,6,0,1,25
U023210,9,0,4,4,0,2,0,0,10
U023211,12,1,3,2,1,5,1,2,21
U023212,19,5,5,3,0,9,2,3,22
U023213,16,2,6,2,0,2,3,2,17
U023214,12,0,3,1,0,13,2,2,20
U023215,12,5,5,9,2,2,1,2,9
U023216,8,1,8,4,2,6,1,0,28
U023217,10,3,4,5,0,6,0,2,25
U023218,17,7,9,5,1,8,0,1,33
U023219,9,0,5,0,3,2,1,2,11
U023220,14,0,9,0,1,5,0,0,15
U023221,9,4,8,3,0,9,1,3,21
U023222,18,5,10,6,0,3,2,2,21
U023223,16,1,5,3,1,6,1,1,16
U023224,18,3,8,3,1,6,0,0,20
U023225,6,0,3,2,3,4,1,0,13
U023226,7,2,3,2,0,9,2,0,10
U023227,17,2,3,2,0,6,1,0,17
U023228,13,5,7,3,0,12,1,2,20
U023229,16,0,2,4,0,7,1,0,16
U023230,12,3,3,6,0,6,3,1,23
U023231,15,0,9,1,0,9,2,1,35
U023232,9,5,8,3,2,11,2,1,32
U023233,14,2,5,1,2,3,1,0,21
U023234,10,1,0,1,1,2,1,2,16
U023235,15,4,11,4,2,7,0,1,23
U023236,14,0,3,1,0,5,1,2,22
U023237,8,1,5,0,8,1,0,2,13
U023238,13,8,5,2,0,8,2,0,23
U023239,14,4,4,2,0,8,1,0,16
U023240,6,0,5,4,1,5,2,0,17
U023241,15,2,8,7,0,6,1,0,23
U023242,14,1,8,3,2,6,4,1,19
U023243,14,1,7,2,0,3,1,2,24
U023244,11,1,12,1,0,7,1,0,16
U023245,15,3,3,4,0,5,1,0,21
U023246,16,1,2,3,0,2,2,0,11
U023247,16,1,2,1,0,7,3,1,16
U023248,5,0,0,2,1,3,2,1,6
U023249,11,2,2,3,0,8,0,0,20
U023250,10,6,4,1,2,5,0,6,14
U023251,11,1,4,6,0,4,2,4,13
U023252,17,4,7,3,0,10,2,1,27
U023253,27,5,10,2,0,6,0,1,15
U023254,16,3,9,2,0,5,2,1,24
U023255,21,4,6,1,2,11,1,0,25
U023256,20,3,7,4,1,6,1,0,29
U023257,16,0,4,2,0,3,1,1,23
U023258,11,5,5,2,4,0,1,1,12
U023259,16,0,5,5,0,6,0,0,22
U023260,11,6,7,3,0,10,1,1,23
U023261,17,0,9,1,0,6,0,0,18
U023262,10,1,7,1,1,7,0,0,23
U023263,8,3,5,4,1,5,0,1,13
U023264,11,5,12,5,0,7,1,0,17
U023265,14,0,5,4,0,4,2,1,9
U023266,14,2,3,1,1,3,0,0,15
U023267,14,1,4,1,0,11,4,0,19
U023268,11,1,6,2,1,5,2,3,14
U023269,14,1,6,2,0,1,2,1,19
U023270,7,0,2,1,2,3,1,1,14
U023271,13,5,9,7,0,3,1,0,26
U023272,11,6,7,3,0,13,2,0,22
U023273,13,2,2,1,0,3,0,2,22
U023274,13,2,6,2,0,9,2,0,27
U023275,15,0,6,4,1,2,1,0,18
U023276,11,2,6,0,0,6,0,1,21
U023277,7,3,4,2,0,8,0,2,17
U023278,6,2,1,3,0,6,2,1,16
U023279,8,2,3,1,0,3,0,1,12
U023280,18,0,6,4,0,7,0,1,18
U023281,9,0,5,4,0,3,3,0,13
U023282,15,6,4,8,0,5,1,4,15
U023283,13,0,6,5,5,8,0,0,16
U023284,10,0,6,5,0,6,1,1,20
U023285,12,3,7,4,1,7,2,2,24
U023286,10,3,6,2,6,5,2,1,20
U023287,17,0,4,3,1,5,3,0,30
U023288,17,3,7,1,0,1,3,0,23
U023289,16,0,4,2,0,5,0,0,21
U023290,20,4,5,2,0,7,1,1,27
U023291,15,2,3,1,1,5,0,1,15
U023292,14,3,7,3,0,7,1,1,20
U023293,9,1,5,0,0,3,1,0,18
U023294,17,3,7,2,0,8,0,0,23
U023295,16,3,1,2,0,4,0,0,23
U023296,13,4,4,5,0,9,2,1,24
U023297,13,5,10,7,0,7,0,0,22
U023298,13,0,7,4,0,1,3,1,17
U023299,11,0,9,4,0,8,0,1,12
U023300,8,1,5,5,2,9,1,2,24
U023301,3,0,6,4,0,4,0,0,19
U023302,13,0,4,1,0,3,2,0,13
U023303,14,0,3,2,0,7,1,1,15
U023304,20,4,8,2,1,9,1,2,19
U023305,9,6,8,2,0,4,0,2,16
U023306,15,4,8,1,0,6,2,0,17
U023307,12,1,10,6,0,8,3,6,21
U023308,12,3,2,0,0,12,0,2,28
U023309,10,0,4,1,5,3,0,1,19
U023310,15,6,9,1,4,4,4,1,20
U023311,8,1,2,2,2,3,0,1,22
U023312,15,3,5,3,0,5,0,0,18
U023313,16,1,7,3,2,4,1,0,14
U023314,8,9,9,2,2,5,1,0,27
U023315,20,4,6,2,3,6,1,0,21
U023316,12,3,8,4,0,5,0,0,7
U023317,6,2,4,5,0,2,0,1,21
U023318,18,4,3,3,0,3,1,1,20
U023319,6,0,2,1,3,4,1,1,10
U023320,6,0,2,2,0,7,0,3,22
U023321,19,5,4,4,0,8,2,0,26
U023322,13,1,6,2,0,3,0,1,15
U023323,24,4,7,7,0,9,3,1,31
U023324,9,1,4,1,1,1,2,1,13
U023325,15,6,6,7,2,7,1,0,22
U023326,12,0,8,1,1,4,1,4,28
U023327,16,0,5,4,0,2,0,0,18
U023328,14,4,1,1,0,4,2,2,13
U023329,12,2,5,1,0,6,1,1,26
U023330,20,3,5,5,3,7,0,2,26
U023331,15,3,5,5,0,10,4,1,12
U023332,8,0,8,1,1,5,1,2,20
U023333,13,1,10,4,1,5,1,1,19
U023334,12,0,2,4,0,9,1,1,22
U023335,9,2,4,3,2,6,3,0,33
U023336,12,1,10,0,0,5,1,0,18
U023337,8,0,6,0,1,1,2,1,12
U023338,22,1,9,3,1,4,2,1,21
U023339,10,2,3,2,5,9,0,0,14
U023340,11,3,4,1,3,1,0,1,14
U023341,7,1,6,2,4,4,0,1,8
U023342,17,3,3,2,0,11,2,0,23
U023343,16,2,4,3,0,3,0,0,25
U023344,9,5,7,5,0,6,1,0,16
U023345,12,0,6,1,0,4,1,1,16
U023346,16,3,5,5,0,8,1,1,34
U023347,8,1,7,5,6,5,1,1,22
U023348,11,0,6,5,1,7,0,0,13
U023349,18,5,7,1,9,5,1,0,14
U023350,11,1,3,3,0,5,1,1,15
U023351,13,1,7,7,0,7,1,2,27
U023352,12,1,6,1,1,3,0,0,22
U023353,8,1,7,2,6,2,0,0,13
U023354,20,2,5,3,0,4,0,1,12
U023355,13,3,11,8,0,7,3,0,21
U023356,19,2,12,4,0,5,0,0,26
U023357,7,1,7,3,0,7,1,1,21
U023358,18,3,9,3,0,12,1,1,30
U023359,14,0,5,3,0,6,1,0,18
U023360,11,2,4,1,0,5,0,2,18
U023361,20,1,7,3,6,4,0,0,19
U023362,19,2,4,2,0,4,1,0,15
U023363,11,1,4,3,0,8,2,0,25
U023364,16,0,10,2,1,5,1,1,16
U023365,16,0,9,2,0,1,0,0,16
U023366,13,0,4,1,1,7,2,2,26
U023367,14,3,6,4,1,9,0,2,20
U023368,10,1,7,3,1,4,0,1,15
U023369,19,1,3,5,2,5,0,1,22
U023370,12,4,4,3,0,4,2,3,23
U023371,16,1,7,8,0,8,1,1,35
U023372,13,2,6,1,0,8,1,2,18
U023373,14,3,5,5,0,6,0,2,15
U023374,17,3,6,3,0,5,3,0,23
U023375,13,3,5,2,2,8,4,1,21
U023376,14,1,5,2,1,5,1,0,18
U023377,14,1,6,3,1,8,1,0,24
U023378,8,0,2,0,1,5,2,2,14
U023379,7,3,2,3,2,10,1,1,22
U023380,13,1,2,4,2,4,0,2,16
U023381,11,1,2,5,0,2,3,2,25
U023382,9,1,3,3,2,5,2,1,9
U023383,12,1,2,1,1,4,1,2,20
U023384,9,5,6,3,0,4,1,1,17
U023385,13,2,4,4,0,4,1,1,14
U023386,9,2,4,1,0,2,0,1,18
U023387,10,0,2,1,3,4,0,0,10
U023388,7,1,1,3,2,4,2,0,17
U023389,11,1,4,2,1,5,2,1,12
U023390,12,0,5,2,0,8,0,0,13
U023391,23,6,8,5,1,8,1,0,16
U023392,13,4,8,2,1,2,1,1,32
U023393,11,0,2,0,2,1,1,0,9
U023394,18,2,9,2,1,15,1,4,24
U023395,13,4,3,0,0,4,0,0,21
U023396,6,0,1,1,2,5,1,0,13
U023397,12,0,3,0,2,8,0,0,9
U023398,13,4,3,6,2,7,1,2,27
U023399,13,2,3,4,0,6,2,0,18
U023400,16,2,5,3,0,14,3,0,24
U023401,11,0,3,2,3,8,2,1,24
U023402,15,3,3,1,0,8,2,4,27
U023403,10,2,5,6,6,4,2,1,17
U023404,7,4,8,4,0,3,1,2,25
U023405,12,3,7,6,0,4,2,3,24
U023406,14,2,7,2,2,2,0,0,23
U023407,11,3,7,2,0,4,3,0,27
U023408,18,5,14,4,0,10,2,1,30
U023409,12,0,2,1,0,2,0,0,21
U023410,17,3,5,2,0,8,1,3,16
U023411,14,4,8,2,1,6,2,1,24
U023412,11,1,9,2,0,11,2,2,18
U023413,11,4,9,2,1,7,3,0,23
U023414,16,6,5,4,0,7,1,1,17
U023415,10,2,5,2,0,5,2,1,22
U023416,16,4,2,1,0,6,1,2,24
U023417,10,3,9,6,0,7,2,2,22
U023418,14,1,8,2,1,2,3,4,22
U023419,16,1,12,4,0,6,2,5,33
U023420,19,1,7,3,1,4,0,0,22
U023421,15,1,10,3,0,4,1,2,16
U023422,13,1,9,3,0,3,1,2,19
U023423,19,5,17,2,0,11,1,3,37
U023424,17,4,5,5,5,11,3,0,19
U023425,17,1,7,5,0,6,0,1,21
U023426,16,1,3,5,0,3,0,1,9
U023427,9,2,3,0,0,6,3,1,16
U023428,16,3,4,4,0,7,1,1,17
U023429,7,2,6,1,3,5,2,1,6
U023430,8,3,7,8,0,7,2,1,24
U023431,14,0,3,2,0,4,5,1,18
U023432,7,2,4,4,1,6,1,2,12
U023433,19,1,2,1,0,4,0,0,17
U023434,11,1,6,1,1,9,1,0,22
U023435,12,0,8,1,1,6,2,2,26
U023436,19,2,9,6,0,11,1,2,21
U023437,6,1,3,3,1,5,4,0,16
U023438,24,3,6,6,1,4,2,1,25
U023439,8,1,6,1,2,7,0,3,16
U023440,16,4,6,3,1,6,1,2,16
U023441,13,1,5,1,1,4,1,0,22
U023442,10,0,2,1,1,5,0,1,5
U023443,13,0,3,2,0,6,3,3,17
U023444,7,2,6,2,0,3,0,1,13
U023445,17,1,12,0,0,7,1,0,30
U023446,11,1,4,0,0,4,0,2,19
U023447,27,3,10,5,0,8,4,0,33
U023448,13,3,6,1,0,5,1,1,25
U023449,20,2,8,6,0,3,2,1,22
U023450,10,4,9,1,2,4,2,2,26
U023451,15,5,5,3,0,7,0,1,21
U023452,8,1,0,1,0,4,0,1,16
U023453,13,2,9,3,3,1,1,0,14
U023454,13,6,9,3,0,11,2,0,27
U023455,18,2,2,2,1,6,2,1,15
U023456,15,1,5,5,2,5,0,1,23
U023457,7,0,3,1,0,4,1,1,28
U023458,15,1,6,6,0,3,2,0,13
U023459,13,5,12,5,1,4,2,1,25
U023460,8,0,6,3,1,4,1,0,16
U023461,9,0,2,2,0,8,1,0,20
U023462,9,2,4,4,0,6,1,1,21
U023463,13,6,7,4,0,11,1,1,25
U023464,12,2,2,1,0,2,4,1,18
U023465,15,3,4,1,5,6,1,0,16
U023466,17,2,6,4,0,6,0,1,24
U023467,15,1,7,3,0,3,1,0,13
U023468,15,4,2,1,1,6,0,1,18
U023469,11,4,2,0,3,6,2,0,16
U023470,16,6,6,4,0,3,1,2,20
U023471,15,5,14,2,0,3,3,1,22
U023472,17,5,6,6,0,6,0,0,21
U023473,9,2,5,1,3,7,2,0,10
U023474,15,4,8,4,1,8,0,2,23
U023475,14,1,8,1,0,2,0,2,18
U023476,17,3,10,4,0,11,3,0,23
U023477,14,5,9,3,1,6,0,0,22
U023478,9,0,3,2,0,4,0,2,21
U023479,10,1,2,2,0,2,0,1,11
U023480,21,3,10,3,0,5,0,0,33
U023481,12,3,4,3,0,7,0,0,15
U023482,21,8,8,2,2,5,1,0,24
U023483,10,0,2,3,2,10,0,2,29
U023484,14,2,6,3,0,8,4,2,13
U023485,13,1,5,3,4,6,3,1,15
U023486,12,1,2,3,0,6,0,2,13
U023487,17,1,7,1,4,4,2,0,18
U023488,13,3,3,2,2,3,0,0,15
U023489,12,2,4,3,2,6,1,2,14
U023490,15,3,5,4,1,6,2,1,21
U023491,9,1,6,1,1,3,1,1,15
U023492,17,3,8,5,0,3,4,0,22
U023493,12,3,4,3,0,7,3,0,16
U023494,17,3,6,4,1,8,4,1,20
U023495,9,1,6,2,1,4,0,0,19
U023496,14,0,3,2,1,6,1,1,16
U023497,13,2,5,4,1,8,4,0,17
U023498,14,3,3,1,1,2,3,2,28
U023499,10,3,4,6,0,9,1,0,26
U023500,25,3,4,9,0,4,0,4,21
U023501,9,3,10,2,3,2,2,0,16
U023502,7,0,4,2,2,3,3,1,16
U023503,14,2,2,0,0,8,2,0,16
U023504,11,0,4,3,4,3,0,1,13
U023505,16,0,3,1,0,2,1,1,16
U023506,8,1,5,1,5,4,0,0,14
U023507,11,6,7,4,0,6,0,0,26
U023508,15,2,12,8,1,6,2,2,37
U023509,9,0,5,3,0,7,1,0,12
U023510,13,3,2,3,5,6,0,2,14
U023511,11,0,7,3,0,5,1,1,27
U023512,12,0,5,3,0,6,0,0,19
U023513,10,1,4,1,0,8,3,0,22
U023514,12,2,4,8,1,10,2,0,21
U023515,8,7,5,0,3,4,2,2,20
U023516,14,0,7,1,0,7,0,1,24
U023517,15,1,5,3,0,8,2,2,24
U023518,6,0,7,6,0,4,1,0,26
U023519,9,1,4,3,2,2,2,3,19
U023520,9,2,2,1,0,3,2,3,14
U023521,15,4,7,0,1,8,0,0,20
U023522,5,0,3,7,8,3,2,0,16
U023523,14,5,6,5,0,7,1,0,24
U023524,6,1,1,1,0,9,0,1,21
U023525,4,2,3,1,1,5,0,1,18
U023526,15,0,0,1,0,7,3,1,14
U023527,8,4,2,4,3,6,1,0,15
U023528,4,4,4,2,5,1,1,0,9
U023529,15,0,5,2,0,6,2,0,14
U023530,6,0,5,7,1,6,0,1,19
U023531,12,1,8,2,0,3,0,0,24
U023532,5,0,7,0,2,4,0,0,19
U023533,13,2,5,4,1,6,1,1,20
U023534,11,2,9,1,1,7,4,1,23
U023535,7,2,2,1,0,7,2,0,17
U023536,14,0,6,6,0,6,1,0,17
U023537,3,2,4,4,4,5,1,0,10
U023538,12,1,4,3,1,6,2,1,17
U023539,14,2,9,5,0,12,0,0,31
U023540,8,1,2,5,6,3,0,1,18
U023541,20,1,4,3,0,11,1,0,24
U023542,19,2,12,4,1,7,1,2,26
U023543,24,3,9,0,0,4,2,1,18
U023544,20,3,4,3,0,6,0,0,19
U023545,21,8,8,3,0,3,0,1,40
U023546,12,3,7,3,0,5,1,0,26
U023547,11,4,6,7,0,4,0,0,15
U023548,9,0,5,2,0,3,0,1,22
U023549,19,5,8,6,0,5,0,0,21
U023550,13,6,8,2,0,7,0,1,21
U023551,12,0,2,1,0,8,1,0,17
U023552,15,3,6,7,0,7,3,2,26
U023553,10,3,9,4,0,5,1,3,23
U023554,18,1,8,0,0,5,3,1,21
U023555,20,5,6,5,0,14,0,4,28
U023556,10,2,2,1,0,4,0,0,16
U023557,18,6,5,4,0,4,1,0,21
U023558,11,4,5,1,0,5,2,2,27
U023559,18,3,7,1,3,5,2,0,22
U023560,12,0,8,3,0,3,2,0,19
U023561,8,4,3,1,0,4,4,2,20
U023562,12,4,8,1,5,6,5,0,21
U023563,5,1,1,2,6,1,2,2,16
U023564,11,2,5,4,0,9,4,0,20
U023565,10,3,8,3,0,2,2,1,20
U023566,8,2,4,1,3,7,4,1,16
U023567,10,0,1,2,5,3,1,0,14
U023568,11,4,13,3,0,3,1,1,31
U023569,9,2,3,6,0,2,3,3,20
U023570,12,3,13,1,1,8,0,1,23
U023571,14,1,9,0,2,1,3,0,13
U023572,8,5,8,4,0,5,1,3,18
U023573,7,1,5,2,1,5,2,0,17
U023574,10,1,14,0,0,3,1,0,19
U023575,13,2,6,1,4,4,5,1,22
U023576,12,2,8,3,0,2,2,1,13
U023577,7,2,2,2,0,3,1,1,11
U023578,15,0,2,2,1,8,0,1,16
U023579,13,3,4,7,0,4,0,0,20
U023580,17,2,9,1,0,9,2,0,21
U023581,12,2,5,1,0,10,2,0,18
U023582,16,3,4,1,1,14,0,0,19
U023583,17,6,8,3,0,3,1,0,30
U023584,14,2,5,5,0,7,2,1,23
U023585,11,0,2,2,0,4,1,1,26
U023586,15,4,9,6,0,6,4,4,29
U023587,19,4,7,1,0,3,1,0,13
U023588,16,3,6,2,0,7,0,2,19
U023589,20,3,6,4,0,8,2,2,19
U023590,13,5,10,2,0,4,1,1,27
U023591,8,1,4,0,0,10,1,1,13
U023592,14,1,3,0,0,5,0,1,13
U023593,13,5,7,2,0,3,3,3,30
U023594,3,0,1,5,1,3,1,1,9
U023595,14,2,7,3,0,6,4,1,26
U023596,20,2,5,3,0,4,1,1,25
U023597,14,5,8,7,0,5,2,2,16
U023598,16,6,8,1,1,3,0,2,25
U023599,5,0,3,0,7,1,0,0,12
U023600,9,0,4,1,5,2,0,2,14
U023601,13,2,4,1,0,5,3,1,21
U023602,6,1,3,7,1,6,0,0,18
U023603,9,1,3,3,0,5,3,2,28
U023604,11,7,5,3,0,8,0,1,22
U023605,8,1,5,3,0,10,0,1,18
U023606,12,0,5,2,0,3,0,0,20
U023607,15,3,7,6,0,12,1,1,21
U023608,13,0,5,2,0,3,0,0,20
U023609,10,0,2,1,0,5,2,1,19
U023610,8,0,4,3,4,5,1,1,16
U023611,13,7,8,3,1,5,3,1,30
U023612,16,1,7,4,0,4,3,1,13
U023613,15,2,5,4,0,9,2,1,32
U023614,20,2,15,2,1,7,1,1,37
U023615,9,4,4,4,3,12,0,0,25
U023616,3,0,3,0,8,2,0,1,13
U023617,9,0,8,2,6,4,0,0,9
U023618,19,1,3,1,1,8,0,3,16
U023619,12,3,15,2,8,8,4,1,21
U023620,20,2,4,5,1,6,3,0,23
U023621,11,4,7,5,0,8,2,2,25
U023622,20,3,13,1,0,4,2,0,32
U023623,9,0,6,5,0,6,2,1,20
U023624,13,2,7,2,4,9,0,0,16
U023625,14,2,5,8,1,12,0,1,22
U023626,5,1,6,4,2,4,0,3,18
U023627,18,1,6,3,1,4,0,0,17
U023628,19,4,9,3,0,4,1,2,24
U023629,13,3,5,1,0,6,1,3,19
U023630,10,5,6,0,0,6,2,1,15
U023631,17,6,2,4,0,14,2,0,27
U023632,15,9,6,0,0,4,0,0,21
U023633,7,0,5,4,0,8,1,0,11
U023634,8,0,5,2,0,5,1,0,17
U023635,14,1,4,3,1,5,1,0,21
U023636,10,0,4,1,6,1,2,2,7
U023637,7,1,2,6,0,3,0,1,9
U023638,7,2,3,2,0,7,3,2,22
U023639,9,2,11,3,3,4,0,2,16
U023640,15,2,7,4,0,4,4,0,18
U023641,14,2,5,2,0,6,0,1,17
U023642,12,0,5,0,0,7,2,2,21
U023643,9,0,7,2,0,6,0,1,17
U023644,19,1,4,1,0,8,1,1,34
U023645,8,1,6,3,2,9,2,0,12
U023646,5,3,9,3,0,8,2,1,24
U023647,14,1,2,3,1,6,2,1,11
U023648,9,7,6,3,0,7,2,1,31
U023649,14,3,8,3,0,4,3,1,19
U023650,6,1,7,2,4,5,0,4,11
U023651,18,5,12,2,1,16,0,4,34
U023652,13,0,3,2,0,2,3,0,20
U023653,9,4,5,3,4,6,1,0,19
U023654,13,2,5,3,0,2,3,0,23
U023655,6,3,3,3,4,9,1,2,22
U023656,8,1,8,6,0,2,1,2,21
U023657,15,1,5,1,0,8,1,2,20
U023658,10,1,6,3,0,4,2,0,17
U023659,13,1,8,2,0,10,0,0,16
U023660,10,4,6,2,1,1,0,0,23
U023661,18,4,2,2,2,6,2,0,20
U023662,10,1,9,1,0,4,0,0,25
U023663,11,3,7,2,1,9,1,1,24
U023664,18,8,2,5,0,2,1,2,26
U023665,9,0,2,1,0,6,0,0,18
U023666,9,1,9,2,0,1,1,2,17
U023667,20,3,13,2,1,10,4,0,31
U023668,10,8,7,1,0,4,1,2,29
U023669,6,0,4,3,1,6,2,1,11
U023670,6,1,2,2,4,2,2,0,12
U023671,13,1,3,2,3,7,0,0,17
U023672,10,2,1,2,2,2,0,1,17
U023673,13,2,4,4,0,4,1,1,24
U023674,5,2,3,3,1,3,2,1,16
U023675,9,1,9,5,0,4,3,2,18
U023676,14,3,9,2,0,10,1,0,13
U023677,16,2,13,3,0,4,2,1,35
U023678,14,3,11,6,0,6,1,1,20
U023679,8,1,3,1,0,7,0,0,17
U023680,12,1,0,4,0,4,1,1,21
U023681,14,3,7,4,2,10,1,0,19
U023682,15,1,3,1,2,4,0,0,9
U023683,16,0,11,2,0,2,4,2,28
U023684,8,1,5,0,0,6,1,1,14
U023685,12,4,5,0,5,3,2,1,17
U023686,13,1,3,3,0,6,0,1,16
U023687,14,4,5,1,6,5,0,1,21
U023688,6,4,6,3,0,5,0,1,13
U023689,8,2,2,1,0,6,0,0,23
U023690,21,2,4,3,0,6,2,1,30
U023691,13,4,5,2,1,4,1,1,25
U023692,9,1,5,5,0,3,0,0,15
U023693,10,3,3,4,0,5,1,2,19
U023694,16,4,9,3,0,1,3,1,21
U023695,15,4,6,5,0,8,5,0,33
U023696,7,0,4,1,0,6,1,0,18
U023697,14,0,6,4,0,6,0,2,22
U023698,11,0,6,7,0,10,0,0,17
U023699,14,2,4,2,1,5,1,1,18
U023700,12,2,8,4,6,8,1,1,29
U023701,7,4,4,2,0,2,1,2,17
U023702,11,5,5,5,2,5,0,0,26
U023703,15,3,3,2,0,4,0,0,20
U023704,10,3,9,1,1,6,1,1,27
U023705,16,4,7,4,0,4,0,2,25
U023706,5,0,7,2,0,9,0,3,26
U023707,4,3,10,1,0,5,0,0,25
U023708,16,5,6,6,0,5,1,2,24
U023709,9,0,1,0,3,4,0,2,2
U023710,5,1,1,3,0,5,0,4,17
U023711,15,5,7,1,0,7,2,0,30
U023712,14,4,6,2,1,9,2,1,19
U023713,24,4,5,4,0,8,1,0,11
U023714,17,2,4,2,1,6,1,2,17
U023715,15,3,6,3,0,4,0,0,18
U023716,9,0,8,4,4,5,1,0,21
U023717,12,2,4,8,0,8,2,1,22
U023718,16,4,7,1,1,4,0,0,15
U023719,14,5,4,3,0,4,2,0,16
U023720,6,0,3,2,0,3,1,0,20
U023721,13,1,6,2,3,8,2,3,18
U023722,15,1,9,2,1,2,4,3,13
U023723,10,3,7,1,3,3,0,1,14
U023724,6,1,4,6,0,3,3,3,23
U023725,19,5,8,2,0,5,2,1,31
U023726,15,5,6,2,1,4,5,1,20
U023727,10,0,1,6,0,7,1,2,17
U023728,13,0,7,3,0,6,1,1,19
U023729,19,0,3,2,0,3,4,1,18
U023730,18,2,3,7,5,3,0,1,13
U023731,18,1,4,3,4,8,1,0,24
U023732,15,7,8,4,0,9,1,0,25
U023733,5,5,2,1,0,3,1,0,16
U023734,19,6,13,6,1,10,3,0,18
U023735,12,0,7,4,1,6,3,1,13
U023736,15,2,6,6,1,8,3,1,36
U023737,6,0,5,2,1,4,1,0,13
U023738,13,0,2,2,0,4,1,0,14
U023739,15,3,9,3,0,7,0,2,18
U023740,8,1,4,3,0,3,0,2,10
U023741,10,1,3,2,0,3,1,0,12
U023742,10,1,3,1,5,2,1,2,15
U023743,9,2,10,4,0,10,2,3,25
U023744,17,4,10,3,1,3,1,0,15
U023745,19,1,2,1,5,6,2,0,20
U023746,17,3,4,1,1,9,0,0,20
U023747,13,3,11,2,0,5,0,2,20
U023748,14,1,5,4,0,4,0,0,25
U023749,9,4,8,2,1,9,2,0,25
U023750,11,3,4,2,0,4,1,1,14
U023751,19,3,9,10,0,7,0,1,29
U023752,16,5,10,1,1,9,4,1,31
U023753,13,1,4,3,1,9,1,0,14
U023754,20,4,4,3,0,3,0,0,16
U023755,16,2,4,2,5,1,1,1,14
U023756,15,7,5,2,0,3,0,0,15
U023757,21,1,7,3,1,4,3,1,29
U023758,13,3,16,7,1,5,2,3,18
U023759,17,4,7,3,0,5,1,1,14
U023760,13,2,5,1,0,4,0,2,13
U023761,8,1,4,2,2,4,1,1,9
U023762,9,0,6,2,1,5,0,2,17
U023763,14,4,4,2,0,9,4,2,25
U023764,15,1,2,3,0,3,0,1,18
U023765,10,0,4,2,1,6,0,2,13
U023766,10,3,8,4,1,6,1,2,26
U023767,8,1,7,0,2,3,1,1,23
U023768,9,3,7,2,4,4,1,2,15
U023769,14,0,6,2,1,3,2,1,20
U023770,9,2,10,1,4,5,1,1,11
U023771,12,4,3,4,0,6,0,3,24
U023772,9,1,2,4,1,7,3,0,19
U023773,10,0,5,3,0,6,1,0,20
U023774,22,3,8,4,0,7,1,1,21
U023775,10,2,2,0,3,4,0,0,12
U023776,10,1,3,3,4,2,1,1,14
U023777,16,4,6,1,1,8,1,0,25
U023778,22,0,5,1,1,3,1,1,12
U023779,11,2,7,6,0,4,1,1,16
U023780,12,1,4,5,0,4,2,1,12
U023781,18,1,10,2,0,1,0,3,18
U023782,14,5,9,4,0,3,2,0,17
U023783,12,0,4,1,0,7,2,0,21
U023784,8,1,4,3,0,7,2,1,16
U023785,15,1,5,2,0,1,5,1,17
U023786,10,0,6,5,0,12,2,0,19
U023787,8,1,4,2,0,4,1,3,18
U023788,13,1,5,4,0,8,2,1,20
U023789,20,2,11,1,0,6,2,1,24
U023790,13,3,6,4,0,4,1,1,15
U023791,19,1,9,3,1,8,1,0,28
U023792,8,5,14,6,0,8,1,1,19
U023793,17,0,7,5,1,6,0,1,26
U023794,12,0,6,1,2,3,0,1,15
U023795,10,1,3,2,0,3,0,0,15
U023796,13,2,7,1,0,5,2,2,22
U023797,16,4,7,4,0,6,2,0,35
U023798,10,3,9,3,0,2,1,1,16
U023799,10,3,6,3,6,7,1,1,17
U023800,11,4,5,7,0,6,1,0,20
U023801,10,0,5,5,0,3,2,0,13
U023802,13,0,7,0,0,11,2,1,33
U023803,13,1,5,3,0,9,1,0,25
U023804,15,3,7,3,2,3,0,3,21
U023805,9,1,5,3,0,3,0,0,17
U023806,9,2,6,3,1,6,1,0,24
U023807,11,3,2,1,1,7,1,2,16
U023808,11,1,4,3,0,13,1,1,19
U023809,9,2,5,2,0,8,2,0,14
U023810,10,1,6,1,1,9,3,2,18
U023811,19,0,3,9,0,3,1,2,13
U023812,11,4,8,2,0,4,1,2,15
U023813,9,0,6,2,2,3,0,0,13
U023814,6,2,5,3,5,6,1,2,22
U023815,22,4,8,2,0,7,1,0,27
U023816,10,1,7,0,1,6,0,1,10
U023817,9,1,3,2,1,6,0,0,21
U023818,2,0,3,3,0,3,1,0,7
U023819,18,2,6,2,3,2,1,2,16
U023820,21,2,3,1,0,2,0,1,22
U023821,4,0,6,0,0,4,1,1,19
U023822,7,2,3,2,1,9,1,0,20
U023823,19,3,11,6,1,6,2,0,21
U023824,12,1,4,1,1,1,1,0,11
U023825,12,3,3,3,0,5,1,2,16
U023826,12,1,5,2,0,8,4,1,33
U023827,16,1,6,1,0,5,2,0,20
U023828,21,5,9,5,2,4,2,0,32
U023829,14,4,2,5,0,3,1,0,30
U023830,11,0,4,2,0,7,2,1,22
U023831,14,5,7,6,0,4,1,1,32
U023832,11,0,8,2,0,6,1,1,25
U023833,16,3,8,5,1,8,0,1,24
U023834,22,2,8,9,0,10,4,0,35
U023835,14,6,8,4,0,4,2,2,22
U023836,12,0,9,1,0,1,1,1,28
U023837,15,7,3,1,0,10,1,0,37
U023838,10,0,5,0,0,3,2,0,18
U023839,19,4,6,4,0,6,0,1,27
U023840,16,1,5,3,1,5,2,0,28
U023841,10,1,3,1,0,4,1,0,16
U023842,10,2,9,0,0,9,2,1,17
U023843,15,9,7,5,1,6,2,3,39
U023844,10,0,2,0,0,3,0,0,17
U023845,10,1,6,6,0,5,0,3,17
U023846,6,0,2,1,3,2,1,0,10
U023847,5,1,7,3,4,3,2,0,12
U023848,12,1,9,5,0,6,0,0,18
U023849,8,5,9,3,1,6,1,0,17
U023850,13,2,3,2,0,5,1,1,15
U023851,6,0,4,2,4,4,0,0,14
U023852,8,1,2,1,1,1,0,0,13
U023853,10,0,3,3,5,3,1,1,18
U023854,12,1,7,0,0,5,0,1,15
U023855,13,4,4,0,0,6,1,1,24
U023856,6,0,6,1,3,5,0,0,10
U023857,7,2,5,6,1,7,0,1,26
U023858,11,0,4,1,0,6,0,0,16
U023859,16,3,4,1,7,4,0,0,12
U023860,11,5,4,3,0,3,1,2,16
U023861,8,1,6,0,1,2,2,1,19
U023862,16,3,10,4,0,10,2,2,25
U023863,20,4,3,2,2,7,2,1,26
U023864,13,0,3,5,0,9,1,0,29
U023865,14,3,4,3,0,6,1,1,16
U023866,20,2,7,2,0,5,3,0,28
U023867,15,1,6,1,0,5,1,1,21
U023868,11,1,7,4,0,4,3,0,19
U023869,6,3,4,0,0,4,2,0,27
U023870,15,1,6,1,0,7,2,0,19
U023871,5,0,1,2,3,2,0,0,8
U023872,8,0,2,1,1,2,1,1,8
U023873,12,1,3,3,0,2,0,2,22
U023874,10,2,6,2,0,8,1,1,18
U023875,10,0,4,3,0,2,1,0,18
U023876,16,3,8,3,2,1,1,1,22
U023877,7,0,5,3,0,7,0,0,15
U023878,16,4,12,4,5,8,2,0,15
U023879,18,4,5,6,0,10,2,0,32
U023880,10,1,3,2,1,7,1,1,16
U023881,9,3,8,2,0,9,1,0,15
U023882,11,0,8,2,0,8,0,2,20
U023883,10,1,5,2,0,6,1,2,16
U023884,14,3,3,3,1,6,4,1,22
U023885,10,0,0,0,2,3,0,1,10
U023886,5,0,5,1,1,7,0,1,13
U023887,15,1,13,2,4,2,2,0,28
U023888,15,0,6,2,2,4,4,1,19
U023889,12,3,4,3,0,6,0,0,28
U023890,8,1,6,0,1,4,0,1,16
U023891,9,1,4,3,0,2,2,0,17
U023892,17,4,4,6,0,3,3,1,14
U023893,15,5,13,6,0,7,1,1,25
U023894,13,1,7,1,0,5,0,3,22
U023895,12,4,6,4,0,4,4,1,28
U023896,13,1,4,2,0,3,2,2,21
U023897,18,4,9,2,3,4,0,0,39
U023898,11,1,7,4,0,5,2,0,12
U023899,18,1,2,2,1,6,1,1,15
U023900,11,2,4,6,0,7,1,0,19
U023901,13,2,8,4,0,9,2,1,27
U023902,14,2,8,3,1,5,0,0,11
U023903,17,0,4,2,0,6,1,0,20
U023904,16,0,3,4,1,2,0,0,12
U023905,13,1,2,3,0,3,2,1,9
U023906,11,0,8,6,0,8,1,0,15
U023907,12,4,7,2,1,7,0,3,19
U023908,12,1,5,2,0,3,1,0,18
U023909,19,3,9,1,0,9,4,2,26
U023910,12,0,3,3,0,3,1,1,14
U023911,11,1,6,5,0,7,4,1,26
U023912,12,2,5,2,1,7,4,0,19
U023913,7,6,5,3,5,5,2,2,15
U023914,12,0,6,1,1,4,1,1,22
U023915,21,0,7,5,1,3,0,0,24
U023916,10,1,3,3,0,3,1,0,18
U023917,17,3,4,5,0,8,1,0,19
U023918,18,0,8,5,0,7,2,0,25
U023919,6,0,5,2,1,4,1,0,18
U023920,4,0,6,1,0,4,2,3,12
U023921,16,5,6,1,1,5,2,2,20
U023922,16,3,3,2,0,2,0,0,21
U023923,14,1,5,5,4,2,1,0,19
U023924,15,3,4,3,1,5,1,1,14
U023925,22,1,5,1,0,8,1,2,24
U023926,7,1,5,0,2,2,0,2,12
U023927,11,2,3,2,1,3,1,2,21
U023928,11,4,9,3,0,4,0,0,18
U023929,16,5,5,3,0,8,0,0,21
U023930,12,1,3,0,0,5,0,1,17
U023931,14,5,7,3,0,4,2,1,25
U023932,14,1,3,3,0,8,2,0,26
U023933,12,1,4,3,1,3,2,2,17
U023934,9,3,8,3,1,6,2,0,21
U023935,18,1,7,1,1,5,2,3,27
U023936,12,0,6,3,0,1,1,0,16
U023937,16,1,5,3,1,9,3,1,27
U023938,7,0,5,2,4,3,1,2,10
U023939,10,1,4,2,0,3,0,0,9
U023940,7,0,5,4,0,8,0,0,15
U023941,6,0,3,3,4,3,0,1,9
U023942,3,0,3,1,5,0,0,0,8
U023943,22,5,9,1,0,6,2,2,27
U023944,15,2,7,1,0,3,0,1,21
U023945,17,2,7,2,0,8,0,0,28
U023946,6,5,3,5,6,5,0,2,14
U023947,22,3,9,7,0,5,5,0,26
U023948,12,5,7,3,1,7,1,2,22
U023949,13,1,3,5,0,2,0,0,18
U023950,6,2,6,1,0,3,1,2,22
U023951,8,0,5,1,0,2,0,1,13
U023952,12,2,4,1,0,5,0,0,17
U023953,15,5,2,5,1,3,4,1,30
U023954,13,0,12,3,1,8,0,2,12
U023955,22,5,12,2,0,6,2,0,21
U023956,27,4,8,3,1,11,4,0,23
U023957,12,1,6,6,1,8,4,0,23
U023958,13,0,3,3,2,7,0,0,22
U023959,21,3,5,4,1,4,1,0,32
U023960,14,3,5,3,0,2,0,0,22
U023961,10,6,5,3,0,8,1,1,23
U023962,10,0,6,4,0,4,1,0,14
U023963,16,3,6,4,0,5,3,1,25
U023964,14,2,3,4,0,4,1,3,17
U023965,17,2,5,0,0,9,1,0,18
U023966,19,3,9,6,0,9,1,1,25
U023967,14,2,6,4,0,3,2,0,15
U023968,14,2,4,5,1,8,3,0,16
U023969,15,3,13,5,0,6,3,2,24
U023970,19,3,2,2,2,3,2,0,12
U023971,9,2,1,3,0,4,3,1,17
U023972,13,2,7,4,5,7,0,0,15
U023973,12,4,5,6,1,4,3,0,27
U023974,18,2,8,4,0,8,0,0,35
U023975,14,1,10,6,0,8,3,1,30
U023976,8,0,0,4,6,3,0,0,13
U023977,10,1,2,2,1,3,4,2,27
U023978,12,0,6,2,4,2,2,0,11
U023979,8,0,2,6,0,2,1,1,14
U023980,9,0,1,5,1,4,1,2,28
U023981,21,5,7,2,0,13,4,0,27
U023982,8,2,5,1,0,5,0,2,12
U023983,11,2,2,2,1,2,3,1,27
U023984,13,2,2,0,0,3,1,0,17
U023985,9,2,7,3,3,6,3,2,22
U023986,9,0,9,5,1,6,0,0,18
U023987,11,1,4,3,2,0,1,0,10
U023988,16,2,10,2,0,3,2,2,27
U023989,19,3,4,3,1,6,2,1,22
U023990,9,2,4,0,0,1,1,1,11
U023991,8,1,5,4,7,0,1,1,14
U023992,14,1,1,3,0,6,1,1,11
U023993,19,2,9,3,0,2,1,1,16
U023994,21,1,6,6,0,8,0,0,14
U023995,18,4,4,2,0,6,0,2,13
U023996,5,1,4,2,1,5,0,3,14
U023997,13,1,3,3,1,2,0,1,13
U023998,7,2,3,4,8,1,1,0,19
U023999,11,2,11,3,2,4,0,1,22
U024000,7,2,7,2,3,9,1,0,19
U024001,13,2,7,3,1,9,0,3,29
U024002,6,0,1,1,2,3,1,2,18
U024003,17,2,4,5,0,9,1,1,22
U024004,20,3,6,1,0,10,1,0,16
U024005,16,2,8,3,0,1,0,1,27
U024006,19,5,8,5,0,8,0,2,32
U024007,13,2,5,2,0,4,2,2,18
U024008,13,4,12,5,0,2,3,0,30
U024009,10,1,4,1,1,6,1,0,23
U024010,16,4,5,6,0,9,2,3,44
U024011,9,0,3,2,1,5,1,0,15
U024012,21,2,8,2,0,6,1,3,28
U024013,14,2,2,0,1,7,1,3,20
U024014,11,1,8,4,0,8,1,1,27
U024015,16,5,7,7,1,6,2,0,20
U024016,12,2,2,2,1,8,0,1,15
U024017,18,3,9,5,0,7,4,2,28
U024018,13,1,5,4,1,3,0,1,15
U024019,14,4,5,1,0,6,0,3,21
U024020,21,1,4,2,0,5,3,0,16
U024021,13,3,2,2,0,4,3,2,37
U024022,19,3,1,5,1,7,0,1,18
U024023,7,0,3,2,2,4,1,1,6
U024024,11,4,5,2,0,4,1,1,19
U024025,15,2,2,2,0,8,1,2,13
U024026,15,2,9,4,0,5,2,0,24
U024027,19,1,4,5,0,4,0,3,17
U024028,14,0,7,1,0,2,2,2,21
U024029,12,0,5,5,0,4,2,0,17
U024030,17,6,4,3,0,10,2,2,19
U024031,19,2,12,4,2,11,1,1,22
U024032,10,0,4,2,1,3,0,1,8
U024033,15,2,9,4,1,5,0,0,29
U024034,11,1,6,1,1,6,1,0,16
U024035,10,2,4,0,1,7,2,1,18
U024036,10,0,10,1,0,1,2,1,11
U024037,10,2,6,1,0,8,3,2,27
U024038,13,2,3,1,0,9,1,2,25
U024039,16,2,4,2,1,10,0,1,25
U024040,11,2,3,0,5,6,0,2,28
U024041,13,3,14,3,0,4,1,2,29
U024042,16,0,1,6,0,4,0,1,19
U024043,16,4,1,4,0,6,1,1,20
U024044,15,2,7,1,0,7,1,0,13
U024045,14,3,10,5,0,10,0,0,22
U024046,5,3,7,4,4,5,0,1,16
U024047,12,1,7,1,0,4,1,1,24
U024048,5,0,2,2,0,7,3,0,10
U024049,11,3,7,1,0,10,0,1,23
U024050,9,3,3,3,2,1,0,0,15
U024051,18,2,8,2,0,6,0,0,21
U024052,12,1,1,5,0,5,1,0,29
U024053,16,2,5,7,0,7,0,0,22
U024054,20,4,3,4,0,8,2,0,19
U024055,18,5,7,7,1,5,1,0,17
U024056,15,3,4,4,0,7,1,2,28
U024057,10,0,3,2,0,4,2,0,16
U024058,5,2,2,6,1,4,1,0,6
U024059,7,2,4,3,0,3,1,0,11
U024060,13,3,3,3,1,7,1,2,21
U024061,15,1,2,4,0,5,1,2,13
U024062,8,0,0,3,7,2,0,0,13
U024063,14,7,5,1,2,5,0,0,16
U024064,8,1,5,3,0,5,0,3,17
U024065,10,0,3,3,1,3,0,0,11
U024066,5,4,5,2,5,3,0,0,10
U024067,14,5,11,5,1,4,2,2,28
U024068,11,3,8,4,0,3,0,0,17
U024069,19,1,11,2,0,8,1,1,26
U024070,12,0,5,5,2,5,0,1,22
U024071,13,3,11,6,1,11,0,1,31
U024072,15,0,4,3,0,4,1,0,15
U024073,13,2,5,3,0,7,2,0,23
U024074,22,4,3,2,1,5,1,1,38
U024075,15,0,4,0,0,6,0,2,13
U024076,15,2,3,6,1,2,1,0,24
U024077,10,1,2,2,0,2,1,1,16
U024078,11,2,11,3,0,7,0,2,24
U024079,14,1,5,2,0,14,1,0,20
U024080,17,1,7,4,0,3,0,2,28
U024081,11,2,4,3,1,9,3,1,22
U024082,14,0,2,3,1,5,2,1,18
U024083,4,0,1,1,2,5,0,0,13
U024084,13,11,3,6,1,6,7,1,12
U024085,17,0,2,3,2,4,1,1,17
U024086,15,5,10,5,5,8,1,1,25
U024087,21,8,6,2,0,7,5,0,22
U024088,9,0,3,2,1,5,1,0,23
U024089,10,0,3,6,3,4,0,0,15
U024090,20,6,10,3,0,5,3,1,36
U024091,11,0,4,1,0,0,1,2,17
U024092,15,3,3,3,1,7,1,0,18
U024093,8,0,7,3,3,4,2,0,14
U024094,7,2,8,3,2,2,2,1,10
U024095,10,1,0,3,4,5,0,1,18
U024096,15,2,5,3,0,7,1,1,29
U024097,12,0,10,2,0,9,0,3,13
U024098,9,1,3,7,1,3,1,1,22
U024099,18,5,6,6,0,12,2,0,23
U024100,15,3,5,3,0,9,1,1,21
U024101,10,1,5,6,2,9,1,3,21
U024102,21,4,9,8,1,16,3,4,18
U024103,25,0,6,2,6,4,1,1,17
U024104,10,3,6,2,0,5,1,1,22
U024105,15,3,2,2,0,3,1,1,24
U024106,9,3,6,2,0,3,1,0,22
U024107,11,1,8,2,3,8,0,1,33
U024108,10,6,3,6,1,5,1,1,23
U024109,8,3,3,2,1,6,1,0,21
U024110,13,0,3,3,1,3,1,0,13
U024111,9,1,3,1,0,3,1,1,19
U024112,15,2,10,2,0,8,4,2,27
U024113,20,3,13,3,0,11,4,1,37
U024114,16,5,7,2,1,4,2,2,23
U024115,13,1,6,3,0,6,0,2,16
U024116,11,0,5,4,5,3,0,0,17
U024117,9,0,11,3,0,4,1,0,12
U024118,10,1,4,1,1,4,0,0,16
U024119,9,1,3,2,1,4,3,1,22
U024120,12,7,5,3,1,2,0,0,25
U024121,5,4,3,2,5,1,2,1,14
U024122,15,4,5,2,0,9,1,1,24
U024123,9,1,5,2,5,1,2,0,10
U024124,16,4,8,4,1,6,3,1,32
U024125,12,4,7,2,0,5,0,1,27
U024126,19,2,7,3,1,8,0,1,21
U024127,16,2,6,3,0,7,0,0,24
U024128,18,1,1,2,0,6,2,0,27
U024129,13,1,3,7,0,1,1,0,25
U024130,11,1,3,1,0,6,0,0,16
U024131,7,3,6,2,0,6,2,1,15
U024132,21,5,9,3,0,6,3,0,25
U024133,8,1,4,3,0,8,0,0,18
U024134,13,0,4,4,0,4,3,0,14
U024135,16,6,6,6,1,7,0,1,35
U024136,9,4,5,1,0,4,2,3,19
U024137,5,0,0,2,1,2,0,0,7
U024138,16,1,1,3,0,4,1,3,14
U024139,9,0,2,2,4,2,1,1,12
U024140,8,1,5,2,2,3,1,2,21
U024141,12,3,1,1,0,12,2,2,19
U024142,17,5,2,1,1,6,0,0,13
U024143,10,0,8,3,0,10,1,1,7
U024144,8,0,4,3,0,2,3,0,20
U024145,4,0,1,2,1,1,1,0,8
U024146,13,7,7,2,0,4,0,0,16
U024147,11,4,2,5,0,6,1,0,30
U024148,9,2,2,3,2,4,1,0,31
U024149,12,1,13,3,0,6,1,0,18
U024150,9,4,6,4,0,6,1,0,24
U024151,15,4,8,1,0,5,1,0,21
U024152,15,6,6,3,1,5,0,0,22
U024153,14,0,1,2,0,6,2,0,21
U024154,13,3,3,2,0,4,2,0,10
U024155,10,0,3,4,2,1,1,0,16
U024156,16,6,1,4,2,8,0,1,18
U024157,20,3,5,3,1,3,0,3,20
U024158,12,0,6,1,0,5,1,0,16
U024159,8,4,7,1,0,10,3,2,18
U024160,11,3,8,8,0,13,1,2,41
U024161,15,2,4,0,4,5,1,0,15
U024162,10,0,7,3,2,5,2,3,18
U024163,13,1,5,2,0,7,0,0,25
U024164,10,1,6,3,0,11,0,0,25
U024165,13,2,5,6,1,2,1,2,18
U024166,15,2,9,4,1,12,0,3,31
U024167,5,3,4,1,3,2,0,0,19
U024168,7,1,2,5,2,3,2,2,12
U024169,13,1,5,2,0,5,1,0,18
U024170,10,3,8,6,0,8,1,0,27
U024171,7,1,5,3,0,3,1,0,11
U024172,14,6,7,3,0,3,0,1,26
U024173,19,2,8,6,1,9,1,0,29
U024174,14,2,4,5,0,6,1,0,26
U024175,20,5,3,4,0,8,1,0,26
U024176,9,3,11,5,1,5,1,0,20
U024177,4,0,2,2,7,4,0,0,9
U024178,19,1,5,4,0,7,1,2,21
U024179,5,0,1,0,4,1,2,2,11
U024180,18,1,3,3,0,3,1,0,10
U024181,11,1,6,5,0,2,1,0,20
U024182,15,3,10,1,1,8,2,0,20
U024183,9,1,5,1,5,3,1,0,13
U024184,10,3,5,5,1,4,0,1,22
U024185,13,2,5,2,0,8,2,1,25
U024186,13,2,4,0,0,0,0,0,18
U024187,13,2,3,3,0,6,0,0,16
U024188,16,2,4,4,0,11,3,2,18
U024189,10,1,4,1,0,2,1,1,15
U024190,13,2,7,7,0,10,2,1,23
U024191,7,0,10,3,0,2,0,0,8
U024192,19,5,7,8,1,4,1,1,15
U024193,16,2,3,1,1,2,1,1,18
U024194,16,5,6,5,0,5,0,0,23
U024195,12,1,8,2,0,7,2,0,17
U024196,14,2,3,3,2,4,1,0,25
U024197,11,1,6,4,0,4,2,0,14
U024198,5,1,2,4,5,0,2,0,11
U024199,15,5,6,1,9,5,1,1,17
U024200,20,4,3,3,0,12,3,0,27
U024201,19,3,10,3,0,11,1,1,17
U024202,23,4,7,1,2,8,1,3,30
U024203,11,1,5,2,1,5,2,0,20
U024204,15,0,4,1,0,4,0,2,13
U024205,8,4,6,3,2,4,1,2,12
U024206,8,4,6,0,0,8,2,0,20
U024207,17,4,4,3,0,6,1,0,23
U024208,10,0,6,2,0,1,1,0,20
U024209,13,2,10,2,0,5,1,1,19
U024210,9,0,6,1,0,1,0,0,19
U024211,8,2,5,3,0,3,2,0,17
U024212,12,3,7,2,0,3,2,0,32
U024213,15,1,4,2,0,4,2,0,22
U024214,12,2,6,4,1,6,1,1,30
U024215,16,3,5,2,0,14,2,1,22
U024216,8,0,3,2,3,5,1,0,12
U024217,11,2,5,1,6,5,1,0,9
U024218,16,4,2,3,0,6,2,1,17
U024219,8,2,4,2,1,10,1,2,21
U024220,18,3,9,2,1,5,0,3,19
U024221,16,4,5,1,2,4,0,1,18
U024222,22,2,11,3,0,5,1,3,20
U024223,8,3,3,3,0,4,0,1,20
U024224,16,0,8,3,0,11,3,2,35
U024225,19,4,4,6,1,5,1,1,25
U024226,16,2,6,2,0,3,3,1,24
U024227,11,3,5,2,2,2,0,0,21
U024228,18,1,7,4,0,4,0,2,16
U024229,9,1,10,7,0,6,1,1,15
U024230,11,1,6,3,0,6,2,0,14
U024231,7,1,8,3,0,6,1,1,20
U024232,11,0,5,0,0,5,2,1,22
U024233,11,3,5,4,1,7,1,1,24
U024234,7,1,10,1,2,4,1,1,20
U024235,14,4,7,4,2,2,2,3,26
U024236,14,1,8,7,0,5,1,1,25
U024237,17,5,6,4,0,8,1,0,33
U024238,13,3,4,4,1,5,1,1,31
U024239,15,3,2,3,0,4,0,1,25
U024240,11,3,2,5,0,5,2,2,18
U024241,18,1,3,3,1,8,1,1,19
U024242,10,0,3,1,0,7,2,2,16
U024243,10,0,3,0,0,4,1,0,14
U024244,9,6,9,1,0,7,2,1,28
U024245,14,4,5,3,0,7,0,0,24
U024246,4,0,7,0,3,4,0,0,6
U024247,17,4,6,2,0,7,0,1,25
U024248,10,2,6,2,2,5,0,1,21
U024249,6,0,2,0,1,2,0,1,10
U024250,15,6,5,4,0,9,0,2,29
U024251,17,4,10,1,1,10,2,0,42
U024252,14,0,3,1,0,4,1,0,12
U024253,19,5,4,2,0,6,1,0,20
U024254,22,6,12,3,0,5,1,0,15
U024255,17,3,7,2,0,5,3,1,23
U024256,15,0,3,1,0,3,1,2,19
U024257,17,5,4,5,0,5,1,0,17
U024258,9,2,3,1,0,5,1,0,22
U024259,6,1,5,2,0,4,3,2,16
U024260,12,3,5,3,0,4,3,0,22
U024261,8,4,4,2,1,2,1,1,15
U024262,12,5,6,1,0,4,0,1,19
U024263,21,4,2,3,1,8,2,0,36
U024264,18,5,8,3,1,7,2,2,25
U024265,9,3,4,0,0,3,1,1,11
U024266,12,1,11,2,1,1,1,0,22
U024267,16,0,4,1,0,5,3,1,18
U024268,17,2,9,3,1,7,2,3,21
U024269,11,1,6,2,0,4,1,0,17
U024270,13,5,5,2,0,6,0,2,11
U024271,18,5,2,1,0,8,3,0,24
U024272,15,2,9,6,1,10,2,0,25
U024273,15,5,9,5,0,7,0,1,21
U024274,16,2,4,4,2,6,3,2,14
U024275,18,3,10,2,1,11,1,0,29
U024276,17,4,5,3,0,9,3,1,15
U024277,9,4,1,2,3,3,0,0,15
U024278,20,4,6,4,1,6,2,1,20
U024279,4,1,1,3,0,1,0,0,13
U024280,13,6,3,2,0,10,3,1,24
U024281,11,0,7,5,0,5,3,0,20
U024282,12,3,9,4,1,12,1,3,29
U024283,10,3,7,2,0,3,0,0,18
U024284,13,3,5,4,6,10,4,2,9
U024285,10,2,5,0,3,4,1,0,9
U024286,10,4,7,2,0,7,2,3,23
U024287,4,1,7,3,0,4,1,0,12
U024288,19,4,7,8,0,6,0,0,27
U024289,9,4,7,3,2,7,3,1,32
U024290,13,5,7,1,0,9,3,2,29
U024291,10,4,3,4,0,5,2,1,12
U024292,20,3,5,1,1,7,2,0,30
U024293,8,1,5,1,4,3,0,1,13
U024294,11,1,7,4,0,3,2,1,13
U024295,15,4,8,2,0,6,1,0,20
U024296,13,2,5,3,0,8,1,1,18
U024297,9,3,7,2,1,5,0,3,23
U024298,15,2,8,6,1,9,1,1,17
U024299,17,3,8,5,0,11,1,3,20
U024300,10,3,9,5,0,4,2,1,25
U024301,11,7,4,4,0,4,0,2,24
U024302,12,0,6,2,2,2,2,1,7
U024303,13,0,7,2,0,3,1,0,14
U024304,9,1,2,3,0,5,4,2,14
U024305,11,4,3,2,0,6,1,0,18
U024306,8,1,6,3,5,2,2,1,19
U024307,6,0,3,2,1,1,0,1,13
U024308,9,2,6,3,0,6,1,1,16
U024309,16,1,6,5,0,6,1,1,21
U024310,13,6,1,3,0,3,1,3,20
U024311,11,1,5,4,0,4,2,3,19
U024312,16,5,6,1,0,4,1,0,17
U024313,8,1,4,4,0,6,0,0,16
U024314,15,2,9,3,0,5,3,0,21
U024315,12,6,10,5,0,9,1,3,30
U024316,16,5,8,4,1,8,2,1,19
U024317,14,6,6,5,0,12,3,1,37
U024318,8,1,3,1,0,7,0,0,12
U024319,10,1,8,3,0,6,2,1,30
U024320,19,2,5,4,1,4,2,1,24
U024321,18,1,8,4,0,4,2,1,21
U024322,10,2,6,10,0,4,0,1,20
U024323,15,3,7,4,0,5,2,3,15
U024324,15,0,14,6,0,8,0,0,37
U024325,13,2,4,3,5,4,0,1,18
U024326,7,2,4,3,2,3,3,1,14
U024327,12,0,7,0,0,3,1,0,19
U024328,13,1,4,4,1,1,0,1,17
U024329,11,5,6,3,0,4,0,1,24
U024330,5,1,2,1,5,3,2,1,11
U024331,18,1,10,4,1,4,0,0,22
U024332,14,4,5,4,0,4,2,1,26
U024333,8,0,1,1,2,2,1,1,7
U024334,10,6,11,2,0,8,1,0,29
U024335,8,3,5,6,0,3,1,1,15
U024336,12,2,6,2,1,4,2,0,22
U024337,22,4,4,7,5,12,0,3,21
U024338,13,1,4,4,5,3,0,1,13
U024339,2,2,3,4,0,5,2,2,15
U024340,12,6,11,6,1,4,0,1,24
U024341,6,0,1,2,4,7,0,0,13
U024342,17,8,10,3,1,8,2,2,22
U024343,13,2,4,2,0,6,0,1,10
U024344,15,0,6,6,0,9,0,1,23
U024345,16,0,4,1,0,4,0,1,18
U024346,14,5,10,3,1,4,1,2,20
U024347,8,0,7,0,3,1,1,1,10
U024348,14,0,5,2,0,3,0,1,17
U024349,16,3,7,4,0,5,3,1,28
U024350,13,3,2,3,0,3,0,0,19
U024351,13,3,5,2,1,3,0,2,15
U024352,14,0,5,5,0,6,2,1,19
U024353,9,2,7,0,6,4,2,0,17
U024354,9,0,5,3,2,1,1,3,15
U024355,15,1,10,2,0,4,1,5,27
U024356,9,1,5,6,0,6,0,0,21
U024357,10,2,3,4,5,7,2,1,8
U024358,8,2,2,2,5,4,1,1,15
U024359,11,0,2,2,1,9,0,1,8
U024360,15,3,6,7,1,8,1,2,29
U024361,20,5,8,4,0,8,3,4,25
U024362,12,1,3,4,0,7,3,0,14
U024363,22,2,6,5,0,4,3,1,13
U024364,8,3,2,2,6,5,2,1,19
U024365,11,6,8,1,1,8,1,1,28
U024366,13,0,10,1,0,3,1,0,19
U024367,14,5,6,2,0,3,4,1,21
U024368,13,1,5,2,1,2,0,1,25
U024369,12,4,5,3,1,8,3,1,26
U024370,10,3,6,1,1,8,0,2,22
U024371,15,4,4,4,0,9,2,1,26
U024372,19,5,7,6,0,5,1,0,32
U024373,11,7,9,2,1,9,2,0,21
U024374,15,5,9,5,1,6,2,1,14
U024375,14,2,10,3,0,2,1,0,19
U024376,8,2,3,3,2,5,1,1,15
U024377,13,1,8,4,1,7,1,3,27
U024378,11,0,4,3,4,3,0,0,7
U024379,8,2,3,1,2,4,1,0,20
U024380,13,4,7,6,1,8,3,2,30
U024381,19,0,1,2,0,6,0,1,13
U024382,16,3,9,5,1,3,0,0,17
U024383,7,0,2,2,2,7,1,0,10
U024384,12,0,3,3,0,3,0,1,17
U024385,14,1,3,3,0,6,1,3,23
U024386,12,1,14,4,0,9,3,1,25
U024387,15,3,5,1,0,6,0,2,23
U024388,11,2,4,1,0,3,1,2,14
U024389,17,7,8,1,0,3,1,1,22
U024390,13,2,6,3,2,2,1,1,11
U024391,13,5,6,1,1,9,1,1,27
U024392,17,1,3,2,0,4,0,1,15
U024393,17,4,6,3,0,10,3,0,22
U024394,19,2,5,3,0,9,0,0,27
U024395,18,0,14,1,3,4,2,2,26
U024396,7,0,2,1,2,4,0,0,5
U024397,14,1,6,1,0,3,4,1,18
U024398,11,6,12,5,1,7,1,1,31
U024399,15,4,10,3,1,7,1,3,26
U024400,20,3,5,5,0,5,0,2,21
U024401,12,1,5,4,0,7,0,0,22
U024402,12,3,9,2,0,9,0,1,26
U024403,5,2,9,3,1,2,0,0,7
U024404,22,4,5,2,1,9,5,2,41
U024405,10,1,3,2,0,0,1,3,19
U024406,8,1,3,2,0,3,0,3,18
U024407,10,4,7,1,0,2,3,1,20
U024408,11,3,8,3,0,9,0,1,24
U024409,16,1,6,4,1,5,2,3,13
U024410,7,0,4,2,0,3,0,0,24
U024411,11,4,8,1,1,5,1,0,21
U024412,7,0,5,2,4,1,1,1,5
U024413,14,0,8,2,0,5,2,0,17
U024414,6,0,3,3,0,3,1,1,13
U024415,13,3,8,1,0,6,1,1,28
U024416,11,2,3,2,0,3,3,0,15
U024417,9,0,3,4,0,2,0,0,17
U024418,4,1,5,5,0,5,1,0,19
U024419,11,0,7,4,0,7,0,1,14
U024420,12,3,4,4,0,3,1,1,16
U024421,10,4,14,3,4,2,0,2,9
U024422,12,2,7,2,0,2,5,0,37
U024423,10,1,1,2,0,4,0,0,15
U024424,12,2,8,1,0,2,1,1,16
U024425,18,2,2,3,7,2,0,1,18
U024426,17,1,8,4,1,6,1,1,24
U024427,13,0,4,3,0,1,1,2,14
U024428,19,5,11,2,0,10,1,1,20
U024429,10,1,7,2,0,2,1,1,23
U024430,9,1,3,2,1,5,1,1,16
U024431,12,1,4,3,0,8,1,1,19
U024432,15,2,4,2,0,5,1,0,22
U024433,15,7,3,2,2,6,0,2,20
U024434,20,3,14,4,0,5,0,0,19
U024435,13,0,6,3,1,5,1,0,21
U024436,9,0,6,5,3,1,2,1,6
U024437,18,5,7,3,0,5,0,2,19
U024438,20,4,8,2,0,8,0,1,28
U024439,13,1,10,6,0,8,2,3,28
U024440,7,0,2,2,0,5,0,1,18
U024441,10,4,4,1,4,4,1,1,12
U024442,9,5,10,3,0,9,2,1,23
U024443,15,1,3,3,0,3,1,0,15
U024444,21,5,5,1,2,2,2,1,16
U024445,6,1,5,1,0,3,0,1,21
U024446,11,1,4,4,0,7,0,0,22
U024447,15,0,1,3,1,2,0,1,19
U024448,15,1,5,1,1,9,1,1,29
U024449,17,3,10,2,0,5,1,0,19
U024450,11,2,4,4,0,2,1,1,14
U024451,12,2,4,6,0,6,2,0,23
U024452,6,6,3,1,2,3,0,0,19
U024453,4,1,5,2,2,1,2,0,17
U024454,15,2,8,2,0,9,1,0,22
U024455,8,4,2,4,4,2,1,1,15
U024456,17,4,8,3,0,6,3,0,21
U024457,16,3,6,7,1,12,1,0,15
U024458,13,4,7,4,2,9,3,0,21
U024459,14,4,7,3,0,4,1,0,17
U024460,13,3,7,0,0,3,2,1,21
U024461,12,1,6,4,1,6,3,1,12
U024462,7,0,4,1,4,4,1,0,10
U024463,13,0,7,1,0,3,1,2,19
U024464,11,0,2,2,0,8,3,1,21
U024465,15,3,6,3,1,7,2,1,25
U024466,10,1,8,5,0,2,0,3,15
U024467,12,4,5,2,6,6,1,0,12
U024468,13,0,1,3,0,6,1,2,18
U024469,20,4,4,3,0,5,3,2,25
U024470,13,1,9,1,4,3,3,0,20
U024471,15,1,5,2,1,7,4,1,9
U024472,13,2,3,5,1,4,2,0,23
U024473,9,1,5,2,1,3,0,0,19
U024474,9,2,4,3,1,1,2,1,18
U024475,10,1,4,5,2,0,2,1,16
U024476,8,0,1,1,0,6,0,0,16
U024477,9,0,5,0,4,3,1,0,19
U024478,10,3,5,4,8,1,1,1,19
U024479,19,1,3,2,0,7,0,0,18
U024480,17,4,10,4,2,9,0,0,21
U024481,16,5,6,3,1,3,0,0,26
U024482,7,3,10,5,0,4,1,2,32
U024483,15,6,8,4,0,7,2,2,15
U024484,15,2,2,5,2,10,0,2,30
U024485,15,3,4,2,0,13,0,0,19
U024486,19,5,3,3,0,7,1,1,19
U024487,10,3,4,2,1,7,1,0,20
U024488,19,3,5,3,0,11,4,0,27
U024489,11,6,13,2,0,7,0,1,25
U024490,16,3,8,2,0,6,1,1,21
U024491,10,3,10,2,2,7,4,1,20
U024492,13,2,7,2,1,9,1,1,23
U024493,13,0,7,3,0,6,0,1,22
U024494,16,1,6,4,0,3,0,3,12
U024495,6,1,4,2,2,4,0,1,22
U024496,19,6,8,5,0,5,0,0,19
U024497,9,1,10,4,0,6,3,1,20
U024498,12,0,9,1,1,4,0,5,19
U024499,10,0,8,5,2,2,1,1,11
U024500,13,5,5,2,0,6,1,0,27
U024501,13,0,1,2,2,6,0,1,8
U024502,8,2,11,2,0,5,0,1,26
U024503,9,2,2,3,2,1,0,0,15
U024504,11,2,5,2,0,5,1,0,22
U024505,18,1,7,3,0,6,2,0,22
U024506,5,0,2,2,2,5,0,0,11
U024507,6,1,3,3,0,5,3,2,27
U024508,14,2,2,3,0,6,1,4,24
U024509,18,1,4,8,0,4,1,0,12
U024510,26,5,8,1,2,10,4,0,24
U024511,19,1,6,3,2,5,2,2,23
U024512,16,3,10,2,1,8,2,1,18
U024513,7,0,5,2,1,2,1,0,11
U024514,16,0,6,1,0,6,2,0,24
U024515,24,5,5,4,1,9,2,0,28
U024516,16,3,6,4,2,2,0,1,24
U024517,13,7,5,0,0,9,2,2,12
U024518,19,7,8,4,1,8,3,1,27
U024519,11,5,3,1,0,6,0,2,18
U024520,12,2,4,2,5,2,0,0,6
U024521,15,2,7,2,0,7,3,1,21
U024522,10,0,6,2,3,5,0,1,8
U024523,15,4,7,4,0,7,0,1,21
U024524,14,2,11,5,1,8,2,1,24
U024525,7,2,0,1,0,7,0,1,17
U024526,12,2,7,2,1,4,2,4,16
U024527,24,0,7,2,1,4,0,1,28
U024528,10,0,2,2,8,2,1,2,9
U024529,11,5,8,2,0,5,1,0,30
U024530,20,3,10,5,1,6,1,2,24
U024531,15,1,3,2,0,5,0,0,18
U024532,24,4,13,11,0,2,2,2,31
U024533,15,5,5,7,0,8,2,2,28
U024534,5,4,6,6,0,6,3,1,16
U024535,10,2,6,4,3,5,3,1,13
U024536,6,0,2,2,0,3,1,0,18
U024537,12,2,2,4,0,3,1,1,17
U024538,10,5,5,1,0,6,3,1,31
U024539,11,2,6,1,0,9,0,4,22
U024540,20,2,7,3,0,3,1,1,29
U024541,15,4,11,2,0,10,3,1,27
U024542,12,1,3,2,0,8,2,0,20
U024543,16,3,8,4,0,9,2,1,21
U024544,15,0,3,0,0,2,0,1,21
U024545,20,3,5,1,0,3,1,1,25
U024546,13,0,3,2,2,3,0,2,8
U024547,6,0,4,5,2,3,0,0,21
U024548,14,4,5,5,0,5,2,0,28
U024549,8,1,4,3,1,2,1,1,18
U024550,14,2,5,5,0,9,1,1,33
U024551,17,4,4,2,3,5,2,0,14
U024552,9,4,5,0,1,11,0,1,27
U024553,9,5,6,1,3,6,1,0,16
U024554,9,1,2,4,0,4,1,1,15
U024555,17,1,8,5,0,5,4,0,18
U024556,14,2,7,2,0,6,1,1,19
U024557,14,0,6,2,1,1,0,1,15
U024558,6,1,2,4,2,4,0,0,16
U024559,6,0,4,3,2,3,1,1,8
U024560,18,2,3,5,0,4,3,0,24
U024561,12,3,6,2,0,4,1,1,24
U024562,8,0,4,4,0,11,1,1,21
U024563,14,2,12,5,0,6,0,1,15
U024564,15,6,3,5,1,8,4,2,32
U024565,12,4,4,3,2,5,0,0,20
U024566,14,2,2,3,3,6,1,2,15
U024567,12,3,7,3,0,9,2,2,16
U024568,15,0,3,6,1,4,0,1,19
U024569,12,1,3,0,0,5,1,2,22
U024570,17,3,8,6,2,10,1,1,24
U024571,9,1,6,3,2,6,2,0,14
U024572,7,1,2,2,0,2,0,2,14
U024573,12,0,3,1,0,10,0,3,19
U024574,13,4,3,4,0,5,2,0,21
U024575,6,1,3,1,0,2,2,1,14
U024576,17,4,4,6,0,6,1,1,23
U024577,13,0,6,3,0,8,1,1,30
U024578,6,3,1,1,7,1,0,1,17
U024579,8,0,2,3,2,1,0,0,7
U024580,19,5,11,3,1,7,0,1,34
U024581,8,2,5,3,0,5,0,0,26
U024582,8,1,2,2,4,1,0,0,5
U024583,6,0,5,1,1,7,2,1,16
U024584,20,1,2,5,0,8,3,1,20
U024585,11,2,6,1,3,9,0,0,19
U024586,20,4,6,8,0,5,1,1,28
U024587,11,1,7,6,0,0,1,0,8
U024588,16,2,5,4,0,2,1,3,19
U024589,18,1,3,1,0,6,2,0,19
U024590,3,0,9,1,0,6,3,1,12
U024591,22,5,6,2,0,8,1,0,22
U024592,9,2,4,1,0,6,1,1,24
U024593,16,2,3,2,1,5,1,0,18
U024594,15,1,8,7,0,4,2,1,15
U024595,9,1,6,4,3,7,1,0,16
U024596,15,2,7,3,0,6,2,1,24
U024597,17,1,6,4,1,9,0,2,28
U024598,12,5,6,3,2,5,1,0,22
U024599,11,3,10,2,0,6,0,1,23
U024600,17,5,10,5,0,11,3,0,23
U024601,14,1,4,6,0,3,1,0,25
U024602,11,2,7,1,0,7,1,2,18
U024603,13,3,4,6,0,8,0,0,22
U024604,7,0,2,4,0,4,0,2,27
U024605,20,4,8,8,0,3,1,2,15
U024606,15,0,7,6,0,3,2,2,13
U024607,11,0,4,4,2,4,0,1,16
U024608,13,6,9,2,0,10,0,1,25
U024609,17,5,3,0,0,5,3,0,19
U024610,18,2,4,2,1,11,0,0,16
U024611,14,0,4,0,1,2,3,0,8
U024612,17,3,3,3,0,11,3,2,24
U024613,21,6,9,4,1,13,1,2,24
U024614,22,2,4,0,0,6,0,1,28
U024615,11,1,11,2,0,9,0,1,19
U024616,11,2,2,1,0,4,0,0,12
U024617,25,5,9,0,0,10,2,0,20
U024618,13,7,5,3,0,6,0,1,23
U024619,7,0,6,2,0,1,1,1,14
U024620,20,2,11,3,1,10,0,1,18
U024621,19,2,4,3,0,7,1,2,20
U024622,21,1,9,3,0,5,0,0,13
U024623,10,4,6,6,2,3,0,2,33
U024624,16,3,7,1,2,4,1,0,15
U024625,15,3,7,4,0,6,0,0,11
U024626,6,0,4,1,1,5,0,0,12
U024627,17,1,7,2,0,6,3,2,24
U024628,12,5,14,3,0,8,1,1,25
U024629,15,3,8,4,0,5,2,2,21
U024630,10,0,3,2,0,3,1,0,13
U024631,18,3,7,3,0,8,1,0,25
U024632,13,0,4,1,0,9,0,0,20
U024633,7,3,3,3,2,2,2,0,18
U024634,6,4,8,5,4,6,1,1,23
U024635,6,1,5,0,1,5,1,2,9
U024636,12,0,7,1,0,4,1,3,23
U024637,15,2,5,2,0,8,2,0,22
U024638,12,2,9,3,0,11,1,2,23
U024639,20,2,8,1,1,6,3,1,19
U024640,8,1,8,2,3,6,0,0,27
U024641,12,2,8,4,1,3,6,0,19
U024642,25,3,13,1,0,8,1,0,35
U024643,14,2,4,4,0,6,4,1,24
U024644,11,1,1,2,0,6,2,0,19
U024645,12,2,5,2,1,5,3,2,23
U024646,14,4,6,2,4,7,3,0,22
U024647,17,2,3,1,2,4,4,0,24
U024648,15,3,2,0,2,1,0,0,20
U024649,5,2,3,4,1,5,2,1,23
U024650,7,1,2,2,7,2,0,1,11
U024651,12,0,7,1,0,4,1,0,16
U024652,13,0,2,5,1,5,1,0,17
U024653,15,1,4,5,0,7,3,3,14
U024654,11,6,7,1,0,7,0,1,29
U024655,22,3,8,2,0,6,2,1,33
U024656,11,6,6,2,1,8,1,1,13
U024657,8,4,5,3,0,4,1,1,24
U024658,6,6,6,1,0,5,1,3,20
U024659,23,7,3,4,1,6,1,3,26
U024660,11,0,5,3,1,4,1,1,17
U024661,8,1,9,5,0,3,1,1,19
U024662,9,3,11,4,1,3,0,0,29
U024663,14,3,9,2,0,10,0,1,19
U024664,9,0,3,0,2,4,2,2,16
U024665,17,3,9,5,1,4,1,0,19
U024666,11,0,10,0,0,4,2,1,16
U024667,7,4,8,1,2,4,1,0,16
U024668,8,5,8,2,5,5,0,0,20
U024669,12,4,4,3,0,2,1,1,19
U024670,6,2,3,1,1,5,1,1,17
U024671,6,3,3,1,0,5,1,1,28
U024672,7,0,4,1,1,1,0,1,16
U024673,10,1,3,2,2,5,0,2,16
U024674,10,5,5,1,0,7,1,1,27
U024675,5,0,4,3,0,1,2,0,21
U024676,15,10,3,5,0,8,2,1,19
U024677,10,2,10,5,1,6,1,0,32
U024678,7,1,3,4,7,4,0,3,8
U024679,10,0,4,4,0,2,1,1,15
U024680,11,3,5,3,0,8,1,0,13
U024681,13,2,10,5,1,6,2,1,45
U024682,13,1,3,1,1,4,3,0,23
U024683,10,2,1,2,3,5,2,0,20
U024684,14,3,5,4,1,6,4,2,16
U024685,12,2,11,3,0,3,1,1,23
U024686,15,1,7,3,2,6,1,2,31
U024687,8,0,3,4,1,3,2,0,25
U024688,5,1,6,1,0,3,3,3,19
U024689,18,5,9,7,1,9,0,0,24
U024690,9,2,5,2,0,8,1,0,20
U024691,9,2,10,4,0,5,0,4,31
U024692,8,1,3,1,4,3,1,1,10
U024693,8,0,3,3,2,2,0,0,20
U024694,12,1,4,0,0,9,2,1,22
U024695,21,4,4,2,1,7,1,2,31
U024696,14,5,10,8,0,8,1,0,32
U024697,26,5,1,4,1,8,2,0,33
U024698,7,0,1,3,3,2,0,2,7
U024699,13,6,9,2,0,8,2,1,27
U024700,7,0,3,3,3,8,0,2,14
U024701,10,3,5,3,0,7,1,0,21
U024702,13,2,4,8,0,1,0,0,12
U024703,18,1,2,1,0,7,0,1,16
U024704,9,1,3,1,5,3,2,1,17
U024705,13,3,8,5,0,6,1,2,26
U024706,15,0,5,2,0,9,0,4,38
U024707,20,3,2,3,0,3,1,1,11
U024708,15,3,8,3,1,7,3,1,25
U024709,13,2,4,2,0,2,1,1,18
U024710,19,0,6,3,0,2,1,0,14
U024711,6,0,5,6,0,5,1,1,15
U024712,7,0,4,4,3,2,0,0,7
U024713,15,1,6,2,0,7,3,0,32
U024714,13,2,3,2,1,12,3,0,26
U024715,8,3,4,2,0,3,1,1,13
U024716,17,4,6,5,0,8,1,0,22
U024717,10,1,6,3,1,4,0,1,7
U024718,15,5,3,2,0,5,2,0,13
U024719,11,2,7,2,2,3,2,0,19
U024720,10,0,5,3,0,5,1,2,12
U024721,12,2,4,4,0,11,2,1,17
U024722,11,4,6,4,0,7,3,1,23
U024723,12,2,3,0,0,3,0,3,14
U024724,14,2,5,2,0,1,0,0,24
U024725,8,2,4,2,0,4,1,2,13
U024726,14,3,5,5,0,3,1,0,22
U024727,10,1,16,7,0,7,2,1,32
U024728,20,2,7,7,2,8,1,1,26
U024729,14,3,8,2,0,11,0,1,21
U024730,13,1,2,3,0,6,2,0,20
U024731,8,1,4,2,1,5,0,0,18
U024732,14,4,6,6,0,14,3,0,25
U024733,22,6,11,0,0,6,2,2,39
U024734,14,5,8,4,0,5,1,3,20
U024735,18,1,3,5,0,1,0,1,20
U024736,11,0,2,3,1,5,0,0,12
U024737,4,0,4,2,1,4,1,0,13
U024738,7,0,5,2,0,6,0,2,16
U024739,8,1,8,3,0,4,0,1,22
U024740,15,10,6,1,0,8,1,1,30
U024741,4,1,3,1,4,2,0,0,6
U024742,17,2,11,3,1,1,2,3,17
U024743,15,1,11,1,0,4,2,0,25
U024744,8,5,3,4,5,10,0,2,15
U024745,9,2,3,1,2,2,1,3,16
U024746,16,5,7,2,1,5,2,1,21
U024747,8,1,2,2,0,4,2,0,12
U024748,12,3,10,4,1,8,0,3,30
U024749,11,1,9,3,0,0,0,1,17
U024750,12,6,4,2,0,13,1,0,19
U024751,13,1,4,3,1,5,6,1,20
U024752,11,2,5,3,0,7,2,0,27
U024753,14,3,9,5,0,9,0,2,35
U024754,18,6,13,2,0,4,1,1,43
U024755,13,4,7,1,0,7,2,0,16
U024756,10,1,5,0,5,4,1,0,26
U024757,6,2,4,0,2,4,1,0,15
U024758,28,4,7,4,1,7,1,1,30
U024759,17,5,9,3,0,9,0,0,22
U024760,4,1,1,4,0,6,0,0,14
U024761,16,0,8,2,0,3,0,1,11
U024762,20,3,3,1,0,7,1,1,17
U024763,9,0,3,4,2,5,1,1,11
U024764,9,0,5,2,0,3,0,0,14
U024765,12,3,5,6,0,10,2,1,25
U024766,15,1,2,1,1,2,0,1,24
U024767,11,2,3,4,0,8,1,0,24
U024768,18,2,5,5,0,8,2,0,30
U024769,7,0,5,1,1,3,1,1,11
U024770,3,0,4,0,2,1,0,0,7
U024771,12,3,10,1,1,5,3,2,12
U024772,14,0,2,3,0,4,0,1,11
U024773,14,2,9,3,1,8,4,0,23
U024774,29,2,2,3,0,11,3,0,24
U024775,11,4,4,2,7,3,1,5,29
U024776,15,1,3,4,1,4,1,1,7
U024777,11,0,4,3,0,3,0,1,16
U024778,11,1,11,4,4,2,2,0,11
U024779,11,2,6,3,0,6,0,1,21
U024780,13,4,3,1,0,5,0,1,27
U024781,13,2,3,2,0,5,1,0,18
U024782,15,2,5,5,0,4,3,2,18
U024783,11,0,2,5,0,3,1,1,18
U024784,14,0,4,3,0,7,1,0,20
U024785,13,0,5,2,1,6,0,0,9
U024786,11,0,4,3,0,6,3,1,14
U024787,12,0,6,4,0,7,0,0,19
U024788,18,2,9,4,1,3,1,2,34
U024789,14,0,3,4,0,6,0,0,14
U024790,13,3,3,3,0,2,0,3,23
U024791,15,4,8,0,0,8,1,1,18
U024792,9,2,3,1,0,5,1,0,15
U024793,9,3,9,4,0,6,0,0,21
U024794,18,1,3,8,1,8,0,1,24
U024795,8,1,7,3,0,4,0,1,14
U024796,17,4,4,5,1,8,1,2,23
U024797,11,0,2,3,0,7,2,1,17
U024798,17,1,11,0,1,9,2,2,12
U024799,9,1,3,4,1,7,2,2,22
U024800,12,3,4,2,0,4,4,0,16
U024801,15,8,6,4,0,7,0,1,14
U024802,5,1,5,1,2,1,1,0,18
U024803,10,2,5,0,1,5,2,0,13
U024804,13,3,3,3,2,6,2,0,24
U024805,16,1,7,2,0,6,1,1,32
U024806,17,2,3,4,0,7,1,1,21
U024807,19,2,3,6,0,7,4,0,19
U024808,4,2,2,5,4,6,1,0,21
U024809,14,1,5,1,1,4,0,0,20
U024810,12,4,2,1,5,3,0,0,17
U024811,11,3,4,4,0,8,3,1,18
U024812,8,0,7,1,0,5,0,0,13
U024813,14,2,8,5,0,5,1,1,22
U024814,12,1,2,1,4,4,1,1,10
U024815,13,8,7,3,1,4,1,3,20
U024816,9,0,4,5,0,9,2,1,16
U024817,5,0,2,3,1,3,3,2,17
U024818,11,1,3,1,0,3,0,0,12
U024819,21,5,8,3,0,3,4,0,24
U024820,7,1,6,1,0,3,1,1,17
U024821,11,2,3,1,1,2,1,0,32
U024822,13,1,8,5,1,5,0,1,20
U024823,15,0,6,1,0,6,1,1,16
U024824,23,4,6,6,0,9,1,2,32
U024825,15,0,3,1,0,11,1,1,11
U024826,8,0,4,1,0,6,0,2,19
U024827,13,5,4,2,1,5,2,2,20
U024828,13,3,5,1,0,3,1,1,19
U024829,6,1,5,3,1,3,0,1,20
U024830,11,1,10,2,0,7,1,1,17
U024831,13,2,10,4,5,8,0,0,20
U024832,16,4,9,3,0,5,1,3,23
U024833,13,1,2,0,0,9,0,0,21
U024834,6,1,9,4,0,5,2,1,17
U024835,15,7,11,3,1,11,1,0,27
U024836,13,0,2,1,0,3,0,5,15
U024837,11,0,6,2,0,9,3,1,17
U024838,9,2,1,1,5,5,0,3,11
U024839,10,3,6,4,0,8,1,1,10
U024840,16,1,2,4,0,4,1,0,13
U024841,9,5,6,2,0,3,0,0,20
U024842,17,4,9,5,1,8,3,1,23
U024843,17,4,1,2,0,5,0,3,20
U024844,11,3,4,3,0,1,1,0,15
U024845,14,0,4,2,0,4,1,0,23
U024846,15,1,12,1,0,2,0,3,15
U024847,12,2,9,3,3,0,0,0,13
U024848,8,0,7,5,0,3,0,0,17
U024849,8,3,5,2,3,3,4,0,16
U024850,4,0,2,2,2,1,0,0,11
U024851,9,3,11,3,1,9,0,0,25
U024852,17,1,10,4,0,8,1,0,18
U024853,9,0,2,3,2,6,2,0,15
U024854,18,8,5,9,0,9,0,0,37
U024855,13,6,5,3,0,5,0,0,18
U024856,15,1,5,0,4,5,3,2,16
U024857,10,2,3,3,0,3,0,0,20
U024858,9,0,5,2,3,2,0,0,14
U024859,10,2,5,3,6,6,1,1,16
U024860,12,2,8,3,1,6,3,1,19
U024861,13,0,11,3,1,4,0,1,24
U024862,22,3,5,0,3,8,3,0,28
U024863,19,4,4,4,1,6,1,1,33
U024864,20,1,6,4,0,6,2,1,16
U024865,8,0,5,1,2,5,1,0,16
U024866,8,3,6,1,4,5,1,0,12
U024867,17,0,5,3,1,3,2,1,15
U024868,13,4,4,8,0,7,1,1,22
U024869,9,0,5,1,1,5,0,0,19
U024870,10,2,9,2,0,4,1,1,24
U024871,25,6,9,3,0,9,2,1,36
U024872,14,3,10,2,0,6,3,2,13
U024873,15,1,5,3,1,5,0,0,20
U024874,5,0,4,2,7,5,1,2,12
U024875,8,2,3,2,0,4,1,2,33
U024876,20,4,8,3,0,6,3,1,25
U024877,7,5,2,3,6,6,1,0,12
U024878,12,0,8,4,0,5,1,0,20
U024879,14,2,7,2,0,2,1,1,20
U024880,9,0,4,2,4,4,0,1,6
U024881,11,1,8,5,1,4,1,3,21
U024882,6,1,3,0,3,2,0,0,10
U024883,12,0,2,2,0,4,1,0,13
U024884,10,1,2,3,0,5,0,1,21
U024885,10,2,4,5,2,5,0,2,12
U024886,10,0,3,1,1,1,0,0,15
U024887,15,4,7,5,0,8,1,1,25
U024888,7,1,6,0,0,4,2,0,9
U024889,12,0,5,1,0,7,4,0,17
U024890,15,2,9,2,0,8,1,0,24
U024891,16,3,9,6,0,6,0,3,33
U024892,9,0,5,3,3,4,1,1,12
U024893,12,2,2,6,2,7,1,1,33
U024894,19,2,6,0,6,6,0,1,14
U024895,10,0,3,2,0,6,3,2,17
U024896,10,5,1,2,0,5,1,0,15
U024897,11,0,7,3,5,3,2,1,15
U024898,15,5,5,4,0,2,2,1,23
U024899,12,1,4,3,0,1,2,0,17
U024900,5,1,6,1,3,5,0,2,15
U024901,19,4,8,4,0,6,1,0,34
U024902,14,1,6,3,0,9,2,3,29
U024903,11,1,5,3,0,5,0,0,11
U024904,12,1,8,2,3,4,1,1,22
U024905,16,2,5,5,0,6,4,0,24
U024906,8,1,2,3,4,7,0,0,16
U024907,14,0,2,0,0,8,1,0,14
U024908,5,1,8,2,0,3,1,1,9
U024909,10,1,2,3,5,2,1,1,11
U024910,11,1,5,2,0,5,2,2,17
U024911,13,1,4,3,0,4,3,2,25
U024912,13,2,5,3,5,3,0,1,23
U024913,13,3,8,2,0,7,1,1,20
U024914,11,1,6,4,0,9,0,2,26
U024915,12,2,12,1,0,4,0,0,17
U024916,12,0,6,2,0,8,1,1,13
U024917,19,2,10,3,1,5,2,1,35
U024918,8,2,3,6,0,5,0,0,19
U024919,9,4,5,4,0,3,3,0,18
U024920,9,0,6,2,0,2,0,0,19
U024921,12,1,7,2,0,7,1,0,18
U024922,11,2,5,2,0,2,1,2,16
U024923,10,0,7,1,0,7,1,0,18
U024924,9,2,5,1,0,9,2,0,19
U024925,9,3,5,3,6,6,2,0,17
U024926,14,4,3,3,1,8,2,2,19
U024927,14,0,3,2,1,7,1,0,20
U024928,5,1,0,2,1,4,2,0,7
U024929,8,1,2,1,0,4,1,0,28
U024930,12,3,8,3,0,4,2,0,19
U024931,20,7,11,5,0,5,1,0,29
U024932,11,0,11,2,0,7,0,1,16
U024933,10,3,3,6,9,9,0,0,22
U024934,13,6,6,2,0,5,1,0,30
U024935,12,1,6,3,1,4,0,2,21
U024936,13,2,6,1,1,8,1,2,22
U024937,20,1,7,1,0,4,2,0,23
U024938,24,6,10,3,0,8,0,3,28
U024939,12,2,5,3,0,3,1,1,22
U024940,10,2,3,2,0,6,0,0,29
U024941,16,2,4,2,0,8,0,0,19
U024942,17,3,6,3,0,4,1,0,23
U024943,18,2,11,5,0,8,2,0,31
U024944,10,1,6,2,1,4,0,0,19
U024945,20,3,6,2,0,3,0,1,19
U024946,16,5,9,8,2,6,0,2,24
U024947,9,1,4,4,0,5,0,0,11
U024948,6,1,7,1,0,3,1,1,22
U024949,21,7,12,3,0,5,1,0,13
U024950,21,1,9,2,0,7,1,1,21
U024951,10,2,1,1,1,11,0,1,29
U024952,13,0,4,1,0,5,2,2,22
U024953,11,0,7,3,0,4,2,0,16
U024954,15,7,5,3,0,8,0,1,14
U024955,11,1,8,2,0,5,0,0,13
U024956,13,3,10,1,0,13,2,0,17
U024957,20,0,6,4,0,9,4,0,22
U024958,15,4,9,1,1,4,2,0,22
U024959,19,0,7,2,0,6,1,0,14
U024960,9,0,8,1,0,6,1,3,8
U024961,19,2,5,2,0,6,2,1,28
U024962,10,1,6,4,1,2,2,2,18
U024963,7,0,4,2,2,2,3,0,11
U024964,27,5,7,5,1,5,0,1,31
U024965,9,0,14,4,0,7,0,0,21
U024966,6,0,8,2,0,3,1,1,13
U024967,15,3,6,4,0,8,3,0,22
U024968,18,1,5,2,0,4,1,3,18
U024969,13,4,4,4,2,8,2,1,10
U024970,18,1,9,4,0,10,0,2,14
U024971,16,3,9,4,0,4,0,1,24
U024972,17,1,3,3,0,5,1,0,19
U024973,17,7,7,1,0,7,0,0,24
U024974,30,0,10,1,0,10,1,0,29
U024975,18,2,9,3,0,3,0,2,20
U024976,23,6,7,5,2,4,4,3,31
U024977,9,1,3,1,2,2,0,1,14
U024978,12,4,4,3,0,4,2,1,30
U024979,14,1,5,6,1,9,0,0,20
U024980,12,0,3,2,0,3,1,2,17
U024981,11,1,8,2,0,10,1,0,22
U024982,22,4,3,4,1,13,4,3,26
U024983,9,0,4,3,1,8,2,1,29
U024984,22,0,4,2,0,3,1,0,11
U024985,16,3,5,4,0,12,1,1,26
U024986,9,5,10,1,2,8,0,3,20
U024987,12,0,8,0,0,8,1,0,14
U024988,12,1,5,2,1,3,2,1,11
U024989,16,6,4,0,2,8,4,0,35
U024990,4,0,1,4,0,4,2,1,16
U024991,15,1,3,5,0,6,3,1,22
U024992,13,1,8,2,0,8,1,3,17
U024993,12,1,7,5,0,9,1,1,17
U024994,17,5,6,7,0,6,1,1,13
U024995,11,0,9,5,0,1,0,1,13
U024996,17,3,7,3,1,6,1,1,26
U024997,9,6,8,2,0,10,0,1,21
U024998,18,4,4,4,0,6,2,3,31
U024999,14,0,5,1,0,6,0,0,28
U025000,17,4,6,2,4,7,1,1,30
U025001,11,2,5,2,0,4,1,0,15
U025002,18,0,6,3,0,10,0,2,30
U025003,14,3,9,2,0,6,2,2,18
U025004,6,0,3,4,0,9,1,1,21
U025005,13,1,4,1,0,9,2,1,25
U025006,11,0,3,4,1,4,0,1,11
U025007,10,1,6,0,0,6,0,2,15
U025008,14,2,5,4,1,6,1,0,21
U025009,18,5,7,2,0,7,0,5,18
U025010,4,2,3,0,6,4,1,0,14
U025011,20,4,3,2,1,6,1,2,25
U025012,23,1,10,5,0,7,3,3,25
U025013,6,3,5,0,3,6,0,2,16
U025014,17,4,12,5,0,9,0,1,33
U025015,12,2,5,6,1,7,1,1,17
U025016,18,0,4,4,0,8,1,0,13
U025017,11,2,5,1,0,6,2,1,22
U025018,19,3,7,9,1,10,5,0,27
U025019,13,5,7,5,0,3,1,0,19
U025020,11,0,5,4,0,4,1,0,22
U025021,17,4,8,4,1,7,1,1,25
U025022,10,1,2,2,0,0,2,3,15
U025023,22,4,10,0,0,4,2,2,36
U025024,10,0,2,0,1,3,0,0,11
U025025,7,1,4,2,2,4,0,0,13
U025026,14,5,4,3,0,2,0,2,22
U025027,21,4,14,1,0,6,2,1,19
U025028,12,0,6,2,0,5,0,0,19
U025029,13,0,7,2,0,3,1,0,20
U025030,13,3,2,4,7,8,0,2,13
U025031,10,1,8,0,1,2,2,0,16
U025032,19,2,9,1,1,6,2,1,21
U025033,10,0,7,3,0,2,2,1,18
U025034,8,0,5,2,0,5,4,1,14
U025035,15,2,7,3,0,4,1,0,29
U025036,13,2,4,0,0,4,4,1,22
U025037,15,4,6,0,0,7,4,2,22
U025038,12,2,4,3,1,4,2,0,28
U025039,8,4,7,2,3,3,1,0,19
U025040,18,4,14,4,0,10,0,2,28
U025041,5,0,3,2,3,3,0,3,6
U025042,15,1,6,3,0,2,0,0,33
U025043,5,1,4,1,0,4,1,1,10
U025044,14,3,8,4,1,11,2,3,33
U025045,18,2,6,2,0,6,2,0,28
U025046,16,0,4,2,0,6,1,0,19
U025047,12,5,7,9,1,1,1,1,25
U025048,8,0,4,2,0,8,1,0,18
U025049,11,2,3,3,1,4,1,0,15
U025050,21,5,7,4,0,7,4,2,31
U025051,13,0,3,2,0,2,2,0,12
U025052,9,1,11,3,1,5,0,0,24
U025053,16,3,6,4,0,5,2,2,24
U025054,16,0,4,3,0,6,1,1,21
U025055,9,1,5,2,4,5,0,1,17
U025056,12,1,4,3,0,3,0,0,13
U025057,5,2,4,1,7,2,1,0,12
U025058,14,2,8,4,1,2,1,0,27
U025059,9,0,6,5,0,3,0,0,13
U025060,20,1,6,4,0,7,2,0,30
U025061,15,0,5,5,0,5,0,1,15
U025062,14,7,6,3,0,5,1,1,26
U025063,9,1,3,1,1,6,3,2,18
U025064,11,4,8,2,0,9,1,2,24
U025065,13,2,4,1,0,2,1,1,15
U025066,16,4,6,3,0,7,0,0,17
U025067,17,0,7,2,0,4,1,0,31
U025068,12,3,6,1,0,6,1,1,19
U025069,11,1,10,1,1,5,2,1,15
U025070,5,3,3,0,0,4,2,1,18
U025071,16,3,9,3,0,10,1,1,26
U025072,9,0,4,1,2,3,2,0,21
U025073,23,2,7,4,0,2,0,1,18
U025074,15,3,5,0,1,6,3,0,23
U025075,18,2,8,3,1,4,1,0,14
U025076,12,4,9,4,0,7,0,0,24
U025077,11,0,2,3,0,4,1,2,14
U025078,13,3,4,1,0,5,2,2,24
U025079,15,3,2,3,1,1,0,2,18
U025080,15,5,5,6,1,4,1,0,6
U025081,9,0,3,3,0,7,1,1,17
U025082,15,6,5,2,0,3,1,0,22
U025083,12,1,9,3,0,2,2,1,24
U025084,12,3,4,1,2,5,0,0,22
U025085,18,2,6,2,0,4,1,0,23
U025086,13,1,7,3,0,12,1,0,27
U025087,15,7,9,2,1,5,0,1,20
U025088,14,4,8,4,1,7,2,2,21
U025089,20,3,4,2,0,5,2,1,20
U025090,17,6,11,2,2,7,0,3,29
U025091,6,1,3,1,0,6,1,0,24
U025092,11,5,10,6,4,6,1,2,23
U025093,14,6,6,1,0,6,2,0,24
U025094,21,4,12,2,0,6,1,1,21
U025095,15,0,4,3,1,3,0,2,12
U025096,9,3,11,6,0,6,1,5,37
U025097,12,2,4,0,0,2,2,1,17
U025098,15,5,5,3,2,9,1,2,19
U025099,13,2,8,0,0,6,1,0,23
U025100,11,3,7,4,4,3,0,1,16
U025101,10,0,5,4,3,6,1,2,14
U025102,13,1,6,3,1,4,1,1,17
U025103,15,0,4,4,0,4,0,3,13
U025104,7,0,5,5,1,2,2,0,15
U025105,25,3,4,4,1,7,1,3,24
U025106,10,4,3,1,0,6,0,0,18
U025107,10,2,10,1,0,7,1,3,23
U025108,13,0,7,4,0,5,1,1,20
U025109,14,2,3,5,1,5,1,0,15
U025110,11,2,7,3,0,8,2,2,12
U025111,9,0,4,0,6,1,1,0,11
U025112,18,3,8,4,1,9,3,1,21
U025113,11,0,6,2,0,3,1,0,12
U025114,16,5,4,4,3,2,3,1,27
U025115,6,0,5,4,0,7,1,0,17
U025116,17,9,5,1,0,1,0,0,26
U025117,12,0,4,3,1,4,0,1,19
U025118,9,4,7,0,0,7,0,1,15
U025119,13,1,5,4,0,6,1,1,17
U025120,13,3,9,6,2,4,2,1,25
U025121,12,0,4,4,4,3,0,1,16
U025122,15,5,7,4,0,6,1,1,15
U025123,15,1,7,5,1,5,2,1,16
U025124,17,3,7,3,0,5,1,3,26
U025125,19,1,9,6,0,8,2,1,28
U025126,16,1,6,3,0,5,0,3,19
U025127,8,2,1,2,1,2,0,1,14
U025128,16,4,5,1,0,5,1,2,29
U025129,8,3,0,3,6,5,0,1,19
U025130,5,1,3,3,3,2,2,1,12
U025131,14,0,5,1,0,1,0,2,22
U025132,11,4,5,0,0,9,2,2,29
U025133,12,3,3,5,5,6,1,0,16
U025134,9,2,8,1,5,5,0,1,22
U025135,17,5,0,4,0,3,0,2,21
U025136,15,3,8,1,0,8,1,0,23
U025137,12,1,4,3,2,6,2,0,21
U025138,12,0,3,1,0,8,3,2,20
U025139,14,0,4,0,1,8,1,0,19
U025140,14,0,2,3,1,4,0,0,14
U025141,7,1,6,2,0,4,2,0,13
U025142,20,2,7,3,0,9,1,1,24
U025143,10,0,6,2,0,2,1,0,20
U025144,9,0,2,3,4,4,1,1,18
U025145,6,1,7,0,2,2,1,1,12
U025146,12,6,6,1,1,6,0,1,15
U025147,13,3,4,1,0,6,3,5,25
U025148,8,4,2,4,0,2,1,1,10
U025149,12,1,8,2,0,4,1,1,17
U025150,14,2,6,4,1,7,1,1,31
U025151,8,0,3,1,1,4,0,0,18
U025152,21,4,1,4,0,5,0,1,8
U025153,14,4,10,1,1,3,4,0,28
U025154,13,5,9,5,1,6,2,0,30
U025155,13,0,4,2,0,5,0,1,11
U025156,6,0,5,2,1,2,2,2,16
U025157,10,0,7,2,0,3,0,0,18
U025158,22,2,8,0,1,5,1,2,19
U025159,11,2,8,4,2,3,3,1,25
U025160,8,1,6,3,0,4,4,0,28
U025161,14,0,1,3,0,6,1,1,15
U025162,9,1,5,2,0,5,1,1,14
U025163,10,1,3,2,0,2,0,1,20
U025164,6,4,7,1,0,6,2,1,28
U025165,9,1,6,1,0,3,1,1,21
U025166,6,1,3,0,3,3,0,1,7
U025167,13,3,3,2,1,5,2,2,15
U025168,17,2,4,0,0,4,1,0,18
U025169,4,2,2,1,3,6,1,1,12
U025170,8,0,9,3,0,9,2,1,13
U025171,18,5,5,7,1,10,3,2,31
U025172,11,1,7,2,4,5,2,0,24
U025173,10,2,7,5,0,4,0,0,12
U025174,12,0,5,5,0,8,1,0,27
U025175,12,3,5,0,0,8,0,1,18
U025176,10,2,5,1,1,6,1,3,19
U025177,26,2,8,3,0,10,3,2,30
U025178,15,4,5,3,0,4,1,1,26
U025179,12,2,7,5,5,3,1,0,25
U025180,23,4,10,2,0,13,3,1,43
U025181,12,2,12,4,1,5,2,0,26
U025182,14,6,10,6,0,4,1,2,22
U025183,15,5,1,5,1,6,0,0,15
U025184,23,4,6,5,0,8,0,0,20
U025185,10,3,3,4,0,6,1,0,29
U025186,15,3,5,8,1,7,1,1,30
U025187,15,3,2,7,0,5,4,0,21
U025188,16,3,8,5,1,11,3,0,19
U025189,13,0,3,3,0,4,1,2,21
U025190,9,0,4,1,0,5,0,0,19
U025191,7,2,5,4,3,8,1,2,9
U025192,13,3,4,3,1,5,1,0,34
U025193,13,3,5,3,5,3,1,0,24
U025194,13,0,2,0,2,4,3,1,15
U025195,12,2,6,3,1,4,1,1,16
U025196,16,0,9,0,1,4,0,0,13
U025197,10,3,2,6,7,6,0,1,24
U025198,7,1,12,9,5,6,0,0,14
U025199,22,2,3,1,0,6,0,0,21
U025200,18,3,7,3,0,6,3,1,17
U025201,18,5,7,4,1,13,0,1,27
U025202,12,0,1,4,2,1,0,1,13
U025203,17,1,9,4,0,7,1,0,23
U025204,17,5,11,3,0,5,0,2,24
U025205,8,2,4,6,2,3,1,0,15
U025206,8,1,4,3,0,3,3,1,11
U025207,11,1,6,2,0,6,0,0,14
U025208,13,2,4,1,1,5,2,0,18
U025209,11,5,3,4,0,2,1,0,17
U025210,14,1,4,1,1,3,0,1,13
U025211,20,3,6,7,0,4,2,3,25
U025212,18,3,8,4,0,4,1,0,25
U025213,5,2,2,1,0,3,1,1,10
U025214,14,5,3,3,1,7,3,0,19
U025215,9,0,9,5,0,5,1,3,23
U025216,9,0,5,4,0,1,0,0,12
U025217,8,2,6,1,0,3,0,2,22
U025218,16,3,4,7,0,9,1,1,26
U025219,10,0,2,0,5,1,0,1,7
U025220,14,1,3,1,0,2,1,0,28
U025221,16,4,5,3,0,9,1,1,21
U025222,13,2,8,5,0,6,0,4,26
U025223,8,0,5,2,0,8,1,2,20
U025224,16,0,6,0,0,7,1,1,19
U025225,13,3,11,4,0,9,1,1,31
U025226,8,0,9,4,0,7,2,1,30
U025227,13,6,6,0,0,7,0,0,34
U025228,10,0,4,2,0,3,1,1,15
U025229,13,6,9,3,0,6,3,0,23
U025230,11,1,9,3,4,1,2,0,20
U025231,7,0,1,4,1,6,0,0,18
U025232,12,3,4,7,2,3,1,0,24
U025233,17,1,6,6,0,3,2,1,22
U025234,4,0,2,3,4,4,1,0,16
U025235,14,5,5,5,0,2,1,0,19
U025236,10,1,9,2,1,1,3,0,22
U025237,5,1,3,1,7,1,0,2,12
U025238,11,0,5,1,0,6,2,1,15
U025239,13,3,5,5,0,5,1,4,31
U025240,14,3,8,2,0,9,1,1,19
U025241,9,4,8,0,2,6,2,1,27
U025242,30,5,9,5,2,11,1,2,35
U025243,9,2,6,0,0,4,1,0,22
U025244,15,4,5,4,0,8,2,0,31
U025245,6,0,3,1,3,1,2,0,17
U025246,15,2,8,3,0,4,2,0,20
U025247,14,2,11,4,0,8,0,0,28
U025248,17,5,10,4,0,4,3,1,35
U025249,14,1,8,7,1,6,3,1,25
U025250,10,0,3,4,4,8,0,2,8
U025251,9,0,9,1,2,4,2,0,13
U025252,9,3,5,0,3,5,1,0,16
U025253,17,2,8,3,1,8,0,0,27
U025254,7,0,11,1,0,4,1,1,33
U025255,9,2,8,3,1,9,3,1,25
U025256,18,2,10,3,0,3,1,3,31
U025257,8,0,3,3,0,5,0,0,19
U025258,10,3,6,1,0,3,1,0,23
U025259,9,1,7,4,0,4,1,0,12
U025260,12,4,2,1,0,6,0,1,22
U025261,14,4,7,3,2,6,2,1,13
U025262,11,0,5,2,0,3,2,2,19
U025263,6,2,5,0,1,4,1,0,18
U025264,8,1,3,3,0,4,3,0,18
U025265,8,0,2,1,3,5,1,1,14
U025266,11,1,3,5,0,4,1,1,15
U025267,22,3,3,5,5,4,1,1,25
U025268,12,2,2,3,0,4,4,0,22
U025269,16,3,9,3,1,6,3,2,29
U025270,4,6,3,2,3,5,3,0,19
U025271,8,1,5,3,0,5,0,0,23
U025272,8,3,1,3,1,9,1,0,15
U025273,12,1,11,3,1,3,2,0,22
U025274,16,3,7,2,0,8,2,2,21
U025275,20,2,9,3,0,5,1,1,18
U025276,12,4,7,1,0,7,1,2,19
U025277,9,1,2,6,0,3,0,0,11
U025278,17,1,8,5,0,11,1,1,17
U025279,10,0,4,4,2,5,0,0,10
U025280,23,4,8,5,1,7,1,3,25
U025281,7,4,6,3,1,5,0,0,24
U025282,4,1,2,2,1,4,0,3,9
U025283,10,0,4,3,1,2,0,1,20
U025284,13,0,4,2,0,2,1,2,15
U025285,18,0,5,2,2,1,1,1,11
U025286,10,2,5,6,1,1,0,2,23
U025287,15,3,9,3,1,3,0,1,26
U025288,16,2,5,1,1,9,0,1,14
U025289,22,4,10,3,0,1,3,1,17
U025290,11,3,7,5,0,3,0,1,18
U025291,18,4,4,6,1,14,4,0,45
U025292,10,0,4,4,0,3,1,0,25
U025293,4,0,8,0,3,4,2,1,11
U025294,11,4,9,0,0,7,1,3,16
U025295,17,0,4,3,1,6,3,1,22
U025296,25,5,6,8,0,7,1,1,36
U025297,13,1,5,6,0,9,0,3,16
U025298,11,0,2,5,3,0,0,0,15
U025299,14,1,3,4,0,5,3,0,25
U025300,14,2,6,2,0,6,0,1,16
U025301,10,0,5,1,3,4,1,0,18
U025302,17,1,9,0,3,6,0,0,18
U025303,12,0,5,3,2,2,1,0,23
U025304,21,2,3,6,0,5,0,0,16
U025305,14,5,3,2,0,3,0,0,23
U025306,6,2,1,5,3,5,0,1,10
U025307,18,4,10,2,0,6,3,1,20
U025308,15,1,13,4,7,7,1,0,19
U025309,13,2,6,7,1,3,0,1,18
U025310,9,6,6,2,2,4,2,1,16
U025311,9,0,6,0,1,2,0,0,19
U025312,10,0,6,2,1,13,2,1,21
U025313,15,3,7,8,1,5,3,1,20
U025314,9,0,10,2,0,7,1,1,26
U025315,13,2,4,2,0,3,2,1,21
U025316,11,0,7,4,0,5,1,0,20
U025317,16,3,6,4,3,7,2,2,22
U025318,21,9,3,3,0,3,3,0,29
U025319,23,7,7,0,0,6,1,0,13
U025320,12,1,6,2,0,2,2,2,16
U025321,8,2,3,2,2,2,1,0,12
U025322,24,2,5,6,0,6,2,0,27
U025323,24,0,7,7,1,10,4,0,27
U025324,16,0,2,3,0,6,1,1,29
U025325,15,5,4,3,1,2,3,0,21
U025326,17,3,6,3,6,4,0,2,14
U025327,14,2,4,1,1,5,1,0,17
U025328,13,4,4,3,0,6,1,2,12
U025329,18,4,5,3,1,6,2,2,22
U025330,9,1,4,2,6,4,1,0,15
U025331,7,0,5,2,1,3,2,1,15
U025332,9,1,6,2,0,6,1,0,12
U025333,9,2,2,0,2,5,0,0,15
U025334,12,1,4,5,8,9,0,0,16
U025335,19,2,5,3,0,5,1,0,28
U025336,14,2,9,6,0,4,1,2,25
U025337,10,3,7,2,1,2,3,1,22
U025338,6,0,1,2,2,7,1,1,6
U025339,11,1,5,2,0,7,0,2,15
U025340,11,0,1,3,0,2,1,1,13
U025341,9,0,2,2,1,1,0,0,14
U025342,12,1,7,0,0,5,3,2,11
U025343,10,0,5,3,1,5,0,0,11
U025344,16,1,5,7,2,4,1,0,24
U025345,12,2,8,4,1,3,1,2,15
U025346,21,2,8,2,1,4,1,2,22
U025347,9,0,3,4,0,8,1,1,24
U025348,6,0,4,1,0,7,1,1,16
U025349,11,0,6,2,0,3,0,0,20
U025350,19,1,7,4,1,9,1,2,35
U025351,8,3,6,8,0,8,1,1,29
U025352,19,1,4,3,1,5,3,0,30
U025353,14,0,4,0,0,2,0,1,13
U025354,22,2,14,4,0,8,2,1,33
U025355,10,1,8,0,0,5,1,3,22
U025356,14,2,12,1,1,6,4,2,28
U025357,16,3,3,2,0,4,1,1,16
U025358,12,5,8,1,1,11,0,1,33
U025359,17,4,12,5,0,5,0,3,15
U025360,7,0,8,1,1,10,3,2,12
U025361,8,0,2,3,0,8,3,0,17
U025362,4,3,3,2,1,4,0,0,18
U025363,5,2,3,2,1,6,0,0,12
U025364,17,0,2,2,0,2,2,0,16
U025365,18,6,6,3,0,2,1,3,35
U025366,14,3,6,1,7,3,0,0,13
U025367,16,1,8,2,1,5,1,2,15
U025368,16,4,8,2,0,6,1,1,22
U025369,6,0,2,2,0,0,2,1,18
U025370,14,1,5,4,0,3,4,2,22
U025371,15,1,7,0,1,9,1,1,21
U025372,19,9,7,2,0,4,0,0,24
U025373,8,0,9,7,5,6,0,1,23
U025374,14,1,4,2,1,7,0,2,17
U025375,8,3,7,1,1,1,1,0,17
U025376,11,2,6,3,0,9,4,3,12
U025377,11,2,8,2,0,1,1,1,17
U025378,16,4,4,1,0,3,2,1,21
U025379,8,0,4,0,1,5,1,2,15
U025380,7,2,2,0,0,2,1,1,16
U025381,10,2,6,0,0,5,1,0,18
U025382,15,4,4,0,0,6,2,0,28
U025383,10,5,3,5,0,5,0,2,13
U025384,15,2,10,4,1,7,4,4,32
U025385,12,0,5,5,0,9,0,0,24
U025386,13,3,11,1,1,8,1,1,32
U025387,18,2,5,3,1,7,1,3,15
U025388,7,0,3,3,0,9,1,1,24
U025389,14,5,1,3,0,3,1,1,17
U025390,9,0,3,3,0,10,0,1,18
U025391,13,2,5,4,1,2,2,2,19
U025392,16,2,14,4,0,12,1,0,32
U025393,18,7,5,6,1,10,2,1,27
U025394,16,2,3,4,1,8,0,0,22
U025395,11,3,5,2,1,4,0,1,16
U025396,11,3,7,1,1,3,1,0,11
U025397,18,7,4,7,0,8,0,1,29
U025398,14,0,4,3,0,5,2,1,17
U025399,14,2,5,3,0,7,0,2,20
U025400,4,1,0,1,2,6,1,1,18
U025401,12,3,7,4,1,10,1,0,32
U025402,11,2,8,3,1,10,0,0,21
U025403,9,3,9,1,0,7,2,1,24
U025404,10,3,6,2,0,9,1,1,29
U025405,17,1,6,5,8,4,2,1,18
U025406,7,3,6,3,0,3,1,0,17
U025407,10,2,4,2,0,4,1,0,14
U025408,13,1,6,2,1,6,0,1,12
U025409,9,1,1,4,1,1,1,0,12
U025410,9,0,5,3,4,4,0,1,17
U025411,13,4,5,2,0,8,1,1,21
U025412,14,2,3,5,0,3,2,0,20
U025413,13,2,5,5,1,0,1,0,8
U025414,10,1,7,1,0,7,0,0,15
U025415,15,3,9,3,0,3,0,1,16
U025416,9,1,6,3,3,5,2,0,13
U025417,13,0,9,5,0,6,1,0,17
U025418,18,2,3,2,2,3,0,3,18
U025419,11,0,5,1,4,2,0,0,13
U025420,7,2,3,3,0,6,4,1,17
U025421,11,3,7,4,2,6,0,0,21
U025422,17,1,8,3,0,7,1,0,23
U025423,5,0,5,2,2,6,0,0,15
U025424,8,4,4,4,1,9,0,2,15
U025425,9,3,6,7,0,6,1,2,9
U025426,23,1,8,2,0,3,0,1,20
U025427,9,4,4,1,0,5,3,5,27
U025428,14,3,9,4,2,4,1,2,24
U025429,7,0,5,2,1,2,0,0,12
U025430,9,0,7,4,1,1,1,0,11
U025431,10,5,2,1,0,7,0,2,15
U025432,19,9,8,4,1,2,2,0,37
U025433,10,0,0,4,1,3,1,0,16
U025434,10,3,4,5,0,1,2,1,29
U025435,20,4,5,6,0,9,4,2,30
U025436,9,1,2,3,1,4,0,0,12
U025437,16,1,6,6,0,3,0,2,25
U025438,14,3,6,2,1,9,1,0,29
U025439,13,4,2,3,3,2,1,1,18
U025440,10,1,5,3,0,3,1,2,20
U025441,16,4,7,2,3,6,2,0,17
U025442,15,7,6,1,1,12,2,4,38
U025443,7,0,4,4,0,7,0,0,19
U025444,20,4,4,3,0,8,0,0,30
U025445,16,1,6,2,1,5,2,0,21
U025446,9,4,8,5,0,6,2,1,16
U025447,16,3,6,2,1,6,0,2,27
U025448,12,3,10,1,0,4,0,1,18
U025449,9,4,7,3,0,5,0,0,17
U025450,16,0,2,0,1,4,1,0,16
U025451,18,4,3,5,0,9,3,0,22
U025452,19,5,8,4,0,6,2,1,25
U025453,18,6,7,5,0,4,5,2,42
U025454,9,6,8,2,0,3,2,0,18
U025455,9,4,7,3,0,2,1,0,22
U025456,11,0,5,1,0,2,0,1,26
U025457,15,5,8,3,0,6,2,0,27
U025458,9,1,3,7,1,6,1,0,18
U025459,17,1,5,3,0,4,0,0,16
U025460,11,3,3,2,5,5,0,2,13
U025461,10,1,6,4,1,4,0,1,18
U025462,11,0,2,0,0,3,0,0,20
U025463,9,5,5,4,0,2,1,3,16
U025464,11,2,8,4,0,1,3,1,29
U025465,12,2,1,1,6,7,0,1,13
U025466,21,3,8,5,0,6,3,1,27
U025467,18,2,5,6,1,11,0,1,41
U025468,10,0,3,1,0,7,0,1,30
U025469,15,2,8,1,1,8,2,0,16
U025470,11,0,6,3,0,4,1,1,16
U025471,11,1,8,6,8,6,2,0,31
U025472,9,4,6,3,0,12,2,0,16
U025473,14,5,9,8,0,7,3,2,41
U025474,22,4,6,3,0,8,0,1,29
U025475,10,2,7,4,4,4,0,0,18
U025476,11,5,3,5,1,7,1,2,13
U025477,11,0,3,3,2,8,2,1,10
U025478,12,0,3,1,4,2,0,0,13
U025479,12,4,9,4,0,5,0,0,21
U025480,14,3,8,5,1,1,0,2,19
U025481,8,1,2,2,0,7,0,1,17
U025482,7,1,3,1,3,5,1,0,9
U025483,15,2,11,4,0,5,1,2,27
U025484,11,1,1,4,0,4,0,0,13
U025485,9,0,1,0,2,4,1,0,11
U025486,12,1,5,5,2,5,0,0,17
U025487,15,0,1,3,1,8,1,0,15
U025488,10,1,2,4,0,10,2,0,17
U025489,13,1,5,2,0,3,0,0,15
U025490,14,1,9,6,0,8,2,2,24
U025491,11,2,4,7,0,6,0,2,31
U025492,14,0,1,1,2,8,0,0,11
U025493,4,0,5,2,3,2,2,1,7
U025494,5,0,3,2,0,8,3,1,11
U025495,6,0,1,2,1,4,0,3,9
U025496,12,1,7,3,0,3,0,2,14
U025497,10,5,4,4,0,6,0,1,18
U025498,9,0,7,1,2,8,0,1,14
U025499,9,3,3,3,1,3,2,1,11
U025500,12,0,3,3,0,5,0,0,8
U025501,11,4,4,3,0,8,1,0,29
U025502,8,0,7,2,1,2,0,1,18
U025503,14,3,3,2,0,4,1,3,26
U025504,13,2,5,2,0,9,0,0,13
U025505,19,6,6,7,0,7,2,0,25
U025506,16,4,6,7,0,5,2,2,28
U025507,13,0,8,1,0,1,0,1,20
U025508,21,5,12,2,0,12,1,0,28
U025509,12,0,1,2,2,7,2,0,17
U025510,14,0,4,5,0,6,2,0,15
U025511,11,1,3,3,0,5,3,2,20
U025512,14,2,4,3,1,3,0,0,15
U025513,21,3,9,3,0,7,2,0,14
U025514,19,1,5,4,0,6,5,1,21
U025515,20,3,12,8,1,8,2,1,27
U025516,8,1,6,5,0,4,1,1,11
U025517,13,4,5,5,0,8,2,0,10
U025518,7,1,5,2,0,9,0,0,18
U025519,13,0,9,1,0,4,1,0,18
U025520,13,5,7,3,0,11,3,2,19
U025521,15,5,8,4,0,3,2,1,30
U025522,10,0,1,1,0,4,0,1,12
U025523,13,3,11,3,0,7,1,1,21
U025524,16,3,5,3,0,2,1,1,31
U025525,17,4,9,3,0,6,1,0,22
U025526,18,4,4,4,0,6,3,1,21
U025527,16,4,12,2,1,3,1,1,20
U025528,16,4,12,1,0,4,3,1,33
U025529,7,0,5,4,1,2,0,0,13
U025530,8,2,6,4,2,5,1,2,16
U025531,9,1,4,5,2,2,1,0,8
U025532,9,7,7,2,5,4,0,1,16
U025533,22,6,4,5,0,4,1,0,28
U025534,16,4,5,4,2,6,1,0,26
U025535,13,1,6,1,0,6,2,0,22
U025536,7,0,6,2,6,4,0,1,14
U025537,13,3,8,1,0,4,1,0,20
U025538,18,0,6,1,1,1,0,2,14
U025539,20,2,6,7,0,6,1,0,35
U025540,8,3,7,2,3,7,1,0,21
U025541,14,0,6,2,5,4,1,1,17
U025542,10,4,11,4,1,6,0,2,26
U025543,11,2,11,2,1,13,1,1,30
U025544,6,1,5,6,1,8,2,0,21
U025545,5,2,6,2,3,6,3,0,25
U025546,14,0,4,1,6,5,3,2,11
U025547,6,3,3,3,2,7,2,0,14
U025548,14,8,9,1,1,4,3,2,25
U025549,11,1,2,3,0,3,1,2,20
U025550,7,1,1,2,7,4,0,1,15
U025551,13,0,6,1,1,1,0,0,20
U025552,14,4,5,5,0,6,3,0,32
U025553,12,0,4,5,0,6,1,0,13
U025554,3,0,2,0,2,1,0,1,11
U025555,7,2,12,4,0,9,3,3,30
U025556,12,1,3,1,0,3,0,3,13
U025557,13,5,10,1,0,6,1,1,24
U025558,11,3,5,0,2,5,0,0,19
U025559,8,2,5,5,0,10,1,1,17
U025560,15,2,6,4,0,5,1,0,38
U025561,11,3,9,3,0,4,1,0,13
U025562,17,1,5,0,0,1,2,3,13
U025563,13,3,8,5,1,3,1,0,20
U025564,13,0,5,1,1,5,0,1,28
U025565,8,0,3,4,0,1,0,1,18
U025566,14,6,7,5,0,5,1,1,26
U025567,7,1,5,4,7,3,0,1,21
U025568,5,0,5,1,5,3,1,0,14
U025569,8,2,3,4,1,6,1,0,19
U025570,14,2,7,3,1,5,3,0,15
U025571,9,0,2,2,0,2,1,0,7
U025572,11,7,4,2,4,4,1,0,25
U025573,10,1,4,1,0,3,1,1,15
U025574,9,0,12,3,1,11,1,0,21
U025575,7,3,6,1,4,8,0,0,12
U025576,19,1,5,3,0,4,0,1,21
U025577,15,0,7,4,0,4,1,0,31
U025578,13,3,7,2,0,8,0,0,24
U025579,16,6,8,7,0,7,2,0,40
U025580,23,2,7,4,1,7,1,1,20
U025581,10,0,5,3,4,4,1,0,12
U025582,8,5,8,1,1,7,2,0,12
U025583,15,4,10,3,0,3,0,2,23
U025584,9,3,6,3,5,4,1,1,20
U025585,9,1,3,3,6,3,0,0,20
U025586,10,1,3,3,4,2,0,1,12
U025587,18,2,6,1,0,12,0,1,18
U025588,5,3,2,1,6,5,0,0,15
U025589,16,1,2,2,2,1,3,2,17
U025590,9,1,2,0,1,3,0,1,28
U025591,8,0,8,2,0,3,1,2,28
U025592,12,2,6,2,4,4,0,1,11
U025593,16,4,5,5,0,7,3,2,26
U025594,18,3,7,4,0,5,4,1,26
U025595,14,2,6,3,0,5,0,0,25
U025596,18,2,11,1,0,8,1,0,20
U025597,14,0,5,3,0,3,1,0,19
U025598,9,0,4,2,4,2,1,3,9
U025599,17,2,8,3,0,7,1,0,17
U025600,5,1,5,0,0,6,3,1,21
U025601,8,0,4,2,4,2,0,0,6
U025602,15,5,11,4,0,7,5,2,28
U025603,12,3,4,6,0,8,3,1,25
U025604,15,0,5,2,0,3,1,0,19
U025605,17,0,2,5,0,2,1,0,14
U025606,6,0,4,0,5,3,1,1,7
U025607,18,0,2,3,1,4,1,0,10
U025608,21,4,16,3,0,10,1,1,38
U025609,6,3,6,4,0,6,1,0,9
U025610,7,0,7,5,0,3,2,1,17
U025611,16,3,7,1,0,9,2,0,24
U025612,14,2,4,2,0,4,1,2,22
U025613,12,3,8,5,0,9,0,2,24
U025614,15,4,3,3,0,8,1,0,26
U025615,14,2,5,1,0,5,1,1,20
U025616,18,1,4,1,2,9,1,2,19
U025617,12,1,9,6,0,9,4,0,21
U025618,12,0,10,2,0,5,1,2,23
U025619,16,2,7,2,1,10,3,0,24
U025620,11,2,5,2,1,1,3,3,13
U025621,20,5,8,1,0,5,1,0,22
U025622,15,1,8,3,0,5,4,0,35
U025623,16,3,6,4,0,10,1,2,37
U025624,15,2,7,1,1,1,1,1,35
U025625,17,6,8,4,0,7,0,1,20
U025626,8,1,10,2,1,3,0,0,14
U025627,12,2,7,2,0,4,2,3,17
U025628,21,3,10,4,1,6,2,1,18
U025629,13,5,5,6,0,6,0,2,36
U025630,8,3,8,4,0,16,0,4,28
U025631,10,3,3,4,1,9,0,1,22
U025632,12,0,6,4,0,5,0,2,11
U025633,10,3,5,1,0,5,1,2,17
U025634,23,4,5,6,2,7,3,2,19
U025635,14,1,6,2,0,4,0,0,14
U025636,13,3,3,3,0,4,3,0,28
U025637,4,0,6,2,1,4,0,0,10
U025638,7,2,4,1,2,5,1,1,15
U025639,15,2,6,3,1,9,1,0,19
U025640,12,4,3,1,0,6,2,1,28
U025641,13,2,2,2,1,5,0,1,22
U025642,15,2,3,3,1,3,2,0,19
U025643,14,2,7,4,0,5,1,0,24
U025644,11,0,3,0,4,3,0,0,13
U025645,13,3,6,3,0,7,0,0,23
U025646,15,6,4,1,5,3,4,1,16
U025647,12,6,9,5,0,11,0,1,18
U025648,10,1,5,6,1,1,2,0,12
U025649,7,1,1,2,1,2,3,0,6
U025650,7,0,7,3,1,4,1,2,15
U025651,7,1,5,0,5,6,4,3,10
U025652,25,3,6,8,4,9,2,0,28
U025653,16,0,6,2,0,5,1,2,20
U025654,17,2,2,5,1,3,1,0,12
U025655,14,4,4,3,1,4,1,0,17
U025656,11,1,3,3,0,3,1,0,16
U025657,10,1,3,2,1,4,2,2,11
U025658,13,3,4,8,1,5,4,1,20
U025659,11,0,7,2,0,4,1,0,26
U025660,13,3,4,1,0,9,0,1,16
U025661,7,1,2,1,0,6,1,5,16
U025662,10,3,3,4,0,6,0,3,21
U025663,12,0,5,2,0,7,0,0,19
U025664,17,5,4,4,1,7,1,0,26
U025665,12,3,8,3,5,8,2,2,24
U025666,12,4,2,5,0,12,0,2,19
U025667,12,0,3,3,3,5,0,0,5
U025668,8,1,2,6,0,3,2,0,23
U025669,10,3,15,4,0,3,1,0,24
U025670,19,4,13,1,0,6,4,0,19
U025671,14,0,5,1,1,8,0,0,12
U025672,12,0,3,4,0,1,1,0,16
U025673,17,4,3,5,1,5,2,2,21
U025674,7,1,3,7,0,5,2,1,21
U025675,16,0,5,2,0,4,0,0,14
U025676,8,0,5,1,1,2,1,0,17
U025677,17,4,6,1,0,9,0,2,20
U025678,23,2,9,3,0,6,1,0,34
U025679,13,1,3,2,6,3,3,0,18
U025680,13,1,7,8,1,7,1,4,31
U025681,10,2,2,3,1,8,1,3,17
U025682,6,5,7,2,0,9,1,3,15
U025683,16,2,12,3,1,8,2,0,25
U025684,8,0,5,2,1,3,3,0,15
U025685,13,6,5,4,0,4,1,0,16
U025686,13,0,3,2,0,8,2,0,27
U025687,8,1,3,0,4,2,0,0,10
U025688,7,0,3,5,0,5,2,0,15
U025689,13,0,5,2,0,9,1,1,16
U025690,9,2,6,3,0,4,1,1,21
U025691,18,5,7,2,0,13,1,3,24
U025692,9,0,3,1,0,2,2,1,16
U025693,18,1,8,5,0,4,1,1,32
U025694,18,4,2,0,3,2,1,1,11
U025695,10,1,3,3,2,1,1,1,18
U025696,10,1,7,1,0,3,1,0,20
U025697,12,1,7,0,0,2,1,2,9
U025698,14,2,7,3,0,9,0,2,29
U025699,11,0,1,3,0,4,1,2,18
U025700,13,1,6,3,0,5,1,2,17
U025701,17,2,8,5,2,6,0,0,27
U025702,18,4,12,3,0,11,2,0,34
U025703,6,3,4,2,1,7,4,2,9
U025704,14,0,7,2,0,5,2,2,13
U025705,10,0,7,2,0,6,0,2,27
U025706,15,2,12,4,1,7,1,1,31
U025707,12,0,4,1,0,2,1,0,22
U025708,12,2,8,2,0,6,0,0,14
U025709,10,5,7,3,0,8,1,1,19
U025710,8,1,2,3,0,5,0,2,21
U025711,9,1,9,1,2,5,1,0,17
U025712,13,1,8,3,0,4,0,0,18
U025713,20,2,17,5,0,13,5,2,35
U025714,13,2,3,2,2,6,1,1,25
U025715,8,7,8,3,2,5,1,0,26
U025716,10,4,3,2,0,8,3,0,16
U025717,23,1,7,3,1,7,1,1,38
U025718,15,0,6,1,2,2,0,1,15
U025719,8,2,4,2,0,9,2,1,19
U025720,21,5,4,7,0,9,2,1,28
U025721,13,1,2,2,0,5,2,2,23
U025722,13,2,2,2,0,8,1,0,16
U025723,11,1,8,1,0,9,0,0,25
U025724,18,4,4,4,0,4,0,2,22
U025725,14,6,5,2,0,2,3,0,18
U025726,7,0,0,1,4,2,0,0,8
U025727,15,3,6,2,0,10,2,1,16
U025728,15,1,7,3,0,2,1,1,14
U025729,12,0,5,2,1,1,0,0,16
U025730,12,0,5,2,0,0,2,0,19
U025731,17,3,11,4,0,6,2,0,27
U025732,9,2,2,0,0,3,0,1,16
U025733,17,0,3,3,1,4,0,0,21
U025734,25,2,12,7,2,5,1,1,33
U025735,24,2,7,4,0,4,3,1,18
U025736,4,1,3,6,5,4,1,0,15
U025737,17,2,9,4,1,13,0,0,25
U025738,11,1,12,3,0,5,1,0,20
U025739,10,0,5,3,0,6,0,1,20
U025740,18,1,8,2,0,5,2,2,16
U025741,13,1,5,6,0,6,3,0,23
U025742,16,1,8,1,0,8,1,0,18
U025743,14,0,6,3,0,2,0,2,15
U025744,13,2,6,1,0,3,2,0,16
U025745,16,0,5,1,2,5,3,2,17
U025746,9,3,5,5,0,5,1,1,27
U025747,6,1,6,0,0,4,0,1,17
U025748,6,1,3,5,0,7,1,2,20
U025749,12,0,5,1,0,3,0,0,12
U025750,18,4,6,1,1,7,1,2,10
U025751,23,0,3,2,1,5,2,2,16
U025752,15,5,5,2,0,9,0,2,12
U025753,14,3,6,7,5,7,1,0,18
U025754,21,3,4,4,2,9,3,0,26
U025755,15,3,5,1,0,1,1,0,33
U025756,11,3,8,7,1,6,0,2,26
U025757,5,2,4,1,4,4,0,0,14
U025758,5,0,5,3,1,7,2,1,12
U025759,7,1,3,0,1,4,0,0,14
U025760,8,3,11,8,0,5,2,1,38
U025761,10,4,11,5,0,12,0,0,27
U025762,15,0,6,3,0,13,0,0,15
U025763,5,1,3,2,7,1,1,0,10
U025764,9,0,0,1,5,4,1,3,12
U025765,8,1,7,5,1,7,4,0,27
U025766,12,2,6,1,6,6,0,0,35
U025767,18,5,12,2,0,7,2,0,22
U025768,7,1,15,2,2,3,0,2,13
U025769,18,1,7,5,2,4,2,0,15
U025770,14,3,5,1,1,2,3,3,20
U025771,19,0,6,2,0,5,1,3,21
U025772,7,0,5,2,5,4,1,1,15
U025773,17,2,8,0,0,5,3,3,15
U025774,24,0,8,4,0,4,2,1,26
U025775,22,3,11,5,1,3,0,0,22
U025776,15,0,8,1,0,3,2,2,21
U025777,8,4,4,4,2,8,0,0,18
U025778,26,2,3,3,0,7,1,1,16
U025779,20,2,11,3,0,8,2,1,32
U025780,9,5,8,2,2,2,1,3,27
U025781,7,2,4,1,3,2,2,2,21
U025782,8,2,0,3,3,6,1,1,14
U025783,17,5,11,1,1,7,2,2,28
U025784,9,2,2,6,1,6,1,1,6
U025785,12,1,5,0,1,6,0,0,12
U025786,23,2,5,5,1,4,0,2,28
U025787,9,0,8,9,0,12,3,1,37
U025788,13,1,3,1,0,4,1,0,10
U025789,13,2,7,1,1,10,0,0,21
U025790,9,5,3,4,0,4,1,1,22
U025791,9,0,3,5,0,4,4,0,21
U025792,12,3,4,0,1,9,4,1,12
U025793,9,2,1,2,0,3,0,2,11
U025794,10,1,6,0,0,6,1,0,16
U025795,6,0,7,3,0,3,1,1,11
U025796,18,3,7,1,0,7,0,1,24
U025797,10,2,4,3,1,8,2,0,13
U025798,18,2,4,0,0,9,4,1,19
U025799,20,3,5,1,0,5,2,0,25
U025800,16,2,6,2,1,4,0,0,20
U025801,15,3,9,6,0,6,1,1,18
U025802,12,4,3,4,0,5,2,0,26
U025803,5,0,6,6,1,3,1,0,19
U025804,15,1,3,3,0,4,2,1,15
U025805,13,4,12,4,3,8,2,1,25
U025806,8,2,6,2,0,6,0,0,13
U025807,14,1,3,2,0,5,1,0,17
U025808,8,2,3,0,4,6,1,0,16
U025809,8,2,4,4,3,5,3,2,18
U025810,17,0,4,3,0,2,1,0,16
U025811,16,0,6,2,3,1,3,1,14
U025812,9,0,8,5,0,4,3,0,18
U025813,13,1,5,3,0,1,1,0,19
U025814,11,1,7,2,3,7,1,0,8
U025815,15,1,6,4,4,5,2,0,9
U025816,6,0,4,2,1,5,2,0,14
U025817,20,2,8,5,1,11,1,0,25
U025818,16,0,3,2,0,5,3,0,18
U025819,7,0,7,2,1,6,4,1,13
U025820,17,4,5,6,0,7,0,2,25
U025821,24,4,10,5,0,7,6,1,20
U025822,10,2,6,3,1,5,1,3,12
U025823,15,6,8,0,0,13,1,1,26
U025824,9,4,7,6,1,6,3,1,29
U025825,14,1,4,2,0,1,1,1,13
U025826,8,0,5,2,0,5,0,2,14
U025827,12,1,1,1,0,11,1,1,17
U025828,10,0,7,5,0,4,1,2,13
U025829,17,2,5,1,1,8,2,0,19
U025830,11,5,4,2,1,3,1,3,18
U025831,8,1,6,3,2,6,2,1,16
U025832,15,0,10,6,0,5,2,1,21
U025833,15,2,6,2,6,4,3,0,17
U025834,11,0,6,3,0,6,0,1,16
U025835,6,2,4,2,2,3,1,0,13
U025836,13,2,5,4,1,6,1,2,17
U025837,19,2,4,1,0,10,3,2,21
U025838,12,3,8,2,0,11,0,0,25
U025839,23,8,10,6,0,9,7,1,31
U025840,14,9,8,3,2,2,0,1,13
U025841,12,0,6,3,0,1,2,1,11
U025842,23,5,6,2,2,5,1,1,20
U025843,16,3,7,6,0,7,3,1,22
U025844,11,1,3,1,1,3,0,1,9
U025845,13,1,6,0,0,4,2,2,23
U025846,19,4,7,3,1,3,1,0,17
U025847,12,0,5,1,1,1,0,0,16
U025848,7,0,3,2,3,5,0,0,14
U025849,12,4,10,6,1,11,3,2,23
U025850,14,0,8,0,1,5,0,0,10
U025851,16,2,6,1,1,6,1,1,18
U025852,23,4,7,6,0,8,2,3,35
U025853,13,1,2,1,7,4,1,0,14
U025854,9,2,6,1,0,2,4,0,20
U025855,13,1,11,3,2,10,1,1,22
U025856,12,5,8,4,0,7,3,0,22
U025857,10,0,8,2,0,13,2,2,13
U025858,12,0,5,4,1,1,2,0,12
U025859,16,2,3,1,4,4,0,1,17
U025860,7,4,2,3,0,4,1,0,19
U025861,12,5,2,5,0,3,2,0,19
U025862,13,3,8,7,2,8,1,2,32
U025863,13,4,6,0,0,7,2,1,20
U025864,17,3,9,2,1,11,2,0,36
U025865,10,0,6,2,0,4,0,0,18
U025866,17,2,6,5,0,4,0,1,20
U025867,11,1,10,3,0,3,1,2,15
U025868,11,1,1,4,3,6,1,0,19
U025869,13,4,3,1,2,7,2,0,22
U025870,16,3,12,5,1,4,1,1,22
U025871,19,1,6,2,3,7,2,1,14
U025872,5,4,6,1,3,5,0,1,11
U025873,19,0,7,1,0,5,1,0,12
U025874,12,3,9,6,0,3,1,0,18
U025875,14,2,6,4,1,2,2,0,15
U025876,16,1,3,3,0,5,2,3,13
U025877,18,4,8,2,0,4,0,0,28
U025878,14,2,4,1,0,3,2,0,26
U025879,9,1,6,2,0,6,1,0,23
U025880,11,0,4,0,0,2,0,2,12
U025881,11,4,4,2,0,3,0,0,14
U025882,16,3,10,4,1,8,0,2,28
U025883,15,4,4,0,8,6,3,0,15
U025884,7,3,4,2,5,5,5,0,21
U025885,9,0,3,2,2,5,0,0,16
U025886,15,2,6,2,1,5,1,1,19
U025887,15,1,7,3,5,12,4,0,28
U025888,20,6,8,6,0,4,0,0,15
U025889,21,1,3,2,0,5,1,0,15
U025890,27,1,8,4,1,8,1,1,23
U025891,12,3,3,5,0,4,2,1,21
U025892,13,1,8,1,4,5,0,2,15
U025893,10,2,2,3,0,3,1,0,20
U025894,18,1,3,1,2,7,1,1,20
U025895,22,4,8,3,1,15,1,0,22
U025896,3,1,7,1,0,3,0,1,20
U025897,14,0,3,3,0,2,0,0,21
U025898,15,5,7,2,1,2,0,1,22
U025899,12,2,5,5,0,10,2,3,25
U025900,16,2,7,5,1,7,1,1,26
U025901,13,4,8,3,0,6,0,1,28
U025902,12,5,7,4,0,12,1,0,15
U025903,10,2,4,1,1,6,2,1,16
U025904,16,1,11,4,0,10,1,2,17
U025905,18,3,4,1,1,9,1,2,18
U025906,13,0,8,3,0,7,0,0,21
U025907,11,3,2,0,3,5,0,3,18
U025908,11,4,8,4,0,5,1,2,18
U025909,6,0,4,1,2,2,2,3,9
U025910,8,6,8,1,0,4,0,2,13
U025911,15,4,5,6,1,4,1,1,27
U025912,20,3,7,1,2,7,2,1,26
U025913,17,3,6,1,0,7,0,3,20
U025914,10,2,6,3,2,6,0,0,20
U025915,17,3,6,6,0,7,1,0,31
U025916,7,1,5,2,0,12,1,1,22
U025917,21,1,9,3,3,11,2,0,19
U025918,9,7,7,7,1,8,0,1,23
U025919,13,0,9,2,1,4,0,2,18
U025920,12,1,3,4,0,11,2,0,12
U025921,10,5,8,5,1,7,0,0,28
U025922,14,2,2,2,0,4,3,1,19
U025923,10,1,2,3,0,3,1,0,15
U025924,6,0,1,2,5,3,3,0,13
U025925,13,3,3,5,0,12,3,2,28
U025926,7,5,5,4,0,8,5,1,26
U025927,12,0,8,6,0,8,0,0,21
U025928,15,7,6,3,0,6,4,2,21
U025929,11,0,5,2,0,6,0,0,17
U025930,16,3,7,5,1,9,1,0,17
U025931,16,3,8,3,1,3,2,0,22
U025932,9,3,7,4,5,5,1,0,15
U025933,9,1,6,5,0,5,1,0,17
U025934,14,1,4,0,1,3,3,0,15
U025935,10,2,5,1,7,8,1,0,23
U025936,9,4,9,5,0,7,1,0,23
U025937,16,2,13,4,0,8,3,1,24
U025938,16,0,1,0,0,4,1,0,16
U025939,17,0,4,1,0,5,0,0,14
U025940,3,1,6,0,1,3,0,2,12
U025941,18,5,4,3,1,4,3,1,29
U025942,10,1,6,4,0,5,1,1,21
U025943,15,0,2,1,0,6,0,1,13
U025944,9,1,9,3,1,8,2,1,9
U025945,10,1,6,2,0,5,0,0,12
U025946,7,0,2,1,3,3,0,0,13
U025947,12,0,2,3,0,5,0,0,13
U025948,9,1,3,1,5,5,0,0,15
U025949,13,1,10,4,2,7,2,2,28
U025950,5,1,2,3,1,3,0,0,16
U025951,14,0,4,2,0,6,1,1,15
U025952,7,3,6,2,0,6,0,0,21
U025953,16,0,7,0,0,7,1,0,13
U025954,14,3,7,4,0,4,0,1,21
U025955,6,0,1,3,2,0,0,0,15
U025956,11,7,8,2,1,5,3,2,16
U025957,9,2,5,0,4,3,1,0,7
U025958,11,2,7,1,1,7,0,0,20
U025959,8,5,9,1,6,2,1,1,18
U025960,9,1,2,2,1,4,0,2,19
U025961,10,2,3,4,5,4,1,1,13
U025962,9,2,12,3,0,9,1,1,15
U025963,9,0,6,1,1,5,1,0,17
U025964,13,0,5,2,1,1,0,1,10
U025965,10,4,2,5,1,2,0,0,24
U025966,10,1,7,3,0,10,2,0,24
U025967,12,3,6,0,0,6,1,0,26
U025968,13,0,0,3,0,5,0,0,15
U025969,11,4,5,2,2,3,1,1,32
U025970,14,2,7,3,0,4,0,0,20
U025971,10,5,2,2,5,7,2,1,18
U025972,9,1,4,1,0,1,1,1,18
U025973,8,1,4,4,4,5,1,0,14
U025974,11,2,2,2,0,4,1,3,16
U025975,13,1,9,2,1,7,1,1,19
U025976,8,1,5,6,0,5,1,0,15
U025977,8,1,5,5,0,4,0,0,18
U025978,12,1,3,3,0,5,1,2,18
U025979,21,2,3,3,0,8,3,1,37
U025980,16,0,5,5,0,6,1,0,18
U025981,13,2,7,6,0,8,2,3,32
U025982,11,1,8,3,0,4,1,1,23
U025983,10,1,3,2,4,2,0,0,18
U025984,5,0,1,0,1,0,2,2,5
U025985,8,4,4,0,7,3,0,0,15
U025986,9,0,0,1,7,3,0,1,18
U025987,17,2,6,3,0,6,0,2,31
U025988,18,1,6,3,0,7,1,1,21
U025989,9,0,4,1,3,7,2,2,12
U025990,19,2,10,0,0,6,0,0,16
U025991,5,2,10,2,3,3,2,0,24
U025992,11,5,6,5,0,8,4,0,23
U025993,8,0,3,1,4,2,0,2,9
U025994,11,2,7,6,0,6,2,3,22
U025995,10,3,6,1,0,6,0,0,21
U025996,8,3,9,2,2,4,1,0,18
U025997,24,4,8,2,0,6,1,3,23
U025998,12,1,6,3,0,5,2,1,17
U025999,12,5,7,1,0,7,1,1,21
U026000,8,1,3,3,6,4,1,0,13
U026001,13,0,8,3,0,5,0,3,25
U026002,19,3,7,2,0,5,1,1,23
U026003,16,3,7,4,0,9,2,1,25
U026004,22,3,3,6,0,7,4,2,13
U026005,7,0,3,3,0,2,4,1,10
U026006,7,0,5,6,0,5,0,1,16
U026007,6,0,1,2,1,4,1,0,13
U026008,13,4,6,6,0,7,0,3,18
U026009,6,1,4,0,4,3,1,0,16
U026010,14,4,6,3,0,8,1,1,24
U026011,18,5,9,2,0,6,0,0,25
U026012,19,5,3,3,2,3,0,0,25
U026013,13,3,7,4,2,6,0,1,25
U026014,6,3,2,3,2,4,1,1,12
U026015,6,1,3,1,6,2,0,1,17
U026016,10,0,6,2,0,8,1,1,12
U026017,6,0,1,4,3,2,0,2,9
U026018,9,0,2,4,0,4,0,0,23
U026019,14,1,4,0,4,9,2,0,23
U026020,15,0,7,4,0,18,1,1,34
U026021,12,2,8,7,1,8,1,0,25
U026022,9,0,0,3,0,4,0,0,12
U026023,9,1,7,3,0,6,1,0,24
U026024,8,3,9,3,0,4,1,0,18
U026025,18,5,10,5,0,10,2,1,28
U026026,11,3,6,5,1,9,2,1,18
U026027,10,1,4,1,0,3,2,0,19
U026028,6,0,2,2,5,1,0,0,10
U026029,14,4,7,6,0,5,0,0,33
U026030,8,0,11,2,0,1,0,0,23
U026031,20,3,2,4,1,8,0,0,25
U026032,16,6,5,5,0,6,1,2,31
U026033,14,1,8,4,0,7,1,0,12
U026034,14,3,9,3,1,5,2,1,29
U026035,8,0,6,4,0,4,0,1,12
U026036,9,2,6,2,2,5,2,1,14
U026037,8,3,6,2,0,2,2,2,15
U026038,13,1,2,2,1,3,1,0,21
U026039,4,0,4,2,3,3,0,0,12
U026040,14,2,3,0,0,4,2,1,15
U026041,13,1,4,7,0,4,0,1,26
U026042,15,2,4,3,0,7,1,0,22
U026043,17,5,9,6,0,6,3,2,34
U026044,10,0,7,3,0,5,2,0,18
U026045,18,3,6,4,2,8,0,1,19
U026046,9,1,7,0,4,5,0,0,13
U026047,11,1,2,5,0,5,1,0,26
U026048,18,4,7,2,6,6,1,2,21
U026049,3,4,2,2,4,5,1,0,19
U026050,17,4,6,0,0,5,2,2,26
U026051,16,0,4,3,1,8,1,2,21
U026052,15,1,5,2,5,6,1,2,25
U026053,13,0,1,3,1,4,2,2,19
U026054,8,1,3,1,0,4,1,3,19
U026055,12,2,4,3,1,10,0,2,15
U026056,10,0,4,7,0,1,0,0,22
U026057,12,1,4,1,0,7,0,0,16
U026058,13,3,9,5,0,5,1,1,24
U026059,7,2,4,3,0,3,0,0,13
U026060,9,2,2,4,1,3,2,2,25
U026061,15,2,7,4,0,9,2,2,20
U026062,15,5,11,1,1,8,2,0,18
U026063,16,0,2,1,0,0,2,2,21
U026064,7,0,4,3,3,1,0,0,12
U026065,12,6,13,9,1,4,1,0,24
U026066,14,3,7,2,0,5,4,0,32
U026067,12,2,4,3,2,1,1,1,19
U026068,7,1,8,0,1,9,0,1,16
U026069,9,1,2,4,1,4,0,1,15
U026070,13,2,7,3,1,2,0,1,14
U026071,8,0,2,1,0,5,0,1,14
U026072,26,1,2,4,0,4,0,0,33
U026073,24,3,6,1,0,2,0,2,26
U026074,20,0,3,3,0,6,1,3,15
U026075,5,1,3,2,1,2,2,1,22
U026076,21,4,7,3,0,5,1,2,34
U026077,17,2,8,8,0,7,1,0,28
U026078,8,2,3,3,4,6,0,0,13
U026079,10,1,11,2,0,6,0,1,21
U026080,12,1,3,0,4,3,1,0,16
U026081,12,1,12,4,0,7,0,0,34
U026082,8,0,6,1,3,1,0,2,12
U026083,11,2,5,1,1,8,0,0,19
U026084,10,2,5,4,1,6,1,0,21
U026085,9,0,4,1,0,7,1,1,14
U026086,14,0,9,3,1,8,1,2,13
U026087,14,1,12,4,0,5,1,2,28
U026088,14,4,5,4,1,1,2,0,23
U026089,4,2,8,3,0,4,2,2,11
U026090,11,4,6,3,0,5,0,0,16
U026091,15,1,6,1,0,6,0,0,10
U026092,5,2,2,2,1,5,1,0,9
U026093,16,1,5,3,0,7,0,0,18
U026094,8,0,7,3,0,6,1,1,11
U026095,10,1,3,2,0,5,0,0,16
U026096,8,0,5,3,1,4,3,0,9
U026097,14,2,4,10,1,1,1,3,17
U026098,20,0,7,5,1,5,0,1,19
U026099,17,2,5,1,0,8,0,1,25
U026100,9,1,3,4,0,4,0,1,11
U026101,9,1,3,1,3,2,2,1,13
U026102,7,2,3,1,4,4,0,1,11
U026103,12,1,4,0,1,6,2,0,11
U026104,13,1,3,2,0,5,3,0,13
U026105,16,3,6,1,0,2,2,0,29
U026106,10,3,7,3,0,3,1,3,24
U026107,13,3,8,8,0,4,4,2,29
U026108,16,3,3,2,0,9,1,0,16
U026109,14,4,7,4,0,11,5,0,26
U026110,16,5,4,2,0,6,1,1,26
U026111,14,5,6,6,0,8,2,2,41
U026112,16,7,4,4,0,6,1,1,30
U026113,11,4,6,2,0,11,1,1,22
U026114,16,1,7,5,0,4,3,3,24
U026115,19,4,15,2,0,3,0,2,25
U026116,12,0,3,4,0,3,2,1,11
U026117,10,2,2,0,2,1,0,0,19
U026118,16,3,11,3,0,10,3,0,29
U026119,16,0,10,3,1,7,1,1,22
U026120,9,2,9,2,5,5,0,1,24
U026121,8,0,2,4,1,5,1,0,8
U026122,15,3,8,5,0,5,2,0,30
U026123,18,4,8,0,1,1,0,2,23
U026124,5,0,2,2,5,4,0,0,10
U026125,7,0,4,1,0,4,1,0,9
U026126,12,1,6,4,0,9,6,0,27
U026127,12,2,5,2,1,3,2,0,16
U026128,13,5,10,3,1,8,2,0,26
U026129,12,1,6,1,1,4,2,0,15
U026130,15,3,8,8,0,9,2,0,28
U026131,14,2,1,2,0,3,0,1,17
U026132,8,3,6,0,0,5,0,0,17
U026133,15,3,5,9,0,8,1,1,24
U026134,25,3,8,5,0,3,1,1,11
U026135,17,1,7,0,1,5,1,0,19
U026136,3,1,2,1,2,2,0,0,8
U026137,8,2,3,1,2,4,0,0,13
U026138,17,1,4,1,0,5,1,0,18
U026139,10,1,1,2,0,11,1,0,23
U026140,11,0,9,1,0,6,1,0,17
U026141,12,3,7,4,1,6,2,1,15
U026142,17,0,11,5,0,6,1,2,25
U026143,16,0,7,3,0,6,0,2,22
U026144,15,2,7,3,2,7,0,1,26
U026145,19,2,9,2,0,8,1,2,16
U026146,24,4,4,4,0,10,2,0,29
U026147,8,1,8,2,0,10,3,1,21
U026148,18,4,9,3,0,3,1,0,20
U026149,19,4,7,2,0,5,0,1,27
U026150,19,2,11,6,2,6,3,0,12
U026151,16,5,8,5,0,9,3,0,25
U026152,11,6,10,2,0,7,0,1,16
U026153,19,0,5,1,1,10,2,0,27
U026154,13,3,5,1,1,8,1,2,19
U026155,10,0,7,1,3,1,2,0,17
U026156,15,0,4,1,0,6,1,0,12
U026157,22,3,8,6,0,6,3,1,33
U026158,6,0,5,0,3,2,1,0,13
U026159,13,4,1,2,4,6,0,0,20
U026160,14,1,4,2,5,5,1,3,17
U026161,12,1,10,3,1,3,0,0,21
U026162,13,0,3,2,0,2,0,2,19
U026163,11,0,1,0,1,2,1,1,12
U026164,11,4,9,3,0,4,2,0,28
U026165,11,3,6,1,1,10,1,4,21
U026166,15,5,8,5,3,6,2,0,17
U026167,16,1,3,4,1,4,1,1,20
U026168,10,1,2,3,0,3,2,3,21
U026169,9,3,5,7,0,7,0,2,18
U026170,18,0,5,1,1,3,2,0,18
U026171,15,1,3,1,0,1,0,1,23
U026172,9,0,1,3,1,4,0,2,7
U026173,18,5,6,2,0,6,0,0,41
U026174,11,2,1,1,0,4,0,1,25
U026175,16,1,4,0,0,2,2,0,19
U026176,24,5,5,4,0,4,3,1,26
U026177,8,7,9,5,0,2,4,0,12
U026178,21,1,6,4,0,8,1,0,15
U026179,4,1,1,2,1,3,1,1,6
U026180,14,5,6,8,0,2,2,4,26
U026181,15,4,7,3,0,9,2,3,26
U026182,5,2,5,3,0,1,2,2,9
U026183,8,0,2,0,3,1,1,1,17
U026184,11,3,6,4,0,9,1,1,21
U026185,18,4,7,3,0,7,1,3,26
U026186,14,7,3,1,0,6,3,2,9
U026187,13,1,8,4,0,11,2,1,15
U026188,9,5,6,1,4,3,1,1,17
U026189,13,2,5,5,0,4,1,2,25
U026190,10,0,4,0,0,4,0,0,14
U026191,11,0,8,0,0,4,0,2,20
U026192,10,1,12,4,1,4,2,2,22
U026193,16,3,8,5,0,1,3,0,23
U026194,17,4,7,3,0,4,1,0,25
U026195,10,3,9,3,0,7,1,5,21
U026196,11,5,7,3,6,3,2,2,26
U026197,18,1,8,4,0,6,2,1,27
U026198,15,4,9,6,0,3,1,0,31
U026199,12,2,9,1,0,6,2,1,14
U026200,15,0,9,0,0,6,1,0,13
U026201,14,1,5,2,0,3,1,1,13
U026202,14,2,5,1,1,7,1,2,15
U026203,12,1,5,5,3,4,2,0,19
U026204,11,6,5,5,3,6,1,0,20
U026205,13,3,5,5,0,8,5,0,27
U026206,11,0,4,3,1,2,0,2,24
U026207,12,5,6,5,3,7,3,0,22
U026208,16,3,9,4,0,4,0,0,19
U026209,11,0,2,2,0,7,0,0,19
U026210,9,2,3,5,0,5,3,2,27
U026211,14,2,3,2,0,4,1,1,15
U026212,14,0,9,2,1,6,0,4,10
U026213,10,0,5,3,1,5,0,1,15
U026214,19,2,4,2,0,7,0,1,27
U026215,16,0,5,3,0,2,2,1,21
U026216,18,3,3,5,0,7,0,0,26
U026217,10,7,6,3,0,10,0,1,27
U026218,16,3,9,3,0,3,0,1,33
U026219,12,3,4,6,1,4,2,0,12
U026220,15,3,7,3,0,9,0,3,22
U026221,17,5,5,2,0,14,3,1,22
U026222,6,3,7,1,2,4,2,0,15
U026223,10,0,4,1,0,3,2,0,13
U026224,18,3,7,2,0,7,0,0,28
U026225,12,2,6,4,1,1,1,0,24
U026226,9,1,6,3,0,5,0,0,15
U026227,18,1,11,2,4,5,1,0,19
U026228,12,3,11,0,1,9,3,2,26
U026229,16,2,7,6,0,6,2,2,23
U026230,14,1,9,4,0,5,1,0,18
U026231,8,1,6,5,0,2,0,0,16
U026232,19,2,10,4,1,6,1,1,32
U026233,10,0,7,4,0,6,1,1,18
U026234,7,0,4,2,4,3,0,0,17
U026235,15,3,5,1,7,2,0,2,17
U026236,12,5,7,1,2,6,1,3,20
U026237,19,5,5,1,0,7,0,0,13
U026238,7,0,3,1,4,4,0,0,11
U026239,10,1,5,6,0,6,1,1,14
U026240,12,1,2,5,0,8,1,0,20
U026241,12,3,2,1,3,6,2,1,7
U026242,11,4,5,4,0,4,0,1,19
U026243,14,1,2,0,0,6,1,1,19
U026244,8,2,4,7,0,2,1,0,27
U026245,13,1,5,1,0,5,3,0,19
U026246,11,2,8,3,0,8,0,3,21
U026247,15,5,4,1,3,9,3,0,16
U026248,17,2,11,4,0,5,2,0,40
U026249,11,0,3,4,1,3,0,1,12
U026250,15,1,8,2,1,6,0,3,27
U026251,9,0,2,2,1,3,1,0,15
U026252,11,0,8,3,0,6,2,2,23
U026253,11,2,3,2,8,9,1,1,22
U026254,8,3,7,2,2,4,1,2,17
U026255,21,2,6,1,0,8,0,3,22
U026256,13,4,3,7,1,6,2,1,37
U026257,11,3,10,5,0,3,0,0,20
U026258,12,4,3,1,0,3,0,0,17
U026259,7,0,2,1,0,5,0,3,14
U026260,25,4,14,6,1,5,3,0,32
U026261,4,0,6,3,4,3,0,0,11
U026262,13,9,7,1,0,9,2,1,19
U026263,20,5,11,6,1,10,3,1,29
U026264,19,3,11,2,0,5,0,3,21
U026265,8,1,2,1,1,8,0,0,16
U026266,16,4,4,2,1,6,4,1,34
U026267,23,0,4,3,0,9,3,3,21
U026268,17,2,7,5,6,9,1,0,19
U026269,4,0,2,3,7,5,1,1,10
U026270,14,3,4,2,0,4,1,2,16
U026271,16,2,9,3,0,5,1,0,26
U026272,17,1,6,5,0,4,1,0,16
U026273,15,2,7,0,0,2,0,0,16
U026274,18,3,4,4,0,3,1,0,27
U026275,11,1,5,5,6,3,0,2,16
U026276,8,0,2,2,1,4,2,2,19
U026277,18,3,4,1,0,13,0,1,21
U026278,3,0,3,0,0,0,0,0,12
U026279,17,0,2,1,0,4,2,0,18
U026280,12,0,4,7,3,5,1,1,12
U026281,22,3,6,5,0,16,1,1,30
U026282,15,3,1,6,0,5,1,2,22
U026283,16,1,6,3,1,5,2,2,20
U026284,17,4,10,1,0,5,0,0,19
U026285,16,2,6,5,1,6,2,0,18
U026286,22,6,7,4,0,7,0,0,25
U026287,18,3,5,4,0,2,2,2,16
U026288,13,3,6,2,0,7,1,1,17
U026289,9,0,2,4,0,4,0,0,16
U026290,5,1,3,4,1,3,3,2,9
U026291,7,2,4,1,0,4,1,0,18
U026292,11,1,4,2,0,6,0,0,15
U026293,6,1,4,1,4,6,1,1,21
U026294,14,3,6,1,1,8,0,2,25
U026295,14,2,7,1,0,0,3,0,25
U026296,17,1,0,3,0,8,0,0,11
U026297,21,3,2,3,0,8,0,0,21
U026298,3,4,5,2,4,3,0,0,14
U026299,16,2,7,2,1,10,0,2,35
U026300,17,0,4,2,0,3,1,1,17
U026301,19,4,11,2,2,5,4,0,22
U026302,9,1,7,3,0,4,0,1,26
U026303,10,2,7,5,0,7,2,1,21
U026304,15,1,6,2,0,10,0,2,32
U026305,14,0,2,5,0,6,1,1,17
U026306,23,1,9,0,0,12,2,2,43
U026307,19,2,5,5,0,7,1,0,20
U026308,13,5,5,0,0,4,2,0,22
U026309,10,2,5,3,0,4,1,0,19
U026310,18,2,6,4,1,3,1,1,15
U026311,14,0,8,3,0,2,2,2,21
U026312,9,3,9,3,0,9,0,0,21
U026313,16,2,4,5,2,2,3,0,25
U026314,11,0,7,0,0,5,0,1,14
U026315,15,2,4,4,5,8,0,0,33
U026316,12,5,4,6,1,10,1,1,20
U026317,15,1,5,4,0,5,2,2,22
U026318,10,2,4,2,0,4,3,1,17
U026319,8,0,5,1,1,4,0,0,19
U026320,15,3,5,5,0,7,2,0,25
U026321,7,1,7,5,0,8,0,3,18
U026322,6,1,4,1,2,0,0,0,7
U026323,13,1,2,3,0,3,3,2,23
U026324,7,1,5,2,1,8,1,0,16
U026325,10,5,10,3,0,3,1,0,26
U026326,16,3,6,4,0,3,0,2,13
U026327,13,2,7,4,0,6,1,1,19
U026328,13,3,5,0,4,4,0,0,22
U026329,8,3,4,1,2,3,0,1,12
U026330,11,0,5,1,0,5,2,1,26
U026331,11,2,8,3,0,7,1,1,23
U026332,16,6,5,10,0,8,4,2,29
U026333,12,3,8,5,1,9,0,2,22
U026334,18,1,2,4,0,6,2,1,18
U026335,16,0,2,0,0,7,2,2,14
U026336,9,0,2,1,0,7,1,1,21
U026337,8,1,4,4,0,3,0,0,14
U026338,11,7,3,1,1,2,2,3,19
U026339,7,6,10,5,0,10,1,1,27
U026340,12,2,6,6,1,5,1,2,16
U026341,9,1,7,2,0,5,1,1,21
U026342,16,4,5,2,0,6,0,0,21
U026343,6,1,3,2,0,5,3,1,21
U026344,7,1,4,4,1,6,0,0,25
U026345,7,1,4,3,4,1,1,1,14
U026346,12,1,3,2,5,3,1,1,17
U026347,13,0,6,1,0,1,1,2,11
U026348,19,8,10,2,0,5,2,4,25
U026349,13,1,8,6,1,5,1,0,23
U026350,14,0,6,6,0,6,0,2,22
U026351,11,0,2,3,0,5,3,1,17
U026352,9,3,4,5,4,5,1,0,16
U026353,13,4,7,2,0,8,1,1,26
U026354,15,4,5,2,1,4,2,0,24
U026355,9,0,0,0,5,2,1,0,13
U026356,12,5,6,4,0,3,2,2,25
U026357,17,6,8,1,0,7,1,2,28
U026358,7,3,5,1,4,8,2,3,12
U026359,10,2,2,1,1,9,0,2,25
U026360,11,1,7,0,1,12,2,1,13
U026361,16,3,5,2,0,6,5,0,29
U026362,11,7,7,2,0,3,0,2,29
U026363,10,4,5,6,0,6,0,1,22
U026364,14,2,8,3,0,7,1,0,25
U026365,13,3,9,2,0,14,1,2,19
U026366,13,8,5,1,0,4,3,4,23
U026367,19,3,10,3,0,3,2,0,17
U026368,15,7,6,4,5,4,1,1,24
U026369,11,2,8,7,0,6,0,1,19
U026370,21,2,18,6,0,2,2,1,27
U026371,14,5,7,5,0,6,5,3,27
U026372,20,2,6,3,1,9,2,1,10
U026373,10,0,6,1,0,3,3,1,19
U026374,17,6,11,3,0,6,1,1,21
U026375,19,4,5,2,0,7,0,2,23
U026376,17,5,4,1,0,7,1,1,22
U026377,18,1,9,4,0,6,2,0,23
U026378,20,5,5,6,0,13,0,2,28
U026379,20,1,4,0,0,8,0,2,24
U026380,7,0,5,2,4,3,1,0,11
U026381,13,2,8,2,0,9,0,1,24
U026382,13,2,8,1,0,5,0,0,16
U026383,10,6,6,7,0,7,0,2,23
U026384,18,5,10,2,0,6,0,1,38
U026385,15,2,3,1,0,7,0,1,9
U026386,8,2,5,3,0,8,1,0,28
U026387,14,0,5,3,0,7,2,0,24
U026388,20,0,9,1,0,4,3,3,34
U026389,14,7,5,5,0,6,0,2,28
U026390,6,1,7,7,0,8,1,2,17
U026391,15,4,9,4,0,11,0,1,20
U026392,12,1,4,2,1,6,0,1,19
U026393,4,0,6,1,3,7,2,1,14
U026394,10,1,2,3,0,8,2,3,23
U026395,14,2,10,3,0,5,4,3,37
U026396,21,0,13,3,0,10,3,0,26
U026397,13,5,4,1,0,10,3,2,14
U026398,12,1,7,4,0,3,0,1,22
U026399,13,4,3,2,2,10,3,1,13
U026400,6,0,8,4,1,9,0,1,20
U026401,15,0,4,1,2,5,0,0,21
U026402,7,0,5,6,0,2,2,1,24
U026403,13,1,4,1,4,4,1,1,17
U026404,24,3,4,2,1,16,2,1,29
U026405,15,5,7,6,1,7,4,1,28
U026406,11,3,6,2,0,5,2,0,23
U026407,10,0,1,3,0,2,1,0,21
U026408,11,5,8,5,0,6,1,0,15
U026409,16,3,12,6,0,3,4,0,32
U026410,13,0,6,3,2,4,1,3,40
U026411,15,2,3,1,1,5,2,4,31
U026412,6,1,5,1,2,3,0,0,4
U026413,17,3,4,3,1,10,2,1,29
U026414,11,5,5,1,0,2,2,0,17
U026415,11,3,7,1,0,3,1,0,20
U026416,15,0,5,4,0,2,0,0,14
U026417,17,8,9,4,0,8,2,1,19
U026418,12,2,4,2,0,3,0,1,23
U026419,13,4,11,4,5,3,2,2,20
U026420,18,3,3,3,0,8,4,3,21
U026421,9,0,5,4,1,6,1,1,15
U026422,11,5,7,5,0,9,1,0,16
U026423,16,4,4,0,1,8,1,1,22
U026424,12,1,0,1,3,5,0,0,13
U026425,10,0,10,0,0,8,3,1,12
U026426,5,2,6,4,0,6,0,1,20
U026427,18,2,9,3,5,6,1,2,21
U026428,13,2,5,2,3,1,1,0,20
U026429,9,1,5,2,0,4,1,1,16
U026430,6,2,2,3,3,2,1,0,5
U026431,19,4,7,4,0,8,0,0,13
U026432,11,2,5,3,0,2,0,0,29
U026433,7,2,2,4,5,9,1,0,19
U026434,12,1,2,3,0,7,2,2,17
U026435,5,2,2,1,0,0,0,1,18
U026436,19,1,4,1,2,9,6,1,30
U026437,8,1,6,7,0,2,2,0,20
U026438,12,2,8,2,0,7,2,0,17
U026439,13,0,6,1,0,5,0,1,23
U026440,13,4,5,7,1,6,3,4,26
U026441,10,1,3,3,0,5,1,0,14
U026442,11,0,6,2,0,6,1,0,24
U026443,19,3,6,4,0,4,0,2,27
U026444,10,2,6,2,1,12,2,2,21
U026445,17,4,10,8,0,3,1,0,36
U026446,7,3,6,2,0,6,4,0,15
U026447,16,0,4,4,0,8,0,1,16
U026448,11,0,7,3,0,8,1,0,19
U026449,10,2,2,2,3,3,0,0,15
U026450,10,5,9,1,4,1,0,1,16
U026451,18,3,4,0,0,8,2,1,21
U026452,12,2,5,1,0,7,2,1,17
U026453,12,2,5,3,0,3,1,3,15
U026454,11,2,5,6,1,5,2,1,17
U026455,17,3,8,6,1,10,1,3,28
U026456,12,6,9,5,2,10,1,1,10
U026457,17,3,9,5,1,9,1,1,27
U026458,10,0,1,2,2,0,0,0,16
U026459,13,2,2,3,0,4,0,0,25
U026460,9,1,1,1,0,4,1,1,24
U026461,10,5,6,6,0,5,0,3,20
U026462,14,3,4,3,0,7,0,0,19
U026463,14,0,3,2,1,5,2,3,25
U026464,9,1,8,4,0,7,0,0,14
U026465,11,5,5,4,0,7,1,0,22
U026466,14,2,7,1,0,4,0,0,23
U026467,16,0,5,3,0,3,1,1,9
U026468,12,4,8,5,0,4,0,3,24
U026469,14,3,2,3,0,5,0,0,19
U026470,10,2,5,0,0,7,1,1,16
U026471,13,0,8,0,0,4,2,1,15
U026472,7,4,9,1,6,5,1,0,20
U026473,16,2,12,3,0,10,0,0,14
U026474,10,0,2,2,1,0,2,1,16
U026475,6,1,0,3,0,11,0,2,16
U026476,10,3,4,1,4,4,1,0,17
U026477,12,2,9,3,2,3,2,1,24
U026478,13,2,1,3,0,2,2,0,13
U026479,25,1,6,2,1,6,3,0,29
U026480,15,0,5,3,0,9,0,1,25
U026481,5,0,4,1,0,5,1,0,19
U026482,9,0,5,1,0,6,0,2,15
U026483,18,10,7,1,0,12,2,1,24
U026484,7,1,8,3,1,8,1,0,21
U026485,7,0,6,3,1,1,0,1,14
U026486,10,1,6,2,0,4,0,1,21
U026487,8,0,0,6,0,3,1,1,12
U026488,13,3,5,2,0,7,1,0,33
U026489,7,0,2,1,0,1,0,0,12
U026490,13,8,6,6,0,8,1,0,25
U026491,13,4,7,5,1,7,2,0,27
U026492,7,2,6,3,3,3,0,2,16
U026493,10,0,3,1,0,4,0,1,17
U026494,8,0,1,2,1,1,0,0,11
U026495,8,0,6,3,0,0,0,1,15
U026496,10,1,6,4,4,5,0,0,14
U026497,14,2,6,7,1,6,1,2,21
U026498,5,1,3,1,3,2,0,0,15
U026499,10,1,3,0,2,3,0,1,11
U026500,11,3,2,5,1,5,3,0,30
U026501,12,2,7,4,0,5,1,2,18
U026502,3,1,3,1,0,3,0,0,18
U026503,12,2,8,5,0,7,2,1,23
U026504,15,1,8,1,0,3,0,1,24
U026505,9,2,4,0,1,3,2,4,17
U026506,17,2,7,5,1,2,1,0,18
U026507,7,2,5,6,0,6,2,0,22
U026508,6,3,6,1,0,7,1,0,20
U026509,11,5,8,6,4,6,1,2,21
U026510,18,3,7,4,2,8,3,0,18
U026511,9,0,6,2,0,3,1,0,20
U026512,11,1,8,3,0,5,3,0,16
U026513,16,0,7,2,0,8,0,1,17
U026514,15,1,7,3,0,7,1,1,15
U026515,16,2,7,4,0,3,2,1,21
U026516,16,4,8,6,1,7,4,1,18
U026517,15,0,3,1,0,2,2,0,20
U026518,12,0,4,0,1,5,0,1,19
U026519,16,4,8,0,2,7,1,1,23
U026520,8,1,6,0,0,2,1,2,15
U026521,21,6,10,7,0,8,0,0,29
U026522,12,0,4,2,1,1,0,1,18
U026523,7,0,4,0,0,4,1,1,8
U026524,10,2,4,4,0,7,2,0,26
U026525,8,5,5,2,3,4,3,0,13
U026526,11,0,7,2,0,7,1,2,14
U026527,14,1,7,5,0,7,1,1,17
U026528,13,1,3,1,0,5,0,1,19
U026529,10,0,6,3,0,11,1,1,14
U026530,15,2,9,2,0,4,3,0,26
U026531,15,6,2,2,0,4,0,1,22
U026532,20,3,10,0,0,5,1,1,19
U026533,15,4,15,6,0,10,3,1,34
U026534,15,1,8,2,0,4,0,0,23
U026535,13,2,4,1,1,11,5,0,22
U026536,17,2,2,3,0,6,1,1,24
U026537,12,4,6,2,0,8,1,1,20
U026538,11,7,7,2,1,8,5,1,27
U026539,14,4,4,2,0,6,0,1,23
U026540,15,3,4,1,1,5,0,1,30
U026541,14,2,5,1,0,4,3,1,20
U026542,18,3,7,4,0,5,3,1,30
U026543,23,4,8,3,0,6,2,0,31
U026544,12,2,4,1,5,3,1,0,10
U026545,16,0,8,1,1,5,2,1,28
U026546,18,5,3,1,0,8,2,3,22
U026547,11,4,1,2,0,7,0,1,25
U026548,16,2,5,2,0,6,0,0,22
U026549,9,8,9,3,0,8,3,0,23
U026550,12,0,3,1,0,6,2,1,13
U026551,17,3,4,3,1,4,0,0,21
U026552,15,0,1,1,0,3,2,2,14
U026553,22,5,5,2,1,6,0,1,27
U026554,9,2,7,6,0,6,0,0,28
U026555,5,1,3,2,2,3,0,1,11
U026556,17,3,8,5,0,5,2,0,22
U026557,16,1,7,0,0,5,0,2,9
U026558,5,1,4,1,0,7,1,1,26
U026559,16,4,4,1,0,5,0,0,24
U026560,12,4,11,3,0,5,1,1,23
U026561,9,0,3,2,0,2,1,1,15
U026562,11,0,3,3,5,3,2,1,19
U026563,12,0,1,2,2,3,0,0,3
U026564,7,1,2,1,1,6,1,1,12
U026565,16,0,7,2,1,5,2,2,30
U026566,8,1,3,3,1,5,2,1,14
U026567,8,1,5,4,0,3,1,1,12
U026568,14,2,2,6,0,7,2,1,23
U026569,13,0,4,2,0,4,2,2,20
U026570,20,1,6,2,0,6,1,2,17
U026571,13,0,6,1,0,3,1,0,18
U026572,13,2,4,5,4,4,4,3,30
U026573,7,0,2,0,2,3,0,1,4
U026574,14,1,8,0,1,8,2,0,20
U026575,13,1,5,1,0,5,1,1,20
U026576,11,2,5,2,0,2,1,0,11
U026577,9,2,5,3,5,3,2,0,24
U026578,16,4,10,4,0,8,2,1,25
U026579,17,5,4,3,0,4,4,2,32
U026580,18,2,7,2,0,7,2,1,28
U026581,8,1,3,2,1,4,1,2,20
U026582,19,3,8,4,1,10,1,0,24
U026583,13,1,1,4,1,2,1,2,16
U026584,7,0,4,3,0,1,1,2,16
U026585,16,1,7,5,3,5,2,1,30
U026586,17,2,8,7,0,6,1,0,28
U026587,18,3,11,2,1,7,5,0,20
U026588,18,3,7,4,3,4,3,0,22
U026589,9,1,5,1,0,6,2,0,22
U026590,13,0,6,1,0,2,2,0,18
U026591,10,1,3,3,0,6,2,0,18
U026592,14,0,6,5,0,6,0,1,19
U026593,17,4,4,1,1,6,1,0,34
U026594,9,3,13,2,0,4,0,4,30
U026595,8,0,2,1,1,1,2,0,14
U026596,19,3,3,4,0,6,1,0,25
U026597,16,1,3,2,0,8,0,0,27
U026598,17,4,4,1,0,5,1,2,25
U026599,12,1,4,4,0,3,2,2,10
U026600,9,0,5,1,1,1,0,1,19
U026601,9,1,4,5,1,3,1,0,19
U026602,20,2,7,6,0,5,1,1,18
U026603,18,1,15,4,2,6,0,1,17
U026604,7,3,6,5,0,8,2,2,23
U026605,19,6,15,4,1,8,3,0,37
U026606,13,0,9,2,2,2,1,1,22
U026607,11,0,2,1,4,4,1,0,10
U026608,16,4,4,1,4,4,1,1,9
U026609,15,0,4,2,1,4,1,1,20
U026610,8,0,3,1,1,9,0,0,11
U026611,21,2,7,1,0,5,2,1,22
U026612,13,2,11,8,0,6,1,3,20
U026613,9,1,6,3,0,3,0,0,11
U026614,16,4,6,3,0,0,2,0,21
U026615,18,5,6,4,0,10,2,1,31
U026616,19,6,12,1,1,5,0,0,30
U026617,13,6,10,4,1,13,1,2,26
U026618,18,1,11,4,0,5,0,1,28
U026619,18,1,3,1,7,4,5,1,18
U026620,13,0,2,5,1,7,0,1,18
U026621,13,0,9,3,0,5,2,1,27
U026622,22,2,15,5,0,5,1,2,26
U026623,17,3,6,6,0,5,0,0,22
U026624,5,0,2,3,1,3,1,0,13
U026625,13,0,4,5,0,3,2,2,15
U026626,15,2,3,4,1,8,1,2,23
U026627,13,2,4,3,0,4,2,2,15
U026628,21,2,8,5,0,7,1,1,27
U026629,8,1,7,2,6,5,1,3,10
U026630,10,3,6,2,0,7,2,1,14
U026631,21,1,4,3,0,4,3,1,17
U026632,11,0,4,3,0,4,1,2,19
U026633,12,4,10,5,0,11,4,1,32
U026634,18,5,8,4,0,4,3,2,32
U026635,15,2,3,1,1,1,1,0,17
U026636,10,0,6,2,0,3,0,1,11
U026637,21,7,6,2,1,6,1,0,24
U026638,14,2,6,4,0,5,0,1,19
U026639,10,0,4,4,2,3,3,2,13
U026640,12,5,5,4,3,5,3,1,15
U026641,6,1,6,1,1,6,2,2,16
U026642,15,3,3,7,0,8,1,1,17
U026643,14,2,12,3,1,4,4,2,32
U026644,8,0,8,2,0,0,0,1,13
U026645,9,5,8,3,0,8,1,0,16
U026646,10,1,5,0,0,3,2,1,11
U026647,9,0,4,1,0,6,1,0,22
U026648,20,3,6,4,0,4,3,1,18
U026649,17,3,13,6,1,8,0,0,34
U026650,19,4,6,5,0,7,1,1,30
U026651,11,1,4,3,5,4,1,1,25
U026652,14,4,1,4,1,7,1,2,18
U026653,20,3,8,3,3,8,2,0,29
U026654,7,4,5,4,0,5,0,0,22
U026655,13,0,5,1,0,3,2,1,9
U026656,15,2,11,4,0,4,1,1,40
U026657,18,3,10,1,0,11,3,1,23
U026658,20,4,11,4,0,7,1,1,21
U026659,8,0,4,1,0,10,1,1,12
U026660,15,3,12,1,0,7,1,2,39
U026661,8,1,12,6,2,3,2,1,18
U026662,16,5,8,4,0,8,1,2,18
U026663,14,0,6,7,1,9,0,1,19
U026664,8,1,6,1,0,5,1,0,17
U026665,20,1,5,1,1,2,0,2,17
U026666,7,3,1,2,8,5,1,2,13
U026667,18,1,6,2,3,4,0,1,18
U026668,14,3,5,1,3,4,2,0,20
U026669,12,5,9,3,0,7,0,2,23
U026670,24,3,12,4,0,5,3,0,18
U026671,20,3,6,3,1,11,2,1,31
U026672,10,3,6,1,0,4,3,2,27
U026673,10,0,5,3,2,7,0,1,13
U026674,11,0,5,0,0,1,1,1,19
U026675,13,6,7,3,0,5,2,0,24
U026676,16,2,8,2,0,3,2,0,22
U026677,11,0,4,2,0,7,1,2,12
U026678,16,2,4,4,0,8,2,1,17
U026679,12,6,9,2,1,6,0,1,20
U026680,16,4,8,3,1,6,1,0,23
U026681,8,0,4,2,4,1,2,0,5
U026682,14,5,10,4,0,7,1,0,34
U026683,12,6,4,2,4,2,0,1,9
U026684,8,2,2,2,0,5,1,0,21
U026685,18,0,7,1,0,3,1,0,13
U026686,6,0,2,5,2,2,1,0,11
U026687,13,3,5,3,0,10,1,2,20
U026688,10,3,4,1,0,5,3,1,18
U026689,11,4,7,3,0,8,3,1,22
U026690,17,5,5,2,0,7,0,1,23
U026691,16,3,4,2,1,4,1,2,20
U026692,16,1,6,1,1,7,1,2,25
U026693,10,0,4,2,0,7,0,2,14
U026694,13,2,7,2,5,2,1,0,16
U026695,12,2,9,3,0,4,0,1,5
U026696,13,1,3,3,0,6,2,0,20
U026697,17,0,5,2,0,7,2,2,17
U026698,15,2,5,5,1,7,1,0,22
U026699,13,5,5,2,0,4,3,0,30
U026700,16,1,4,2,0,7,1,1,22
U026701,16,2,2,4,1,2,0,1,12
U026702,9,3,6,1,1,3,1,0,19
U026703,20,2,8,7,0,4,0,2,24
U026704,14,1,7,1,0,7,2,0,18
U026705,8,1,4,2,0,5,1,0,20
U026706,9,1,2,1,3,4,1,0,16
U026707,9,0,4,5,0,7,1,1,18
U026708,14,3,9,6,1,5,2,1,36
U026709,10,1,4,2,0,7,0,1,20
U026710,11,0,4,1,0,7,2,1,12
U026711,14,2,12,0,0,7,2,3,20
U026712,10,3,2,1,0,8,0,0,20
U026713,8,3,1,2,0,4,1,0,24
U026714,14,0,7,4,2,4,0,0,7
U026715,17,1,18,2,0,8,2,0,23
U026716,15,3,8,2,0,6,0,2,29
U026717,12,1,2,3,3,4,0,0,13
U026718,23,4,5,1,0,7,0,1,21
U026719,8,1,6,5,3,3,3,1,22
U026720,13,3,10,5,0,8,0,1,23
U026721,18,0,8,3,0,4,1,0,18
U026722,15,3,11,4,0,6,2,0,12
U026723,25,7,7,3,2,11,3,2,38
U026724,7,1,3,1,0,3,0,0,20
U026725,11,0,0,3,0,4,2,1,16
U026726,16,3,7,6,0,5,1,1,27
U026727,8,0,1,1,4,9,0,0,8
U026728,10,0,5,6,0,2,0,4,21
U026729,14,0,6,3,0,5,1,2,16
U026730,9,1,4,2,0,3,1,2,22
U026731,8,0,3,1,0,2,0,0,23
U026732,16,6,7,2,0,12,1,0,23
U026733,14,0,8,5,0,6,2,0,14
U026734,13,1,5,2,0,1,2,0,20
U026735,9,4,9,3,1,6,4,1,19
U026736,10,2,5,2,0,2,1,0,12
U026737,10,0,1,1,1,9,2,1,14
U026738,16,2,3,3,0,3,0,0,20
U026739,15,4,9,0,1,8,0,0,21
U026740,24,2,7,3,1,8,2,3,41
U026741,13,1,8,2,1,4,0,1,27
U026742,17,1,8,3,1,9,1,1,27
U026743,12,3,6,2,0,7,2,1,24
U026744,12,2,11,5,0,8,4,2,32
U026745,14,8,11,4,0,8,0,2,26
U026746,11,4,0,1,6,3,2,2,7
U026747,12,1,7,2,1,8,0,1,14
U026748,12,4,7,3,1,8,0,2,30
U026749,16,2,4,1,0,5,3,0,11
U026750,16,7,6,6,0,8,3,2,28
U026751,7,1,9,6,0,5,2,1,17
U026752,11,2,7,4,1,3,1,1,24
U026753,11,3,8,1,0,4,0,1,17
U026754,10,1,4,2,2,5,0,0,16
U026755,10,3,8,1,1,6,2,1,19
U026756,18,5,5,3,1,6,0,1,28
U026757,18,5,9,2,0,6,0,2,26
U026758,15,2,10,6,0,3,2,0,21
U026759,12,7,16,4,0,8,1,1,34
U026760,11,3,6,2,1,5,1,0,23
U026761,13,2,4,2,4,4,1,2,20
U026762,13,1,6,2,0,3,0,0,23
U026763,11,5,3,2,1,9,4,0,35
U026764,13,1,8,4,1,7,1,3,31
U026765,8,0,9,2,0,6,0,1,13
U026766,12,0,6,2,0,5,2,2,14
U026767,14,6,4,4,0,4,0,1,21
U026768,13,0,2,3,3,3,0,0,20
U026769,16,0,5,6,1,5,0,1,20
U026770,17,2,10,1,1,9,4,1,23
U026771,24,5,10,5,0,1,1,0,33
U026772,7,2,11,2,1,2,0,1,11
U026773,12,0,6,1,2,9,3,0,19
U026774,16,4,1,3,7,5,2,0,20
U026775,17,7,8,4,1,7,1,0,20
U026776,14,1,8,3,0,6,0,3,15
U026777,9,0,9,1,0,9,2,2,18
U026778,14,2,6,1,0,6,1,2,13
U026779,17,0,5,5,1,5,0,0,23
U026780,14,2,9,7,0,3,0,3,26
U026781,14,1,7,3,0,1,0,0,18
U026782,16,0,6,2,0,5,2,0,21
U026783,15,1,7,1,0,4,0,1,12
U026784,24,5,7,3,0,4,0,1,32
U026785,12,7,5,8,1,8,0,1,23
U026786,9,4,5,2,0,7,2,1,25
U026787,20,2,4,3,7,4,1,0,16
U026788,10,3,7,2,1,4,2,1,27
U026789,14,0,1,2,0,7,2,0,22
U026790,10,0,7,3,0,2,1,2,16
U026791,15,2,4,3,2,10,1,1,14
U026792,13,1,2,0,0,3,1,0,20
U026793,10,0,3,1,1,3,3,2,15
U026794,17,12,4,2,0,11,1,1,23
U026795,7,1,11,2,0,3,4,0,24
U026796,15,4,5,2,0,5,2,1,18
U026797,20,6,14,1,0,8,1,2,22
U026798,15,5,8,2,1,4,0,0,19
U026799,12,2,7,3,0,10,1,3,32
U026800,15,2,3,4,1,11,3,3,24
U026801,5,1,7,2,1,5,0,0,19
U026802,17,4,6,4,1,8,2,1,25
U026803,14,2,5,4,0,11,2,1,26
U026804,12,1,4,4,0,4,1,0,27
U026805,15,3,1,6,3,5,1,0,9
U026806,12,3,8,4,0,6,4,1,20
U026807,7,3,4,8,4,6,2,0,17
U026808,9,2,2,5,0,8,1,1,28
U026809,15,3,9,9,7,4,0,1,22
U026810,15,0,10,4,0,7,1,1,34
U026811,16,2,2,2,0,3,1,0,15
U026812,8,0,1,3,1,4,0,1,18
U026813,6,2,3,3,1,1,1,1,13
U026814,12,2,5,6,1,9,1,2,21
U026815,16,5,7,5,0,6,0,1,20
U026816,22,4,9,3,1,8,0,0,33
U026817,16,4,4,1,0,6,0,2,17
U026818,10,2,4,3,0,1,1,0,18
U026819,9,0,0,0,1,2,2,2,14
U026820,19,2,4,1,3,8,3,3,22
U026821,13,3,8,3,0,8,0,2,35
U026822,20,2,7,5,0,3,1,2,22
U026823,15,5,10,1,0,5,1,0,23
U026824,15,2,7,3,1,3,2,1,13
U026825,19,2,4,4,0,8,0,2,26
U026826,15,4,7,3,0,4,3,1,21
U026827,15,4,5,0,3,5,2,3,18
U026828,14,4,6,1,2,5,1,1,23
U026829,10,1,6,1,0,7,0,0,21
U026830,12,3,4,2,3,1,2,1,27
U026831,10,0,3,2,6,7,0,3,15
U026832,13,2,12,3,1,8,2,1,24
U026833,14,3,8,3,5,7,1,0,15
U026834,19,3,9,5,0,4,0,2,33
U026835,6,1,4,3,0,2,2,0,5
U026836,11,2,8,3,0,8,0,0,13
U026837,11,4,7,4,1,6,1,2,23
U026838,18,6,5,3,0,6,4,1,29
U026839,16,2,4,2,3,8,0,1,16
U026840,10,3,6,4,1,5,1,1,18
U026841,18,2,7,2,2,9,1,0,27
U026842,14,3,7,5,0,8,7,1,23
U026843,9,6,6,1,0,9,1,1,31
U026844,17,1,2,5,0,2,3,0,22
U026845,9,0,5,2,0,3,3,1,15
U026846,9,0,4,1,0,10,2,1,16
U026847,8,1,5,3,0,7,1,2,15
U026848,17,5,8,7,0,10,2,1,25
U026849,16,2,6,5,0,6,1,0,38
U026850,11,0,6,1,1,6,1,0,23
U026851,12,1,4,4,3,6,0,2,12
U026852,19,3,12,10,0,10,5,2,35
U026853,7,0,2,2,2,4,0,1,9
U026854,24,1,4,5,1,3,1,0,15
U026855,8,2,6,2,6,5,3,0,10
U026856,13,7,5,5,2,8,1,1,21
U026857,7,2,7,2,1,8,4,1,28
U026858,17,3,8,5,2,8,2,0,31
U026859,19,6,5,1,0,5,3,2,25
U026860,7,2,4,4,2,4,1,2,10
U026861,10,0,3,3,4,3,2,0,13
U026862,11,1,5,2,0,3,2,0,14
U026863,9,1,5,2,0,0,0,0,20
U026864,10,3,6,5,1,9,0,1,21
U026865,18,4,4,5,1,8,1,0,29
U026866,16,3,7,3,0,4,0,1,20
U026867,13,3,5,2,0,4,0,0,18
U026868,8,0,4,1,0,2,0,2,7
U026869,16,4,9,6,1,7,2,3,25
U026870,17,2,6,4,4,6,1,1,17
U026871,8,1,3,0,4,3,1,1,12
U026872,11,1,5,4,1,5,0,1,22
U026873,18,1,9,6,0,11,0,2,27
U026874,21,4,2,5,1,5,2,1,25
U026875,7,7,5,6,1,7,0,0,23
U026876,15,2,4,5,5,4,1,0,16
U026877,15,1,3,3,2,11,0,0,19
U026878,8,1,1,0,2,0,0,0,21
U026879,15,1,3,3,0,9,3,2,31
U026880,16,8,10,6,0,9,3,2,29
U026881,7,1,4,2,0,2,3,0,12
U026882,12,1,5,2,0,8,1,0,15
U026883,13,5,13,4,0,6,0,1,38
U026884,11,2,11,2,0,3,1,1,21
U026885,16,5,7,3,0,4,3,1,32
U026886,10,4,6,5,0,7,3,0,22
U026887,13,4,5,3,0,7,1,1,30
U026888,8,5,3,3,0,7,1,2,26
U026889,14,1,5,0,1,2,1,4,22
U026890,16,3,4,1,3,4,4,0,19
U026891,8,1,11,3,0,8,2,2,29
U026892,13,2,5,2,1,4,0,0,14
U026893,22,6,5,5,0,5,2,2,34
U026894,12,6,9,5,1,7,6,2,21
U026895,9,1,8,3,1,3,6,0,21
U026896,14,3,8,5,0,9,2,0,40
U026897,11,2,7,4,5,5,3,1,31
U026898,19,4,4,4,0,6,2,0,27
U026899,11,0,3,3,0,3,1,1,19
U026900,10,3,5,1,1,3,3,1,13
U026901,9,2,5,3,1,7,0,2,19
U026902,4,1,4,4,0,2,1,1,16
U026903,14,8,2,2,1,6,0,1,29
U026904,10,0,5,1,1,9,0,1,15
U026905,19,3,8,3,1,5,2,1,20
U026906,14,3,10,3,0,6,6,0,34
U026907,9,2,2,1,5,4,1,0,16
U026908,9,3,1,2,4,4,0,2,15
U026909,11,2,5,0,0,6,1,0,21
U026910,8,1,3,3,1,6,1,3,11
U026911,13,2,5,1,3,4,3,0,14
U026912,23,8,7,6,0,5,0,1,24
U026913,8,3,4,2,0,4,2,3,20
U026914,4,0,3,0,1,3,0,3,13
U026915,11,2,4,3,0,5,0,1,25
U026916,20,1,6,2,0,10,1,1,24
U026917,12,2,10,4,0,4,0,2,12
U026918,12,0,2,2,3,3,1,0,19
U026919,15,1,5,4,2,6,1,0,13
U026920,8,3,3,3,0,3,0,3,17
U026921,8,1,0,6,0,5,1,0,12
U026922,12,2,8,5,2,5,2,0,27
U026923,12,0,5,1,1,1,1,2,20
U026924,12,1,3,3,0,1,1,4,12
U026925,11,3,8,4,1,7,4,2,23
U026926,13,2,5,1,0,3,1,1,20
U026927,8,2,9,5,2,8,1,0,27
U026928,14,1,7,3,1,5,0,0,16
U026929,15,1,10,3,1,4,0,2,18
U026930,13,1,11,6,0,3,6,1,17
U026931,6,3,3,2,5,2,1,2,15
U026932,11,6,5,2,1,2,1,0,17
U026933,13,2,7,5,0,3,3,0,21
U026934,16,1,8,2,0,5,0,1,14
U026935,7,1,5,3,1,5,1,0,15
U026936,20,5,7,5,1,5,0,1,26
U026937,14,2,7,2,0,7,2,3,15
U026938,14,2,4,4,1,9,2,2,16
U026939,9,0,6,1,3,4,0,2,11
U026940,11,3,4,5,4,6,3,0,15
U026941,10,1,5,0,1,7,3,2,15
U026942,13,2,5,4,1,6,0,3,31
U026943,12,0,6,7,0,4,1,0,17
U026944,8,2,4,2,0,4,0,0,29
U026945,15,2,8,4,0,6,4,4,29
U026946,12,0,15,0,0,2,1,2,15
U026947,16,3,6,1,0,8,2,1,15
U026948,18,3,8,3,1,7,0,0,40
U026949,16,3,7,0,6,6,3,1,20
U026950,16,2,4,2,0,3,1,1,20
U026951,15,0,6,3,0,7,0,2,16
U026952,15,3,7,5,1,8,1,1,20
U026953,10,0,6,3,1,2,0,1,18
U026954,9,1,5,0,0,5,0,3,7
U026955,7,2,7,7,0,5,0,1,21
U026956,17,1,6,2,0,6,0,0,18
U026957,16,0,7,4,0,4,0,1,17
U026958,10,1,4,1,2,4,0,3,18
U026959,18,1,14,3,1,7,0,0,40
U026960,11,4,6,1,0,5,1,2,20
U026961,8,1,4,3,0,8,1,1,11
U026962,4,1,6,2,0,4,0,1,19
U026963,16,2,11,1,1,8,3,0,29
U026964,17,4,4,4,1,5,1,2,25
U026965,5,0,1,0,4,1,0,2,10
U026966,12,1,9,3,0,9,2,1,25
U026967,7,0,5,0,1,4,0,0,11
U026968,6,0,1,2,1,3,1,0,11
U026969,15,1,9,1,1,5,2,1,13
U026970,12,6,5,4,0,10,1,1,16
U026971,13,0,3,0,0,3,0,0,18
U026972,4,0,2,3,3,4,0,1,9
U026973,13,0,3,0,0,2,3,2,16
U026974,9,0,5,4,2,7,2,0,22
U026975,10,4,10,4,1,2,1,0,15
U026976,8,0,5,3,2,3,1,1,15
U026977,11,1,8,2,1,5,1,1,19
U026978,17,6,9,5,0,9,1,0,22
U026979,5,1,5,0,3,3,2,0,17
U026980,8,0,7,3,0,3,2,0,22
U026981,19,3,11,2,0,14,0,1,29
U026982,17,2,8,4,1,7,0,1,36
U026983,5,1,5,2,3,4,0,0,11
U026984,11,0,0,2,0,7,3,1,14
U026985,11,1,7,1,0,7,0,1,13
U026986,12,2,2,2,1,3,1,2,19
U026987,9,2,10,1,2,6,1,2,29
U026988,9,0,3,2,0,3,1,0,10
U026989,11,0,0,2,1,7,0,0,19
U026990,9,0,7,4,0,4,0,3,13
U026991,13,0,3,2,0,6,1,0,14
U026992,14,3,3,0,2,5,2,1,16
U026993,16,2,4,4,1,4,2,0,29
U026994,7,0,5,0,4,3,0,0,13
U026995,9,4,6,6,0,6,2,3,25
U026996,21,3,4,2,0,5,0,0,24
U026997,6,1,4,4,7,2,1,0,19
U026998,9,1,4,3,1,4,1,1,10
U026999,8,1,1,2,0,6,1,1,11
U027000,11,0,2,3,0,7,0,1,12
U027001,11,1,3,2,4,6,0,0,16
U027002,13,6,7,4,0,6,4,0,26
U027003,18,1,8,3,2,8,2,2,19
U027004,5,0,5,2,0,6,0,4,30
U027005,13,6,4,1,5,5,0,0,22
U027006,14,2,5,1,5,4,0,0,17
U027007,14,5,5,3,0,7,2,2,30
U027008,2,1,4,3,0,7,1,2,21
U027009,12,0,2,0,3,2,1,0,5
U027010,14,0,11,4,1,5,1,2,17
U027011,15,4,6,0,0,4,2,0,25
U027012,13,2,5,2,1,8,0,0,22
U027013,14,1,2,2,2,4,0,3,10
U027014,11,2,10,4,1,5,2,0,27
U027015,13,4,6,5,1,6,1,2,17
U027016,12,6,7,1,5,4,1,3,19
U027017,11,0,1,0,3,2,1,0,13
U027018,17,1,5,2,0,2,1,0,18
U027019,12,0,7,2,0,6,3,0,17
U027020,9,3,6,2,0,2,2,0,16
U027021,16,1,6,7,0,5,0,0,24
U027022,13,0,5,1,2,5,2,2,14
U027023,9,0,2,1,0,7,0,1,20
U027024,16,8,8,1,0,9,1,2,26
U027025,10,0,9,2,0,4,0,1,20
U027026,24,3,8,5,0,6,3,0,25
U027027,11,3,4,3,0,5,0,0,24
U027028,20,5,13,2,0,3,5,0,24
U027029,11,0,6,5,0,4,2,2,14
U027030,15,2,6,6,0,11,0,0,23
U027031,16,1,6,2,0,14,2,2,29
U027032,6,0,5,1,1,5,1,1,17
U027033,8,0,6,3,0,7,2,0,22
U027034,9,0,2,2,0,7,1,1,20
U027035,6,3,6,3,3,4,1,0,24
U027036,17,4,6,3,0,7,0,0,22
U027037,9,1,6,2,1,7,2,0,16
U027038,14,0,1,1,8,7,1,2,12
U027039,18,1,7,1,3,3,2,0,19
U027040,10,3,4,4,0,3,1,0,25
U027041,10,1,4,2,0,4,2,0,17
U027042,12,3,7,2,0,7,2,0,20
U027043,28,3,6,1,1,7,2,3,32
U027044,10,0,1,2,2,2,0,0,12
U027045,16,1,6,4,0,7,2,2,24
U027046,10,1,4,0,0,3,1,0,26
U027047,12,1,1,4,1,4,2,1,12
U027048,13,2,5,3,0,14,4,0,18
U027049,17,2,10,1,0,4,1,0,27
U027050,8,1,6,0,2,1,2,1,21
U027051,10,3,4,6,0,3,1,1,22
U027052,24,1,8,0,0,6,2,0,25
U027053,17,4,4,4,0,5,0,1,22
U027054,15,5,9,5,1,3,2,0,24
U027055,20,1,5,5,0,5,4,2,32
U027056,15,2,3,3,3,7,0,0,20
U027057,10,0,5,4,0,5,0,1,15
U027058,13,5,10,4,1,13,3,0,25
U027059,10,1,6,4,1,3,2,2,14
U027060,17,4,6,3,1,8,1,1,28
U027061,14,3,8,6,0,5,1,0,15
U027062,10,4,5,4,0,4,2,1,19
U027063,12,1,4,2,0,3,4,0,18
U027064,11,2,3,3,5,2,0,0,13
U027065,12,2,6,3,0,7,1,1,13
U027066,10,1,5,2,0,5,0,0,19
U027067,13,1,5,3,1,4,0,1,19
U027068,12,6,12,0,2,5,2,0,22
U027069,8,0,6,2,0,2,1,1,17
U027070,7,0,3,1,5,2,0,1,6
U027071,13,2,11,0,1,6,1,2,20
U027072,8,2,4,2,1,5,0,0,20
U027073,9,3,5,3,1,8,3,2,21
U027074,20,6,7,5,0,9,2,0,33
U027075,16,3,5,2,5,9,0,0,17
U027076,14,2,9,2,0,1,0,1,18
U027077,11,1,4,2,1,4,2,0,17
U027078,11,2,7,3,0,7,2,2,18
U027079,22,4,6,4,1,6,1,1,26
U027080,14,4,10,7,0,7,1,1,30
U027081,10,3,4,6,0,5,0,1,21
U027082,16,6,7,4,0,11,1,0,26
U027083,13,6,8,2,1,5,3,1,20
U027084,18,4,7,1,0,5,1,1,13
U027085,13,2,5,2,0,6,2,1,24
U027086,22,1,9,7,0,2,3,1,27
U027087,12,2,6,5,1,7,1,2,31
U027088,18,0,9,5,0,6,1,1,33
U027089,9,1,5,4,0,9,0,0,11
U027090,11,0,3,1,0,8,4,0,12
U027091,22,2,11,1,0,8,1,3,31
U027092,11,3,0,2,1,8,2,3,30
U027093,12,2,4,1,3,3,1,1,14
U027094,15,4,9,2,0,7,0,0,15
U027095,12,3,4,2,6,3,0,0,17
U027096,16,2,9,5,0,3,0,0,26
U027097,5,0,3,2,2,2,0,1,24
U027098,18,2,5,1,1,6,2,1,22
U027099,11,4,13,4,0,4,2,0,16
U027100,13,0,4,1,0,5,1,0,16
U027101,9,0,3,2,0,6,2,0,16
U027102,19,3,3,1,1,5,2,1,25
U027103,17,4,9,2,0,7,2,2,32
U027104,9,3,2,0,3,3,0,0,16
U027105,18,1,4,2,6,3,1,0,23
U027106,12,5,2,1,3,2,2,2,16
U027107,9,1,8,3,0,12,2,0,19
U027108,13,1,3,3,0,5,1,1,17
U027109,10,4,1,2,0,2,2,1,21
U027110,13,2,4,2,0,5,0,0,15
U027111,22,3,5,5,0,6,3,2,32
U027112,15,1,9,4,1,4,2,0,20
U027113,6,0,5,5,6,2,1,0,17
U027114,16,8,8,5,0,7,2,1,34
U027115,11,1,5,3,0,4,3,0,21
U027116,7,2,2,2,4,8,1,1,13
U027117,8,3,4,2,0,8,1,2,23
U027118,12,2,3,3,1,2,2,2,23
U027119,21,1,9,1,0,9,2,2,19
U027120,15,4,6,3,1,7,0,0,17
U027121,8,3,3,3,5,5,1,2,21
U027122,24,4,1,3,0,7,0,3,21
U027123,13,1,2,1,0,4,1,1,20
U027124,14,4,1,3,0,5,3,2,28
U027125,16,6,3,2,1,8,0,0,26
U027126,15,1,5,5,1,2,0,0,21
U027127,8,1,3,2,0,3,0,1,14
U027128,7,0,6,1,1,8,1,0,13
U027129,11,5,8,6,1,9,0,0,23
U027130,19,1,4,2,4,5,0,2,20
U027131,7,2,8,4,0,5,1,0,18
U027132,23,5,6,1,0,3,2,1,27
U027133,8,3,5,6,5,5,0,0,16
U027134,10,2,3,2,3,7,1,1,20
U027135,16,3,6,1,5,4,0,0,17
U027136,12,0,5,3,0,4,1,0,17
U027137,6,1,4,1,0,1,0,1,17
U027138,13,1,4,3,0,8,1,1,30
U027139,8,4,6,5,0,7,3,1,18
U027140,15,4,10,2,0,10,3,1,31
U027141,12,0,1,3,0,6,0,0,12
U027142,16,0,4,3,0,4,3,1,12
U027143,15,2,6,4,0,4,1,3,20
U027144,17,2,9,6,0,8,1,1,21
U027145,14,3,4,2,1,0,1,1,19
U027146,13,2,3,0,0,8,0,1,11
U027147,14,4,8,1,0,7,2,1,26
U027148,10,8,6,4,1,10,0,1,23
U027149,10,2,4,2,1,7,2,0,19
U027150,19,0,6,3,0,6,1,1,23
U027151,8,0,5,3,0,5,0,0,16
U027152,12,3,5,2,4,5,0,3,20
U027153,17,1,5,2,1,4,1,0,13
U027154,14,3,8,3,0,5,5,0,15
U027155,13,0,1,1,0,4,1,1,9
U027156,12,0,3,3,0,2,0,0,15
U027157,9,1,7,1,0,9,1,0,19
U027158,11,8,8,2,1,4,3,1,24
U027159,13,3,4,2,0,2,3,1,25
U027160,11,2,5,5,0,3,1,1,20
U027161,17,7,8,2,0,12,0,0,24
U027162,9,0,3,5,2,3,1,0,17
U027163,15,2,3,4,1,5,0,0,19
U027164,15,1,3,3,1,8,2,1,14
U027165,11,2,6,3,4,4,0,1,21
U027166,8,4,2,0,0,5,1,0,17
U027167,10,4,10,2,4,4,1,1,13
U027168,18,6,9,2,0,9,2,0,29
U027169,8,0,2,3,0,3,2,0,7
U027170,15,0,7,2,0,9,0,1,18
U027171,18,4,6,3,0,7,1,2,23
U027172,8,1,3,0,2,1,1,0,19
U027173,23,3,9,3,0,11,1,2,22
U027174,12,2,4,3,0,8,0,2,22
U027175,23,6,9,3,0,8,3,1,31
U027176,9,2,5,2,3,2,0,2,6
U027177,7,2,4,1,0,5,2,0,15
U027178,12,4,8,2,0,6,2,0,17
U027179,15,0,5,3,0,4,0,2,16
U027180,20,1,11,8,1,3,1,0,18
U027181,13,2,7,4,0,7,1,0,31
U027182,14,3,11,3,0,4,2,0,25
U027183,12,0,4,3,2,4,3,1,18
U027184,24,3,4,3,0,9,3,0,41
U027185,14,3,8,3,0,4,0,2,24
U027186,17,6,9,4,0,5,1,1,21
U027187,13,4,6,1,1,11,2,1,23
U027188,11,0,8,4,0,5,0,1,19
U027189,7,1,2,1,4,4,2,1,9
U027190,23,0,11,2,0,6,4,1,18
U027191,20,6,10,11,0,7,0,1,32
U027192,11,1,3,2,0,5,2,2,12
U027193,10,0,6,1,5,4,2,0,17
U027194,11,3,2,3,0,5,1,3,17
U027195,13,2,5,4,0,5,1,2,26
U027196,17,2,10,3,1,6,2,2,17
U027197,18,1,3,1,0,5,1,0,21
U027198,17,3,6,5,1,5,4,1,20
U027199,16,0,2,2,2,4,0,2,15
U027200,13,3,6,5,1,9,2,1,28
U027201,11,1,8,2,1,3,1,0,19
U027202,12,4,4,1,4,7,1,1,13
U027203,7,2,3,7,2,6,2,1,10
U027204,14,4,9,3,3,7,0,2,29
U027205,17,6,5,2,0,10,2,1,22
U027206,11,2,6,1,1,7,0,0,31
U027207,13,2,7,2,0,4,2,1,17
U027208,15,3,4,2,0,6,0,1,28
U027209,9,0,6,1,1,9,0,0,17
U027210,12,7,9,3,1,9,0,1,27
U027211,10,7,7,4,0,5,0,3,21
U027212,18,2,6,0,0,2,1,0,30
U027213,10,1,1,4,2,8,0,1,25
U027214,15,4,5,1,0,9,2,0,34
U027215,16,1,4,2,1,9,0,0,22
U027216,17,2,7,1,0,9,3,0,19
U027217,12,1,5,2,0,3,0,3,19
U027218,12,4,4,4,0,7,2,0,29
U027219,9,1,2,2,5,3,0,0,14
U027220,20,2,2,1,0,9,3,0,24
U027221,12,2,4,1,1,5,3,1,18
U027222,6,3,3,2,0,1,2,1,15
U027223,13,1,2,1,6,4,2,1,18
U027224,17,3,8,1,0,4,0,2,26
U027225,14,1,6,2,0,3,0,1,23
U027226,12,3,8,2,1,5,0,0,17
U027227,17,3,4,4,1,3,2,1,20
U027228,13,2,3,4,0,9,1,2,23
U027229,5,3,8,1,1,6,1,3,27
U027230,12,1,3,2,0,4,0,0,17
U027231,9,0,4,2,0,1,1,2,17
U027232,10,0,3,2,0,4,3,0,21
U027233,11,2,4,1,0,6,1,1,20
U027234,10,0,9,3,0,6,1,2,25
U027235,10,1,6,4,0,5,1,0,20
U027236,11,5,4,3,4,6,1,0,13
U027237,8,0,1,3,2,1,1,0,14
U027238,11,0,4,1,0,4,1,0,11
U027239,18,0,5,2,0,7,4,0,16
U027240,13,0,6,1,0,4,1,0,11
U027241,10,6,4,4,1,5,2,0,16
U027242,8,0,4,3,3,2,1,0,7
U027243,17,2,3,3,0,5,1,1,22
U027244,10,0,7,3,1,8,0,1,21
U027245,4,0,7,3,2,10,2,1,20
U027246,21,2,11,4,0,8,1,1,31
U027247,7,2,12,1,0,6,1,5,19
U027248,23,1,6,2,1,9,3,0,18
U027249,13,6,2,2,3,4,0,0,9
U027250,8,0,6,1,0,6,3,0,23
U027251,10,4,3,8,0,7,6,0,29
U027252,8,2,6,2,0,3,0,0,14
U027253,11,4,10,1,11,4,2,1,20
U027254,9,1,7,3,2,4,0,0,21
U027255,12,0,6,0,0,4,1,0,16
U027256,21,0,7,4,1,6,1,3,17
U027257,11,6,5,3,0,11,1,0,15
U027258,8,0,3,3,0,5,3,2,20
U027259,22,1,8,5,0,7,1,4,30
U027260,10,0,3,2,0,3,1,2,13
U027261,7,0,5,5,0,4,2,2,12
U027262,14,3,5,3,0,6,0,2,19
U027263,12,1,8,1,1,3,1,1,19
U027264,15,3,5,3,0,9,1,1,25
U027265,12,2,7,5,1,5,0,0,15
U027266,8,3,5,3,0,2,0,0,23
U027267,21,2,1,2,0,5,0,2,23
U027268,12,0,3,3,0,5,2,1,12
U027269,13,1,5,2,0,4,0,0,15
U027270,14,1,8,2,1,11,0,0,26
U027271,8,2,1,1,3,2,1,2,16
U027272,7,1,3,5,3,3,1,0,10
U027273,7,0,5,2,0,1,3,1,22
U027274,8,0,4,0,4,3,1,0,19
U027275,16,3,7,1,0,6,1,0,24
U027276,8,0,5,1,0,6,1,1,14
U027277,15,2,5,7,0,3,0,4,25
U027278,15,4,6,3,1,8,1,1,16
U027279,12,1,7,3,0,8,0,0,19
U027280,4,0,5,2,0,6,2,1,13
U027281,9,0,5,1,5,5,2,0,6
U027282,12,2,4,5,3,5,1,2,17
U027283,8,2,4,3,0,2,1,2,14
U027284,19,1,7,5,3,6,1,1,19
U027285,15,2,2,4,2,4,0,0,15
U027286,13,0,7,5,0,4,4,1,14
U027287,9,2,5,5,8,8,1,1,15
U027288,8,0,10,4,4,5,0,0,15
U027289,13,3,3,3,0,8,0,0,21
U027290,21,6,3,2,0,6,1,1,25
U027291,5,0,6,1,1,1,0,1,10
U027292,10,0,2,2,1,5,0,1,18
U027293,14,3,2,2,0,9,4,1,27
U027294,19,5,11,3,0,10,1,0,29
U027295,13,1,1,3,3,3,0,2,18
U027296,16,3,6,2,1,7,2,1,29
U027297,11,1,2,1,0,3,1,0,30
U027298,13,2,9,6,0,4,0,0,21
U027299,12,0,9,2,0,4,0,0,17
U027300,14,2,3,7,1,8,1,1,18
U027301,16,0,1,2,2,5,2,1,20
U027302,15,5,8,4,0,2,0,1,16
U027303,13,0,6,3,0,3,2,0,15
U027304,16,4,7,5,0,17,2,0,26
U027305,12,0,2,1,0,6,1,1,23
U027306,7,3,4,3,0,3,2,1,12
U027307,10,0,6,2,0,7,0,0,19
U027308,16,2,6,3,0,5,2,0,15
U027309,16,3,4,3,0,4,2,4,21
U027310,9,6,8,4,0,9,0,0,21
U027311,12,1,2,2,0,6,1,0,12
U027312,7,1,6,1,5,2,0,0,5
U027313,21,0,7,1,1,8,0,0,32
U027314,7,1,4,0,0,7,0,1,18
U027315,9,0,4,0,1,2,0,1,14
U027316,13,3,5,8,0,5,1,1,26
U027317,11,4,11,2,0,13,1,0,28
U027318,19,2,5,1,0,8,0,0,29
U027319,17,4,7,5,2,9,1,1,27
U027320,7,1,3,3,1,1,0,1,17
U027321,15,0,5,0,0,3,3,1,14
U027322,12,3,11,5,0,8,1,2,37
U027323,9,2,3,0,4,4,0,0,9
U027324,18,1,8,4,2,15,1,0,29
U027325,22,2,8,3,0,8,0,1,17
U027326,17,7,9,2,1,5,0,1,16
U027327,13,5,10,2,0,6,3,3,28
U027328,6,0,6,0,0,4,0,1,15
U027329,5,1,6,0,0,4,0,0,5
U027330,18,2,4,7,7,10,0,0,17
U027331,11,2,12,4,0,8,3,0,27
U027332,16,0,5,4,4,2,3,2,27
U027333,22,2,3,2,0,4,1,0,26
U027334,4,0,6,2,3,5,1,0,15
U027335,11,4,5,3,0,2,1,2,11
U027336,9,0,6,2,1,4,0,2,19
U027337,7,3,4,4,6,3,0,1,33
U027338,10,1,2,1,0,4,1,0,17
U027339,12,5,8,2,0,5,1,1,16
U027340,11,3,2,4,0,5,0,1,24
U027341,11,3,3,2,3,2,0,0,11
U027342,9,5,5,5,0,3,2,0,16
U027343,8,4,3,7,2,1,1,0,20
U027344,17,2,7,2,1,5,0,3,30
U027345,7,2,7,2,1,3,1,0,11
U027346,19,2,10,4,0,8,0,2,29
U027347,19,5,7,1,0,5,3,1,36
U027348,10,0,2,2,0,5,2,2,8
U027349,13,0,5,4,0,4,2,2,16
U027350,14,3,9,3,0,3,1,1,18
U027351,26,4,12,1,1,4,1,1,32
U027352,20,7,10,2,1,5,4,0,34
U027353,4,0,3,2,0,6,1,0,27
U027354,16,4,5,2,0,5,4,0,23
U027355,13,1,7,0,1,10,0,2,18
U027356,19,0,5,2,0,10,2,1,23
U027357,11,0,6,1,0,5,0,0,18
U027358,11,3,5,4,5,4,1,0,21
U027359,15,1,8,4,1,4,0,0,16
U027360,26,3,10,3,1,6,2,1,19
U027361,9,3,7,3,1,9,2,2,24
U027362,15,2,11,2,0,8,2,2,29
U027363,3,0,7,2,1,2,1,1,18
U027364,10,2,12,2,4,5,2,1,30
U027365,20,3,8,2,0,6,2,1,19
U027366,10,1,7,5,0,5,0,3,14
U027367,7,1,4,1,4,2,0,0,13
U027368,2,0,3,1,1,3,1,0,19
U027369,16,2,7,4,0,6,0,2,16
U027370,12,3,7,6,0,2,1,0,19
U027371,22,1,7,1,1,6,2,2,26
U027372,12,2,6,2,0,4,1,2,19
U027373,9,6,10,5,0,4,1,1,21
U027374,15,0,4,3,0,5,0,0,22
U027375,13,2,4,2,1,2,2,2,15
U027376,14,2,5,4,1,5,1,2,29
U027377,17,8,8,1,0,11,2,1,30
U027378,9,1,1,1,3,3,1,0,18
U027379,13,0,8,2,0,4,1,1,14
U027380,16,1,5,3,0,5,0,0,23
U027381,9,2,3,2,1,7,0,0,14
U027382,16,2,3,5,0,4,0,1,26
U027383,21,4,13,1,0,11,3,2,21
U027384,13,4,5,4,0,7,2,0,46
U027385,17,5,11,7,0,8,1,2,28
U027386,13,1,3,3,0,8,0,2,18
U027387,15,2,5,1,2,8,1,1,25
U027388,9,1,3,4,2,3,1,0,19
U027389,18,3,12,2,2,3,1,1,13
U027390,18,2,14,7,0,8,0,4,23
U027391,18,2,11,1,1,5,2,1,26
U027392,10,3,6,1,0,4,1,1,16
U027393,16,1,6,3,0,4,1,0,12
U027394,12,3,2,7,1,6,0,1,19
U027395,12,6,12,6,0,10,2,0,24
U027396,10,0,4,0,1,4,1,1,20
U027397,9,1,4,6,0,7,1,0,8
U027398,11,0,3,2,6,5,1,0,16
U027399,9,0,4,3,0,4,3,0,18
U027400,8,2,7,8,0,4,0,1,22
U027401,12,4,3,1,6,3,1,1,14
U027402,15,5,8,4,1,8,3,3,29
U027403,6,4,8,2,3,3,3,0,20
U027404,21,4,14,2,1,7,2,1,19
U027405,10,1,3,3,5,5,1,1,16
U027406,18,1,4,5,1,4,0,0,18
U027407,15,4,10,1,0,9,2,2,18
U027408,7,1,1,2,5,5,1,0,11
U027409,8,0,5,3,2,5,1,0,13
U027410,17,2,6,4,0,7,2,1,17
U027411,14,4,11,6,0,4,3,2,27
U027412,8,3,9,2,0,10,1,2,16
U027413,14,6,10,5,0,2,4,1,27
U027414,0,1,2,1,3,3,1,0,13
U027415,5,3,5,4,1,4,5,0,25
U027416,16,0,7,4,1,6,0,1,21
U027417,23,5,7,4,1,12,2,1,25
U027418,11,4,5,7,0,7,0,1,38
U027419,7,2,4,0,4,1,2,1,12
U027420,9,0,7,1,0,4,0,0,26
U027421,13,2,6,4,1,7,1,1,15
U027422,10,2,6,3,0,9,2,2,25
U027423,14,5,9,3,0,8,0,1,32
U027424,15,3,11,2,0,7,1,1,28
U027425,12,5,10,3,0,6,0,1,15
U027426,11,2,6,1,1,0,1,1,10
U027427,14,2,8,1,0,3,1,3,21
U027428,11,4,6,7,9,2,2,1,23
U027429,9,0,4,1,1,8,1,0,18
U027430,17,2,13,7,1,6,5,1,27
U027431,15,3,8,4,2,8,1,3,20
U027432,14,2,3,5,0,4,4,0,23
U027433,11,2,7,1,1,9,1,2,19
U027434,7,2,6,1,0,5,2,1,19
U027435,8,2,4,1,3,3,1,0,13
U027436,10,6,14,1,2,12,2,0,24
U027437,8,2,5,9,0,5,0,0,22
U027438,8,3,7,3,2,1,0,0,16
U027439,19,3,6,2,0,9,3,0,10
U027440,9,4,1,1,5,4,0,0,13
U027441,8,2,7,4,1,5,4,2,19
U027442,11,0,1,4,1,2,1,1,16
U027443,13,4,6,3,0,5,1,2,33
U027444,19,3,11,1,0,7,1,3,22
U027445,16,1,5,2,0,6,2,0,26
U027446,12,5,8,3,0,4,0,0,25
U027447,14,0,14,3,0,7,3,0,26
U027448,12,1,2,3,5,9,0,1,19
U027449,11,1,5,2,0,7,1,2,24
U027450,16,3,7,2,1,8,1,0,21
U027451,14,4,1,1,2,4,0,0,20
U027452,12,0,3,2,2,5,0,0,13
U027453,14,4,5,1,0,5,0,2,19
U027454,11,1,6,3,1,5,1,3,24
U027455,15,4,13,7,0,3,2,0,36
U027456,10,1,6,0,0,3,1,1,11
U027457,13,0,1,4,0,8,0,0,12
U027458,10,0,4,2,0,5,2,0,13
U027459,7,0,2,7,6,10,0,0,20
U027460,15,3,8,5,1,4,1,1,24
U027461,12,5,6,2,0,4,2,1,17
U027462,19,0,3,3,0,3,0,1,15
U027463,9,1,8,4,0,5,0,2,19
U027464,6,2,5,0,3,3,1,0,15
U027465,9,2,2,5,0,5,0,0,12
U027466,20,0,3,3,0,1,1,3,16
U027467,26,4,3,3,1,5,0,2,27
U027468,7,3,2,5,1,1,1,0,12
U027469,14,2,8,3,0,5,1,1,21
U027470,14,4,10,4,0,8,1,2,29
U027471,10,3,15,2,1,8,2,1,31
U027472,11,1,2,4,0,6,0,0,8
U027473,9,2,3,5,0,4,0,0,23
U027474,14,1,7,1,0,5,2,0,17
U027475,7,0,7,3,5,3,1,2,9
U027476,12,3,9,4,1,6,1,1,35
U027477,17,3,11,2,0,6,2,0,30
U027478,14,1,3,1,1,6,2,1,16
U027479,10,0,1,2,0,6,1,0,18
U027480,10,2,7,4,3,6,1,0,26
U027481,16,6,7,3,0,3,2,1,29
U027482,8,0,4,0,3,4,0,0,10
U027483,18,0,6,6,0,11,1,0,34
U027484,11,0,7,1,0,8,1,1,20
U027485,6,0,5,4,1,7,1,0,12
U027486,19,4,10,10,0,6,0,3,30
U027487,3,4,7,0,4,5,0,2,19
U027488,16,0,7,0,0,6,1,1,19
U027489,7,1,2,6,3,4,1,0,15
U027490,11,1,4,4,2,1,1,1,12
U027491,11,3,6,5,2,5,1,1,24
U027492,15,4,4,3,1,4,1,0,15
U027493,27,2,8,4,0,7,2,3,21
U027494,11,1,6,4,0,6,3,1,24
U027495,12,0,4,3,0,6,1,0,13
U027496,11,0,4,0,0,6,0,2,13
U027497,10,3,4,6,0,8,2,0,21
U027498,10,5,7,4,0,8,3,0,33
U027499,14,1,2,1,0,4,0,0,15
U027500,12,3,11,3,0,6,0,0,26
U027501,11,4,9,3,6,6,0,0,24
U027502,10,2,11,5,0,7,2,2,28
U027503,12,3,6,2,0,4,0,2,20
U027504,7,2,1,4,5,2,0,0,8
U027505,18,4,16,3,1,8,2,1,37
U027506,17,2,6,1,0,11,2,1,28
U027507,12,1,7,4,0,3,0,0,27
U027508,12,1,11,3,1,7,1,1,20
U027509,12,0,5,7,0,7,1,0,29
U027510,6,0,2,0,0,7,0,0,7
U027511,18,2,11,7,0,10,1,5,22
U027512,8,1,4,3,0,5,0,0,15
U027513,13,2,5,1,0,2,4,0,17
U027514,13,0,2,1,1,2,0,0,13
U027515,12,2,4,0,0,6,2,1,25
U027516,14,4,6,7,1,6,1,3,27
U027517,13,0,6,3,0,1,0,2,15
U027518,9,0,2,2,5,2,0,0,11
U027519,10,1,5,3,2,6,1,1,27
U027520,10,0,4,1,0,4,2,2,20
U027521,13,0,8,3,0,8,0,1,18
U027522,12,1,5,6,0,4,0,1,13
U027523,18,0,3,4,0,6,0,1,17
U027524,13,0,2,4,1,4,1,2,16
U027525,12,0,4,3,0,4,0,1,17
U027526,16,5,7,3,1,4,1,1,22
U027527,16,1,4,2,0,4,0,2,16
U027528,6,1,0,0,1,2,1,4,10
U027529,8,0,3,3,4,2,0,0,10
U027530,9,1,4,1,2,6,3,0,14
U027531,13,1,3,4,0,7,1,2,19
U027532,10,4,3,4,0,4,1,0,15
U027533,20,5,10,4,0,6,3,2,22
U027534,11,0,6,6,0,6,0,1,20
U027535,9,1,2,4,1,8,2,1,22
U027536,9,1,1,1,1,4,2,0,17
U027537,10,3,2,2,0,6,0,1,20
U027538,12,1,8,2,0,3,0,0,20
U027539,15,2,7,2,4,4,0,0,14
U027540,22,2,7,8,0,5,2,1,15
U027541,11,1,2,3,0,2,3,1,13
U027542,16,0,1,2,0,7,1,2,17
U027543,16,0,7,1,5,8,0,1,16
U027544,12,0,2,2,0,2,0,0,13
U027545,10,3,5,5,1,14,1,1,21
U027546,9,2,5,4,0,4,2,0,17
U027547,10,1,8,1,0,4,2,2,12
U027548,18,0,3,2,0,4,0,0,29
U027549,14,2,3,3,2,6,0,1,24
U027550,5,0,6,2,2,6,2,0,12
U027551,11,8,8,1,0,11,1,2,13
U027552,12,1,6,2,0,5,2,0,23
U027553,14,5,7,2,0,5,2,0,26
U027554,7,0,4,3,0,1,0,0,9
U027555,21,1,7,2,0,4,1,1,23
U027556,11,1,6,2,6,8,2,0,16
U027557,14,5,5,4,2,6,0,1,19
U027558,13,2,2,3,7,6,1,0,22
U027559,11,2,12,1,0,3,1,1,20
U027560,17,4,8,3,0,9,4,1,25
U027561,11,0,5,1,0,2,1,1,21
U027562,11,0,5,1,0,0,1,1,18
U027563,17,4,10,7,0,3,0,1,18
U027564,21,5,7,0,0,5,3,2,24
U027565,8,1,8,3,0,3,0,1,12
U027566,19,1,5,3,2,5,1,0,20
U027567,4,2,3,2,1,0,1,2,11
U027568,10,3,6,3,0,4,0,0,17
U027569,20,5,9,4,0,6,1,2,25
U027570,5,0,2,3,3,7,0,0,9
U027571,11,6,12,3,1,6,2,0,32
U027572,12,3,6,4,0,5,0,1,24
U027573,11,0,4,1,1,2,0,0,15
U027574,12,0,6,2,2,6,0,1,13
U027575,9,0,2,2,4,3,2,1,15
U027576,15,8,7,4,2,13,0,1,31
U027577,11,0,6,0,0,4,1,1,16
U027578,12,4,8,4,1,9,1,0,25
U027579,12,0,9,0,1,6,1,2,25
U027580,18,4,5,5,0,6,6,1,24
U027581,10,6,3,0,2,6,1,1,23
U027582,10,0,2,1,0,3,1,1,20
U027583,17,2,2,2,0,3,2,1,14
U027584,5,1,2,1,0,4,0,0,20
U027585,20,5,11,3,1,8,3,0,22
U027586,11,0,6,4,0,2,0,1,17
U027587,11,0,6,1,1,6,4,2,17
U027588,21,1,5,4,0,4,0,0,29
U027589,8,2,7,2,1,6,2,1,23
U027590,11,5,3,1,1,5,2,0,27
U027591,6,0,3,3,3,2,0,0,20
U027592,10,0,7,2,1,4,1,2,17
U027593,13,0,6,5,0,3,1,2,13
U027594,17,3,4,2,0,4,0,0,22
U027595,16,4,4,8,1,3,2,1,30
U027596,7,4,7,2,0,4,0,2,23
U027597,17,0,1,2,0,3,0,1,10
U027598,21,2,6,4,0,4,2,1,24
U027599,8,1,3,6,0,4,2,1,21
U027600,8,2,1,1,1,2,1,0,9
U027601,17,3,5,4,0,13,3,2,19
U027602,15,3,9,2,0,11,2,1,18
U027603,21,6,9,5,0,9,1,0,29
U027604,8,0,2,1,1,8,1,1,26
U027605,15,1,9,2,0,4,2,1,18
U027606,12,2,6,4,5,8,0,0,16
U027607,5,0,8,3,1,7,0,1,23
U027608,11,2,3,1,2,3,2,1,20
U027609,17,6,14,2,0,2,5,1,30
U027610,12,1,3,2,0,6,0,1,22
U027611,7,3,3,3,2,2,1,1,18
U027612,16,3,8,1,1,7,0,2,22
U027613,14,4,5,2,1,9,4,1,30
U027614,12,2,4,0,3,8,1,2,13
U027615,9,1,3,4,0,5,0,1,20
U027616,19,1,5,3,1,7,0,2,18
U027617,13,3,4,7,0,3,0,1,21
U027618,15,7,10,8,0,12,1,1,24
U027619,17,2,10,1,2,5,1,1,21
U027620,9,1,2,3,4,2,1,0,18
U027621,11,1,6,3,0,5,2,2,18
U027622,15,3,4,2,0,9,2,0,20
U027623,17,1,4,4,0,4,1,0,17
U027624,18,0,4,2,0,10,1,0,17
U027625,11,0,7,1,0,8,0,0,16
U027626,10,3,3,3,3,2,2,2,22
U027627,15,3,7,1,0,9,1,1,28
U027628,15,4,6,2,1,5,4,0,20
U027629,22,2,10,3,0,3,3,0,16
U027630,8,1,2,0,5,1,1,0,5
U027631,22,2,10,9,0,7,1,0,21
U027632,16,5,4,0,0,7,4,1,20
U027633,18,1,12,4,1,6,1,1,20
U027634,16,0,3,4,1,2,1,1,19
U027635,17,2,10,1,0,3,1,0,26
U027636,24,4,6,7,0,7,0,1,33
U027637,8,1,7,2,0,11,3,1,23
U027638,19,7,7,5,1,10,1,0,37
U027639,9,4,9,3,1,8,0,2,19
U027640,20,3,5,5,1,6,2,0,29
U027641,8,0,7,2,1,5,0,2,19
U027642,23,4,1,3,0,6,2,2,8
U027643,13,5,4,1,0,8,1,2,26
U027644,10,2,10,3,0,7,1,0,16
U027645,15,4,6,5,0,8,0,0,24
U027646,12,2,3,2,1,4,0,1,20
U027647,11,0,7,1,0,10,1,0,30
U027648,21,3,3,2,1,7,2,1,25
U027649,13,0,1,3,0,4,0,0,20
U027650,17,3,9,3,0,9,2,0,16
U027651,10,0,2,4,0,5,1,3,13
U027652,12,1,3,6,0,9,2,0,23
U027653,7,3,6,1,7,3,2,0,24
U027654,7,0,1,2,0,3,0,1,16
U027655,8,0,7,5,2,8,0,2,22
U027656,13,2,4,1,3,4,0,1,11
U027657,20,1,6,5,0,7,1,2,28
U027658,14,4,10,2,0,7,1,1,21
U027659,12,2,8,3,0,6,2,2,17
U027660,21,5,10,0,1,3,0,1,23
U027661,13,0,3,2,0,9,1,1,21
U027662,8,4,4,1,1,4,3,3,8
U027663,10,0,2,3,0,4,1,2,15
U027664,16,2,6,2,0,5,0,2,22
U027665,4,1,3,1,5,3,0,1,7
U027666,14,1,7,2,0,2,0,3,18
U027667,13,2,10,3,3,7,0,0,20
U027668,19,8,8,8,0,10,2,1,26
U027669,12,0,9,0,0,4,1,0,18
U027670,12,1,11,5,0,3,0,0,18
U027671,7,4,6,6,0,6,4,2,32
U027672,11,1,3,4,4,5,0,1,15
U027673,16,1,4,1,1,4,1,1,19
U027674,7,0,3,1,2,3,1,1,15
U027675,11,1,1,3,0,2,0,1,18
U027676,9,2,5,2,0,5,0,1,15
U027677,4,0,3,4,2,6,2,1,5
U027678,15,3,8,4,0,7,0,1,24
U027679,11,5,7,4,0,2,5,1,21
U027680,5,0,2,1,0,8,0,0,16
U027681,18,5,6,5,0,13,4,1,30
U027682,11,1,6,3,0,6,0,3,17
U027683,16,0,5,5,0,5,1,2,26
U027684,18,2,10,1,1,6,2,1,24
U027685,10,0,1,4,0,5,0,1,11
U027686,9,1,3,3,2,2,1,1,8
U027687,10,2,5,2,0,3,0,1,17
U027688,6,0,4,2,1,6,1,2,3
U027689,7,1,3,1,2,4,1,0,12
U027690,11,1,8,5,0,6,0,2,24
U027691,20,6,6,3,0,2,0,1,15
U027692,12,5,3,3,1,6,1,2,25
U027693,17,4,7,1,4,6,0,0,21
U027694,18,0,4,4,0,7,1,0,16
U027695,5,1,8,2,0,5,2,1,19
U027696,11,3,4,3,0,1,0,1,27
U027697,8,2,6,3,0,1,0,1,14
U027698,13,2,9,4,0,7,1,1,26
U027699,12,5,5,4,0,9,0,1,24
U027700,12,0,5,2,0,3,0,0,12
U027701,7,1,6,1,1,8,0,1,25
U027702,17,7,9,3,0,3,1,0,20
U027703,10,1,5,0,8,6,1,0,26
U027704,15,1,7,7,1,13,1,0,14
U027705,16,5,11,5,1,7,2,3,50
U027706,16,0,9,6,0,3,0,0,18
U027707,14,1,5,2,0,5,1,3,22
U027708,16,0,6,1,0,5,2,1,18
U027709,6,1,3,1,3,2,2,1,7
U027710,9,2,1,0,0,4,0,0,13
U027711,17,4,7,3,0,7,0,3,18
U027712,11,5,6,2,0,4,2,1,17
U027713,13,1,4,4,0,2,2,1,28
U027714,12,1,1,2,1,6,0,3,17
U027715,21,6,7,6,0,8,0,0,30
U027716,9,1,5,0,4,1,2,2,13
U027717,8,0,5,3,0,8,1,1,11
U027718,12,2,7,3,0,4,1,0,18
U027719,21,1,5,2,0,5,0,0,35
U027720,13,5,4,4,1,7,2,3,21
U027721,5,0,6,2,0,6,1,1,11
U027722,10,0,5,4,2,9,2,2,18
U027723,10,1,1,1,2,0,0,0,16
U027724,10,1,4,2,0,10,2,0,14
U027725,14,3,9,4,0,10,4,2,37
U027726,16,0,3,2,1,2,0,0,21
U027727,10,2,2,4,0,1,1,0,22
U027728,18,3,4,4,0,7,3,1,24
U027729,17,0,12,4,1,5,1,1,23
U027730,10,2,3,1,2,3,1,0,19
U027731,11,1,4,1,2,3,3,2,12
U027732,14,1,5,2,0,9,2,1,21
U027733,9,0,3,3,2,2,1,1,11
U027734,4,2,0,2,2,0,0,0,10
U027735,6,1,4,0,1,5,1,0,5
U027736,23,5,4,5,1,3,3,1,16
U027737,15,4,7,2,0,5,2,0,21
U027738,17,5,1,1,3,6,0,2,16
U027739,12,3,3,2,0,4,0,0,14
U027740,5,1,4,1,3,5,0,0,17
U027741,8,5,4,2,1,11,2,0,12
U027742,14,9,3,4,0,6,2,0,19
U027743,24,6,3,3,2,5,1,0,19
U027744,11,3,3,1,4,7,2,0,20
U027745,9,6,4,3,0,3,0,1,20
U027746,13,1,8,3,0,16,1,1,25
U027747,17,3,10,4,0,12,0,1,25
U027748,12,4,8,4,0,2,0,2,23
U027749,13,1,7,2,6,8,1,0,26
U027750,6,0,5,5,5,6,1,1,12
U027751,6,0,7,4,0,3,0,0,6
U027752,12,1,7,2,0,1,3,1,24
U027753,16,1,9,4,0,4,1,1,24
U027754,10,1,4,1,0,7,3,3,26
U027755,10,1,2,3,1,4,1,0,9
U027756,18,1,4,3,1,5,1,1,26
U027757,13,3,8,6,0,3,4,2,27
U027758,12,2,4,5,0,8,1,1,25
U027759,13,1,9,4,0,7,2,1,9
U027760,8,1,1,4,0,6,2,0,17
U027761,7,1,3,1,5,1,1,2,10
U027762,12,0,8,1,1,3,4,3,18
U027763,18,2,6,3,0,6,0,1,20
U027764,15,6,6,4,4,5,0,1,18
U027765,11,0,4,2,1,5,2,3,18
U027766,16,3,9,3,1,4,4,0,28
U027767,12,1,6,1,0,4,1,1,17
U027768,12,0,7,4,0,8,0,1,19
U027769,11,5,6,3,0,4,2,1,19
U027770,12,0,3,3,0,3,2,1,11
U027771,11,3,4,4,0,6,2,3,16
U027772,10,6,9,3,0,3,1,1,15
U027773,16,2,7,1,0,4,1,0,21
U027774,13,2,8,3,0,10,2,1,37
U027775,4,1,8,0,0,2,1,2,14
U027776,15,1,6,1,0,5,1,2,26
U027777,17,2,9,1,0,10,2,0,14
U027778,5,0,9,2,4,5,0,2,9
U027779,17,2,4,1,0,8,0,1,11
U027780,19,4,8,4,1,5,1,2,25
U027781,11,0,5,6,0,3,2,1,19
U027782,10,5,3,5,0,8,0,0,17
U027783,7,0,4,3,0,2,0,2,19
U027784,12,5,5,5,0,5,4,1,21
U027785,9,2,6,4,0,3,0,2,21
U027786,6,1,1,3,7,3,0,1,11
U027787,13,2,8,4,0,4,1,0,21
U027788,4,0,6,1,3,4,0,1,11
U027789,6,0,1,1,1,3,0,0,16
U027790,25,5,8,3,1,6,1,1,30
U027791,10,1,3,0,3,8,0,0,14
U027792,10,2,7,2,0,4,0,1,23
U027793,14,3,9,2,0,8,1,0,18
U027794,12,0,3,3,0,4,3,1,20
U027795,13,3,5,6,0,7,1,0,25
U027796,10,0,7,5,1,7,5,1,20
U027797,13,2,2,3,1,7,0,1,14
U027798,16,4,5,4,1,8,1,3,19
U027799,15,0,5,1,0,9,1,1,25
U027800,14,3,9,3,0,10,2,1,19
U027801,12,1,5,3,2,1,0,0,10
U027802,9,2,6,3,10,5,1,0,21
U027803,11,1,4,4,0,3,0,0,16
U027804,13,1,7,6,1,9,3,0,21
U027805,10,1,6,2,4,4,0,1,6
U027806,11,4,2,2,5,5,0,0,18
U027807,9,1,4,6,0,1,0,0,16
U027808,10,1,5,2,0,3,0,0,15
U027809,14,0,2,5,0,3,2,1,19
U027810,15,1,6,5,0,7,1,3,29
U027811,9,0,6,3,3,6,0,1,15
U027812,15,0,2,1,3,1,2,0,9
U027813,18,2,4,5,0,6,2,1,23
U027814,12,0,5,1,0,5,1,0,19
U027815,21,0,6,1,1,3,1,2,27
U027816,8,5,8,3,0,6,3,0,11
U027817,11,2,5,2,0,4,0,1,15
U027818,19,1,6,4,1,3,3,2,27
U027819,12,1,4,2,4,5,0,0,20
U027820,9,4,10,4,0,3,2,0,20
U027821,14,3,5,3,2,4,2,0,14
U027822,16,7,5,4,1,6,0,1,24
U027823,16,3,5,2,0,11,4,0,29
U027824,12,8,4,3,0,1,1,0,15
U027825,15,2,3,2,0,3,1,0,11
U027826,11,4,2,5,2,10,0,0,20
U027827,8,2,6,4,3,2,0,0,9
U027828,10,1,5,1,3,2,0,0,14
U027829,16,6,5,3,0,5,2,0,20
U027830,21,3,12,1,0,4,2,1,14
U027831,20,0,6,3,1,7,0,0,13
U027832,18,1,7,0,0,8,2,0,16
U027833,17,0,8,1,0,4,0,0,16
U027834,12,7,8,7,0,6,2,0,19
U027835,18,3,6,1,3,8,4,0,21
U027836,18,1,6,2,0,4,1,0,45
U027837,6,0,2,1,1,1,0,1,16
U027838,15,2,5,3,0,8,2,0,22
U027839,11,2,8,4,0,6,0,1,17
U027840,11,3,6,3,0,4,2,0,23
U027841,24,3,14,4,1,9,2,1,25
U027842,16,4,9,2,0,8,1,1,35
U027843,17,2,8,2,0,3,0,0,20
U027844,10,1,3,2,4,4,1,0,7
U027845,4,1,4,0,1,1,1,2,19
U027846,11,3,6,2,2,4,3,0,11
U027847,15,2,9,4,4,4,1,1,14
U027848,18,2,3,0,1,5,0,2,36
U027849,16,6,5,0,0,3,0,1,19
U027850,7,3,5,2,0,7,1,0,13
U027851,14,3,5,5,0,6,0,2,27
U027852,12,6,5,4,1,11,3,5,32
U027853,5,0,2,1,0,1,1,1,16
U027854,8,0,4,0,0,2,1,2,17
U027855,14,1,8,2,0,5,4,2,30
U027856,6,1,5,5,0,3,1,0,18
U027857,13,9,7,2,0,6,2,1,29
U027858,6,0,0,0,3,5,1,2,5
U027859,5,1,1,2,1,4,4,0,14
U027860,13,0,2,2,0,5,2,0,11
U027861,13,6,6,2,0,2,1,0,30
U027862,9,1,7,0,3,3,1,0,15
U027863,17,0,5,2,0,3,1,2,8
U027864,12,1,5,3,0,8,1,1,10
U027865,10,5,4,1,7,1,2,0,22
U027866,10,2,5,6,0,5,1,0,26
U027867,5,0,1,2,5,5,1,2,13
U027868,11,0,6,5,0,6,2,3,22
U027869,11,2,6,7,1,3,1,0,25
U027870,7,1,2,1,4,0,0,0,10
U027871,10,1,7,5,0,14,1,1,26
U027872,19,3,9,0,0,6,2,1,29
U027873,14,1,9,3,0,3,0,1,20
U027874,6,0,2,2,0,8,1,1,18
U027875,14,1,6,1,1,8,2,1,39
U027876,10,3,3,7,0,3,0,1,24
U027877,10,3,4,3,1,5,1,2,22
U027878,10,0,4,2,2,8,1,0,9
U027879,15,2,10,6,0,7,0,1,16
U027880,13,0,5,3,0,3,1,0,17
U027881,17,5,4,1,0,5,0,2,22
U027882,14,4,2,4,0,5,1,0,28
U027883,16,1,8,7,0,5,3,0,20
U027884,13,1,6,3,0,4,2,1,16
U027885,15,2,11,1,1,6,1,3,27
U027886,9,1,5,4,0,1,1,0,14
U027887,11,0,2,3,1,3,3,0,22
U027888,13,1,4,4,2,5,0,1,19
U027889,15,1,10,2,0,4,0,0,26
U027890,6,3,4,2,0,7,2,1,19
U027891,16,3,9,4,0,8,0,3,33
U027892,13,4,4,3,6,11,1,2,20
U027893,22,2,6,3,0,5,1,1,19
U027894,4,0,4,2,0,2,0,1,22
U027895,7,2,3,0,6,5,1,0,22
U027896,13,1,4,0,0,3,0,2,18
U027897,12,0,8,2,3,4,1,4,11
U027898,22,3,12,3,1,8,1,2,24
U027899,16,2,7,2,0,12,1,1,23
U027900,7,1,2,1,2,1,0,1,12
U027901,20,2,3,2,0,6,1,3,25
U027902,8,0,8,0,6,4,0,0,11
U027903,10,1,3,1,0,0,1,2,17
U027904,15,3,8,2,0,10,2,2,10
U027905,6,0,5,1,0,4,1,0,15
U027906,9,1,2,7,1,4,1,1,15
U027907,3,1,4,2,2,4,2,1,12
U027908,14,0,4,2,1,6,1,3,16
U027909,11,0,3,2,2,3,1,0,6
U027910,4,0,3,3,0,9,2,0,25
U027911,5,1,3,2,4,4,0,3,13
U027912,9,2,10,4,0,2,2,2,23
U027913,15,3,4,0,4,9,0,0,17
U027914,9,4,5,3,2,3,2,1,12
U027915,17,5,7,5,1,8,0,0,24
U027916,15,1,7,3,2,7,3,0,25
U027917,6,3,5,3,3,5,0,0,19
U027918,21,1,4,1,0,5,1,1,27
U027919,14,2,6,3,0,3,2,0,21
U027920,14,3,5,3,0,7,2,0,24
U027921,14,4,4,2,2,4,2,1,16
U027922,16,2,8,0,0,1,0,0,16
U027923,12,3,4,1,0,14,2,0,31
U027924,13,0,9,5,0,6,1,1,23
U027925,9,2,4,2,0,4,2,1,18
U027926,12,0,5,2,0,3,0,1,10
U027927,23,2,8,6,1,9,1,3,24
U027928,19,5,6,3,2,6,2,2,22
U027929,7,0,1,2,2,1,1,0,16
U027930,13,4,11,3,0,11,2,2,34
U027931,16,5,4,3,0,7,1,0,28
U027932,8,1,3,1,1,6,1,4,17
U027933,5,0,3,1,3,5,0,0,13
U027934,13,2,6,3,0,8,1,3,21
U027935,16,7,5,1,0,6,4,2,22
U027936,10,0,4,2,1,2,1,2,23
U027937,14,1,8,5,0,3,0,1,18
U027938,12,3,4,1,5,3,0,0,21
U027939,13,5,9,4,0,5,2,1,22
U027940,22,2,9,5,0,8,2,0,24
U027941,15,0,3,2,1,8,2,1,8
U027942,6,0,1,0,1,5,1,0,22
U027943,6,0,2,2,4,1,0,0,8
U027944,11,2,6,1,8,1,1,1,12
U027945,12,1,6,3,0,6,2,0,24
U027946,11,4,6,6,1,6,4,2,33
U027947,15,0,7,0,0,4,0,0,21
U027948,10,0,2,1,3,2,3,1,12
U027949,9,1,9,1,1,5,0,0,27
U027950,17,5,5,0,0,6,3,2,27
U027951,11,0,6,4,0,7,1,0,24
U027952,17,1,8,2,0,9,4,2,17
U027953,12,0,6,2,0,2,0,1,19
U027954,17,5,6,4,0,5,1,0,30
U027955,19,7,7,4,1,11,4,1,29
U027956,11,5,3,8,0,5,1,0,28
U027957,17,5,10,4,1,9,1,1,32
U027958,10,2,6,3,0,1,1,0,16
U027959,12,1,4,3,0,7,4,0,20
U027960,22,2,4,2,0,4,1,1,18
U027961,14,0,3,5,1,2,0,1,16
U027962,13,2,13,2,0,5,0,0,25
U027963,14,1,4,2,0,8,1,3,26
U027964,11,3,8,2,0,8,3,3,20
U027965,8,0,3,1,2,3,1,1,16
U027966,9,1,3,5,0,5,1,1,17
U027967,9,4,8,2,2,5,2,0,16
U027968,21,5,4,4,1,11,2,0,26
U027969,13,2,10,6,0,8,0,1,12
U027970,16,5,2,4,1,8,1,3,18
U027971,8,1,2,2,2,0,0,1,11
U027972,15,4,11,2,0,6,2,1,25
U027973,6,0,2,2,0,6,1,0,15
U027974,15,5,9,2,0,5,1,0,25
U027975,15,1,6,2,0,4,0,2,13
U027976,13,3,4,3,0,8,3,2,29
U027977,12,0,6,1,0,3,0,0,26
U027978,14,2,1,0,0,3,1,1,15
U027979,17,1,5,0,0,8,0,3,16
U027980,7,1,6,3,0,2,1,0,22
U027981,11,0,2,3,0,5,0,0,23
U027982,15,5,3,3,1,7,2,0,25
U027983,22,2,10,5,2,11,3,0,40
U027984,18,0,4,2,0,8,1,3,18
U027985,8,3,5,3,0,5,1,1,29
U027986,8,2,5,1,0,3,0,1,18
U027987,12,3,4,2,5,3,2,0,17
U027988,12,0,4,4,0,3,0,2,24
U027989,16,0,4,0,1,5,1,4,17
U027990,20,4,6,3,0,8,2,5,29
U027991,16,1,6,6,0,8,1,0,26
U027992,13,4,11,5,1,6,0,1,24
U027993,14,2,1,2,3,5,0,1,18
U027994,13,2,5,1,0,8,3,2,26
U027995,9,1,3,1,0,8,0,1,24
U027996,6,2,4,3,0,3,2,1,13
U027997,16,3,5,4,0,8,1,1,21
U027998,8,2,7,0,4,9,1,0,19
U027999,20,1,2,2,0,10,0,1,10
U028000,16,3,2,4,1,7,1,1,17
U028001,14,1,4,4,1,5,0,0,16
U028002,4,1,1,1,1,5,0,0,12
U028003,15,2,9,6,1,10,0,2,28
U028004,19,1,8,0,1,6,1,2,27
U028005,12,2,6,1,1,6,2,0,27
U028006,12,6,4,4,0,10,0,2,17
U028007,18,6,7,7,0,7,0,0,23
U028008,14,2,5,1,1,12,2,0,29
U028009,8,3,6,3,0,3,1,2,18
U028010,15,2,3,0,0,3,1,0,20
U028011,17,4,8,3,0,4,2,3,33
U028012,15,1,3,1,0,2,2,1,18
U028013,11,5,3,4,1,2,0,0,22
U028014,11,2,2,1,4,4,0,2,11
U028015,11,0,2,4,2,6,0,1,5
U028016,15,4,4,2,7,6,1,0,20
U028017,11,0,5,1,0,3,0,0,21
U028018,12,1,7,2,0,5,4,1,22
U028019,17,1,4,0,0,5,0,0,29
U028020,16,3,10,3,0,9,4,0,26
U028021,20,7,6,4,0,7,0,0,31
U028022,17,0,5,3,0,3,1,0,8
U028023,10,6,8,5,0,6,3,0,29
U028024,16,1,6,3,0,7,2,0,27
U028025,10,1,5,5,0,5,0,1,21
U028026,15,0,2,0,0,4,2,2,20
U028027,15,1,3,2,0,3,0,0,12
U028028,19,3,6,4,1,13,3,0,22
U028029,15,3,6,5,1,8,3,4,23
U028030,13,2,6,0,0,5,2,1,23
U028031,14,4,5,0,1,10,0,0,17
U028032,12,2,6,1,0,4,1,0,22
U028033,13,4,5,5,0,4,2,2,30
U028034,6,5,9,2,0,5,1,1,31
U028035,11,1,4,6,2,6,0,2,24
U028036,13,0,7,1,0,2,1,2,16
U028037,14,1,3,2,0,5,1,3,14
U028038,11,1,5,4,0,5,1,0,23
U028039,17,5,10,1,1,8,4,1,38
U028040,19,6,4,2,2,8,1,0,28
U028041,11,3,4,7,0,6,1,0,22
U028042,9,1,8,4,0,5,2,2,20
U028043,7,0,7,3,5,3,1,1,21
U028044,12,3,4,3,0,4,1,1,20
U028045,12,4,5,0,3,0,2,0,17
U028046,11,3,6,6,0,2,0,0,23
U028047,8,1,5,5,0,4,0,1,26
U028048,13,1,1,4,1,2,1,1,23
U028049,16,6,7,6,0,13,3,0,36
U028050,13,0,7,4,0,2,1,0,26
U028051,16,1,1,2,0,3,2,0,11
U028052,17,3,9,5,0,7,1,0,22
U028053,12,0,3,0,3,6,2,2,12
U028054,17,3,9,5,1,4,3,0,25
U028055,15,4,8,4,0,3,0,2,29
U028056,12,4,5,2,0,5,1,2,22
U028057,17,0,5,3,0,6,1,1,18
U028058,11,0,8,2,0,4,2,1,21
U028059,7,0,6,1,1,5,1,1,10
U028060,13,1,1,2,1,3,0,0,23
U028061,10,0,1,0,0,3,0,0,13
U028062,12,4,8,4,0,4,3,2,25
U028063,10,4,8,4,1,9,3,0,24
U028064,7,1,8,1,0,6,0,0,10
U028065,14,4,4,4,0,4,3,2,23
U028066,15,6,6,4,0,5,1,1,28
U028067,12,2,6,3,2,6,1,1,24
U028068,9,2,8,3,0,4,0,2,23
U028069,17,0,2,4,6,3,1,0,18
U028070,12,4,3,4,2,5,0,1,10
U028071,15,1,6,2,0,5,2,1,17
U028072,15,4,7,7,0,10,1,1,21
U028073,16,6,2,1,0,6,4,2,22
U028074,7,0,5,2,2,2,2,0,9
U028075,17,4,4,5,1,4,3,1,26
U028076,7,0,2,2,0,4,0,1,13
U028077,6,0,6,0,0,9,1,0,15
U028078,18,0,6,4,0,7,1,1,18
U028079,8,4,8,5,0,2,2,1,32
U028080,8,1,4,3,0,3,0,1,14
U028081,9,5,3,1,5,8,0,0,17
U028082,14,7,1,2,1,4,2,0,17
U028083,7,2,4,0,1,3,1,1,13
U028084,13,1,4,6,0,6,4,2,25
U028085,22,5,3,2,1,5,3,1,21
U028086,9,3,9,3,2,4,0,0,22
U028087,11,3,7,1,2,5,3,0,23
U028088,11,3,5,2,1,6,1,1,22
U028089,8,0,9,2,0,2,1,0,16
U028090,20,2,4,10,0,5,1,1,29
U028091,24,3,5,8,0,4,2,0,25
U028092,20,4,9,3,0,7,1,2,24
U028093,19,3,9,3,0,3,2,2,22
U028094,11,0,3,3,0,3,2,0,15
U028095,11,0,3,2,1,2,1,3,15
U028096,18,3,5,3,0,5,1,1,28
U028097,15,3,4,2,0,6,0,3,20
U028098,12,4,10,1,1,6,2,1,24
U028099,11,0,4,4,1,3,1,0,16
U028100,17,1,5,3,0,5,1,1,22
U028101,13,0,9,0,1,11,1,2,21
U028102,10,2,3,1,4,7,0,1,11
U028103,15,3,7,2,2,8,2,4,13
U028104,19,3,10,5,1,8,1,1,31
U028105,10,0,4,2,2,4,0,1,21
U028106,19,2,4,3,1,7,1,1,25
U028107,11,0,5,1,0,8,0,0,13
U028108,9,1,4,3,0,7,0,0,21
U028109,9,0,3,5,1,4,1,1,14
U028110,15,3,12,1,5,6,0,1,17
U028111,5,3,5,1,1,3,0,1,20
U028112,14,4,5,4,0,9,0,1,23
U028113,13,0,8,2,0,11,2,2,21
U028114,11,4,5,2,0,4,0,1,13
U028115,11,0,7,2,0,2,1,0,11
U028116,20,5,8,3,1,11,0,1,25
U028117,11,1,5,6,1,3,2,1,15
U028118,16,4,7,1,0,4,2,1,14
U028119,8,1,3,1,3,3,0,1,13
U028120,8,1,6,3,0,1,0,0,20
U028121,9,0,6,3,0,5,0,0,23
U028122,23,3,9,4,1,6,2,1,24
U028123,13,0,4,2,0,8,2,0,21
U028124,19,5,5,1,1,3,0,0,20
U028125,18,1,5,1,0,3,1,0,20
U028126,16,0,4,1,0,2,1,0,27
U028127,7,1,6,0,2,2,0,0,6
U028128,9,1,4,1,3,2,0,0,14
U028129,10,0,3,4,0,9,0,3,17
U028130,12,2,2,4,0,5,1,0,18
U028131,11,0,6,3,0,0,4,0,17
U028132,13,1,3,4,0,3,0,1,13
U028133,12,0,6,2,0,4,3,2,18
U028134,8,2,2,2,8,4,1,0,20
U028135,14,3,9,5,3,4,0,1,34
U028136,8,2,5,2,2,5,1,0,17
U028137,14,1,7,1,0,5,1,1,16
U028138,13,0,5,1,0,2,2,2,10
U028139,23,4,5,4,0,7,0,1,30
U028140,19,5,8,3,1,6,4,5,26
U028141,17,1,1,1,1,3,1,1,17
U028142,9,1,5,2,1,3,2,2,22
U028143,13,4,8,5,0,6,1,1,25
U028144,13,3,5,4,1,8,0,0,26
U028145,15,5,4,4,2,3,2,5,16
U028146,6,2,5,1,0,6,2,4,15
U028147,10,1,5,0,1,3,1,0,26
U028148,18,3,4,0,4,10,1,2,40
U028149,17,2,6,3,0,8,5,1,22
U028150,6,1,6,1,2,5,2,0,8
U028151,14,1,5,5,5,8,2,1,18
U028152,17,6,3,3,1,9,1,4,23
U028153,6,2,6,3,3,7,0,0,20
U028154,7,0,6,3,1,6,2,4,17
U028155,12,3,8,2,0,6,0,1,22
U028156,13,3,5,4,2,5,2,1,15
U028157,12,0,6,2,2,9,1,1,13
U028158,17,2,5,2,2,8,3,1,26
U028159,16,0,4,2,1,3,1,2,17
U028160,11,2,9,2,0,6,1,1,23
U028161,15,2,10,2,0,5,1,0,25
U028162,6,2,3,1,2,3,1,1,14
U028163,7,2,4,3,2,4,1,0,11
U028164,6,0,6,2,3,3,4,1,7
U028165,11,2,2,5,1,6,1,1,21
U028166,15,1,4,2,5,7,0,2,14
U028167,11,2,10,6,0,2,0,0,16
U028168,16,1,6,1,0,3,0,1,28
U028169,20,3,4,4,0,7,2,3,18
U028170,12,4,4,2,1,9,1,1,12
U028171,19,0,6,2,0,7,1,2,21
U028172,7,1,7,2,2,5,1,2,10
U028173,12,3,9,1,1,5,1,2,21
U028174,19,2,5,3,2,10,2,0,23
U028175,13,3,3,5,0,3,3,1,26
U028176,10,5,4,3,0,6,1,0,14
U028177,14,2,3,1,0,8,1,2,18
U028178,9,2,6,4,4,7,0,2,12
U028179,12,1,8,3,1,9,1,0,21
U028180,10,5,7,2,0,10,1,2,29
U028181,8,1,7,2,1,1,0,0,12
U028182,20,1,13,4,0,6,1,0,21
U028183,21,5,10,3,1,7,1,2,22
U028184,15,4,9,5,1,9,3,2,17
U028185,25,3,4,9,1,12,3,1,23
U028186,18,0,3,0,0,4,2,2,15
U028187,17,3,6,2,0,6,3,0,29
U028188,15,4,8,2,0,7,3,0,24
U028189,16,2,7,3,0,5,3,0,30
U028190,15,0,5,0,1,4,3,1,14
U028191,11,1,10,2,1,4,1,0,16
U028192,8,0,1,0,1,7,0,1,16
U028193,26,5,11,8,0,9,2,1,23
U028194,25,4,5,3,0,6,0,1,20
U028195,13,4,1,0,1,4,1,3,21
U028196,13,0,7,1,6,7,0,3,12
U028197,15,0,7,7,0,5,2,1,18
U028198,19,1,4,7,1,12,1,0,17
U028199,12,1,1,1,0,2,2,1,22
U028200,12,1,6,4,0,4,1,1,16
U028201,15,1,14,3,2,9,1,2,28
U028202,16,0,8,2,0,6,2,0,16
U028203,16,4,8,0,0,3,1,1,18
U028204,12,4,11,4,0,4,1,3,18
U028205,8,0,3,1,6,6,1,0,11
U028206,12,0,3,5,1,2,3,3,14
U028207,11,0,3,6,1,5,3,0,20
U028208,7,3,10,0,1,11,0,0,25
U028209,15,4,4,4,1,8,1,2,37
U028210,13,3,5,6,1,6,4,1,24
U028211,15,5,9,2,0,5,3,0,28
U028212,17,2,3,7,3,6,0,0,17
U028213,14,1,12,4,0,3,0,1,20
U028214,16,1,8,2,0,7,3,1,31
U028215,10,4,0,2,1,6,1,0,15
U028216,14,0,6,5,2,3,0,1,10
U028217,15,0,5,1,1,7,0,0,15
U028218,15,0,4,4,0,8,0,1,18
U028219,15,3,5,4,0,4,1,2,24
U028220,13,0,8,2,0,1,1,0,15
U028221,14,1,2,0,1,12,0,2,22
U028222,15,2,8,6,0,5,0,0,18
U028223,13,5,4,4,0,6,2,0,33
U028224,5,1,4,2,0,4,2,1,22
U028225,14,0,2,2,0,4,1,1,16
U028226,14,1,5,3,0,6,2,4,14
U028227,15,7,5,4,1,9,2,1,29
U028228,15,0,9,1,1,6,1,1,9
U028229,12,1,5,1,0,5,1,1,23
U028230,8,1,1,2,1,5,1,1,10
U028231,16,3,4,0,0,6,1,2,15
U028232,7,3,5,2,2,6,0,0,20
U028233,15,5,5,3,0,7,1,1,13
U028234,18,3,9,5,0,6,0,2,23
U028235,14,0,4,4,1,4,2,1,12
U028236,7,3,9,3,1,7,2,2,18
U028237,14,3,7,0,5,8,0,0,20
U028238,12,2,6,4,3,4,1,0,16
U028239,16,4,5,1,9,2,1,0,27
U028240,7,3,3,6,4,7,4,1,19
U028241,7,0,4,0,3,4,0,0,12
U028242,23,2,7,4,0,11,1,1,25
U028243,15,0,8,5,0,6,1,0,17
U028244,13,2,6,2,1,2,0,2,13
U028245,12,1,4,4,1,4,2,1,15
U028246,12,1,3,2,0,3,3,0,14
U028247,12,1,9,4,0,8,1,1,23
U028248,7,0,3,1,0,0,1,0,11
U028249,14,1,10,5,1,9,3,0,30
U028250,18,7,4,2,0,8,1,0,27
U028251,18,2,8,2,1,4,0,1,23
U028252,14,1,11,5,0,8,2,2,28
U028253,14,3,6,1,0,10,3,0,21
U028254,18,2,7,4,0,6,4,1,24
U028255,18,3,7,1,1,7,1,0,27
U028256,16,7,12,2,0,8,2,0,23
U028257,10,1,4,0,0,5,1,0,16
U028258,12,1,6,2,2,1,0,0,15
U028259,14,0,5,2,1,10,2,0,9
U028260,25,4,5,4,1,5,2,2,25
U028261,6,4,8,8,0,6,2,1,26
U028262,14,1,8,5,0,7,2,0,20
U028263,14,2,6,1,0,5,0,0,15
U028264,14,3,7,1,0,8,1,2,20
U028265,12,2,4,2,0,8,2,1,27
U028266,14,0,3,1,1,5,5,0,14
U028267,18,2,7,2,5,6,4,1,29
U028268,13,1,3,1,0,2,1,2,17
U028269,18,3,17,4,0,7,2,2,19
U028270,11,0,6,6,1,7,3,2,20
U028271,11,0,2,1,0,7,0,1,13
U028272,17,4,8,8,0,5,0,1,23
U028273,13,1,8,5,0,5,0,0,25
U028274,9,0,6,0,3,4,0,1,18
U028275,11,1,1,3,2,5,1,0,9
U028276,18,3,7,5,0,5,3,2,26
U028277,16,9,8,4,0,3,3,1,29
U028278,14,3,7,5,0,6,3,0,27
U028279,4,0,3,2,1,4,0,0,10
U028280,15,6,7,2,0,11,2,0,33
U028281,18,2,13,7,0,9,2,1,21
U028282,15,7,3,4,0,6,3,2,32
U028283,16,5,18,2,1,8,1,1,33
U028284,16,1,10,0,1,6,1,0,20
U028285,14,0,7,4,0,6,1,0,19
U028286,11,0,3,3,0,6,2,0,17
U028287,22,7,10,4,1,9,1,0,22
U028288,12,3,15,5,0,3,4,3,25
U028289,9,1,2,1,1,3,0,1,18
U028290,14,4,5,6,0,4,1,3,21
U028291,6,1,5,1,2,1,0,0,12
U028292,13,1,7,2,4,5,5,0,15
U028293,11,0,1,2,4,5,2,0,7
U028294,9,0,6,4,0,0,3,0,16
U028295,14,0,4,2,0,2,3,1,19
U028296,9,4,5,4,0,5,1,2,12
U028297,12,1,5,5,0,6,1,1,26
U028298,9,1,7,2,1,2,0,2,14
U028299,17,2,7,2,0,11,0,2,21
U028300,16,5,4,3,6,10,1,0,28
U028301,10,0,4,4,1,5,2,0,15
U028302,7,1,2,3,1,4,0,0,15
U028303,9,3,3,2,2,1,0,1,20
U028304,15,1,6,1,3,3,1,0,15
U028305,18,3,4,1,0,5,2,1,18
U028306,13,1,4,1,0,7,1,1,16
U028307,18,1,6,7,0,8,2,0,23
U028308,13,2,10,1,1,8,3,2,25
U028309,14,3,6,1,0,10,1,0,29
U028310,7,5,9,1,0,6,0,3,15
U028311,5,3,3,2,7,2,1,0,17
U028312,19,0,5,3,0,2,1,2,12
U028313,11,3,6,5,0,4,1,0,12
U028314,17,4,4,4,0,8,1,0,26
U028315,11,0,2,3,0,6,0,1,17
U028316,14,0,7,2,1,8,1,1,17
U028317,13,6,7,1,1,5,0,0,21
U028318,11,2,2,1,1,1,0,1,10
U028319,13,2,5,2,0,7,1,0,14
U028320,11,2,2,2,0,4,3,1,20
U028321,16,1,2,3,0,3,1,0,12
U028322,9,1,8,3,1,10,1,3,28
U028323,11,0,5,3,1,1,1,1,24
U028324,7,2,5,7,2,9,0,0,33
U028325,17,4,5,6,0,6,2,3,27
U028326,19,2,5,2,0,7,1,0,23
U028327,12,4,11,5,0,4,3,3,21
U028328,18,0,3,2,0,8,1,0,20
U028329,18,1,18,5,0,13,1,3,24
U028330,17,6,7,3,0,14,0,1,20
U028331,14,4,8,2,1,8,0,0,25
U028332,11,5,4,3,0,7,0,2,21
U028333,16,1,3,4,2,7,4,0,18
U028334,38,4,9,5,1,11,0,1,32
U028335,11,1,6,2,1,6,0,0,19
U028336,13,3,9,5,0,5,1,0,25
U028337,19,0,10,3,0,4,2,0,18
U028338,20,3,7,4,1,6,1,1,29
U028339,9,6,7,3,0,7,1,0,18
U028340,16,0,5,5,0,5,0,0,15
U028341,13,0,6,3,1,5,2,1,22
U028342,10,3,5,1,2,2,2,1,11
U028343,8,7,4,2,2,8,0,0,22
U028344,13,1,6,2,0,9,4,1,11
U028345,23,1,2,1,0,3,1,0,12
U028346,20,4,10,3,0,7,1,2,26
U028347,16,4,2,2,1,7,1,0,22
U028348,22,5,8,3,1,4,2,0,30
U028349,16,1,5,0,1,7,1,1,24
U028350,14,6,6,5,0,5,1,1,20
U028351,16,4,5,2,0,4,3,1,21
U028352,5,0,5,3,2,1,1,0,14
U028353,9,0,5,4,0,5,1,0,23
U028354,6,2,4,2,1,7,1,0,16
U028355,9,0,5,0,7,2,1,2,11
U028356,15,3,5,1,2,10,1,0,29
U028357,13,3,5,6,0,7,1,1,30
U028358,17,2,6,3,3,5,1,1,19
U028359,12,1,7,5,0,6,1,0,12
U028360,14,7,6,4,1,8,1,1,22
U028361,8,1,3,5,2,6,0,0,18
U028362,17,2,5,4,0,4,1,0,16
U028363,19,9,5,4,1,9,0,1,30
U028364,13,1,3,1,0,2,0,2,17
U028365,15,0,10,3,2,6,0,1,13
U028366,21,2,5,1,0,4,1,2,21
U028367,19,5,8,2,1,11,1,0,25
U028368,14,2,4,3,1,3,1,1,26
U028369,6,0,2,3,3,6,0,2,8
U028370,11,5,15,3,0,7,2,1,29
U028371,17,4,8,8,1,5,1,0,24
U028372,7,0,2,5,0,3,0,1,24
U028373,12,1,6,4,0,3,1,1,26
U028374,13,2,3,2,4,9,2,2,17
U028375,4,1,4,2,1,2,1,1,19
U028376,15,2,7,7,1,7,3,2,23
U028377,18,3,2,6,0,6,2,0,23
U028378,4,1,6,2,0,6,0,1,16
U028379,6,0,3,2,1,4,0,2,19
U028380,14,3,4,3,0,3,0,1,34
U028381,11,3,6,7,0,7,2,0,14
U028382,3,0,1,1,3,3,0,0,9
U028383,15,2,8,1,1,6,0,0,19
U028384,14,2,6,3,0,7,1,3,20
U028385,14,0,5,2,0,9,1,0,15
U028386,18,7,6,3,8,7,1,1,25
U028387,12,5,7,6,0,7,1,1,31
U028388,19,4,11,8,1,10,3,0,23
U028389,23,1,2,7,1,8,0,1,27
U028390,5,3,11,2,3,5,0,1,18
U028391,11,3,5,1,0,7,0,0,21
U028392,10,3,2,1,2,2,0,1,12
U028393,13,0,2,3,0,3,0,0,16
U028394,20,6,7,1,0,3,0,0,26
U028395,19,3,5,1,0,5,2,3,32
U028396,21,2,9,2,1,8,0,0,26
U028397,9,0,4,4,0,4,0,1,25
U028398,15,2,10,8,0,8,0,1,33
U028399,13,1,4,2,1,5,3,0,14
U028400,13,4,10,7,0,4,1,2,35
U028401,8,1,5,5,0,1,0,1,20
U028402,4,0,4,1,4,4,2,3,16
U028403,12,2,2,3,2,1,1,0,24
U028404,5,0,2,1,2,2,0,0,9
U028405,10,0,5,6,1,3,1,1,23
U028406,17,1,5,0,0,5,0,1,13
U028407,11,0,8,1,0,4,1,2,9
U028408,16,2,9,1,1,3,0,2,10
U028409,15,2,7,7,0,6,1,0,24
U028410,17,2,5,4,0,12,0,2,19
U028411,10,6,5,4,0,7,2,0,28
U028412,10,2,6,1,1,9,0,4,42
U028413,10,4,7,4,0,4,0,0,16
U028414,12,1,6,3,0,4,2,2,33
U028415,17,4,4,1,0,7,2,0,21
U028416,14,2,10,3,4,3,2,1,18
U028417,17,3,4,4,1,8,4,3,28
U028418,11,2,5,5,2,5,1,0,14
U028419,10,1,5,0,4,3,0,1,14
U028420,14,4,6,0,1,8,0,1,24
U028421,17,3,5,2,0,5,2,1,22
U028422,22,6,4,4,1,8,0,1,28
U028423,11,2,6,5,2,8,1,1,15
U028424,15,3,9,2,0,7,0,1,33
U028425,21,7,8,5,2,4,2,2,29
U028426,9,0,10,4,0,3,2,2,17
U028427,18,3,5,4,1,6,1,1,14
U028428,12,3,3,1,5,5,0,0,19
U028429,10,0,2,3,0,4,3,1,11
U028430,10,0,6,5,0,5,2,1,23
U028431,15,1,9,1,1,8,2,0,14
U028432,10,3,3,2,5,3,1,2,19
U028433,10,1,6,0,0,8,1,0,16
U028434,14,3,4,5,1,9,1,1,19
U028435,8,1,9,3,0,8,0,2,22
U028436,5,0,3,3,1,3,1,0,6
U028437,14,1,9,3,1,6,0,0,13
U028438,21,1,10,7,1,9,0,2,32
U028439,12,5,4,4,0,7,3,1,30
U028440,21,4,11,6,1,9,1,0,33
U028441,17,1,5,0,0,6,0,3,12
U028442,13,1,4,3,0,8,0,1,24
U028443,13,0,3,2,0,5,0,2,22
U028444,14,2,3,3,1,5,1,0,21
U028445,7,1,2,1,1,0,0,0,14
U028446,16,2,6,0,3,2,0,2,9
U028447,10,4,6,5,1,4,0,2,18
U028448,14,4,8,7,1,7,2,2,25
U028449,14,4,9,6,0,5,1,0,19
U028450,9,1,7,2,0,7,1,1,16
U028451,14,1,7,7,1,6,0,0,26
U028452,17,3,4,2,1,2,1,1,34
U028453,7,3,6,3,3,6,2,1,19
U028454,9,0,9,0,0,5,0,0,12
U028455,13,2,6,4,0,8,0,1,23
U028456,18,3,7,4,0,3,2,1,21
U028457,12,1,7,4,1,6,3,3,26
U028458,11,1,2,2,0,1,3,1,14
U028459,20,3,5,5,1,6,1,0,26
U028460,18,4,3,6,0,7,0,1,25
U028461,17,1,4,2,1,9,2,3,19
U028462,13,1,3,5,3,4,0,0,18
U028463,12,1,5,2,0,2,2,0,13
U028464,12,0,3,1,1,3,1,1,14
U028465,23,1,10,1,1,12,2,1,19
U028466,9,0,2,1,0,5,1,1,18
U028467,7,0,3,4,2,4,0,0,5
U028468,15,2,7,4,0,7,1,1,14
U028469,23,0,6,4,2,7,2,0,26
U028470,10,2,5,2,0,4,0,1,15
U028471,9,2,11,3,4,6,0,2,23
U028472,11,1,4,3,4,6,0,2,16
U028473,12,3,7,6,0,5,1,1,28
U028474,10,3,2,2,1,5,0,0,17
U028475,12,5,3,1,0,6,4,0,26
U028476,11,0,1,2,5,2,1,0,5
U028477,14,1,4,3,0,3,4,0,17
U028478,13,3,9,3,1,4,2,2,29
U028479,8,1,3,2,0,4,0,0,16
U028480,14,0,4,2,0,7,1,0,18
U028481,12,0,4,1,0,3,1,2,17
U028482,11,4,7,6,0,4,1,0,30
U028483,21,6,5,2,0,11,1,5,32
U028484,9,1,3,2,0,5,0,3,19
U028485,17,2,12,2,0,6,2,0,24
U028486,11,0,3,0,2,5,2,0,13
U028487,9,4,5,2,0,5,2,2,18
U028488,20,5,4,3,1,3,1,0,22
U028489,16,4,2,2,0,5,1,1,23
U028490,9,0,7,3,1,2,1,2,12
U028491,9,4,4,0,0,5,3,0,23
U028492,16,6,9,4,3,7,1,2,20
U028493,16,0,4,4,0,4,3,2,30
U028494,20,4,4,4,0,4,1,0,13
U028495,10,2,5,2,0,3,2,0,20
U028496,20,3,5,2,0,8,1,2,24
U028497,14,5,13,2,1,8,1,2,30
U028498,12,0,1,1,1,8,0,2,14
U028499,11,0,2,1,0,3,3,1,17
U028500,14,6,6,2,0,5,1,2,15
U028501,8,2,1,4,0,7,0,3,31
U028502,12,2,5,2,0,6,0,1,17
U028503,6,0,5,5,0,2,0,4,11
U028504,11,3,9,0,0,2,1,2,9
U028505,18,3,4,4,0,7,1,2,25
U028506,19,5,7,7,0,1,0,0,33
U028507,14,3,8,5,1,5,0,2,15
U028508,10,0,3,1,2,4,0,0,12
U028509,14,0,2,1,0,6,2,0,13
U028510,16,4,9,7,1,11,2,1,35
U028511,20,5,8,4,0,6,0,0,26
U028512,9,0,2,0,0,2,2,0,24
U028513,10,3,5,3,1,3,0,3,18
U028514,19,2,7,4,0,3,1,3,17
U028515,8,5,3,3,1,5,1,1,20
U028516,13,0,5,1,0,5,3,1,12
U028517,13,3,6,4,1,5,2,0,23
U028518,15,1,3,1,7,6,1,0,17
U028519,19,1,9,2,0,6,0,1,26
U028520,10,1,6,4,0,3,1,1,20
U028521,9,1,7,3,0,4,1,1,30
U028522,11,3,9,5,0,5,1,0,25
U028523,18,6,4,8,1,9,2,1,32
U028524,11,0,1,4,0,5,1,0,18
U028525,14,3,9,2,0,4,3,3,21
U028526,8,0,4,3,2,2,3,0,12
U028527,9,2,6,3,5,1,0,0,16
U028528,10,1,4,2,0,6,3,2,22
U028529,6,0,2,3,0,1,0,1,12
U028530,17,3,6,4,0,7,3,1,32
U028531,8,1,5,3,0,8,2,0,10
U028532,20,6,7,6,0,5,2,0,31
U028533,6,1,2,1,4,4,2,0,10
U028534,22,4,4,3,5,7,1,1,20
U028535,12,0,6,4,0,9,1,0,13
U028536,12,2,1,5,0,5,0,0,14
U028537,2,2,11,6,2,3,4,0,27
U028538,13,3,9,0,0,7,0,0,26
U028539,20,2,12,5,1,7,4,1,27
U028540,20,2,7,2,0,5,2,1,14
U028541,9,0,6,2,0,6,1,0,23
U028542,14,0,4,2,0,7,0,0,19
U028543,18,0,4,3,0,7,0,3,5
U028544,17,1,7,2,0,8,0,1,16
U028545,14,0,3,3,2,2,0,1,15
U028546,6,0,3,2,1,3,0,1,9
U028547,10,0,5,7,0,3,1,0,13
U028548,11,0,6,6,0,4,2,3,14
U028549,1,0,3,2,2,3,0,0,12
U028550,16,0,4,1,1,3,1,0,12
U028551,12,2,7,3,0,2,4,2,15
U028552,10,0,6,0,1,5,0,1,22
U028553,13,0,4,5,0,4,2,1,19
U028554,9,1,2,1,0,1,1,1,19
U028555,19,1,6,4,0,4,1,0,14
U028556,6,4,8,4,1,4,0,0,14
U028557,13,3,9,7,1,5,2,1,17
U028558,5,0,3,0,1,4,2,2,16
U028559,12,4,6,1,0,4,1,2,17
U028560,20,5,4,4,0,8,0,0,20
U028561,12,0,3,1,0,2,0,1,18
U028562,23,4,3,3,0,2,0,1,25
U028563,21,5,7,4,0,10,2,1,28
U028564,17,4,9,4,0,9,2,0,30
U028565,12,1,5,2,2,2,3,0,13
U028566,15,1,4,1,0,5,1,1,15
U028567,13,5,11,1,0,6,1,0,15
U028568,12,2,6,3,0,6,0,3,18
U028569,19,0,6,6,0,3,0,2,23
U028570,7,0,2,4,0,3,1,0,15
U028571,16,3,5,1,1,4,2,1,13
U028572,13,3,5,1,0,9,1,0,19
U028573,11,0,3,2,0,4,0,1,16
U028574,13,1,8,5,2,8,0,0,23
U028575,20,3,7,3,0,2,1,1,15
U028576,17,0,1,3,5,3,0,0,10
U028577,10,2,11,3,2,4,0,1,13
U028578,19,1,5,1,0,6,2,0,33
U028579,19,3,8,5,1,9,3,0,31
U028580,14,3,10,5,0,11,3,1,22
U028581,21,1,6,2,0,8,1,0,27
U028582,11,1,3,3,2,10,0,1,30
U028583,8,0,6,2,0,4,3,0,22
U028584,14,1,5,3,0,3,2,0,21
U028585,10,2,2,4,1,8,0,0,23
U028586,16,7,4,4,0,3,0,0,24
U028587,7,0,4,2,0,3,0,4,17
U028588,10,3,6,2,0,9,2,1,23
U028589,15,1,6,2,0,6,1,3,29
U028590,15,2,11,5,0,5,1,0,21
U028591,12,2,9,2,0,2,2,1,10
U028592,12,0,5,3,0,2,4,1,16
U028593,18,0,7,4,0,6,0,3,20
U028594,13,5,12,5,1,6,2,0,19
U028595,12,1,4,6,0,9,1,0,14
U028596,8,0,5,4,0,2,1,0,16
U028597,15,0,7,3,0,8,3,1,23
U028598,16,1,8,3,1,4,2,0,22
U028599,11,3,6,6,0,7,1,2,16
U028600,13,2,10,4,0,6,3,0,23
U028601,8,0,3,1,0,8,1,0,17
U028602,8,0,5,2,0,7,1,1,14
U028603,14,1,9,2,0,5,0,2,12
U028604,7,0,1,1,6,6,0,0,11
U028605,13,5,5,4,0,8,0,1,21
U028606,14,0,8,3,0,2,1,0,16
U028607,7,4,4,3,1,9,1,1,18
U028608,15,5,3,1,1,8,3,0,28
U028609,20,4,6,0,1,2,2,3,27
U028610,17,2,1,3,0,5,0,0,19
U028611,8,0,3,3,1,8,1,0,7
U028612,17,3,1,5,0,4,0,0,38
U028613,16,5,6,3,0,4,1,2,26
U028614,8,0,2,1,4,2,1,1,10
U028615,15,4,7,1,0,2,1,0,28
U028616,13,0,4,1,1,2,2,0,19
U028617,12,4,11,4,0,9,2,0,33
U028618,8,4,5,3,1,9,1,0,17
U028619,10,0,5,2,0,8,1,0,17
U028620,14,5,4,3,1,10,1,0,21
U028621,16,5,3,4,0,9,3,5,24
U028622,14,1,5,9,0,3,1,2,18
U028623,9,0,8,4,0,5,1,1,23
U028624,7,3,11,4,0,4,0,1,29
U028625,10,4,7,4,2,4,1,1,13
U028626,23,1,5,3,0,6,3,1,29
U028627,18,2,10,4,4,9,2,3,25
U028628,18,3,12,2,0,7,3,0,23
U028629,8,1,5,2,0,3,0,1,17
U028630,17,1,3,2,6,4,0,1,15
U028631,17,3,7,6,1,9,3,1,29
U028632,15,2,8,2,6,5,0,0,7
U028633,16,2,3,3,1,4,0,1,18
U028634,11,4,8,4,1,3,2,2,25
U028635,15,0,5,2,0,3,1,1,26
U028636,15,0,8,1,1,10,0,0,25
U028637,14,2,9,2,5,2,2,0,21
U028638,15,5,1,2,0,2,0,1,25
U028639,19,1,4,3,6,6,1,0,33
U028640,8,0,2,4,0,2,0,1,8
U028641,18,2,6,5,0,5,2,1,27
U028642,14,6,4,4,0,4,0,0,19
U028643,14,0,7,2,1,10,1,0,18
U028644,9,1,5,3,0,1,1,1,15
U028645,14,2,5,8,2,6,1,0,14
U028646,13,2,3,3,7,4,0,3,12
U028647,10,2,3,1,1,10,0,0,28
U028648,13,4,5,5,0,9,0,4,21
U028649,11,4,6,5,0,7,1,1,20
U028650,10,1,1,4,0,2,1,2,13
U028651,13,1,4,2,1,9,1,0,22
U028652,13,5,7,2,0,8,2,0,23
U028653,12,7,7,3,0,4,1,3,23
U028654,15,8,10,3,1,5,0,0,16
U028655,11,3,11,6,1,6,0,1,27
U028656,6,2,5,1,0,5,0,3,16
U028657,15,2,5,3,0,5,1,0,24
U028658,10,1,3,7,2,4,1,2,25
U028659,15,1,4,2,1,5,1,0,21
U028660,12,3,2,2,0,2,2,0,20
U028661,9,3,6,3,0,5,0,0,20
U028662,6,2,2,0,1,3,0,0,17
U028663,9,0,5,1,0,4,2,4,21
U028664,15,5,7,6,1,6,3,1,22
U028665,16,3,9,5,1,3,4,1,14
U028666,8,0,5,2,1,5,2,1,17
U028667,7,1,3,5,6,1,0,0,14
U028668,13,3,9,1,1,5,1,2,23
U028669,11,3,9,1,0,3,1,2,14
U028670,12,3,5,2,0,6,3,0,19
U028671,20,7,6,3,0,2,1,0,21
U028672,12,1,4,1,0,0,3,0,16
U028673,13,1,0,3,0,7,0,1,10
U028674,13,3,7,3,1,4,1,0,22
U028675,18,1,4,3,0,9,0,1,20
U028676,17,2,8,4,1,7,4,0,33
U028677,7,2,6,2,1,6,1,1,22
U028678,12,3,5,0,0,7,2,1,21
U028679,15,2,8,1,0,10,3,1,24
U028680,7,1,8,3,0,5,1,0,10
U028681,9,1,3,3,1,3,3,0,16
U028682,6,1,3,4,4,2,2,2,16
U028683,9,6,9,1,2,11,1,0,28
U028684,26,2,6,9,1,4,0,1,39
U028685,9,2,6,4,0,4,0,2,20
U028686,17,8,8,0,0,5,2,0,34
U028687,4,0,3,1,3,3,1,1,12
U028688,8,1,5,3,4,8,1,0,20
U028689,11,1,10,3,1,3,0,1,20
U028690,11,1,1,2,1,4,1,0,13
U028691,22,1,16,6,1,4,1,1,32
U028692,20,2,6,4,0,10,1,1,28
U028693,12,2,3,2,0,5,1,2,13
U028694,8,0,6,1,0,6,0,1,21
U028695,14,1,3,2,0,5,2,1,8
U028696,15,2,7,1,2,8,1,2,17
U028697,19,4,3,3,0,7,1,1,15
U028698,9,0,1,3,5,3,2,0,10
U028699,4,1,4,4,2,3,0,3,13
U028700,3,0,2,0,4,4,0,0,5
U028701,2,0,7,2,0,8,2,0,14
U028702,10,1,4,4,0,0,0,2,20
U028703,12,0,9,1,0,5,1,2,15
U028704,18,5,6,1,0,5,0,2,21
U028705,12,0,3,4,0,5,2,0,13
U028706,19,4,9,6,0,6,2,0,24
U028707,10,4,4,1,5,6,2,2,12
U028708,11,5,12,4,0,11,4,0,23
U028709,16,0,2,2,0,3,1,0,18
U028710,8,1,5,1,0,4,0,1,23
U028711,13,1,5,6,0,2,0,0,20
U028712,9,3,4,4,1,6,2,1,15
U028713,14,4,6,2,1,3,4,0,22
U028714,10,2,5,8,0,8,1,0,13
U028715,9,4,6,4,0,8,0,1,28
U028716,15,4,6,1,0,3,0,2,24
U028717,15,0,4,4,0,5,1,1,12
U028718,15,5,8,2,0,7,2,0,24
U028719,17,1,10,1,0,6,1,3,24
U028720,8,3,5,6,1,2,2,1,20
U028721,12,4,8,3,1,5,1,2,28
U028722,7,0,1,2,3,3,1,0,19
U028723,14,5,5,2,0,5,1,0,15
U028724,15,1,5,1,2,4,0,1,21
U028725,5,1,5,1,1,3,1,1,15
U028726,10,4,10,7,0,5,1,0,29
U028727,13,2,11,4,0,7,0,0,20
U028728,13,3,3,2,4,4,1,2,20
U028729,16,6,9,1,6,7,0,0,20
U028730,25,3,9,3,0,4,1,0,32
U028731,8,1,3,2,2,3,1,0,3
U028732,6,1,6,4,1,7,1,0,26
U028733,5,1,2,2,0,5,1,2,14
U028734,19,1,14,4,0,4,2,0,35
U028735,14,4,7,6,1,4,3,0,21
U028736,17,5,9,5,0,7,2,2,31
U028737,12,7,8,5,1,4,1,2,21
U028738,17,3,5,7,0,8,1,0,36
U028739,8,2,3,3,0,5,1,0,6
U028740,7,0,2,0,4,3,0,0,10
U028741,10,1,3,3,0,6,1,3,23
U028742,10,1,6,4,0,3,3,1,24
U028743,16,4,13,0,0,8,3,0,40
U028744,17,2,7,2,0,7,2,1,33
U028745,14,4,8,1,0,5,0,0,26
U028746,21,0,7,2,0,7,0,1,23
U028747,18,5,7,3,0,6,3,1,23
U028748,9,0,5,1,3,1,0,0,11
U028749,15,3,2,7,0,5,0,3,19
U028750,10,0,10,1,1,1,1,0,17
U028751,12,3,5,3,1,6,0,0,19
U028752,16,0,3,2,0,4,2,1,11
U028753,7,0,4,2,2,2,2,1,14
U028754,18,4,8,5,1,4,0,2,22
U028755,11,2,6,5,0,9,4,1,24
U028756,12,4,6,2,4,3,2,1,29
U028757,16,3,5,5,0,10,0,0,23
U028758,11,1,5,0,0,7,2,0,14
U028759,4,6,4,3,2,1,1,2,19
U028760,9,2,3,4,4,3,0,1,8
U028761,15,2,7,3,0,6,1,0,19
U028762,17,0,3,3,0,6,0,1,17
U028763,10,0,11,4,0,4,1,0,13
U028764,8,3,6,4,0,9,3,2,28
U028765,13,3,9,5,0,6,1,0,12
U028766,18,2,9,1,0,2,0,1,19
U028767,10,0,7,2,0,7,0,1,26
U028768,12,3,7,4,0,2,0,1,21
U028769,10,0,4,2,1,2,2,1,15
U028770,18,0,3,3,0,5,1,1,12
U028771,18,2,9,3,1,6,1,0,26
U028772,10,0,5,0,0,4,0,0,8
U028773,11,2,1,2,0,4,0,0,25
U028774,14,1,2,3,1,4,0,1,13
U028775,13,1,4,1,0,3,1,1,19
U028776,15,0,4,2,0,4,2,0,20
U028777,13,1,7,1,0,5,1,0,23
U028778,22,3,3,5,1,8,0,0,28
U028779,13,1,3,3,0,4,1,0,25
U028780,15,3,10,5,1,9,1,2,31
U028781,5,2,2,6,4,3,0,2,11
U028782,15,2,4,2,1,6,1,2,14
U028783,4,0,5,0,3,5,1,0,10
U028784,20,3,6,7,1,4,0,1,14
U028785,11,2,3,2,1,5,0,1,16
U028786,7,2,6,3,2,1,0,2,10
U028787,10,3,9,2,3,7,2,1,23
U028788,12,1,8,0,0,7,2,1,14
U028789,8,0,4,6,0,4,0,1,18
U028790,13,1,5,3,0,6,2,2,21
U028791,16,6,7,4,0,6,1,0,34
U028792,14,1,5,4,1,8,0,3,16
U028793,9,0,1,0,2,3,1,0,8
U028794,17,0,6,1,0,6,0,0,28
U028795,14,3,3,2,0,8,1,0,22
U028796,13,0,6,3,0,7,3,0,19
U028797,7,0,4,1,1,5,0,1,11
U028798,8,1,4,2,0,2,0,1,18
U028799,15,3,8,8,1,7,4,2,27
U028800,12,0,2,2,3,0,0,1,8
U028801,14,1,1,2,3,5,1,2,14
U028802,9,1,8,3,1,4,1,2,19
U028803,14,2,3,4,0,6,1,1,17
U028804,16,1,13,3,1,6,2,2,19
U028805,18,3,8,5,0,7,1,2,29
U028806,8,1,4,5,0,5,1,2,12
U028807,23,2,3,1,1,7,2,3,24
U028808,9,1,6,2,2,6,0,0,19
U028809,13,1,3,4,0,4,6,2,14
U028810,7,0,4,2,0,4,4,1,13
U028811,15,3,1,1,0,9,0,1,18
U028812,12,0,2,2,0,2,1,0,19
U028813,12,4,6,1,0,3,0,1,35
U028814,18,4,8,1,0,6,1,2,30
U028815,14,1,2,1,0,6,0,0,23
U028816,5,0,3,2,6,3,0,0,10
U028817,4,0,2,2,2,4,0,0,13
U028818,15,6,5,4,0,7,2,1,39
U028819,12,1,6,1,4,7,2,1,14
U028820,12,4,7,4,0,3,0,1,20
U028821,12,5,6,3,1,5,1,1,26
U028822,9,0,4,2,1,2,1,0,17
U028823,13,1,6,1,0,4,1,0,31
U028824,13,3,5,5,0,4,0,2,28
U028825,10,1,1,1,2,1,1,0,8
U028826,11,4,7,2,1,4,3,0,20
U028827,27,3,7,0,0,8,1,0,32
U028828,9,0,5,2,3,4,1,1,12
U028829,10,2,6,3,1,5,1,1,17
U028830,10,0,2,5,0,5,4,0,14
U028831,2,3,4,1,3,2,1,1,14
U028832,10,0,7,4,0,8,1,2,16
U028833,20,4,2,6,0,3,3,0,34
U028834,10,0,9,6,0,6,2,0,20
U028835,12,3,7,4,0,6,2,0,31
U028836,11,3,13,5,0,6,0,1,14
U028837,7,2,2,3,0,8,0,0,23
U028838,9,0,0,2,0,11,2,0,15
U028839,10,0,4,2,0,3,3,2,13
U028840,17,4,4,1,2,10,1,0,15
U028841,16,5,4,4,0,8,3,0,16
U028842,7,1,3,4,0,2,3,0,23
U028843,6,2,7,1,1,4,1,0,12
U028844,17,0,4,2,0,3,1,0,22
U028845,18,2,10,4,0,7,1,1,25
U028846,14,0,4,1,1,6,0,0,11
U028847,11,1,8,2,0,8,1,1,23
U028848,14,0,4,4,0,4,1,0,20
U028849,18,6,5,2,0,6,0,2,26
U028850,13,3,8,1,0,6,4,0,20
U028851,14,1,8,7,0,6,0,3,15
U028852,9,3,5,3,0,2,2,2,14
U028853,10,1,7,2,1,7,0,2,11
U028854,16,4,8,3,0,7,0,0,20
U028855,14,1,7,4,4,5,4,0,21
U028856,14,4,4,2,0,6,0,0,20
U028857,18,1,2,4,0,4,0,0,20
U028858,10,1,7,2,1,8,1,1,17
U028859,6,0,4,4,0,3,1,2,17
U028860,14,4,12,4,0,8,4,0,34
U028861,7,1,0,2,3,0,1,1,11
U028862,10,0,6,1,0,4,2,0,13
U028863,15,6,12,5,0,7,3,1,30
U028864,16,1,11,4,0,5,2,1,21
U028865,14,2,6,5,0,7,2,3,31
U028866,13,3,10,4,0,2,2,1,27
U028867,12,4,5,4,2,4,0,1,31
U028868,16,2,4,1,0,2,2,0,35
U028869,18,0,2,4,1,2,0,2,21
U028870,11,1,4,4,0,6,1,0,19
U028871,6,2,1,1,6,3,1,0,14
U028872,21,4,12,5,0,8,1,0,20
U028873,7,0,3,1,0,2,0,0,27
U028874,12,1,3,1,0,6,2,1,17
U028875,12,2,6,4,1,6,2,2,29
U028876,15,2,10,0,0,6,3,0,27
U028877,11,0,6,6,0,0,2,1,25
U028878,8,1,6,2,1,2,1,0,17
U028879,16,1,9,3,0,2,1,3,13
U028880,7,1,6,5,1,3,3,1,13
U028881,14,2,7,4,0,9,2,1,31
U028882,15,6,3,2,0,10,4,1,36
U028883,10,1,5,4,0,3,5,0,15
U028884,10,6,7,9,0,5,0,1,23
U028885,17,3,10,3,2,8,2,1,29
U028886,10,0,8,3,0,5,0,0,27
U028887,13,6,5,4,0,4,0,1,18
U028888,14,5,5,4,0,6,2,1,24
U028889,13,4,4,4,0,6,1,0,16
U028890,14,2,12,3,0,6,0,0,25
U028891,11,1,7,6,0,5,2,1,26
U028892,13,1,6,1,0,1,1,0,13
U028893,8,3,5,2,0,7,2,2,22
U028894,5,5,9,4,0,8,3,0,22
U028895,11,3,3,6,5,2,0,1,16
U028896,11,0,11,6,0,6,2,1,10
U028897,15,4,7,0,0,3,2,0,19
U028898,11,6,7,2,0,4,1,0,20
U028899,14,0,6,1,0,3,0,1,20
U028900,20,4,9,5,0,4,0,2,30
U028901,8,5,5,3,0,10,1,3,25
U028902,9,1,4,5,0,9,2,0,18
U028903,9,1,3,1,1,5,2,2,18
U028904,15,0,11,2,0,9,2,0,36
U028905,16,1,7,1,0,8,0,1,29
U028906,12,1,8,0,4,4,0,2,12
U028907,19,3,9,2,0,5,1,0,30
U028908,14,1,6,5,0,5,2,0,22
U028909,16,0,2,3,1,3,0,0,16
U028910,13,3,9,2,3,3,5,0,17
U028911,12,1,3,1,0,7,0,1,11
U028912,12,0,3,2,1,4,1,1,15
U028913,11,0,3,3,0,4,2,0,22
U028914,6,1,1,3,2,3,0,0,13
U028915,16,2,8,3,2,5,2,2,21
U028916,11,5,3,3,4,8,1,1,13
U028917,15,6,8,2,0,5,2,1,19
U028918,19,1,10,4,4,1,0,1,17
U028919,21,3,9,5,3,10,1,4,30
U028920,15,5,6,2,1,7,2,1,15
U028921,18,2,6,2,4,7,1,1,18
U028922,4,4,5,3,6,3,1,1,10
U028923,7,3,7,4,0,6,1,2,13
U028924,11,1,7,1,1,9,0,2,21
U028925,15,2,2,1,0,8,3,0,15
U028926,10,1,6,5,0,7,0,0,15
U028927,13,6,7,6,0,8,3,0,28
U028928,10,3,1,2,0,3,3,0,19
U028929,5,0,2,1,2,2,1,0,13
U028930,15,1,6,7,1,9,1,2,24
U028931,9,1,4,1,0,6,1,1,16
U028932,5,9,2,4,0,2,1,0,31
U028933,12,0,7,0,0,3,1,2,21
U028934,15,3,4,2,0,4,2,1,33
U028935,18,3,6,3,6,7,1,1,27
U028936,8,1,3,3,2,3,0,0,21
U028937,9,3,6,3,0,6,1,2,29
U028938,9,4,12,2,0,4,2,2,26
U028939,14,2,12,1,4,9,0,0,24
U028940,14,2,6,4,0,6,1,1,17
U028941,10,1,3,5,0,5,3,0,15
U028942,12,3,7,3,0,3,1,2,21
U028943,10,6,6,3,0,7,2,3,27
U028944,7,0,1,2,0,2,0,0,15
U028945,11,0,0,3,0,9,1,0,11
U028946,14,0,8,1,0,2,5,1,19
U028947,18,5,7,1,4,2,1,0,16
U028948,12,4,4,1,1,1,2,0,14
U028949,16,5,14,5,0,5,2,1,29
U028950,11,1,6,3,0,6,1,1,16
U028951,13,1,2,3,0,7,1,0,29
U028952,10,6,4,3,1,6,1,1,21
U028953,7,0,4,2,1,5,0,0,16
U028954,13,2,3,3,0,7,0,0,19
U028955,23,4,7,5,2,7,2,0,25
U028956,18,2,11,2,1,4,2,3,22
U028957,6,4,5,4,0,0,2,1,27
U028958,9,0,3,2,1,2,2,1,8
U028959,11,1,7,3,1,8,0,0,32
U028960,10,5,7,0,0,3,0,2,11
U028961,21,0,9,1,0,3,0,1,26
U028962,18,2,6,4,1,10,1,0,23
U028963,19,2,3,3,0,4,2,0,21
U028964,13,3,6,3,0,8,4,1,13
U028965,13,3,4,7,1,7,1,0,21
U028966,24,4,6,4,0,13,0,1,22
U028967,8,4,3,2,2,4,1,1,16
U028968,12,5,5,1,0,5,0,1,10
U028969,14,1,12,5,0,3,1,2,18
U028970,9,4,4,1,2,8,3,1,29
U028971,11,8,3,0,1,10,1,2,20
U028972,19,0,6,2,0,4,1,1,15
U028973,10,3,8,2,1,8,5,1,27
U028974,11,0,6,1,1,3,1,0,17
U028975,11,4,11,2,0,5,0,0,22
U028976,8,0,7,1,5,3,0,1,14
U028977,25,5,4,5,0,8,1,1,25
U028978,8,3,4,3,9,7,1,0,14
U028979,12,1,8,2,0,3,2,1,11
U028980,12,0,6,3,0,2,0,3,14
U028981,13,4,8,3,0,4,1,1,23
U028982,19,4,5,1,1,7,2,1,24
U028983,14,4,8,0,0,7,0,0,17
U028984,10,0,5,2,0,6,1,0,22
U028985,13,1,4,4,0,7,0,0,29
U028986,10,1,6,2,1,2,0,0,12
U028987,16,2,5,2,0,8,0,3,20
U028988,12,3,8,4,0,4,1,1,32
U028989,9,0,6,2,0,3,0,2,16
U028990,7,0,10,1,4,4,2,2,17
U028991,16,4,5,4,2,3,1,1,23
U028992,21,5,5,1,0,6,0,1,18
U028993,20,4,11,3,1,7,0,1,24
U028994,16,1,7,4,1,10,1,1,22
U028995,10,1,8,2,2,7,0,0,13
U028996,10,0,5,2,0,8,0,0,17
U028997,12,2,3,0,0,3,0,1,13
U028998,6,0,2,1,5,4,1,0,21
U028999,5,2,5,2,6,4,0,1,16
U029000,12,0,5,4,0,6,0,0,14
U029001,10,1,5,4,1,5,1,2,28
U029002,11,2,5,6,1,4,2,2,12
U029003,13,3,9,2,1,11,1,1,21
U029004,14,2,8,3,0,5,1,0,21
U029005,12,2,9,6,1,3,0,2,32
U029006,9,3,8,4,1,7,2,1,19
U029007,5,5,5,1,2,2,0,0,5
U029008,9,0,5,1,0,6,0,1,13
U029009,11,2,7,1,0,5,1,1,20
U029010,11,3,9,2,0,8,2,1,15
U029011,9,1,9,5,0,8,1,2,26
U029012,19,4,7,1,0,8,0,1,23
U029013,5,3,0,3,1,3,0,0,10
U029014,7,4,8,3,6,4,0,0,14
U029015,18,7,11,4,0,8,2,0,47
U029016,13,1,5,4,0,3,0,0,15
U029017,17,5,8,3,0,5,0,2,27
U029018,9,1,5,4,1,3,2,0,19
U029019,14,3,3,3,0,6,4,1,23
U029020,8,0,2,2,1,3,1,0,4
U029021,6,0,3,3,1,2,1,0,7
U029022,9,0,6,1,2,2,3,2,16
U029023,16,7,5,8,1,4,1,0,30
U029024,12,3,7,6,1,6,4,0,21
U029025,17,1,3,1,0,4,0,0,9
U029026,9,2,5,4,0,9,3,2,15
U029027,12,1,3,6,3,6,1,1,26
U029028,13,2,4,2,0,7,3,0,22
U029029,11,0,1,1,3,4,0,0,16
U029030,14,2,8,2,1,6,3,0,28
U029031,15,4,8,4,0,10,2,0,35
U029032,20,4,6,3,0,6,0,0,26
U029033,11,0,4,2,0,2,0,3,12
U029034,18,2,8,4,1,8,3,0,18
U029035,14,3,3,2,0,3,0,1,29
U029036,6,0,3,2,2,5,0,2,17
U029037,17,1,3,2,0,3,1,0,25
U029038,15,2,7,3,0,5,1,1,20
U029039,16,1,6,2,0,4,0,2,14
U029040,13,2,3,1,0,5,1,3,27
U029041,12,4,3,3,1,8,1,3,18
U029042,18,4,9,1,0,11,1,0,29
U029043,12,1,4,3,1,2,4,1,12
U029044,12,4,10,2,0,8,0,0,24
U029045,19,6,6,3,1,5,4,1,24
U029046,15,0,4,3,0,5,2,2,18
U029047,12,0,3,2,0,4,4,1,17
U029048,12,1,4,3,4,5,0,1,6
U029049,14,4,11,1,1,6,1,0,24
U029050,8,7,6,1,0,5,0,0,25
U029051,14,0,3,3,1,2,2,1,15
U029052,10,0,5,0,2,4,0,0,10
U029053,13,1,7,6,0,7,0,0,18
U029054,8,0,3,3,0,3,2,0,18
U029055,17,1,6,4,0,2,0,2,21
U029056,13,3,8,8,0,10,0,0,19
U029057,16,0,4,0,0,1,0,0,17
U029058,13,1,0,4,0,7,1,2,16
U029059,7,0,3,2,4,1,0,1,8
U029060,16,5,3,5,0,9,1,0,21
U029061,8,1,7,1,4,2,0,1,7
U029062,23,3,6,1,0,7,3,1,24
U029063,8,3,12,2,1,1,2,1,22
U029064,12,4,5,2,0,6,1,1,25
U029065,6,0,2,1,3,2,1,0,8
U029066,13,2,3,2,0,6,2,3,28
U029067,15,3,2,4,0,9,2,0,21
U029068,10,0,4,2,0,7,1,2,13
U029069,24,5,10,3,1,8,0,1,43
U029070,12,1,6,3,1,11,0,4,19
U029071,12,0,4,1,0,3,0,1,12
U029072,10,4,11,2,1,4,2,1,15
U029073,10,7,6,8,0,5,0,1,25
U029074,14,3,3,8,0,3,1,0,28
U029075,26,0,7,2,0,4,1,1,21
U029076,9,1,3,2,0,3,0,0,11
U029077,11,0,4,1,0,4,0,0,21
U029078,8,3,5,5,0,5,1,1,18
U029079,13,4,1,7,1,6,1,0,22
U029080,13,3,5,2,0,8,1,1,24
U029081,18,1,3,2,1,3,2,2,13
U029082,17,3,7,3,0,5,1,1,26
U029083,15,3,6,3,4,6,2,0,19
U029084,11,1,7,3,0,8,0,1,12
U029085,7,0,2,0,2,6,0,0,9
U029086,13,3,12,6,0,5,2,5,28
U029087,18,8,7,6,0,4,1,1,31
U029088,17,1,9,3,1,9,1,1,20
U029089,8,1,3,2,1,4,0,2,17
U029090,9,0,7,3,0,4,0,2,19
U029091,9,1,8,0,7,5,1,1,16
U029092,14,3,11,2,1,10,1,0,31
U029093,16,6,5,3,0,8,1,1,23
U029094,8,0,3,0,2,4,1,1,5
U029095,12,0,5,3,0,1,3,1,19
U029096,6,3,4,0,0,4,0,0,24
U029097,14,2,5,3,0,7,2,0,29
U029098,8,2,2,2,1,3,0,0,16
U029099,5,0,4,2,2,6,0,2,13
U029100,15,2,4,2,0,12,0,0,17
U029101,20,1,6,6,0,5,1,1,32
U029102,7,4,4,1,6,4,1,0,16
U029103,10,7,8,1,1,9,2,2,23
U029104,10,1,7,2,0,4,2,1,20
U029105,6,1,4,6,0,5,1,0,20
U029106,12,2,4,4,0,5,0,0,18
U029107,14,2,5,4,0,7,1,0,16
U029108,10,1,0,1,0,4,1,0,23
U029109,8,6,5,3,5,1,2,1,20
U029110,10,0,4,1,1,6,0,2,10
U029111,15,0,12,7,1,11,1,2,41
U029112,5,0,0,2,2,6,0,1,11
U029113,8,0,1,0,1,5,0,1,9
U029114,3,1,2,1,3,5,1,1,13
U029115,20,4,4,2,1,6,4,1,25
U029116,21,2,6,3,0,8,1,1,21
U029117,5,1,1,1,1,1,2,0,8
U029118,10,4,4,4,1,9,2,1,23
U029119,18,6,7,1,1,7,0,0,23
U029120,16,3,12,6,10,8,3,1,21
U029121,21,4,4,3,7,4,2,0,21
U029122,17,5,5,2,1,8,0,0,17
U029123,11,2,5,2,0,2,2,2,22
U029124,15,2,2,4,0,8,2,0,31
U029125,12,3,5,1,4,3,1,0,13
U029126,11,1,5,0,0,9,1,2,12
U029127,17,5,6,3,0,5,1,0,28
U029128,15,4,8,5,1,6,2,0,28
U029129,19,4,9,1,1,5,3,0,34
U029130,13,5,4,4,0,6,0,1,18
U029131,19,5,11,2,1,10,0,1,40
U029132,19,5,6,4,0,3,0,1,22
U029133,14,0,5,5,1,11,2,0,25
U029134,14,3,6,4,6,4,0,0,27
U029135,15,2,5,5,0,5,0,1,27
U029136,11,1,4,5,0,4,1,6,21
U029137,12,0,4,3,0,2,0,0,20
U029138,18,2,2,2,0,5,1,0,26
U029139,15,1,5,3,1,7,2,1,20
U029140,18,3,7,0,0,3,2,0,27
U029141,6,3,8,0,1,8,1,0,20
U029142,17,1,11,1,0,7,1,1,27
U029143,6,1,4,3,1,1,1,2,9
U029144,12,0,6,4,1,7,0,2,19
U029145,14,1,3,4,0,9,3,2,27
U029146,13,3,6,4,0,7,2,2,31
U029147,8,1,3,1,3,3,0,3,12
U029148,14,3,11,4,0,8,0,0,41
U029149,20,5,8,5,1,6,2,1,27
U029150,24,2,9,4,2,12,0,2,25
U029151,25,3,13,6,0,17,4,0,36
U029152,12,2,9,3,0,4,1,0,28
U029153,14,3,8,0,0,5,1,0,19
U029154,30,6,11,4,0,9,3,1,36
U029155,17,7,4,4,2,5,1,0,17
U029156,14,2,8,10,0,3,0,0,22
U029157,10,6,5,2,1,11,0,2,19
U029158,9,0,9,3,0,1,0,1,13
U029159,6,2,8,1,0,11,1,1,28
U029160,13,2,3,3,0,5,2,4,16
U029161,12,0,3,4,1,10,0,3,18
U029162,17,3,12,5,0,7,1,0,24
U029163,15,4,6,4,0,6,1,0,26
U029164,14,1,6,3,0,9,1,1,19
U029165,13,0,6,5,8,5,0,0,29
U029166,16,0,4,3,0,3,2,0,13
U029167,10,3,3,1,1,3,1,0,28
U029168,9,1,6,3,1,10,2,0,19
U029169,11,0,1,2,0,11,1,1,23
U029170,18,0,9,3,1,5,1,0,16
U029171,7,1,5,3,3,10,0,0,15
U029172,9,1,9,2,1,6,0,0,28
U029173,7,1,1,1,1,1,1,0,9
U029174,18,4,12,5,0,9,1,2,32
U029175,13,4,4,1,0,6,0,0,28
U029176,8,2,2,4,0,6,1,0,14
U029177,21,5,6,3,0,6,1,3,30
U029178,10,2,8,4,1,10,3,2,25
U029179,19,2,5,7,0,9,2,1,29
U029180,15,0,7,0,0,2,3,3,11
U029181,20,8,6,5,0,7,3,2,23
U029182,13,1,2,1,1,2,2,2,21
U029183,16,3,8,3,0,7,2,0,40
U029184,22,5,11,3,0,7,1,2,22
U029185,20,1,5,4,1,5,0,0,17
U029186,6,1,3,1,3,0,0,1,8
U029187,10,0,4,2,0,7,1,2,11
U029188,10,4,8,1,1,7,3,0,18
U029189,14,2,2,1,1,5,2,1,17
U029190,16,1,11,4,1,6,1,2,21
U029191,9,0,3,7,0,2,0,0,13
U029192,11,2,5,2,5,1,2,2,18
U029193,8,6,7,4,4,3,0,0,13
U029194,17,4,5,3,1,2,0,2,20
U029195,14,2,2,2,0,4,1,1,20
U029196,8,2,4,4,2,2,0,0,14
U029197,16,5,9,2,1,7,3,2,38
U029198,15,3,4,0,0,4,2,1,15
U029199,10,0,2,0,1,7,0,0,13
U029200,17,2,9,5,1,7,0,0,18
U029201,22,4,8,3,0,4,0,0,23
U029202,13,1,8,1,0,2,1,1,17
U029203,5,1,3,3,0,2,0,1,8
U029204,13,5,3,5,2,7,1,0,27
U029205,14,2,5,1,0,4,1,2,15
U029206,11,0,3,2,5,7,0,0,5
U029207,11,3,9,2,1,6,0,1,13
U029208,21,2,11,6,0,13,3,1,23
U029209,19,2,9,4,0,8,2,6,34
U029210,21,5,7,2,0,5,1,0,19
U029211,20,7,7,2,2,5,3,2,26
U029212,13,0,7,3,2,3,0,1,12
U029213,10,0,4,2,1,4,0,1,17
U029214,13,7,10,0,0,4,1,1,19
U029215,13,2,3,8,0,6,0,2,23
U029216,14,8,9,0,0,6,3,0,29
U029217,10,0,7,0,0,4,1,1,18
U029218,15,1,9,2,0,5,3,1,31
U029219,19,1,5,5,1,3,0,0,21
U029220,2,0,2,1,4,4,3,1,9
U029221,7,0,3,1,3,7,0,2,13
U029222,16,0,6,3,0,3,2,0,22
U029223,20,3,11,2,1,10,0,2,35
U029224,10,4,7,2,2,3,2,1,21
U029225,14,0,7,4,0,9,1,1,19
U029226,22,4,7,4,1,6,1,1,27
U029227,9,1,6,4,0,6,0,0,20
U029228,11,1,1,1,1,7,1,0,20
U029229,9,0,2,2,0,8,1,2,20
U029230,10,1,6,4,0,6,1,0,20
U029231,22,4,5,3,6,8,1,2,22
U029232,9,1,2,0,1,4,0,1,18
U029233,7,6,5,1,1,10,0,1,17
U029234,18,3,9,6,1,5,0,4,27
U029235,10,3,2,7,1,5,2,0,23
U029236,19,3,6,4,5,3,0,2,33
U029237,16,4,3,7,0,9,2,0,17
U029238,13,3,4,4,0,3,1,0,16
U029239,12,2,11,6,1,13,2,0,27
U029240,14,0,3,3,0,5,2,0,24
U029241,9,3,7,6,0,3,1,3,25
U029242,13,2,8,3,0,7,1,0,20
U029243,17,2,10,2,4,7,6,1,26
U029244,20,0,4,2,0,3,0,1,17
U029245,19,3,4,2,0,13,3,0,32
U029246,17,3,12,4,0,4,3,3,23
U029247,13,2,5,1,0,5,1,0,19
U029248,13,1,7,5,3,4,2,2,19
U029249,6,1,5,3,0,0,1,1,18
U029250,15,0,4,5,1,3,1,0,17
U029251,11,2,12,5,1,5,0,3,20
U029252,14,3,3,3,0,2,1,1,15
U029253,15,0,6,4,0,5,0,3,20
U029254,12,3,1,5,0,8,4,0,24
U029255,27,1,8,6,4,12,1,1,27
U029256,20,1,4,0,1,7,3,0,21
U029257,6,1,2,0,0,4,0,0,10
U029258,25,5,11,4,0,4,5,4,36
U029259,11,2,12,7,6,6,1,1,29
U029260,19,6,9,0,0,5,0,2,22
U029261,15,1,7,2,1,6,3,0,13
U029262,5,0,5,6,1,3,1,2,22
U029263,8,3,2,2,9,6,0,3,18
U029264,11,1,5,3,0,3,1,0,14
U029265,20,4,3,4,1,9,4,2,19
U029266,17,1,3,1,6,3,0,1,11
U029267,8,1,7,2,0,5,1,1,23
U029268,6,0,8,2,3,5,2,2,14
U029269,9,6,4,3,0,1,1,2,16
U029270,7,2,3,3,6,3,1,0,21
U029271,21,7,6,3,2,14,2,0,30
U029272,16,2,5,3,0,7,1,3,24
U029273,15,5,4,6,0,7,0,2,29
U029274,11,0,6,0,5,2,2,0,13
U029275,19,1,13,2,1,6,2,1,27
U029276,7,0,2,3,0,1,1,2,26
U029277,16,1,3,1,1,8,1,0,17
U029278,7,2,3,3,5,1,0,0,12
U029279,8,1,5,1,2,4,0,1,16
U029280,12,1,3,3,0,1,2,0,27
U029281,14,1,2,5,0,5,1,0,15
U029282,11,2,8,6,0,5,3,1,20
U029283,11,1,7,2,1,7,2,2,18
U029284,9,1,4,2,0,1,0,0,23
U029285,20,4,5,5,1,7,0,2,22
U029286,18,4,10,2,1,5,0,1,19
U029287,13,0,5,3,0,6,2,1,18
U029288,13,2,3,1,1,3,0,4,13
U029289,10,1,8,3,3,6,0,1,23
U029290,7,3,13,3,2,9,0,1,26
U029291,14,1,3,3,1,4,0,0,33
U029292,9,1,6,4,0,3,1,1,28
U029293,18,2,5,5,0,6,0,1,26
U029294,9,2,1,2,0,3,0,0,23
U029295,10,0,4,4,0,3,0,1,12
U029296,19,4,11,6,0,8,1,0,32
U029297,11,5,0,5,0,2,0,0,20
U029298,9,1,3,3,0,6,3,1,15
U029299,14,2,10,2,0,10,2,1,21
U029300,8,2,6,5,1,10,1,3,19
U029301,9,0,4,3,2,2,0,1,8
U029302,12,0,9,5,0,2,1,1,13
U029303,18,0,4,1,0,3,1,1,20
U029304,12,4,9,0,0,9,1,0,17
U029305,8,3,9,6,0,5,3,0,26
U029306,14,4,4,2,0,4,1,4,13
U029307,7,1,2,4,4,3,0,2,9
U029308,12,3,10,2,1,8,3,2,30
U029309,13,1,5,5,3,3,2,0,11
U029310,14,2,7,5,0,7,2,2,18
U029311,21,5,4,6,0,10,2,0,25
U029312,15,2,4,1,0,4,0,0,30
U029313,19,2,6,2,0,11,0,0,23
U029314,26,2,10,5,1,7,0,0,36
U029315,12,0,6,3,7,4,0,0,17
U029316,17,0,3,5,0,4,1,0,18
U029317,18,2,7,2,0,7,3,0,19
U029318,9,1,9,2,0,4,2,0,16
U029319,7,6,7,2,0,2,0,0,22
U029320,17,4,12,4,0,10,0,4,17
U029321,9,5,7,3,0,8,1,1,23
U029322,23,3,4,4,0,11,2,0,30
U029323,11,1,4,2,0,2,0,0,19
U029324,14,4,7,4,2,9,1,2,25
U029325,17,1,3,2,0,4,0,0,14
U029326,13,2,5,5,0,8,0,2,25
U029327,17,5,9,7,2,5,2,3,30
U029328,7,0,4,2,0,4,0,1,15
U029329,9,4,5,6,0,6,0,0,21
U029330,22,4,4,0,0,3,0,1,20
U029331,25,1,7,6,0,4,1,1,26
U029332,15,4,8,4,0,3,2,2,21
U029333,10,0,3,3,3,4,0,1,7
U029334,8,0,1,2,1,6,0,1,11
U029335,15,1,9,4,0,9,3,1,17
U029336,11,1,3,5,0,4,0,0,16
U029337,15,3,8,3,0,7,1,2,19
U029338,9,3,5,2,0,5,2,4,17
U029339,19,2,7,0,0,9,0,0,19
U029340,13,2,4,2,0,1,0,0,33
U029341,7,0,2,4,3,4,2,0,13
U029342,11,5,6,3,4,3,2,0,20
U029343,9,0,5,1,0,4,2,1,23
U029344,20,5,7,7,0,6,3,2,27
U029345,11,4,7,3,2,8,0,2,26
U029346,14,1,4,3,0,3,1,2,21
U029347,16,4,7,3,0,10,1,3,38
U029348,18,4,3,4,0,8,1,0,21
U029349,12,1,7,5,0,3,1,1,23
U029350,13,2,4,4,0,8,0,1,9
U029351,11,0,3,3,0,1,2,0,22
U029352,20,4,5,3,0,4,4,0,21
U029353,7,5,5,1,0,6,0,1,19
U029354,14,2,2,4,0,3,0,1,27
U029355,10,5,6,3,1,6,2,0,22
U029356,17,2,4,5,0,5,0,1,15
U029357,19,3,5,4,1,4,1,1,25
U029358,11,1,4,4,0,8,1,1,18
U029359,14,1,9,4,0,3,0,0,18
U029360,17,2,5,0,1,12,3,0,22
U029361,8,1,1,2,0,4,0,0,13
U029362,16,2,8,0,0,10,1,2,21
U029363,10,3,6,2,3,7,1,0,16
U029364,7,0,2,0,0,5,4,2,17
U029365,11,3,2,5,4,4,3,4,21
U029366,12,6,7,3,1,9,0,0,25
U029367,13,3,5,1,2,6,1,1,22
U029368,14,5,7,3,0,11,2,3,23
U029369,15,1,2,2,0,4,0,1,16
U029370,23,0,6,3,2,5,2,1,31
U029371,11,4,5,2,1,6,4,1,24
U029372,7,0,4,0,5,2,2,0,13
U029373,4,0,4,1,1,5,1,1,15
U029374,8,2,4,2,0,6,0,3,29
U029375,19,3,2,1,1,4,1,2,25
U029376,12,0,7,4,0,9,3,2,18
U029377,21,1,12,3,0,4,0,0,24
U029378,13,1,4,5,0,3,1,1,10
U029379,11,0,11,6,0,3,0,1,18
U029380,4,1,9,1,0,7,0,0,9
U029381,15,3,3,4,1,7,1,0,22
U029382,11,1,2,2,0,6,0,0,14
U029383,12,6,7,1,4,6,1,0,22
U029384,14,1,4,3,1,5,1,1,17
U029385,10,3,3,4,3,7,0,1,16
U029386,15,5,6,7,0,10,2,1,22
U029387,15,2,3,3,0,3,1,0,16
U029388,15,1,3,3,0,3,0,1,26
U029389,9,2,2,0,0,5,1,0,15
U029390,9,2,2,2,0,5,1,0,13
U029391,16,1,15,5,0,5,2,1,32
U029392,15,0,9,3,0,8,0,0,14
U029393,17,1,3,2,2,3,0,1,17
U029394,18,4,2,2,5,7,0,1,19
U029395,14,0,3,1,1,1,3,0,15
U029396,14,5,4,7,1,4,1,1,21
U029397,9,4,5,3,0,8,4,1,16
U029398,15,1,8,4,0,2,0,0,20
U029399,12,1,7,4,7,1,0,0,24
U029400,14,1,6,1,0,1,0,0,13
U029401,12,2,3,2,0,6,1,2,21
U029402,11,0,2,4,0,7,0,0,14
U029403,7,3,0,2,4,2,0,0,22
U029404,9,2,5,4,0,9,3,0,15
U029405,15,4,5,2,1,3,0,1,15
U029406,6,2,3,0,0,5,2,2,13
U029407,17,3,11,5,0,10,1,0,17
U029408,10,1,10,3,0,8,1,3,34
U029409,12,1,8,4,1,9,2,0,19
U029410,9,0,3,5,2,6,2,1,17
U029411,10,0,2,3,0,7,2,2,21
U029412,20,4,5,1,1,10,2,4,25
U029413,17,4,9,6,1,6,2,0,29
U029414,13,1,3,6,0,5,1,0,11
U029415,8,1,3,0,4,1,0,0,14
U029416,23,5,4,2,0,10,2,1,20
U029417,6,2,6,2,0,0,0,1,20
U029418,6,2,4,4,4,5,1,0,16
U029419,12,0,5,1,0,3,3,2,21
U029420,19,4,9,8,1,4,3,0,21
U029421,13,6,7,1,0,3,0,3,22
U029422,18,1,3,2,1,2,1,0,18
U029423,10,1,6,1,0,4,1,2,15
U029424,17,3,4,2,0,9,1,0,23
U029425,7,1,6,4,4,5,2,0,14
U029426,11,2,8,5,1,5,1,1,29
U029427,21,3,6,2,0,3,3,3,22
U029428,24,2,7,7,0,4,2,2,34
U029429,15,3,7,1,0,4,1,1,36
U029430,6,4,6,1,3,5,0,0,13
U029431,23,4,4,3,0,5,3,1,33
U029432,15,5,7,2,0,6,0,2,16
U029433,16,3,4,3,0,11,2,0,20
U029434,9,1,12,0,1,4,0,1,24
U029435,9,0,9,0,0,3,1,1,20
U029436,12,1,5,2,0,9,0,3,22
U029437,12,1,8,5,1,5,4,0,17
U029438,10,3,14,1,1,11,0,2,40
U029439,17,1,4,2,1,6,2,1,19
U029440,15,3,5,1,2,5,5,0,22
U029441,17,0,3,1,0,5,1,0,17
U029442,15,1,5,1,0,2,1,1,14
U029443,11,3,5,5,0,6,0,1,17
U029444,8,1,10,1,0,1,1,0,19
U029445,17,4,10,7,0,7,2,1,19
U029446,20,2,7,6,1,7,3,0,22
U029447,8,5,7,3,0,6,2,0,24
U029448,12,1,2,2,0,5,1,1,6
U029449,15,5,4,3,1,8,0,2,16
U029450,13,5,7,3,0,2,1,2,17
U029451,15,1,6,2,4,2,0,1,23
U029452,13,2,11,4,0,7,1,1,29
U029453,8,0,2,0,5,5,0,0,11
U029454,14,0,4,4,0,7,0,2,20
U029455,18,4,6,7,0,8,1,0,20
U029456,6,0,8,4,1,3,2,1,14
U029457,9,0,5,3,0,3,1,3,17
U029458,7,0,2,0,1,2,0,0,18
U029459,13,0,9,3,1,6,2,0,21
U029460,10,1,6,4,1,2,1,2,15
U029461,8,0,2,2,0,2,1,1,20
U029462,15,0,6,2,2,5,1,1,11
U029463,7,1,3,3,5,6,1,0,20
U029464,16,1,7,3,0,5,1,2,16
U029465,15,0,5,4,0,7,1,0,23
U029466,4,1,5,3,4,6,0,0,10
U029467,12,3,1,1,0,9,1,1,13
U029468,15,4,3,2,0,1,0,0,15
U029469,19,5,9,0,0,5,1,1,24
U029470,9,3,5,6,1,7,1,0,15
U029471,19,0,5,5,0,6,1,2,22
U029472,10,0,9,5,5,3,0,2,16
U029473,8,0,6,1,3,5,0,0,14
U029474,13,4,2,1,0,3,0,0,21
U029475,13,2,5,5,0,3,1,2,23
U029476,11,4,6,0,1,7,2,0,16
U029477,11,1,5,4,0,6,2,3,16
U029478,16,8,10,2,0,9,1,1,11
U029479,17,6,5,1,1,8,0,1,21
U029480,26,3,9,2,1,7,1,1,24
U029481,10,0,8,2,4,6,0,0,16
U029482,19,2,6,2,0,5,0,0,16
U029483,18,4,5,3,0,6,1,1,18
U029484,18,0,2,4,0,3,0,0,11
U029485,13,6,2,4,1,6,0,1,37
U029486,11,6,5,4,0,4,2,0,21
U029487,12,1,7,2,0,2,1,2,20
U029488,14,1,2,5,0,5,0,0,20
U029489,10,0,1,5,0,5,1,0,14
U029490,18,4,9,4,1,4,3,1,24
U029491,22,4,4,4,1,3,1,1,10
U029492,14,5,6,7,1,9,4,0,17
U029493,16,3,10,4,1,7,0,1,33
U029494,11,0,4,0,1,3,2,3,17
U029495,14,3,3,3,0,6,1,0,26
U029496,10,0,3,2,1,2,0,1,16
U029497,21,5,6,5,9,6,2,1,24
U029498,10,3,4,2,3,4,2,0,12
U029499,9,5,8,4,1,10,0,1,30
U029500,14,3,5,3,0,3,1,0,16
U029501,12,6,9,7,1,10,1,2,27
U029502,15,3,7,5,1,8,1,0,20
U029503,12,1,9,2,1,9,1,0,23
U029504,13,2,5,3,0,14,1,0,25
U029505,11,1,4,5,0,3,0,1,19
U029506,21,5,4,3,0,7,1,2,24
U029507,12,4,8,6,1,11,1,3,27
U029508,12,0,2,1,3,5,0,1,14
U029509,18,1,5,3,0,5,3,0,11
U029510,11,1,3,2,4,2,0,1,18
U029511,16,2,6,0,6,8,0,0,24
U029512,20,2,6,2,0,11,1,2,30
U029513,6,0,1,2,1,5,1,2,21
U029514,12,2,9,3,1,5,2,2,22
U029515,10,1,4,2,0,5,0,0,19
U029516,15,5,7,4,0,5,3,0,16
U029517,15,6,6,7,0,3,0,2,28
U029518,16,1,5,1,0,6,1,0,22
U029519,19,3,1,4,0,8,0,2,28
U029520,15,3,4,3,1,9,1,0,22
U029521,16,1,4,3,5,2,1,1,15
U029522,8,5,3,6,2,5,0,1,14
U029523,16,1,12,8,0,2,0,0,36
U029524,14,4,4,3,0,4,3,2,23
U029525,18,4,7,10,1,9,3,2,23
U029526,15,2,13,6,1,6,1,2,20
U029527,7,1,7,5,0,5,0,2,17
U029528,10,2,5,5,0,10,0,2,19
U029529,22,1,5,3,0,10,1,2,23
U029530,11,0,8,0,0,2,1,1,15
U029531,9,3,5,0,3,1,0,0,12
U029532,13,0,5,0,1,3,2,3,29
U029533,7,1,13,5,0,6,0,1,13
U029534,14,7,8,4,0,4,2,2,27
U029535,13,10,5,6,1,5,0,0,22
U029536,12,1,5,2,9,3,3,1,10
U029537,18,3,4,3,0,7,3,0,28
U029538,14,0,4,3,0,8,1,1,13
U029539,14,4,12,4,1,7,0,1,17
U029540,19,3,5,6,0,10,1,0,23
U029541,8,1,5,1,0,6,1,0,11
U029542,24,2,8,6,2,8,1,2,27
U029543,22,4,5,2,0,2,1,0,17
U029544,24,1,7,4,0,2,4,0,18
U029545,16,3,3,3,1,2,0,1,25
U029546,17,2,6,2,0,5,3,2,24
U029547,14,2,11,0,0,9,4,0,18
U029548,10,2,5,0,3,3,1,1,20
U029549,11,3,6,0,1,5,3,1,13
U029550,13,6,7,4,0,5,1,0,21
U029551,12,2,4,2,0,2,3,0,13
U029552,10,0,7,3,1,6,2,0,12
U029553,11,2,7,6,0,8,3,3,27
U029554,24,2,6,2,0,7,0,1,32
U029555,17,3,8,4,0,6,1,4,16
U029556,16,2,4,2,0,9,2,0,28
U029557,13,1,3,2,0,4,2,2,21
U029558,13,2,2,5,6,1,1,1,13
U029559,15,1,5,3,1,6,0,1,22
U029560,14,3,4,1,0,3,1,2,28
U029561,23,6,11,3,0,10,1,3,27
U029562,8,1,3,3,0,5,4,2,13
U029563,12,0,9,2,1,3,1,0,13
U029564,6,2,2,5,5,6,0,0,13
U029565,17,1,8,3,1,7,1,0,19
U029566,9,1,2,2,1,4,0,1,21
U029567,12,1,4,5,1,5,1,1,12
U029568,27,1,8,5,1,5,0,1,33
U029569,9,0,6,4,0,3,0,4,17
U029570,11,3,7,2,0,8,1,0,22
U029571,22,6,8,7,1,7,1,3,24
U029572,20,1,10,7,0,5,2,1,37
U029573,5,0,3,1,7,5,0,0,17
U029574,16,0,4,3,1,1,0,1,13
U029575,14,0,5,3,0,4,3,1,22
U029576,18,2,8,4,1,9,1,2,20
U029577,8,0,3,0,1,3,0,0,13
U029578,13,2,7,0,0,5,0,3,20
U029579,5,0,2,0,0,3,0,0,10
U029580,10,8,2,1,0,5,2,1,16
U029581,18,5,4,2,1,5,1,1,22
U029582,16,1,4,5,0,5,1,1,20
U029583,10,3,3,5,7,3,3,0,19
U029584,16,1,3,3,1,2,2,2,16
U029585,10,9,10,10,0,7,4,1,23
U029586,12,0,5,5,2,2,1,0,14
U029587,6,3,7,2,0,7,2,0,22
U029588,18,0,1,1,0,7,0,0,15
U029589,12,2,2,1,0,10,1,1,15
U029590,13,2,5,3,3,3,3,1,18
U029591,18,6,6,5,0,4,1,3,12
U029592,12,3,6,4,1,12,0,1,19
U029593,14,0,6,1,0,3,1,1,16
U029594,9,0,3,0,1,2,1,1,5
U029595,16,0,7,5,2,7,0,0,24
U029596,10,1,3,0,0,5,1,0,13
U029597,13,1,5,1,0,3,1,0,16
U029598,18,2,6,6,0,5,4,2,27
U029599,17,1,8,2,1,6,3,0,23
U029600,16,2,5,4,1,11,1,1,23
U029601,10,1,2,3,3,5,0,0,12
U029602,15,2,9,2,0,6,3,1,25
U029603,5,3,4,1,2,5,1,1,7
U029604,13,3,5,1,0,8,2,0,25
U029605,21,6,5,1,0,8,3,0,27
U029606,11,2,4,2,1,4,0,0,6
U029607,13,3,4,2,0,7,2,1,30
U029608,10,0,6,3,4,4,0,1,21
U029609,13,6,5,2,1,5,2,3,25
U029610,17,1,2,1,0,8,2,0,16
U029611,14,1,10,4,0,7,1,2,21
U029612,13,4,6,6,0,7,1,0,34
U029613,9,1,1,4,5,5,1,0,13
U029614,12,1,5,1,4,6,1,1,20
U029615,4,0,3,1,5,5,0,1,13
U029616,14,0,3,2,0,5,2,0,16
U029617,13,6,6,4,0,2,1,1,27
U029618,8,1,6,1,0,4,0,0,14
U029619,18,2,6,1,2,7,5,3,30
U029620,10,2,3,6,1,3,1,0,16
U029621,12,1,7,3,1,11,2,0,22
U029622,9,0,2,3,0,5,0,0,21
U029623,9,2,5,0,1,7,2,0,16
U029624,19,5,7,3,0,5,1,0,31
U029625,8,2,7,1,5,1,1,1,13
U029626,17,1,8,4,0,10,1,0,27
U029627,14,4,7,4,0,4,2,3,23
U029628,17,3,10,5,0,7,4,2,23
U029629,14,1,1,2,0,6,1,1,21
U029630,17,5,5,1,0,8,0,1,23
U029631,19,5,8,11,0,10,3,1,22
U029632,11,1,8,0,0,6,0,4,19
U029633,11,1,7,1,1,6,1,0,18
U029634,10,2,3,2,1,3,0,2,14
U029635,12,1,12,2,1,5,2,2,34
U029636,10,1,3,3,0,3,2,2,16
U029637,10,4,5,5,0,4,0,1,25
U029638,15,1,5,0,0,6,0,1,14
U029639,11,0,5,2,1,3,1,1,14
U029640,9,1,4,0,0,2,0,1,17
U029641,9,0,7,3,0,8,3,0,14
U029642,18,3,4,2,0,4,2,0,26
U029643,16,0,3,1,0,7,3,1,19
U029644,19,3,5,5,1,10,1,1,26
U029645,20,4,8,4,1,3,1,0,19
U029646,5,2,0,0,6,6,0,1,14
U029647,20,4,7,2,0,8,4,0,34
U029648,18,2,2,1,1,4,4,1,31
U029649,6,5,5,6,1,6,1,2,19
U029650,6,0,7,4,0,7,0,0,9
U029651,16,0,6,3,1,5,3,1,10
U029652,12,1,4,6,0,8,1,0,16
U029653,10,0,1,2,4,5,0,0,6
U029654,21,4,4,2,0,3,1,2,21
U029655,10,0,3,1,0,5,1,2,18
U029656,12,4,6,1,0,3,0,1,22
U029657,9,2,11,3,0,8,2,2,22
U029658,12,4,2,1,5,4,1,1,16
U029659,16,6,8,5,0,6,6,1,28
U029660,12,0,8,2,0,4,0,1,15
U029661,15,2,3,3,4,0,2,2,10
U029662,12,5,6,7,2,7,4,2,14
U029663,17,4,7,5,0,8,2,0,26
U029664,7,0,5,1,0,1,0,0,11
U029665,12,1,2,2,0,4,0,1,9
U029666,6,0,4,2,0,5,2,2,10
U029667,16,4,7,2,0,11,0,0,31
U029668,25,3,9,3,1,5,1,2,33
U029669,15,4,7,4,0,7,0,1,27
U029670,11,2,3,2,2,4,0,0,20
U029671,11,2,11,3,0,7,1,1,23
U029672,17,2,3,1,0,6,0,0,21
U029673,17,5,7,2,0,9,2,1,26
U029674,22,7,8,5,0,7,2,0,28
U029675,17,4,8,4,7,5,0,2,23
U029676,8,1,7,2,1,4,2,2,14
U029677,10,2,5,2,0,5,0,0,20
U029678,14,3,5,8,0,4,6,0,19
U029679,10,2,2,0,0,4,0,1,12
U029680,10,0,3,1,0,5,0,2,15
U029681,24,2,2,3,1,3,2,2,21
U029682,12,3,7,4,0,6,2,0,13
U029683,7,2,1,3,2,1,0,0,23
U029684,14,4,7,1,2,7,1,2,19
U029685,14,1,5,3,0,8,0,2,16
U029686,16,5,8,0,0,5,1,3,28
U029687,7,2,5,3,1,2,1,1,16
U029688,19,4,3,3,1,7,4,1,24
U029689,14,1,4,2,0,4,0,2,20
U029690,15,1,4,2,0,7,0,0,17
U029691,16,0,4,3,0,9,3,2,14
U029692,7,1,6,1,0,4,1,0,19
U029693,15,1,10,5,0,7,0,0,26
U029694,14,0,9,3,0,6,2,1,16
U029695,8,1,3,1,0,5,1,0,17
U029696,15,7,8,2,0,3,2,2,20
U029697,7,2,4,4,1,8,3,1,30
U029698,11,3,8,0,1,5,4,0,14
U029699,8,1,1,5,1,3,1,0,12
U029700,17,0,6,3,0,4,0,1,17
U029701,12,3,7,1,3,4,1,0,15
U029702,14,5,5,3,0,3,4,4,21
U029703,5,0,6,2,1,5,1,1,14
U029704,11,4,8,1,1,5,1,0,22
U029705,12,3,7,7,3,6,1,1,21
U029706,23,4,9,4,1,7,1,1,29
U029707,14,1,3,1,0,6,1,0,20
U029708,12,0,3,1,0,5,1,1,14
U029709,9,3,7,3,0,11,0,3,18
U029710,24,3,10,1,2,6,2,3,23
U029711,11,2,2,3,5,3,0,0,12
U029712,13,2,7,8,0,4,3,0,26
U029713,9,3,5,6,1,4,1,2,20
U029714,14,1,4,2,0,9,1,0,14
U029715,11,0,7,3,0,5,2,0,15
U029716,12,3,10,3,1,5,3,1,31
U029717,15,2,5,3,3,3,1,0,17
U029718,8,0,6,5,1,3,0,0,16
U029719,9,2,1,3,2,3,2,2,9
U029720,11,6,5,4,10,7,4,1,28
U029721,19,5,4,0,0,7,1,3,28
U029722,10,1,6,4,0,6,0,1,20
U029723,12,4,8,4,0,1,2,1,28
U029724,10,2,2,3,0,1,2,2,13
U029725,19,6,4,4,0,8,3,1,17
U029726,16,2,8,7,1,3,2,1,25
U029727,19,6,7,3,1,6,1,0,30
U029728,4,0,3,2,1,8,2,1,16
U029729,14,3,6,1,0,9,1,1,24
U029730,8,1,3,0,1,4,0,0,17
U029731,11,0,5,2,0,6,1,0,11
U029732,15,1,3,2,1,9,0,0,25
U029733,10,3,10,4,0,8,3,2,28
U029734,18,1,8,6,0,7,0,2,18
U029735,6,5,12,3,0,7,1,1,22
U029736,11,2,7,1,0,7,1,0,22
U029737,10,1,5,3,0,4,2,0,15
U029738,12,3,5,2,1,1,0,0,23
U029739,9,1,10,2,0,2,0,1,12
U029740,18,4,2,4,0,5,0,3,27
U029741,7,1,7,4,0,2,1,1,16
U029742,22,2,5,5,0,11,0,2,20
U029743,14,3,3,2,4,7,0,2,10
U029744,13,1,9,5,1,7,3,0,24
U029745,12,3,6,2,5,7,0,0,18
U029746,10,2,4,3,3,8,0,2,18
U029747,7,0,3,1,0,8,4,0,16
U029748,9,1,3,2,0,3,1,0,13
U029749,14,1,7,1,0,6,3,1,14
U029750,10,3,9,2,2,7,1,1,21
U029751,13,2,6,3,1,5,0,1,23
U029752,18,2,5,5,0,8,4,1,28
U029753,11,0,6,1,0,4,0,0,18
U029754,18,6,4,2,1,6,0,0,34
U029755,15,3,8,2,1,3,1,3,13
U029756,14,1,9,1,1,3,2,1,22
U029757,9,1,2,5,2,5,0,2,18
U029758,18,0,3,3,0,5,3,0,18
U029759,12,1,3,4,0,6,1,1,21
U029760,14,3,7,5,0,9,2,0,24
U029761,15,3,2,4,1,5,2,2,25
U029762,15,1,13,2,0,5,1,1,18
U029763,8,0,7,6,5,2,1,3,7
U029764,15,5,11,1,1,4,0,0,26
U029765,9,3,8,3,0,5,1,1,27
U029766,6,0,4,1,3,2,0,3,12
U029767,16,3,7,1,0,6,2,1,26
U029768,4,1,5,1,2,6,1,0,12
U029769,4,1,5,1,3,3,3,1,6
U029770,11,1,5,1,1,4,4,2,14
U029771,17,2,7,1,0,7,1,0,15
U029772,13,4,4,6,0,9,0,0,19
U029773,17,1,6,3,0,6,2,1,10
U029774,13,2,3,3,0,10,0,0,28
U029775,14,7,6,3,0,2,0,3,38
U029776,14,6,2,2,0,10,1,1,28
U029777,14,0,5,2,1,3,3,2,20
U029778,7,0,3,1,0,5,1,1,16
U029779,11,1,2,2,0,4,1,0,24
U029780,7,4,3,4,0,0,0,0,14
U029781,8,0,0,1,6,5,0,0,9
U029782,11,1,6,0,1,6,2,0,7
U029783,15,0,4,3,0,5,0,0,20
U029784,10,2,6,2,0,5,1,1,28
U029785,16,5,4,4,0,3,1,1,31
U029786,13,1,6,4,0,6,0,0,17
U029787,10,3,3,2,0,5,0,1,12
U029788,16,3,2,1,0,5,3,1,29
U029789,7,1,1,5,1,5,0,2,20
U029790,12,4,5,0,0,4,1,1,18
U029791,17,2,7,4,0,7,2,2,19
U029792,13,2,5,2,0,4,1,1,16
U029793,5,1,6,3,4,5,0,1,10
U029794,23,5,7,2,0,6,2,1,31
U029795,7,0,4,4,0,3,1,0,10
U029796,8,3,3,3,1,5,1,0,19
U029797,15,2,7,7,1,13,0,0,30
U029798,15,5,7,4,1,5,2,2,16
U029799,16,2,5,2,0,3,1,0,22
U029800,11,2,1,2,0,5,2,1,15
U029801,20,1,11,3,0,7,0,0,15
U029802,9,0,7,2,1,8,2,0,27
U029803,13,5,10,2,1,7,0,0,18
U029804,10,0,2,0,1,8,3,0,13
U029805,15,0,6,4,1,3,1,0,15
U029806,13,3,11,6,1,4,1,0,23
U029807,20,0,5,1,0,2,1,1,14
U029808,13,4,6,5,1,9,1,2,25
U029809,3,0,4,7,0,4,0,0,12
U029810,9,2,6,2,0,5,2,1,27
U029811,7,1,5,1,1,4,3,1,14
U029812,19,2,8,4,1,6,2,1,27
U029813,9,0,6,1,0,3,1,1,14
U029814,12,3,7,1,6,6,1,0,15
U029815,8,2,3,6,0,7,1,2,21
U029816,11,0,10,5,0,5,0,0,24
U029817,12,0,5,6,0,2,1,1,23
U029818,14,4,8,3,1,5,1,0,30
U029819,5,0,2,1,2,4,0,0,9
U029820,7,2,0,1,0,4,0,0,8
U029821,14,1,4,1,0,4,3,0,19
U029822,8,0,4,1,2,0,3,2,22
U029823,15,4,3,4,1,8,1,2,26
U029824,6,0,3,5,0,5,2,2,17
U029825,18,4,11,3,0,4,2,2,28
U029826,15,0,3,1,0,2,2,0,29
U029827,11,2,4,1,0,6,0,2,16
U029828,16,2,5,6,4,3,0,0,21
U029829,14,2,7,1,0,5,4,2,22
U029830,20,3,5,4,2,9,1,0,24
U029831,7,0,4,4,4,4,0,0,10
U029832,11,5,6,3,0,11,2,0,18
U029833,14,4,5,5,0,4,0,0,22
U029834,11,0,2,4,0,3,2,0,15
U029835,12,0,5,1,0,4,1,0,17
U029836,13,0,6,4,0,2,0,0,11
U029837,13,5,9,2,0,5,1,0,19
U029838,13,1,12,1,0,6,2,1,19
U029839,7,2,5,6,1,3,2,0,19
U029840,11,0,8,2,0,2,2,1,23
U029841,8,0,4,0,0,4,1,0,10
U029842,12,0,4,3,1,5,0,2,23
U029843,14,5,5,2,4,0,2,0,15
U029844,14,5,7,1,0,4,0,0,16
U029845,9,1,5,0,2,3,0,0,13
U029846,13,5,10,9,0,5,5,2,26
U029847,3,2,10,0,3,6,1,1,18
U029848,10,0,7,3,1,7,2,2,18
U029849,16,5,12,4,0,7,2,1,14
U029850,12,0,3,1,0,9,2,1,25
U029851,13,1,7,4,0,4,0,2,18
U029852,12,6,4,1,0,4,2,1,20
U029853,20,2,8,4,0,7,2,0,17
U029854,13,1,8,1,1,7,2,1,15
U029855,6,1,5,1,0,7,1,1,22
U029856,19,6,7,2,0,5,2,0,21
U029857,6,0,1,2,3,4,0,1,11
U029858,5,0,1,0,5,1,0,2,13
U029859,8,2,8,4,3,5,0,1,16
U029860,10,1,10,3,0,4,1,1,22
U029861,13,1,3,1,5,4,1,1,12
U029862,10,0,7,3,3,0,2,1,19
U029863,5,0,4,0,0,7,2,3,21
U029864,15,2,10,3,0,6,0,3,19
U029865,6,0,5,2,0,4,0,1,18
U029866,12,0,4,3,0,5,1,1,20
U029867,16,1,3,2,0,6,0,0,20
U029868,15,4,10,4,0,9,2,0,26
U029869,8,3,11,8,0,7,1,0,14
U029870,15,2,5,3,0,6,0,0,17
U029871,9,1,8,3,1,5,5,0,25
U029872,10,3,18,5,1,6,3,1,19
U029873,24,1,3,3,0,5,1,0,18
U029874,14,3,4,4,0,4,1,2,15
U029875,8,1,3,5,0,6,0,1,31
U029876,17,2,4,4,0,6,3,0,32
U029877,10,0,2,0,5,4,1,1,14
U029878,13,0,6,2,1,2,0,1,20
U029879,7,1,8,2,6,1,2,1,18
U029880,10,1,3,4,0,6,0,0,15
U029881,16,4,10,3,1,3,0,0,17
U029882,9,1,4,4,0,5,1,0,17
U029883,22,6,7,5,1,4,2,0,21
U029884,14,2,1,1,7,7,0,0,11
U029885,19,3,5,1,0,5,1,0,24
U029886,8,0,6,5,0,3,0,0,15
U029887,23,5,8,7,0,11,1,1,25
U029888,7,1,3,1,3,6,0,3,20
U029889,8,0,3,0,3,1,1,0,11
U029890,18,3,5,8,0,11,0,2,31
U029891,16,2,8,3,1,3,6,0,12
U029892,20,4,10,7,0,7,3,2,20
U029893,21,2,7,4,0,5,0,0,22
U029894,31,5,10,4,0,8,1,2,29
U029895,6,2,1,5,0,6,1,0,15
U029896,12,4,14,5,0,8,2,2,29
U029897,17,1,9,4,0,9,1,1,29
U029898,11,0,6,2,0,4,3,0,16
U029899,12,6,12,2,1,7,2,0,27
U029900,10,1,6,1,0,7,0,2,18
U029901,14,4,8,7,1,3,2,1,21
U029902,9,3,4,1,3,7,3,2,12
U029903,15,6,6,6,1,8,0,0,27
U029904,17,3,7,3,1,8,1,0,38
U029905,12,0,2,5,0,7,1,0,15
U029906,12,1,4,3,6,5,0,1,22
U029907,14,0,7,0,0,3,2,0,26
U029908,21,4,9,4,0,12,3,0,31
U029909,12,0,4,3,1,0,2,0,13
U029910,11,1,10,6,1,8,2,0,29
U029911,15,2,2,4,1,1,1,1,21
U029912,14,3,9,3,1,3,3,1,26
U029913,17,3,8,3,1,7,1,1,23
U029914,10,0,6,1,0,4,1,0,17
U029915,14,0,8,3,0,3,0,1,15
U029916,5,2,4,4,3,2,0,0,18
U029917,7,0,2,0,6,3,2,1,10
U029918,10,0,4,1,0,5,1,1,14
U029919,13,2,8,4,0,4,4,0,18
U029920,15,2,6,7,0,9,1,2,26
U029921,6,1,2,4,1,8,1,1,20
U029922,13,3,9,4,0,6,1,0,21
U029923,8,0,4,0,0,7,1,0,17
U029924,16,2,5,2,0,8,2,2,15
U029925,17,5,4,3,0,10,1,0,24
U029926,17,0,11,2,0,4,3,0,11
U029927,9,2,7,2,0,7,1,0,20
U029928,17,3,7,2,0,6,2,0,10
U029929,18,0,4,2,0,4,3,0,15
U029930,9,0,7,3,0,6,1,0,15
U029931,13,1,4,5,0,8,2,0,28
U029932,18,7,5,6,2,6,2,2,25
U029933,16,2,7,1,0,5,0,1,23
U029934,14,1,3,2,0,5,1,3,18
U029935,9,0,9,2,1,3,2,1,21
U029936,12,0,8,0,0,5,0,1,17
U029937,15,2,4,3,0,1,0,0,28
U029938,12,1,3,1,0,7,0,3,15
U029939,23,0,5,1,0,8,1,1,15
U029940,7,3,9,1,0,6,2,2,20
U029941,3,0,3,4,4,3,1,0,9
U029942,11,2,3,1,6,6,1,0,20
U029943,14,2,14,1,1,5,2,1,19
U029944,8,3,7,5,1,7,1,1,20
U029945,9,1,6,2,1,4,1,1,25
U029946,10,4,6,4,4,6,2,1,17
U029947,8,2,8,3,0,5,0,1,16
U029948,6,0,2,3,2,5,1,2,13
U029949,18,6,5,2,1,5,2,3,23
U029950,11,1,8,2,0,8,1,2,10
U029951,18,4,7,3,3,5,0,0,13
U029952,5,0,1,0,0,5,0,1,17
U029953,16,3,6,3,0,5,0,0,19
U029954,11,3,2,4,0,4,1,1,13
U029955,26,3,8,5,1,6,2,0,32
U029956,21,2,10,4,0,5,1,0,29
U029957,16,6,7,0,5,5,1,1,22
U029958,12,4,9,1,0,3,2,0,29
U029959,17,4,6,3,0,7,1,2,26
U029960,9,3,4,3,0,11,1,1,15
U029961,17,4,2,6,1,4,1,0,27
U029962,17,2,2,3,3,7,2,1,21
U029963,9,1,3,5,1,3,0,2,23
U029964,17,2,7,6,1,10,1,1,31
U029965,4,0,6,4,0,6,1,1,10
U029966,15,2,2,3,0,5,2,1,20
U029967,14,0,4,0,1,11,1,1,21
U029968,10,0,5,4,0,1,0,1,10
U029969,12,5,5,5,0,9,1,1,12
U029970,11,0,4,5,2,7,1,0,29
U029971,13,3,9,3,0,8,0,0,22
U029972,9,1,8,1,0,7,3,1,28
U029973,18,1,3,4,0,3,2,0,28
U029974,17,2,10,1,0,4,2,2,33
U029975,9,3,11,2,0,1,1,0,27
U029976,10,2,6,3,0,3,1,1,21
U029977,24,4,9,0,0,3,3,2,24
U029978,20,4,7,7,0,6,5,1,33
U029979,6,0,6,3,0,3,4,1,22
U029980,9,1,7,2,0,3,0,0,19
U029981,8,1,5,1,1,8,3,1,25
U029982,7,1,6,2,0,2,0,1,17
U029983,8,0,5,3,1,4,1,0,9
U029984,8,0,5,4,0,4,3,2,16
U029985,5,0,5,4,8,8,0,1,15
U029986,14,0,7,1,0,5,0,1,18
U029987,12,3,3,6,0,7,3,0,14
U029988,11,5,8,3,1,6,1,0,15
U029989,16,2,4,3,0,12,0,2,28
U029990,21,5,11,2,0,1,2,1,33
U029991,18,7,6,2,0,3,1,1,8
U029992,9,0,4,2,0,5,0,1,21
U029993,11,1,5,4,0,2,0,3,23
U029994,12,0,6,4,0,5,1,1,16
U029995,9,0,2,3,0,8,1,1,19
U029996,15,3,8,1,0,6,1,1,17
U029997,10,2,3,2,0,4,0,1,21
U029998,20,5,10,6,0,4,2,1,18
U029999,6,3,7,1,1,2,3,0,20
U030000,11,3,1,5,1,9,5,1,30
