user_id,churn_probability,churn_prediction,churn_probability_pct,risk_segment,risk_score,retention_priority,plan,billing_frequency,monthly_recurring_revenue,annual_contract_value,tenure_days,upgrade_count,downgrade_count,acquisition_source,total_mrr,average_monthly_revenue,active_months,retention_rank
U012149,0.9985313174166737,1,99.85,Critical,99.85,Immediate,starter,monthly,29.0,348.0,118,0,0,self-serve,145.0,29.0,5,1
U020869,0.9975065594548823,1,99.75,Critical,99.75,Immediate,starter,monthly,29.0,348.0,82,0,0,self-serve,116.0,29.0,4,2
U000386,0.9972543885454347,1,99.73,Critical,99.73,Immediate,professional,monthly,79.0,948.0,102,0,0,self-serve,395.0,79.0,5,3
U011099,0.9970692033602495,1,99.71,Critical,99.71,Immediate,professional,monthly,79.0,948.0,101,0,0,self-serve,395.0,79.0,5,4
U001464,0.9968787657113921,1,99.69,Critical,99.69,Immediate,starter,monthly,29.0,348.0,143,0,0,self-serve,174.0,29.0,6,5
U022393,0.9967553040896676,1,99.68,Critical,99.68,Immediate,starter,monthly,29.0,348.0,133,0,0,self-serve,174.0,29.0,6,6
U014244,0.9966554155407717,1,99.67,Critical,99.67,Immediate,starter,monthly,29.0,348.0,116,0,0,self-serve,145.0,29.0,5,7
U003955,0.9964874101802237,1,99.65,Critical,99.65,Immediate,starter,monthly,29.0,348.0,270,0,0,self-serve,290.0,29.0,10,8
U003820,0.9964609710963275,1,99.65,Critical,99.65,Immediate,starter,monthly,29.0,348.0,115,0,0,self-serve,145.0,29.0,5,9
U000309,0.9964025752352016,1,99.64,Critical,99.64,Immediate,starter,monthly,29.0,348.0,145,0,0,self-serve,174.0,29.0,6,10
U017446,0.9964018837844486,1,99.64,Critical,99.64,Immediate,starter,monthly,29.0,348.0,88,0,0,self-serve,116.0,29.0,4,11
U028937,0.9962674575947645,1,99.63,Critical,99.63,Immediate,starter,monthly,29.0,348.0,136,0,0,self-serve,174.0,29.0,6,12
U019272,0.9962643118869321,1,99.63,Critical,99.63,Immediate,starter,monthly,29.0,348.0,162,1,0,sales-assisted,203.0,29.0,7,13
U003598,0.9962591667460977,1,99.63,Critical,99.63,Immediate,starter,monthly,29.0,348.0,268,0,0,self-serve,290.0,29.0,10,14
U001486,0.9961213397850759,1,99.61,Critical,99.61,Immediate,starter,monthly,29.0,348.0,173,1,0,self-serve,203.0,29.0,7,15
U000362,0.9957876175252613,1,99.58,Critical,99.58,Immediate,starter,monthly,29.0,348.0,198,1,0,self-serve,232.0,29.0,8,16
U021467,0.9957586803665583,1,99.58,Critical,99.58,Immediate,starter,monthly,29.0,348.0,239,0,0,self-serve,261.0,29.0,9,17
U007392,0.9957586803665583,1,99.58,Critical,99.58,Immediate,starter,monthly,29.0,348.0,239,0,0,self-serve,261.0,29.0,9,18
U017127,0.9956585251036252,1,99.57,Critical,99.57,Immediate,starter,monthly,29.0,348.0,102,0,0,self-serve,145.0,29.0,5,19
U013988,0.9955902042539403,1,99.56,Critical,99.56,Immediate,starter,monthly,29.0,348.0,175,1,0,self-serve,203.0,29.0,7,20
U014972,0.9955902042539403,1,99.56,Critical,99.56,Immediate,starter,monthly,29.0,348.0,174,1,0,self-serve,203.0,29.0,7,21
U007306,0.9955632433860983,1,99.56,Critical,99.56,Immediate,starter,monthly,29.0,348.0,235,0,0,self-serve,261.0,29.0,9,22
U017567,0.9954989888748113,1,99.55,Critical,99.55,Immediate,starter,monthly,29.0,348.0,228,0,0,sales-assisted,261.0,29.0,9,23
U026456,0.9954563210635216,1,99.55,Critical,99.55,Immediate,professional,monthly,79.0,948.0,47,0,0,self-serve,237.0,79.0,3,24
U020147,0.9954458685403593,1,99.54,Critical,99.54,Immediate,starter,monthly,29.0,348.0,119,0,0,self-serve,145.0,29.0,5,25
U021826,0.9954458685403593,1,99.54,Critical,99.54,Immediate,starter,monthly,29.0,348.0,119,0,0,self-serve,145.0,29.0,5,26
U026717,0.99523911097635,1,99.52,Critical,99.52,Immediate,starter,monthly,29.0,348.0,176,1,0,self-serve,203.0,29.0,7,27
U022588,0.9951473428401564,1,99.51,Critical,99.51,Immediate,starter,monthly,29.0,348.0,271,0,0,self-serve,290.0,29.0,10,28
U021661,0.9951247589158051,1,99.51,Critical,99.51,Immediate,professional,monthly,79.0,948.0,104,0,0,self-serve,395.0,79.0,5,29
U004690,0.9951247589158051,1,99.51,Critical,99.51,Immediate,professional,monthly,79.0,948.0,104,0,0,self-serve,395.0,79.0,5,30
U018633,0.9950593139185107,1,99.51,Critical,99.51,Immediate,starter,monthly,29.0,348.0,121,0,0,self-serve,145.0,29.0,5,31
U023528,0.9949778608997484,1,99.5,Critical,99.5,Immediate,starter,monthly,29.0,348.0,240,0,0,self-serve,261.0,29.0,9,32
U019349,0.994924634194738,1,99.49,Critical,99.49,Immediate,starter,monthly,29.0,348.0,89,1,0,self-serve,116.0,29.0,4,33
U009440,0.9946725450343535,1,99.47,Critical,99.47,Immediate,starter,monthly,29.0,348.0,65,1,0,self-serve,116.0,29.0,4,34
U015952,0.9946562819202502,1,99.47,Critical,99.47,Immediate,starter,monthly,29.0,348.0,157,1,0,self-serve,203.0,29.0,7,35
U014976,0.9945586497412697,1,99.46,Critical,99.46,Immediate,starter,monthly,29.0,348.0,124,0,0,partner,145.0,29.0,5,36
U005878,0.9945542944396508,1,99.46,Critical,99.46,Immediate,starter,monthly,29.0,348.0,113,0,0,self-serve,145.0,29.0,5,37
U008990,0.9945103184135017,1,99.45,Critical,99.45,Immediate,starter,monthly,29.0,348.0,172,0,1,self-serve,203.0,29.0,7,38
U022868,0.9944874752361782,1,99.45,Critical,99.45,Immediate,starter,monthly,29.0,348.0,51,0,0,sales-assisted,87.0,29.0,3,39
U017809,0.9944874752361782,1,99.45,Critical,99.45,Immediate,starter,monthly,29.0,348.0,51,0,0,sales-assisted,87.0,29.0,3,40
U003385,0.994347893868234,1,99.43,Critical,99.43,Immediate,starter,monthly,29.0,348.0,78,0,0,sales-assisted,116.0,29.0,4,41
U015771,0.9943452099524105,1,99.43,Critical,99.43,Immediate,professional,monthly,79.0,948.0,49,0,0,self-serve,237.0,79.0,3,42
U028024,0.994295942959679,1,99.43,Critical,99.43,Immediate,starter,monthly,29.0,348.0,172,1,0,self-serve,203.0,29.0,7,43
U014352,0.994233137533912,1,99.42,Critical,99.42,Immediate,starter,monthly,29.0,348.0,69,0,0,sales-assisted,116.0,29.0,4,44
U019916,0.9941422656429286,1,99.41,Critical,99.41,Immediate,starter,monthly,29.0,348.0,208,1,0,self-serve,232.0,29.0,8,45
U008777,0.9941422656429286,1,99.41,Critical,99.41,Immediate,starter,monthly,29.0,348.0,208,1,0,self-serve,232.0,29.0,8,46
U016650,0.9937086648730779,1,99.37,Critical,99.37,Immediate,starter,monthly,29.0,348.0,117,1,0,self-serve,145.0,29.0,5,47
U002231,0.9937086648730779,1,99.37,Critical,99.37,Immediate,starter,monthly,29.0,348.0,117,1,0,self-serve,145.0,29.0,5,48
U006016,0.9936557776430167,1,99.37,Critical,99.37,Immediate,starter,monthly,29.0,348.0,175,1,0,self-serve,203.0,29.0,7,49
U005371,0.9935396413626459,1,99.35,Critical,99.35,Immediate,starter,monthly,29.0,348.0,57,1,0,self-serve,87.0,29.0,3,50
U014486,0.9935396413626459,1,99.35,Critical,99.35,Immediate,starter,monthly,29.0,348.0,57,1,0,self-serve,87.0,29.0,3,51
U019604,0.9935018347356457,1,99.35,Critical,99.35,Immediate,starter,monthly,29.0,348.0,85,1,0,self-serve,116.0,29.0,4,52
U010943,0.9934475870447042,1,99.34,Critical,99.34,Immediate,starter,monthly,29.0,348.0,90,0,0,self-serve,116.0,29.0,4,53
U024639,0.9934475870447042,1,99.34,Critical,99.34,Immediate,starter,monthly,29.0,348.0,90,0,0,self-serve,116.0,29.0,4,54
U029029,0.9933491075661518,1,99.33,Critical,99.33,Immediate,starter,monthly,29.0,348.0,211,0,0,self-serve,232.0,29.0,8,55
U025256,0.9933491075661518,1,99.33,Critical,99.33,Immediate,starter,monthly,29.0,348.0,211,0,0,self-serve,232.0,29.0,8,56
U018211,0.9932725469553613,1,99.33,Critical,99.33,Immediate,professional,monthly,79.0,948.0,135,0,0,self-serve,474.0,79.0,6,57
U003614,0.9928702549661381,1,99.29,Critical,99.29,Immediate,starter,monthly,29.0,348.0,60,0,0,self-serve,87.0,29.0,3,58
U013807,0.9928140673070542,1,99.28,Critical,99.28,Immediate,professional,monthly,79.0,948.0,101,0,0,sales-assisted,395.0,79.0,5,59
U018299,0.9927286772222006,1,99.27,Critical,99.27,Immediate,starter,monthly,29.0,348.0,91,0,1,self-serve,116.0,29.0,4,60
U008649,0.9927275590541088,1,99.27,Critical,99.27,Immediate,starter,annual,29.0,348.0,125,0,0,self-serve,145.0,29.0,5,61
U006641,0.9926590217549047,1,99.27,Critical,99.27,Immediate,starter,monthly,29.0,348.0,59,0,0,self-serve,87.0,29.0,3,62
U019635,0.9925604375332773,1,99.26,Critical,99.26,Immediate,starter,monthly,29.0,348.0,101,1,0,self-serve,145.0,29.0,5,63
U020643,0.9925157097994746,1,99.25,Critical,99.25,Immediate,starter,monthly,29.0,348.0,130,1,1,self-serve,145.0,29.0,5,64
U001591,0.9925157097994746,1,99.25,Critical,99.25,Immediate,starter,monthly,29.0,348.0,130,1,1,self-serve,145.0,29.0,5,65
U010294,0.9924750791348903,1,99.25,Critical,99.25,Immediate,starter,monthly,29.0,348.0,234,0,0,self-serve,261.0,29.0,9,66
U003787,0.9924443170669371,1,99.24,Critical,99.24,Immediate,starter,monthly,29.0,348.0,159,1,0,sales-assisted,203.0,29.0,7,67
U029028,0.9923949624585697,1,99.24,Critical,99.24,Immediate,starter,monthly,29.0,348.0,58,1,0,sales-assisted,87.0,29.0,3,68
U002221,0.9922421366965511,1,99.22,Critical,99.22,Immediate,starter,monthly,29.0,348.0,168,0,0,self-serve,174.0,29.0,6,69
U000688,0.9922421366965511,1,99.22,Critical,99.22,Immediate,starter,monthly,29.0,348.0,168,0,0,self-serve,174.0,29.0,6,70
U021412,0.9922421366965511,1,99.22,Critical,99.22,Immediate,starter,monthly,29.0,348.0,168,0,0,self-serve,174.0,29.0,6,71
U013526,0.9921862123665632,1,99.22,Critical,99.22,Immediate,starter,monthly,29.0,348.0,260,0,0,self-serve,290.0,29.0,10,72
U018673,0.9920831558874331,1,99.21,Critical,99.21,Immediate,starter,monthly,29.0,348.0,119,1,0,self-serve,145.0,29.0,5,73
U028053,0.9920376842482822,1,99.2,Critical,99.2,Immediate,starter,monthly,29.0,348.0,78,0,0,self-serve,116.0,29.0,4,74
U016685,0.9920028055958245,1,99.2,Critical,99.2,Immediate,starter,monthly,29.0,348.0,60,1,0,sales-assisted,87.0,29.0,3,75
U002360,0.9918394069030143,1,99.18,Critical,99.18,Immediate,starter,monthly,29.0,348.0,57,1,0,sales-assisted,87.0,29.0,3,76
U027785,0.9918178584781591,1,99.18,Critical,99.18,Immediate,starter,monthly,29.0,348.0,146,0,0,sales-assisted,174.0,29.0,6,77
U000298,0.9918178584781591,1,99.18,Critical,99.18,Immediate,starter,monthly,29.0,348.0,146,0,0,sales-assisted,174.0,29.0,6,78
U001747,0.9917736320779093,1,99.18,Critical,99.18,Immediate,starter,monthly,29.0,348.0,121,1,0,self-serve,145.0,29.0,5,79
U007335,0.991719755478419,1,99.17,Critical,99.17,Immediate,starter,monthly,29.0,348.0,95,0,0,self-serve,145.0,29.0,5,80
U002474,0.9917042841919281,1,99.17,Critical,99.17,Immediate,starter,monthly,29.0,348.0,199,1,0,self-serve,232.0,29.0,8,81
U019540,0.9916011368674799,1,99.16,Critical,99.16,Immediate,starter,monthly,29.0,348.0,269,0,0,self-serve,290.0,29.0,10,82
U029136,0.9915136666909816,1,99.15,Critical,99.15,Immediate,starter,monthly,29.0,348.0,121,1,0,self-serve,145.0,29.0,5,83
U012829,0.9915136666909816,1,99.15,Critical,99.15,Immediate,starter,monthly,29.0,348.0,121,1,0,self-serve,145.0,29.0,5,84
U014148,0.9915136666909816,1,99.15,Critical,99.15,Immediate,starter,monthly,29.0,348.0,121,1,0,self-serve,145.0,29.0,5,85
U008074,0.991479528550077,1,99.15,Critical,99.15,Immediate,starter,monthly,29.0,348.0,146,2,0,self-serve,174.0,29.0,6,86
U008072,0.991476911553461,1,99.15,Critical,99.15,Immediate,starter,annual,29.0,348.0,123,0,0,self-serve,145.0,29.0,5,87
U016138,0.991476911553461,1,99.15,Critical,99.15,Immediate,starter,annual,29.0,348.0,123,0,0,self-serve,145.0,29.0,5,88
U009067,0.9913683658983816,1,99.14,Critical,99.14,Immediate,starter,monthly,29.0,348.0,133,0,0,self-serve,145.0,29.0,5,89
U003770,0.9913683658983816,1,99.14,Critical,99.14,Immediate,starter,monthly,29.0,348.0,133,0,0,self-serve,145.0,29.0,5,90
U025420,0.9913384051179173,1,99.13,Critical,99.13,Immediate,starter,monthly,29.0,348.0,108,0,0,sales-assisted,145.0,29.0,5,91
U018073,0.991144782020386,1,99.11,Critical,99.11,Immediate,starter,monthly,29.0,348.0,136,0,0,self-serve,145.0,29.0,5,92
U012848,0.9911206798164578,1,99.11,Critical,99.11,Immediate,starter,monthly,29.0,348.0,122,0,0,partner,145.0,29.0,5,93
U004558,0.9911090111803327,1,99.11,Critical,99.11,Immediate,starter,monthly,29.0,348.0,147,0,1,self-serve,174.0,29.0,6,94
U005429,0.9910958314524606,1,99.11,Critical,99.11,Immediate,starter,monthly,29.0,348.0,111,0,0,sales-assisted,145.0,29.0,5,95
U014830,0.9908323751004968,1,99.08,Critical,99.08,Immediate,starter,monthly,29.0,348.0,212,0,0,self-serve,232.0,29.0,8,96
U008031,0.9908323751004968,1,99.08,Critical,99.08,Immediate,starter,monthly,29.0,348.0,212,0,0,self-serve,232.0,29.0,8,97
U007598,0.990773843543815,1,99.08,Critical,99.08,Immediate,starter,monthly,29.0,348.0,212,1,0,self-serve,232.0,29.0,8,98
U015967,0.990773843543815,1,99.08,Critical,99.08,Immediate,starter,monthly,29.0,348.0,212,1,0,self-serve,232.0,29.0,8,99
U008290,0.9906923445136661,1,99.07,Critical,99.07,Immediate,starter,monthly,29.0,348.0,148,0,1,self-serve,174.0,29.0,6,100
U022866,0.9906875806470223,1,99.07,Critical,99.07,Immediate,professional,monthly,79.0,948.0,150,0,0,self-serve,474.0,79.0,6,101
U014141,0.9906776819079233,1,99.07,Critical,99.07,Immediate,professional,monthly,79.0,948.0,108,0,0,self-serve,395.0,79.0,5,102
U018257,0.9905094679040267,1,99.05,Critical,99.05,Immediate,starter,monthly,29.0,348.0,178,2,0,self-serve,203.0,29.0,7,103
U013300,0.9905094679040267,1,99.05,Critical,99.05,Immediate,starter,monthly,29.0,348.0,178,2,0,self-serve,203.0,29.0,7,104
U007867,0.990270913300548,1,99.03,Critical,99.03,Immediate,starter,annual,29.0,348.0,113,0,0,self-serve,145.0,29.0,5,105
U027978,0.990270913300548,1,99.03,Critical,99.03,Immediate,starter,annual,29.0,348.0,113,0,0,self-serve,145.0,29.0,5,106
U019897,0.9902228633048782,1,99.02,Critical,99.02,Immediate,starter,monthly,29.0,348.0,104,0,0,sales-assisted,145.0,29.0,5,107
U002578,0.9901576421776939,1,99.02,Critical,99.02,Immediate,professional,monthly,79.0,948.0,293,0,0,self-serve,869.0,79.0,11,108
U007342,0.9898489049283193,1,98.98,Critical,98.98,Immediate,starter,monthly,29.0,348.0,167,0,0,self-serve,174.0,29.0,6,109
U015409,0.9898489049283193,1,98.98,Critical,98.98,Immediate,starter,monthly,29.0,348.0,167,0,0,self-serve,174.0,29.0,6,110
U002074,0.989786429170454,1,98.98,Critical,98.98,Immediate,professional,monthly,79.0,948.0,151,1,0,self-serve,474.0,79.0,6,111
U009567,0.989587806741179,1,98.96,Critical,98.96,Immediate,starter,monthly,29.0,348.0,119,0,0,partner,145.0,29.0,5,112
U017347,0.989575166075829,1,98.96,Critical,98.96,Immediate,starter,monthly,29.0,348.0,202,1,0,self-serve,232.0,29.0,8,113
U002023,0.9895750498124304,1,98.96,Critical,98.96,Immediate,starter,monthly,29.0,348.0,114,0,0,partner,145.0,29.0,5,114
U008608,0.9895710975597735,1,98.96,Critical,98.96,Immediate,professional,monthly,79.0,948.0,150,1,0,self-serve,474.0,79.0,6,115
U026246,0.9895710975597735,1,98.96,Critical,98.96,Immediate,professional,monthly,79.0,948.0,150,1,0,self-serve,474.0,79.0,6,116
U021264,0.9892690549307476,1,98.93,Critical,98.93,Immediate,professional,monthly,79.0,948.0,297,0,0,self-serve,869.0,79.0,11,117
U028170,0.9892419414056784,1,98.92,Critical,98.92,Immediate,starter,monthly,29.0,348.0,59,1,0,self-serve,87.0,29.0,3,118
U003402,0.9892419414056784,1,98.92,Critical,98.92,Immediate,starter,monthly,29.0,348.0,59,1,0,self-serve,87.0,29.0,3,119
U007994,0.9891955035986869,1,98.92,Critical,98.92,Immediate,starter,monthly,29.0,348.0,174,0,1,self-serve,203.0,29.0,7,120
U010816,0.9888975165885855,1,98.89,Critical,98.89,Immediate,starter,monthly,29.0,348.0,143,0,1,self-serve,174.0,29.0,6,121
U011022,0.9888840121561642,1,98.89,Critical,98.89,Immediate,starter,monthly,29.0,348.0,170,0,0,self-serve,203.0,29.0,7,122
U001736,0.9888626453247781,1,98.89,Critical,98.89,Immediate,starter,monthly,29.0,348.0,81,0,0,self-serve,87.0,29.0,3,123
U019470,0.9888028299474729,1,98.88,Critical,98.88,Immediate,professional,monthly,79.0,948.0,42,1,0,sales-assisted,237.0,79.0,3,124
U021401,0.9887528102637979,1,98.88,Critical,98.88,Immediate,starter,monthly,29.0,348.0,181,1,0,self-serve,203.0,29.0,7,125
U026525,0.9886541401412935,1,98.87,Critical,98.87,Immediate,starter,monthly,29.0,348.0,133,2,0,self-serve,174.0,29.0,6,126
U014002,0.9885798042571192,1,98.86,Critical,98.86,Immediate,starter,monthly,29.0,348.0,120,1,0,self-serve,145.0,29.0,5,127
U004738,0.9883590111803328,1,98.84,Critical,98.84,Immediate,starter,monthly,29.0,348.0,149,0,1,self-serve,174.0,29.0,6,128
U017275,0.9882955255361656,1,98.83,Critical,98.83,Immediate,professional,monthly,79.0,948.0,296,0,0,self-serve,869.0,79.0,11,129
U022368,0.9882679659506599,1,98.83,Critical,98.83,Immediate,professional,monthly,79.0,948.0,203,0,0,self-serve,632.0,79.0,8,130
U007880,0.988187871224009,1,98.82,Critical,98.82,Immediate,starter,monthly,29.0,348.0,229,0,0,self-serve,261.0,29.0,9,131
U029543,0.9880829528231315,1,98.81,Critical,98.81,Immediate,starter,monthly,29.0,348.0,157,0,0,sales-assisted,174.0,29.0,6,132
U012431,0.9879010167655402,1,98.79,Critical,98.79,Immediate,starter,annual,29.0,348.0,228,0,0,self-serve,261.0,29.0,9,133
U023374,0.9877416944840818,1,98.77,Critical,98.77,Immediate,professional,monthly,79.0,948.0,54,1,0,self-serve,237.0,79.0,3,134
U014242,0.9877249853917738,1,98.77,Critical,98.77,Immediate,starter,monthly,29.0,348.0,116,1,0,self-serve,145.0,29.0,5,135
U025046,0.9876977793687362,1,98.77,Critical,98.77,Immediate,starter,monthly,29.0,348.0,153,0,0,sales-assisted,174.0,29.0,6,136
U010429,0.9876760659022191,1,98.77,Critical,98.77,Immediate,starter,monthly,29.0,348.0,201,1,0,self-serve,232.0,29.0,8,137
U017713,0.9876283818707691,1,98.76,Critical,98.76,Immediate,professional,monthly,79.0,948.0,55,1,0,self-serve,237.0,79.0,3,138
U020414,0.9876242595194905,1,98.76,Critical,98.76,Immediate,starter,annual,29.0,348.0,155,0,1,sales-assisted,174.0,29.0,6,139
U009521,0.9875827837201098,1,98.76,Critical,98.76,Immediate,starter,monthly,29.0,348.0,166,1,0,sales-assisted,203.0,29.0,7,140
U028189,0.9873177928704274,1,98.73,Critical,98.73,Immediate,professional,monthly,79.0,948.0,103,0,0,self-serve,395.0,79.0,5,141
U011838,0.9872614957183834,1,98.73,Critical,98.73,Immediate,professional,monthly,79.0,948.0,206,0,0,self-serve,632.0,79.0,8,142
U004198,0.9872551502423035,1,98.73,Critical,98.73,Immediate,starter,monthly,29.0,348.0,134,2,0,self-serve,174.0,29.0,6,143
U009331,0.9872055369198627,1,98.72,Critical,98.72,Immediate,starter,monthly,29.0,348.0,80,0,0,self-serve,87.0,29.0,3,144
U002494,0.9871623334116466,1,98.72,Critical,98.72,Immediate,starter,monthly,29.0,348.0,238,2,1,self-serve,261.0,29.0,9,145
U014789,0.9871378622454813,1,98.71,Critical,98.71,Immediate,starter,monthly,29.0,348.0,85,0,0,self-serve,116.0,29.0,4,146
U022160,0.9871139518170916,1,98.71,Critical,98.71,Immediate,starter,monthly,29.0,348.0,209,1,0,self-serve,232.0,29.0,8,147
U021159,0.9870827254667502,1,98.71,Critical,98.71,Immediate,professional,monthly,79.0,948.0,152,1,0,self-serve,474.0,79.0,6,148
U027805,0.9870815605653714,1,98.71,Critical,98.71,Immediate,starter,monthly,29.0,348.0,80,1,0,self-serve,116.0,29.0,4,149
U010532,0.9870499888990342,1,98.7,Critical,98.7,Immediate,starter,monthly,29.0,348.0,236,2,0,self-serve,261.0,29.0,9,150
U020214,0.987039758166904,1,98.7,Critical,98.7,Immediate,starter,monthly,29.0,348.0,179,0,0,self-serve,203.0,29.0,7,151
U014808,0.987039758166904,1,98.7,Critical,98.7,Immediate,starter,monthly,29.0,348.0,179,0,0,self-serve,203.0,29.0,7,152
U013960,0.9870243888018755,1,98.7,Critical,98.7,Immediate,starter,monthly,29.0,348.0,229,0,1,self-serve,261.0,29.0,9,153
U020148,0.9869832117377283,1,98.7,Critical,98.7,Immediate,professional,monthly,79.0,948.0,111,0,0,self-serve,395.0,79.0,5,154
U020878,0.986947380476794,1,98.69,Critical,98.69,Immediate,starter,monthly,29.0,348.0,141,0,0,self-serve,174.0,29.0,6,155
U009673,0.9868562905266565,1,98.69,Critical,98.69,Immediate,starter,monthly,29.0,348.0,237,2,1,self-serve,261.0,29.0,9,156
U008482,0.9866918572218215,1,98.67,Critical,98.67,Immediate,starter,monthly,29.0,348.0,105,0,0,self-serve,145.0,29.0,5,157
U021099,0.9866683950509599,1,98.67,Critical,98.67,Immediate,starter,monthly,29.0,348.0,87,0,0,self-serve,116.0,29.0,4,158
U023310,0.9866511200640469,1,98.67,Critical,98.67,Immediate,professional,monthly,79.0,948.0,204,1,0,self-serve,632.0,79.0,8,159
U012388,0.9866511200640469,1,98.67,Critical,98.67,Immediate,professional,monthly,79.0,948.0,204,1,0,self-serve,632.0,79.0,8,160
U024640,0.9866179177109455,1,98.66,Critical,98.66,Immediate,professional,monthly,79.0,948.0,87,0,0,sales-assisted,316.0,79.0,4,161
U025894,0.9865736604097185,1,98.66,Critical,98.66,Immediate,starter,monthly,29.0,348.0,212,0,1,self-serve,232.0,29.0,8,162
U003572,0.9864537563193068,1,98.65,Critical,98.65,Immediate,starter,monthly,29.0,348.0,94,1,0,self-serve,116.0,29.0,4,163
U009091,0.9864537563193068,1,98.65,Critical,98.65,Immediate,starter,monthly,29.0,348.0,94,1,0,self-serve,116.0,29.0,4,164
U020249,0.9864334932274297,1,98.64,Critical,98.64,Immediate,starter,monthly,29.0,348.0,118,0,1,self-serve,145.0,29.0,5,165
U002169,0.9864334932274297,1,98.64,Critical,98.64,Immediate,starter,monthly,29.0,348.0,118,0,1,self-serve,145.0,29.0,5,166
U026253,0.986345915052864,1,98.63,Critical,98.63,Immediate,professional,monthly,79.0,948.0,116,1,0,sales-assisted,395.0,79.0,5,167
U005312,0.9860607556160909,1,98.61,Critical,98.61,Immediate,professional,monthly,79.0,948.0,153,1,0,self-serve,474.0,79.0,6,168
U022695,0.9860580601780264,1,98.61,Critical,98.61,Immediate,starter,monthly,29.0,348.0,180,2,0,self-serve,203.0,29.0,7,169
U016709,0.9860580601780264,1,98.61,Critical,98.61,Immediate,starter,monthly,29.0,348.0,180,2,0,self-serve,203.0,29.0,7,170
U029939,0.9857747333664435,1,98.58,Critical,98.58,Immediate,starter,monthly,29.0,348.0,120,0,0,sales-assisted,145.0,29.0,5,171
U028251,0.9857537372167646,1,98.58,Critical,98.58,Immediate,starter,monthly,29.0,348.0,44,0,0,self-serve,87.0,29.0,3,172
U021044,0.9857043679392911,1,98.57,Critical,98.57,Immediate,starter,monthly,29.0,348.0,223,1,0,sales-assisted,261.0,29.0,9,173
U027673,0.9856654055507619,1,98.57,Critical,98.57,Immediate,starter,monthly,29.0,348.0,112,0,0,self-serve,145.0,29.0,5,174
U011790,0.9856632805202973,1,98.57,Critical,98.57,Immediate,starter,monthly,29.0,348.0,303,0,0,self-serve,319.0,29.0,11,175
U012604,0.9855678976773727,1,98.56,Critical,98.56,Immediate,professional,monthly,79.0,948.0,76,0,0,sales-assisted,316.0,79.0,4,176
U025183,0.9855311573378299,1,98.55,Critical,98.55,Immediate,professional,monthly,79.0,948.0,122,1,0,sales-assisted,395.0,79.0,5,177
U006261,0.9855195008065787,1,98.55,Critical,98.55,Immediate,professional,monthly,79.0,948.0,147,1,0,self-serve,474.0,79.0,6,178
U023786,0.9854093426653534,1,98.54,Critical,98.54,Immediate,starter,monthly,29.0,348.0,296,0,0,self-serve,319.0,29.0,11,179
U014448,0.98540551375553,1,98.54,Critical,98.54,Immediate,starter,monthly,29.0,348.0,172,1,0,partner,203.0,29.0,7,180
U017786,0.9853855678309678,1,98.54,Critical,98.54,Immediate,starter,monthly,29.0,348.0,146,0,0,self-serve,174.0,29.0,6,181
U006062,0.9853033211637048,1,98.53,Critical,98.53,Immediate,starter,monthly,29.0,348.0,156,0,0,sales-assisted,174.0,29.0,6,182
U011712,0.9852611026495852,1,98.53,Critical,98.53,Immediate,starter,monthly,29.0,348.0,221,0,1,self-serve,261.0,29.0,9,183
U020161,0.9851927295002476,1,98.52,Critical,98.52,Immediate,starter,monthly,29.0,348.0,77,0,1,sales-assisted,116.0,29.0,4,184
U017830,0.9851218736764844,1,98.51,Critical,98.51,Immediate,starter,annual,29.0,348.0,112,3,0,self-serve,145.0,29.0,5,185
U027506,0.9851080666997768,1,98.51,Critical,98.51,Immediate,starter,monthly,29.0,348.0,118,0,0,sales-assisted,145.0,29.0,5,186
U006416,0.9848915854288212,1,98.49,Critical,98.49,Immediate,professional,monthly,79.0,948.0,97,0,0,self-serve,395.0,79.0,5,187
U004701,0.9848798289987442,1,98.49,Critical,98.49,Immediate,starter,annual,29.0,348.0,160,0,1,sales-assisted,174.0,29.0,6,188
U020157,0.9846861621922511,1,98.47,Critical,98.47,Immediate,starter,monthly,29.0,348.0,157,1,0,self-serve,174.0,29.0,6,189
U029782,0.9846861621922511,1,98.47,Critical,98.47,Immediate,starter,monthly,29.0,348.0,157,1,0,self-serve,174.0,29.0,6,190
U016399,0.9845907335537608,1,98.46,Critical,98.46,Immediate,starter,monthly,29.0,348.0,47,0,0,self-serve,87.0,29.0,3,191
U025319,0.984485388129522,1,98.45,Critical,98.45,Immediate,starter,monthly,29.0,348.0,179,1,0,partner,203.0,29.0,7,192
U017753,0.9843167094292801,1,98.43,Critical,98.43,Immediate,starter,monthly,29.0,348.0,91,0,0,self-serve,116.0,29.0,4,193
U019958,0.9842652898509493,1,98.43,Critical,98.43,Immediate,professional,monthly,79.0,948.0,56,1,0,sales-assisted,237.0,79.0,3,194
U012826,0.9842322513976937,1,98.42,Critical,98.42,Immediate,starter,monthly,29.0,348.0,117,2,0,sales-assisted,145.0,29.0,5,195
U024020,0.9839807712367818,1,98.4,Critical,98.4,Immediate,starter,monthly,29.0,348.0,297,0,0,self-serve,319.0,29.0,11,196
U003183,0.9839797183463898,1,98.4,Critical,98.4,Immediate,starter,monthly,29.0,348.0,169,1,0,self-serve,203.0,29.0,7,197
U022214,0.9839372438009949,1,98.39,Critical,98.39,Immediate,starter,monthly,29.0,348.0,238,2,0,self-serve,261.0,29.0,9,198
U017978,0.9839029287056695,1,98.39,Critical,98.39,Immediate,starter,monthly,29.0,348.0,87,0,0,self-serve,116.0,29.0,4,199
U016646,0.9838403683657615,1,98.38,Critical,98.38,Immediate,starter,monthly,29.0,348.0,104,0,0,sales-assisted,145.0,29.0,5,200
U008181,0.9837516931334972,1,98.38,Critical,98.38,Immediate,starter,monthly,29.0,348.0,131,1,1,self-serve,145.0,29.0,5,201
U004478,0.9837459464428718,1,98.37,Critical,98.37,Immediate,starter,annual,29.0,348.0,123,0,0,self-serve,145.0,29.0,5,202
U010470,0.9837459464428718,1,98.37,Critical,98.37,Immediate,starter,annual,29.0,348.0,123,0,0,self-serve,145.0,29.0,5,203
U011921,0.9835996371737274,1,98.36,Critical,98.36,Immediate,professional,monthly,79.0,948.0,110,1,0,self-serve,395.0,79.0,5,204
U015347,0.9835657897908415,1,98.36,Critical,98.36,Immediate,professional,monthly,79.0,948.0,328,0,0,self-serve,948.0,79.0,12,205
U022634,0.9834928102520765,1,98.35,Critical,98.35,Immediate,starter,monthly,29.0,348.0,215,0,1,self-serve,232.0,29.0,8,206
U014093,0.9833966183074936,1,98.34,Critical,98.34,Immediate,professional,annual,79.0,948.0,85,0,0,self-serve,316.0,79.0,4,207
U014297,0.9832169097241052,1,98.32,Critical,98.32,Immediate,starter,annual,29.0,348.0,194,1,0,self-serve,232.0,29.0,8,208
U000942,0.983189380763471,1,98.32,Critical,98.32,Immediate,professional,monthly,79.0,948.0,109,1,0,self-serve,395.0,79.0,5,209
U008564,0.9830561551852749,1,98.31,Critical,98.31,Immediate,professional,monthly,79.0,948.0,77,3,0,self-serve,316.0,79.0,4,210
U008758,0.9828959544910147,1,98.29,Critical,98.29,Immediate,starter,monthly,29.0,348.0,88,0,0,sales-assisted,116.0,29.0,4,211
U018937,0.9828328466037933,1,98.28,Critical,98.28,Immediate,starter,monthly,29.0,348.0,129,1,0,self-serve,174.0,29.0,6,212
U003916,0.9827986528147767,1,98.28,Critical,98.28,Immediate,starter,monthly,29.0,348.0,92,0,1,self-serve,116.0,29.0,4,213
U016223,0.9827802510095034,1,98.28,Critical,98.28,Immediate,starter,monthly,29.0,348.0,230,1,1,sales-assisted,261.0,29.0,9,214
U027174,0.982736081379031,1,98.27,Critical,98.27,Immediate,starter,monthly,29.0,348.0,92,1,0,self-serve,116.0,29.0,4,215
U023704,0.9826098639399494,1,98.26,Critical,98.26,Immediate,starter,monthly,29.0,348.0,243,1,0,partner,261.0,29.0,9,216
U013186,0.982521425929184,1,98.25,Critical,98.25,Immediate,starter,monthly,29.0,348.0,148,2,0,self-serve,174.0,29.0,6,217
U008771,0.9825019277711503,1,98.25,Critical,98.25,Immediate,professional,monthly,79.0,948.0,117,0,0,self-serve,395.0,79.0,5,218
U023543,0.9823400910113761,1,98.23,Critical,98.23,Immediate,professional,monthly,79.0,948.0,88,0,0,sales-assisted,316.0,79.0,4,219
U001047,0.9823094022433141,1,98.23,Critical,98.23,Immediate,professional,monthly,79.0,948.0,143,2,0,partner,474.0,79.0,6,220
U028232,0.9822947341679973,1,98.23,Critical,98.23,Immediate,starter,annual,29.0,348.0,130,1,0,self-serve,145.0,29.0,5,221
U014105,0.9819152179646011,1,98.19,Critical,98.19,Immediate,starter,monthly,29.0,348.0,206,1,0,self-serve,232.0,29.0,8,222
U029773,0.9817374264635212,1,98.17,Critical,98.17,Immediate,professional,annual,79.0,948.0,76,0,0,self-serve,316.0,79.0,4,223
U012128,0.9817374264635212,1,98.17,Critical,98.17,Immediate,professional,annual,79.0,948.0,76,0,0,self-serve,316.0,79.0,4,224
U021112,0.9817198538182245,1,98.17,Critical,98.17,Immediate,starter,monthly,29.0,348.0,197,0,0,self-serve,232.0,29.0,8,225
U000780,0.9815215702576656,1,98.15,Critical,98.15,Immediate,starter,monthly,29.0,348.0,82,0,0,self-serve,87.0,29.0,3,226
U029444,0.9814016594744343,1,98.14,Critical,98.14,Immediate,starter,monthly,29.0,348.0,136,0,0,partner,174.0,29.0,6,227
U011693,0.9813689780248451,1,98.14,Critical,98.14,Immediate,starter,monthly,29.0,348.0,79,0,0,self-serve,87.0,29.0,3,228
U013594,0.9812810532920224,1,98.13,Critical,98.13,Immediate,starter,monthly,29.0,348.0,48,2,0,sales-assisted,87.0,29.0,3,229
U018218,0.9811479726581892,1,98.11,Critical,98.11,Immediate,starter,monthly,29.0,348.0,132,1,1,self-serve,145.0,29.0,5,230
U024000,0.9809847934847049,1,98.1,Critical,98.1,Immediate,professional,monthly,79.0,948.0,119,1,0,self-serve,395.0,79.0,5,231
U025465,0.9809747751116618,1,98.1,Critical,98.1,Immediate,starter,monthly,29.0,348.0,75,0,0,sales-assisted,87.0,29.0,3,232
U005270,0.9807521889016368,1,98.08,Critical,98.08,Immediate,starter,monthly,29.0,348.0,162,1,0,self-serve,203.0,29.0,7,233
U000158,0.9805756245880207,1,98.06,Critical,98.06,Immediate,professional,monthly,79.0,948.0,390,0,0,self-serve,1106.0,79.0,14,234
U013420,0.9805727529277173,1,98.06,Critical,98.06,Immediate,professional,monthly,79.0,948.0,144,2,0,partner,474.0,79.0,6,235
U002261,0.980568926990212,1,98.06,Critical,98.06,Immediate,professional,monthly,79.0,948.0,87,0,0,sales-assisted,316.0,79.0,4,236
U006701,0.9805055048380605,1,98.05,Critical,98.05,Immediate,starter,monthly,29.0,348.0,72,1,0,sales-assisted,116.0,29.0,4,237
U011443,0.9805010432449636,1,98.05,Critical,98.05,Immediate,professional,monthly,79.0,948.0,167,0,0,self-serve,553.0,79.0,7,238
U002351,0.9805010432449636,1,98.05,Critical,98.05,Immediate,professional,monthly,79.0,948.0,167,0,0,self-serve,553.0,79.0,7,239
U019941,0.980414121327514,1,98.04,Critical,98.04,Immediate,starter,monthly,29.0,348.0,155,0,0,sales-assisted,174.0,29.0,6,240
U012453,0.9803644840899337,1,98.04,Critical,98.04,Immediate,starter,monthly,29.0,348.0,236,0,0,sales-assisted,261.0,29.0,9,241
U019237,0.9803355696698349,1,98.03,Critical,98.03,Immediate,starter,monthly,29.0,348.0,248,1,0,partner,261.0,29.0,9,242
U001062,0.9802928270071535,1,98.03,Critical,98.03,Immediate,professional,monthly,79.0,948.0,197,0,0,self-serve,632.0,79.0,8,243
U008638,0.9802749183541722,1,98.03,Critical,98.03,Immediate,starter,monthly,29.0,348.0,112,1,1,self-serve,145.0,29.0,5,244
U003832,0.980244140206967,1,98.02,Critical,98.02,Immediate,starter,annual,29.0,348.0,263,0,0,self-serve,290.0,29.0,10,245
U013123,0.980140973179366,1,98.01,Critical,98.01,Immediate,starter,monthly,29.0,348.0,156,0,0,sales-assisted,174.0,29.0,6,246
U003667,0.9798874313812452,1,97.99,Critical,97.99,Immediate,starter,monthly,29.0,348.0,63,1,0,sales-assisted,87.0,29.0,3,247
U013064,0.9798432480983352,1,97.98,Critical,97.98,Immediate,starter,monthly,29.0,348.0,111,0,0,self-serve,145.0,29.0,5,248
U010314,0.9797485631898913,1,97.97,Critical,97.97,Immediate,professional,monthly,79.0,948.0,84,1,0,sales-assisted,316.0,79.0,4,249
U016117,0.9797047709566404,1,97.97,Critical,97.97,Immediate,starter,monthly,29.0,348.0,92,0,0,sales-assisted,116.0,29.0,4,250
U000340,0.9795865368903498,1,97.96,Critical,97.96,Immediate,starter,monthly,29.0,348.0,122,1,1,self-serve,145.0,29.0,5,251
U023708,0.9795662224600481,1,97.96,Critical,97.96,Immediate,professional,monthly,79.0,948.0,80,3,0,self-serve,316.0,79.0,4,252
U012308,0.9795162894530101,1,97.95,Critical,97.95,Immediate,starter,monthly,29.0,348.0,235,0,0,self-serve,261.0,29.0,9,253
U001220,0.9794078820535528,1,97.94,Critical,97.94,Immediate,starter,monthly,29.0,348.0,105,1,1,self-serve,145.0,29.0,5,254
U013718,0.9793963481905714,1,97.94,Critical,97.94,Immediate,starter,annual,29.0,348.0,129,0,0,self-serve,145.0,29.0,5,255
U014993,0.9793959314613283,1,97.94,Critical,97.94,Immediate,starter,monthly,29.0,348.0,237,0,0,self-serve,261.0,29.0,9,256
U021229,0.9793623698278929,1,97.94,Critical,97.94,Immediate,professional,annual,79.0,948.0,109,2,0,sales-assisted,395.0,79.0,5,257
U017529,0.979343724485549,1,97.93,Critical,97.93,Immediate,starter,monthly,29.0,348.0,144,1,0,self-serve,174.0,29.0,6,258
U020453,0.979289025993066,1,97.93,Critical,97.93,Immediate,starter,monthly,29.0,348.0,146,2,1,self-serve,174.0,29.0,6,259
U001599,0.9790892272163728,1,97.91,Critical,97.91,Immediate,starter,monthly,29.0,348.0,178,0,0,self-serve,203.0,29.0,7,260
U028100,0.9789737849991625,1,97.9,Critical,97.9,Immediate,professional,monthly,79.0,948.0,104,0,0,sales-assisted,395.0,79.0,5,261
U024260,0.9789736817529132,1,97.9,Critical,97.9,Immediate,starter,monthly,29.0,348.0,104,0,1,self-serve,145.0,29.0,5,262
U005837,0.9789262430850698,1,97.89,Critical,97.89,Immediate,starter,monthly,29.0,348.0,268,0,0,sales-assisted,290.0,29.0,10,263
U002298,0.978912879533879,1,97.89,Critical,97.89,Immediate,starter,monthly,29.0,348.0,114,0,1,self-serve,145.0,29.0,5,264
U003156,0.9788755420113652,1,97.89,Critical,97.89,Immediate,starter,monthly,29.0,348.0,48,1,1,self-serve,87.0,29.0,3,265
U025563,0.97884316338189,1,97.88,Critical,97.88,Immediate,starter,monthly,29.0,348.0,83,0,0,self-serve,87.0,29.0,3,266
U004737,0.9787435950481002,1,97.87,Critical,97.87,Immediate,starter,monthly,29.0,348.0,230,2,0,self-serve,261.0,29.0,9,267
U013388,0.978618977537382,1,97.86,Critical,97.86,Immediate,starter,monthly,29.0,348.0,242,0,0,self-serve,261.0,29.0,9,268
U028589,0.978618977537382,1,97.86,Critical,97.86,Immediate,starter,monthly,29.0,348.0,242,0,0,self-serve,261.0,29.0,9,269
U000207,0.9785594617527564,1,97.86,Critical,97.86,Immediate,starter,monthly,29.0,348.0,70,0,0,sales-assisted,87.0,29.0,3,270
U003341,0.9785465269649467,1,97.85,Critical,97.85,Immediate,professional,monthly,79.0,948.0,184,2,0,partner,553.0,79.0,7,271
U021565,0.9785465269649467,1,97.85,Critical,97.85,Immediate,professional,monthly,79.0,948.0,184,2,0,partner,553.0,79.0,7,272
U009782,0.9785423711002295,1,97.85,Critical,97.85,Immediate,professional,monthly,79.0,948.0,44,0,0,self-serve,237.0,79.0,3,273
U001687,0.9784925106696354,1,97.85,Critical,97.85,Immediate,starter,annual,29.0,348.0,180,1,0,sales-assisted,203.0,29.0,7,274
U004970,0.9783262870005826,1,97.83,Critical,97.83,Immediate,professional,monthly,79.0,948.0,82,0,1,self-serve,316.0,79.0,4,275
U027343,0.9782718075976017,1,97.83,Critical,97.83,Immediate,starter,monthly,29.0,348.0,65,1,0,self-serve,87.0,29.0,3,276
U018610,0.9781538374491652,1,97.82,Critical,97.82,Immediate,starter,monthly,29.0,348.0,390,0,0,self-serve,406.0,29.0,14,277
U010386,0.9780912653753198,1,97.81,Critical,97.81,Immediate,professional,monthly,79.0,948.0,196,0,2,sales-assisted,553.0,79.0,7,278
U025294,0.9780912653753198,1,97.81,Critical,97.81,Immediate,professional,monthly,79.0,948.0,196,0,2,sales-assisted,553.0,79.0,7,279
U001058,0.9779823986728843,1,97.8,Critical,97.8,Immediate,starter,monthly,29.0,348.0,226,1,0,sales-assisted,261.0,29.0,9,280
U026275,0.9779633992324112,1,97.8,Critical,97.8,Immediate,starter,monthly,29.0,348.0,389,0,0,self-serve,406.0,29.0,14,281
U017693,0.9779146785288204,1,97.79,Critical,97.79,Immediate,starter,monthly,29.0,348.0,65,1,0,sales-assisted,87.0,29.0,3,282
U001409,0.977754148050138,1,97.78,Critical,97.78,Immediate,professional,monthly,79.0,948.0,150,0,0,self-serve,474.0,79.0,6,283
U006760,0.9776386153524118,1,97.76,Critical,97.76,Immediate,professional,monthly,79.0,948.0,116,1,0,self-serve,395.0,79.0,5,284
U009461,0.9775966079888421,1,97.76,Critical,97.76,Immediate,starter,monthly,29.0,348.0,141,0,0,self-serve,145.0,29.0,5,285
U000799,0.9775942776563817,1,97.76,Critical,97.76,Immediate,starter,annual,29.0,348.0,237,0,0,self-serve,261.0,29.0,9,286
U014175,0.9775935789782199,1,97.76,Critical,97.76,Immediate,professional,annual,79.0,948.0,112,2,0,sales-assisted,395.0,79.0,5,287
U022468,0.9774268213875101,1,97.74,Critical,97.74,Immediate,starter,monthly,29.0,348.0,147,0,0,partner,174.0,29.0,6,288
U020521,0.9773941799974847,1,97.74,Critical,97.74,Immediate,starter,monthly,29.0,348.0,213,1,0,self-serve,232.0,29.0,8,289
U009720,0.9773941799974847,1,97.74,Critical,97.74,Immediate,starter,monthly,29.0,348.0,213,1,0,self-serve,232.0,29.0,8,290
U022816,0.9772223383660742,1,97.72,Critical,97.72,Immediate,starter,monthly,29.0,348.0,99,1,1,self-serve,145.0,29.0,5,291
U020162,0.9771364988145246,1,97.71,Critical,97.71,Immediate,starter,monthly,29.0,348.0,119,0,1,self-serve,145.0,29.0,5,292
U002464,0.9770687320292119,1,97.71,Critical,97.71,Immediate,starter,annual,29.0,348.0,223,0,0,self-serve,261.0,29.0,9,293
U010829,0.9770187923222134,1,97.7,Critical,97.7,Immediate,starter,monthly,29.0,348.0,88,0,0,sales-assisted,116.0,29.0,4,294
U009141,0.976981695503185,1,97.7,Critical,97.7,Immediate,professional,monthly,79.0,948.0,93,0,0,sales-assisted,316.0,79.0,4,295
U004452,0.9769595930359242,1,97.7,Critical,97.7,Immediate,starter,monthly,29.0,348.0,162,2,0,self-serve,203.0,29.0,7,296
U025878,0.976870369203524,1,97.69,Critical,97.69,Immediate,starter,monthly,29.0,348.0,66,1,0,self-serve,87.0,29.0,3,297
U025299,0.976870369203524,1,97.69,Critical,97.69,Immediate,starter,monthly,29.0,348.0,66,1,0,self-serve,87.0,29.0,3,298
U006746,0.9768565682752682,1,97.69,Critical,97.69,Immediate,starter,annual,29.0,348.0,44,0,0,self-serve,87.0,29.0,3,299
U025907,0.9768398662248474,1,97.68,Critical,97.68,Immediate,professional,monthly,79.0,948.0,40,1,0,sales-assisted,237.0,79.0,3,300
U026465,0.9768196246308821,1,97.68,Critical,97.68,Immediate,starter,monthly,29.0,348.0,14,1,0,self-serve,58.0,29.0,2,301
U025777,0.9765294820391213,1,97.65,Critical,97.65,Immediate,professional,monthly,79.0,948.0,93,1,0,sales-assisted,316.0,79.0,4,302
U011620,0.976494815158442,1,97.65,Critical,97.65,Immediate,professional,monthly,79.0,948.0,385,0,0,self-serve,1106.0,79.0,14,303
U002172,0.9763639634279611,1,97.64,Critical,97.64,Immediate,starter,monthly,29.0,348.0,110,1,0,partner,145.0,29.0,5,304
U025199,0.9763610283971191,1,97.64,Critical,97.64,Immediate,starter,monthly,29.0,348.0,246,1,0,partner,261.0,29.0,9,305
U002314,0.9763566292025613,1,97.64,Critical,97.64,Immediate,starter,monthly,29.0,348.0,160,1,0,sales-assisted,174.0,29.0,6,306
U004929,0.976277753442248,1,97.63,Critical,97.63,Immediate,starter,monthly,29.0,348.0,107,1,0,partner,145.0,29.0,5,307
U022400,0.9762728629095456,1,97.63,Critical,97.63,Immediate,starter,monthly,29.0,348.0,27,1,0,self-serve,58.0,29.0,2,308
U017193,0.9762318112061757,1,97.62,Critical,97.62,Immediate,starter,monthly,29.0,348.0,120,0,1,self-serve,145.0,29.0,5,309
U025261,0.9762025201010499,1,97.62,Critical,97.62,Immediate,starter,monthly,29.0,348.0,147,1,1,sales-assisted,174.0,29.0,6,310
U001513,0.9762025201010499,1,97.62,Critical,97.62,Immediate,starter,monthly,29.0,348.0,147,1,1,sales-assisted,174.0,29.0,6,311
U001653,0.9761895001310289,1,97.62,Critical,97.62,Immediate,starter,monthly,29.0,348.0,90,0,0,sales-assisted,116.0,29.0,4,312
U017111,0.9761789815749282,1,97.62,Critical,97.62,Immediate,starter,monthly,29.0,348.0,138,1,0,self-serve,174.0,29.0,6,313
U005698,0.9761584070340997,1,97.62,Critical,97.62,Immediate,starter,annual,29.0,348.0,52,0,0,self-serve,87.0,29.0,3,314
U000840,0.9760223552373941,1,97.6,Critical,97.6,Immediate,starter,monthly,29.0,348.0,243,1,0,sales-assisted,261.0,29.0,9,315
U002450,0.975949146116573,1,97.59,Critical,97.59,Immediate,starter,annual,29.0,348.0,149,1,0,self-serve,174.0,29.0,6,316
U018813,0.9759163167871411,1,97.59,Critical,97.59,Immediate,professional,monthly,79.0,948.0,89,0,0,sales-assisted,316.0,79.0,4,317
U007540,0.9759029671174615,1,97.59,Critical,97.59,Immediate,starter,monthly,29.0,348.0,104,1,0,partner,145.0,29.0,5,318
U014331,0.9758758411718311,1,97.59,Critical,97.59,Immediate,professional,monthly,79.0,948.0,149,0,0,self-serve,474.0,79.0,6,319
U025128,0.975500488923937,1,97.55,Critical,97.55,Immediate,enterprise,monthly,199.0,2388.0,146,3,0,self-serve,995.0,199.0,5,320
U012518,0.9754581708143187,1,97.55,Critical,97.55,Immediate,professional,annual,79.0,948.0,66,0,0,self-serve,316.0,79.0,4,321
U004345,0.9754477273434721,1,97.54,Critical,97.54,Immediate,starter,annual,29.0,348.0,53,1,0,partner,87.0,29.0,3,322
U020362,0.9754453166845329,1,97.54,Critical,97.54,Immediate,starter,monthly,29.0,348.0,99,0,2,self-serve,145.0,29.0,5,323
U016515,0.9753898448601895,1,97.54,Critical,97.54,Immediate,starter,monthly,29.0,348.0,149,2,1,self-serve,174.0,29.0,6,324
U006372,0.975156020839528,1,97.52,Critical,97.52,Immediate,professional,annual,79.0,948.0,101,3,0,sales-assisted,395.0,79.0,5,325
U017722,0.9751253029914659,1,97.51,Critical,97.51,Immediate,starter,monthly,29.0,348.0,390,1,1,self-serve,406.0,29.0,14,326
U029960,0.9749827033721469,1,97.5,Critical,97.5,Immediate,starter,monthly,29.0,348.0,145,0,0,self-serve,174.0,29.0,6,327
U000857,0.9749022125996879,1,97.49,Critical,97.49,Immediate,starter,monthly,29.0,348.0,64,1,0,sales-assisted,87.0,29.0,3,328
U010114,0.9748096593390679,1,97.48,Critical,97.48,Immediate,professional,monthly,79.0,948.0,109,2,0,self-serve,316.0,79.0,4,329
U008046,0.9748096593390679,1,97.48,Critical,97.48,Immediate,professional,monthly,79.0,948.0,109,2,0,self-serve,316.0,79.0,4,330
U017616,0.974768425804175,1,97.48,Critical,97.48,Immediate,starter,monthly,29.0,348.0,390,1,0,self-serve,406.0,29.0,14,331
U015571,0.9747634197642484,1,97.48,Critical,97.48,Immediate,professional,monthly,79.0,948.0,203,0,0,self-serve,632.0,79.0,8,332
U001983,0.9744902821463948,1,97.45,Critical,97.45,Immediate,starter,monthly,29.0,348.0,143,0,0,self-serve,145.0,29.0,5,333
U029549,0.9743933957623542,1,97.44,Critical,97.44,Immediate,starter,monthly,29.0,348.0,233,1,1,sales-assisted,261.0,29.0,9,334
U017212,0.9742225553343214,1,97.42,Critical,97.42,Immediate,starter,annual,29.0,348.0,84,1,0,self-serve,116.0,29.0,4,335
U025913,0.9742045315194161,1,97.42,Critical,97.42,Immediate,starter,monthly,29.0,348.0,349,0,0,sales-assisted,377.0,29.0,13,336
U010371,0.9741383877867225,1,97.41,Critical,97.41,Immediate,starter,monthly,29.0,348.0,51,1,1,self-serve,87.0,29.0,3,337
U007955,0.9741345911377902,1,97.41,Critical,97.41,Immediate,starter,monthly,29.0,348.0,93,1,0,self-serve,116.0,29.0,4,338
U020517,0.9740411229714192,1,97.4,Critical,97.4,Immediate,starter,monthly,29.0,348.0,177,1,1,sales-assisted,203.0,29.0,7,339
U003261,0.9740047542541722,1,97.4,Critical,97.4,Immediate,starter,monthly,29.0,348.0,184,0,1,self-serve,203.0,29.0,7,340
U026077,0.9740047542541722,1,97.4,Critical,97.4,Immediate,starter,monthly,29.0,348.0,184,0,1,self-serve,203.0,29.0,7,341
U005098,0.9739798815649571,1,97.4,Critical,97.4,Immediate,starter,monthly,29.0,348.0,106,0,2,self-serve,145.0,29.0,5,342
U018343,0.973972148864437,1,97.4,Critical,97.4,Immediate,starter,monthly,29.0,348.0,160,0,0,self-serve,203.0,29.0,7,343
U028136,0.9739277466847742,1,97.39,Critical,97.39,Immediate,starter,monthly,29.0,348.0,146,0,0,partner,174.0,29.0,6,344
U021339,0.9738184600395651,1,97.38,Critical,97.38,Immediate,starter,monthly,29.0,348.0,61,2,0,sales-assisted,87.0,29.0,3,345
U018493,0.9738124332073168,1,97.38,Critical,97.38,Immediate,professional,monthly,79.0,948.0,86,0,1,self-serve,316.0,79.0,4,346
U021016,0.9737940196166831,1,97.38,Critical,97.38,Immediate,professional,monthly,79.0,948.0,45,0,1,self-serve,237.0,79.0,3,347
U029168,0.9737735679132992,1,97.38,Critical,97.38,Immediate,starter,monthly,29.0,348.0,191,0,0,self-serve,232.0,29.0,8,348
U026788,0.9736305635950582,1,97.36,Critical,97.36,Immediate,starter,monthly,29.0,348.0,105,1,0,partner,145.0,29.0,5,349
U020683,0.9736234678209816,1,97.36,Critical,97.36,Immediate,starter,monthly,29.0,348.0,392,1,0,self-serve,406.0,29.0,14,350
U028522,0.9736191944418578,1,97.36,Critical,97.36,Immediate,professional,monthly,79.0,948.0,46,0,1,self-serve,237.0,79.0,3,351
U001329,0.9734635451183425,1,97.35,Critical,97.35,Immediate,starter,monthly,29.0,348.0,107,0,1,self-serve,145.0,29.0,5,352
U008536,0.9734476763754509,1,97.34,Critical,97.34,Immediate,starter,monthly,29.0,348.0,238,0,1,self-serve,261.0,29.0,9,353
U024540,0.97343968232225,1,97.34,Critical,97.34,Immediate,professional,monthly,79.0,948.0,228,1,0,self-serve,711.0,79.0,9,354
U001227,0.9733527317630352,1,97.34,Critical,97.34,Immediate,starter,monthly,29.0,348.0,303,0,1,self-serve,319.0,29.0,11,355
U015179,0.9732918900364113,1,97.33,Critical,97.33,Immediate,starter,monthly,29.0,348.0,383,2,1,self-serve,406.0,29.0,14,356
U014208,0.9732887594096966,1,97.33,Critical,97.33,Immediate,starter,monthly,29.0,348.0,353,0,0,sales-assisted,377.0,29.0,13,357
U009231,0.9732758184937315,1,97.33,Critical,97.33,Immediate,starter,monthly,29.0,348.0,122,1,0,partner,174.0,29.0,6,358
U011725,0.973255575319173,1,97.33,Critical,97.33,Immediate,starter,monthly,29.0,348.0,118,0,0,self-serve,145.0,29.0,5,359
U029064,0.9732303754559429,1,97.32,Critical,97.32,Immediate,starter,monthly,29.0,348.0,140,0,0,self-serve,145.0,29.0,5,360
U017237,0.9731405228323605,1,97.31,Critical,97.31,Immediate,starter,monthly,29.0,348.0,155,1,0,sales-assisted,174.0,29.0,6,361
U009021,0.9731002099770342,1,97.31,Critical,97.31,Immediate,professional,monthly,79.0,948.0,130,0,0,self-serve,474.0,79.0,6,362
U017040,0.9730830258241887,1,97.31,Critical,97.31,Immediate,starter,monthly,29.0,348.0,384,1,1,self-serve,406.0,29.0,14,363
U028572,0.9730730631009558,1,97.31,Critical,97.31,Immediate,starter,monthly,29.0,348.0,25,1,0,self-serve,58.0,29.0,2,364
U003176,0.9728991864685025,1,97.29,Critical,97.29,Immediate,starter,monthly,29.0,348.0,69,1,0,self-serve,87.0,29.0,3,365
U017072,0.9728991864685025,1,97.29,Critical,97.29,Immediate,starter,monthly,29.0,348.0,69,1,0,self-serve,87.0,29.0,3,366
U015312,0.9728540602651541,1,97.29,Critical,97.29,Immediate,starter,monthly,29.0,348.0,94,1,0,self-serve,116.0,29.0,4,367
U029725,0.9728464630852424,1,97.28,Critical,97.28,Immediate,professional,monthly,79.0,948.0,58,0,0,self-serve,237.0,79.0,3,368
U005146,0.9727866417975086,1,97.28,Critical,97.28,Immediate,starter,annual,29.0,348.0,198,1,0,self-serve,232.0,29.0,8,369
U009784,0.9727234932511154,1,97.27,Critical,97.27,Immediate,professional,monthly,79.0,948.0,85,0,1,self-serve,316.0,79.0,4,370
U009514,0.9727010398512536,1,97.27,Critical,97.27,Immediate,professional,monthly,79.0,948.0,59,0,0,self-serve,237.0,79.0,3,371
U027916,0.972455116799538,1,97.25,Critical,97.25,Immediate,professional,monthly,79.0,948.0,227,0,0,sales-assisted,711.0,79.0,9,372
U024624,0.9724183805689143,1,97.24,Critical,97.24,Immediate,starter,monthly,29.0,348.0,123,0,0,sales-assisted,145.0,29.0,5,373
U002200,0.9724067743548261,1,97.24,Critical,97.24,Immediate,starter,monthly,29.0,348.0,337,0,0,self-serve,348.0,29.0,12,374
U016578,0.972406675593438,1,97.24,Critical,97.24,Immediate,starter,monthly,29.0,348.0,154,0,1,self-serve,174.0,29.0,6,375
U013552,0.9723636089166573,1,97.24,Critical,97.24,Immediate,professional,monthly,79.0,948.0,194,1,0,self-serve,632.0,79.0,8,376
U025227,0.9723193059513316,1,97.23,Critical,97.23,Immediate,starter,monthly,29.0,348.0,95,0,1,self-serve,116.0,29.0,4,377
U016286,0.9722552879421922,1,97.23,Critical,97.23,Immediate,starter,monthly,29.0,348.0,123,0,0,self-serve,145.0,29.0,5,378
U022118,0.9722402716161003,1,97.22,Critical,97.22,Immediate,professional,monthly,79.0,948.0,201,0,0,self-serve,632.0,79.0,8,379
U024852,0.9720933844897625,1,97.21,Critical,97.21,Immediate,professional,monthly,79.0,948.0,123,1,0,sales-assisted,395.0,79.0,5,380
U021217,0.9720816952964261,1,97.21,Critical,97.21,Immediate,starter,monthly,29.0,348.0,115,1,0,sales-assisted,145.0,29.0,5,381
U002131,0.9718204006771752,1,97.18,Critical,97.18,Immediate,starter,monthly,29.0,348.0,125,1,2,self-serve,145.0,29.0,5,382
U018885,0.9717590601844489,1,97.18,Critical,97.18,Immediate,starter,monthly,29.0,348.0,96,0,1,self-serve,116.0,29.0,4,383
U026036,0.9717030482221939,1,97.17,Critical,97.17,Immediate,starter,annual,29.0,348.0,87,1,0,sales-assisted,116.0,29.0,4,384
U025900,0.9716838105989966,1,97.17,Critical,97.17,Immediate,enterprise,monthly,199.0,2388.0,75,0,0,sales-assisted,796.0,199.0,4,385
U019458,0.9715420540235723,1,97.15,Critical,97.15,Immediate,starter,monthly,29.0,348.0,137,0,0,self-serve,145.0,29.0,5,386
U002650,0.9715132091634229,1,97.15,Critical,97.15,Immediate,professional,monthly,79.0,948.0,57,0,0,self-serve,237.0,79.0,3,387
U010285,0.9714412072705598,1,97.14,Critical,97.14,Immediate,enterprise,monthly,199.0,2388.0,159,0,0,self-serve,1393.0,199.0,7,388
U024079,0.9713570370789163,1,97.14,Critical,97.14,Immediate,starter,monthly,29.0,348.0,175,0,0,self-serve,203.0,29.0,7,389
U004993,0.9712993978596535,1,97.13,Critical,97.13,Immediate,starter,annual,29.0,348.0,152,0,0,self-serve,174.0,29.0,6,390
U003976,0.9712535848083251,1,97.13,Critical,97.13,Immediate,starter,monthly,29.0,348.0,173,0,0,self-serve,203.0,29.0,7,391
U028102,0.9712059152940132,1,97.12,Critical,97.12,Immediate,starter,monthly,29.0,348.0,56,0,0,sales-assisted,58.0,29.0,2,392
U013147,0.9711980374549868,1,97.12,Critical,97.12,Immediate,professional,monthly,79.0,948.0,87,2,1,self-serve,316.0,79.0,4,393
U019180,0.9710967993674541,1,97.11,Critical,97.11,Immediate,starter,monthly,29.0,348.0,180,0,0,self-serve,203.0,29.0,7,394
U003387,0.9710930644653614,1,97.11,Critical,97.11,Immediate,starter,monthly,29.0,348.0,131,0,0,self-serve,174.0,29.0,6,395
U005246,0.9710402831611977,1,97.1,Critical,97.1,Immediate,professional,monthly,79.0,948.0,77,1,0,partner,316.0,79.0,4,396
U017666,0.9709836790776158,1,97.1,Critical,97.1,Immediate,starter,monthly,29.0,348.0,166,0,0,partner,203.0,29.0,7,397
U007539,0.9709800180881126,1,97.1,Critical,97.1,Immediate,starter,monthly,29.0,348.0,84,0,0,sales-assisted,116.0,29.0,4,398
U011202,0.970878385753493,1,97.09,Critical,97.09,Immediate,starter,annual,29.0,348.0,268,0,0,self-serve,290.0,29.0,10,399
U015620,0.9708437738589911,1,97.08,Critical,97.08,Immediate,enterprise,monthly,199.0,2388.0,145,3,0,self-serve,1194.0,199.0,6,400
U016444,0.9708294574313955,1,97.08,Critical,97.08,Immediate,starter,monthly,29.0,348.0,86,2,0,self-serve,116.0,29.0,4,401
U006459,0.9706438821380967,1,97.06,Critical,97.06,Immediate,starter,monthly,29.0,348.0,236,1,0,sales-assisted,261.0,29.0,9,402
U001861,0.9706251271068499,1,97.06,Critical,97.06,Immediate,professional,monthly,79.0,948.0,95,1,0,sales-assisted,395.0,79.0,5,403
U016163,0.9705100266503869,1,97.05,Critical,97.05,Immediate,starter,annual,29.0,348.0,181,1,0,sales-assisted,203.0,29.0,7,404
U028255,0.9704906191249659,1,97.05,Critical,97.05,Immediate,starter,monthly,29.0,348.0,91,0,0,partner,116.0,29.0,4,405
U021520,0.9704420743869472,1,97.04,Critical,97.04,Immediate,starter,monthly,29.0,348.0,143,1,0,self-serve,174.0,29.0,6,406
U012363,0.9703140246634471,1,97.03,Critical,97.03,Immediate,starter,annual,29.0,348.0,124,0,2,self-serve,145.0,29.0,5,407
U000756,0.9702476299425028,1,97.02,Critical,97.02,Immediate,starter,monthly,29.0,348.0,144,1,0,self-serve,174.0,29.0,6,408
U006603,0.9700202445729489,1,97.0,Critical,97.0,Immediate,enterprise,monthly,199.0,2388.0,140,1,1,self-serve,995.0,199.0,5,409
U024374,0.970001562915155,1,97.0,Critical,97.0,Immediate,professional,monthly,79.0,948.0,82,1,2,self-serve,316.0,79.0,4,410
U008350,0.969984851363421,1,97.0,Critical,97.0,Immediate,starter,monthly,29.0,348.0,299,0,1,self-serve,319.0,29.0,11,411
U022384,0.969984851363421,1,97.0,Critical,97.0,Immediate,starter,monthly,29.0,348.0,299,0,1,self-serve,319.0,29.0,11,412
U012763,0.9699497719644863,1,96.99,Critical,96.99,Immediate,starter,monthly,29.0,348.0,388,0,0,self-serve,406.0,29.0,14,413
U021454,0.969901925945522,1,96.99,Critical,96.99,Immediate,starter,annual,29.0,348.0,138,0,0,self-serve,174.0,29.0,6,414
U027459,0.9697923661640369,1,96.98,Critical,96.98,Immediate,professional,monthly,79.0,948.0,304,0,0,self-serve,869.0,79.0,11,415
U011662,0.9697052900244527,1,96.97,Critical,96.97,Immediate,professional,monthly,79.0,948.0,316,0,0,self-serve,948.0,79.0,12,416
U012265,0.9696544207488419,1,96.97,Critical,96.97,Immediate,professional,monthly,79.0,948.0,225,0,0,sales-assisted,711.0,79.0,9,417
U013248,0.9695990982703381,1,96.96,Critical,96.96,Immediate,starter,monthly,29.0,348.0,192,2,0,self-serve,232.0,29.0,8,418
U025026,0.9695606213722401,1,96.96,Critical,96.96,Immediate,starter,monthly,29.0,348.0,207,0,0,self-serve,232.0,29.0,8,419
U005512,0.9695090856224016,1,96.95,Critical,96.95,Immediate,starter,monthly,29.0,348.0,152,1,0,self-serve,174.0,29.0,6,420
U024919,0.9694823724397104,1,96.95,Critical,96.95,Immediate,starter,annual,29.0,348.0,179,2,0,self-serve,174.0,29.0,6,421
U009400,0.9694700412959371,1,96.95,Critical,96.95,Immediate,professional,monthly,79.0,948.0,182,0,2,sales-assisted,553.0,79.0,7,422
U007590,0.9694530669260414,1,96.95,Critical,96.95,Immediate,professional,monthly,79.0,948.0,114,0,0,sales-assisted,395.0,79.0,5,423
U005245,0.9694117746705886,1,96.94,Critical,96.94,Immediate,starter,annual,29.0,348.0,272,0,0,self-serve,290.0,29.0,10,424
U027530,0.9694096052480847,1,96.94,Critical,96.94,Immediate,starter,annual,29.0,348.0,151,1,0,self-serve,174.0,29.0,6,425
U010405,0.969406024553539,1,96.94,Critical,96.94,Immediate,starter,monthly,29.0,348.0,245,1,0,sales-assisted,261.0,29.0,9,426
U015979,0.9693535779062823,1,96.94,Critical,96.94,Immediate,enterprise,monthly,199.0,2388.0,139,1,1,self-serve,995.0,199.0,5,427
U029345,0.9693505807725271,1,96.94,Critical,96.94,Immediate,professional,annual,79.0,948.0,311,1,0,self-serve,948.0,79.0,12,428
U026890,0.9693245406881104,1,96.93,Critical,96.93,Immediate,professional,monthly,79.0,948.0,235,1,0,self-serve,711.0,79.0,9,429
U028918,0.9692603368217214,1,96.93,Critical,96.93,Immediate,professional,monthly,79.0,948.0,82,0,0,self-serve,316.0,79.0,4,430
U028613,0.9691864829049655,1,96.92,Critical,96.92,Immediate,starter,annual,29.0,348.0,307,4,0,self-serve,319.0,29.0,11,431
U025351,0.9691507176367592,1,96.92,Critical,96.92,Immediate,starter,monthly,29.0,348.0,181,1,1,sales-assisted,203.0,29.0,7,432
U005634,0.9691413755683985,1,96.91,Critical,96.91,Immediate,starter,monthly,29.0,348.0,108,0,0,self-serve,145.0,29.0,5,433
U011870,0.9691288990324718,1,96.91,Critical,96.91,Immediate,professional,monthly,79.0,948.0,55,1,0,self-serve,237.0,79.0,3,434
U011015,0.9690597342941624,1,96.91,Critical,96.91,Immediate,professional,monthly,79.0,948.0,51,0,1,self-serve,237.0,79.0,3,435
U022390,0.9690273144816473,1,96.9,Critical,96.9,Immediate,starter,monthly,29.0,348.0,110,0,1,self-serve,145.0,29.0,5,436
U027185,0.9690095889839534,1,96.9,Critical,96.9,Immediate,starter,monthly,29.0,348.0,121,0,1,self-serve,145.0,29.0,5,437
U007311,0.9689992711932641,1,96.9,Critical,96.9,Immediate,professional,monthly,79.0,948.0,143,0,0,sales-assisted,474.0,79.0,6,438
U014392,0.9689000397277447,1,96.89,Critical,96.89,Immediate,starter,annual,29.0,348.0,58,0,0,self-serve,87.0,29.0,3,439
U016181,0.9688314930205939,1,96.88,Critical,96.88,Immediate,professional,monthly,79.0,948.0,232,1,1,self-serve,711.0,79.0,9,440
U025979,0.9687981015210759,1,96.88,Critical,96.88,Immediate,professional,monthly,79.0,948.0,113,0,0,sales-assisted,395.0,79.0,5,441
U001496,0.9687140467984182,1,96.87,Critical,96.87,Immediate,starter,monthly,29.0,348.0,103,3,0,sales-assisted,116.0,29.0,4,442
U023199,0.9682549242890519,1,96.83,Critical,96.83,Immediate,starter,monthly,29.0,348.0,133,0,0,self-serve,145.0,29.0,5,443
U016206,0.9682229377570656,1,96.82,Critical,96.82,Immediate,starter,monthly,29.0,348.0,132,0,0,self-serve,145.0,29.0,5,444
U001821,0.9681625577706524,1,96.82,Critical,96.82,Immediate,starter,monthly,29.0,348.0,86,0,0,sales-assisted,116.0,29.0,4,445
U019715,0.9680979543030395,1,96.81,Critical,96.81,Immediate,starter,monthly,29.0,348.0,336,0,0,self-serve,348.0,29.0,12,446
U027500,0.9680627378013238,1,96.81,Critical,96.81,Immediate,professional,monthly,79.0,948.0,238,1,1,self-serve,711.0,79.0,9,447
U011812,0.9680483484400878,1,96.8,Critical,96.8,Immediate,starter,monthly,29.0,348.0,187,1,1,self-serve,203.0,29.0,7,448
U003688,0.9680378354945126,1,96.8,Critical,96.8,Immediate,starter,monthly,29.0,348.0,84,0,1,sales-assisted,116.0,29.0,4,449
U016971,0.9680229550745307,1,96.8,Critical,96.8,Immediate,professional,monthly,79.0,948.0,235,1,1,self-serve,711.0,79.0,9,450
U009771,0.967878076210206,1,96.79,Critical,96.79,Immediate,starter,annual,29.0,348.0,83,0,0,self-serve,116.0,29.0,4,451
U029534,0.9678615798459521,1,96.79,Critical,96.79,Immediate,starter,monthly,29.0,348.0,45,2,2,self-serve,58.0,29.0,2,452
U008114,0.9677142929785091,1,96.77,Critical,96.77,Immediate,starter,annual,29.0,348.0,129,1,0,self-serve,174.0,29.0,6,453
U016600,0.9676733751500368,1,96.77,Critical,96.77,Immediate,starter,monthly,29.0,348.0,30,1,0,self-serve,58.0,29.0,2,454
U018629,0.9676713566584331,1,96.77,Critical,96.77,Immediate,starter,monthly,29.0,348.0,242,0,0,sales-assisted,261.0,29.0,9,455
U024511,0.967413274739607,1,96.74,Critical,96.74,Immediate,professional,monthly,79.0,948.0,144,0,0,self-serve,474.0,79.0,6,456
U027020,0.9673990411675664,1,96.74,Critical,96.74,Immediate,starter,monthly,29.0,348.0,132,1,0,sales-assisted,174.0,29.0,6,457
U008438,0.9673191543246188,1,96.73,Critical,96.73,Immediate,starter,monthly,29.0,348.0,47,1,0,sales-assisted,87.0,29.0,3,458
U015293,0.967283113689248,1,96.73,Critical,96.73,Immediate,starter,monthly,29.0,348.0,183,1,0,partner,203.0,29.0,7,459
U018414,0.9672473027749249,1,96.72,Critical,96.72,Immediate,professional,monthly,79.0,948.0,88,0,1,self-serve,316.0,79.0,4,460
U006694,0.9672291126290361,1,96.72,Critical,96.72,Immediate,starter,annual,29.0,348.0,158,0,1,self-serve,203.0,29.0,7,461
U021638,0.9672161745629181,1,96.72,Critical,96.72,Immediate,starter,monthly,29.0,348.0,356,0,0,self-serve,377.0,29.0,13,462
U021286,0.9671982099972268,1,96.72,Critical,96.72,Immediate,starter,monthly,29.0,348.0,214,0,0,self-serve,232.0,29.0,8,463
U024743,0.9671982099972268,1,96.72,Critical,96.72,Immediate,starter,monthly,29.0,348.0,214,0,0,self-serve,232.0,29.0,8,464
U000269,0.9671530684867893,1,96.72,Critical,96.72,Immediate,professional,monthly,79.0,948.0,237,1,0,self-serve,711.0,79.0,9,465
U007318,0.9671066144952644,1,96.71,Critical,96.71,Immediate,enterprise,annual,199.0,2388.0,64,0,0,self-serve,597.0,199.0,3,466
U026432,0.9669359844795283,1,96.69,Critical,96.69,Immediate,starter,annual,29.0,348.0,145,0,0,self-serve,174.0,29.0,6,467
U006003,0.9665489881118596,1,96.65,Critical,96.65,Immediate,enterprise,monthly,199.0,2388.0,170,1,1,self-serve,1393.0,199.0,7,468
U009729,0.9662891319253195,1,96.63,Critical,96.63,Immediate,professional,monthly,79.0,948.0,152,0,0,sales-assisted,474.0,79.0,6,469
U004511,0.9661675613136658,1,96.62,Critical,96.62,Immediate,professional,monthly,79.0,948.0,329,0,0,self-serve,948.0,79.0,12,470
U014446,0.9661294586635576,1,96.61,Critical,96.61,Immediate,professional,monthly,79.0,948.0,351,1,0,self-serve,1027.0,79.0,13,471
U016154,0.9661069448760524,1,96.61,Critical,96.61,Immediate,professional,annual,79.0,948.0,151,0,0,self-serve,474.0,79.0,6,472
U020369,0.9661069448760524,1,96.61,Critical,96.61,Immediate,professional,annual,79.0,948.0,151,0,0,self-serve,474.0,79.0,6,473
U024926,0.9660516486478289,1,96.61,Critical,96.61,Immediate,professional,monthly,79.0,948.0,220,1,1,self-serve,711.0,79.0,9,474
U001370,0.9660033372155442,1,96.6,Critical,96.6,Immediate,starter,monthly,29.0,348.0,47,2,2,self-serve,58.0,29.0,2,475
U012058,0.9659566755453255,1,96.6,Critical,96.6,Immediate,enterprise,annual,199.0,2388.0,62,0,0,self-serve,597.0,199.0,3,476
U016667,0.9659408287386587,1,96.59,Critical,96.59,Immediate,starter,annual,29.0,348.0,128,4,0,self-serve,174.0,29.0,6,477
U003437,0.9658858709477005,1,96.59,Critical,96.59,Immediate,starter,monthly,29.0,348.0,173,1,0,self-serve,174.0,29.0,6,478
U015463,0.9658492043085561,1,96.58,Critical,96.58,Immediate,starter,monthly,29.0,348.0,91,2,0,self-serve,116.0,29.0,4,479
U011627,0.9656607169455415,1,96.57,Critical,96.57,Immediate,professional,monthly,79.0,948.0,154,1,0,self-serve,474.0,79.0,6,480
U002322,0.9656286002211135,1,96.56,Critical,96.56,Immediate,starter,annual,29.0,348.0,92,1,0,self-serve,116.0,29.0,4,481
U006568,0.9654800874460346,1,96.55,Critical,96.55,Immediate,starter,monthly,29.0,348.0,393,2,1,self-serve,406.0,29.0,14,482
U020108,0.9654433983433218,1,96.54,Critical,96.54,Immediate,starter,annual,29.0,348.0,160,0,1,self-serve,203.0,29.0,7,483
U026250,0.9654008750030747,1,96.54,Critical,96.54,Immediate,starter,monthly,29.0,348.0,81,1,0,sales-assisted,116.0,29.0,4,484
U012581,0.965364189789733,1,96.54,Critical,96.54,Immediate,starter,monthly,29.0,348.0,233,1,0,partner,261.0,29.0,9,485
U026160,0.9652962075115316,1,96.53,Critical,96.53,Immediate,professional,monthly,79.0,948.0,305,0,0,self-serve,869.0,79.0,11,486
U021466,0.9652643826829882,1,96.53,Critical,96.53,Immediate,starter,annual,29.0,348.0,180,2,0,self-serve,174.0,29.0,6,487
U003195,0.9651491519191313,1,96.51,Critical,96.51,Immediate,starter,monthly,29.0,348.0,63,2,0,sales-assisted,87.0,29.0,3,488
U007689,0.9651347851515245,1,96.51,Critical,96.51,Immediate,starter,monthly,29.0,348.0,188,1,1,self-serve,203.0,29.0,7,489
U025378,0.9650753250137749,1,96.51,Critical,96.51,Immediate,starter,annual,29.0,348.0,373,1,0,sales-assisted,406.0,29.0,14,490
U009949,0.9649971455107199,1,96.5,Critical,96.5,Immediate,starter,monthly,29.0,348.0,244,0,0,sales-assisted,261.0,29.0,9,491
U017761,0.9648048695417537,1,96.48,Critical,96.48,Immediate,starter,monthly,29.0,348.0,60,3,1,sales-assisted,87.0,29.0,3,492
U013097,0.9647876895562149,1,96.48,Critical,96.48,Immediate,starter,monthly,29.0,348.0,135,1,0,sales-assisted,174.0,29.0,6,493
U027613,0.9647006816578956,1,96.47,Critical,96.47,Immediate,professional,monthly,79.0,948.0,183,2,0,self-serve,553.0,79.0,7,494
U019121,0.9646428774200224,1,96.46,Critical,96.46,Immediate,starter,monthly,29.0,348.0,259,2,0,self-serve,290.0,29.0,10,495
U027340,0.9645664389550994,1,96.46,Critical,96.46,Immediate,starter,monthly,29.0,348.0,259,1,1,sales-assisted,290.0,29.0,10,496
U010071,0.9645404149634,1,96.45,Critical,96.45,Immediate,professional,monthly,79.0,948.0,188,0,0,self-serve,632.0,79.0,8,497
U017053,0.9643354492020597,1,96.43,Critical,96.43,Immediate,professional,monthly,79.0,948.0,94,1,0,sales-assisted,316.0,79.0,4,498
U003357,0.9642386410870194,1,96.42,Critical,96.42,Immediate,starter,monthly,29.0,348.0,128,0,0,partner,145.0,29.0,5,499
U012243,0.9642175190289195,1,96.42,Critical,96.42,Immediate,starter,monthly,29.0,348.0,198,0,0,partner,232.0,29.0,8,500
U013671,0.9641387953806274,1,96.41,Critical,96.41,Immediate,professional,monthly,79.0,948.0,74,0,0,self-serve,316.0,79.0,4,501
U015600,0.964106396040497,1,96.41,Critical,96.41,Immediate,professional,monthly,79.0,948.0,68,0,0,self-serve,237.0,79.0,3,502
U019845,0.9640214708801923,1,96.4,Critical,96.4,Immediate,starter,annual,29.0,348.0,182,2,0,self-serve,203.0,29.0,7,503
U004642,0.9640036659609482,1,96.4,Critical,96.4,Immediate,professional,monthly,79.0,948.0,88,1,0,self-serve,316.0,79.0,4,504
U015344,0.9639745394727631,1,96.4,Critical,96.4,Immediate,starter,monthly,29.0,348.0,133,1,0,self-serve,174.0,29.0,6,505
U021028,0.9637595408565826,1,96.38,Critical,96.38,Immediate,starter,monthly,29.0,348.0,95,0,1,self-serve,116.0,29.0,4,506
U023566,0.9636733391961442,1,96.37,Critical,96.37,Immediate,starter,annual,29.0,348.0,144,0,0,sales-assisted,174.0,29.0,6,507
U001439,0.9636327675142983,1,96.36,Critical,96.36,Immediate,professional,monthly,79.0,948.0,306,0,0,self-serve,869.0,79.0,11,508
U015816,0.9635395914746012,1,96.35,Critical,96.35,Immediate,enterprise,monthly,199.0,2388.0,101,0,0,self-serve,796.0,199.0,4,509
U008927,0.9635395914746012,1,96.35,Critical,96.35,Immediate,enterprise,monthly,199.0,2388.0,101,0,0,self-serve,796.0,199.0,4,510
U011424,0.9635395914746012,1,96.35,Critical,96.35,Immediate,enterprise,monthly,199.0,2388.0,101,0,0,self-serve,796.0,199.0,4,511
U015143,0.9634192696174834,1,96.34,Critical,96.34,Immediate,starter,monthly,29.0,348.0,213,1,1,self-serve,232.0,29.0,8,512
U022973,0.9633476830812714,1,96.33,Critical,96.33,Immediate,starter,monthly,29.0,348.0,214,1,0,self-serve,232.0,29.0,8,513
U012517,0.963305894584261,1,96.33,Critical,96.33,Immediate,starter,monthly,29.0,348.0,215,0,0,partner,232.0,29.0,8,514
U024139,0.9633012273765366,1,96.33,Critical,96.33,Immediate,starter,annual,29.0,348.0,30,0,0,sales-assisted,58.0,29.0,2,515
U010796,0.9632493039520588,1,96.32,Critical,96.32,Immediate,starter,annual,29.0,348.0,184,2,1,sales-assisted,203.0,29.0,7,516
U019492,0.9629346239013223,1,96.29,Critical,96.29,Immediate,starter,monthly,29.0,348.0,153,0,0,self-serve,174.0,29.0,6,517
U025646,0.962905005075854,1,96.29,Critical,96.29,Immediate,professional,monthly,79.0,948.0,266,0,1,self-serve,790.0,79.0,10,518
U005484,0.9628407538831745,1,96.28,Critical,96.28,Immediate,starter,monthly,29.0,348.0,115,0,0,sales-assisted,145.0,29.0,5,519
U029546,0.9628163650868434,1,96.28,Critical,96.28,Immediate,professional,monthly,79.0,948.0,198,1,0,self-serve,632.0,79.0,8,520
U013974,0.9627951894582276,1,96.28,Critical,96.28,Immediate,professional,monthly,79.0,948.0,172,0,0,self-serve,553.0,79.0,7,521
U024905,0.9627708061396941,1,96.28,Critical,96.28,Immediate,professional,monthly,79.0,948.0,357,1,0,self-serve,1027.0,79.0,13,522
U008182,0.9626476821641671,1,96.26,Critical,96.26,Immediate,starter,monthly,29.0,348.0,149,1,0,partner,174.0,29.0,6,523
U003818,0.96257288182487,1,96.26,Critical,96.26,Immediate,starter,monthly,29.0,348.0,229,1,1,self-serve,261.0,29.0,9,524
U022107,0.9622968121175639,1,96.23,Critical,96.23,Immediate,professional,monthly,79.0,948.0,190,0,0,self-serve,553.0,79.0,7,525
U005505,0.9622968121175639,1,96.23,Critical,96.23,Immediate,professional,monthly,79.0,948.0,190,0,0,self-serve,553.0,79.0,7,526
U009902,0.9622927541849549,1,96.23,Critical,96.23,Immediate,professional,monthly,79.0,948.0,93,2,0,self-serve,316.0,79.0,4,527
U000709,0.962288545235157,1,96.23,Critical,96.23,Immediate,starter,annual,29.0,348.0,357,0,0,sales-assisted,377.0,29.0,13,528
U017801,0.9622788479452443,1,96.23,Critical,96.23,Immediate,starter,monthly,29.0,348.0,72,0,0,sales-assisted,116.0,29.0,4,529
U020055,0.962152136679282,1,96.22,Critical,96.22,Immediate,starter,monthly,29.0,348.0,260,2,0,self-serve,290.0,29.0,10,530
U028734,0.9619231590618091,1,96.19,Critical,96.19,Immediate,enterprise,annual,199.0,2388.0,65,0,0,self-serve,597.0,199.0,3,531
U010217,0.9619136508996213,1,96.19,Critical,96.19,Immediate,starter,annual,29.0,348.0,160,0,0,partner,203.0,29.0,7,532
U012219,0.9618917720345941,1,96.19,Critical,96.19,Immediate,starter,monthly,29.0,348.0,234,2,0,sales-assisted,261.0,29.0,9,533
U015503,0.9617553382503417,1,96.18,Critical,96.18,Immediate,starter,monthly,29.0,348.0,169,0,0,self-serve,174.0,29.0,6,534
U026031,0.9615756654787583,1,96.16,Critical,96.16,Immediate,professional,monthly,79.0,948.0,91,2,0,sales-assisted,316.0,79.0,4,535
U005464,0.9614820280191891,1,96.15,Critical,96.15,Immediate,starter,monthly,29.0,348.0,37,1,0,partner,58.0,29.0,2,536
U028086,0.9612625052224615,1,96.13,Critical,96.13,Immediate,professional,monthly,79.0,948.0,135,2,0,partner,395.0,79.0,5,537
U023177,0.9612448700963923,1,96.12,Critical,96.12,Immediate,starter,monthly,29.0,348.0,321,0,0,self-serve,319.0,29.0,11,538
U015204,0.9612448700963923,1,96.12,Critical,96.12,Immediate,starter,monthly,29.0,348.0,321,0,0,self-serve,319.0,29.0,11,539
U002527,0.9609997784095111,1,96.1,Critical,96.1,Immediate,professional,monthly,79.0,948.0,46,1,0,self-serve,237.0,79.0,3,540
U011031,0.9609475043310797,1,96.09,Critical,96.09,Immediate,starter,monthly,29.0,348.0,210,0,0,self-serve,232.0,29.0,8,541
U006104,0.9609142483201472,1,96.09,Critical,96.09,Immediate,starter,annual,29.0,348.0,229,0,0,self-serve,232.0,29.0,8,542
U003821,0.9609142483201472,1,96.09,Critical,96.09,Immediate,starter,annual,29.0,348.0,229,0,0,self-serve,232.0,29.0,8,543
U003781,0.9608527623676425,1,96.09,Critical,96.09,Immediate,professional,annual,79.0,948.0,147,0,1,self-serve,474.0,79.0,6,544
U015250,0.9608139220184125,1,96.08,Critical,96.08,Immediate,starter,monthly,29.0,348.0,94,0,1,sales-assisted,116.0,29.0,4,545
U024715,0.9607853099031978,1,96.08,Critical,96.08,Immediate,professional,monthly,79.0,948.0,78,2,0,self-serve,316.0,79.0,4,546
U024094,0.96072092743741,1,96.07,Critical,96.07,Immediate,professional,monthly,79.0,948.0,120,1,0,partner,395.0,79.0,5,547
U002164,0.9606683765197802,1,96.07,Critical,96.07,Immediate,professional,monthly,79.0,948.0,129,2,0,partner,395.0,79.0,5,548
U012594,0.9606253849529446,1,96.06,Critical,96.06,Immediate,professional,monthly,79.0,948.0,136,0,1,self-serve,474.0,79.0,6,549
U023053,0.9606252218006106,1,96.06,Critical,96.06,Immediate,starter,monthly,29.0,348.0,97,0,1,self-serve,116.0,29.0,4,550
U021878,0.9606192771461273,1,96.06,Critical,96.06,Immediate,starter,annual,29.0,348.0,94,0,0,self-serve,145.0,29.0,5,551
U011690,0.9604524264905412,1,96.05,Critical,96.05,Immediate,starter,monthly,29.0,348.0,203,0,0,partner,203.0,29.0,7,552
U023859,0.9603449346197357,1,96.03,Critical,96.03,Immediate,starter,monthly,29.0,348.0,75,0,1,sales-assisted,87.0,29.0,3,553
U019490,0.960249491546002,1,96.02,Critical,96.02,Immediate,starter,monthly,29.0,348.0,126,1,2,self-serve,145.0,29.0,5,554
U006832,0.9601731674322855,1,96.02,Critical,96.02,Immediate,professional,monthly,79.0,948.0,273,0,1,self-serve,790.0,79.0,10,555
U013177,0.9601394489342487,1,96.01,Critical,96.01,Immediate,enterprise,monthly,199.0,2388.0,233,0,0,self-serve,1791.0,199.0,9,556
U004901,0.9601080144173909,1,96.01,Critical,96.01,Immediate,starter,monthly,29.0,348.0,248,0,0,self-serve,290.0,29.0,10,557
U003442,0.960083135285267,1,96.01,Critical,96.01,Immediate,starter,monthly,29.0,348.0,156,1,0,sales-assisted,174.0,29.0,6,558
U004657,0.9600552491615296,1,96.01,Critical,96.01,Immediate,starter,monthly,29.0,348.0,333,1,0,self-serve,348.0,29.0,12,559
U022047,0.9600079609631818,1,96.0,Critical,96.0,Immediate,professional,monthly,79.0,948.0,177,0,0,self-serve,553.0,79.0,7,560
U029072,0.9599447946646813,1,95.99,Critical,95.99,Immediate,professional,monthly,79.0,948.0,49,2,0,self-serve,237.0,79.0,3,561
U022172,0.9597882195621014,1,95.98,Critical,95.98,Immediate,professional,monthly,79.0,948.0,106,2,0,self-serve,395.0,79.0,5,562
U007357,0.9597442865877622,1,95.97,Critical,95.97,Immediate,professional,monthly,79.0,948.0,71,1,0,partner,316.0,79.0,4,563
U029062,0.9596546768692474,1,95.97,Critical,95.97,Immediate,starter,monthly,29.0,348.0,254,0,0,sales-assisted,290.0,29.0,10,564
U009838,0.9595820210389183,1,95.96,Critical,95.96,Immediate,professional,monthly,79.0,948.0,135,0,1,self-serve,474.0,79.0,6,565
U017105,0.9595544324714932,1,95.96,Critical,95.96,Immediate,starter,annual,29.0,348.0,126,1,0,self-serve,145.0,29.0,5,566
U003757,0.9594277359116933,1,95.94,Critical,95.94,Immediate,starter,monthly,29.0,348.0,34,1,0,partner,58.0,29.0,2,567
U014005,0.9593624020742182,1,95.94,Critical,95.94,Immediate,starter,monthly,29.0,348.0,319,0,0,self-serve,319.0,29.0,11,568
U018146,0.9593624020742182,1,95.94,Critical,95.94,Immediate,starter,monthly,29.0,348.0,319,0,0,self-serve,319.0,29.0,11,569
U013721,0.9593576293196227,1,95.94,Critical,95.94,Immediate,professional,monthly,79.0,948.0,91,0,0,self-serve,316.0,79.0,4,570
U023874,0.9593525974851866,1,95.94,Critical,95.94,Immediate,starter,monthly,29.0,348.0,192,1,0,partner,232.0,29.0,8,571
U004927,0.9593424552961984,1,95.93,Critical,95.93,Immediate,starter,monthly,29.0,348.0,167,0,0,sales-assisted,203.0,29.0,7,572
U028501,0.9593281420635267,1,95.93,Critical,95.93,Immediate,starter,monthly,29.0,348.0,76,0,0,sales-assisted,87.0,29.0,3,573
U001731,0.9589908528721406,1,95.9,Critical,95.9,Immediate,starter,monthly,29.0,348.0,205,0,1,partner,232.0,29.0,8,574
U015349,0.9589812171740342,1,95.9,Critical,95.9,Immediate,starter,monthly,29.0,348.0,107,0,1,self-serve,116.0,29.0,4,575
U015128,0.9586358501689345,1,95.86,Critical,95.86,Immediate,professional,monthly,79.0,948.0,49,0,0,sales-assisted,158.0,79.0,2,576
U016027,0.9586007088230017,1,95.86,Critical,95.86,Immediate,enterprise,monthly,199.0,2388.0,180,3,0,self-serve,1393.0,199.0,7,577
U019666,0.9584761505836429,1,95.85,Critical,95.85,Immediate,enterprise,monthly,199.0,2388.0,89,0,0,sales-assisted,796.0,199.0,4,578
U012620,0.9584555454486965,1,95.85,Critical,95.85,Immediate,starter,monthly,29.0,348.0,217,0,1,self-serve,232.0,29.0,8,579
U011527,0.9583785756543091,1,95.84,Critical,95.84,Immediate,starter,monthly,29.0,348.0,165,0,0,self-serve,203.0,29.0,7,580
U009487,0.9583104678795832,1,95.83,Critical,95.83,Immediate,starter,monthly,29.0,348.0,157,0,1,self-serve,174.0,29.0,6,581
U015635,0.9582939387387371,1,95.83,Critical,95.83,Immediate,professional,monthly,79.0,948.0,104,2,0,self-serve,316.0,79.0,4,582
U020484,0.958279222067383,1,95.83,Critical,95.83,Immediate,starter,monthly,29.0,348.0,118,0,0,sales-assisted,145.0,29.0,5,583
U020693,0.9582261303932332,1,95.82,Critical,95.82,Immediate,starter,monthly,29.0,348.0,90,0,0,self-serve,116.0,29.0,4,584
U027736,0.9581040094051729,1,95.81,Critical,95.81,Immediate,starter,monthly,29.0,348.0,138,0,1,self-serve,174.0,29.0,6,585
U020151,0.9578112078633702,1,95.78,Critical,95.78,Immediate,enterprise,annual,199.0,2388.0,202,2,2,self-serve,1592.0,199.0,8,586
U024629,0.9577031354091982,1,95.77,Critical,95.77,Immediate,starter,monthly,29.0,348.0,34,1,0,self-serve,58.0,29.0,2,587
U023264,0.9576847006959813,1,95.77,Critical,95.77,Immediate,starter,monthly,29.0,348.0,259,2,1,sales-assisted,290.0,29.0,10,588
U011901,0.9576465108104878,1,95.76,Critical,95.76,Immediate,professional,monthly,79.0,948.0,67,0,0,self-serve,237.0,79.0,3,589
U018770,0.957549098621779,1,95.75,Critical,95.75,Immediate,starter,monthly,29.0,348.0,114,1,0,sales-assisted,145.0,29.0,5,590
U018200,0.9575008331636131,1,95.75,Critical,95.75,Immediate,professional,monthly,79.0,948.0,144,0,1,self-serve,474.0,79.0,6,591
U017877,0.9574318999432611,1,95.74,Critical,95.74,Immediate,professional,monthly,79.0,948.0,92,2,1,self-serve,316.0,79.0,4,592
U029838,0.9573221440095553,1,95.73,Critical,95.73,Immediate,starter,monthly,29.0,348.0,132,0,0,sales-assisted,174.0,29.0,6,593
U022024,0.9573057204612738,1,95.73,Critical,95.73,Immediate,professional,annual,79.0,948.0,92,0,0,self-serve,316.0,79.0,4,594
U026397,0.9572164751092972,1,95.72,Critical,95.72,Immediate,starter,monthly,29.0,348.0,231,2,0,sales-assisted,261.0,29.0,9,595
U019983,0.9571849522400928,1,95.72,Critical,95.72,Immediate,starter,annual,29.0,348.0,299,0,0,sales-assisted,319.0,29.0,11,596
U014048,0.9571660590658532,1,95.72,Critical,95.72,Immediate,starter,monthly,29.0,348.0,207,0,0,partner,203.0,29.0,7,597
U000874,0.9571660590658532,1,95.72,Critical,95.72,Immediate,starter,monthly,29.0,348.0,207,0,0,partner,203.0,29.0,7,598
U023059,0.9571127236549182,1,95.71,Critical,95.71,Immediate,starter,monthly,29.0,348.0,88,0,0,self-serve,87.0,29.0,3,599
U026176,0.9569160497837298,1,95.69,Critical,95.69,Immediate,professional,monthly,79.0,948.0,54,1,2,self-serve,237.0,79.0,3,600
U023540,0.956447619533223,1,95.64,Critical,95.64,Immediate,starter,monthly,29.0,348.0,121,0,1,self-serve,145.0,29.0,5,601
U022399,0.9564174451717555,1,95.64,Critical,95.64,Immediate,starter,monthly,29.0,348.0,183,1,0,self-serve,203.0,29.0,7,602
U026750,0.9563818501303977,1,95.64,Critical,95.64,Immediate,enterprise,monthly,199.0,2388.0,131,2,1,partner,1194.0,199.0,6,603
U008488,0.9562230279520918,1,95.62,Critical,95.62,Immediate,starter,monthly,29.0,348.0,202,1,1,self-serve,232.0,29.0,8,604
U028300,0.9561741823180407,1,95.62,Critical,95.62,Immediate,enterprise,monthly,199.0,2388.0,178,0,0,self-serve,1393.0,199.0,7,605
U001048,0.9561198096623145,1,95.61,Critical,95.61,Immediate,starter,monthly,29.0,348.0,241,0,2,self-serve,261.0,29.0,9,606
U021309,0.955920578240428,1,95.59,Critical,95.59,Immediate,starter,monthly,29.0,348.0,59,0,0,sales-assisted,87.0,29.0,3,607
U029961,0.9559113213769617,1,95.59,Critical,95.59,Immediate,starter,monthly,29.0,348.0,100,0,0,self-serve,116.0,29.0,4,608
U026461,0.9559113213769617,1,95.59,Critical,95.59,Immediate,starter,monthly,29.0,348.0,100,0,0,self-serve,116.0,29.0,4,609
U015617,0.955905778615735,1,95.59,Critical,95.59,Immediate,professional,monthly,79.0,948.0,136,2,0,partner,395.0,79.0,5,610
U013664,0.9558992059819019,1,95.59,Critical,95.59,Immediate,starter,monthly,29.0,348.0,73,0,1,sales-assisted,87.0,29.0,3,611
U004211,0.9558078562427952,1,95.58,Critical,95.58,Immediate,starter,monthly,29.0,348.0,107,2,0,partner,145.0,29.0,5,612
U008019,0.9558071208916762,1,95.58,Critical,95.58,Immediate,starter,monthly,29.0,348.0,55,0,0,sales-assisted,87.0,29.0,3,613
U007823,0.955725499130455,1,95.57,Critical,95.57,Immediate,starter,annual,29.0,348.0,94,0,0,self-serve,116.0,29.0,4,614
U029353,0.955488381913183,1,95.55,Critical,95.55,Immediate,starter,monthly,29.0,348.0,74,0,1,sales-assisted,87.0,29.0,3,615
U020579,0.9554420919705474,1,95.54,Critical,95.54,Immediate,starter,monthly,29.0,348.0,271,1,1,sales-assisted,290.0,29.0,10,616
U002944,0.9553135296998797,1,95.53,Critical,95.53,Immediate,starter,monthly,29.0,348.0,193,0,2,self-serve,203.0,29.0,7,617
U002646,0.955301990015484,1,95.53,Critical,95.53,Immediate,starter,monthly,29.0,348.0,268,1,0,sales-assisted,290.0,29.0,10,618
U011293,0.9551844750295573,1,95.52,Critical,95.52,Immediate,starter,monthly,29.0,348.0,118,2,0,self-serve,145.0,29.0,5,619
U017979,0.9551722906137408,1,95.52,Critical,95.52,Immediate,starter,monthly,29.0,348.0,108,0,1,self-serve,116.0,29.0,4,620
U022835,0.9550448008493123,1,95.5,Critical,95.5,Immediate,starter,monthly,29.0,348.0,231,3,0,self-serve,261.0,29.0,9,621
U001006,0.9550402223237866,1,95.5,Critical,95.5,Immediate,enterprise,monthly,199.0,2388.0,180,0,0,self-serve,1393.0,199.0,7,622
U000339,0.9548806337803135,1,95.49,Critical,95.49,Immediate,starter,monthly,29.0,348.0,269,1,0,self-serve,290.0,29.0,10,623
U029179,0.9547464687217175,1,95.47,Critical,95.47,Immediate,professional,monthly,79.0,948.0,143,1,0,partner,474.0,79.0,6,624
U011165,0.9547278378496816,1,95.47,Critical,95.47,Immediate,starter,monthly,29.0,348.0,81,0,0,self-serve,87.0,29.0,3,625
U005759,0.9547265026324264,1,95.47,Critical,95.47,Immediate,professional,monthly,79.0,948.0,289,0,0,self-serve,869.0,79.0,11,626
U016762,0.9543214129998734,1,95.43,Critical,95.43,Immediate,professional,monthly,79.0,948.0,240,1,1,self-serve,711.0,79.0,9,627
U012896,0.9543058140946713,1,95.43,Critical,95.43,Immediate,starter,annual,29.0,348.0,43,2,0,sales-assisted,58.0,29.0,2,628
U014070,0.9542862945195213,1,95.43,Critical,95.43,Immediate,starter,monthly,29.0,348.0,175,2,1,self-serve,203.0,29.0,7,629
U029240,0.9542205797903737,1,95.42,Critical,95.42,Immediate,starter,monthly,29.0,348.0,99,0,0,partner,116.0,29.0,4,630
U005949,0.9540890413067329,1,95.41,Critical,95.41,Immediate,professional,monthly,79.0,948.0,211,0,0,self-serve,632.0,79.0,8,631
U000046,0.9540768576338505,1,95.41,Critical,95.41,Immediate,enterprise,monthly,199.0,2388.0,138,2,0,self-serve,995.0,199.0,5,632
U027125,0.9540768576338505,1,95.41,Critical,95.41,Immediate,enterprise,monthly,199.0,2388.0,138,2,0,self-serve,995.0,199.0,5,633
U023070,0.9538471726806692,1,95.38,Critical,95.38,Immediate,starter,monthly,29.0,348.0,23,0,0,sales-assisted,29.0,29.0,1,634
U004100,0.9537556062247093,1,95.38,Critical,95.38,Immediate,starter,monthly,29.0,348.0,186,1,0,self-serve,232.0,29.0,8,635
U009192,0.9534360281280996,1,95.34,Critical,95.34,Immediate,starter,annual,29.0,348.0,98,1,0,sales-assisted,145.0,29.0,5,636
U024877,0.9532227914056489,1,95.32,Critical,95.32,Immediate,starter,annual,29.0,348.0,116,1,1,sales-assisted,145.0,29.0,5,637
U014327,0.9530261695160823,1,95.3,Critical,95.3,Immediate,starter,monthly,29.0,348.0,156,1,0,self-serve,174.0,29.0,6,638
U026879,0.9529745848998072,1,95.3,Critical,95.3,Immediate,enterprise,monthly,199.0,2388.0,131,0,0,self-serve,1194.0,199.0,6,639
U025575,0.95296095055296,1,95.3,Critical,95.3,Immediate,starter,monthly,29.0,348.0,167,0,2,self-serve,203.0,29.0,7,640
U002726,0.9528805398890131,1,95.29,Critical,95.29,Immediate,starter,annual,29.0,348.0,63,1,0,partner,87.0,29.0,3,641
U009950,0.9528277900911603,1,95.28,Critical,95.28,Immediate,starter,monthly,29.0,348.0,350,1,0,self-serve,377.0,29.0,13,642
U003023,0.9527569105723859,1,95.28,Critical,95.28,Immediate,starter,monthly,29.0,348.0,112,0,1,partner,145.0,29.0,5,643
U007105,0.9526324708265796,1,95.26,Critical,95.26,Immediate,starter,monthly,29.0,348.0,288,0,0,self-serve,319.0,29.0,11,644
U008743,0.9525849840078738,1,95.26,Critical,95.26,Immediate,professional,annual,79.0,948.0,82,1,0,self-serve,316.0,79.0,4,645
U002233,0.9525736099496999,1,95.26,Critical,95.26,Immediate,starter,monthly,29.0,348.0,189,0,0,sales-assisted,203.0,29.0,7,646
U019394,0.9525736099496999,1,95.26,Critical,95.26,Immediate,starter,monthly,29.0,348.0,189,0,0,sales-assisted,203.0,29.0,7,647
U011472,0.9525617530812106,1,95.26,Critical,95.26,Immediate,professional,monthly,79.0,948.0,126,1,0,self-serve,474.0,79.0,6,648
U013257,0.9525359278947665,1,95.25,Critical,95.25,Immediate,starter,monthly,29.0,348.0,32,1,0,partner,58.0,29.0,2,649
U020799,0.9525186122185134,1,95.25,Critical,95.25,Immediate,professional,annual,79.0,948.0,54,0,0,sales-assisted,237.0,79.0,3,650
U015553,0.9525158655514665,1,95.25,Critical,95.25,Immediate,professional,monthly,79.0,948.0,58,2,0,sales-assisted,237.0,79.0,3,651
U023395,0.9522755169198418,1,95.23,Critical,95.23,Immediate,starter,monthly,29.0,348.0,70,1,0,self-serve,87.0,29.0,3,652
U012007,0.9522750146560575,1,95.23,Critical,95.23,Immediate,professional,annual,79.0,948.0,167,1,0,self-serve,474.0,79.0,6,653
U011061,0.9520746811710576,1,95.21,Critical,95.21,Immediate,professional,monthly,79.0,948.0,165,1,0,self-serve,553.0,79.0,7,654
U025631,0.9520645283355519,1,95.21,Critical,95.21,Immediate,professional,monthly,79.0,948.0,87,0,0,self-serve,316.0,79.0,4,655
U018570,0.9519730595573563,1,95.2,Critical,95.2,Immediate,starter,monthly,29.0,348.0,147,0,0,self-serve,174.0,29.0,6,656
U011906,0.9519022093343801,1,95.19,Critical,95.19,Immediate,starter,monthly,29.0,348.0,97,0,1,self-serve,116.0,29.0,4,657
U023675,0.9517798049846101,1,95.18,Critical,95.18,Immediate,professional,monthly,79.0,948.0,241,1,0,self-serve,711.0,79.0,9,658
U018492,0.9516378116356742,1,95.16,Critical,95.16,Immediate,starter,monthly,29.0,348.0,192,2,0,self-serve,203.0,29.0,7,659
U029675,0.9515292693092336,1,95.15,Critical,95.15,Immediate,professional,monthly,79.0,948.0,131,1,1,self-serve,474.0,79.0,6,660
U016296,0.951459707862608,1,95.15,Critical,95.15,Immediate,starter,monthly,29.0,348.0,100,0,1,self-serve,116.0,29.0,4,661
U019244,0.951459707862608,1,95.15,Critical,95.15,Immediate,starter,monthly,29.0,348.0,100,0,1,self-serve,116.0,29.0,4,662
U001369,0.9512594786417801,1,95.13,Critical,95.13,Immediate,starter,monthly,29.0,348.0,175,2,1,self-serve,174.0,29.0,6,663
U019445,0.9512310292796708,1,95.12,Critical,95.12,Immediate,professional,monthly,79.0,948.0,191,0,0,self-serve,553.0,79.0,7,664
U003812,0.9512310292796708,1,95.12,Critical,95.12,Immediate,professional,monthly,79.0,948.0,191,0,0,self-serve,553.0,79.0,7,665
U010654,0.9511707153765407,1,95.12,Critical,95.12,Immediate,starter,annual,29.0,348.0,135,1,0,self-serve,145.0,29.0,5,666
U019783,0.9511495699486958,1,95.11,Critical,95.11,Immediate,professional,monthly,79.0,948.0,74,0,1,sales-assisted,316.0,79.0,4,667
U016104,0.9511015190458225,1,95.11,Critical,95.11,Immediate,starter,monthly,29.0,348.0,101,1,0,self-serve,116.0,29.0,4,668
U019984,0.9510627294661659,1,95.11,Critical,95.11,Immediate,professional,annual,79.0,948.0,330,1,0,self-serve,948.0,79.0,12,669
U014353,0.9510487134522907,1,95.1,Critical,95.1,Immediate,professional,monthly,79.0,948.0,265,1,0,self-serve,790.0,79.0,10,670
U004357,0.9509989867575676,1,95.1,Critical,95.1,Immediate,professional,monthly,79.0,948.0,173,2,0,self-serve,553.0,79.0,7,671
U007704,0.9506192562480607,1,95.06,Critical,95.06,Immediate,professional,monthly,79.0,948.0,201,2,0,self-serve,632.0,79.0,8,672
U006676,0.9505820708130664,1,95.06,Critical,95.06,Immediate,starter,monthly,29.0,348.0,62,0,0,self-serve,87.0,29.0,3,673
U010199,0.9504984966434292,1,95.05,Critical,95.05,Immediate,professional,monthly,79.0,948.0,162,2,0,sales-assisted,553.0,79.0,7,674
U015439,0.9504068633875221,1,95.04,Critical,95.04,Immediate,starter,monthly,29.0,348.0,85,0,0,sales-assisted,87.0,29.0,3,675
U018726,0.9504068633875221,1,95.04,Critical,95.04,Immediate,starter,monthly,29.0,348.0,85,0,0,sales-assisted,87.0,29.0,3,676
U017172,0.9503782478735178,1,95.04,Critical,95.04,Immediate,enterprise,monthly,199.0,2388.0,149,0,0,self-serve,1194.0,199.0,6,677
U000899,0.9502473661920319,1,95.02,Critical,95.02,Immediate,starter,monthly,29.0,348.0,108,3,0,sales-assisted,116.0,29.0,4,678
U003147,0.9501814490725706,1,95.02,Critical,95.02,Immediate,starter,monthly,29.0,348.0,178,2,1,self-serve,203.0,29.0,7,679
U020554,0.9501116602458596,1,95.01,Critical,95.01,Immediate,starter,monthly,29.0,348.0,204,1,1,sales-assisted,232.0,29.0,8,680
U008437,0.949953482505299,1,95.0,Critical,95.0,Immediate,starter,monthly,29.0,348.0,122,0,0,self-serve,145.0,29.0,5,681
U006353,0.949953482505299,1,95.0,Critical,95.0,Immediate,starter,monthly,29.0,348.0,122,0,0,self-serve,145.0,29.0,5,682
U002182,0.949953482505299,1,95.0,Critical,95.0,Immediate,starter,monthly,29.0,348.0,122,0,0,self-serve,145.0,29.0,5,683
U022985,0.9499394425381629,1,94.99,Critical,94.99,Immediate,starter,monthly,29.0,348.0,102,2,0,sales-assisted,145.0,29.0,5,684
U022518,0.9499241965589537,1,94.99,Critical,94.99,Immediate,professional,monthly,79.0,948.0,213,0,1,sales-assisted,632.0,79.0,8,685
U026711,0.9499241965589537,1,94.99,Critical,94.99,Immediate,professional,monthly,79.0,948.0,213,0,1,sales-assisted,632.0,79.0,8,686
U023804,0.9498669792227148,1,94.99,Critical,94.99,Immediate,professional,monthly,79.0,948.0,112,2,0,self-serve,395.0,79.0,5,687
U007758,0.9497347506551762,1,94.97,Critical,94.97,Immediate,starter,annual,29.0,348.0,20,0,0,sales-assisted,29.0,29.0,1,688
U006943,0.9497271815729595,1,94.97,Critical,94.97,Immediate,starter,monthly,29.0,348.0,341,0,0,self-serve,348.0,29.0,12,689
U002123,0.9496381894368562,1,94.96,Critical,94.96,Immediate,starter,monthly,29.0,348.0,210,2,0,sales-assisted,232.0,29.0,8,690
U024708,0.9496064487346071,1,94.96,Critical,94.96,Immediate,starter,monthly,29.0,348.0,294,1,0,sales-assisted,319.0,29.0,11,691
U007214,0.9495525741641556,1,94.96,Critical,94.96,Immediate,professional,monthly,79.0,948.0,137,1,2,self-serve,474.0,79.0,6,692
U001089,0.9495016434369637,1,94.95,Critical,94.95,Immediate,professional,monthly,79.0,948.0,107,1,1,sales-assisted,395.0,79.0,5,693
U011984,0.9494006757066217,1,94.94,Critical,94.94,Immediate,starter,annual,29.0,348.0,142,1,0,sales-assisted,174.0,29.0,6,694
U002009,0.9493217900334562,1,94.93,Critical,94.93,Immediate,starter,monthly,29.0,348.0,180,1,0,self-serve,203.0,29.0,7,695
U003827,0.9493062515152362,1,94.93,Critical,94.93,Immediate,starter,monthly,29.0,348.0,325,0,0,self-serve,348.0,29.0,12,696
U013156,0.9492615309077581,1,94.93,Critical,94.93,Immediate,starter,monthly,29.0,348.0,144,0,1,sales-assisted,174.0,29.0,6,697
U007569,0.9492225239900122,1,94.92,Critical,94.92,Immediate,professional,monthly,79.0,948.0,126,1,0,sales-assisted,395.0,79.0,5,698
U029300,0.9491991834770837,1,94.92,Critical,94.92,Immediate,starter,annual,29.0,348.0,362,0,0,self-serve,377.0,29.0,13,699
U001551,0.9490301368335595,1,94.9,Critical,94.9,Immediate,starter,annual,29.0,348.0,360,0,0,sales-assisted,377.0,29.0,13,700
U006248,0.9489464018370601,1,94.89,Critical,94.89,Immediate,starter,monthly,29.0,348.0,301,1,0,sales-assisted,319.0,29.0,11,701
U029491,0.9488320956385524,1,94.88,Critical,94.88,Immediate,professional,monthly,79.0,948.0,63,0,1,sales-assisted,316.0,79.0,4,702
U020030,0.9486597393572243,1,94.87,Critical,94.87,Immediate,starter,monthly,29.0,348.0,196,0,0,sales-assisted,203.0,29.0,7,703
U027799,0.9485314612506541,1,94.85,Critical,94.85,Immediate,starter,monthly,29.0,348.0,228,0,0,partner,232.0,29.0,8,704
U018994,0.9485243661336498,1,94.85,Critical,94.85,Immediate,starter,annual,29.0,348.0,116,1,0,sales-assisted,145.0,29.0,5,705
U018798,0.9485204554515502,1,94.85,Critical,94.85,Immediate,starter,monthly,29.0,348.0,222,2,2,self-serve,261.0,29.0,9,706
U008288,0.9483739576519628,1,94.84,Critical,94.84,Immediate,professional,monthly,79.0,948.0,76,1,0,self-serve,316.0,79.0,4,707
U001277,0.9483486026225745,1,94.83,Critical,94.83,Immediate,starter,monthly,29.0,348.0,104,2,0,sales-assisted,116.0,29.0,4,708
U005857,0.9483271852736692,1,94.83,Critical,94.83,Immediate,starter,monthly,29.0,348.0,162,0,0,self-serve,203.0,29.0,7,709
U018304,0.9481421313706259,1,94.81,Critical,94.81,Immediate,starter,annual,29.0,348.0,97,1,0,partner,116.0,29.0,4,710
U018432,0.9481170238891237,1,94.81,Critical,94.81,Immediate,starter,monthly,29.0,348.0,204,0,0,partner,203.0,29.0,7,711
U006522,0.9480919550685862,1,94.81,Critical,94.81,Immediate,professional,annual,79.0,948.0,170,1,0,self-serve,474.0,79.0,6,712
U004675,0.9479490254515823,1,94.79,Critical,94.79,Immediate,professional,monthly,79.0,948.0,308,0,0,self-serve,869.0,79.0,11,713
U013744,0.9479490254515823,1,94.79,Critical,94.79,Immediate,professional,monthly,79.0,948.0,308,0,0,self-serve,869.0,79.0,11,714
U024004,0.9479486310018793,1,94.79,Critical,94.79,Immediate,starter,monthly,29.0,348.0,67,1,0,self-serve,87.0,29.0,3,715
U023484,0.9479012458321182,1,94.79,Critical,94.79,Immediate,starter,annual,29.0,348.0,142,0,0,partner,174.0,29.0,6,716
U024403,0.9477911599812745,1,94.78,Critical,94.78,Immediate,starter,monthly,29.0,348.0,80,0,0,partner,87.0,29.0,3,717
U000759,0.9477911599812745,1,94.78,Critical,94.78,Immediate,starter,monthly,29.0,348.0,80,0,0,partner,87.0,29.0,3,718
U001774,0.9476480977456151,1,94.76,Critical,94.76,Immediate,starter,monthly,29.0,348.0,175,4,1,self-serve,174.0,29.0,6,719
U013412,0.9476324232892227,1,94.76,Critical,94.76,Immediate,starter,monthly,29.0,348.0,140,0,0,sales-assisted,145.0,29.0,5,720
U015802,0.9475982562763632,1,94.76,Critical,94.76,Immediate,professional,monthly,79.0,948.0,138,0,0,self-serve,395.0,79.0,5,721
U022534,0.9475982562763632,1,94.76,Critical,94.76,Immediate,professional,monthly,79.0,948.0,138,0,0,self-serve,395.0,79.0,5,722
U020718,0.9475856571764103,1,94.76,Critical,94.76,Immediate,professional,monthly,79.0,948.0,152,1,1,self-serve,474.0,79.0,6,723
U018208,0.947569340400101,1,94.76,Critical,94.76,Immediate,starter,annual,29.0,348.0,129,0,0,sales-assisted,174.0,29.0,6,724
U000968,0.9475188538229549,1,94.75,Critical,94.75,Immediate,starter,annual,29.0,348.0,151,0,0,sales-assisted,174.0,29.0,6,725
U023731,0.9474918327423959,1,94.75,Critical,94.75,Immediate,professional,annual,79.0,948.0,177,0,0,self-serve,553.0,79.0,7,726
U016753,0.9474677810131392,1,94.75,Critical,94.75,Immediate,starter,monthly,29.0,348.0,281,1,0,self-serve,319.0,29.0,11,727
U011886,0.947452425964841,1,94.75,Critical,94.75,Immediate,professional,monthly,79.0,948.0,119,1,0,sales-assisted,395.0,79.0,5,728
U023555,0.9473218215499899,1,94.73,Critical,94.73,Immediate,enterprise,monthly,199.0,2388.0,140,2,2,self-serve,995.0,199.0,5,729
U023258,0.9472324566610354,1,94.72,Critical,94.72,Immediate,starter,annual,29.0,348.0,263,0,0,self-serve,290.0,29.0,10,730
U025107,0.9472156691984329,1,94.72,Critical,94.72,Immediate,starter,monthly,29.0,348.0,213,0,0,self-serve,232.0,29.0,8,731
U021896,0.9472156691984329,1,94.72,Critical,94.72,Immediate,starter,monthly,29.0,348.0,213,0,0,self-serve,232.0,29.0,8,732
U003352,0.9472156691984329,1,94.72,Critical,94.72,Immediate,starter,monthly,29.0,348.0,213,0,0,self-serve,232.0,29.0,8,733
U024756,0.94714887173045,1,94.71,Critical,94.71,Immediate,starter,monthly,29.0,348.0,320,0,0,partner,348.0,29.0,12,734
U020255,0.9471482752991646,1,94.71,Critical,94.71,Immediate,starter,monthly,29.0,348.0,166,0,0,sales-assisted,174.0,29.0,6,735
U013302,0.9470834016709847,1,94.71,Critical,94.71,Immediate,starter,annual,29.0,348.0,41,0,1,self-serve,87.0,29.0,3,736
U009507,0.9470650467245388,1,94.71,Critical,94.71,Immediate,starter,annual,29.0,348.0,133,0,2,self-serve,145.0,29.0,5,737
U026932,0.9470197667848851,1,94.7,Critical,94.7,Immediate,starter,monthly,29.0,348.0,212,4,1,self-serve,232.0,29.0,8,738
U003870,0.9467778750198831,1,94.68,Critical,94.68,Immediate,starter,monthly,29.0,348.0,134,0,0,self-serve,145.0,29.0,5,739
U014549,0.9467586043646814,1,94.68,Critical,94.68,Immediate,starter,monthly,29.0,348.0,202,0,0,sales-assisted,232.0,29.0,8,740
U015759,0.9467080945066971,1,94.67,Critical,94.67,Immediate,starter,monthly,29.0,348.0,163,1,0,self-serve,174.0,29.0,6,741
U011372,0.9466224981015451,1,94.66,Critical,94.66,Immediate,professional,annual,79.0,948.0,298,0,0,self-serve,869.0,79.0,11,742
U023687,0.9465762315981976,1,94.66,Critical,94.66,Immediate,starter,monthly,29.0,348.0,58,3,0,self-serve,87.0,29.0,3,743
U002525,0.9465210347578937,1,94.65,Critical,94.65,Immediate,enterprise,monthly,199.0,2388.0,82,0,0,self-serve,796.0,199.0,4,744
U000932,0.946283122391531,1,94.63,Critical,94.63,Immediate,professional,monthly,79.0,948.0,58,0,0,partner,237.0,79.0,3,745
U028261,0.9461770575182574,1,94.62,Critical,94.62,Immediate,starter,monthly,29.0,348.0,76,1,2,self-serve,116.0,29.0,4,746
U027533,0.9460832245702924,1,94.61,Critical,94.61,Immediate,starter,monthly,29.0,348.0,143,2,1,partner,174.0,29.0,6,747
U012251,0.9459880102448257,1,94.6,Critical,94.6,Immediate,starter,monthly,29.0,348.0,90,1,0,sales-assisted,116.0,29.0,4,748
U003957,0.9459795328366212,1,94.6,Critical,94.6,Immediate,professional,monthly,79.0,948.0,65,0,0,self-serve,237.0,79.0,3,749
U021881,0.9459160410184961,1,94.59,Critical,94.59,Immediate,professional,monthly,79.0,948.0,81,1,1,self-serve,316.0,79.0,4,750
U004368,0.9458983689016651,1,94.59,Critical,94.59,Immediate,starter,annual,29.0,348.0,149,0,0,self-serve,174.0,29.0,6,751
U018483,0.9458930222848306,1,94.59,Critical,94.59,Immediate,starter,annual,29.0,348.0,108,2,0,self-serve,145.0,29.0,5,752
U026791,0.9457996090029664,1,94.58,Critical,94.58,Immediate,starter,annual,29.0,348.0,32,0,0,sales-assisted,58.0,29.0,2,753
U008830,0.9457459932163031,1,94.57,Critical,94.57,Immediate,professional,monthly,79.0,948.0,120,1,0,sales-assisted,395.0,79.0,5,754
U019834,0.9455173258824425,1,94.55,Critical,94.55,Immediate,professional,monthly,79.0,948.0,133,3,0,sales-assisted,395.0,79.0,5,755
U015586,0.9455004794415945,1,94.55,Critical,94.55,Immediate,starter,monthly,29.0,348.0,183,1,0,sales-assisted,203.0,29.0,7,756
U006702,0.9455004794415945,1,94.55,Critical,94.55,Immediate,starter,monthly,29.0,348.0,183,1,0,sales-assisted,203.0,29.0,7,757
U027786,0.9454852169473281,1,94.55,Critical,94.55,Immediate,starter,monthly,29.0,348.0,329,0,0,self-serve,348.0,29.0,12,758
U023109,0.9451828729227261,1,94.52,Critical,94.52,Immediate,starter,annual,29.0,348.0,91,0,0,partner,116.0,29.0,4,759
U026508,0.9450731274629967,1,94.51,Critical,94.51,Immediate,starter,monthly,29.0,348.0,18,0,0,sales-assisted,29.0,29.0,1,760
U022243,0.9448113612723739,1,94.48,Critical,94.48,Immediate,starter,monthly,29.0,348.0,63,1,0,self-serve,87.0,29.0,3,761
U006123,0.9448113612723739,1,94.48,Critical,94.48,Immediate,starter,monthly,29.0,348.0,63,1,0,self-serve,87.0,29.0,3,762
U000653,0.9448013303300168,1,94.48,Critical,94.48,Immediate,starter,annual,29.0,348.0,161,2,1,sales-assisted,174.0,29.0,6,763
U012548,0.9447926618706686,1,94.48,Critical,94.48,Immediate,enterprise,monthly,199.0,2388.0,45,0,0,self-serve,597.0,199.0,3,764
U015106,0.94478528545513,1,94.48,Critical,94.48,Immediate,starter,annual,29.0,348.0,208,0,0,self-serve,232.0,29.0,8,765
U021912,0.9447148011286748,1,94.47,Critical,94.47,Immediate,professional,annual,79.0,948.0,151,0,1,self-serve,474.0,79.0,6,766
U020553,0.9445439007888261,1,94.45,Critical,94.45,Immediate,starter,annual,29.0,348.0,57,3,0,self-serve,87.0,29.0,3,767
U003738,0.9444810682653672,1,94.45,Critical,94.45,Immediate,starter,monthly,29.0,348.0,245,0,0,sales-assisted,261.0,29.0,9,768
U023450,0.9442834136083961,1,94.43,Critical,94.43,Immediate,starter,monthly,29.0,348.0,211,2,0,sales-assisted,232.0,29.0,8,769
U016976,0.9442007221642383,1,94.42,Critical,94.42,Immediate,starter,monthly,29.0,348.0,178,0,2,self-serve,203.0,29.0,7,770
U027375,0.9441789968423366,1,94.42,Critical,94.42,Immediate,starter,monthly,29.0,348.0,115,1,0,sales-assisted,145.0,29.0,5,771
U002501,0.9441587398559886,1,94.42,Critical,94.42,Immediate,professional,monthly,79.0,948.0,162,0,0,sales-assisted,474.0,79.0,6,772
U021109,0.9441446652656018,1,94.41,Critical,94.41,Immediate,starter,monthly,29.0,348.0,97,1,0,self-serve,116.0,29.0,4,773
U017560,0.9441446652656018,1,94.41,Critical,94.41,Immediate,starter,monthly,29.0,348.0,97,1,0,self-serve,116.0,29.0,4,774
U021716,0.9440408392689746,1,94.4,Critical,94.4,Immediate,enterprise,monthly,199.0,2388.0,185,3,0,sales-assisted,1393.0,199.0,7,775
U001594,0.9438514497224927,1,94.39,Critical,94.39,Immediate,starter,monthly,29.0,348.0,57,0,0,sales-assisted,58.0,29.0,2,776
U016428,0.9438514497224927,1,94.39,Critical,94.39,Immediate,starter,monthly,29.0,348.0,57,0,0,sales-assisted,58.0,29.0,2,777
U014779,0.9438265568701008,1,94.38,Critical,94.38,Immediate,starter,annual,29.0,348.0,142,0,0,self-serve,174.0,29.0,6,778
U019183,0.9438211467189298,1,94.38,Critical,94.38,Immediate,starter,monthly,29.0,348.0,168,1,0,sales-assisted,203.0,29.0,7,779
U013497,0.9438026102671839,1,94.38,Critical,94.38,Immediate,professional,monthly,79.0,948.0,56,2,1,sales-assisted,237.0,79.0,3,780
U007803,0.9438018232738213,1,94.38,Critical,94.38,Immediate,starter,monthly,29.0,348.0,287,1,0,self-serve,319.0,29.0,11,781
U019682,0.9437548365178425,1,94.38,Critical,94.38,Immediate,starter,monthly,29.0,348.0,198,0,0,sales-assisted,232.0,29.0,8,782
U012583,0.9437477805779654,1,94.37,Critical,94.37,Immediate,starter,annual,29.0,348.0,105,0,0,partner,116.0,29.0,4,783
U011554,0.9436399849550954,1,94.36,Critical,94.36,Immediate,starter,monthly,29.0,348.0,32,1,0,self-serve,58.0,29.0,2,784
U004250,0.9436399849550954,1,94.36,Critical,94.36,Immediate,starter,monthly,29.0,348.0,32,1,0,self-serve,58.0,29.0,2,785
U025504,0.9433868509038503,1,94.34,Critical,94.34,Immediate,professional,monthly,79.0,948.0,122,0,0,sales-assisted,395.0,79.0,5,786
U010138,0.9431360641068873,1,94.31,Critical,94.31,Immediate,starter,monthly,29.0,348.0,394,0,0,self-serve,406.0,29.0,14,787
U001223,0.943105606483431,1,94.31,Critical,94.31,Immediate,starter,monthly,29.0,348.0,166,0,0,partner,203.0,29.0,7,788
U024421,0.9430988270200934,1,94.31,Critical,94.31,Immediate,professional,monthly,79.0,948.0,136,2,0,self-serve,474.0,79.0,6,789
U023252,0.9430776670286004,1,94.31,Critical,94.31,Immediate,starter,monthly,29.0,348.0,181,2,1,sales-assisted,203.0,29.0,7,790
U012631,0.9430399205142862,1,94.3,Critical,94.3,Immediate,starter,monthly,29.0,348.0,255,0,2,sales-assisted,290.0,29.0,10,791
U007217,0.9429826841933452,1,94.3,Critical,94.3,Immediate,professional,annual,79.0,948.0,102,1,0,self-serve,316.0,79.0,4,792
U004408,0.9428589584400212,1,94.29,Critical,94.29,Immediate,professional,monthly,79.0,948.0,104,2,0,sales-assisted,316.0,79.0,4,793
U016079,0.9428485531185996,1,94.28,Critical,94.28,Immediate,starter,annual,29.0,348.0,346,0,0,partner,377.0,29.0,13,794
U008405,0.9428282225649066,1,94.28,Critical,94.28,Immediate,enterprise,monthly,199.0,2388.0,140,0,0,self-serve,1194.0,199.0,6,795
U020218,0.9428110798530958,1,94.28,Critical,94.28,Immediate,starter,monthly,29.0,348.0,103,0,1,self-serve,116.0,29.0,4,796
U026859,0.9427879431351774,1,94.28,Critical,94.28,Immediate,professional,monthly,79.0,948.0,100,1,1,self-serve,395.0,79.0,5,797
U013458,0.9427379256008602,1,94.27,Critical,94.27,Immediate,professional,monthly,79.0,948.0,52,0,0,sales-assisted,158.0,79.0,2,798
U007194,0.9425286665485522,1,94.25,Critical,94.25,Immediate,starter,monthly,29.0,348.0,174,0,1,sales-assisted,203.0,29.0,7,799
U026577,0.9424910113133774,1,94.25,Critical,94.25,Immediate,professional,monthly,79.0,948.0,152,0,0,self-serve,474.0,79.0,6,800
U022360,0.9423917639167633,1,94.24,Critical,94.24,Immediate,professional,monthly,79.0,948.0,189,0,0,self-serve,553.0,79.0,7,801
U027843,0.9422915683111116,1,94.23,Critical,94.23,Immediate,starter,monthly,29.0,348.0,144,0,1,partner,174.0,29.0,6,802
U028824,0.9422820229390728,1,94.23,Critical,94.23,Immediate,professional,monthly,79.0,948.0,342,1,0,self-serve,1027.0,79.0,13,803
U000954,0.9422726392169632,1,94.23,Critical,94.23,Immediate,starter,monthly,29.0,348.0,136,0,0,sales-assisted,145.0,29.0,5,804
U004654,0.9422021639859328,1,94.22,Critical,94.22,Immediate,starter,monthly,29.0,348.0,187,1,0,partner,203.0,29.0,7,805
U029604,0.9416196613870575,1,94.16,Critical,94.16,Immediate,professional,annual,79.0,948.0,94,0,1,sales-assisted,395.0,79.0,5,806
U023131,0.9416125909915123,1,94.16,Critical,94.16,Immediate,starter,annual,29.0,348.0,125,1,1,self-serve,174.0,29.0,6,807
U004535,0.9415670402799943,1,94.16,Critical,94.16,Immediate,professional,monthly,79.0,948.0,236,1,1,partner,711.0,79.0,9,808
U014747,0.9415308268044127,1,94.15,Critical,94.15,Immediate,professional,monthly,79.0,948.0,66,0,0,self-serve,237.0,79.0,3,809
U019336,0.9415308268044127,1,94.15,Critical,94.15,Immediate,professional,monthly,79.0,948.0,66,0,0,self-serve,237.0,79.0,3,810
U013551,0.9415207374685116,1,94.15,Critical,94.15,Immediate,starter,monthly,29.0,348.0,124,0,0,self-serve,145.0,29.0,5,811
U004415,0.9413273648586651,1,94.13,Critical,94.13,Immediate,professional,monthly,79.0,948.0,61,0,1,sales-assisted,237.0,79.0,3,812
U028434,0.9413220824027762,1,94.13,Critical,94.13,Immediate,starter,monthly,29.0,348.0,286,1,0,self-serve,319.0,29.0,11,813
U003865,0.9412217146005869,1,94.12,Critical,94.12,Immediate,professional,monthly,79.0,948.0,236,3,0,sales-assisted,711.0,79.0,9,814
U020450,0.9411775815183664,1,94.12,Critical,94.12,Immediate,starter,annual,29.0,348.0,113,2,0,self-serve,145.0,29.0,5,815
U017630,0.9411440240622119,1,94.11,Critical,94.11,Immediate,starter,annual,29.0,348.0,231,1,0,sales-assisted,261.0,29.0,9,816
U016201,0.9409789297841634,1,94.1,Critical,94.1,Immediate,starter,monthly,29.0,348.0,27,2,0,self-serve,58.0,29.0,2,817
U015663,0.940728826886704,1,94.07,Critical,94.07,Immediate,professional,monthly,79.0,948.0,140,0,0,self-serve,395.0,79.0,5,818
U029780,0.9406283705085574,1,94.06,Critical,94.06,Immediate,starter,annual,29.0,348.0,91,2,0,sales-assisted,116.0,29.0,4,819
U001170,0.9405218654186187,1,94.05,Critical,94.05,Immediate,starter,annual,29.0,348.0,93,1,1,sales-assisted,116.0,29.0,4,820
U008184,0.9405056462308452,1,94.05,Critical,94.05,Immediate,starter,monthly,29.0,348.0,181,1,0,sales-assisted,203.0,29.0,7,821
U007564,0.9405056462308452,1,94.05,Critical,94.05,Immediate,starter,monthly,29.0,348.0,181,1,0,sales-assisted,203.0,29.0,7,822
U022238,0.9404939169454932,1,94.05,Critical,94.05,Immediate,starter,monthly,29.0,348.0,90,2,0,sales-assisted,116.0,29.0,4,823
U001955,0.9403621893304677,1,94.04,Critical,94.04,Immediate,professional,monthly,79.0,948.0,392,0,0,self-serve,1106.0,79.0,14,824
U016760,0.9403621893304677,1,94.04,Critical,94.04,Immediate,professional,monthly,79.0,948.0,392,0,0,self-serve,1106.0,79.0,14,825
U004528,0.9403292541247864,1,94.03,Critical,94.03,Immediate,enterprise,annual,199.0,2388.0,223,2,2,self-serve,1592.0,199.0,8,826
U007433,0.9403077366509939,1,94.03,Critical,94.03,Immediate,starter,monthly,29.0,348.0,375,1,0,self-serve,406.0,29.0,14,827
U009330,0.9402472761526551,1,94.02,Critical,94.02,Immediate,professional,monthly,79.0,948.0,210,0,1,partner,632.0,79.0,8,828
U012042,0.9402224195808231,1,94.02,Critical,94.02,Immediate,professional,monthly,79.0,948.0,105,1,0,partner,395.0,79.0,5,829
U020428,0.9401289164821209,1,94.01,Critical,94.01,Immediate,starter,monthly,29.0,348.0,194,0,1,self-serve,203.0,29.0,7,830
U013965,0.9401101656430643,1,94.01,Critical,94.01,Immediate,starter,monthly,29.0,348.0,176,1,0,self-serve,174.0,29.0,6,831
U021348,0.9398467440656363,1,93.98,Critical,93.98,Immediate,starter,monthly,29.0,348.0,105,2,0,partner,145.0,29.0,5,832
U004358,0.9396407154906466,1,93.96,Critical,93.96,Immediate,starter,monthly,29.0,348.0,132,0,0,partner,145.0,29.0,5,833
U001745,0.9393617040423218,1,93.94,Critical,93.94,Immediate,professional,monthly,79.0,948.0,64,0,0,self-serve,237.0,79.0,3,834
U011248,0.9393269869643064,1,93.93,Critical,93.93,Immediate,professional,monthly,79.0,948.0,269,1,0,partner,790.0,79.0,10,835
U009830,0.9393259225160445,1,93.93,Critical,93.93,Immediate,starter,monthly,29.0,348.0,360,0,0,self-serve,377.0,29.0,13,836
U020831,0.9393148529079612,1,93.93,Critical,93.93,Immediate,enterprise,monthly,199.0,2388.0,153,0,0,self-serve,1194.0,199.0,6,837
U008110,0.939297169159989,1,93.93,Critical,93.93,Immediate,professional,annual,79.0,948.0,229,1,0,self-serve,711.0,79.0,9,838
U003491,0.9390156098643638,1,93.9,Critical,93.9,Immediate,professional,monthly,79.0,948.0,119,0,0,sales-assisted,395.0,79.0,5,839
U028921,0.9389445240212738,1,93.89,Critical,93.89,Immediate,enterprise,monthly,199.0,2388.0,229,1,0,sales-assisted,1791.0,199.0,9,840
U027138,0.938833922945744,1,93.88,Critical,93.88,Immediate,professional,monthly,79.0,948.0,64,0,0,self-serve,237.0,79.0,3,841
U003447,0.938680150404717,1,93.87,Critical,93.87,Immediate,starter,monthly,29.0,348.0,98,1,0,self-serve,116.0,29.0,4,842
U004751,0.9384884506669867,1,93.85,Critical,93.85,Immediate,starter,monthly,29.0,348.0,127,0,0,self-serve,145.0,29.0,5,843
U011363,0.938463340246239,1,93.85,Critical,93.85,Immediate,starter,monthly,29.0,348.0,175,1,0,self-serve,174.0,29.0,6,844
U008863,0.9384510189077812,1,93.85,Critical,93.85,Immediate,professional,annual,79.0,948.0,182,2,0,self-serve,553.0,79.0,7,845
U027538,0.9383873422404324,1,93.84,Critical,93.84,Immediate,starter,monthly,29.0,348.0,188,0,0,partner,203.0,29.0,7,846
U004937,0.9383516451623386,1,93.84,Critical,93.84,Immediate,starter,annual,29.0,348.0,163,2,1,self-serve,174.0,29.0,6,847
U022506,0.938254718022514,1,93.83,Critical,93.83,Immediate,professional,monthly,79.0,948.0,248,4,0,sales-assisted,711.0,79.0,9,848
U026794,0.9382434125510927,1,93.82,Critical,93.82,Immediate,starter,annual,29.0,348.0,102,3,1,sales-assisted,116.0,29.0,4,849
U026339,0.9381025488808052,1,93.81,Critical,93.81,Immediate,professional,monthly,79.0,948.0,159,1,1,self-serve,474.0,79.0,6,850
U012894,0.9380938937793981,1,93.81,Critical,93.81,Immediate,starter,annual,29.0,348.0,111,0,1,self-serve,145.0,29.0,5,851
U013152,0.938053663814207,1,93.81,Critical,93.81,Immediate,professional,monthly,79.0,948.0,148,1,0,partner,474.0,79.0,6,852
U000837,0.9380360882245031,1,93.8,Critical,93.8,Immediate,starter,monthly,29.0,348.0,208,0,1,sales-assisted,232.0,29.0,8,853
U002294,0.937948768127304,1,93.79,Critical,93.79,Immediate,starter,monthly,29.0,348.0,128,0,0,self-serve,145.0,29.0,5,854
U002822,0.937947833567573,1,93.79,Critical,93.79,Immediate,starter,annual,29.0,348.0,39,2,0,sales-assisted,58.0,29.0,2,855
U026547,0.9379420953418808,1,93.79,Critical,93.79,Immediate,starter,annual,29.0,348.0,77,2,0,self-serve,116.0,29.0,4,856
U028199,0.9379168686068724,1,93.79,Critical,93.79,Immediate,starter,annual,29.0,348.0,186,1,0,sales-assisted,203.0,29.0,7,857
U018188,0.9378506881940711,1,93.79,Critical,93.79,Immediate,professional,monthly,79.0,948.0,247,1,2,partner,711.0,79.0,9,858
U021053,0.9378098027749293,1,93.78,Critical,93.78,Immediate,starter,monthly,29.0,348.0,222,2,1,sales-assisted,232.0,29.0,8,859
U006753,0.9377448041169976,1,93.77,Critical,93.77,Immediate,professional,monthly,79.0,948.0,48,0,0,self-serve,158.0,79.0,2,860
U025287,0.9375580833790044,1,93.76,Critical,93.76,Immediate,professional,monthly,79.0,948.0,139,0,0,self-serve,395.0,79.0,5,861
U015472,0.9375580833790044,1,93.76,Critical,93.76,Immediate,professional,monthly,79.0,948.0,139,0,0,self-serve,395.0,79.0,5,862
U006279,0.9375296243032099,1,93.75,Critical,93.75,Immediate,professional,monthly,79.0,948.0,65,0,0,self-serve,237.0,79.0,3,863
U004799,0.937494519193183,1,93.75,Critical,93.75,Immediate,starter,monthly,29.0,348.0,194,1,0,self-serve,203.0,29.0,7,864
U022657,0.937494519193183,1,93.75,Critical,93.75,Immediate,starter,monthly,29.0,348.0,194,1,0,self-serve,203.0,29.0,7,865
U001293,0.9371551313012763,1,93.72,Critical,93.72,Immediate,starter,annual,29.0,348.0,182,1,0,self-serve,203.0,29.0,7,866
U022629,0.9371081139633204,1,93.71,Critical,93.71,Immediate,starter,monthly,29.0,348.0,213,1,1,self-serve,232.0,29.0,8,867
U028448,0.9370796466341693,1,93.71,Critical,93.71,Immediate,professional,monthly,79.0,948.0,213,0,2,self-serve,632.0,79.0,8,868
U023722,0.9370379891481847,1,93.7,Critical,93.7,Immediate,professional,monthly,79.0,948.0,123,0,1,partner,395.0,79.0,5,869
U004609,0.9368318607694757,1,93.68,Critical,93.68,Immediate,professional,monthly,79.0,948.0,190,2,0,self-serve,553.0,79.0,7,870
U011463,0.9368318607694757,1,93.68,Critical,93.68,Immediate,professional,monthly,79.0,948.0,190,2,0,self-serve,553.0,79.0,7,871
U022786,0.9367955299714159,1,93.68,Critical,93.68,Immediate,professional,monthly,79.0,948.0,199,1,0,sales-assisted,632.0,79.0,8,872
U025460,0.9366907468739233,1,93.67,Critical,93.67,Immediate,starter,monthly,29.0,348.0,129,2,0,sales-assisted,145.0,29.0,5,873
U027683,0.9366363138536778,1,93.66,Critical,93.66,Immediate,starter,annual,29.0,348.0,108,0,0,partner,116.0,29.0,4,874
U004887,0.9365727755378511,1,93.66,Critical,93.66,Immediate,starter,monthly,29.0,348.0,25,0,0,sales-assisted,29.0,29.0,1,875
U005553,0.9365073353352432,1,93.65,Critical,93.65,Immediate,starter,monthly,29.0,348.0,193,2,0,self-serve,203.0,29.0,7,876
U002285,0.9364805833491693,1,93.65,Critical,93.65,Immediate,starter,monthly,29.0,348.0,173,1,0,sales-assisted,203.0,29.0,7,877
U007627,0.9363528078692311,1,93.64,Critical,93.64,Immediate,starter,annual,29.0,348.0,218,3,0,self-serve,232.0,29.0,8,878
U004006,0.9363307816831493,1,93.63,Critical,93.63,Immediate,starter,annual,29.0,348.0,185,1,0,self-serve,203.0,29.0,7,879
U018048,0.9363118487993755,1,93.63,Critical,93.63,Immediate,professional,annual,79.0,948.0,78,2,0,self-serve,316.0,79.0,4,880
U028339,0.9363013884057533,1,93.63,Critical,93.63,Immediate,starter,monthly,29.0,348.0,100,2,0,sales-assisted,116.0,29.0,4,881
U013000,0.93624878829808,1,93.62,Critical,93.62,Immediate,starter,monthly,29.0,348.0,101,1,0,partner,145.0,29.0,5,882
U001066,0.9361196103583317,1,93.61,Critical,93.61,Immediate,starter,monthly,29.0,348.0,229,0,0,partner,232.0,29.0,8,883
U025752,0.9361123491355676,1,93.61,Critical,93.61,Immediate,starter,monthly,29.0,348.0,188,1,2,self-serve,203.0,29.0,7,884
U006670,0.9360434204826433,1,93.6,Critical,93.6,Immediate,starter,monthly,29.0,348.0,31,2,0,self-serve,58.0,29.0,2,885
U009120,0.9359773850897305,1,93.6,Critical,93.6,Immediate,starter,monthly,29.0,348.0,199,0,0,partner,203.0,29.0,7,886
U017800,0.9359694683416618,1,93.6,Critical,93.6,Immediate,professional,monthly,79.0,948.0,47,0,0,self-serve,158.0,79.0,2,887
U023227,0.9357844916940556,1,93.58,Critical,93.58,Immediate,starter,monthly,29.0,348.0,102,0,1,partner,116.0,29.0,4,888
U008299,0.9357598647535202,1,93.58,Critical,93.58,Immediate,starter,annual,29.0,348.0,124,1,1,sales-assisted,145.0,29.0,5,889
U000057,0.9354031892961966,1,93.54,Critical,93.54,Immediate,professional,monthly,79.0,948.0,135,0,0,self-serve,395.0,79.0,5,890
U009958,0.9354031892961966,1,93.54,Critical,93.54,Immediate,professional,monthly,79.0,948.0,135,0,0,self-serve,395.0,79.0,5,891
U026496,0.9353842826971843,1,93.54,Critical,93.54,Immediate,starter,monthly,29.0,348.0,26,0,0,sales-assisted,29.0,29.0,1,892
U003826,0.9353346451945417,1,93.53,Critical,93.53,Immediate,enterprise,monthly,199.0,2388.0,188,1,0,self-serve,1393.0,199.0,7,893
U002605,0.9352784047677072,1,93.53,Critical,93.53,Immediate,professional,monthly,79.0,948.0,43,0,1,self-serve,158.0,79.0,2,894
U025434,0.9352596279918551,1,93.53,Critical,93.53,Immediate,professional,monthly,79.0,948.0,94,2,0,sales-assisted,316.0,79.0,4,895
U014482,0.9352587545340432,1,93.53,Critical,93.53,Immediate,professional,monthly,79.0,948.0,248,1,1,sales-assisted,711.0,79.0,9,896
U026642,0.9352587545340432,1,93.53,Critical,93.53,Immediate,professional,monthly,79.0,948.0,248,1,1,sales-assisted,711.0,79.0,9,897
U023268,0.9351934019646739,1,93.52,Critical,93.52,Immediate,starter,annual,29.0,348.0,195,1,0,sales-assisted,203.0,29.0,7,898
U020853,0.9350627083275352,1,93.51,Critical,93.51,Immediate,starter,annual,29.0,348.0,193,0,0,self-serve,232.0,29.0,8,899
U005510,0.9350286452050928,1,93.5,Critical,93.5,Immediate,professional,monthly,79.0,948.0,252,1,1,sales-assisted,790.0,79.0,10,900
U008412,0.9349029688542566,1,93.49,Critical,93.49,Immediate,starter,monthly,29.0,348.0,304,4,0,sales-assisted,319.0,29.0,11,901
U013647,0.9346804786263436,1,93.47,Critical,93.47,Immediate,enterprise,monthly,199.0,2388.0,53,0,0,sales-assisted,597.0,199.0,3,902
U016675,0.9346528508327561,1,93.47,Critical,93.47,Immediate,starter,annual,29.0,348.0,87,1,0,self-serve,116.0,29.0,4,903
U025561,0.93456960691131,1,93.46,Critical,93.46,Immediate,starter,monthly,29.0,348.0,251,2,1,self-serve,261.0,29.0,9,904
U019820,0.9344800389117347,1,93.45,Critical,93.45,Immediate,starter,annual,29.0,348.0,51,2,2,partner,87.0,29.0,3,905
U015447,0.9343881313885593,1,93.44,Critical,93.44,Immediate,starter,monthly,29.0,348.0,231,0,1,sales-assisted,261.0,29.0,9,906
U014039,0.9343101886723854,1,93.43,Critical,93.43,Immediate,starter,monthly,29.0,348.0,41,0,1,self-serve,58.0,29.0,2,907
U024254,0.9343101886723854,1,93.43,Critical,93.43,Immediate,starter,monthly,29.0,348.0,41,0,1,self-serve,58.0,29.0,2,908
U013382,0.9342063302334198,1,93.42,Critical,93.42,Immediate,starter,annual,29.0,348.0,204,0,0,self-serve,232.0,29.0,8,909
U016184,0.9340145233425301,1,93.4,Critical,93.4,Immediate,enterprise,monthly,199.0,2388.0,41,0,0,self-serve,597.0,199.0,3,910
U028013,0.933967211319182,1,93.4,Critical,93.4,Immediate,starter,monthly,29.0,348.0,123,2,0,self-serve,145.0,29.0,5,911
U023330,0.9339302541790829,1,93.39,Critical,93.39,Immediate,enterprise,monthly,199.0,2388.0,131,1,1,self-serve,1194.0,199.0,6,912
U019903,0.9339213695103747,1,93.39,Critical,93.39,Immediate,starter,monthly,29.0,348.0,393,1,0,partner,406.0,29.0,14,913
U013868,0.9338034355958083,1,93.38,Critical,93.38,Immediate,starter,annual,29.0,348.0,320,0,0,self-serve,348.0,29.0,12,914
U008774,0.9336662275940728,1,93.37,Critical,93.37,Immediate,professional,monthly,79.0,948.0,150,1,0,self-serve,474.0,79.0,6,915
U008597,0.9336557740571995,1,93.37,Critical,93.37,Immediate,starter,annual,29.0,348.0,93,0,1,sales-assisted,116.0,29.0,4,916
U025526,0.9336347971792662,1,93.36,Critical,93.36,Immediate,professional,monthly,79.0,948.0,58,1,1,sales-assisted,237.0,79.0,3,917
U007408,0.9336148972521152,1,93.36,Critical,93.36,Immediate,starter,annual,29.0,348.0,65,2,0,partner,87.0,29.0,3,918
U006847,0.9335810117689664,1,93.36,Critical,93.36,Immediate,starter,monthly,29.0,348.0,102,0,0,self-serve,116.0,29.0,4,919
U013836,0.9335565797371224,1,93.36,Critical,93.36,Immediate,professional,monthly,79.0,948.0,105,1,1,self-serve,395.0,79.0,5,920
U017818,0.9333808751343292,1,93.34,Critical,93.34,Immediate,professional,monthly,79.0,948.0,178,0,1,sales-assisted,553.0,79.0,7,921
U013232,0.9332230710390541,1,93.32,Critical,93.32,Immediate,starter,monthly,29.0,348.0,317,0,0,self-serve,348.0,29.0,12,922
U022140,0.9332223322093124,1,93.32,Critical,93.32,Immediate,starter,monthly,29.0,348.0,59,0,0,sales-assisted,58.0,29.0,2,923
U013561,0.933038916357166,1,93.3,Critical,93.3,Immediate,enterprise,monthly,199.0,2388.0,173,0,0,self-serve,1393.0,199.0,7,924
U004795,0.9330061456248808,1,93.3,Critical,93.3,Immediate,professional,annual,79.0,948.0,185,0,0,self-serve,553.0,79.0,7,925
U027401,0.932761232649298,1,93.28,Critical,93.28,Immediate,starter,monthly,29.0,348.0,48,1,0,self-serve,58.0,29.0,2,926
U023339,0.932761232649298,1,93.28,Critical,93.28,Immediate,starter,monthly,29.0,348.0,48,1,0,self-serve,58.0,29.0,2,927
U003222,0.9326653424754838,1,93.27,Critical,93.27,Immediate,professional,monthly,79.0,948.0,52,1,3,partner,237.0,79.0,3,928
U019403,0.9326260755854393,1,93.26,Critical,93.26,Immediate,professional,monthly,79.0,948.0,112,1,0,sales-assisted,316.0,79.0,4,929
U005436,0.9325153059674123,1,93.25,Critical,93.25,Immediate,professional,monthly,79.0,948.0,150,0,0,partner,474.0,79.0,6,930
U003038,0.93239991149446,1,93.24,Critical,93.24,Immediate,starter,monthly,29.0,348.0,226,2,1,partner,232.0,29.0,8,931
U018496,0.9321831004976463,1,93.22,Critical,93.22,Immediate,professional,monthly,79.0,948.0,132,0,0,self-serve,395.0,79.0,5,932
U029125,0.9320821751589555,1,93.21,Critical,93.21,Immediate,starter,monthly,29.0,348.0,300,0,1,sales-assisted,319.0,29.0,11,933
U001121,0.9320618839210298,1,93.21,Critical,93.21,Immediate,enterprise,monthly,199.0,2388.0,263,0,0,sales-assisted,1990.0,199.0,10,934
U002271,0.931810174081849,1,93.18,Critical,93.18,Immediate,starter,monthly,29.0,348.0,177,1,0,self-serve,174.0,29.0,6,935
U019384,0.931810174081849,1,93.18,Critical,93.18,Immediate,starter,monthly,29.0,348.0,177,1,0,self-serve,174.0,29.0,6,936
U021573,0.9317031180363912,1,93.17,Critical,93.17,Immediate,professional,monthly,79.0,948.0,157,1,0,self-serve,474.0,79.0,6,937
U023577,0.9314978915313685,1,93.15,Critical,93.15,Immediate,starter,monthly,29.0,348.0,96,1,0,sales-assisted,116.0,29.0,4,938
U001487,0.9313690373568883,1,93.14,Critical,93.14,Immediate,professional,monthly,79.0,948.0,307,0,0,self-serve,869.0,79.0,11,939
U029101,0.9313050534414322,1,93.13,Critical,93.13,Immediate,professional,monthly,79.0,948.0,111,0,0,self-serve,395.0,79.0,5,940
U025164,0.931258843397222,1,93.13,Critical,93.13,Immediate,professional,annual,79.0,948.0,106,3,0,self-serve,395.0,79.0,5,941
U005198,0.931190878265442,1,93.12,Critical,93.12,Immediate,starter,annual,29.0,348.0,143,2,0,self-serve,174.0,29.0,6,942
U004658,0.9311819048963611,1,93.12,Critical,93.12,Immediate,starter,monthly,29.0,348.0,262,0,0,sales-assisted,290.0,29.0,10,943
U012173,0.931087792211318,1,93.11,Critical,93.11,Immediate,enterprise,monthly,199.0,2388.0,141,2,1,self-serve,995.0,199.0,5,944
U003683,0.9310511956374627,1,93.11,Critical,93.11,Immediate,starter,annual,29.0,348.0,34,0,0,self-serve,58.0,29.0,2,945
U026414,0.9309109704444868,1,93.09,Critical,93.09,Immediate,starter,monthly,29.0,348.0,76,1,1,self-serve,87.0,29.0,3,946
U013390,0.9307820274432427,1,93.08,Critical,93.08,Immediate,professional,annual,79.0,948.0,183,2,0,self-serve,553.0,79.0,7,947
U023057,0.9307811854619238,1,93.08,Critical,93.08,Immediate,starter,monthly,29.0,348.0,103,3,0,partner,116.0,29.0,4,948
U009076,0.9307672719814756,1,93.08,Critical,93.08,Immediate,enterprise,monthly,199.0,2388.0,126,2,1,partner,995.0,199.0,5,949
U003264,0.9306540349255265,1,93.07,Critical,93.07,Immediate,starter,monthly,29.0,348.0,23,1,0,sales-assisted,58.0,29.0,2,950
U003921,0.9305043194664407,1,93.05,Critical,93.05,Immediate,starter,annual,29.0,348.0,230,0,1,self-serve,261.0,29.0,9,951
U027077,0.9304981329403292,1,93.05,Critical,93.05,Immediate,starter,monthly,29.0,348.0,263,0,0,partner,261.0,29.0,9,952
U015998,0.9304878218367114,1,93.05,Critical,93.05,Immediate,professional,annual,79.0,948.0,96,2,0,self-serve,395.0,79.0,5,953
U014595,0.9304833094012976,1,93.05,Critical,93.05,Immediate,starter,monthly,29.0,348.0,14,1,0,sales-assisted,58.0,29.0,2,954
U006065,0.9304543000760913,1,93.05,Critical,93.05,Immediate,starter,annual,29.0,348.0,103,0,0,self-serve,116.0,29.0,4,955
U016756,0.9304142868062011,1,93.04,Critical,93.04,Immediate,starter,annual,29.0,348.0,306,5,0,self-serve,319.0,29.0,11,956
U005917,0.9303861404099759,1,93.04,Critical,93.04,Immediate,starter,monthly,29.0,348.0,215,1,0,self-serve,232.0,29.0,8,957
U029560,0.9302786157420241,1,93.03,Critical,93.03,Immediate,starter,annual,29.0,348.0,152,1,0,sales-assisted,174.0,29.0,6,958
U000330,0.9302607929984964,1,93.03,Critical,93.03,Immediate,professional,monthly,79.0,948.0,281,3,0,sales-assisted,790.0,79.0,10,959
U006530,0.9301538829682084,1,93.02,Critical,93.02,Immediate,professional,monthly,79.0,948.0,73,0,1,sales-assisted,237.0,79.0,3,960
U005538,0.9300792893984684,1,93.01,Critical,93.01,Immediate,starter,monthly,29.0,348.0,391,1,1,partner,406.0,29.0,14,961
U009804,0.9300416175000583,1,93.0,Critical,93.0,Immediate,starter,monthly,29.0,348.0,102,0,1,self-serve,116.0,29.0,4,962
U027048,0.9300295206711078,1,93.0,Critical,93.0,Immediate,professional,monthly,79.0,948.0,221,1,1,partner,632.0,79.0,8,963
U019400,0.930015851166601,1,93.0,Critical,93.0,Immediate,starter,monthly,29.0,348.0,250,0,1,partner,261.0,29.0,9,964
U027703,0.9298416396708912,1,92.98,Critical,92.98,Immediate,professional,monthly,79.0,948.0,136,0,0,self-serve,395.0,79.0,5,965
U009346,0.9298312765601952,1,92.98,Critical,92.98,Immediate,starter,monthly,29.0,348.0,231,0,1,sales-assisted,261.0,29.0,9,966
U014368,0.929819630258402,1,92.98,Critical,92.98,Immediate,starter,monthly,29.0,348.0,36,2,2,partner,58.0,29.0,2,967
U027206,0.9297974111548974,1,92.98,Critical,92.98,Immediate,enterprise,monthly,199.0,2388.0,75,1,0,sales-assisted,796.0,199.0,4,968
U016628,0.929548886782424,1,92.95,Critical,92.95,Immediate,professional,monthly,79.0,948.0,89,2,0,self-serve,316.0,79.0,4,969
U026997,0.9295219180345076,1,92.95,Critical,92.95,Immediate,starter,annual,29.0,348.0,314,0,0,sales-assisted,319.0,29.0,11,970
U015842,0.9295149268640809,1,92.95,Critical,92.95,Immediate,starter,monthly,29.0,348.0,78,0,1,sales-assisted,87.0,29.0,3,971
U001175,0.9294487673499907,1,92.94,Critical,92.94,Immediate,starter,monthly,29.0,348.0,140,0,0,sales-assisted,145.0,29.0,5,972
U024790,0.9294487673499907,1,92.94,Critical,92.94,Immediate,starter,monthly,29.0,348.0,140,0,0,sales-assisted,145.0,29.0,5,973
U010388,0.9294033680031731,1,92.94,Critical,92.94,Immediate,starter,monthly,29.0,348.0,261,0,0,partner,261.0,29.0,9,974
U013206,0.9292820507559706,1,92.93,Critical,92.93,Immediate,starter,monthly,29.0,348.0,218,0,0,partner,232.0,29.0,8,975
U003981,0.9291976596924791,1,92.92,Critical,92.92,Immediate,professional,monthly,79.0,948.0,159,0,0,self-serve,474.0,79.0,6,976
U005978,0.9291976596924791,1,92.92,Critical,92.92,Immediate,professional,monthly,79.0,948.0,159,0,0,self-serve,474.0,79.0,6,977
U002514,0.9291612751308238,1,92.92,Critical,92.92,Immediate,starter,monthly,29.0,348.0,227,2,1,partner,232.0,29.0,8,978
U007372,0.9291449967328664,1,92.91,Critical,92.91,Immediate,starter,monthly,29.0,348.0,127,1,0,partner,145.0,29.0,5,979
U024459,0.9290398050263493,1,92.9,Critical,92.9,Immediate,starter,monthly,29.0,348.0,206,2,1,sales-assisted,203.0,29.0,7,980
U017484,0.9289601557921884,1,92.9,Critical,92.9,Immediate,enterprise,monthly,199.0,2388.0,187,1,0,self-serve,1393.0,199.0,7,981
U015577,0.928925883324261,1,92.89,Critical,92.89,Immediate,starter,monthly,29.0,348.0,213,1,0,sales-assisted,232.0,29.0,8,982
U008103,0.9288287089124424,1,92.88,Critical,92.88,Immediate,starter,monthly,29.0,348.0,100,1,0,self-serve,116.0,29.0,4,983
U014581,0.9288287089124424,1,92.88,Critical,92.88,Immediate,starter,monthly,29.0,348.0,100,1,0,self-serve,116.0,29.0,4,984
U007127,0.9288287089124424,1,92.88,Critical,92.88,Immediate,starter,monthly,29.0,348.0,100,1,0,self-serve,116.0,29.0,4,985
U000700,0.9287654259936972,1,92.88,Critical,92.88,Immediate,starter,monthly,29.0,348.0,150,0,0,partner,174.0,29.0,6,986
U019641,0.9287301100741081,1,92.87,Critical,92.87,Immediate,starter,monthly,29.0,348.0,270,2,1,sales-assisted,290.0,29.0,10,987
U006863,0.928312429491416,1,92.83,Critical,92.83,Immediate,starter,monthly,29.0,348.0,19,2,0,self-serve,58.0,29.0,2,988
U004337,0.9282637489480496,1,92.83,Critical,92.83,Immediate,professional,monthly,79.0,948.0,319,1,0,self-serve,948.0,79.0,12,989
U000860,0.9282186086198321,1,92.82,Critical,92.82,Immediate,starter,monthly,29.0,348.0,142,0,0,sales-assisted,145.0,29.0,5,990
U004139,0.9282051302873022,1,92.82,Critical,92.82,Immediate,enterprise,monthly,199.0,2388.0,234,0,1,sales-assisted,1791.0,199.0,9,991
U003523,0.9279969277295834,1,92.8,Critical,92.8,Immediate,enterprise,monthly,199.0,2388.0,36,2,0,self-serve,398.0,199.0,2,992
U016319,0.9279685724672078,1,92.8,Critical,92.8,Immediate,professional,monthly,79.0,948.0,123,0,1,self-serve,395.0,79.0,5,993
U003601,0.927941282769857,1,92.79,Critical,92.79,Immediate,starter,monthly,29.0,348.0,181,0,0,partner,203.0,29.0,7,994
U021499,0.9277178944490682,1,92.77,Critical,92.77,Immediate,starter,monthly,29.0,348.0,166,0,1,sales-assisted,203.0,29.0,7,995
U009234,0.9277136279592629,1,92.77,Critical,92.77,Immediate,starter,monthly,29.0,348.0,95,0,0,self-serve,116.0,29.0,4,996
U005922,0.9277039859955923,1,92.77,Critical,92.77,Immediate,professional,monthly,79.0,948.0,158,1,0,self-serve,474.0,79.0,6,997
U007143,0.9276882186866823,1,92.77,Critical,92.77,Immediate,starter,monthly,29.0,348.0,97,4,0,self-serve,116.0,29.0,4,998
U006964,0.9275958963005855,1,92.76,Critical,92.76,Immediate,professional,monthly,79.0,948.0,70,0,0,self-serve,237.0,79.0,3,999
U009200,0.9275561996412796,1,92.76,Critical,92.76,Immediate,starter,monthly,29.0,348.0,40,2,0,partner,58.0,29.0,2,1000
U019440,0.9274275569180421,1,92.74,Critical,92.74,Immediate,professional,annual,79.0,948.0,303,0,0,self-serve,869.0,79.0,11,1001
U024659,0.9273904238177122,1,92.74,Critical,92.74,Immediate,professional,monthly,79.0,948.0,129,4,0,sales-assisted,395.0,79.0,5,1002
U015007,0.9273257448728905,1,92.73,Critical,92.73,Immediate,starter,monthly,29.0,348.0,34,2,0,partner,58.0,29.0,2,1003
U005284,0.9272724963871777,1,92.73,Critical,92.73,Immediate,starter,monthly,29.0,348.0,250,1,1,sales-assisted,261.0,29.0,9,1004
U016096,0.9272068364413449,1,92.72,Critical,92.72,Immediate,starter,monthly,29.0,348.0,222,0,0,sales-assisted,232.0,29.0,8,1005
U011052,0.92717740934079,1,92.72,Critical,92.72,Immediate,starter,annual,29.0,348.0,24,1,2,self-serve,58.0,29.0,2,1006
U006431,0.9270348436774343,1,92.7,Critical,92.7,Immediate,starter,annual,29.0,348.0,148,1,0,self-serve,145.0,29.0,5,1007
U020962,0.9269932018709742,1,92.7,Critical,92.7,Immediate,starter,monthly,29.0,348.0,205,0,2,self-serve,232.0,29.0,8,1008
U028176,0.926907731611861,1,92.69,Critical,92.69,Immediate,starter,monthly,29.0,348.0,243,3,0,sales-assisted,261.0,29.0,9,1009
U023494,0.9267501720783167,1,92.68,Critical,92.68,Immediate,starter,monthly,29.0,348.0,125,0,2,self-serve,145.0,29.0,5,1010
U007411,0.9266621751062608,1,92.67,Critical,92.67,Immediate,starter,annual,29.0,348.0,188,1,0,self-serve,203.0,29.0,7,1011
U012287,0.9266217847285716,1,92.66,Critical,92.66,Immediate,professional,monthly,79.0,948.0,23,0,1,self-serve,158.0,79.0,2,1012
U024828,0.9265932933616055,1,92.66,Critical,92.66,Immediate,starter,annual,29.0,348.0,116,1,1,self-serve,145.0,29.0,5,1013
U015097,0.9265638212384476,1,92.66,Critical,92.66,Immediate,starter,monthly,29.0,348.0,108,0,1,partner,116.0,29.0,4,1014
U019622,0.9264459683986576,1,92.64,Critical,92.64,Immediate,starter,monthly,29.0,348.0,221,0,0,self-serve,261.0,29.0,9,1015
U024424,0.9263636109818075,1,92.64,Critical,92.64,Immediate,starter,monthly,29.0,348.0,324,0,2,sales-assisted,348.0,29.0,12,1016
U024714,0.9263100473383936,1,92.63,Critical,92.63,Immediate,professional,monthly,79.0,948.0,333,0,2,self-serve,869.0,79.0,11,1017
U029765,0.926300692640224,1,92.63,Critical,92.63,Immediate,starter,monthly,29.0,348.0,201,0,0,sales-assisted,203.0,29.0,7,1018
U028203,0.9262729072108012,1,92.63,Critical,92.63,Immediate,starter,monthly,29.0,348.0,168,1,0,self-serve,174.0,29.0,6,1019
U010137,0.9262729072108012,1,92.63,Critical,92.63,Immediate,starter,monthly,29.0,348.0,168,1,0,self-serve,174.0,29.0,6,1020
U004173,0.9262653327169242,1,92.63,Critical,92.63,Immediate,starter,monthly,29.0,348.0,153,1,0,partner,174.0,29.0,6,1021
U008198,0.9257890009413908,1,92.58,Critical,92.58,Immediate,starter,annual,29.0,348.0,348,1,0,sales-assisted,377.0,29.0,13,1022
U017499,0.9257483648636016,1,92.57,Critical,92.57,Immediate,starter,monthly,29.0,348.0,141,0,1,sales-assisted,145.0,29.0,5,1023
U009380,0.9256900195180346,1,92.57,Critical,92.57,Immediate,starter,monthly,29.0,348.0,295,2,0,self-serve,319.0,29.0,11,1024
U013765,0.9256840588526435,1,92.57,Critical,92.57,Immediate,enterprise,monthly,199.0,2388.0,96,0,0,self-serve,796.0,199.0,4,1025
U011279,0.9256609399474282,1,92.57,Critical,92.57,Immediate,starter,annual,29.0,348.0,212,1,0,self-serve,232.0,29.0,8,1026
U008040,0.9256553835491191,1,92.57,Critical,92.57,Immediate,professional,monthly,79.0,948.0,147,0,1,self-serve,474.0,79.0,6,1027
U014885,0.9256400736254612,1,92.56,Critical,92.56,Immediate,starter,monthly,29.0,348.0,190,2,0,self-serve,203.0,29.0,7,1028
U003905,0.9256264771722421,1,92.56,Critical,92.56,Immediate,professional,annual,79.0,948.0,131,2,0,partner,474.0,79.0,6,1029
U012479,0.9254922075863522,1,92.55,Critical,92.55,Immediate,enterprise,monthly,199.0,2388.0,31,2,0,self-serve,398.0,199.0,2,1030
U001600,0.9254364156481453,1,92.54,Critical,92.54,Immediate,professional,annual,79.0,948.0,226,0,0,sales-assisted,711.0,79.0,9,1031
U000632,0.925401024709696,1,92.54,Critical,92.54,Immediate,starter,annual,29.0,348.0,331,4,0,sales-assisted,319.0,29.0,11,1032
U000446,0.9253969211168023,1,92.54,Critical,92.54,Immediate,starter,monthly,29.0,348.0,248,1,0,sales-assisted,261.0,29.0,9,1033
U013595,0.9253867643213676,1,92.54,Critical,92.54,Immediate,professional,monthly,79.0,948.0,163,1,1,self-serve,474.0,79.0,6,1034
U014728,0.9252308024199433,1,92.52,Critical,92.52,Immediate,starter,monthly,29.0,348.0,338,1,0,self-serve,348.0,29.0,12,1035
U009805,0.925190036360344,1,92.52,Critical,92.52,Immediate,starter,monthly,29.0,348.0,23,0,0,sales-assisted,29.0,29.0,1,1036
U020289,0.925165683779068,1,92.52,Critical,92.52,Immediate,starter,monthly,29.0,348.0,186,0,0,partner,203.0,29.0,7,1037
U028487,0.9251626929769782,1,92.52,Critical,92.52,Immediate,starter,monthly,29.0,348.0,204,0,1,self-serve,232.0,29.0,8,1038
U023943,0.9250106175580961,1,92.5,Critical,92.5,Immediate,starter,monthly,29.0,348.0,73,1,1,self-serve,116.0,29.0,4,1039
U007276,0.9250070468098247,1,92.5,Critical,92.5,Immediate,professional,monthly,79.0,948.0,226,1,0,sales-assisted,711.0,79.0,9,1040
U003764,0.9249130090101642,1,92.49,Critical,92.49,Immediate,starter,monthly,29.0,348.0,26,0,0,sales-assisted,58.0,29.0,2,1041
U023238,0.9248697353151902,1,92.49,Critical,92.49,Immediate,professional,monthly,79.0,948.0,203,3,3,sales-assisted,632.0,79.0,8,1042
U024718,0.9247855180397331,1,92.48,Critical,92.48,Immediate,professional,monthly,79.0,948.0,125,2,0,partner,395.0,79.0,5,1043
U021132,0.9244486198611355,1,92.44,Critical,92.44,Immediate,starter,monthly,29.0,348.0,198,0,0,self-serve,232.0,29.0,8,1044
U024757,0.9244377348949543,1,92.44,Critical,92.44,Immediate,starter,monthly,29.0,348.0,129,1,0,sales-assisted,145.0,29.0,5,1045
U020268,0.9243309210233618,1,92.43,Critical,92.43,Immediate,starter,annual,29.0,348.0,67,1,1,self-serve,87.0,29.0,3,1046
U027993,0.9242040177652535,1,92.42,Critical,92.42,Immediate,starter,monthly,29.0,348.0,77,1,0,sales-assisted,116.0,29.0,4,1047
U025887,0.9241833917614325,1,92.42,Critical,92.42,Immediate,enterprise,annual,199.0,2388.0,221,0,0,self-serve,1592.0,199.0,8,1048
U008840,0.9241360871300168,1,92.41,Critical,92.41,Immediate,starter,monthly,29.0,348.0,265,0,2,sales-assisted,290.0,29.0,10,1049
U010905,0.924093732994881,1,92.41,Critical,92.41,Immediate,starter,monthly,29.0,348.0,163,2,0,self-serve,174.0,29.0,6,1050
U019368,0.9240748327614864,1,92.41,Critical,92.41,Immediate,starter,monthly,29.0,348.0,150,0,0,self-serve,174.0,29.0,6,1051
U006478,0.9239938398317897,1,92.4,Critical,92.4,Immediate,professional,annual,79.0,948.0,110,0,1,sales-assisted,395.0,79.0,5,1052
U010437,0.9239788463487524,1,92.4,Critical,92.4,Immediate,starter,monthly,29.0,348.0,195,2,0,self-serve,203.0,29.0,7,1053
U008084,0.9238060842845418,1,92.38,Critical,92.38,Immediate,starter,monthly,29.0,348.0,89,1,2,self-serve,87.0,29.0,3,1054
U002625,0.9238036283599302,1,92.38,Critical,92.38,Immediate,starter,monthly,29.0,348.0,52,2,1,partner,58.0,29.0,2,1055
U029438,0.9237328373589878,1,92.37,Critical,92.37,Immediate,enterprise,monthly,199.0,2388.0,185,1,0,self-serve,1393.0,199.0,7,1056
U004039,0.9234863690676881,1,92.35,Critical,92.35,Immediate,professional,monthly,79.0,948.0,171,1,0,self-serve,553.0,79.0,7,1057
U000582,0.9234677366544953,1,92.35,Critical,92.35,Immediate,starter,annual,29.0,348.0,399,1,0,self-serve,406.0,29.0,14,1058
U016264,0.923457011440258,1,92.35,Critical,92.35,Immediate,starter,monthly,29.0,348.0,222,0,0,self-serve,232.0,29.0,8,1059
U014398,0.9233614849020949,1,92.34,Critical,92.34,Immediate,starter,monthly,29.0,348.0,215,1,0,sales-assisted,232.0,29.0,8,1060
U020446,0.9232445138720637,1,92.32,Critical,92.32,Immediate,professional,monthly,79.0,948.0,150,0,0,self-serve,395.0,79.0,5,1061
U000524,0.9231369878085339,1,92.31,Critical,92.31,Immediate,professional,monthly,79.0,948.0,90,4,0,sales-assisted,316.0,79.0,4,1062
U003919,0.9230917668135015,1,92.31,Critical,92.31,Immediate,professional,monthly,79.0,948.0,184,2,0,self-serve,632.0,79.0,8,1063
U016979,0.9230551747996834,1,92.31,Critical,92.31,Immediate,professional,monthly,79.0,948.0,56,0,1,partner,237.0,79.0,3,1064
U020627,0.9229671267750839,1,92.3,Critical,92.3,Immediate,starter,annual,29.0,348.0,206,1,1,self-serve,232.0,29.0,8,1065
U003421,0.9228591306637438,1,92.29,Critical,92.29,Immediate,starter,annual,29.0,348.0,116,0,0,sales-assisted,145.0,29.0,5,1066
U029687,0.9227889996899306,1,92.28,Critical,92.28,Immediate,starter,annual,29.0,348.0,131,0,0,self-serve,145.0,29.0,5,1067
U008592,0.9226057988268344,1,92.26,Critical,92.26,Immediate,starter,monthly,29.0,348.0,78,3,0,self-serve,116.0,29.0,4,1068
U000988,0.9225216921460886,1,92.25,Critical,92.25,Immediate,professional,monthly,79.0,948.0,184,2,0,self-serve,553.0,79.0,7,1069
U015560,0.9224617177344228,1,92.25,Critical,92.25,Immediate,professional,monthly,79.0,948.0,238,0,1,self-serve,711.0,79.0,9,1070
U009490,0.922376849297055,1,92.24,Critical,92.24,Immediate,starter,annual,29.0,348.0,313,1,0,partner,348.0,29.0,12,1071
U018608,0.9223578378896995,1,92.24,Critical,92.24,Immediate,starter,annual,29.0,348.0,209,1,0,self-serve,232.0,29.0,8,1072
U002348,0.9222520002536863,1,92.23,Critical,92.23,Immediate,starter,monthly,29.0,348.0,58,0,0,sales-assisted,58.0,29.0,2,1073
U003520,0.9221742169672648,1,92.22,Critical,92.22,Immediate,professional,monthly,79.0,948.0,149,0,0,self-serve,395.0,79.0,5,1074
U013976,0.9220680200968722,1,92.21,Critical,92.21,Immediate,enterprise,monthly,199.0,2388.0,154,0,0,self-serve,1194.0,199.0,6,1075
U028347,0.9220262317066836,1,92.2,Critical,92.2,Immediate,professional,monthly,79.0,948.0,330,2,0,sales-assisted,948.0,79.0,12,1076
U001642,0.92193999023527,1,92.19,Critical,92.19,Immediate,professional,monthly,79.0,948.0,207,1,0,self-serve,632.0,79.0,8,1077
U010919,0.9218530985554326,1,92.19,Critical,92.19,Immediate,professional,annual,79.0,948.0,58,0,3,self-serve,237.0,79.0,3,1078
U007027,0.9217422367936967,1,92.17,Critical,92.17,Immediate,starter,monthly,29.0,348.0,231,1,0,sales-assisted,261.0,29.0,9,1079
U021689,0.9216650650684318,1,92.17,Critical,92.17,Immediate,enterprise,annual,199.0,2388.0,225,0,0,self-serve,1791.0,199.0,9,1080
U015492,0.9216504952689125,1,92.17,Critical,92.17,Immediate,professional,monthly,79.0,948.0,122,0,1,self-serve,395.0,79.0,5,1081
U015475,0.9216324580579034,1,92.16,Critical,92.16,Immediate,starter,annual,29.0,348.0,202,1,1,self-serve,203.0,29.0,7,1082
U025421,0.9215686157255218,1,92.16,Critical,92.16,Immediate,professional,monthly,79.0,948.0,192,0,0,sales-assisted,553.0,79.0,7,1083
U000783,0.921533120476751,1,92.15,Critical,92.15,Immediate,professional,monthly,79.0,948.0,161,1,1,self-serve,474.0,79.0,6,1084
U005996,0.9213806899661006,1,92.14,Critical,92.14,Immediate,professional,annual,79.0,948.0,170,0,0,sales-assisted,553.0,79.0,7,1085
U023974,0.9213737940677288,1,92.14,Critical,92.14,Immediate,professional,annual,79.0,948.0,92,1,0,sales-assisted,316.0,79.0,4,1086
U029133,0.9213725631108269,1,92.14,Critical,92.14,Immediate,professional,monthly,79.0,948.0,101,0,0,partner,395.0,79.0,5,1087
U019688,0.9211183576742826,1,92.11,Critical,92.11,Immediate,starter,monthly,29.0,348.0,112,0,0,partner,116.0,29.0,4,1088
U028729,0.9210721316815093,1,92.11,Critical,92.11,Immediate,enterprise,monthly,199.0,2388.0,171,2,1,self-serve,1194.0,199.0,6,1089
U012651,0.921012184505611,1,92.1,Critical,92.1,Immediate,professional,monthly,79.0,948.0,93,0,1,self-serve,316.0,79.0,4,1090
U014362,0.9210121359861279,1,92.1,Critical,92.1,Immediate,starter,annual,29.0,348.0,226,2,0,partner,261.0,29.0,9,1091
U018395,0.9209989897557191,1,92.1,Critical,92.1,Immediate,professional,monthly,79.0,948.0,62,3,0,self-serve,237.0,79.0,3,1092
U008852,0.9209381986461934,1,92.09,Critical,92.09,Immediate,professional,annual,79.0,948.0,381,2,0,partner,1106.0,79.0,14,1093
U002902,0.9208343400902491,1,92.08,Critical,92.08,Immediate,starter,monthly,29.0,348.0,199,2,1,sales-assisted,203.0,29.0,7,1094
U019257,0.9207593516154162,1,92.08,Critical,92.08,Immediate,professional,monthly,79.0,948.0,92,1,1,self-serve,316.0,79.0,4,1095
U010660,0.9206912367450037,1,92.07,Critical,92.07,Immediate,starter,annual,29.0,348.0,135,0,1,sales-assisted,145.0,29.0,5,1096
U029583,0.9206546204638805,1,92.07,Critical,92.07,Immediate,professional,annual,79.0,948.0,147,2,0,sales-assisted,474.0,79.0,6,1097
U025655,0.9205924642753128,1,92.06,Critical,92.06,Immediate,professional,monthly,79.0,948.0,95,2,0,self-serve,316.0,79.0,4,1098
U014323,0.9205596664476767,1,92.06,Critical,92.06,Immediate,professional,annual,79.0,948.0,163,1,0,sales-assisted,474.0,79.0,6,1099
U011261,0.9205547006984833,1,92.06,Critical,92.06,Immediate,starter,monthly,29.0,348.0,66,1,0,self-serve,87.0,29.0,3,1100
U014456,0.9205547006984833,1,92.06,Critical,92.06,Immediate,starter,monthly,29.0,348.0,66,1,0,self-serve,87.0,29.0,3,1101
U003867,0.9201987679827649,1,92.02,Critical,92.02,Immediate,professional,monthly,79.0,948.0,67,1,1,sales-assisted,316.0,79.0,4,1102
U029412,0.9201437943396548,1,92.01,Critical,92.01,Immediate,professional,monthly,79.0,948.0,143,1,1,self-serve,474.0,79.0,6,1103
U013285,0.9201267662666645,1,92.01,Critical,92.01,Immediate,enterprise,monthly,199.0,2388.0,179,1,1,self-serve,1393.0,199.0,7,1104
U025182,0.9200700661795497,1,92.01,Critical,92.01,Immediate,enterprise,monthly,199.0,2388.0,183,1,0,self-serve,1393.0,199.0,7,1105
U014677,0.9199549995488153,1,92.0,Critical,92.0,Immediate,starter,monthly,29.0,348.0,208,1,0,sales-assisted,232.0,29.0,8,1106
U029749,0.9197337823395602,1,91.97,Critical,91.97,Immediate,starter,monthly,29.0,348.0,46,0,0,self-serve,87.0,29.0,3,1107
U003129,0.9196811988071882,1,91.97,Critical,91.97,Immediate,starter,annual,29.0,348.0,245,1,0,self-serve,261.0,29.0,9,1108
U005042,0.9195427469478822,1,91.95,Critical,91.95,Immediate,starter,annual,29.0,348.0,88,1,0,partner,116.0,29.0,4,1109
U003513,0.9195282562170067,1,91.95,Critical,91.95,Immediate,professional,monthly,79.0,948.0,133,0,2,self-serve,474.0,79.0,6,1110
U017155,0.9195024143515411,1,91.95,Critical,91.95,Immediate,professional,monthly,79.0,948.0,58,1,0,partner,237.0,79.0,3,1111
U002098,0.919480191023448,1,91.95,Critical,91.95,Immediate,professional,monthly,79.0,948.0,121,1,1,sales-assisted,395.0,79.0,5,1112
U017662,0.9193999534656191,1,91.94,Critical,91.94,Immediate,professional,annual,79.0,948.0,92,0,2,partner,316.0,79.0,4,1113
U006071,0.9192899112269877,1,91.93,Critical,91.93,Immediate,starter,monthly,29.0,348.0,100,2,1,sales-assisted,116.0,29.0,4,1114
U018193,0.9189956269241774,1,91.9,Critical,91.9,Immediate,professional,monthly,79.0,948.0,167,0,1,sales-assisted,553.0,79.0,7,1115
U028639,0.9189344741678258,1,91.89,Critical,91.89,Immediate,enterprise,monthly,199.0,2388.0,103,0,0,self-serve,796.0,199.0,4,1116
U024758,0.918681990945777,1,91.87,Critical,91.87,Immediate,enterprise,monthly,199.0,2388.0,99,0,0,self-serve,796.0,199.0,4,1117
U012124,0.9186192392881564,1,91.86,Critical,91.86,Immediate,enterprise,monthly,199.0,2388.0,152,2,0,self-serve,1194.0,199.0,6,1118
U015121,0.9184899958510219,1,91.85,Critical,91.85,Immediate,starter,monthly,29.0,348.0,190,0,1,partner,232.0,29.0,8,1119
U013826,0.9183033010260412,1,91.83,Critical,91.83,Immediate,professional,monthly,79.0,948.0,125,0,1,self-serve,395.0,79.0,5,1120
U028313,0.9182101762266922,1,91.82,Critical,91.82,Immediate,starter,monthly,29.0,348.0,83,1,1,self-serve,87.0,29.0,3,1121
U015625,0.9182101762266922,1,91.82,Critical,91.82,Immediate,starter,monthly,29.0,348.0,83,1,1,self-serve,87.0,29.0,3,1122
U005813,0.9180412604151947,1,91.8,Critical,91.8,Immediate,professional,annual,79.0,948.0,331,0,2,self-serve,948.0,79.0,12,1123
U028932,0.9180024011485959,1,91.8,Critical,91.8,Immediate,starter,monthly,29.0,348.0,71,2,0,sales-assisted,116.0,29.0,4,1124
U012273,0.9177274612559975,1,91.77,Critical,91.77,Immediate,starter,monthly,29.0,348.0,159,2,0,sales-assisted,174.0,29.0,6,1125
U016277,0.917705705654196,1,91.77,Critical,91.77,Immediate,professional,annual,79.0,948.0,314,0,0,self-serve,948.0,79.0,12,1126
U022077,0.9177038501661094,1,91.77,Critical,91.77,Immediate,professional,monthly,79.0,948.0,514,0,0,self-serve,1422.0,79.0,18,1127
U027991,0.9176700338566873,1,91.77,Critical,91.77,Immediate,starter,monthly,29.0,348.0,151,0,0,self-serve,174.0,29.0,6,1128
U027532,0.9176070215745081,1,91.76,Critical,91.76,Immediate,starter,annual,29.0,348.0,183,1,0,self-serve,203.0,29.0,7,1129
U008065,0.9176070215745081,1,91.76,Critical,91.76,Immediate,starter,annual,29.0,348.0,183,1,0,self-serve,203.0,29.0,7,1130
U025910,0.9175393297650415,1,91.75,Critical,91.75,Immediate,professional,monthly,79.0,948.0,186,3,0,sales-assisted,553.0,79.0,7,1131
U018776,0.9174931106946849,1,91.75,Critical,91.75,Immediate,starter,monthly,29.0,348.0,198,0,1,partner,203.0,29.0,7,1132
U010832,0.9174709597826132,1,91.75,Critical,91.75,Immediate,starter,monthly,29.0,348.0,152,0,0,self-serve,174.0,29.0,6,1133
U006340,0.9174623752699117,1,91.75,Critical,91.75,Immediate,enterprise,annual,199.0,2388.0,176,1,0,sales-assisted,1393.0,199.0,7,1134
U008327,0.9172959035618836,1,91.73,Critical,91.73,Immediate,enterprise,annual,199.0,2388.0,184,0,0,sales-assisted,1393.0,199.0,7,1135
U004954,0.9171840218756152,1,91.72,Critical,91.72,Immediate,starter,annual,29.0,348.0,243,0,0,self-serve,261.0,29.0,9,1136
U014117,0.9171784156172685,1,91.72,Critical,91.72,Immediate,professional,monthly,79.0,948.0,113,1,0,sales-assisted,316.0,79.0,4,1137
U011788,0.9170902475996606,1,91.71,Critical,91.71,Immediate,professional,monthly,79.0,948.0,93,0,0,self-serve,316.0,79.0,4,1138
U017306,0.9170437838397502,1,91.7,Critical,91.7,Immediate,starter,annual,29.0,348.0,112,3,0,sales-assisted,145.0,29.0,5,1139
U011059,0.9169133426973428,1,91.69,Critical,91.69,Immediate,starter,monthly,29.0,348.0,333,1,0,self-serve,348.0,29.0,12,1140
U008726,0.9169057224583423,1,91.69,Critical,91.69,Immediate,professional,monthly,79.0,948.0,181,2,0,sales-assisted,553.0,79.0,7,1141
U000117,0.9168697537072225,1,91.69,Critical,91.69,Immediate,starter,monthly,29.0,348.0,206,1,1,sales-assisted,203.0,29.0,7,1142
U004985,0.9168659031167152,1,91.69,Critical,91.69,Immediate,professional,annual,79.0,948.0,94,0,0,self-serve,395.0,79.0,5,1143
U015972,0.9167994935821567,1,91.68,Critical,91.68,Immediate,professional,monthly,79.0,948.0,241,0,0,partner,711.0,79.0,9,1144
U029371,0.9167387193226866,1,91.67,Critical,91.67,Immediate,starter,annual,29.0,348.0,186,2,0,sales-assisted,203.0,29.0,7,1145
U027572,0.916690904860529,1,91.67,Critical,91.67,Immediate,starter,monthly,29.0,348.0,259,1,0,sales-assisted,290.0,29.0,10,1146
U022257,0.9166517126397652,1,91.67,Critical,91.67,Immediate,professional,monthly,79.0,948.0,49,2,0,self-serve,237.0,79.0,3,1147
U010531,0.9166245110400515,1,91.66,Critical,91.66,Immediate,professional,annual,79.0,948.0,261,1,1,self-serve,790.0,79.0,10,1148
U026785,0.916326940102281,1,91.63,Critical,91.63,Immediate,starter,annual,29.0,348.0,253,2,1,self-serve,290.0,29.0,10,1149
U009831,0.9163134547742394,1,91.63,Critical,91.63,Immediate,starter,annual,29.0,348.0,179,3,0,self-serve,174.0,29.0,6,1150
U023527,0.9162322334340823,1,91.62,Critical,91.62,Immediate,professional,monthly,79.0,948.0,156,1,0,self-serve,474.0,79.0,6,1151
U000466,0.9162322334340823,1,91.62,Critical,91.62,Immediate,professional,monthly,79.0,948.0,156,1,0,self-serve,474.0,79.0,6,1152
U010092,0.9161890290927939,1,91.62,Critical,91.62,Immediate,starter,monthly,29.0,348.0,131,2,0,sales-assisted,145.0,29.0,5,1153
U011070,0.9161565826629268,1,91.62,Critical,91.62,Immediate,starter,annual,29.0,348.0,161,0,0,self-serve,174.0,29.0,6,1154
U006725,0.9161490749762722,1,91.61,Critical,91.61,Immediate,professional,monthly,79.0,948.0,509,0,0,self-serve,1422.0,79.0,18,1155
U022898,0.9161278443001399,1,91.61,Critical,91.61,Immediate,starter,annual,29.0,348.0,272,0,0,sales-assisted,290.0,29.0,10,1156
U008424,0.9161218819507493,1,91.61,Critical,91.61,Immediate,professional,annual,79.0,948.0,159,1,0,sales-assisted,474.0,79.0,6,1157
U013762,0.9159870088376583,1,91.6,Critical,91.6,Immediate,professional,annual,79.0,948.0,175,0,0,self-serve,553.0,79.0,7,1158
U025797,0.9159352960391416,1,91.59,Critical,91.59,Immediate,starter,annual,29.0,348.0,29,0,1,sales-assisted,58.0,29.0,2,1159
U020488,0.9158494431574519,1,91.58,Critical,91.58,Immediate,professional,annual,79.0,948.0,182,0,0,self-serve,553.0,79.0,7,1160
U023188,0.9158494431574519,1,91.58,Critical,91.58,Immediate,professional,annual,79.0,948.0,182,0,0,self-serve,553.0,79.0,7,1161
U011367,0.9158432723809401,1,91.58,Critical,91.58,Immediate,starter,monthly,29.0,348.0,266,0,2,partner,290.0,29.0,10,1162
U010466,0.9156196829734049,1,91.56,Critical,91.56,Immediate,professional,monthly,79.0,948.0,79,1,0,self-serve,316.0,79.0,4,1163
U009179,0.9155755429863679,1,91.56,Critical,91.56,Immediate,starter,monthly,29.0,348.0,243,1,0,partner,261.0,29.0,9,1164
U023639,0.9153915339630726,1,91.54,Critical,91.54,Immediate,starter,monthly,29.0,348.0,263,1,1,partner,261.0,29.0,9,1165
U002247,0.9153623348755785,1,91.54,Critical,91.54,Immediate,professional,annual,79.0,948.0,182,0,0,self-serve,553.0,79.0,7,1166
U015498,0.9153245303392117,1,91.53,Critical,91.53,Immediate,starter,monthly,29.0,348.0,276,2,1,self-serve,290.0,29.0,10,1167
U029426,0.9151626993116758,1,91.52,Critical,91.52,Immediate,starter,monthly,29.0,348.0,144,1,0,self-serve,145.0,29.0,5,1168
U025868,0.9151626993116758,1,91.52,Critical,91.52,Immediate,starter,monthly,29.0,348.0,144,1,0,self-serve,145.0,29.0,5,1169
U027892,0.9151216471057902,1,91.51,Critical,91.51,Immediate,professional,monthly,79.0,948.0,151,2,0,self-serve,474.0,79.0,6,1170
U006683,0.9150263064404108,1,91.5,Critical,91.5,Immediate,starter,monthly,29.0,348.0,68,1,1,self-serve,87.0,29.0,3,1171
U005810,0.915021057371996,1,91.5,Critical,91.5,Immediate,starter,monthly,29.0,348.0,51,2,1,self-serve,87.0,29.0,3,1172
U000671,0.9149192164220606,1,91.49,Critical,91.49,Immediate,starter,annual,29.0,348.0,179,1,0,sales-assisted,203.0,29.0,7,1173
U013750,0.9149148591230081,1,91.49,Critical,91.49,Immediate,professional,annual,79.0,948.0,112,1,0,self-serve,316.0,79.0,4,1174
U013263,0.9148851555366921,1,91.49,Critical,91.49,Immediate,starter,annual,29.0,348.0,57,0,1,self-serve,87.0,29.0,3,1175
U021681,0.9148546980186395,1,91.49,Critical,91.49,Immediate,starter,monthly,29.0,348.0,346,1,0,self-serve,348.0,29.0,12,1176
U001437,0.9147622179516729,1,91.48,Critical,91.48,Immediate,enterprise,annual,199.0,2388.0,105,1,1,self-serve,995.0,199.0,5,1177
U017771,0.9147258071741882,1,91.47,Critical,91.47,Immediate,starter,annual,29.0,348.0,247,0,0,self-serve,261.0,29.0,9,1178
U008734,0.9147230878687361,1,91.47,Critical,91.47,Immediate,starter,monthly,29.0,348.0,234,4,1,sales-assisted,232.0,29.0,8,1179
U028238,0.9147099951412563,1,91.47,Critical,91.47,Immediate,professional,annual,79.0,948.0,198,0,0,self-serve,553.0,79.0,7,1180
U022296,0.9146286407422395,1,91.46,Critical,91.46,Immediate,starter,annual,29.0,348.0,288,1,1,self-serve,319.0,29.0,11,1181
U002567,0.9146257746270741,1,91.46,Critical,91.46,Immediate,starter,monthly,29.0,348.0,106,0,0,partner,116.0,29.0,4,1182
U027056,0.9146209619653182,1,91.46,Critical,91.46,Immediate,professional,monthly,79.0,948.0,190,0,0,self-serve,553.0,79.0,7,1183
U028423,0.9146209619653182,1,91.46,Critical,91.46,Immediate,professional,monthly,79.0,948.0,190,0,0,self-serve,553.0,79.0,7,1184
U000374,0.9146037323713557,1,91.46,Critical,91.46,Immediate,professional,monthly,79.0,948.0,188,0,1,sales-assisted,553.0,79.0,7,1185
U015266,0.9144902718549818,1,91.45,Critical,91.45,Immediate,professional,monthly,79.0,948.0,48,0,0,partner,158.0,79.0,2,1186
U008614,0.9144491596608304,1,91.44,Critical,91.44,Immediate,starter,monthly,29.0,348.0,40,1,1,partner,58.0,29.0,2,1187
U004664,0.9143541954269246,1,91.44,Critical,91.44,Immediate,starter,monthly,29.0,348.0,296,4,0,sales-assisted,319.0,29.0,11,1188
U001002,0.9139473794783283,1,91.39,Critical,91.39,Immediate,enterprise,monthly,199.0,2388.0,274,0,0,sales-assisted,1990.0,199.0,10,1189
U002892,0.9138169416934425,1,91.38,Critical,91.38,Immediate,starter,monthly,29.0,348.0,278,2,1,sales-assisted,290.0,29.0,10,1190
U027635,0.913801854159975,1,91.38,Critical,91.38,Immediate,starter,monthly,29.0,348.0,251,1,0,sales-assisted,261.0,29.0,9,1191
U009456,0.9137947609994147,1,91.38,Critical,91.38,Immediate,starter,monthly,29.0,348.0,212,1,1,sales-assisted,232.0,29.0,8,1192
U015991,0.9133604347470727,1,91.34,Critical,91.34,Immediate,professional,monthly,79.0,948.0,94,0,0,self-serve,316.0,79.0,4,1193
U024473,0.9133604347470727,1,91.34,Critical,91.34,Immediate,professional,monthly,79.0,948.0,94,0,0,self-serve,316.0,79.0,4,1194
U017679,0.9133604347470727,1,91.34,Critical,91.34,Immediate,professional,monthly,79.0,948.0,94,0,0,self-serve,316.0,79.0,4,1195
U018999,0.9133604347470727,1,91.34,Critical,91.34,Immediate,professional,monthly,79.0,948.0,94,0,0,self-serve,316.0,79.0,4,1196
U018920,0.9131977109901492,1,91.32,Critical,91.32,Immediate,professional,monthly,79.0,948.0,264,1,1,self-serve,790.0,79.0,10,1197
U007437,0.9131921550063585,1,91.32,Critical,91.32,Immediate,professional,monthly,79.0,948.0,250,1,3,partner,711.0,79.0,9,1198
U012509,0.9131044408801868,1,91.31,Critical,91.31,Immediate,professional,monthly,79.0,948.0,329,0,2,self-serve,869.0,79.0,11,1199
U024444,0.9131044408801868,1,91.31,Critical,91.31,Immediate,professional,monthly,79.0,948.0,329,0,2,self-serve,869.0,79.0,11,1200
U026392,0.9131020094201036,1,91.31,Critical,91.31,Immediate,starter,monthly,29.0,348.0,143,1,0,self-serve,145.0,29.0,5,1201
U024076,0.9129474358182862,1,91.29,Critical,91.29,Immediate,starter,annual,29.0,348.0,95,0,0,self-serve,116.0,29.0,4,1202
U025318,0.9128830642962097,1,91.29,Critical,91.29,Immediate,professional,monthly,79.0,948.0,137,2,1,self-serve,474.0,79.0,6,1203
U023590,0.9128735086383,1,91.29,Critical,91.29,Immediate,starter,annual,29.0,348.0,99,2,0,sales-assisted,116.0,29.0,4,1204
U017825,0.9128677912332771,1,91.29,Critical,91.29,Immediate,starter,annual,29.0,348.0,219,1,0,self-serve,232.0,29.0,8,1205
U003395,0.9125787557552385,1,91.26,Critical,91.26,Immediate,starter,monthly,29.0,348.0,121,4,0,self-serve,145.0,29.0,5,1206
U014892,0.9125550055557877,1,91.26,Critical,91.26,Immediate,professional,monthly,79.0,948.0,127,0,0,sales-assisted,395.0,79.0,5,1207
U022862,0.9125327909185635,1,91.25,Critical,91.25,Immediate,starter,monthly,29.0,348.0,171,1,1,self-serve,174.0,29.0,6,1208
U026931,0.9125239252173005,1,91.25,Critical,91.25,Immediate,starter,monthly,29.0,348.0,265,0,0,self-serve,290.0,29.0,10,1209
U014667,0.9125054812404172,1,91.25,Critical,91.25,Immediate,enterprise,monthly,199.0,2388.0,266,1,1,partner,1990.0,199.0,10,1210
U027118,0.9124844939374501,1,91.25,Critical,91.25,Immediate,starter,monthly,29.0,348.0,134,0,1,sales-assisted,145.0,29.0,5,1211
U006224,0.9124774491398981,1,91.25,Critical,91.25,Immediate,professional,monthly,79.0,948.0,251,3,0,sales-assisted,711.0,79.0,9,1212
U015954,0.9123986367377575,1,91.24,Critical,91.24,Immediate,starter,monthly,29.0,348.0,54,0,0,sales-assisted,58.0,29.0,2,1213
U015351,0.9123986367377575,1,91.24,Critical,91.24,Immediate,starter,monthly,29.0,348.0,54,0,0,sales-assisted,58.0,29.0,2,1214
U001562,0.9123986367377575,1,91.24,Critical,91.24,Immediate,starter,monthly,29.0,348.0,54,0,0,sales-assisted,58.0,29.0,2,1215
U001083,0.9123403005131278,1,91.23,Critical,91.23,Immediate,starter,annual,29.0,348.0,190,1,0,self-serve,203.0,29.0,7,1216
U028492,0.9119236175530949,1,91.19,Critical,91.19,Immediate,enterprise,monthly,199.0,2388.0,192,1,1,sales-assisted,1592.0,199.0,8,1217
U007282,0.91190571495422,1,91.19,Critical,91.19,Immediate,professional,monthly,79.0,948.0,139,3,1,sales-assisted,474.0,79.0,6,1218
U024234,0.9118972643823758,1,91.19,Critical,91.19,Immediate,starter,monthly,29.0,348.0,103,0,0,self-serve,116.0,29.0,4,1219
U022873,0.9118972643823758,1,91.19,Critical,91.19,Immediate,starter,monthly,29.0,348.0,103,0,0,self-serve,116.0,29.0,4,1220
U005077,0.9117220070118871,1,91.17,Critical,91.17,Immediate,professional,monthly,79.0,948.0,140,1,0,partner,395.0,79.0,5,1221
U005603,0.9116658363035562,1,91.17,Critical,91.17,Immediate,starter,monthly,29.0,348.0,209,0,0,partner,203.0,29.0,7,1222
U024003,0.9115777815253971,1,91.16,Critical,91.16,Immediate,enterprise,monthly,199.0,2388.0,191,1,0,self-serve,1393.0,199.0,7,1223
U001602,0.9114771241809553,1,91.15,Critical,91.15,Immediate,starter,monthly,29.0,348.0,96,1,0,self-serve,116.0,29.0,4,1224
U022790,0.9114771241809553,1,91.15,Critical,91.15,Immediate,starter,monthly,29.0,348.0,96,1,0,self-serve,116.0,29.0,4,1225
U010520,0.9114763042297168,1,91.15,Critical,91.15,Immediate,professional,monthly,79.0,948.0,145,4,0,self-serve,474.0,79.0,6,1226
U023934,0.9114466894967757,1,91.14,Critical,91.14,Immediate,starter,monthly,29.0,348.0,73,0,0,self-serve,87.0,29.0,3,1227
U000604,0.9114389345389945,1,91.14,Critical,91.14,Immediate,starter,monthly,29.0,348.0,166,1,0,self-serve,174.0,29.0,6,1228
U024592,0.9114389345389945,1,91.14,Critical,91.14,Immediate,starter,monthly,29.0,348.0,166,1,0,self-serve,174.0,29.0,6,1229
U021859,0.9114025134045408,1,91.14,Critical,91.14,Immediate,professional,monthly,79.0,948.0,101,0,0,sales-assisted,316.0,79.0,4,1230
U008238,0.9113734149731494,1,91.14,Critical,91.14,Immediate,professional,annual,79.0,948.0,324,0,0,sales-assisted,948.0,79.0,12,1231
U019163,0.9112976642922332,1,91.13,Critical,91.13,Immediate,enterprise,monthly,199.0,2388.0,102,2,2,self-serve,796.0,199.0,4,1232
U024838,0.9112784266073476,1,91.13,Critical,91.13,Immediate,starter,monthly,29.0,348.0,168,1,0,sales-assisted,174.0,29.0,6,1233
U002775,0.9112680034575494,1,91.13,Critical,91.13,Immediate,professional,monthly,79.0,948.0,78,0,2,self-serve,316.0,79.0,4,1234
U012387,0.911233551966603,1,91.12,Critical,91.12,Immediate,starter,monthly,29.0,348.0,252,1,0,sales-assisted,261.0,29.0,9,1235
U011041,0.9111741619443195,1,91.12,Critical,91.12,Immediate,starter,monthly,29.0,348.0,193,0,0,self-serve,203.0,29.0,7,1236
U019252,0.9111561992385894,1,91.12,Critical,91.12,Immediate,professional,annual,79.0,948.0,161,2,0,self-serve,474.0,79.0,6,1237
U006790,0.9111561992385894,1,91.12,Critical,91.12,Immediate,professional,annual,79.0,948.0,161,2,0,self-serve,474.0,79.0,6,1238
U024221,0.9111134579702856,1,91.11,Critical,91.11,Immediate,starter,monthly,29.0,348.0,378,2,0,self-serve,406.0,29.0,14,1239
U025068,0.9110244984789866,1,91.1,Critical,91.1,Immediate,starter,monthly,29.0,348.0,222,1,1,partner,232.0,29.0,8,1240
U012660,0.9108889752004294,1,91.09,Critical,91.09,Immediate,starter,annual,29.0,348.0,222,0,1,self-serve,232.0,29.0,8,1241
U027167,0.9107664938683062,1,91.08,Critical,91.08,Immediate,starter,monthly,29.0,348.0,33,2,0,self-serve,58.0,29.0,2,1242
U013741,0.9106445271000505,1,91.06,Critical,91.06,Immediate,professional,annual,79.0,948.0,223,1,0,partner,711.0,79.0,9,1243
U028254,0.9106253303017918,1,91.06,Critical,91.06,Immediate,professional,monthly,79.0,948.0,382,1,0,self-serve,1106.0,79.0,14,1244
U020934,0.910537819432199,1,91.05,Critical,91.05,Immediate,starter,annual,29.0,348.0,229,0,1,self-serve,261.0,29.0,9,1245
U021644,0.9104350995656,1,91.04,Critical,91.04,Immediate,professional,monthly,79.0,948.0,58,1,0,sales-assisted,158.0,79.0,2,1246
U013651,0.9104242838235937,1,91.04,Critical,91.04,Immediate,professional,monthly,79.0,948.0,220,2,0,self-serve,632.0,79.0,8,1247
U019123,0.9103141816063991,1,91.03,Critical,91.03,Immediate,starter,annual,29.0,348.0,367,0,0,partner,377.0,29.0,13,1248
U025383,0.910181971062386,1,91.02,Critical,91.02,Immediate,starter,monthly,29.0,348.0,172,2,2,self-serve,174.0,29.0,6,1249
U024470,0.9101589805467188,1,91.02,Critical,91.02,Immediate,starter,monthly,29.0,348.0,280,0,0,self-serve,319.0,29.0,11,1250
U021041,0.9100530021973043,1,91.01,Critical,91.01,Immediate,enterprise,monthly,199.0,2388.0,193,4,2,self-serve,1393.0,199.0,7,1251
U007809,0.9099728234067025,1,91.0,Critical,91.0,Immediate,starter,annual,29.0,348.0,102,1,0,sales-assisted,116.0,29.0,4,1252
U019084,0.9099728234067025,1,91.0,Critical,91.0,Immediate,starter,annual,29.0,348.0,102,1,0,sales-assisted,116.0,29.0,4,1253
U027662,0.9099707439110423,1,91.0,Critical,91.0,Immediate,starter,annual,29.0,348.0,88,0,1,self-serve,87.0,29.0,3,1254
U013995,0.9099274381588294,1,90.99,Critical,90.99,Immediate,enterprise,monthly,199.0,2388.0,180,0,0,self-serve,1393.0,199.0,7,1255
U028957,0.9098166939088763,1,90.98,Critical,90.98,Immediate,starter,monthly,29.0,348.0,300,1,0,partner,319.0,29.0,11,1256
U017942,0.9097495861382185,1,90.97,Critical,90.97,Immediate,professional,annual,79.0,948.0,74,0,0,self-serve,237.0,79.0,3,1257
U014925,0.9097282957571207,1,90.97,Critical,90.97,Immediate,starter,monthly,29.0,348.0,263,1,0,sales-assisted,261.0,29.0,9,1258
U019670,0.9096867356278951,1,90.97,Critical,90.97,Immediate,starter,annual,29.0,348.0,247,1,0,self-serve,261.0,29.0,9,1259
U019363,0.909670801319474,1,90.97,Critical,90.97,Immediate,starter,monthly,29.0,348.0,97,1,0,sales-assisted,116.0,29.0,4,1260
U029669,0.9096303277269878,1,90.96,Critical,90.96,Immediate,professional,monthly,79.0,948.0,43,0,2,self-serve,237.0,79.0,3,1261
U004182,0.9094327569848942,1,90.94,Critical,90.94,Immediate,starter,monthly,29.0,348.0,215,0,0,self-serve,232.0,29.0,8,1262
U003375,0.9094327569848942,1,90.94,Critical,90.94,Immediate,starter,monthly,29.0,348.0,215,0,0,self-serve,232.0,29.0,8,1263
U006924,0.9094107265664461,1,90.94,Critical,90.94,Immediate,starter,monthly,29.0,348.0,257,0,1,partner,261.0,29.0,9,1264
U024597,0.9094022732773906,1,90.94,Critical,90.94,Immediate,enterprise,monthly,199.0,2388.0,56,0,0,sales-assisted,597.0,199.0,3,1265
U010259,0.909243868455496,1,90.92,Critical,90.92,Immediate,starter,monthly,29.0,348.0,282,2,0,self-serve,319.0,29.0,11,1266
U023399,0.909187857977509,1,90.92,Critical,90.92,Immediate,starter,monthly,29.0,348.0,188,0,1,sales-assisted,203.0,29.0,7,1267
U014310,0.9091658084370395,1,90.92,Critical,90.92,Immediate,starter,monthly,29.0,348.0,350,0,0,self-serve,377.0,29.0,13,1268
U015027,0.9091198308486573,1,90.91,Critical,90.91,Immediate,starter,monthly,29.0,348.0,53,0,0,sales-assisted,58.0,29.0,2,1269
U000831,0.9090194304983669,1,90.9,Critical,90.9,Immediate,professional,monthly,79.0,948.0,276,1,0,self-serve,869.0,79.0,11,1270
U017614,0.9090024940612798,1,90.9,Critical,90.9,Immediate,starter,annual,29.0,348.0,323,0,0,self-serve,348.0,29.0,12,1271
U026615,0.9089575817946401,1,90.9,Critical,90.9,Immediate,enterprise,monthly,199.0,2388.0,198,1,0,sales-assisted,1592.0,199.0,8,1272
U000281,0.9088072917867369,1,90.88,Critical,90.88,Immediate,professional,monthly,79.0,948.0,250,1,2,sales-assisted,711.0,79.0,9,1273
U020221,0.9087379267786146,1,90.87,Critical,90.87,Immediate,starter,monthly,29.0,348.0,356,2,0,sales-assisted,377.0,29.0,13,1274
U000979,0.9087078276056707,1,90.87,Critical,90.87,Immediate,professional,monthly,79.0,948.0,103,2,0,self-serve,316.0,79.0,4,1275
U023239,0.9085444228450185,1,90.85,Critical,90.85,Immediate,starter,monthly,29.0,348.0,202,3,0,sales-assisted,232.0,29.0,8,1276
U018791,0.9085335623354903,1,90.85,Critical,90.85,Immediate,starter,annual,29.0,348.0,399,2,0,sales-assisted,406.0,29.0,14,1277
U027158,0.9084203441408915,1,90.84,Critical,90.84,Immediate,professional,annual,79.0,948.0,183,3,0,partner,553.0,79.0,7,1278
U028963,0.9083810033503179,1,90.84,Critical,90.84,Immediate,starter,monthly,29.0,348.0,56,2,0,sales-assisted,87.0,29.0,3,1279
U021151,0.9083591914510042,1,90.84,Critical,90.84,Immediate,enterprise,annual,199.0,2388.0,137,1,2,self-serve,1194.0,199.0,6,1280
U002758,0.9081517063668232,1,90.82,Critical,90.82,Immediate,professional,monthly,79.0,948.0,187,0,0,self-serve,553.0,79.0,7,1281
U005823,0.9081477881200197,1,90.81,Critical,90.81,Immediate,starter,monthly,29.0,348.0,248,1,0,self-serve,261.0,29.0,9,1282
U000732,0.9078478859119357,1,90.78,Critical,90.78,Immediate,professional,monthly,79.0,948.0,170,0,2,self-serve,553.0,79.0,7,1283
U020824,0.9074238443846292,1,90.74,Critical,90.74,Immediate,starter,annual,29.0,348.0,177,3,0,self-serve,174.0,29.0,6,1284
U009420,0.9072483085892143,1,90.72,Critical,90.72,Immediate,professional,monthly,79.0,948.0,56,0,1,self-serve,237.0,79.0,3,1285
U028096,0.9072031090896483,1,90.72,Critical,90.72,Immediate,enterprise,monthly,199.0,2388.0,130,1,0,self-serve,1194.0,199.0,6,1286
U028721,0.9070238309218573,1,90.7,Critical,90.7,Immediate,starter,annual,29.0,348.0,171,2,0,self-serve,203.0,29.0,7,1287
U008227,0.9070220103431325,1,90.7,Critical,90.7,Immediate,starter,monthly,29.0,348.0,74,2,0,sales-assisted,87.0,29.0,3,1288
U020921,0.9070220103431325,1,90.7,Critical,90.7,Immediate,starter,monthly,29.0,348.0,74,2,0,sales-assisted,87.0,29.0,3,1289
U002160,0.9065664574773297,1,90.66,Critical,90.66,Immediate,professional,annual,79.0,948.0,84,0,1,self-serve,316.0,79.0,4,1290
U017862,0.906563480689912,1,90.66,Critical,90.66,Immediate,starter,monthly,29.0,348.0,195,0,1,self-serve,203.0,29.0,7,1291
U000069,0.9064727250481542,1,90.65,Critical,90.65,Immediate,starter,monthly,29.0,348.0,169,2,1,self-serve,174.0,29.0,6,1292
U018651,0.9063663650668622,1,90.64,Critical,90.64,Immediate,professional,monthly,79.0,948.0,184,0,3,self-serve,553.0,79.0,7,1293
U013151,0.9063457323180366,1,90.63,Critical,90.63,Immediate,starter,annual,29.0,348.0,214,2,2,self-serve,232.0,29.0,8,1294
U027902,0.9062147503137811,1,90.62,Critical,90.62,Immediate,professional,monthly,79.0,948.0,324,0,0,self-serve,869.0,79.0,11,1295
U001139,0.9059858791999763,1,90.6,Critical,90.6,Immediate,starter,monthly,29.0,348.0,237,1,0,self-serve,261.0,29.0,9,1296
U009609,0.9057411072503055,1,90.57,Critical,90.57,Immediate,starter,monthly,29.0,348.0,104,0,1,self-serve,116.0,29.0,4,1297
U028766,0.9055947490452083,1,90.56,Critical,90.56,Immediate,starter,monthly,29.0,348.0,371,0,0,sales-assisted,406.0,29.0,14,1298
U015006,0.9055464026391693,1,90.55,Critical,90.55,Immediate,starter,monthly,29.0,348.0,41,1,1,self-serve,58.0,29.0,2,1299
U003647,0.9055464026391693,1,90.55,Critical,90.55,Immediate,starter,monthly,29.0,348.0,41,1,1,self-serve,58.0,29.0,2,1300
U017557,0.9054394500678588,1,90.54,Critical,90.54,Immediate,starter,monthly,29.0,348.0,133,1,1,self-serve,145.0,29.0,5,1301
U012731,0.9053994334515484,1,90.54,Critical,90.54,Immediate,professional,monthly,79.0,948.0,79,2,0,self-serve,237.0,79.0,3,1302
U018495,0.9053335337918802,1,90.53,Critical,90.53,Immediate,enterprise,annual,199.0,2388.0,147,1,1,partner,1194.0,199.0,6,1303
U027394,0.9053129178626621,1,90.53,Critical,90.53,Immediate,starter,annual,29.0,348.0,191,1,1,self-serve,203.0,29.0,7,1304
U008213,0.9052101451198714,1,90.52,Critical,90.52,Immediate,professional,monthly,79.0,948.0,140,2,0,sales-assisted,474.0,79.0,6,1305
U023744,0.9049465824767892,1,90.49,Critical,90.49,Immediate,starter,monthly,29.0,348.0,260,2,1,self-serve,261.0,29.0,9,1306
U026987,0.9048924009957936,1,90.49,Critical,90.49,Immediate,starter,monthly,29.0,348.0,227,1,1,sales-assisted,232.0,29.0,8,1307
U020260,0.9048868598803559,1,90.49,Critical,90.49,Immediate,starter,monthly,29.0,348.0,18,0,0,sales-assisted,29.0,29.0,1,1308
U001702,0.9047638282329935,1,90.48,Critical,90.48,Immediate,professional,monthly,79.0,948.0,220,0,2,partner,632.0,79.0,8,1309
U005804,0.9046775678650114,1,90.47,Critical,90.47,Immediate,starter,monthly,29.0,348.0,125,1,1,self-serve,145.0,29.0,5,1310
U023107,0.9046573205260372,1,90.47,Critical,90.47,Immediate,starter,monthly,29.0,348.0,220,0,0,sales-assisted,232.0,29.0,8,1311
U017673,0.9045230938668728,1,90.45,Critical,90.45,Immediate,starter,monthly,29.0,348.0,43,1,0,partner,58.0,29.0,2,1312
U007650,0.9045230938668728,1,90.45,Critical,90.45,Immediate,starter,monthly,29.0,348.0,43,1,0,partner,58.0,29.0,2,1313
U015155,0.9044472450111829,1,90.44,Critical,90.44,Immediate,professional,annual,79.0,948.0,322,2,0,self-serve,948.0,79.0,12,1314
U003451,0.9043526813157583,1,90.44,Critical,90.44,Immediate,starter,annual,29.0,348.0,27,0,0,sales-assisted,58.0,29.0,2,1315
U026614,0.9043266250207264,1,90.43,Critical,90.43,Immediate,starter,monthly,29.0,348.0,252,0,1,self-serve,290.0,29.0,10,1316
U000662,0.9042259255719254,1,90.42,Critical,90.42,Immediate,starter,monthly,29.0,348.0,317,4,0,self-serve,348.0,29.0,12,1317
U009172,0.9041444414038577,1,90.41,Critical,90.41,Immediate,professional,monthly,79.0,948.0,171,0,1,self-serve,553.0,79.0,7,1318
U014882,0.9040918258285093,1,90.41,Critical,90.41,Immediate,professional,monthly,79.0,948.0,60,2,0,partner,237.0,79.0,3,1319
U016504,0.9040664416459528,1,90.41,Critical,90.41,Immediate,starter,annual,29.0,348.0,94,1,0,self-serve,116.0,29.0,4,1320
U028331,0.9039663255200326,1,90.4,Critical,90.4,Immediate,professional,monthly,79.0,948.0,219,2,1,self-serve,632.0,79.0,8,1321
U005711,0.9039516379034424,1,90.4,Critical,90.4,Immediate,enterprise,monthly,199.0,2388.0,175,3,0,sales-assisted,1194.0,199.0,6,1322
U027895,0.9039454441185999,1,90.39,Critical,90.39,Immediate,starter,monthly,29.0,348.0,274,0,0,self-serve,290.0,29.0,10,1323
U022391,0.9039454441185999,1,90.39,Critical,90.39,Immediate,starter,monthly,29.0,348.0,274,0,0,self-serve,290.0,29.0,10,1324
U026399,0.9038833013489974,1,90.39,Critical,90.39,Immediate,professional,monthly,79.0,948.0,193,0,1,sales-assisted,553.0,79.0,7,1325
U007206,0.9038378382972966,1,90.38,Critical,90.38,Immediate,starter,monthly,29.0,348.0,89,3,1,sales-assisted,87.0,29.0,3,1326
U003311,0.903774410513416,1,90.38,Critical,90.38,Immediate,starter,annual,29.0,348.0,95,2,0,self-serve,116.0,29.0,4,1327
U012850,0.903774410513416,1,90.38,Critical,90.38,Immediate,starter,annual,29.0,348.0,95,2,0,self-serve,116.0,29.0,4,1328
U023995,0.9037433755494321,1,90.37,Critical,90.37,Immediate,starter,monthly,29.0,348.0,123,1,0,self-serve,145.0,29.0,5,1329
U012420,0.9036161651919319,1,90.36,Critical,90.36,Immediate,starter,monthly,29.0,348.0,66,2,1,partner,87.0,29.0,3,1330
U019316,0.9035128478484857,1,90.35,Critical,90.35,Immediate,starter,monthly,29.0,348.0,238,0,0,self-serve,232.0,29.0,8,1331
U006325,0.9035128478484857,1,90.35,Critical,90.35,Immediate,starter,monthly,29.0,348.0,238,0,0,self-serve,232.0,29.0,8,1332
U020085,0.9032652557580216,1,90.33,Critical,90.33,Immediate,starter,monthly,29.0,348.0,166,0,1,self-serve,174.0,29.0,6,1333
U025557,0.9032652557580216,1,90.33,Critical,90.33,Immediate,starter,monthly,29.0,348.0,166,0,1,self-serve,174.0,29.0,6,1334
U029354,0.9032551804996837,1,90.33,Critical,90.33,Immediate,starter,monthly,29.0,348.0,201,2,0,self-serve,232.0,29.0,8,1335
U024227,0.9031411627425545,1,90.31,Critical,90.31,Immediate,starter,monthly,29.0,348.0,233,3,0,self-serve,232.0,29.0,8,1336
U026878,0.9030881801349284,1,90.31,Critical,90.31,Immediate,starter,annual,29.0,348.0,223,0,1,self-serve,232.0,29.0,8,1337
U021697,0.9030875980657167,1,90.31,Critical,90.31,Immediate,professional,monthly,79.0,948.0,133,0,0,self-serve,395.0,79.0,5,1338
U000930,0.9030181912924229,1,90.3,Critical,90.3,Immediate,starter,monthly,29.0,348.0,192,2,0,sales-assisted,203.0,29.0,7,1339
U010648,0.9029432759574325,1,90.29,Critical,90.29,Immediate,starter,annual,29.0,348.0,74,3,1,sales-assisted,87.0,29.0,3,1340
U005475,0.9028671929813794,1,90.29,Critical,90.29,Immediate,starter,annual,29.0,348.0,32,0,0,self-serve,58.0,29.0,2,1341
U005039,0.9028671929813794,1,90.29,Critical,90.29,Immediate,starter,annual,29.0,348.0,32,0,0,self-serve,58.0,29.0,2,1342
U025824,0.9027364686820342,1,90.27,Critical,90.27,Immediate,professional,annual,79.0,948.0,122,1,0,sales-assisted,395.0,79.0,5,1343
U008541,0.9026727751658511,1,90.27,Critical,90.27,Immediate,starter,monthly,29.0,348.0,104,0,0,self-serve,116.0,29.0,4,1344
U019170,0.9026727751658511,1,90.27,Critical,90.27,Immediate,starter,monthly,29.0,348.0,104,0,0,self-serve,116.0,29.0,4,1345
U028686,0.9026339649222979,1,90.26,Critical,90.26,Immediate,professional,annual,79.0,948.0,138,0,2,sales-assisted,474.0,79.0,6,1346
U020192,0.9026182038192678,1,90.26,Critical,90.26,Immediate,starter,annual,29.0,348.0,328,0,0,self-serve,319.0,29.0,11,1347
U006519,0.9026096367917728,1,90.26,Critical,90.26,Immediate,professional,monthly,79.0,948.0,268,0,0,self-serve,790.0,79.0,10,1348
U015923,0.9025479676260657,1,90.25,Critical,90.25,Immediate,starter,monthly,29.0,348.0,154,1,0,self-serve,174.0,29.0,6,1349
U027790,0.9024662836077975,1,90.25,Critical,90.25,Immediate,enterprise,monthly,199.0,2388.0,196,2,0,self-serve,1393.0,199.0,7,1350
U024643,0.9022642855746379,1,90.23,Critical,90.23,Immediate,starter,monthly,29.0,348.0,128,2,0,sales-assisted,174.0,29.0,6,1351
U018787,0.9022513075791725,1,90.23,Critical,90.23,Immediate,starter,monthly,29.0,348.0,222,1,1,sales-assisted,232.0,29.0,8,1352
U026888,0.9022513075791725,1,90.23,Critical,90.23,Immediate,starter,monthly,29.0,348.0,222,1,1,sales-assisted,232.0,29.0,8,1353
U014284,0.9022374290122421,1,90.22,Critical,90.22,Immediate,professional,monthly,79.0,948.0,45,1,1,sales-assisted,237.0,79.0,3,1354
U005376,0.9021388261482114,1,90.21,Critical,90.21,Immediate,starter,annual,29.0,348.0,180,0,0,sales-assisted,203.0,29.0,7,1355
U024835,0.902138740052812,1,90.21,Critical,90.21,Immediate,professional,annual,79.0,948.0,128,0,1,self-serve,395.0,79.0,5,1356
U016937,0.9021262211119857,1,90.21,Critical,90.21,Immediate,starter,monthly,29.0,348.0,268,1,0,partner,290.0,29.0,10,1357
U022440,0.9019916685205958,1,90.2,Critical,90.2,Immediate,professional,monthly,79.0,948.0,94,2,0,self-serve,316.0,79.0,4,1358
U021358,0.9019612766948355,1,90.2,Critical,90.2,Immediate,professional,monthly,79.0,948.0,153,1,0,self-serve,474.0,79.0,6,1359
U020832,0.9019598004628775,1,90.2,Critical,90.2,Immediate,starter,monthly,29.0,348.0,107,3,0,self-serve,145.0,29.0,5,1360
U008703,0.9019257492902204,1,90.19,Critical,90.19,Immediate,professional,monthly,79.0,948.0,82,1,0,sales-assisted,316.0,79.0,4,1361
U010496,0.9018872097902001,1,90.19,Critical,90.19,Immediate,starter,monthly,29.0,348.0,309,0,0,self-serve,319.0,29.0,11,1362
U012074,0.9018031019303002,1,90.18,Critical,90.18,Immediate,starter,annual,29.0,348.0,332,1,0,partner,348.0,29.0,12,1363
U029760,0.9017181610619285,1,90.17,Critical,90.17,Immediate,professional,monthly,79.0,948.0,221,2,0,self-serve,632.0,79.0,8,1364
U023863,0.9017181610619285,1,90.17,Critical,90.17,Immediate,professional,monthly,79.0,948.0,221,2,0,self-serve,632.0,79.0,8,1365
U018086,0.9016942886308863,1,90.17,Critical,90.17,Immediate,starter,annual,29.0,348.0,132,0,0,self-serve,145.0,29.0,5,1366
U011326,0.9016694804142329,1,90.17,Critical,90.17,Immediate,professional,monthly,79.0,948.0,280,0,0,partner,790.0,79.0,10,1367
U008836,0.9016462969210329,1,90.16,Critical,90.16,Immediate,starter,monthly,29.0,348.0,154,1,1,self-serve,174.0,29.0,6,1368
U028754,0.9012836982465551,1,90.13,Critical,90.13,Immediate,professional,monthly,79.0,948.0,170,2,0,partner,474.0,79.0,6,1369
U017204,0.9009229085708175,1,90.09,Critical,90.09,Immediate,professional,annual,79.0,948.0,98,2,0,self-serve,316.0,79.0,4,1370
U026654,0.9009067580067144,1,90.09,Critical,90.09,Immediate,starter,monthly,29.0,348.0,285,2,1,self-serve,290.0,29.0,10,1371
U018550,0.9009013404086323,1,90.09,Critical,90.09,Immediate,starter,monthly,29.0,348.0,31,1,0,self-serve,58.0,29.0,2,1372
U012546,0.9008491337363478,1,90.08,Critical,90.08,Immediate,professional,annual,79.0,948.0,74,0,0,sales-assisted,237.0,79.0,3,1373
U014989,0.9007845074846937,1,90.08,Critical,90.08,Immediate,professional,monthly,79.0,948.0,195,3,1,self-serve,632.0,79.0,8,1374
U008116,0.9006921780190074,1,90.07,Critical,90.07,Immediate,starter,monthly,29.0,348.0,20,0,0,sales-assisted,29.0,29.0,1,1375
U026767,0.9006303493692305,1,90.06,Critical,90.06,Immediate,starter,monthly,29.0,348.0,229,2,1,self-serve,232.0,29.0,8,1376
U020454,0.9006142198172086,1,90.06,Critical,90.06,Immediate,starter,monthly,29.0,348.0,334,1,0,self-serve,348.0,29.0,12,1377
U008613,0.9006142198172086,1,90.06,Critical,90.06,Immediate,starter,monthly,29.0,348.0,334,1,0,self-serve,348.0,29.0,12,1378
U011670,0.9004892811670179,1,90.05,Critical,90.05,Immediate,starter,monthly,29.0,348.0,185,2,0,sales-assisted,203.0,29.0,7,1379
U019893,0.9004787921956436,1,90.05,Critical,90.05,Immediate,professional,monthly,79.0,948.0,102,1,0,sales-assisted,316.0,79.0,4,1380
U008851,0.9003187065993957,1,90.03,Critical,90.03,Immediate,starter,monthly,29.0,348.0,218,1,0,self-serve,232.0,29.0,8,1381
U021340,0.9002906198478057,1,90.03,Critical,90.03,Immediate,professional,monthly,79.0,948.0,69,1,0,partner,237.0,79.0,3,1382
U019343,0.9001915359024792,1,90.02,Critical,90.02,Immediate,starter,annual,29.0,348.0,295,0,1,self-serve,319.0,29.0,11,1383
U009214,0.9001513670207563,1,90.02,Critical,90.02,Immediate,professional,monthly,79.0,948.0,102,4,0,sales-assisted,316.0,79.0,4,1384
U026025,0.8999880779078774,1,90.0,Critical,90.0,Immediate,professional,monthly,79.0,948.0,64,2,0,self-serve,237.0,79.0,3,1385
U007879,0.8999175419798168,1,89.99,Critical,89.99,Immediate,enterprise,monthly,199.0,2388.0,32,2,0,sales-assisted,398.0,199.0,2,1386
U024657,0.8998762293562875,1,89.99,Critical,89.99,Immediate,starter,annual,29.0,348.0,185,3,0,self-serve,203.0,29.0,7,1387
U010873,0.8998761668216823,1,89.99,Critical,89.99,Immediate,professional,monthly,79.0,948.0,240,6,0,self-serve,711.0,79.0,9,1388
U001164,0.899854557811875,1,89.99,Critical,89.99,Immediate,starter,annual,29.0,348.0,65,0,0,self-serve,87.0,29.0,3,1389
U025305,0.8998378687812789,1,89.98,Critical,89.98,Immediate,starter,monthly,29.0,348.0,416,1,1,self-serve,435.0,29.0,15,1390
U017287,0.8998238480865859,1,89.98,Critical,89.98,Immediate,starter,monthly,29.0,348.0,82,1,1,partner,116.0,29.0,4,1391
U016551,0.8997418293916782,1,89.97,Critical,89.97,Immediate,starter,monthly,29.0,348.0,123,1,0,sales-assisted,145.0,29.0,5,1392
U022989,0.8997300160360485,1,89.97,Critical,89.97,Immediate,starter,monthly,29.0,348.0,239,0,0,self-serve,232.0,29.0,8,1393
U027712,0.8996212958993438,1,89.96,Critical,89.96,Immediate,starter,monthly,29.0,348.0,93,2,0,sales-assisted,116.0,29.0,4,1394
U020959,0.8995048118822253,1,89.95,Critical,89.95,Immediate,starter,monthly,29.0,348.0,229,2,2,sales-assisted,232.0,29.0,8,1395
U010580,0.8994957657022972,1,89.95,Critical,89.95,Immediate,starter,monthly,29.0,348.0,436,0,0,self-serve,435.0,29.0,15,1396
U006181,0.8994957657022972,1,89.95,Critical,89.95,Immediate,starter,monthly,29.0,348.0,436,0,0,self-serve,435.0,29.0,15,1397
U027013,0.8994957657022972,1,89.95,Critical,89.95,Immediate,starter,monthly,29.0,348.0,436,0,0,self-serve,435.0,29.0,15,1398
U012080,0.8994617032753869,1,89.95,Critical,89.95,Immediate,professional,monthly,79.0,948.0,109,1,1,sales-assisted,316.0,79.0,4,1399
U024365,0.8994364031856774,1,89.94,Critical,89.94,Immediate,starter,monthly,29.0,348.0,46,2,0,self-serve,87.0,29.0,3,1400
U000019,0.89936548926461,1,89.94,Critical,89.94,Immediate,starter,annual,29.0,348.0,30,1,1,self-serve,58.0,29.0,2,1401
U012134,0.89926877158468,1,89.93,Critical,89.93,Immediate,starter,monthly,29.0,348.0,132,3,0,self-serve,174.0,29.0,6,1402
U017694,0.8991983038762561,1,89.92,Critical,89.92,Immediate,starter,annual,29.0,348.0,303,1,0,self-serve,319.0,29.0,11,1403
U014154,0.8991384475549244,1,89.91,Critical,89.91,Immediate,starter,annual,29.0,348.0,232,0,0,self-serve,232.0,29.0,8,1404
U013338,0.8991185029309776,1,89.91,Critical,89.91,Immediate,starter,monthly,29.0,348.0,453,0,0,self-serve,464.0,29.0,16,1405
U008659,0.8990100020862184,1,89.9,Critical,89.9,Immediate,starter,annual,29.0,348.0,93,0,1,self-serve,116.0,29.0,4,1406
U028406,0.8989954882643957,1,89.9,Critical,89.9,Immediate,starter,annual,29.0,348.0,189,0,0,partner,203.0,29.0,7,1407
U028078,0.8989946305296822,1,89.9,Critical,89.9,Immediate,starter,monthly,29.0,348.0,435,0,0,partner,464.0,29.0,16,1408
U008742,0.8989648572164445,1,89.9,Critical,89.9,Immediate,professional,annual,79.0,948.0,125,0,1,self-serve,395.0,79.0,5,1409
U025888,0.8988828454417609,1,89.89,Critical,89.89,Immediate,starter,monthly,29.0,348.0,208,0,0,partner,203.0,29.0,7,1410
U003549,0.8987982170920613,1,89.88,Critical,89.88,Immediate,starter,annual,29.0,348.0,182,0,2,sales-assisted,203.0,29.0,7,1411
U009048,0.8987269342281505,1,89.87,Critical,89.87,Immediate,starter,annual,29.0,348.0,92,0,1,self-serve,116.0,29.0,4,1412
U018064,0.8987260878962748,1,89.87,Critical,89.87,Immediate,professional,monthly,79.0,948.0,85,1,1,sales-assisted,316.0,79.0,4,1413
U006888,0.898677470214843,1,89.87,Critical,89.87,Immediate,starter,monthly,29.0,348.0,246,2,0,self-serve,261.0,29.0,9,1414
U023454,0.8986738539732478,1,89.87,Critical,89.87,Immediate,professional,monthly,79.0,948.0,125,1,4,self-serve,395.0,79.0,5,1415
U013772,0.8986670006162704,1,89.87,Critical,89.87,Immediate,starter,monthly,29.0,348.0,246,1,0,sales-assisted,261.0,29.0,9,1416
U025469,0.8986670006162704,1,89.87,Critical,89.87,Immediate,starter,monthly,29.0,348.0,246,1,0,sales-assisted,261.0,29.0,9,1417
U024625,0.8985738974989368,1,89.86,Critical,89.86,Immediate,starter,monthly,29.0,348.0,95,1,0,self-serve,116.0,29.0,4,1418
U006165,0.8985475678848219,1,89.85,Critical,89.85,Immediate,professional,annual,79.0,948.0,105,0,0,self-serve,316.0,79.0,4,1419
U003022,0.8985151273826026,1,89.85,Critical,89.85,Immediate,enterprise,monthly,199.0,2388.0,153,2,0,self-serve,1194.0,199.0,6,1420
U022664,0.8984877860905202,1,89.85,Critical,89.85,Immediate,starter,monthly,29.0,348.0,80,0,2,self-serve,87.0,29.0,3,1421
U012082,0.8984848476900478,1,89.85,Critical,89.85,Immediate,professional,monthly,79.0,948.0,273,1,0,sales-assisted,790.0,79.0,10,1422
U023379,0.8984818583980518,1,89.85,Critical,89.85,Immediate,starter,monthly,29.0,348.0,252,1,0,self-serve,261.0,29.0,9,1423
U026589,0.898374417389748,1,89.84,Critical,89.84,Immediate,starter,annual,29.0,348.0,151,0,0,partner,145.0,29.0,5,1424
U012038,0.8983695979025583,1,89.84,Critical,89.84,Immediate,professional,monthly,79.0,948.0,103,4,1,sales-assisted,316.0,79.0,4,1425
U020970,0.8983410166226782,1,89.83,Critical,89.83,Immediate,starter,monthly,29.0,348.0,160,0,0,sales-assisted,203.0,29.0,7,1426
U023054,0.8982285915882534,1,89.82,Critical,89.82,Immediate,professional,monthly,79.0,948.0,368,1,1,partner,1106.0,79.0,14,1427
U022845,0.8977962838967131,1,89.78,Critical,89.78,Immediate,starter,monthly,29.0,348.0,164,2,1,self-serve,174.0,29.0,6,1428
U008825,0.8977497090088802,1,89.77,Critical,89.77,Immediate,starter,annual,29.0,348.0,115,0,1,self-serve,145.0,29.0,5,1429
U011929,0.8975455814092842,1,89.75,Critical,89.75,Immediate,starter,monthly,29.0,348.0,135,1,1,self-serve,145.0,29.0,5,1430
U024694,0.8974823136895788,1,89.75,Critical,89.75,Immediate,starter,monthly,29.0,348.0,167,0,1,self-serve,174.0,29.0,6,1431
U018696,0.8974823136895788,1,89.75,Critical,89.75,Immediate,starter,monthly,29.0,348.0,167,0,1,self-serve,174.0,29.0,6,1432
U002239,0.8974823136895788,1,89.75,Critical,89.75,Immediate,starter,monthly,29.0,348.0,167,0,1,self-serve,174.0,29.0,6,1433
U027015,0.8973561530571832,1,89.74,Critical,89.74,Immediate,professional,monthly,79.0,948.0,111,2,1,self-serve,316.0,79.0,4,1434
U017566,0.8970730975490827,1,89.71,Critical,89.71,Immediate,starter,monthly,29.0,348.0,348,0,1,self-serve,377.0,29.0,13,1435
U008669,0.8970009346274466,1,89.7,Critical,89.7,Immediate,professional,monthly,79.0,948.0,286,0,0,self-serve,869.0,79.0,11,1436
U009981,0.8969098184510282,1,89.69,Critical,89.69,Immediate,starter,annual,29.0,348.0,206,1,0,self-serve,203.0,29.0,7,1437
U009106,0.8968728566213845,1,89.69,Critical,89.69,Immediate,professional,annual,79.0,948.0,41,2,0,sales-assisted,237.0,79.0,3,1438
U011963,0.8967002204247294,1,89.67,Critical,89.67,Immediate,professional,monthly,79.0,948.0,248,1,0,sales-assisted,711.0,79.0,9,1439
U016878,0.8966519476982209,1,89.67,Critical,89.67,Immediate,professional,monthly,79.0,948.0,296,0,0,self-serve,869.0,79.0,11,1440
U014701,0.8966485816322457,1,89.66,Critical,89.66,Immediate,starter,monthly,29.0,348.0,242,0,0,self-serve,232.0,29.0,8,1441
U021741,0.8965495220178086,1,89.65,Critical,89.65,Immediate,starter,monthly,29.0,348.0,189,0,0,partner,203.0,29.0,7,1442
U020529,0.896487983285228,1,89.65,Critical,89.65,Immediate,starter,monthly,29.0,348.0,21,0,1,sales-assisted,58.0,29.0,2,1443
U014032,0.896395968515479,1,89.64,Critical,89.64,Immediate,professional,monthly,79.0,948.0,110,3,0,self-serve,316.0,79.0,4,1444
U001376,0.8963772326170114,1,89.64,Critical,89.64,Immediate,starter,annual,29.0,348.0,217,0,0,partner,232.0,29.0,8,1445
U024049,0.8963000777576692,1,89.63,Critical,89.63,Immediate,starter,annual,29.0,348.0,220,1,0,self-serve,232.0,29.0,8,1446
U013883,0.8961653234424388,1,89.62,Critical,89.62,Immediate,professional,annual,79.0,948.0,193,2,0,self-serve,632.0,79.0,8,1447
U008629,0.896074426073251,1,89.61,Critical,89.61,Immediate,starter,annual,29.0,348.0,335,1,0,partner,348.0,29.0,12,1448
U023430,0.895972385668046,1,89.6,Critical,89.6,Immediate,starter,monthly,29.0,348.0,136,1,0,sales-assisted,145.0,29.0,5,1449
U028348,0.8959420216902136,1,89.59,Critical,89.59,Immediate,professional,monthly,79.0,948.0,115,2,0,sales-assisted,395.0,79.0,5,1450
U022606,0.8958972366050812,1,89.59,Critical,89.59,Immediate,starter,monthly,29.0,348.0,102,1,0,self-serve,116.0,29.0,4,1451
U004443,0.8958972366050812,1,89.59,Critical,89.59,Immediate,starter,monthly,29.0,348.0,102,1,0,self-serve,116.0,29.0,4,1452
U005929,0.8958600008989438,1,89.59,Critical,89.59,Immediate,professional,monthly,79.0,948.0,327,0,0,self-serve,869.0,79.0,11,1453
U000312,0.8957914997091401,1,89.58,Critical,89.58,Immediate,starter,monthly,29.0,348.0,177,2,0,sales-assisted,174.0,29.0,6,1454
U028081,0.8955561587405305,1,89.56,Critical,89.56,Immediate,starter,monthly,29.0,348.0,220,2,1,self-serve,232.0,29.0,8,1455
U001143,0.8955397898530938,1,89.55,Critical,89.55,Immediate,starter,monthly,29.0,348.0,18,1,0,self-serve,29.0,29.0,1,1456
U003691,0.8955148028090278,1,89.55,Critical,89.55,Immediate,professional,monthly,79.0,948.0,201,0,2,self-serve,553.0,79.0,7,1457
U001630,0.8954845597915888,1,89.55,Critical,89.55,Immediate,starter,annual,29.0,348.0,36,0,0,self-serve,58.0,29.0,2,1458
U023488,0.8954508587654221,1,89.55,Critical,89.55,Immediate,starter,monthly,29.0,348.0,45,1,1,sales-assisted,58.0,29.0,2,1459
U024618,0.8951246702019218,1,89.51,Critical,89.51,Immediate,professional,monthly,79.0,948.0,74,1,2,self-serve,316.0,79.0,4,1460
U001690,0.8951038768478021,1,89.51,Critical,89.51,Immediate,enterprise,monthly,199.0,2388.0,88,0,2,sales-assisted,796.0,199.0,4,1461
U004769,0.895009658817378,1,89.5,Critical,89.5,Immediate,enterprise,monthly,199.0,2388.0,496,1,0,self-serve,3582.0,199.0,18,1462
U017077,0.8949985991412794,1,89.5,Critical,89.5,Immediate,starter,annual,29.0,348.0,193,0,2,sales-assisted,203.0,29.0,7,1463
U003628,0.8947579573269054,1,89.48,Critical,89.48,Immediate,starter,monthly,29.0,348.0,61,1,3,self-serve,87.0,29.0,3,1464
U022715,0.8946398463531352,1,89.46,Critical,89.46,Immediate,professional,monthly,79.0,948.0,211,2,0,partner,553.0,79.0,7,1465
U005761,0.8945819598523561,1,89.46,Critical,89.46,Immediate,starter,monthly,29.0,348.0,397,1,0,self-serve,406.0,29.0,14,1466
U003252,0.8944617719413027,1,89.45,Critical,89.45,Immediate,professional,monthly,79.0,948.0,102,0,0,self-serve,316.0,79.0,4,1467
U008421,0.8944572965283675,1,89.45,Critical,89.45,Immediate,starter,monthly,29.0,348.0,65,1,0,self-serve,87.0,29.0,3,1468
U006572,0.8944517420216552,1,89.45,Critical,89.45,Immediate,starter,annual,29.0,348.0,335,0,0,self-serve,348.0,29.0,12,1469
U009847,0.8944517420216552,1,89.45,Critical,89.45,Immediate,starter,annual,29.0,348.0,335,0,0,self-serve,348.0,29.0,12,1470
U016476,0.8944453815896947,1,89.44,Critical,89.44,Immediate,enterprise,annual,199.0,2388.0,131,1,1,self-serve,995.0,199.0,5,1471
U008135,0.894417328537798,1,89.44,Critical,89.44,Immediate,professional,annual,79.0,948.0,240,4,0,self-serve,711.0,79.0,9,1472
U023228,0.8944026985877569,1,89.44,Critical,89.44,Immediate,professional,monthly,79.0,948.0,312,2,0,self-serve,948.0,79.0,12,1473
U007634,0.8943196154908888,1,89.43,Critical,89.43,Immediate,professional,monthly,79.0,948.0,217,1,1,sales-assisted,632.0,79.0,8,1474
U002738,0.8942327179221014,1,89.42,Critical,89.42,Immediate,professional,monthly,79.0,948.0,157,0,0,self-serve,553.0,79.0,7,1475
U021078,0.8940901332425952,1,89.41,Critical,89.41,Immediate,professional,monthly,79.0,948.0,271,0,0,self-serve,790.0,79.0,10,1476
U008791,0.8940668343371629,1,89.41,Critical,89.41,Immediate,starter,monthly,29.0,348.0,248,1,1,self-serve,261.0,29.0,9,1477
U023928,0.8940668343371629,1,89.41,Critical,89.41,Immediate,starter,monthly,29.0,348.0,248,1,1,self-serve,261.0,29.0,9,1478
U019200,0.8939959406135742,1,89.4,Critical,89.4,Immediate,professional,annual,79.0,948.0,101,0,1,self-serve,316.0,79.0,4,1479
U018618,0.8939151399678467,1,89.39,Critical,89.39,Immediate,enterprise,monthly,199.0,2388.0,144,1,2,partner,995.0,199.0,5,1480
U006096,0.8938783849084967,1,89.39,Critical,89.39,Immediate,starter,monthly,29.0,348.0,36,1,0,sales-assisted,58.0,29.0,2,1481
U016822,0.8938783849084967,1,89.39,Critical,89.39,Immediate,starter,monthly,29.0,348.0,36,1,0,sales-assisted,58.0,29.0,2,1482
U000605,0.8938104513444224,1,89.38,Critical,89.38,Immediate,starter,monthly,29.0,348.0,80,0,1,self-serve,87.0,29.0,3,1483
U024102,0.8938104513444224,1,89.38,Critical,89.38,Immediate,starter,monthly,29.0,348.0,80,0,1,self-serve,87.0,29.0,3,1484
U004107,0.8937888781818305,1,89.38,Critical,89.38,Immediate,professional,monthly,79.0,948.0,301,0,2,self-serve,869.0,79.0,11,1485
U014192,0.8935857415499896,1,89.36,Critical,89.36,Immediate,starter,monthly,29.0,348.0,144,0,0,self-serve,145.0,29.0,5,1486
U028569,0.8935857415499896,1,89.36,Critical,89.36,Immediate,starter,monthly,29.0,348.0,144,0,0,self-serve,145.0,29.0,5,1487
U024245,0.8935668681530659,1,89.36,Critical,89.36,Immediate,starter,monthly,29.0,348.0,253,2,0,partner,261.0,29.0,9,1488
U016408,0.8934680616837338,1,89.35,Critical,89.35,Immediate,professional,monthly,79.0,948.0,258,1,1,sales-assisted,711.0,79.0,9,1489
U021277,0.8933913477244277,1,89.34,Critical,89.34,Immediate,starter,annual,29.0,348.0,154,0,1,self-serve,174.0,29.0,6,1490
U013471,0.8932767215749815,1,89.33,Critical,89.33,Immediate,starter,monthly,29.0,348.0,398,1,0,self-serve,406.0,29.0,14,1491
U027150,0.8930468147721404,1,89.3,Critical,89.3,Immediate,starter,annual,29.0,348.0,113,0,0,self-serve,116.0,29.0,4,1492
U025731,0.8930343205152773,1,89.3,Critical,89.3,Immediate,starter,monthly,29.0,348.0,192,0,1,sales-assisted,203.0,29.0,7,1493
U024610,0.8930172119615779,1,89.3,Critical,89.3,Immediate,starter,monthly,29.0,348.0,136,1,1,self-serve,145.0,29.0,5,1494
U012488,0.8929578043918324,1,89.3,Critical,89.3,Immediate,professional,annual,79.0,948.0,143,1,0,partner,474.0,79.0,6,1495
U010683,0.8928900066039565,1,89.29,Critical,89.29,Immediate,starter,monthly,29.0,348.0,161,1,0,self-serve,174.0,29.0,6,1496
U010751,0.8928793306925071,1,89.29,Critical,89.29,Immediate,professional,annual,79.0,948.0,88,1,0,partner,316.0,79.0,4,1497
U020986,0.8924284913600771,1,89.24,Critical,89.24,Immediate,starter,monthly,29.0,348.0,199,0,0,sales-assisted,203.0,29.0,7,1498
U006884,0.8922308219525693,1,89.22,Critical,89.22,Immediate,starter,monthly,29.0,348.0,84,1,0,sales-assisted,87.0,29.0,3,1499
U007801,0.8921652956661308,1,89.22,Critical,89.22,Immediate,enterprise,annual,199.0,2388.0,146,0,1,partner,995.0,199.0,5,1500
U016872,0.8921439671211673,1,89.21,Critical,89.21,Immediate,enterprise,monthly,199.0,2388.0,186,1,2,self-serve,1393.0,199.0,7,1501
U006274,0.8921393726094045,1,89.21,Critical,89.21,Immediate,starter,annual,29.0,348.0,69,1,1,self-serve,87.0,29.0,3,1502
U016936,0.8921272496610154,1,89.21,Critical,89.21,Immediate,starter,monthly,29.0,348.0,81,1,0,sales-assisted,87.0,29.0,3,1503
U028055,0.892123276167852,1,89.21,Critical,89.21,Immediate,starter,monthly,29.0,348.0,359,2,0,partner,377.0,29.0,13,1504
U015252,0.892005550236457,1,89.2,Critical,89.2,Immediate,starter,monthly,29.0,348.0,230,2,1,self-serve,232.0,29.0,8,1505
U017530,0.891944209481786,1,89.19,Critical,89.19,Immediate,starter,monthly,29.0,348.0,222,0,0,sales-assisted,232.0,29.0,8,1506
U013271,0.8918440716603683,1,89.18,Critical,89.18,Immediate,starter,monthly,29.0,348.0,192,0,0,self-serve,203.0,29.0,7,1507
U023626,0.8918440716603683,1,89.18,Critical,89.18,Immediate,starter,monthly,29.0,348.0,192,0,0,self-serve,203.0,29.0,7,1508
U025966,0.8918440716603683,1,89.18,Critical,89.18,Immediate,starter,monthly,29.0,348.0,192,0,0,self-serve,203.0,29.0,7,1509
U001427,0.891751122973213,1,89.18,Critical,89.18,Immediate,starter,monthly,29.0,348.0,451,1,0,self-serve,464.0,29.0,16,1510
U027294,0.8917471289339661,1,89.17,Critical,89.17,Immediate,enterprise,monthly,199.0,2388.0,104,0,1,self-serve,796.0,199.0,4,1511
U025997,0.8915425163609926,1,89.15,Critical,89.15,Immediate,professional,monthly,79.0,948.0,42,2,2,self-serve,237.0,79.0,3,1512
U024096,0.891437831630204,1,89.14,Critical,89.14,Immediate,professional,monthly,79.0,948.0,247,2,0,partner,711.0,79.0,9,1513
U023723,0.891431861808949,1,89.14,Critical,89.14,Immediate,professional,monthly,79.0,948.0,165,1,1,self-serve,474.0,79.0,6,1514
U020110,0.8913691055500488,1,89.14,Critical,89.14,Immediate,starter,monthly,29.0,348.0,193,2,2,self-serve,203.0,29.0,7,1515
U005233,0.8913360898068519,1,89.13,Critical,89.13,Immediate,starter,monthly,29.0,348.0,122,1,0,self-serve,145.0,29.0,5,1516
U015017,0.8912190806077879,1,89.12,Critical,89.12,Immediate,enterprise,monthly,199.0,2388.0,247,1,0,self-serve,1990.0,199.0,10,1517
U012963,0.8910940240172003,1,89.11,Critical,89.11,Immediate,starter,monthly,29.0,348.0,276,2,1,sales-assisted,290.0,29.0,10,1518
U018549,0.8910940240172003,1,89.11,Critical,89.11,Immediate,starter,monthly,29.0,348.0,276,2,1,sales-assisted,290.0,29.0,10,1519
U022149,0.8910899660321053,1,89.11,Critical,89.11,Immediate,starter,monthly,29.0,348.0,298,1,0,self-serve,319.0,29.0,11,1520
U028124,0.8910398836840963,1,89.1,Critical,89.1,Immediate,starter,monthly,29.0,348.0,231,1,2,self-serve,232.0,29.0,8,1521
U008634,0.8910178202948619,1,89.1,Critical,89.1,Immediate,starter,monthly,29.0,348.0,124,1,0,sales-assisted,145.0,29.0,5,1522
U002416,0.8909482490438095,1,89.09,Critical,89.09,Immediate,starter,monthly,29.0,348.0,362,0,0,sales-assisted,377.0,29.0,13,1523
U023676,0.8909160022274275,1,89.09,Critical,89.09,Immediate,starter,monthly,29.0,348.0,103,2,0,partner,116.0,29.0,4,1524
U016532,0.8908996857054713,1,89.09,Critical,89.09,Immediate,starter,annual,29.0,348.0,203,2,0,self-serve,232.0,29.0,8,1525
U007669,0.8908695793932521,1,89.09,Critical,89.09,Immediate,starter,monthly,29.0,348.0,96,1,0,sales-assisted,116.0,29.0,4,1526
U009734,0.8908341008146686,1,89.08,Critical,89.08,Immediate,starter,monthly,29.0,348.0,165,3,0,sales-assisted,174.0,29.0,6,1527
U000717,0.8907928517442452,1,89.08,Critical,89.08,Immediate,starter,monthly,29.0,348.0,133,1,1,self-serve,145.0,29.0,5,1528
U011631,0.8907446807625358,1,89.07,Critical,89.07,Immediate,starter,monthly,29.0,348.0,76,2,1,sales-assisted,87.0,29.0,3,1529
U026413,0.8907331837688559,1,89.07,Critical,89.07,Immediate,professional,annual,79.0,948.0,144,2,0,self-serve,395.0,79.0,5,1530
U016121,0.8906795180451447,1,89.07,Critical,89.07,Immediate,starter,monthly,29.0,348.0,125,2,1,self-serve,145.0,29.0,5,1531
U020401,0.8904404026720766,1,89.04,Critical,89.04,Immediate,starter,monthly,29.0,348.0,352,0,2,sales-assisted,348.0,29.0,12,1532
U003317,0.8903438631125383,1,89.03,Critical,89.03,Immediate,professional,monthly,79.0,948.0,153,1,1,self-serve,474.0,79.0,6,1533
U010920,0.8903240954803173,1,89.03,Critical,89.03,Immediate,enterprise,monthly,199.0,2388.0,237,1,0,self-serve,1791.0,199.0,9,1534
U004091,0.8902067394892594,1,89.02,Critical,89.02,Immediate,starter,monthly,29.0,348.0,72,0,0,self-serve,87.0,29.0,3,1535
U024053,0.8902067394892594,1,89.02,Critical,89.02,Immediate,starter,monthly,29.0,348.0,72,0,0,self-serve,87.0,29.0,3,1536
U024390,0.8901240875810227,1,89.01,Critical,89.01,Immediate,professional,annual,79.0,948.0,139,0,0,self-serve,474.0,79.0,6,1537
U027997,0.8900898984964285,1,89.01,Critical,89.01,Immediate,professional,monthly,79.0,948.0,189,1,0,self-serve,553.0,79.0,7,1538
U019039,0.8900346979807907,1,89.0,Critical,89.0,Immediate,professional,monthly,79.0,948.0,277,0,1,self-serve,790.0,79.0,10,1539
U014697,0.8899641525547226,1,89.0,Critical,89.0,Immediate,professional,monthly,79.0,948.0,29,0,1,sales-assisted,79.0,79.0,1,1540
U002022,0.8898039255768242,1,88.98,Critical,88.98,Immediate,starter,monthly,29.0,348.0,35,2,0,partner,58.0,29.0,2,1541
U024729,0.8896325328235808,1,88.96,Critical,88.96,Immediate,professional,monthly,79.0,948.0,108,2,0,self-serve,316.0,79.0,4,1542
U008731,0.8895052170570608,1,88.95,Critical,88.95,Immediate,starter,annual,29.0,348.0,122,1,1,self-serve,145.0,29.0,5,1543
U028553,0.8894402017454109,1,88.94,Critical,88.94,Immediate,starter,monthly,29.0,348.0,154,0,0,self-serve,174.0,29.0,6,1544
U019324,0.8894402017454109,1,88.94,Critical,88.94,Immediate,starter,monthly,29.0,348.0,154,0,0,self-serve,174.0,29.0,6,1545
U027619,0.8894185452399724,1,88.94,Critical,88.94,Immediate,starter,monthly,29.0,348.0,98,1,0,self-serve,116.0,29.0,4,1546
U017049,0.8893415980065523,1,88.93,Critical,88.93,Immediate,starter,monthly,29.0,348.0,182,2,0,self-serve,203.0,29.0,7,1547
U006221,0.8893031964265172,1,88.93,Critical,88.93,Immediate,professional,monthly,79.0,948.0,217,0,0,self-serve,711.0,79.0,9,1548
U024163,0.8890337048421757,1,88.9,Critical,88.9,Immediate,professional,monthly,79.0,948.0,114,1,0,self-serve,316.0,79.0,4,1549
U004967,0.8889706856552334,1,88.9,Critical,88.9,Immediate,starter,monthly,29.0,348.0,161,0,1,self-serve,203.0,29.0,7,1550
U015738,0.8889339761076167,1,88.89,Critical,88.89,Immediate,professional,annual,79.0,948.0,76,0,0,self-serve,237.0,79.0,3,1551
U025047,0.8888293823276964,1,88.88,Critical,88.88,Immediate,professional,monthly,79.0,948.0,171,0,1,partner,474.0,79.0,6,1552
U018852,0.8883657460687345,1,88.84,Critical,88.84,Immediate,starter,monthly,29.0,348.0,335,1,0,self-serve,348.0,29.0,12,1553
U002541,0.8882791305337943,1,88.83,Critical,88.83,Immediate,starter,monthly,29.0,348.0,250,1,0,sales-assisted,261.0,29.0,9,1554
U008880,0.8882791305337943,1,88.83,Critical,88.83,Immediate,starter,monthly,29.0,348.0,250,1,0,sales-assisted,261.0,29.0,9,1555
U011085,0.8882016650915365,1,88.82,Critical,88.82,Immediate,professional,monthly,79.0,948.0,222,1,0,sales-assisted,632.0,79.0,8,1556
U018236,0.8880217593581341,1,88.8,Critical,88.8,Immediate,starter,annual,29.0,348.0,219,0,0,self-serve,232.0,29.0,8,1557
U004777,0.8878735478757126,1,88.79,Critical,88.79,Immediate,starter,annual,29.0,348.0,143,2,0,self-serve,145.0,29.0,5,1558
U003678,0.887834226515421,1,88.78,Critical,88.78,Immediate,starter,monthly,29.0,348.0,119,3,1,self-serve,145.0,29.0,5,1559
U002634,0.8876667563295941,1,88.77,Critical,88.77,Immediate,starter,monthly,29.0,348.0,91,0,0,self-serve,87.0,29.0,3,1560
U013162,0.8876455962887373,1,88.76,Critical,88.76,Immediate,professional,annual,79.0,948.0,256,1,0,partner,790.0,79.0,10,1561
U019938,0.8876357604296322,1,88.76,Critical,88.76,Immediate,professional,monthly,79.0,948.0,299,0,2,self-serve,869.0,79.0,11,1562
U008089,0.8875326812234493,1,88.75,Critical,88.75,Immediate,starter,monthly,29.0,348.0,182,1,0,self-serve,203.0,29.0,7,1563
U020728,0.8875312537286548,1,88.75,Critical,88.75,Immediate,professional,monthly,79.0,948.0,129,0,0,partner,395.0,79.0,5,1564
U013393,0.8874520066953683,1,88.75,Critical,88.75,Immediate,starter,monthly,29.0,348.0,162,1,0,self-serve,174.0,29.0,6,1565
U021696,0.8874520066953683,1,88.75,Critical,88.75,Immediate,starter,monthly,29.0,348.0,162,1,0,self-serve,174.0,29.0,6,1566
U028527,0.8874520066953683,1,88.75,Critical,88.75,Immediate,starter,monthly,29.0,348.0,162,1,0,self-serve,174.0,29.0,6,1567
U010564,0.8874302660269124,1,88.74,Critical,88.74,Immediate,starter,monthly,29.0,348.0,165,0,0,sales-assisted,174.0,29.0,6,1568
U001452,0.8874024221901112,1,88.74,Critical,88.74,Immediate,professional,monthly,79.0,948.0,181,2,1,self-serve,553.0,79.0,7,1569
U014296,0.8873766427772457,1,88.74,Critical,88.74,Immediate,starter,monthly,29.0,348.0,31,2,1,self-serve,58.0,29.0,2,1570
U028244,0.8872275922007272,1,88.72,Critical,88.72,Immediate,starter,annual,29.0,348.0,183,1,1,self-serve,203.0,29.0,7,1571
U028671,0.8871836354047906,1,88.72,Critical,88.72,Immediate,starter,monthly,29.0,348.0,388,0,1,self-serve,406.0,29.0,14,1572
U013165,0.8870938011868477,1,88.71,Critical,88.71,Immediate,starter,annual,29.0,348.0,107,2,1,self-serve,116.0,29.0,4,1573
U017328,0.8870898418342207,1,88.71,Critical,88.71,Immediate,starter,annual,29.0,348.0,244,2,0,self-serve,261.0,29.0,9,1574
U027467,0.886885054225787,1,88.69,Critical,88.69,Immediate,enterprise,monthly,199.0,2388.0,195,2,0,self-serve,1393.0,199.0,7,1575
U001896,0.8868632523833945,1,88.69,Critical,88.69,Immediate,starter,annual,29.0,348.0,81,1,1,self-serve,87.0,29.0,3,1576
U001902,0.8867626423149784,1,88.68,Critical,88.68,Immediate,starter,monthly,29.0,348.0,193,0,1,self-serve,203.0,29.0,7,1577
U018884,0.8867626423149784,1,88.68,Critical,88.68,Immediate,starter,monthly,29.0,348.0,193,0,1,self-serve,203.0,29.0,7,1578
U018244,0.8867345623078849,1,88.67,Critical,88.67,Immediate,professional,monthly,79.0,948.0,56,0,0,sales-assisted,158.0,79.0,2,1579
U010728,0.8866577566522355,1,88.67,Critical,88.67,Immediate,starter,monthly,29.0,348.0,186,0,0,self-serve,203.0,29.0,7,1580
U022125,0.8866577566522355,1,88.67,Critical,88.67,Immediate,starter,monthly,29.0,348.0,186,0,0,self-serve,203.0,29.0,7,1581
U028403,0.8865058219053632,1,88.65,Critical,88.65,Immediate,starter,monthly,29.0,348.0,75,1,0,self-serve,116.0,29.0,4,1582
U027140,0.8864480264342172,1,88.64,Critical,88.64,Immediate,enterprise,annual,199.0,2388.0,136,1,0,sales-assisted,995.0,199.0,5,1583
U000206,0.8863202849369751,1,88.63,Critical,88.63,Immediate,professional,annual,79.0,948.0,333,0,0,sales-assisted,948.0,79.0,12,1584
U004032,0.8863081795643052,1,88.63,Critical,88.63,Immediate,starter,monthly,29.0,348.0,88,1,1,sales-assisted,87.0,29.0,3,1585
U021502,0.886105262456792,1,88.61,Critical,88.61,Immediate,professional,annual,79.0,948.0,203,0,0,self-serve,553.0,79.0,7,1586
U016235,0.8860434418816381,1,88.6,Critical,88.6,Immediate,professional,monthly,79.0,948.0,267,0,2,sales-assisted,790.0,79.0,10,1587
U023686,0.8859318934845233,1,88.59,Critical,88.59,Immediate,starter,monthly,29.0,348.0,83,1,0,sales-assisted,87.0,29.0,3,1588
U009652,0.8858097472611075,1,88.58,Critical,88.58,Immediate,professional,monthly,79.0,948.0,486,1,0,sales-assisted,1343.0,79.0,17,1589
U005523,0.8856803498552599,1,88.57,Critical,88.57,Immediate,starter,monthly,29.0,348.0,200,1,1,partner,203.0,29.0,7,1590
U007351,0.8856325774457539,1,88.56,Critical,88.56,Immediate,professional,annual,79.0,948.0,85,1,0,partner,316.0,79.0,4,1591
U002745,0.8855147464783435,1,88.55,Critical,88.55,Immediate,starter,monthly,29.0,348.0,307,2,0,self-serve,319.0,29.0,11,1592
U016194,0.8854319740516486,1,88.54,Critical,88.54,Immediate,starter,monthly,29.0,348.0,103,0,0,self-serve,116.0,29.0,4,1593
U012078,0.8854017230061265,1,88.54,Critical,88.54,Immediate,professional,monthly,79.0,948.0,206,4,0,self-serve,632.0,79.0,8,1594
U018398,0.8852079643858614,1,88.52,Critical,88.52,Immediate,professional,monthly,79.0,948.0,291,1,0,self-serve,869.0,79.0,11,1595
U012456,0.8852019883717588,1,88.52,Critical,88.52,Immediate,starter,annual,29.0,348.0,246,0,0,sales-assisted,261.0,29.0,9,1596
U006979,0.8852019883717588,1,88.52,Critical,88.52,Immediate,starter,annual,29.0,348.0,246,0,0,sales-assisted,261.0,29.0,9,1597
U011974,0.885163553493502,1,88.52,Critical,88.52,Immediate,enterprise,monthly,199.0,2388.0,234,0,1,self-serve,1592.0,199.0,8,1598
U011696,0.8851464269464977,1,88.51,Critical,88.51,Immediate,starter,monthly,29.0,348.0,89,0,0,self-serve,87.0,29.0,3,1599
U013792,0.8851464269464977,1,88.51,Critical,88.51,Immediate,starter,monthly,29.0,348.0,89,0,0,self-serve,87.0,29.0,3,1600
U011942,0.8851464269464977,1,88.51,Critical,88.51,Immediate,starter,monthly,29.0,348.0,89,0,0,self-serve,87.0,29.0,3,1601
U025278,0.8851464269464977,1,88.51,Critical,88.51,Immediate,starter,monthly,29.0,348.0,89,0,0,self-serve,87.0,29.0,3,1602
U020187,0.8850668581032536,1,88.51,Critical,88.51,Immediate,professional,monthly,79.0,948.0,43,0,1,self-serve,158.0,79.0,2,1603
U002362,0.8848114474220186,1,88.48,Critical,88.48,Immediate,professional,monthly,79.0,948.0,97,0,0,self-serve,316.0,79.0,4,1604
U022076,0.8848114474220186,1,88.48,Critical,88.48,Immediate,professional,monthly,79.0,948.0,97,0,0,self-serve,316.0,79.0,4,1605
U028884,0.8848020100746427,1,88.48,Critical,88.48,Immediate,professional,monthly,79.0,948.0,282,3,0,self-serve,869.0,79.0,11,1606
U028557,0.8847883976232264,1,88.48,Critical,88.48,Immediate,starter,monthly,29.0,348.0,159,0,1,sales-assisted,174.0,29.0,6,1607
U025698,0.8847775376322465,1,88.48,Critical,88.48,Immediate,starter,annual,29.0,348.0,145,0,1,sales-assisted,174.0,29.0,6,1608
U027403,0.8847080331760202,1,88.47,Critical,88.47,Immediate,professional,monthly,79.0,948.0,61,2,1,sales-assisted,237.0,79.0,3,1609
U009676,0.8846910812301121,1,88.47,Critical,88.47,Immediate,starter,annual,29.0,348.0,164,0,0,partner,174.0,29.0,6,1610
U020153,0.8846710668392673,1,88.47,Critical,88.47,Immediate,starter,annual,29.0,348.0,34,1,0,sales-assisted,58.0,29.0,2,1611
U028901,0.88462422177093,1,88.46,Critical,88.46,Immediate,starter,annual,29.0,348.0,376,2,1,self-serve,406.0,29.0,14,1612
U026115,0.8845058745127374,1,88.45,Critical,88.45,Immediate,enterprise,annual,199.0,2388.0,38,2,0,self-serve,398.0,199.0,2,1613
U015460,0.8844947634581407,1,88.45,Critical,88.45,Immediate,professional,monthly,79.0,948.0,34,0,1,self-serve,158.0,79.0,2,1614
U010811,0.8844199620886254,1,88.44,Critical,88.44,Immediate,professional,monthly,79.0,948.0,42,0,0,partner,158.0,79.0,2,1615
U006239,0.8843980154899994,1,88.44,Critical,88.44,Immediate,starter,annual,29.0,348.0,179,1,0,sales-assisted,174.0,29.0,6,1616
U004326,0.8843037139767647,1,88.43,Critical,88.43,Immediate,starter,monthly,29.0,348.0,150,0,0,sales-assisted,145.0,29.0,5,1617
U005097,0.8842627799479448,1,88.43,Critical,88.43,Immediate,professional,monthly,79.0,948.0,55,0,0,sales-assisted,158.0,79.0,2,1618
U008877,0.8842627799479448,1,88.43,Critical,88.43,Immediate,professional,monthly,79.0,948.0,55,0,0,sales-assisted,158.0,79.0,2,1619
U029656,0.8841775429951007,1,88.42,Critical,88.42,Immediate,starter,monthly,29.0,348.0,256,1,1,sales-assisted,261.0,29.0,9,1620
U023471,0.8840661492774402,1,88.41,Critical,88.41,Immediate,starter,monthly,29.0,348.0,183,3,0,sales-assisted,203.0,29.0,7,1621
U014915,0.8840661492774402,1,88.41,Critical,88.41,Immediate,starter,monthly,29.0,348.0,183,3,0,sales-assisted,203.0,29.0,7,1622
U017841,0.8839642500835223,1,88.4,Critical,88.4,Immediate,starter,monthly,29.0,348.0,33,2,0,self-serve,58.0,29.0,2,1623
U006032,0.8839504893148387,1,88.4,Critical,88.4,Immediate,starter,monthly,29.0,348.0,70,0,3,self-serve,116.0,29.0,4,1624
U018849,0.8839489116426654,1,88.39,Critical,88.39,Immediate,starter,monthly,29.0,348.0,95,0,1,sales-assisted,116.0,29.0,4,1625
U000976,0.8839489116426654,1,88.39,Critical,88.39,Immediate,starter,monthly,29.0,348.0,95,0,1,sales-assisted,116.0,29.0,4,1626
U008872,0.8838743626919023,1,88.39,Critical,88.39,Immediate,starter,annual,29.0,348.0,120,3,0,self-serve,116.0,29.0,4,1627
U001117,0.883834690527965,1,88.38,Critical,88.38,Immediate,professional,monthly,79.0,948.0,290,3,0,sales-assisted,790.0,79.0,10,1628
U020905,0.8837615016195596,1,88.38,Critical,88.38,Immediate,starter,monthly,29.0,348.0,185,2,0,self-serve,203.0,29.0,7,1629
U025204,0.8836621676932147,1,88.37,Critical,88.37,Immediate,professional,monthly,79.0,948.0,256,0,1,self-serve,790.0,79.0,10,1630
U001959,0.8836411257228497,1,88.36,Critical,88.36,Immediate,starter,monthly,29.0,348.0,308,1,0,partner,319.0,29.0,11,1631
U014395,0.8834443501852082,1,88.34,Critical,88.34,Immediate,enterprise,monthly,199.0,2388.0,434,1,0,self-serve,3184.0,199.0,16,1632
U005497,0.8833572250651432,1,88.34,Critical,88.34,Immediate,starter,annual,29.0,348.0,294,1,0,self-serve,319.0,29.0,11,1633
U028768,0.883352633627952,1,88.34,Critical,88.34,Immediate,professional,monthly,79.0,948.0,212,0,1,partner,632.0,79.0,8,1634
U009670,0.8833441389833111,1,88.33,Critical,88.33,Immediate,professional,monthly,79.0,948.0,159,2,0,partner,474.0,79.0,6,1635
U013543,0.8833410439159999,1,88.33,Critical,88.33,Immediate,starter,monthly,29.0,348.0,86,1,1,self-serve,87.0,29.0,3,1636
U005403,0.8833410439159999,1,88.33,Critical,88.33,Immediate,starter,monthly,29.0,348.0,86,1,1,self-serve,87.0,29.0,3,1637
U027096,0.8829706463970193,1,88.3,Critical,88.3,Immediate,professional,annual,79.0,948.0,91,1,0,partner,316.0,79.0,4,1638
U015041,0.8827455061127184,1,88.27,Critical,88.27,Immediate,starter,monthly,29.0,348.0,217,0,0,partner,232.0,29.0,8,1639
U027745,0.8826875814352377,1,88.27,Critical,88.27,Immediate,starter,monthly,29.0,348.0,79,0,0,sales-assisted,87.0,29.0,3,1640
U022833,0.8825724255353369,1,88.26,Critical,88.26,Immediate,professional,monthly,79.0,948.0,229,2,1,self-serve,632.0,79.0,8,1641
U022407,0.8824968014639382,1,88.25,Critical,88.25,Immediate,starter,monthly,29.0,348.0,142,1,1,self-serve,145.0,29.0,5,1642
U010800,0.8822665429681951,1,88.23,Critical,88.23,Immediate,professional,monthly,79.0,948.0,195,0,0,sales-assisted,553.0,79.0,7,1643
U020486,0.8822386645411937,1,88.22,Critical,88.22,Immediate,starter,annual,29.0,348.0,34,0,1,self-serve,58.0,29.0,2,1644
U009013,0.8822186262695498,1,88.22,Critical,88.22,Immediate,starter,monthly,29.0,348.0,134,1,0,sales-assisted,145.0,29.0,5,1645
U020095,0.882135706860783,1,88.21,Critical,88.21,Immediate,starter,annual,29.0,348.0,50,0,1,sales-assisted,87.0,29.0,3,1646
U023580,0.8821045090314935,1,88.21,Critical,88.21,Immediate,starter,monthly,29.0,348.0,308,0,0,self-serve,319.0,29.0,11,1647
U029616,0.8821045090314935,1,88.21,Critical,88.21,Immediate,starter,monthly,29.0,348.0,308,0,0,self-serve,319.0,29.0,11,1648
U013598,0.8820404620979528,1,88.2,Critical,88.2,Immediate,professional,monthly,79.0,948.0,275,1,0,sales-assisted,790.0,79.0,10,1649
U027183,0.8820076309191223,1,88.2,Critical,88.2,Immediate,starter,monthly,29.0,348.0,274,0,0,sales-assisted,290.0,29.0,10,1650
U000431,0.8819858233283605,1,88.2,Critical,88.2,Immediate,starter,monthly,29.0,348.0,32,2,0,self-serve,58.0,29.0,2,1651
U019720,0.8818974977245786,1,88.19,Critical,88.19,Immediate,professional,monthly,79.0,948.0,205,2,1,self-serve,553.0,79.0,7,1652
U027519,0.8817740185029441,1,88.18,Critical,88.18,Immediate,professional,monthly,79.0,948.0,124,0,1,self-serve,395.0,79.0,5,1653
U013553,0.8817740185029441,1,88.18,Critical,88.18,Immediate,professional,monthly,79.0,948.0,124,0,1,self-serve,395.0,79.0,5,1654
U001850,0.881716718438629,1,88.17,Critical,88.17,Immediate,professional,monthly,79.0,948.0,117,1,0,self-serve,316.0,79.0,4,1655
U018916,0.881716718438629,1,88.17,Critical,88.17,Immediate,professional,monthly,79.0,948.0,117,1,0,self-serve,316.0,79.0,4,1656
U025184,0.8812130691740875,1,88.12,Critical,88.12,Immediate,enterprise,monthly,199.0,2388.0,194,3,0,self-serve,1393.0,199.0,7,1657
U002092,0.8811531378480509,1,88.12,Critical,88.12,Immediate,starter,annual,29.0,348.0,334,0,0,self-serve,348.0,29.0,12,1658
U001045,0.8810791066974396,1,88.11,Critical,88.11,Immediate,starter,monthly,29.0,348.0,91,0,1,self-serve,87.0,29.0,3,1659
U021945,0.8809026735658244,1,88.09,Critical,88.09,Immediate,professional,monthly,79.0,948.0,95,0,0,self-serve,316.0,79.0,4,1660
U022228,0.8808923652541281,1,88.09,Critical,88.09,Immediate,starter,monthly,29.0,348.0,162,0,0,sales-assisted,174.0,29.0,6,1661
U004450,0.8806824520330527,1,88.07,Critical,88.07,Immediate,enterprise,monthly,199.0,2388.0,82,1,0,self-serve,796.0,199.0,4,1662
U013851,0.8806692209490541,1,88.07,Critical,88.07,Immediate,professional,annual,79.0,948.0,354,0,0,self-serve,1027.0,79.0,13,1663
U002054,0.8806308251692276,1,88.06,Critical,88.06,Immediate,starter,monthly,29.0,348.0,161,2,0,self-serve,174.0,29.0,6,1664
U005368,0.8806137192971132,1,88.06,Critical,88.06,Immediate,starter,monthly,29.0,348.0,92,0,0,self-serve,116.0,29.0,4,1665
U005503,0.8805908776142407,1,88.06,Critical,88.06,Immediate,professional,monthly,79.0,948.0,268,1,2,self-serve,790.0,79.0,10,1666
U024688,0.8805390327569961,1,88.05,Critical,88.05,Immediate,starter,monthly,29.0,348.0,51,0,0,self-serve,87.0,29.0,3,1667
U019974,0.8805049504804543,1,88.05,Critical,88.05,Immediate,starter,annual,29.0,348.0,371,0,0,self-serve,377.0,29.0,13,1668
U010357,0.8804808608867918,1,88.05,Critical,88.05,Immediate,professional,monthly,79.0,948.0,184,1,0,self-serve,553.0,79.0,7,1669
U016028,0.8803879183293054,1,88.04,Critical,88.04,Immediate,starter,annual,29.0,348.0,204,1,0,sales-assisted,203.0,29.0,7,1670
U009299,0.8803854735135817,1,88.04,Critical,88.04,Immediate,professional,monthly,79.0,948.0,206,0,1,self-serve,632.0,79.0,8,1671
U027068,0.8803304282571177,1,88.03,Critical,88.03,Immediate,professional,annual,79.0,948.0,143,1,0,self-serve,395.0,79.0,5,1672
U000365,0.8803230777989338,1,88.03,Critical,88.03,Immediate,starter,monthly,29.0,348.0,183,1,0,self-serve,203.0,29.0,7,1673
U012695,0.8801817567210279,1,88.02,Critical,88.02,Immediate,enterprise,annual,199.0,2388.0,207,1,1,self-serve,1592.0,199.0,8,1674
U011932,0.8801025872735179,1,88.01,Critical,88.01,Immediate,starter,monthly,29.0,348.0,337,0,0,partner,348.0,29.0,12,1675
U001621,0.8800838064432472,1,88.01,Critical,88.01,Immediate,starter,monthly,29.0,348.0,173,2,0,self-serve,203.0,29.0,7,1676
U007693,0.8800728913452277,1,88.01,Critical,88.01,Immediate,professional,monthly,79.0,948.0,190,1,0,sales-assisted,553.0,79.0,7,1677
U014619,0.879824591590304,1,87.98,Critical,87.98,Immediate,starter,monthly,29.0,348.0,342,2,1,sales-assisted,348.0,29.0,12,1678
U015283,0.8798242059945672,1,87.98,Critical,87.98,Immediate,starter,annual,29.0,348.0,491,0,0,self-serve,522.0,29.0,18,1679
U002031,0.8795805669641036,1,87.96,Critical,87.96,Immediate,professional,monthly,79.0,948.0,222,2,1,self-serve,632.0,79.0,8,1680
U026587,0.8794560202518587,1,87.95,Critical,87.95,Immediate,professional,monthly,79.0,948.0,301,2,0,self-serve,869.0,79.0,11,1681
U002433,0.879401503960382,1,87.94,Critical,87.94,Immediate,starter,annual,29.0,348.0,171,0,0,sales-assisted,203.0,29.0,7,1682
U018199,0.8793932419123686,1,87.94,Critical,87.94,Immediate,starter,monthly,29.0,348.0,35,1,0,sales-assisted,58.0,29.0,2,1683
U022018,0.8793522707099527,1,87.94,Critical,87.94,Immediate,professional,annual,79.0,948.0,371,0,0,self-serve,1106.0,79.0,14,1684
U023611,0.8793473976291785,1,87.93,Critical,87.93,Immediate,starter,monthly,29.0,348.0,356,3,2,partner,348.0,29.0,12,1685
U015976,0.8792625838506193,1,87.93,Critical,87.93,Immediate,starter,annual,29.0,348.0,228,0,0,sales-assisted,232.0,29.0,8,1686
U013356,0.8791743968606174,1,87.92,Critical,87.92,Immediate,professional,monthly,79.0,948.0,436,0,0,sales-assisted,1264.0,79.0,16,1687
U000007,0.8791693289120122,1,87.92,Critical,87.92,Immediate,starter,monthly,29.0,348.0,215,0,1,sales-assisted,232.0,29.0,8,1688
U026359,0.8791433095225536,1,87.91,Critical,87.91,Immediate,starter,monthly,29.0,348.0,41,0,0,sales-assisted,87.0,29.0,3,1689
U005380,0.8791430562268283,1,87.91,Critical,87.91,Immediate,enterprise,annual,199.0,2388.0,189,2,0,self-serve,1393.0,199.0,7,1690
U024295,0.8788217406700968,1,87.88,Critical,87.88,Immediate,professional,annual,79.0,948.0,33,2,0,self-serve,158.0,79.0,2,1691
U012618,0.8787406990788609,1,87.87,Critical,87.87,Immediate,starter,monthly,29.0,348.0,139,3,0,sales-assisted,145.0,29.0,5,1692
U014036,0.8787154670398021,1,87.87,Critical,87.87,Immediate,starter,monthly,29.0,348.0,292,1,0,self-serve,290.0,29.0,10,1693
U007014,0.8786667838061328,1,87.87,Critical,87.87,Immediate,starter,monthly,29.0,348.0,262,1,0,sales-assisted,261.0,29.0,9,1694
U009066,0.8786593459761948,1,87.87,Critical,87.87,Immediate,starter,monthly,29.0,348.0,156,1,0,partner,174.0,29.0,6,1695
U016849,0.8785422499671476,1,87.85,Critical,87.85,Immediate,starter,monthly,29.0,348.0,97,1,0,sales-assisted,116.0,29.0,4,1696
U028446,0.8784276207583076,1,87.84,Critical,87.84,Immediate,starter,monthly,29.0,348.0,202,1,1,self-serve,203.0,29.0,7,1697
U014355,0.8783118110142747,1,87.83,Critical,87.83,Immediate,starter,monthly,29.0,348.0,56,1,0,sales-assisted,87.0,29.0,3,1698
U023660,0.8782595103248398,1,87.83,Critical,87.83,Immediate,professional,monthly,79.0,948.0,167,2,0,self-serve,474.0,79.0,6,1699
U001166,0.878041037102094,1,87.8,Critical,87.8,Immediate,starter,monthly,29.0,348.0,161,1,0,self-serve,174.0,29.0,6,1700
U010469,0.8779828978160223,1,87.8,Critical,87.8,Immediate,starter,monthly,29.0,348.0,200,0,0,self-serve,203.0,29.0,7,1701
U029906,0.8779756727463958,1,87.8,Critical,87.8,Immediate,starter,annual,29.0,348.0,332,0,0,self-serve,319.0,29.0,11,1702
U028854,0.8779756727463958,1,87.8,Critical,87.8,Immediate,starter,annual,29.0,348.0,332,0,0,self-serve,319.0,29.0,11,1703
U020409,0.8779441398558872,1,87.79,Critical,87.79,Immediate,starter,monthly,29.0,348.0,141,1,0,self-serve,145.0,29.0,5,1704
U029843,0.8779441398558872,1,87.79,Critical,87.79,Immediate,starter,monthly,29.0,348.0,141,1,0,self-serve,145.0,29.0,5,1705
U016369,0.8779441398558872,1,87.79,Critical,87.79,Immediate,starter,monthly,29.0,348.0,141,1,0,self-serve,145.0,29.0,5,1706
U009326,0.8778847940218437,1,87.79,Critical,87.79,Immediate,starter,monthly,29.0,348.0,114,1,1,self-serve,116.0,29.0,4,1707
U023807,0.8778663051605485,1,87.79,Critical,87.79,Immediate,starter,monthly,29.0,348.0,145,2,0,self-serve,145.0,29.0,5,1708
U025286,0.8778663051605485,1,87.79,Critical,87.79,Immediate,starter,monthly,29.0,348.0,145,2,0,self-serve,145.0,29.0,5,1709
U020349,0.8777504720296501,1,87.78,Critical,87.78,Immediate,starter,monthly,29.0,348.0,196,1,1,self-serve,203.0,29.0,7,1710
U007766,0.8776383647270357,1,87.76,Critical,87.76,Immediate,starter,annual,29.0,348.0,110,1,1,self-serve,116.0,29.0,4,1711
U022908,0.8776272442080182,1,87.76,Critical,87.76,Immediate,starter,monthly,29.0,348.0,439,1,0,sales-assisted,464.0,29.0,16,1712
U022098,0.8775761504693858,1,87.76,Critical,87.76,Immediate,starter,annual,29.0,348.0,141,2,1,self-serve,145.0,29.0,5,1713
U012212,0.8775147698085838,1,87.75,Critical,87.75,Immediate,professional,monthly,79.0,948.0,82,1,0,self-serve,237.0,79.0,3,1714
U013500,0.877494154162714,1,87.75,Critical,87.75,Immediate,professional,monthly,79.0,948.0,175,0,0,partner,553.0,79.0,7,1715
U014309,0.8773692338047908,1,87.74,Critical,87.74,Immediate,starter,monthly,29.0,348.0,78,0,0,self-serve,87.0,29.0,3,1716
U016236,0.8773692338047908,1,87.74,Critical,87.74,Immediate,starter,monthly,29.0,348.0,78,0,0,self-serve,87.0,29.0,3,1717
U015398,0.8773691667063966,1,87.74,Critical,87.74,Immediate,professional,monthly,79.0,948.0,493,1,0,sales-assisted,1343.0,79.0,17,1718
U020246,0.8771425331891766,1,87.71,Critical,87.71,Immediate,starter,monthly,29.0,348.0,106,1,0,partner,116.0,29.0,4,1719
U014846,0.8769760811946841,1,87.7,Critical,87.7,Immediate,starter,monthly,29.0,348.0,227,0,0,self-serve,232.0,29.0,8,1720
U009895,0.8769760811946841,1,87.7,Critical,87.7,Immediate,starter,monthly,29.0,348.0,227,0,0,self-serve,232.0,29.0,8,1721
U016574,0.8769757599704087,1,87.7,Critical,87.7,Immediate,professional,annual,79.0,948.0,135,0,0,self-serve,474.0,79.0,6,1722
U003419,0.8769509388336381,1,87.7,Critical,87.7,Immediate,starter,monthly,29.0,348.0,259,1,0,sales-assisted,261.0,29.0,9,1723
U011533,0.8769477546238785,1,87.69,Critical,87.69,Immediate,professional,monthly,79.0,948.0,119,0,2,partner,316.0,79.0,4,1724
U010089,0.8768678343793941,1,87.69,Critical,87.69,Immediate,starter,monthly,29.0,348.0,84,0,0,self-serve,87.0,29.0,3,1725
U011504,0.8768678343793941,1,87.69,Critical,87.69,Immediate,starter,monthly,29.0,348.0,84,0,0,self-serve,87.0,29.0,3,1726
U005493,0.8768539015896558,1,87.69,Critical,87.69,Immediate,starter,monthly,29.0,348.0,225,3,0,self-serve,232.0,29.0,8,1727
U004572,0.8767915815964739,1,87.68,Critical,87.68,Immediate,professional,annual,79.0,948.0,159,0,0,self-serve,474.0,79.0,6,1728
U012747,0.8767915815964739,1,87.68,Critical,87.68,Immediate,professional,annual,79.0,948.0,159,0,0,self-serve,474.0,79.0,6,1729
U021683,0.8767801500450192,1,87.68,Critical,87.68,Immediate,professional,monthly,79.0,948.0,213,3,0,sales-assisted,632.0,79.0,8,1730
U027191,0.87675510296785,1,87.68,Critical,87.68,Immediate,enterprise,annual,199.0,2388.0,17,1,1,self-serve,199.0,199.0,1,1731
U002033,0.8765946544632129,1,87.66,Critical,87.66,Immediate,starter,annual,29.0,348.0,150,0,0,self-serve,145.0,29.0,5,1732
U002774,0.8764793885539564,1,87.65,Critical,87.65,Immediate,enterprise,annual,199.0,2388.0,223,1,0,self-serve,1592.0,199.0,8,1733
U017712,0.8763688876517677,1,87.64,Critical,87.64,Immediate,professional,monthly,79.0,948.0,305,1,0,sales-assisted,869.0,79.0,11,1734
U029663,0.8761940268050004,1,87.62,Critical,87.62,Immediate,professional,monthly,79.0,948.0,97,0,2,self-serve,316.0,79.0,4,1735
U011493,0.8761334387800851,1,87.61,Critical,87.61,Immediate,starter,monthly,29.0,348.0,163,0,0,sales-assisted,174.0,29.0,6,1736
U029794,0.8760827972747819,1,87.61,Critical,87.61,Immediate,enterprise,monthly,199.0,2388.0,67,4,0,sales-assisted,796.0,199.0,4,1737
U022141,0.8758919382551973,1,87.59,Critical,87.59,Immediate,starter,annual,29.0,348.0,293,1,0,self-serve,319.0,29.0,11,1738
U010493,0.8758582769405924,1,87.59,Critical,87.59,Immediate,professional,annual,79.0,948.0,63,0,1,self-serve,237.0,79.0,3,1739
U006942,0.8758345842448834,1,87.58,Critical,87.58,Immediate,professional,monthly,79.0,948.0,384,0,1,sales-assisted,1106.0,79.0,14,1740
U013767,0.8758327919104327,1,87.58,Critical,87.58,Immediate,starter,monthly,29.0,348.0,313,0,1,self-serve,319.0,29.0,11,1741
U015168,0.8758280234275094,1,87.58,Critical,87.58,Immediate,starter,monthly,29.0,348.0,187,2,0,sales-assisted,203.0,29.0,7,1742
U011759,0.8758202286331304,1,87.58,Critical,87.58,Immediate,starter,monthly,29.0,348.0,125,2,0,self-serve,145.0,29.0,5,1743
U026326,0.8757225224314209,1,87.57,Critical,87.57,Immediate,starter,monthly,29.0,348.0,186,1,0,self-serve,203.0,29.0,7,1744
U019219,0.8756056045538664,1,87.56,Critical,87.56,Immediate,professional,monthly,79.0,948.0,188,3,1,sales-assisted,553.0,79.0,7,1745
U019699,0.8755617634092592,1,87.56,Critical,87.56,Immediate,starter,monthly,29.0,348.0,93,0,1,self-serve,116.0,29.0,4,1746
U028409,0.8755617634092592,1,87.56,Critical,87.56,Immediate,starter,monthly,29.0,348.0,93,0,1,self-serve,116.0,29.0,4,1747
U008725,0.8754584705606767,1,87.55,Critical,87.55,Immediate,starter,monthly,29.0,348.0,98,0,1,sales-assisted,116.0,29.0,4,1748
U026214,0.875408761969819,1,87.54,Critical,87.54,Immediate,starter,monthly,29.0,348.0,162,1,0,self-serve,174.0,29.0,6,1749
U016207,0.875408761969819,1,87.54,Critical,87.54,Immediate,starter,monthly,29.0,348.0,162,1,0,self-serve,174.0,29.0,6,1750
U013942,0.8753685545403622,1,87.54,Critical,87.54,Immediate,starter,monthly,29.0,348.0,294,1,0,self-serve,290.0,29.0,10,1751
U015706,0.8752359208788122,1,87.52,Critical,87.52,Immediate,starter,annual,29.0,348.0,175,0,1,self-serve,203.0,29.0,7,1752
U023144,0.8752077343080109,1,87.52,Critical,87.52,Immediate,enterprise,monthly,199.0,2388.0,102,5,0,self-serve,796.0,199.0,4,1753
U008560,0.8751624942835298,1,87.52,Critical,87.52,Immediate,professional,monthly,79.0,948.0,32,0,1,sales-assisted,158.0,79.0,2,1754
U009422,0.8751378671403732,1,87.51,Critical,87.51,Immediate,starter,monthly,29.0,348.0,214,0,2,self-serve,232.0,29.0,8,1755
U003635,0.8749654228627644,1,87.5,Critical,87.5,Immediate,professional,annual,79.0,948.0,200,1,0,self-serve,632.0,79.0,8,1756
U026608,0.8748960781366446,1,87.49,Critical,87.49,Immediate,professional,monthly,79.0,948.0,169,2,1,sales-assisted,553.0,79.0,7,1757
U016338,0.8748311917009185,1,87.48,Critical,87.48,Immediate,enterprise,monthly,199.0,2388.0,243,0,0,self-serve,1791.0,199.0,9,1758
U000557,0.8746237899376941,1,87.46,Critical,87.46,Immediate,starter,monthly,29.0,348.0,141,2,1,self-serve,145.0,29.0,5,1759
U023370,0.8746182774045951,1,87.46,Critical,87.46,Immediate,starter,monthly,29.0,348.0,278,0,1,sales-assisted,290.0,29.0,10,1760
U000859,0.8745521959782815,1,87.46,Critical,87.46,Immediate,professional,annual,79.0,948.0,205,3,0,self-serve,632.0,79.0,8,1761
U029042,0.8744089335097578,1,87.44,Critical,87.44,Immediate,enterprise,monthly,199.0,2388.0,98,1,1,sales-assisted,796.0,199.0,4,1762
U020312,0.8743447637664644,1,87.43,Critical,87.43,Immediate,professional,monthly,79.0,948.0,190,1,0,self-serve,553.0,79.0,7,1763
U018690,0.8743447637664644,1,87.43,Critical,87.43,Immediate,professional,monthly,79.0,948.0,190,1,0,self-serve,553.0,79.0,7,1764
U012592,0.8742254624404342,1,87.42,Critical,87.42,Immediate,starter,monthly,29.0,348.0,113,0,0,sales-assisted,116.0,29.0,4,1765
U005854,0.8742162410780359,1,87.42,Critical,87.42,Immediate,starter,annual,29.0,348.0,60,3,0,self-serve,58.0,29.0,2,1766
U005488,0.8740878559570604,1,87.41,Critical,87.41,Immediate,starter,monthly,29.0,348.0,197,0,0,self-serve,203.0,29.0,7,1767
U028928,0.8740695116871467,1,87.41,Critical,87.41,Immediate,starter,annual,29.0,348.0,114,1,0,partner,145.0,29.0,5,1768
U011698,0.8739752450050439,1,87.4,Critical,87.4,Immediate,professional,monthly,79.0,948.0,277,1,0,self-serve,790.0,79.0,10,1769
U005864,0.8739722395676358,1,87.4,Critical,87.4,Immediate,professional,monthly,79.0,948.0,156,2,1,self-serve,474.0,79.0,6,1770
U000151,0.8739097355692128,1,87.39,Critical,87.39,Immediate,starter,monthly,29.0,348.0,358,1,2,self-serve,377.0,29.0,13,1771
U019900,0.8739046480701234,1,87.39,Critical,87.39,Immediate,professional,monthly,79.0,948.0,134,0,0,self-serve,395.0,79.0,5,1772
U028007,0.8736970960244786,1,87.37,Critical,87.37,Immediate,starter,monthly,29.0,348.0,196,0,0,partner,203.0,29.0,7,1773
U021068,0.8736850222180796,1,87.37,Critical,87.37,Immediate,professional,monthly,79.0,948.0,191,1,0,sales-assisted,553.0,79.0,7,1774
U018190,0.8736416832551693,1,87.36,Critical,87.36,Immediate,professional,annual,79.0,948.0,242,0,0,partner,711.0,79.0,9,1775
U029558,0.873620536267095,1,87.36,Critical,87.36,Immediate,starter,monthly,29.0,348.0,270,0,1,sales-assisted,290.0,29.0,10,1776
U008838,0.8735272082706816,1,87.35,Critical,87.35,Immediate,starter,monthly,29.0,348.0,349,0,0,sales-assisted,348.0,29.0,12,1777
U016005,0.8734594823713729,1,87.35,Critical,87.35,Immediate,starter,monthly,29.0,348.0,142,2,0,self-serve,145.0,29.0,5,1778
U016284,0.8732595406264952,1,87.33,Critical,87.33,Immediate,starter,monthly,29.0,348.0,23,2,0,self-serve,29.0,29.0,1,1779
U010782,0.8731996518435918,1,87.32,Critical,87.32,Immediate,enterprise,monthly,199.0,2388.0,275,0,3,self-serve,1990.0,199.0,10,1780
U018560,0.8731518151773967,1,87.32,Critical,87.32,Immediate,starter,monthly,29.0,348.0,190,0,0,self-serve,203.0,29.0,7,1781
U017435,0.8730363041365599,1,87.3,Critical,87.3,Immediate,starter,monthly,29.0,348.0,69,1,0,self-serve,87.0,29.0,3,1782
U001119,0.8730363041365599,1,87.3,Critical,87.3,Immediate,starter,monthly,29.0,348.0,69,1,0,self-serve,87.0,29.0,3,1783
U002063,0.8729838739239351,1,87.3,Critical,87.3,Immediate,enterprise,monthly,199.0,2388.0,125,2,2,self-serve,995.0,199.0,5,1784
U024382,0.8729612914357449,1,87.3,Critical,87.3,Immediate,professional,annual,79.0,948.0,95,1,0,self-serve,316.0,79.0,4,1785
U000357,0.8728998785375245,1,87.29,Critical,87.29,Immediate,starter,monthly,29.0,348.0,143,1,2,self-serve,145.0,29.0,5,1786
U028742,0.8728806054952333,1,87.29,Critical,87.29,Immediate,professional,monthly,79.0,948.0,238,0,0,sales-assisted,711.0,79.0,9,1787
U014568,0.8728288427525916,1,87.28,Critical,87.28,Immediate,starter,monthly,29.0,348.0,445,0,0,partner,464.0,29.0,16,1788
U027566,0.8728227811184305,1,87.28,Critical,87.28,Immediate,professional,monthly,79.0,948.0,227,0,0,self-serve,711.0,79.0,9,1789
U007213,0.8727763213378347,1,87.28,Critical,87.28,Immediate,starter,monthly,29.0,348.0,293,1,0,self-serve,290.0,29.0,10,1790
U000024,0.8727581007607768,1,87.28,Critical,87.28,Immediate,starter,annual,29.0,348.0,49,1,0,self-serve,87.0,29.0,3,1791
U028967,0.8727565660413994,1,87.28,Critical,87.28,Immediate,starter,monthly,29.0,348.0,134,1,1,sales-assisted,174.0,29.0,6,1792
U024969,0.8727288132313191,1,87.27,Critical,87.27,Immediate,starter,monthly,29.0,348.0,213,0,2,self-serve,232.0,29.0,8,1793
U028386,0.8726827451307715,1,87.27,Critical,87.27,Immediate,enterprise,monthly,199.0,2388.0,242,2,2,partner,1791.0,199.0,9,1794
U000719,0.8726426541844845,1,87.26,Critical,87.26,Immediate,professional,annual,79.0,948.0,273,0,1,self-serve,790.0,79.0,10,1795
U027040,0.8724372821282801,1,87.24,Critical,87.24,Immediate,starter,monthly,29.0,348.0,156,0,0,self-serve,174.0,29.0,6,1796
U015018,0.8724372821282801,1,87.24,Critical,87.24,Immediate,starter,monthly,29.0,348.0,156,0,0,self-serve,174.0,29.0,6,1797
U028112,0.8724372821282801,1,87.24,Critical,87.24,Immediate,starter,monthly,29.0,348.0,156,0,0,self-serve,174.0,29.0,6,1798
U008925,0.8722378526442721,1,87.22,Critical,87.22,Immediate,enterprise,monthly,199.0,2388.0,137,1,1,partner,995.0,199.0,5,1799
U000542,0.872192376059851,1,87.22,Critical,87.22,Immediate,enterprise,monthly,199.0,2388.0,154,2,0,self-serve,1194.0,199.0,6,1800
U007088,0.8721873920719685,1,87.22,Critical,87.22,Immediate,enterprise,monthly,199.0,2388.0,495,1,0,self-serve,3582.0,199.0,18,1801
U001049,0.8721797674355038,1,87.22,Critical,87.22,Immediate,starter,monthly,29.0,348.0,351,1,0,self-serve,348.0,29.0,12,1802
U003766,0.8721750410959873,1,87.22,Critical,87.22,Immediate,professional,monthly,79.0,948.0,64,1,0,sales-assisted,237.0,79.0,3,1803
U018785,0.871949562914651,1,87.19,Critical,87.19,Immediate,professional,monthly,79.0,948.0,128,2,0,self-serve,395.0,79.0,5,1804
U021653,0.871949562914651,1,87.19,Critical,87.19,Immediate,professional,monthly,79.0,948.0,128,2,0,self-serve,395.0,79.0,5,1805
U022270,0.87192264670811,1,87.19,Critical,87.19,Immediate,starter,monthly,29.0,348.0,120,0,1,self-serve,116.0,29.0,4,1806
U020524,0.8719089644308533,1,87.19,Critical,87.19,Immediate,starter,monthly,29.0,348.0,124,0,0,self-serve,145.0,29.0,5,1807
U016186,0.8719089644308533,1,87.19,Critical,87.19,Immediate,starter,monthly,29.0,348.0,124,0,0,self-serve,145.0,29.0,5,1808
U023523,0.8718882075321158,1,87.19,Critical,87.19,Immediate,starter,monthly,29.0,348.0,104,2,0,self-serve,116.0,29.0,4,1809
U024353,0.8718517825531769,1,87.19,Critical,87.19,Immediate,starter,monthly,29.0,348.0,49,0,0,partner,87.0,29.0,3,1810
U013968,0.8717966748467887,1,87.18,Critical,87.18,Immediate,starter,monthly,29.0,348.0,323,0,0,sales-assisted,348.0,29.0,12,1811
U024448,0.8716843341575918,1,87.17,Critical,87.17,Immediate,professional,monthly,79.0,948.0,488,0,0,sales-assisted,1343.0,79.0,17,1812
U000563,0.8716835245846407,1,87.17,Critical,87.17,Immediate,starter,monthly,29.0,348.0,113,1,1,self-serve,116.0,29.0,4,1813
U005189,0.8716835245846407,1,87.17,Critical,87.17,Immediate,starter,monthly,29.0,348.0,113,1,1,self-serve,116.0,29.0,4,1814
U001001,0.871552782740482,1,87.16,Critical,87.16,Immediate,starter,monthly,29.0,348.0,267,1,1,sales-assisted,290.0,29.0,10,1815
U026081,0.8714777670996424,1,87.15,Critical,87.15,Immediate,enterprise,monthly,199.0,2388.0,220,1,0,sales-assisted,1592.0,199.0,8,1816
U025792,0.871423727527516,1,87.14,Critical,87.14,Immediate,starter,monthly,29.0,348.0,232,1,1,self-serve,261.0,29.0,9,1817
U014917,0.8713230498550394,1,87.13,Critical,87.13,Immediate,professional,annual,79.0,948.0,108,0,1,self-serve,316.0,79.0,4,1818
U028865,0.8711074204252641,1,87.11,Critical,87.11,Immediate,enterprise,monthly,199.0,2388.0,229,1,0,self-serve,1791.0,199.0,9,1819
U001891,0.8710704720398407,1,87.11,Critical,87.11,Immediate,starter,monthly,29.0,348.0,249,2,0,partner,261.0,29.0,9,1820
U017514,0.8710248149840554,1,87.1,Critical,87.1,Immediate,starter,monthly,29.0,348.0,438,0,0,self-serve,435.0,29.0,15,1821
U025815,0.8709507279324098,1,87.1,Critical,87.1,Immediate,professional,monthly,79.0,948.0,242,0,0,self-serve,711.0,79.0,9,1822
U001471,0.8709077317838517,1,87.09,Critical,87.09,Immediate,starter,monthly,29.0,348.0,365,2,0,sales-assisted,377.0,29.0,13,1823
U006912,0.8708106738159848,1,87.08,Critical,87.08,Immediate,starter,monthly,29.0,348.0,114,0,0,partner,116.0,29.0,4,1824
U004964,0.8707751830305495,1,87.08,Critical,87.08,Immediate,starter,monthly,29.0,348.0,139,0,0,self-serve,145.0,29.0,5,1825
U029318,0.8707751830305495,1,87.08,Critical,87.08,Immediate,starter,monthly,29.0,348.0,139,0,0,self-serve,145.0,29.0,5,1826
U029623,0.8706530913563546,1,87.07,Critical,87.07,Immediate,starter,monthly,29.0,348.0,168,2,0,self-serve,174.0,29.0,6,1827
U025856,0.8705969471432701,1,87.06,Critical,87.06,Immediate,starter,monthly,29.0,348.0,80,1,2,partner,87.0,29.0,3,1828
U020042,0.870477056085878,1,87.05,Critical,87.05,Immediate,professional,monthly,79.0,948.0,235,2,0,sales-assisted,711.0,79.0,9,1829
U001146,0.8703382235498847,1,87.03,Critical,87.03,Immediate,starter,monthly,29.0,348.0,167,1,0,sales-assisted,174.0,29.0,6,1830
U017890,0.8702502004162085,1,87.03,Critical,87.03,Immediate,professional,monthly,79.0,948.0,390,0,1,self-serve,1106.0,79.0,14,1831
U018664,0.870240714557953,1,87.02,Critical,87.02,Immediate,professional,monthly,79.0,948.0,96,2,0,self-serve,316.0,79.0,4,1832
U012890,0.8702371757596359,1,87.02,Critical,87.02,Immediate,professional,monthly,79.0,948.0,48,1,0,partner,158.0,79.0,2,1833
U029210,0.8702363098043481,1,87.02,Critical,87.02,Immediate,starter,monthly,29.0,348.0,169,1,1,sales-assisted,203.0,29.0,7,1834
U008407,0.8701305612966975,1,87.01,Critical,87.01,Immediate,starter,monthly,29.0,348.0,417,3,2,self-serve,435.0,29.0,15,1835
U018317,0.8700202660960159,1,87.0,Critical,87.0,Immediate,starter,monthly,29.0,348.0,355,1,1,partner,348.0,29.0,12,1836
U002043,0.8699342798131366,1,86.99,Critical,86.99,Immediate,enterprise,monthly,199.0,2388.0,99,0,0,sales-assisted,796.0,199.0,4,1837
U002138,0.8698727867486048,1,86.99,Critical,86.99,Immediate,starter,annual,29.0,348.0,71,2,1,self-serve,87.0,29.0,3,1838
U012570,0.8698377342681306,1,86.98,Critical,86.98,Immediate,starter,annual,29.0,348.0,112,1,0,sales-assisted,116.0,29.0,4,1839
U003714,0.8697999383201345,1,86.98,Critical,86.98,Immediate,enterprise,monthly,199.0,2388.0,93,0,0,self-serve,995.0,199.0,5,1840
U022081,0.8696624251303054,1,86.97,Critical,86.97,Immediate,starter,monthly,29.0,348.0,188,0,0,self-serve,203.0,29.0,7,1841
U011244,0.8696624251303054,1,86.97,Critical,86.97,Immediate,starter,monthly,29.0,348.0,188,0,0,self-serve,203.0,29.0,7,1842
U012636,0.8696534540033887,1,86.97,Critical,86.97,Immediate,enterprise,monthly,199.0,2388.0,37,1,0,partner,398.0,199.0,2,1843
U011839,0.8696004627216183,1,86.96,Critical,86.96,Immediate,starter,annual,29.0,348.0,292,0,0,self-serve,290.0,29.0,10,1844
U003929,0.8695906613808277,1,86.96,Critical,86.96,Immediate,professional,monthly,79.0,948.0,169,0,3,self-serve,474.0,79.0,6,1845
U000531,0.8695864909895012,1,86.96,Critical,86.96,Immediate,enterprise,monthly,199.0,2388.0,274,1,1,sales-assisted,1990.0,199.0,10,1846
U004875,0.8695650681894455,1,86.96,Critical,86.96,Immediate,professional,monthly,79.0,948.0,127,1,0,partner,395.0,79.0,5,1847
U017126,0.8695555567233233,1,86.96,Critical,86.96,Immediate,starter,monthly,29.0,348.0,246,0,1,self-serve,261.0,29.0,9,1848
U008430,0.8695370184414625,1,86.95,Critical,86.95,Immediate,starter,annual,29.0,348.0,140,0,0,sales-assisted,145.0,29.0,5,1849
U015159,0.8694702460523003,1,86.95,Critical,86.95,Immediate,enterprise,annual,199.0,2388.0,17,0,1,self-serve,398.0,199.0,2,1850
U025146,0.8694626999001926,1,86.95,Critical,86.95,Immediate,starter,annual,29.0,348.0,169,2,0,self-serve,174.0,29.0,6,1851
U024911,0.8694287676667348,1,86.94,Critical,86.94,Immediate,starter,annual,29.0,348.0,69,0,0,sales-assisted,87.0,29.0,3,1852
U016647,0.8694054083130078,1,86.94,Critical,86.94,Immediate,starter,monthly,29.0,348.0,170,1,1,self-serve,174.0,29.0,6,1853
U026207,0.8693867578244256,1,86.94,Critical,86.94,Immediate,starter,monthly,29.0,348.0,33,1,2,self-serve,58.0,29.0,2,1854
U006512,0.8691400188838192,1,86.91,Critical,86.91,Immediate,professional,annual,79.0,948.0,173,1,0,sales-assisted,474.0,79.0,6,1855
U016461,0.8691303436627631,1,86.91,Critical,86.91,Immediate,professional,annual,79.0,948.0,143,0,0,sales-assisted,395.0,79.0,5,1856
U018032,0.8689184735503882,1,86.89,Critical,86.89,Immediate,enterprise,annual,199.0,2388.0,228,0,0,sales-assisted,1592.0,199.0,8,1857
U021158,0.8687429797337028,1,86.87,Critical,86.87,Immediate,starter,monthly,29.0,348.0,23,1,0,self-serve,29.0,29.0,1,1858
U028819,0.8686422807185398,1,86.86,Critical,86.86,Immediate,starter,annual,29.0,348.0,313,1,0,sales-assisted,319.0,29.0,11,1859
U008693,0.8684788735853652,1,86.85,Critical,86.85,Immediate,starter,annual,29.0,348.0,85,2,1,self-serve,116.0,29.0,4,1860
U006286,0.8684721339667776,1,86.85,Critical,86.85,Immediate,professional,monthly,79.0,948.0,493,0,0,sales-assisted,1343.0,79.0,17,1861
U018771,0.8683973301576141,1,86.84,Critical,86.84,Immediate,starter,monthly,29.0,348.0,454,0,0,self-serve,464.0,29.0,16,1862
U007838,0.868265472976239,1,86.83,Critical,86.83,Immediate,professional,monthly,79.0,948.0,83,2,0,self-serve,237.0,79.0,3,1863
U020491,0.8681022583362231,1,86.81,Critical,86.81,Immediate,starter,monthly,29.0,348.0,164,2,0,self-serve,174.0,29.0,6,1864
U015983,0.868096242850555,1,86.81,Critical,86.81,Immediate,starter,monthly,29.0,348.0,245,0,0,sales-assisted,261.0,29.0,9,1865
U012716,0.868090035830749,1,86.81,Critical,86.81,Immediate,starter,annual,29.0,348.0,275,1,1,self-serve,290.0,29.0,10,1866
U011106,0.8680257900732525,1,86.8,Critical,86.8,Immediate,starter,monthly,29.0,348.0,132,2,1,self-serve,145.0,29.0,5,1867
U019167,0.8680257900732525,1,86.8,Critical,86.8,Immediate,starter,monthly,29.0,348.0,132,2,1,self-serve,145.0,29.0,5,1868
U017353,0.8680257900732525,1,86.8,Critical,86.8,Immediate,starter,monthly,29.0,348.0,132,2,1,self-serve,145.0,29.0,5,1869
U007341,0.8677170340963464,1,86.77,Critical,86.77,Immediate,starter,monthly,29.0,348.0,246,0,0,sales-assisted,261.0,29.0,9,1870
U010762,0.8676975731177972,1,86.77,Critical,86.77,Immediate,starter,monthly,29.0,348.0,103,2,0,self-serve,116.0,29.0,4,1871
U028647,0.8676975731177972,1,86.77,Critical,86.77,Immediate,starter,monthly,29.0,348.0,103,2,0,self-serve,116.0,29.0,4,1872
U012914,0.8674777371005471,1,86.75,Critical,86.75,Immediate,starter,annual,29.0,348.0,211,0,1,self-serve,232.0,29.0,8,1873
U022351,0.8673965425500209,1,86.74,Critical,86.74,Immediate,starter,annual,29.0,348.0,193,1,1,sales-assisted,203.0,29.0,7,1874
U019868,0.8673950340191696,1,86.74,Critical,86.74,Immediate,professional,monthly,79.0,948.0,234,0,1,self-serve,711.0,79.0,9,1875
U028500,0.8671879382231827,1,86.72,Critical,86.72,Immediate,starter,monthly,29.0,348.0,186,2,0,sales-assisted,203.0,29.0,7,1876
U027205,0.8671520605836918,1,86.72,Critical,86.72,Immediate,professional,monthly,79.0,948.0,386,3,0,sales-assisted,1106.0,79.0,14,1877
U001341,0.8669915846544939,1,86.7,Critical,86.7,Immediate,starter,monthly,29.0,348.0,93,0,0,sales-assisted,116.0,29.0,4,1878
U000652,0.8669915846544939,1,86.7,Critical,86.7,Immediate,starter,monthly,29.0,348.0,93,0,0,sales-assisted,116.0,29.0,4,1879
U003993,0.8669915846544939,1,86.7,Critical,86.7,Immediate,starter,monthly,29.0,348.0,93,0,0,sales-assisted,116.0,29.0,4,1880
U011742,0.8669788957350969,1,86.7,Critical,86.7,Immediate,starter,monthly,29.0,348.0,90,0,0,self-serve,87.0,29.0,3,1881
U026713,0.8668244890214619,1,86.68,Critical,86.68,Immediate,starter,monthly,29.0,348.0,198,0,0,sales-assisted,203.0,29.0,7,1882
U019393,0.8668244890214619,1,86.68,Critical,86.68,Immediate,starter,monthly,29.0,348.0,198,0,0,sales-assisted,203.0,29.0,7,1883
U022227,0.8667302284972696,1,86.67,Critical,86.67,Immediate,professional,monthly,79.0,948.0,37,2,0,sales-assisted,158.0,79.0,2,1884
U003789,0.866677230794429,1,86.67,Critical,86.67,Immediate,enterprise,monthly,199.0,2388.0,153,1,1,sales-assisted,1194.0,199.0,6,1885
U023717,0.8666340988423856,1,86.66,Critical,86.66,Immediate,starter,monthly,29.0,348.0,138,0,0,self-serve,145.0,29.0,5,1886
U007620,0.8666340988423856,1,86.66,Critical,86.66,Immediate,starter,monthly,29.0,348.0,138,0,0,self-serve,145.0,29.0,5,1887
U013962,0.8666303694517825,1,86.66,Critical,86.66,Immediate,professional,monthly,79.0,948.0,136,0,0,self-serve,395.0,79.0,5,1888
U004873,0.8666303694517825,1,86.66,Critical,86.66,Immediate,professional,monthly,79.0,948.0,136,0,0,self-serve,395.0,79.0,5,1889
U007778,0.8665419137149822,1,86.65,Critical,86.65,Immediate,enterprise,monthly,199.0,2388.0,304,0,0,self-serve,2189.0,199.0,11,1890
U025928,0.8663072460858107,1,86.63,Critical,86.63,Immediate,professional,monthly,79.0,948.0,165,2,0,self-serve,474.0,79.0,6,1891
U016059,0.8661923644632852,1,86.62,Critical,86.62,Immediate,enterprise,annual,199.0,2388.0,127,4,1,partner,995.0,199.0,5,1892
U015690,0.8661782573794071,1,86.62,Critical,86.62,Immediate,starter,monthly,29.0,348.0,125,1,0,sales-assisted,145.0,29.0,5,1893
U011351,0.8661782573794071,1,86.62,Critical,86.62,Immediate,starter,monthly,29.0,348.0,125,1,0,sales-assisted,145.0,29.0,5,1894
U023641,0.8661782573794071,1,86.62,Critical,86.62,Immediate,starter,monthly,29.0,348.0,125,1,0,sales-assisted,145.0,29.0,5,1895
U017550,0.8661472340646948,1,86.61,Critical,86.61,Immediate,starter,monthly,29.0,348.0,351,1,0,self-serve,348.0,29.0,12,1896
U007393,0.8660705984389517,1,86.61,Critical,86.61,Immediate,starter,monthly,29.0,348.0,52,3,1,sales-assisted,58.0,29.0,2,1897
U009717,0.865955976504316,1,86.6,Critical,86.6,Immediate,professional,monthly,79.0,948.0,224,2,0,self-serve,632.0,79.0,8,1898
U009794,0.865955976504316,1,86.6,Critical,86.6,Immediate,professional,monthly,79.0,948.0,224,2,0,self-serve,632.0,79.0,8,1899
U001402,0.8658273862229506,1,86.58,Critical,86.58,Immediate,starter,monthly,29.0,348.0,319,0,1,self-serve,319.0,29.0,11,1900
U005416,0.8658125280208018,1,86.58,Critical,86.58,Immediate,professional,monthly,79.0,948.0,98,1,0,partner,316.0,79.0,4,1901
U000107,0.8658103520983693,1,86.58,Critical,86.58,Immediate,starter,monthly,29.0,348.0,139,2,1,self-serve,145.0,29.0,5,1902
U025653,0.8656933662404657,1,86.57,Critical,86.57,Immediate,professional,monthly,79.0,948.0,165,0,0,sales-assisted,474.0,79.0,6,1903
U029971,0.8656933662404657,1,86.57,Critical,86.57,Immediate,professional,monthly,79.0,948.0,165,0,0,sales-assisted,474.0,79.0,6,1904
U028110,0.8655514746348759,1,86.56,Critical,86.56,Immediate,starter,monthly,29.0,348.0,66,1,2,self-serve,87.0,29.0,3,1905
U016998,0.8654851431216677,1,86.55,Critical,86.55,Immediate,starter,annual,29.0,348.0,44,1,0,sales-assisted,58.0,29.0,2,1906
U017104,0.8654851431216677,1,86.55,Critical,86.55,Immediate,starter,annual,29.0,348.0,44,1,0,sales-assisted,58.0,29.0,2,1907
U023149,0.8654757907029328,1,86.55,Critical,86.55,Immediate,starter,monthly,29.0,348.0,26,1,0,self-serve,29.0,29.0,1,1908
U002582,0.8654757907029328,1,86.55,Critical,86.55,Immediate,starter,monthly,29.0,348.0,26,1,0,self-serve,29.0,29.0,1,1909
U021809,0.8653799934354315,1,86.54,Critical,86.54,Immediate,starter,monthly,29.0,348.0,181,1,1,sales-assisted,203.0,29.0,7,1910
U028785,0.8653799934354315,1,86.54,Critical,86.54,Immediate,starter,monthly,29.0,348.0,181,1,1,sales-assisted,203.0,29.0,7,1911
U026628,0.8651845096118113,1,86.52,Critical,86.52,Immediate,professional,monthly,79.0,948.0,415,0,0,self-serve,1185.0,79.0,15,1912
U006276,0.8651715145050111,1,86.52,Critical,86.52,Immediate,professional,annual,79.0,948.0,181,0,0,self-serve,553.0,79.0,7,1913
U015446,0.8649195335974689,1,86.49,Critical,86.49,Immediate,professional,monthly,79.0,948.0,212,1,1,self-serve,632.0,79.0,8,1914
U029074,0.8648442689772707,1,86.48,Critical,86.48,Immediate,professional,annual,79.0,948.0,152,1,0,self-serve,395.0,79.0,5,1915
U000440,0.8648254133658436,1,86.48,Critical,86.48,Immediate,enterprise,monthly,199.0,2388.0,189,3,0,self-serve,1393.0,199.0,7,1916
U007698,0.864817041612687,1,86.48,Critical,86.48,Immediate,starter,monthly,29.0,348.0,236,0,0,sales-assisted,232.0,29.0,8,1917
U027107,0.8646454033042565,1,86.46,Critical,86.46,Immediate,starter,annual,29.0,348.0,323,0,1,self-serve,348.0,29.0,12,1918
U022774,0.8645081607322138,1,86.45,Critical,86.45,Immediate,professional,monthly,79.0,948.0,148,0,1,sales-assisted,395.0,79.0,5,1919
U018681,0.8644419868325514,1,86.44,Critical,86.44,Immediate,starter,monthly,29.0,348.0,280,0,1,self-serve,290.0,29.0,10,1920
U024182,0.8642070468206646,1,86.42,Critical,86.42,Immediate,starter,annual,29.0,348.0,204,1,0,sales-assisted,203.0,29.0,7,1921
U002086,0.8642010692610241,1,86.42,Critical,86.42,Immediate,starter,monthly,29.0,348.0,201,2,0,partner,203.0,29.0,7,1922
U010291,0.8639972161524033,1,86.4,Critical,86.4,Immediate,professional,annual,79.0,948.0,101,0,0,partner,316.0,79.0,4,1923
U009442,0.8639656432035525,1,86.4,Critical,86.4,Immediate,professional,monthly,79.0,948.0,77,1,0,self-serve,237.0,79.0,3,1924
U029495,0.8638769257289438,1,86.39,Critical,86.39,Immediate,starter,monthly,29.0,348.0,246,1,0,partner,261.0,29.0,9,1925
U015928,0.8638139728070116,1,86.38,Critical,86.38,Immediate,enterprise,monthly,199.0,2388.0,226,0,0,sales-assisted,1592.0,199.0,8,1926
U024109,0.8637306652755996,1,86.37,Critical,86.37,Immediate,starter,monthly,29.0,348.0,141,2,0,self-serve,145.0,29.0,5,1927
U026838,0.8636841930817216,1,86.37,Critical,86.37,Immediate,professional,monthly,79.0,948.0,204,2,0,self-serve,553.0,79.0,7,1928
U020852,0.8635566459441397,1,86.36,Critical,86.36,Immediate,starter,monthly,29.0,348.0,42,2,0,sales-assisted,58.0,29.0,2,1929
U016752,0.8634984827042975,1,86.35,Critical,86.35,Immediate,enterprise,annual,199.0,2388.0,81,0,0,sales-assisted,597.0,199.0,3,1930
U020302,0.8634522533796081,1,86.35,Critical,86.35,Immediate,professional,monthly,79.0,948.0,142,2,1,self-serve,474.0,79.0,6,1931
U008380,0.8632606071522292,1,86.33,Critical,86.33,Immediate,starter,monthly,29.0,348.0,344,1,0,self-serve,348.0,29.0,12,1932
U000650,0.8632606071522292,1,86.33,Critical,86.33,Immediate,starter,monthly,29.0,348.0,344,1,0,self-serve,348.0,29.0,12,1933
U009335,0.8631758937772815,1,86.32,Critical,86.32,Immediate,starter,monthly,29.0,348.0,156,2,0,partner,174.0,29.0,6,1934
U002002,0.8631733711911693,1,86.32,Critical,86.32,Immediate,starter,monthly,29.0,348.0,191,0,1,sales-assisted,203.0,29.0,7,1935
U021236,0.8628223699528028,1,86.28,Critical,86.28,Immediate,professional,monthly,79.0,948.0,163,0,0,sales-assisted,474.0,79.0,6,1936
U007117,0.8625069167847073,1,86.25,Critical,86.25,Immediate,professional,monthly,79.0,948.0,247,1,1,sales-assisted,711.0,79.0,9,1937
U028777,0.8624269730804711,1,86.24,Critical,86.24,Immediate,starter,annual,29.0,348.0,207,1,0,self-serve,203.0,29.0,7,1938
U023503,0.8622695186405068,1,86.23,Critical,86.23,Immediate,professional,monthly,79.0,948.0,291,0,0,sales-assisted,869.0,79.0,11,1939
U011747,0.8622202390260374,1,86.22,Critical,86.22,Immediate,professional,monthly,79.0,948.0,193,2,0,self-serve,553.0,79.0,7,1940
U019981,0.8621923334906731,1,86.22,Critical,86.22,Immediate,professional,monthly,79.0,948.0,62,1,0,self-serve,237.0,79.0,3,1941
U027086,0.8621390935643676,1,86.21,Critical,86.21,Immediate,enterprise,annual,199.0,2388.0,28,1,0,partner,398.0,199.0,2,1942
U016846,0.8621111073130456,1,86.21,Critical,86.21,Immediate,starter,monthly,29.0,348.0,247,1,1,sales-assisted,261.0,29.0,9,1943
U028814,0.862004578385697,1,86.2,Critical,86.2,Immediate,professional,monthly,79.0,948.0,144,0,2,sales-assisted,395.0,79.0,5,1944
U007020,0.8619972255415159,1,86.2,Critical,86.2,Immediate,professional,monthly,79.0,948.0,252,1,2,sales-assisted,711.0,79.0,9,1945
U009220,0.8617965881486729,1,86.18,Critical,86.18,Immediate,professional,monthly,79.0,948.0,232,1,2,partner,632.0,79.0,8,1946
U000863,0.8617509445349854,1,86.18,Critical,86.18,Immediate,starter,monthly,29.0,348.0,143,2,0,partner,145.0,29.0,5,1947
U027637,0.8615905130702611,1,86.16,Critical,86.16,Immediate,starter,monthly,29.0,348.0,160,0,0,self-serve,174.0,29.0,6,1948
U010161,0.8614746087062511,1,86.15,Critical,86.15,Immediate,enterprise,monthly,199.0,2388.0,86,1,0,sales-assisted,796.0,199.0,4,1949
U021649,0.8613654530348643,1,86.14,Critical,86.14,Immediate,professional,annual,79.0,948.0,276,0,0,sales-assisted,790.0,79.0,10,1950
U013105,0.861306754409087,1,86.13,Critical,86.13,Immediate,professional,monthly,79.0,948.0,244,1,0,partner,711.0,79.0,9,1951
U013549,0.8612192265606311,1,86.12,Critical,86.12,Immediate,starter,annual,29.0,348.0,121,1,0,self-serve,116.0,29.0,4,1952
U021250,0.8611885055340817,1,86.12,Critical,86.12,Immediate,enterprise,annual,199.0,2388.0,219,1,0,self-serve,1592.0,199.0,8,1953
U016102,0.8610826416602627,1,86.11,Critical,86.11,Immediate,starter,monthly,29.0,348.0,155,0,0,self-serve,174.0,29.0,6,1954
U018332,0.8610826416602627,1,86.11,Critical,86.11,Immediate,starter,monthly,29.0,348.0,155,0,0,self-serve,174.0,29.0,6,1955
U021446,0.8610826416602627,1,86.11,Critical,86.11,Immediate,starter,monthly,29.0,348.0,155,0,0,self-serve,174.0,29.0,6,1956
U016238,0.8610822953111047,1,86.11,Critical,86.11,Immediate,professional,monthly,79.0,948.0,344,2,0,sales-assisted,948.0,79.0,12,1957
U026108,0.8610658719260839,1,86.11,Critical,86.11,Immediate,starter,annual,29.0,348.0,171,2,0,self-serve,174.0,29.0,6,1958
U017148,0.8610608486193408,1,86.11,Critical,86.11,Immediate,professional,monthly,79.0,948.0,319,0,2,self-serve,869.0,79.0,11,1959
U029482,0.8610433823657339,1,86.1,Critical,86.1,Immediate,starter,monthly,29.0,348.0,311,0,1,partner,319.0,29.0,11,1960
U024600,0.8609898619272411,1,86.1,Critical,86.1,Immediate,enterprise,monthly,199.0,2388.0,288,1,0,sales-assisted,2189.0,199.0,11,1961
U005757,0.8609805019550669,1,86.1,Critical,86.1,Immediate,starter,monthly,29.0,348.0,259,0,0,self-serve,290.0,29.0,10,1962
U017320,0.8608177343286045,1,86.08,Critical,86.08,Immediate,professional,monthly,79.0,948.0,234,0,2,self-serve,632.0,79.0,8,1963
U024936,0.8607125584422142,1,86.07,Critical,86.07,Immediate,starter,monthly,29.0,348.0,220,1,0,sales-assisted,232.0,29.0,8,1964
U005194,0.8607026516152572,1,86.07,Critical,86.07,Immediate,professional,monthly,79.0,948.0,199,0,1,partner,553.0,79.0,7,1965
U000020,0.8606553951062725,1,86.07,Critical,86.07,Immediate,enterprise,annual,199.0,2388.0,185,2,0,self-serve,1393.0,199.0,7,1966
U006724,0.8606280084145532,1,86.06,Critical,86.06,Immediate,starter,monthly,29.0,348.0,347,1,0,self-serve,348.0,29.0,12,1967
U002765,0.860538297202118,1,86.05,Critical,86.05,Immediate,starter,monthly,29.0,348.0,30,0,1,sales-assisted,58.0,29.0,2,1968
U004717,0.8605366694639196,1,86.05,Critical,86.05,Immediate,starter,monthly,29.0,348.0,202,0,0,sales-assisted,203.0,29.0,7,1969
U017736,0.8605366694639196,1,86.05,Critical,86.05,Immediate,starter,monthly,29.0,348.0,202,0,0,sales-assisted,203.0,29.0,7,1970
U005678,0.8603763370361944,1,86.04,Critical,86.04,Immediate,starter,monthly,29.0,348.0,35,2,0,self-serve,58.0,29.0,2,1971
U021785,0.8603524013084956,1,86.04,Critical,86.04,Immediate,starter,monthly,29.0,348.0,105,0,0,partner,116.0,29.0,4,1972
U006688,0.8602576873376171,1,86.03,Critical,86.03,Immediate,starter,monthly,29.0,348.0,155,0,2,partner,174.0,29.0,6,1973
U025549,0.8602389227863254,1,86.02,Critical,86.02,Immediate,starter,monthly,29.0,348.0,73,0,1,self-serve,87.0,29.0,3,1974
U020888,0.8602199383823476,1,86.02,Critical,86.02,Immediate,professional,monthly,79.0,948.0,77,2,0,self-serve,237.0,79.0,3,1975
U004401,0.8601586896318668,1,86.02,Critical,86.02,Immediate,starter,monthly,29.0,348.0,311,2,1,sales-assisted,319.0,29.0,11,1976
U005987,0.8601445320893555,1,86.01,Critical,86.01,Immediate,professional,monthly,79.0,948.0,388,1,0,sales-assisted,1106.0,79.0,14,1977
U007205,0.8600625202326431,1,86.01,Critical,86.01,Immediate,starter,monthly,29.0,348.0,156,0,1,sales-assisted,174.0,29.0,6,1978
U020305,0.8600258178110217,1,86.0,Critical,86.0,Immediate,starter,annual,29.0,348.0,195,2,0,partner,203.0,29.0,7,1979
U019035,0.8599492896622225,1,85.99,Critical,85.99,Immediate,professional,monthly,79.0,948.0,187,0,0,self-serve,553.0,79.0,7,1980
U003721,0.8599492896622225,1,85.99,Critical,85.99,Immediate,professional,monthly,79.0,948.0,187,0,0,self-serve,553.0,79.0,7,1981
U002451,0.8598486567366357,1,85.98,Critical,85.98,Immediate,enterprise,annual,199.0,2388.0,192,1,1,self-serve,1592.0,199.0,8,1982
U028866,0.859755481287027,1,85.98,Critical,85.98,Immediate,professional,monthly,79.0,948.0,97,3,0,partner,316.0,79.0,4,1983
U024931,0.8597263633601466,1,85.97,Critical,85.97,Immediate,enterprise,monthly,199.0,2388.0,60,2,2,sales-assisted,597.0,199.0,3,1984
U019668,0.859664111473021,1,85.97,Critical,85.97,Immediate,professional,monthly,79.0,948.0,64,1,1,sales-assisted,237.0,79.0,3,1985
U015502,0.8596453188664667,1,85.96,Critical,85.96,Immediate,professional,monthly,79.0,948.0,183,1,0,self-serve,553.0,79.0,7,1986
U001191,0.8596453188664667,1,85.96,Critical,85.96,Immediate,professional,monthly,79.0,948.0,183,1,0,self-serve,553.0,79.0,7,1987
U004692,0.8595954477597227,1,85.96,Critical,85.96,Immediate,starter,annual,29.0,348.0,302,0,0,sales-assisted,319.0,29.0,11,1988
U018183,0.8595676464860788,1,85.96,Critical,85.96,Immediate,starter,monthly,29.0,348.0,222,0,2,self-serve,232.0,29.0,8,1989
U017588,0.8595509520596831,1,85.96,Critical,85.96,Immediate,enterprise,monthly,199.0,2388.0,92,1,0,sales-assisted,796.0,199.0,4,1990
U024927,0.8594020213217004,1,85.94,Critical,85.94,Immediate,starter,monthly,29.0,348.0,73,0,0,self-serve,87.0,29.0,3,1991
U022829,0.8593164627343018,1,85.93,Critical,85.93,Immediate,starter,monthly,29.0,348.0,335,2,1,self-serve,348.0,29.0,12,1992
U024609,0.8591741354031094,1,85.92,Critical,85.92,Immediate,starter,annual,29.0,348.0,26,0,1,self-serve,58.0,29.0,2,1993
U016148,0.8590799147973383,1,85.91,Critical,85.91,Immediate,professional,annual,79.0,948.0,104,2,0,sales-assisted,316.0,79.0,4,1994
U014133,0.8590734706294136,1,85.91,Critical,85.91,Immediate,starter,monthly,29.0,348.0,192,2,2,self-serve,203.0,29.0,7,1995
U017893,0.8590281750756841,1,85.9,Critical,85.9,Immediate,starter,monthly,29.0,348.0,221,0,0,sales-assisted,232.0,29.0,8,1996
U010156,0.859027075810164,1,85.9,Critical,85.9,Immediate,professional,annual,79.0,948.0,374,2,1,self-serve,1106.0,79.0,14,1997
U009854,0.8590044142573009,1,85.9,Critical,85.9,Immediate,starter,monthly,29.0,348.0,107,0,2,partner,116.0,29.0,4,1998
U002899,0.8589903522987336,1,85.9,Critical,85.9,Immediate,professional,monthly,79.0,948.0,154,1,1,self-serve,474.0,79.0,6,1999
U014303,0.8589680806042088,1,85.9,Critical,85.9,Immediate,starter,monthly,29.0,348.0,62,0,1,sales-assisted,87.0,29.0,3,2000
U006451,0.8588580601248326,1,85.89,Critical,85.89,Immediate,professional,monthly,79.0,948.0,410,0,1,self-serve,1185.0,79.0,15,2001
U014460,0.8587657095261579,1,85.88,Critical,85.88,Immediate,professional,monthly,79.0,948.0,183,2,0,self-serve,474.0,79.0,6,2002
U009735,0.8586708708697931,1,85.87,Critical,85.87,Immediate,enterprise,annual,199.0,2388.0,150,0,0,partner,1194.0,199.0,6,2003
U004688,0.8586645129265423,1,85.87,Critical,85.87,Immediate,starter,monthly,29.0,348.0,323,0,0,self-serve,319.0,29.0,11,2004
U026992,0.8586645129265423,1,85.87,Critical,85.87,Immediate,starter,monthly,29.0,348.0,323,0,0,self-serve,319.0,29.0,11,2005
U002602,0.8586645129265423,1,85.87,Critical,85.87,Immediate,starter,monthly,29.0,348.0,323,0,0,self-serve,319.0,29.0,11,2006
U008607,0.8586477906565306,1,85.86,Critical,85.86,Immediate,starter,monthly,29.0,348.0,190,0,0,sales-assisted,203.0,29.0,7,2007
U008835,0.8586445793743275,1,85.86,Critical,85.86,Immediate,starter,monthly,29.0,348.0,159,0,0,self-serve,174.0,29.0,6,2008
U018635,0.8586445793743275,1,85.86,Critical,85.86,Immediate,starter,monthly,29.0,348.0,159,0,0,self-serve,174.0,29.0,6,2009
U014385,0.8582969463281105,1,85.83,Critical,85.83,Immediate,starter,monthly,29.0,348.0,107,0,0,self-serve,116.0,29.0,4,2010
U015755,0.8582391248124013,1,85.82,Critical,85.82,Immediate,starter,monthly,29.0,348.0,182,2,1,sales-assisted,203.0,29.0,7,2011
U029265,0.8580614024746354,1,85.81,Critical,85.81,Immediate,starter,monthly,29.0,348.0,156,1,0,partner,174.0,29.0,6,2012
U016967,0.8580161358841991,1,85.8,Critical,85.8,Immediate,starter,monthly,29.0,348.0,104,1,0,partner,116.0,29.0,4,2013
U002324,0.857948866386482,1,85.79,Critical,85.79,Immediate,starter,annual,29.0,348.0,125,0,0,sales-assisted,145.0,29.0,5,2014
U005025,0.8579334028503952,1,85.79,Critical,85.79,Immediate,starter,annual,29.0,348.0,107,0,0,self-serve,116.0,29.0,4,2015
U002248,0.8579334028503952,1,85.79,Critical,85.79,Immediate,starter,annual,29.0,348.0,107,0,0,self-serve,116.0,29.0,4,2016
U010627,0.8579326108150283,1,85.79,Critical,85.79,Immediate,professional,monthly,79.0,948.0,47,0,1,self-serve,158.0,79.0,2,2017
U014252,0.8577427150866621,1,85.77,Critical,85.77,Immediate,starter,monthly,29.0,348.0,230,1,0,partner,232.0,29.0,8,2018
U004251,0.8575780792428874,1,85.76,Critical,85.76,Immediate,professional,annual,79.0,948.0,62,0,1,self-serve,237.0,79.0,3,2019
U003040,0.8571317284980947,1,85.71,Critical,85.71,Immediate,starter,monthly,29.0,348.0,93,0,0,self-serve,116.0,29.0,4,2020
U018036,0.8571317284980947,1,85.71,Critical,85.71,Immediate,starter,monthly,29.0,348.0,93,0,0,self-serve,116.0,29.0,4,2021
U003364,0.8570957054917717,1,85.71,Critical,85.71,Immediate,enterprise,monthly,199.0,2388.0,172,0,0,sales-assisted,1393.0,199.0,7,2022
U020021,0.8569764838860726,1,85.7,Critical,85.7,Immediate,starter,monthly,29.0,348.0,247,1,0,self-serve,261.0,29.0,9,2023
U005263,0.8569581756055805,1,85.7,Critical,85.7,Immediate,starter,monthly,29.0,348.0,260,1,0,sales-assisted,261.0,29.0,9,2024
U023335,0.8569581756055805,1,85.7,Critical,85.7,Immediate,starter,monthly,29.0,348.0,260,1,0,sales-assisted,261.0,29.0,9,2025
U002399,0.8569198003153455,1,85.69,Critical,85.69,Immediate,professional,monthly,79.0,948.0,93,0,1,sales-assisted,316.0,79.0,4,2026
U022189,0.856727636967452,1,85.67,Critical,85.67,Immediate,professional,monthly,79.0,948.0,176,1,1,partner,553.0,79.0,7,2027
U020591,0.8566253593883505,1,85.66,Critical,85.66,Immediate,starter,monthly,29.0,348.0,96,0,1,sales-assisted,116.0,29.0,4,2028
U002592,0.8565313709881567,1,85.65,Critical,85.65,Immediate,professional,monthly,79.0,948.0,82,2,0,self-serve,237.0,79.0,3,2029
U013425,0.8565235117008865,1,85.65,Critical,85.65,Immediate,starter,monthly,29.0,348.0,71,1,3,sales-assisted,87.0,29.0,3,2030
U008757,0.8564625752308848,1,85.65,Critical,85.65,Immediate,starter,monthly,29.0,348.0,99,1,2,self-serve,116.0,29.0,4,2031
U007491,0.856439502699241,1,85.64,Critical,85.64,Immediate,professional,annual,79.0,948.0,29,3,1,self-serve,158.0,79.0,2,2032
U018829,0.8562170018511849,1,85.62,Critical,85.62,Immediate,starter,monthly,29.0,348.0,47,1,1,self-serve,58.0,29.0,2,2033
U000349,0.8561323362226623,1,85.61,Critical,85.61,Immediate,professional,monthly,79.0,948.0,211,1,0,self-serve,553.0,79.0,7,2034
U016118,0.8560919981996119,1,85.61,Critical,85.61,Immediate,professional,annual,79.0,948.0,106,1,1,self-serve,316.0,79.0,4,2035
U020498,0.8560026306030174,1,85.6,Critical,85.6,Immediate,starter,monthly,29.0,348.0,304,0,0,self-serve,319.0,29.0,11,2036
U002730,0.8559866960036546,1,85.6,Critical,85.6,Immediate,professional,monthly,79.0,948.0,189,0,0,sales-assisted,553.0,79.0,7,2037
U012328,0.8559335079192454,1,85.59,Critical,85.59,Immediate,starter,monthly,29.0,348.0,37,0,1,self-serve,58.0,29.0,2,2038
U008058,0.855857141664147,1,85.59,Critical,85.59,Immediate,starter,monthly,29.0,348.0,95,0,0,self-serve,116.0,29.0,4,2039
U016528,0.855857141664147,1,85.59,Critical,85.59,Immediate,starter,monthly,29.0,348.0,95,0,0,self-serve,116.0,29.0,4,2040
U020441,0.8558500483668945,1,85.59,Critical,85.59,Immediate,starter,monthly,29.0,348.0,310,1,2,self-serve,319.0,29.0,11,2041
U013402,0.8557989753854857,1,85.58,Critical,85.58,Immediate,starter,monthly,29.0,348.0,90,0,1,self-serve,87.0,29.0,3,2042
U022476,0.8555914862224457,1,85.56,Critical,85.56,Immediate,starter,annual,29.0,348.0,291,0,0,self-serve,290.0,29.0,10,2043
U028150,0.8555855476608163,1,85.56,Critical,85.56,Immediate,starter,monthly,29.0,348.0,170,0,1,self-serve,174.0,29.0,6,2044
U028270,0.8554991482217129,1,85.55,Critical,85.55,Immediate,starter,annual,29.0,348.0,141,0,0,self-serve,145.0,29.0,5,2045
U008532,0.855450063530379,1,85.55,Critical,85.55,Immediate,enterprise,monthly,199.0,2388.0,194,0,1,sales-assisted,1393.0,199.0,7,2046
U015562,0.8554079586359707,1,85.54,Critical,85.54,Immediate,professional,monthly,79.0,948.0,131,1,1,partner,395.0,79.0,5,2047
U012841,0.8552718354735157,1,85.53,Critical,85.53,Immediate,starter,monthly,29.0,348.0,171,0,2,self-serve,174.0,29.0,6,2048
U015860,0.8551343874476607,1,85.51,Critical,85.51,Immediate,starter,monthly,29.0,348.0,26,1,1,sales-assisted,58.0,29.0,2,2049
U021001,0.8550427101783538,1,85.5,Critical,85.5,Immediate,starter,monthly,29.0,348.0,281,0,1,self-serve,290.0,29.0,10,2050
U009249,0.8549896334083659,1,85.5,Critical,85.5,Immediate,professional,monthly,79.0,948.0,155,0,0,self-serve,474.0,79.0,6,2051
U021034,0.8549591879132368,1,85.5,Critical,85.5,Immediate,starter,monthly,29.0,348.0,106,1,1,sales-assisted,116.0,29.0,4,2052
U023317,0.854876607465034,1,85.49,Critical,85.49,Immediate,professional,monthly,79.0,948.0,33,0,1,sales-assisted,158.0,79.0,2,2053
U011599,0.8547729742481323,1,85.48,Critical,85.48,Immediate,professional,annual,79.0,948.0,50,0,0,sales-assisted,158.0,79.0,2,2054
U021997,0.8546942854465512,1,85.47,Critical,85.47,Immediate,starter,monthly,29.0,348.0,294,1,1,self-serve,319.0,29.0,11,2055
U008682,0.8546429622746403,1,85.46,Critical,85.46,Immediate,enterprise,monthly,199.0,2388.0,104,0,1,self-serve,796.0,199.0,4,2056
U010783,0.8546317407075174,1,85.46,Critical,85.46,Immediate,starter,monthly,29.0,348.0,142,0,0,self-serve,145.0,29.0,5,2057
U020741,0.8543649503483961,1,85.44,Critical,85.44,Immediate,starter,annual,29.0,348.0,162,0,1,partner,174.0,29.0,6,2058
U023465,0.8543517773252095,1,85.44,Critical,85.44,Immediate,starter,monthly,29.0,348.0,162,0,2,sales-assisted,174.0,29.0,6,2059
U013773,0.8543432808693029,1,85.43,Critical,85.43,Immediate,starter,monthly,29.0,348.0,195,2,2,sales-assisted,203.0,29.0,7,2060
U026536,0.8542019496441946,1,85.42,Critical,85.42,Immediate,starter,annual,29.0,348.0,359,0,0,self-serve,348.0,29.0,12,2061
U013649,0.8540875280285661,1,85.41,Critical,85.41,Immediate,starter,annual,29.0,348.0,311,3,0,self-serve,319.0,29.0,11,2062
U017221,0.8540848747946244,1,85.41,Critical,85.41,Immediate,professional,annual,79.0,948.0,122,2,1,sales-assisted,395.0,79.0,5,2063
U029034,0.8537516402402715,1,85.38,Critical,85.38,Immediate,starter,monthly,29.0,348.0,394,1,0,sales-assisted,406.0,29.0,14,2064
U011807,0.8536094639988285,1,85.36,Critical,85.36,Immediate,professional,annual,79.0,948.0,129,0,1,self-serve,395.0,79.0,5,2065
U025870,0.8534429006134915,1,85.34,Critical,85.34,Immediate,professional,monthly,79.0,948.0,95,1,0,sales-assisted,316.0,79.0,4,2066
U000909,0.853317329002277,1,85.33,Critical,85.33,Immediate,professional,annual,79.0,948.0,260,1,1,self-serve,711.0,79.0,9,2067
U025895,0.8531331747135066,1,85.31,Critical,85.31,Immediate,enterprise,monthly,199.0,2388.0,305,1,0,sales-assisted,2189.0,199.0,11,2068
U018724,0.8529946942536779,1,85.3,Critical,85.3,Immediate,professional,monthly,79.0,948.0,53,1,0,sales-assisted,158.0,79.0,2,2069
U011820,0.8529946942536779,1,85.3,Critical,85.3,Immediate,professional,monthly,79.0,948.0,53,1,0,sales-assisted,158.0,79.0,2,2070
U028145,0.8527768872555128,1,85.28,Critical,85.28,Immediate,starter,annual,29.0,348.0,47,1,1,sales-assisted,58.0,29.0,2,2071
U005160,0.852553358021209,1,85.26,Critical,85.26,Immediate,professional,monthly,79.0,948.0,309,0,0,sales-assisted,869.0,79.0,11,2072
U028491,0.8521080168511969,1,85.21,Critical,85.21,Immediate,starter,annual,29.0,348.0,228,1,0,self-serve,232.0,29.0,8,2073
U000495,0.8519087792794597,1,85.19,Critical,85.19,Immediate,professional,monthly,79.0,948.0,208,3,2,self-serve,553.0,79.0,7,2074
U026446,0.8517271609454151,1,85.17,Critical,85.17,Immediate,starter,monthly,29.0,348.0,219,0,0,sales-assisted,232.0,29.0,8,2075
U026440,0.851673065226301,1,85.17,Critical,85.17,Immediate,enterprise,monthly,199.0,2388.0,97,1,0,sales-assisted,796.0,199.0,4,2076
U026198,0.8516009515442207,1,85.16,Critical,85.16,Immediate,professional,annual,79.0,948.0,276,0,0,self-serve,790.0,79.0,10,2077
U015728,0.8515989576214371,1,85.16,Critical,85.16,Immediate,professional,annual,79.0,948.0,107,0,0,self-serve,316.0,79.0,4,2078
U021269,0.8515634948527859,1,85.16,Critical,85.16,Immediate,professional,monthly,79.0,948.0,215,0,0,sales-assisted,632.0,79.0,8,2079
U016857,0.8515634948527859,1,85.16,Critical,85.16,Immediate,professional,monthly,79.0,948.0,215,0,0,sales-assisted,632.0,79.0,8,2080
U001780,0.8515570703192028,1,85.16,Critical,85.16,Immediate,starter,monthly,29.0,348.0,98,0,0,sales-assisted,116.0,29.0,4,2081
U005267,0.8515570703192028,1,85.16,Critical,85.16,Immediate,starter,monthly,29.0,348.0,98,0,0,sales-assisted,116.0,29.0,4,2082
U028148,0.8515134214395388,1,85.15,Critical,85.15,Immediate,enterprise,monthly,199.0,2388.0,130,0,1,self-serve,995.0,199.0,5,2083
U018142,0.8512437835728992,1,85.12,Critical,85.12,Immediate,starter,annual,29.0,348.0,250,0,0,self-serve,261.0,29.0,9,2084
U006100,0.8511240198261476,1,85.11,Critical,85.11,Immediate,enterprise,monthly,199.0,2388.0,113,0,0,sales-assisted,995.0,199.0,5,2085
U021240,0.8511189675539782,1,85.11,Critical,85.11,Immediate,starter,annual,29.0,348.0,316,0,2,partner,319.0,29.0,11,2086
U027920,0.8510804458819773,1,85.11,Critical,85.11,Immediate,professional,monthly,79.0,948.0,29,0,0,partner,158.0,79.0,2,2087
U011182,0.8510691165264722,1,85.11,Critical,85.11,Immediate,professional,annual,79.0,948.0,92,0,2,self-serve,316.0,79.0,4,2088
U025579,0.851031929957869,1,85.1,Critical,85.1,Immediate,enterprise,annual,199.0,2388.0,36,0,1,partner,398.0,199.0,2,2089
U016115,0.851028427603593,1,85.1,Critical,85.1,Immediate,starter,annual,29.0,348.0,178,1,0,sales-assisted,174.0,29.0,6,2090
U019766,0.851028427603593,1,85.1,Critical,85.1,Immediate,starter,annual,29.0,348.0,178,1,0,sales-assisted,174.0,29.0,6,2091
U015850,0.8510076578744005,1,85.1,Critical,85.1,Immediate,starter,monthly,29.0,348.0,314,3,1,self-serve,348.0,29.0,12,2092
U016911,0.8509866020740194,1,85.1,Critical,85.1,Immediate,starter,annual,29.0,348.0,366,1,0,self-serve,377.0,29.0,13,2093
U011926,0.8509866020740194,1,85.1,Critical,85.1,Immediate,starter,annual,29.0,348.0,366,1,0,self-serve,377.0,29.0,13,2094
U014182,0.8508325684585932,1,85.08,Critical,85.08,Immediate,professional,annual,79.0,948.0,111,0,0,self-serve,316.0,79.0,4,2095
U000478,0.8507811886002569,1,85.08,Critical,85.08,Immediate,enterprise,monthly,199.0,2388.0,268,2,0,partner,1990.0,199.0,10,2096
U009560,0.85066553210835,1,85.07,Critical,85.07,Immediate,starter,monthly,29.0,348.0,138,1,1,self-serve,145.0,29.0,5,2097
U001046,0.8506086014161699,1,85.06,Critical,85.06,Immediate,starter,annual,29.0,348.0,347,0,0,self-serve,348.0,29.0,12,2098
U009695,0.8506086014161699,1,85.06,Critical,85.06,Immediate,starter,annual,29.0,348.0,347,0,0,self-serve,348.0,29.0,12,2099
U011225,0.8504336946121033,1,85.04,Critical,85.04,Immediate,starter,monthly,29.0,348.0,122,3,0,partner,145.0,29.0,5,2100
U015977,0.8504218083480061,1,85.04,Critical,85.04,Immediate,professional,monthly,79.0,948.0,312,0,0,sales-assisted,869.0,79.0,11,2101
U015896,0.8503789298776431,1,85.04,Critical,85.04,Immediate,starter,monthly,29.0,348.0,368,0,0,self-serve,377.0,29.0,13,2102
U007579,0.8503215499410806,1,85.03,Critical,85.03,Immediate,professional,monthly,79.0,948.0,105,2,0,self-serve,316.0,79.0,4,2103
U019817,0.8501718974762132,1,85.02,Critical,85.02,Immediate,starter,annual,29.0,348.0,396,1,0,self-serve,406.0,29.0,14,2104
U013087,0.850080086105316,1,85.01,Critical,85.01,Immediate,professional,monthly,79.0,948.0,216,0,0,self-serve,632.0,79.0,8,2105
U008924,0.8500132658479197,1,85.0,Critical,85.0,Immediate,starter,monthly,29.0,348.0,129,2,1,sales-assisted,145.0,29.0,5,2106
U028073,0.8500132658479197,1,85.0,Critical,85.0,Immediate,starter,monthly,29.0,348.0,129,2,1,sales-assisted,145.0,29.0,5,2107
U017607,0.8499949641477857,1,85.0,Critical,85.0,Immediate,starter,annual,29.0,348.0,340,1,0,self-serve,348.0,29.0,12,2108
U028894,0.8499647884762418,1,85.0,Critical,85.0,Immediate,starter,monthly,29.0,348.0,85,1,0,sales-assisted,87.0,29.0,3,2109
U006147,0.849792363811131,1,84.98,Critical,84.98,Immediate,starter,annual,29.0,348.0,417,3,0,self-serve,435.0,29.0,15,2110
U015403,0.8496801082569142,1,84.97,Critical,84.97,Immediate,starter,monthly,29.0,348.0,314,0,1,partner,348.0,29.0,12,2111
U009530,0.8496535494777537,1,84.97,Critical,84.97,Immediate,starter,annual,29.0,348.0,212,0,0,self-serve,203.0,29.0,7,2112
U013039,0.8494877373308131,1,84.95,Critical,84.95,Immediate,starter,monthly,29.0,348.0,93,2,0,sales-assisted,116.0,29.0,4,2113
U003693,0.8493218498802204,1,84.93,Critical,84.93,Immediate,starter,annual,29.0,348.0,97,0,0,self-serve,116.0,29.0,4,2114
U024335,0.8491770391388298,1,84.92,Critical,84.92,Immediate,starter,monthly,29.0,348.0,290,1,1,self-serve,290.0,29.0,10,2115
U023766,0.8490415835912068,1,84.9,Critical,84.9,Immediate,enterprise,monthly,199.0,2388.0,240,0,1,self-serve,1791.0,199.0,9,2116
U018780,0.8487647108868088,1,84.88,Critical,84.88,Immediate,starter,annual,29.0,348.0,117,0,0,self-serve,116.0,29.0,4,2117
U012778,0.8485910122287468,1,84.86,Critical,84.86,Immediate,starter,monthly,29.0,348.0,262,0,2,self-serve,261.0,29.0,9,2118
U001151,0.848582167055884,1,84.86,Critical,84.86,Immediate,starter,monthly,29.0,348.0,39,0,1,self-serve,58.0,29.0,2,2119
U003636,0.848582167055884,1,84.86,Critical,84.86,Immediate,starter,monthly,29.0,348.0,39,0,1,self-serve,58.0,29.0,2,2120
U007849,0.848582167055884,1,84.86,Critical,84.86,Immediate,starter,monthly,29.0,348.0,39,0,1,self-serve,58.0,29.0,2,2121
U006487,0.8485597910132596,1,84.86,Critical,84.86,Immediate,starter,monthly,29.0,348.0,61,1,0,self-serve,87.0,29.0,3,2122
U014760,0.8485597910132596,1,84.86,Critical,84.86,Immediate,starter,monthly,29.0,348.0,61,1,0,self-serve,87.0,29.0,3,2123
U009880,0.8485505078252744,1,84.86,Critical,84.86,Immediate,professional,monthly,79.0,948.0,130,0,1,self-serve,395.0,79.0,5,2124
U001590,0.8485505078252744,1,84.86,Critical,84.86,Immediate,professional,monthly,79.0,948.0,130,0,1,self-serve,395.0,79.0,5,2125
U028544,0.848494009309989,1,84.85,Critical,84.85,Immediate,starter,monthly,29.0,348.0,61,0,0,sales-assisted,87.0,29.0,3,2126
U010416,0.8480498048506462,1,84.8,Critical,84.8,Immediate,starter,monthly,29.0,348.0,221,0,0,self-serve,232.0,29.0,8,2127
U018897,0.8478477059531336,1,84.78,Critical,84.78,Immediate,enterprise,monthly,199.0,2388.0,305,1,0,partner,2189.0,199.0,11,2128
U010476,0.8474669746840896,1,84.75,Critical,84.75,Immediate,enterprise,monthly,199.0,2388.0,67,1,0,sales-assisted,597.0,199.0,3,2129
U019572,0.8473683013451397,1,84.74,Critical,84.74,Immediate,starter,monthly,29.0,348.0,256,1,0,self-serve,261.0,29.0,9,2130
U001722,0.8473383905193919,1,84.73,Critical,84.73,Immediate,starter,monthly,29.0,348.0,450,1,1,self-serve,464.0,29.0,16,2131
U012926,0.847331486213939,1,84.73,Critical,84.73,Immediate,starter,monthly,29.0,348.0,141,1,1,sales-assisted,145.0,29.0,5,2132
U014813,0.84730025879756,1,84.73,Critical,84.73,Immediate,starter,monthly,29.0,348.0,334,0,0,self-serve,348.0,29.0,12,2133
U026683,0.8472213291156353,1,84.72,Critical,84.72,Immediate,starter,monthly,29.0,348.0,189,3,1,self-serve,203.0,29.0,7,2134
U000343,0.8471821848350126,1,84.72,Critical,84.72,Immediate,starter,monthly,29.0,348.0,36,2,0,self-serve,58.0,29.0,2,2135
U000443,0.8471821848350126,1,84.72,Critical,84.72,Immediate,starter,monthly,29.0,348.0,36,2,0,self-serve,58.0,29.0,2,2136
U011496,0.8471358026353264,1,84.71,Critical,84.71,Immediate,starter,monthly,29.0,348.0,172,0,0,self-serve,174.0,29.0,6,2137
U014786,0.8471294832532449,1,84.71,Critical,84.71,Immediate,starter,monthly,29.0,348.0,131,0,0,sales-assisted,145.0,29.0,5,2138
U003459,0.8470637447944847,1,84.71,Critical,84.71,Immediate,starter,monthly,29.0,348.0,187,1,1,partner,203.0,29.0,7,2139
U024376,0.8469118105262757,1,84.69,Critical,84.69,Immediate,professional,monthly,79.0,948.0,133,0,0,sales-assisted,395.0,79.0,5,2140
U021445,0.8469017622578416,1,84.69,Critical,84.69,Immediate,professional,annual,79.0,948.0,140,0,0,sales-assisted,395.0,79.0,5,2141
U022945,0.846888240824042,1,84.69,Critical,84.69,Immediate,professional,monthly,79.0,948.0,112,1,1,sales-assisted,316.0,79.0,4,2142
U026472,0.846888240824042,1,84.69,Critical,84.69,Immediate,professional,monthly,79.0,948.0,112,1,1,sales-assisted,316.0,79.0,4,2143
U022726,0.8468240221866649,1,84.68,Critical,84.68,Immediate,professional,monthly,79.0,948.0,121,1,0,self-serve,316.0,79.0,4,2144
U007973,0.8468240221866649,1,84.68,Critical,84.68,Immediate,professional,monthly,79.0,948.0,121,1,0,self-serve,316.0,79.0,4,2145
U009817,0.846777573121872,1,84.68,Critical,84.68,Immediate,starter,annual,29.0,348.0,116,0,0,partner,116.0,29.0,4,2146
U002811,0.8466981487068544,1,84.67,Critical,84.67,Immediate,professional,monthly,79.0,948.0,117,2,0,sales-assisted,395.0,79.0,5,2147
U000505,0.8466146425253025,1,84.66,Critical,84.66,Immediate,professional,monthly,79.0,948.0,272,2,0,partner,711.0,79.0,9,2148
U009853,0.8465775730985675,1,84.66,Critical,84.66,Immediate,professional,annual,79.0,948.0,62,2,1,self-serve,237.0,79.0,3,2149
U024608,0.8464277747933789,1,84.64,Critical,84.64,Immediate,professional,annual,79.0,948.0,152,2,2,sales-assisted,474.0,79.0,6,2150
U005881,0.8464219897834375,1,84.64,Critical,84.64,Immediate,enterprise,monthly,199.0,2388.0,108,1,1,self-serve,995.0,199.0,5,2151
U007308,0.8460246651219705,1,84.6,Critical,84.6,Immediate,enterprise,annual,199.0,2388.0,106,1,1,self-serve,995.0,199.0,5,2152
U028605,0.8459796245292064,1,84.6,Critical,84.6,Immediate,starter,monthly,29.0,348.0,455,1,1,self-serve,464.0,29.0,16,2153
U020891,0.8459046990240179,1,84.59,Critical,84.59,Immediate,starter,annual,29.0,348.0,281,0,0,self-serve,290.0,29.0,10,2154
U004962,0.8457846401555537,1,84.58,Critical,84.58,Immediate,professional,monthly,79.0,948.0,60,1,1,sales-assisted,158.0,79.0,2,2155
U025883,0.8457846401555537,1,84.58,Critical,84.58,Immediate,professional,monthly,79.0,948.0,60,1,1,sales-assisted,158.0,79.0,2,2156
U003734,0.8457656368746598,1,84.58,Critical,84.58,Immediate,enterprise,monthly,199.0,2388.0,14,2,1,partner,199.0,199.0,1,2157
U007577,0.8457083342085503,1,84.57,Critical,84.57,Immediate,starter,monthly,29.0,348.0,55,0,0,self-serve,58.0,29.0,2,2158
U011163,0.845697961979126,1,84.57,Critical,84.57,Immediate,starter,monthly,29.0,348.0,105,0,0,self-serve,116.0,29.0,4,2159
U025970,0.8455626598464631,1,84.56,Critical,84.56,Immediate,starter,monthly,29.0,348.0,137,1,0,self-serve,145.0,29.0,5,2160
U004145,0.8455626598464631,1,84.56,Critical,84.56,Immediate,starter,monthly,29.0,348.0,137,1,0,self-serve,145.0,29.0,5,2161
U001211,0.8455186957746353,1,84.55,Critical,84.55,Immediate,starter,monthly,29.0,348.0,41,0,1,sales-assisted,87.0,29.0,3,2162
U025158,0.8454210137358015,1,84.54,Critical,84.54,Immediate,professional,annual,79.0,948.0,256,1,0,sales-assisted,711.0,79.0,9,2163
U029148,0.8453468860529566,1,84.53,Critical,84.53,Immediate,enterprise,monthly,199.0,2388.0,177,2,0,sales-assisted,1194.0,199.0,6,2164
U026854,0.8451226499865889,1,84.51,Critical,84.51,Immediate,professional,monthly,79.0,948.0,101,0,0,self-serve,316.0,79.0,4,2165
U027271,0.8449548781552348,1,84.5,Critical,84.5,Immediate,starter,annual,29.0,348.0,300,0,1,self-serve,319.0,29.0,11,2166
U009918,0.8449172612818694,1,84.49,Critical,84.49,Immediate,starter,monthly,29.0,348.0,229,0,1,self-serve,232.0,29.0,8,2167
U009267,0.844713165824088,1,84.47,Critical,84.47,Immediate,enterprise,monthly,199.0,2388.0,209,0,1,partner,1592.0,199.0,8,2168
U024934,0.8446206607168238,1,84.46,Critical,84.46,Immediate,professional,monthly,79.0,948.0,181,0,1,sales-assisted,553.0,79.0,7,2169
U019901,0.8445621775396943,1,84.46,Critical,84.46,Immediate,starter,monthly,29.0,348.0,190,0,1,sales-assisted,203.0,29.0,7,2170
U002547,0.8444565890729353,1,84.45,Critical,84.45,Immediate,starter,annual,29.0,348.0,61,0,0,partner,87.0,29.0,3,2171
U002313,0.8444402750094124,1,84.44,Critical,84.44,Immediate,professional,monthly,79.0,948.0,212,0,1,self-serve,632.0,79.0,8,2172
U004238,0.8443783231371879,1,84.44,Critical,84.44,Immediate,professional,annual,79.0,948.0,239,0,0,self-serve,711.0,79.0,9,2173
U017182,0.8442645647658852,1,84.43,Critical,84.43,Immediate,starter,monthly,29.0,348.0,128,2,1,sales-assisted,145.0,29.0,5,2174
U002142,0.8442621566314069,1,84.43,Critical,84.43,Immediate,enterprise,monthly,199.0,2388.0,100,0,1,sales-assisted,796.0,199.0,4,2175
U021738,0.8440315386362826,1,84.4,Critical,84.4,Immediate,starter,monthly,29.0,348.0,38,0,0,partner,58.0,29.0,2,2176
U017507,0.8439625672883437,1,84.4,Critical,84.4,Immediate,starter,monthly,29.0,348.0,140,0,0,self-serve,145.0,29.0,5,2177
U002136,0.8439252270564673,1,84.39,Critical,84.39,Immediate,professional,monthly,79.0,948.0,137,1,2,sales-assisted,395.0,79.0,5,2178
U003606,0.8438973061016279,1,84.39,Critical,84.39,Immediate,starter,monthly,29.0,348.0,201,1,1,partner,203.0,29.0,7,2179
U011682,0.8438770744463795,1,84.39,Critical,84.39,Immediate,starter,monthly,29.0,348.0,155,0,1,sales-assisted,174.0,29.0,6,2180
U028165,0.8437849770292379,1,84.38,Critical,84.38,Immediate,starter,monthly,29.0,348.0,131,0,1,sales-assisted,145.0,29.0,5,2181
U017429,0.8437727939290567,1,84.38,Critical,84.38,Immediate,professional,monthly,79.0,948.0,280,1,0,sales-assisted,790.0,79.0,10,2182
U014721,0.8437727939290567,1,84.38,Critical,84.38,Immediate,professional,monthly,79.0,948.0,280,1,0,sales-assisted,790.0,79.0,10,2183
U008130,0.8436198188598214,1,84.36,Critical,84.36,Immediate,professional,monthly,79.0,948.0,52,0,1,self-serve,158.0,79.0,2,2184
U021557,0.8435215274668612,1,84.35,Critical,84.35,Immediate,starter,annual,29.0,348.0,174,0,0,sales-assisted,203.0,29.0,7,2185
U000687,0.8433812553890291,1,84.34,Critical,84.34,Immediate,professional,annual,79.0,948.0,106,0,0,self-serve,316.0,79.0,4,2186
U019254,0.8433290090105023,1,84.33,Critical,84.33,Immediate,professional,monthly,79.0,948.0,124,0,0,self-serve,395.0,79.0,5,2187
U006196,0.8433290090105023,1,84.33,Critical,84.33,Immediate,professional,monthly,79.0,948.0,124,0,0,self-serve,395.0,79.0,5,2188
U022349,0.8432868975804197,1,84.33,Critical,84.33,Immediate,starter,annual,29.0,348.0,215,0,0,self-serve,232.0,29.0,8,2189
U004188,0.8432776110123602,1,84.33,Critical,84.33,Immediate,professional,monthly,79.0,948.0,38,0,0,sales-assisted,158.0,79.0,2,2190
U009320,0.8431639159853449,1,84.32,Critical,84.32,Immediate,starter,monthly,29.0,348.0,168,0,1,self-serve,174.0,29.0,6,2191
U025619,0.8431558333934607,1,84.32,Critical,84.32,Immediate,enterprise,monthly,199.0,2388.0,349,0,1,partner,2388.0,199.0,12,2192
U007463,0.8431257306732725,1,84.31,Critical,84.31,Immediate,starter,monthly,29.0,348.0,292,0,1,self-serve,319.0,29.0,11,2193
U027503,0.8427982709988949,1,84.28,Critical,84.28,Immediate,professional,monthly,79.0,948.0,178,2,0,self-serve,553.0,79.0,7,2194
U027371,0.8427103959068092,1,84.27,Critical,84.27,Immediate,professional,monthly,79.0,948.0,137,0,0,self-serve,395.0,79.0,5,2195
U022703,0.8425881695966889,1,84.26,Critical,84.26,Immediate,starter,monthly,29.0,348.0,127,0,0,sales-assisted,145.0,29.0,5,2196
U002855,0.8423821079189602,1,84.24,Critical,84.24,Immediate,professional,monthly,79.0,948.0,184,2,0,self-serve,553.0,79.0,7,2197
U019617,0.8423391584592999,1,84.23,Critical,84.23,Immediate,starter,annual,29.0,348.0,210,1,0,sales-assisted,232.0,29.0,8,2198
U011652,0.8423271859725626,1,84.23,Critical,84.23,Immediate,starter,monthly,29.0,348.0,191,2,2,sales-assisted,203.0,29.0,7,2199
U019749,0.8422402454631316,1,84.22,Critical,84.22,Immediate,starter,monthly,29.0,348.0,124,1,1,sales-assisted,145.0,29.0,5,2200
U003112,0.8422028682050214,1,84.22,Critical,84.22,Immediate,starter,monthly,29.0,348.0,145,0,0,sales-assisted,145.0,29.0,5,2201
U007380,0.8421527573248795,1,84.22,Critical,84.22,Immediate,professional,annual,79.0,948.0,166,3,2,sales-assisted,474.0,79.0,6,2202
U012519,0.8421172239632305,1,84.21,Critical,84.21,Immediate,professional,annual,79.0,948.0,98,2,0,sales-assisted,316.0,79.0,4,2203
U012761,0.8421172239632305,1,84.21,Critical,84.21,Immediate,professional,annual,79.0,948.0,98,2,0,sales-assisted,316.0,79.0,4,2204
U010843,0.8420929662493594,1,84.21,Critical,84.21,Immediate,enterprise,monthly,199.0,2388.0,320,1,3,sales-assisted,2388.0,199.0,12,2205
U015245,0.8420313472085247,1,84.2,Critical,84.2,Immediate,professional,monthly,79.0,948.0,223,1,0,sales-assisted,632.0,79.0,8,2206
U005121,0.8419083628865962,1,84.19,Critical,84.19,Immediate,enterprise,monthly,199.0,2388.0,151,3,0,sales-assisted,995.0,199.0,5,2207
U023693,0.841810350826803,1,84.18,Critical,84.18,Immediate,starter,annual,29.0,348.0,98,1,1,sales-assisted,116.0,29.0,4,2208
U010452,0.8413483766859297,1,84.13,Critical,84.13,Immediate,starter,monthly,29.0,348.0,336,0,0,self-serve,348.0,29.0,12,2209
U029620,0.8413483766859297,1,84.13,Critical,84.13,Immediate,starter,monthly,29.0,348.0,336,0,0,self-serve,348.0,29.0,12,2210
U013550,0.8413084115527101,1,84.13,Critical,84.13,Immediate,starter,monthly,29.0,348.0,167,0,2,self-serve,174.0,29.0,6,2211
U010075,0.8412899612735137,1,84.13,Critical,84.13,Immediate,starter,annual,29.0,348.0,306,0,0,self-serve,319.0,29.0,11,2212
U024662,0.8412220553138052,1,84.12,Critical,84.12,Immediate,starter,monthly,29.0,348.0,342,1,0,self-serve,348.0,29.0,12,2213
U007037,0.8412220553138052,1,84.12,Critical,84.12,Immediate,starter,monthly,29.0,348.0,342,1,0,self-serve,348.0,29.0,12,2214
U029363,0.8411210941291879,1,84.11,Critical,84.11,Immediate,starter,monthly,29.0,348.0,355,1,1,self-serve,377.0,29.0,13,2215
U015670,0.8411019948675955,1,84.11,Critical,84.11,Immediate,enterprise,annual,199.0,2388.0,208,0,1,self-serve,1393.0,199.0,7,2216
U000411,0.8410545344138906,1,84.11,Critical,84.11,Immediate,enterprise,monthly,199.0,2388.0,457,1,0,self-serve,3184.0,199.0,16,2217
U013511,0.8410123704541715,1,84.1,Critical,84.1,Immediate,starter,annual,29.0,348.0,311,0,1,self-serve,319.0,29.0,11,2218
U027445,0.8410121504282916,1,84.1,Critical,84.1,Immediate,starter,annual,29.0,348.0,68,0,0,self-serve,87.0,29.0,3,2219
U016108,0.8410053990897224,1,84.1,Critical,84.1,Immediate,enterprise,monthly,199.0,2388.0,271,1,0,self-serve,1990.0,199.0,10,2220
U020705,0.8408869144267622,1,84.09,Critical,84.09,Immediate,starter,annual,29.0,348.0,130,3,0,self-serve,145.0,29.0,5,2221
U026118,0.8408801860042295,1,84.09,Critical,84.09,Immediate,professional,monthly,79.0,948.0,268,1,0,self-serve,790.0,79.0,10,2222
U021102,0.8407558145598896,1,84.08,Critical,84.08,Immediate,starter,annual,29.0,348.0,243,1,0,self-serve,261.0,29.0,9,2223
U020786,0.8406883807944303,1,84.07,Critical,84.07,Immediate,professional,annual,79.0,948.0,85,3,0,self-serve,237.0,79.0,3,2224
U005299,0.8405003269440071,1,84.05,Critical,84.05,Immediate,starter,monthly,29.0,348.0,124,2,0,self-serve,145.0,29.0,5,2225
U017836,0.840496535085946,1,84.05,Critical,84.05,Immediate,starter,monthly,29.0,348.0,189,2,1,self-serve,203.0,29.0,7,2226
U027376,0.8403886759382632,1,84.04,Critical,84.04,Immediate,starter,annual,29.0,348.0,221,1,0,self-serve,232.0,29.0,8,2227
U020418,0.8403476996513948,1,84.03,Critical,84.03,Immediate,enterprise,annual,199.0,2388.0,36,0,1,sales-assisted,398.0,199.0,2,2228
U010507,0.8401625841534512,1,84.02,Critical,84.02,Immediate,starter,annual,29.0,348.0,322,1,0,partner,348.0,29.0,12,2229
U003230,0.840161490242897,1,84.02,Critical,84.02,Immediate,starter,monthly,29.0,348.0,293,2,1,self-serve,319.0,29.0,11,2230
U000294,0.8401084724279215,1,84.01,Critical,84.01,Immediate,starter,annual,29.0,348.0,251,0,1,partner,261.0,29.0,9,2231
U008142,0.8400925120821128,1,84.01,Critical,84.01,Immediate,starter,annual,29.0,348.0,217,0,0,self-serve,232.0,29.0,8,2232
U008773,0.8400311453537402,1,84.0,Critical,84.0,Immediate,professional,annual,79.0,948.0,293,0,0,self-serve,790.0,79.0,10,2233
U006180,0.8400122356759261,1,84.0,Critical,84.0,Immediate,starter,monthly,29.0,348.0,201,0,0,self-serve,203.0,29.0,7,2234
U016797,0.8400122356759261,1,84.0,Critical,84.0,Immediate,starter,monthly,29.0,348.0,201,0,0,self-serve,203.0,29.0,7,2235
U023162,0.8400122356759261,1,84.0,Critical,84.0,Immediate,starter,monthly,29.0,348.0,201,0,0,self-serve,203.0,29.0,7,2236
U028652,0.8399948017344656,1,84.0,Critical,84.0,Immediate,starter,monthly,29.0,348.0,454,0,1,self-serve,464.0,29.0,16,2237
U012222,0.8392931581627686,1,83.93,Critical,83.93,Immediate,professional,monthly,79.0,948.0,173,1,0,self-serve,553.0,79.0,7,2238
U016633,0.8392931581627686,1,83.93,Critical,83.93,Immediate,professional,monthly,79.0,948.0,173,1,0,self-serve,553.0,79.0,7,2239
U029278,0.8392559643845733,1,83.93,Critical,83.93,Immediate,starter,annual,29.0,348.0,104,1,1,self-serve,116.0,29.0,4,2240
U000603,0.8391847686641989,1,83.92,Critical,83.92,Immediate,professional,annual,79.0,948.0,337,0,2,sales-assisted,1027.0,79.0,13,2241
U006798,0.838850553989625,1,83.89,Critical,83.89,Immediate,professional,monthly,79.0,948.0,203,1,0,self-serve,553.0,79.0,7,2242
U013168,0.838850553989625,1,83.89,Critical,83.89,Immediate,professional,monthly,79.0,948.0,203,1,0,self-serve,553.0,79.0,7,2243
U002836,0.8388232304805894,1,83.88,Critical,83.88,Immediate,professional,monthly,79.0,948.0,19,1,1,sales-assisted,158.0,79.0,2,2244
U001060,0.838815567580266,1,83.88,Critical,83.88,Immediate,enterprise,monthly,199.0,2388.0,186,1,0,self-serve,1393.0,199.0,7,2245
U004603,0.838815567580266,1,83.88,Critical,83.88,Immediate,enterprise,monthly,199.0,2388.0,186,1,0,self-serve,1393.0,199.0,7,2246
U016365,0.8387988788223392,1,83.88,Critical,83.88,Immediate,starter,monthly,29.0,348.0,209,1,0,sales-assisted,203.0,29.0,7,2247
U007582,0.8386775713703668,1,83.87,Critical,83.87,Immediate,starter,monthly,29.0,348.0,27,0,1,sales-assisted,58.0,29.0,2,2248
U026827,0.8384373872821378,1,83.84,Critical,83.84,Immediate,professional,monthly,79.0,948.0,142,2,0,self-serve,395.0,79.0,5,2249
U003384,0.8383601324369574,1,83.84,Critical,83.84,Immediate,professional,monthly,79.0,948.0,150,3,0,self-serve,474.0,79.0,6,2250
U023212,0.8383140444486233,1,83.83,Critical,83.83,Immediate,starter,monthly,29.0,348.0,162,2,0,self-serve,174.0,29.0,6,2251
U027501,0.8382880721423944,1,83.83,Critical,83.83,Immediate,professional,monthly,79.0,948.0,407,1,0,self-serve,1106.0,79.0,14,2252
U025774,0.8382123979192998,1,83.82,Critical,83.82,Immediate,professional,monthly,79.0,948.0,328,0,0,self-serve,948.0,79.0,12,2253
U025927,0.83802246443188,1,83.8,Critical,83.8,Immediate,starter,monthly,29.0,348.0,157,0,0,self-serve,174.0,29.0,6,2254
U026559,0.8379118400817639,1,83.79,Critical,83.79,Immediate,starter,monthly,29.0,348.0,90,1,1,self-serve,116.0,29.0,4,2255
U006970,0.837708929367887,1,83.77,Critical,83.77,Immediate,starter,monthly,29.0,348.0,365,0,3,self-serve,377.0,29.0,13,2256
U019118,0.8375740733332614,1,83.76,Critical,83.76,Immediate,professional,annual,79.0,948.0,90,1,0,self-serve,316.0,79.0,4,2257
U023424,0.8375738117746776,1,83.76,Critical,83.76,Immediate,enterprise,annual,199.0,2388.0,173,2,0,self-serve,1194.0,199.0,6,2258
U010485,0.837538263899061,1,83.75,Critical,83.75,Immediate,professional,monthly,79.0,948.0,163,2,0,self-serve,474.0,79.0,6,2259
U009173,0.837538263899061,1,83.75,Critical,83.75,Immediate,professional,monthly,79.0,948.0,163,2,0,self-serve,474.0,79.0,6,2260
U015628,0.8374791576671522,1,83.75,Critical,83.75,Immediate,professional,monthly,79.0,948.0,134,0,0,sales-assisted,395.0,79.0,5,2261
U024680,0.8374201238245234,1,83.74,Critical,83.74,Immediate,starter,monthly,29.0,348.0,373,2,1,self-serve,377.0,29.0,13,2262
U025621,0.837340931815286,1,83.73,Critical,83.73,Immediate,starter,monthly,29.0,348.0,56,0,0,self-serve,58.0,29.0,2,2263
U011644,0.8372260405984969,1,83.72,Critical,83.72,Immediate,starter,monthly,29.0,348.0,257,0,0,partner,261.0,29.0,9,2264
U017503,0.8372154974105136,1,83.72,Critical,83.72,Immediate,starter,annual,29.0,348.0,196,1,0,sales-assisted,203.0,29.0,7,2265
U008495,0.8369913538574568,1,83.7,Critical,83.7,Immediate,starter,monthly,29.0,348.0,155,1,1,sales-assisted,174.0,29.0,6,2266
U021534,0.8367251397979516,1,83.67,Critical,83.67,Immediate,professional,monthly,79.0,948.0,69,1,0,sales-assisted,237.0,79.0,3,2267
U028773,0.8366216799772362,1,83.66,Critical,83.66,Immediate,professional,monthly,79.0,948.0,76,1,0,self-serve,237.0,79.0,3,2268
U007636,0.8365303132173371,1,83.65,Critical,83.65,Immediate,starter,monthly,29.0,348.0,170,0,0,self-serve,174.0,29.0,6,2269
U008398,0.8364900419482053,1,83.65,Critical,83.65,Immediate,starter,monthly,29.0,348.0,113,0,0,self-serve,116.0,29.0,4,2270
U013359,0.8364900419482053,1,83.65,Critical,83.65,Immediate,starter,monthly,29.0,348.0,113,0,0,self-serve,116.0,29.0,4,2271
U006390,0.8364175133939024,1,83.64,Critical,83.64,Immediate,enterprise,annual,199.0,2388.0,108,1,0,self-serve,995.0,199.0,5,2272
U003400,0.8363955776052258,1,83.64,Critical,83.64,Immediate,starter,monthly,29.0,348.0,57,0,0,self-serve,58.0,29.0,2,2273
U003607,0.8363955776052258,1,83.64,Critical,83.64,Immediate,starter,monthly,29.0,348.0,57,0,0,self-serve,58.0,29.0,2,2274
U012280,0.8362429681109089,1,83.62,Critical,83.62,Immediate,professional,annual,79.0,948.0,92,0,0,self-serve,316.0,79.0,4,2275
U020950,0.8362429681109089,1,83.62,Critical,83.62,Immediate,professional,annual,79.0,948.0,92,0,0,self-serve,316.0,79.0,4,2276
U028635,0.8362429681109089,1,83.62,Critical,83.62,Immediate,professional,annual,79.0,948.0,92,0,0,self-serve,316.0,79.0,4,2277
U014167,0.8362381762165395,1,83.62,Critical,83.62,Immediate,starter,annual,29.0,348.0,67,0,1,self-serve,87.0,29.0,3,2278
U010387,0.8361745863599991,1,83.62,Critical,83.62,Immediate,professional,monthly,79.0,948.0,104,0,0,self-serve,316.0,79.0,4,2279
U013990,0.8360672685877969,1,83.61,Critical,83.61,Immediate,professional,annual,79.0,948.0,226,0,1,sales-assisted,632.0,79.0,8,2280
U000900,0.8359588257977246,1,83.6,Critical,83.6,Immediate,enterprise,monthly,199.0,2388.0,216,2,1,self-serve,1592.0,199.0,8,2281
U019202,0.8359149360661161,1,83.59,Critical,83.59,Immediate,starter,monthly,29.0,348.0,51,2,0,self-serve,58.0,29.0,2,2282
U006034,0.8357206626147513,1,83.57,Critical,83.57,Immediate,starter,monthly,29.0,348.0,326,0,1,self-serve,319.0,29.0,11,2283
U012480,0.8355689991391727,1,83.56,Critical,83.56,Immediate,starter,monthly,29.0,348.0,192,1,1,sales-assisted,203.0,29.0,7,2284
U004597,0.8354974826843516,1,83.55,Critical,83.55,Immediate,starter,monthly,29.0,348.0,126,0,0,self-serve,145.0,29.0,5,2285
U006266,0.8354747742808848,1,83.55,Critical,83.55,Immediate,starter,annual,29.0,348.0,118,1,0,self-serve,116.0,29.0,4,2286
U002205,0.8352385996779427,1,83.52,Critical,83.52,Immediate,starter,monthly,29.0,348.0,108,1,1,sales-assisted,116.0,29.0,4,2287
U007742,0.8352191082931723,1,83.52,Critical,83.52,Immediate,professional,monthly,79.0,948.0,282,4,0,sales-assisted,790.0,79.0,10,2288
U021758,0.8351147768390832,1,83.51,Critical,83.51,Immediate,professional,monthly,79.0,948.0,33,0,1,self-serve,158.0,79.0,2,2289
U009011,0.8351105074321649,1,83.51,Critical,83.51,Immediate,starter,monthly,29.0,348.0,230,2,0,partner,232.0,29.0,8,2290
U003619,0.8351030214579371,1,83.51,Critical,83.51,Immediate,starter,monthly,29.0,348.0,88,0,0,sales-assisted,87.0,29.0,3,2291
U011551,0.8350319742114384,1,83.5,Critical,83.5,Immediate,enterprise,monthly,199.0,2388.0,295,0,0,sales-assisted,2189.0,199.0,11,2292
U015682,0.8350310670405751,1,83.5,Critical,83.5,Immediate,starter,annual,29.0,348.0,34,1,0,self-serve,58.0,29.0,2,2293
U004466,0.8350310670405751,1,83.5,Critical,83.5,Immediate,starter,annual,29.0,348.0,34,1,0,self-serve,58.0,29.0,2,2294
U022056,0.8350072538778278,1,83.5,Critical,83.5,Immediate,professional,annual,79.0,948.0,189,0,0,sales-assisted,553.0,79.0,7,2295
U026611,0.8349538788426806,1,83.5,Critical,83.5,Immediate,starter,monthly,29.0,348.0,184,0,0,sales-assisted,203.0,29.0,7,2296
U002556,0.8348593627368971,1,83.49,Critical,83.49,Immediate,starter,annual,29.0,348.0,104,2,0,self-serve,116.0,29.0,4,2297
U014267,0.8348228153520273,1,83.48,Critical,83.48,Immediate,professional,annual,79.0,948.0,226,1,0,self-serve,632.0,79.0,8,2298
U002130,0.8348038586359429,1,83.48,Critical,83.48,Immediate,professional,monthly,79.0,948.0,50,1,0,sales-assisted,158.0,79.0,2,2299
U004496,0.8347566319685015,1,83.48,Critical,83.48,Immediate,starter,monthly,29.0,348.0,132,2,0,self-serve,145.0,29.0,5,2300
U013893,0.8347434258177561,1,83.47,Critical,83.47,Immediate,professional,monthly,79.0,948.0,108,1,0,sales-assisted,316.0,79.0,4,2301
U021146,0.8347306643478611,1,83.47,Critical,83.47,Immediate,enterprise,monthly,199.0,2388.0,132,1,0,self-serve,995.0,199.0,5,2302
U016038,0.8346148916173027,1,83.46,Critical,83.46,Immediate,starter,monthly,29.0,348.0,159,0,1,self-serve,174.0,29.0,6,2303
U002469,0.8346148916173027,1,83.46,Critical,83.46,Immediate,starter,monthly,29.0,348.0,159,0,1,self-serve,174.0,29.0,6,2304
U014194,0.8345609559750882,1,83.46,Critical,83.46,Immediate,starter,annual,29.0,348.0,338,1,0,self-serve,348.0,29.0,12,2305
U015217,0.8345271776508184,1,83.45,Critical,83.45,Immediate,enterprise,monthly,199.0,2388.0,233,0,1,self-serve,1592.0,199.0,8,2306
U016858,0.8343215841887699,1,83.43,Critical,83.43,Immediate,professional,monthly,79.0,948.0,187,0,1,partner,553.0,79.0,7,2307
U011347,0.8343182926007122,1,83.43,Critical,83.43,Immediate,professional,annual,79.0,948.0,142,0,0,sales-assisted,395.0,79.0,5,2308
U006418,0.8341952986277693,1,83.42,Critical,83.42,Immediate,starter,monthly,29.0,348.0,220,0,0,self-serve,232.0,29.0,8,2309
U028566,0.8341952986277693,1,83.42,Critical,83.42,Immediate,starter,monthly,29.0,348.0,220,0,0,self-serve,232.0,29.0,8,2310
U006697,0.8341173352084833,1,83.41,Critical,83.41,Immediate,starter,annual,29.0,348.0,279,0,0,partner,290.0,29.0,10,2311
U007191,0.8339342632074976,1,83.39,Critical,83.39,Immediate,starter,monthly,29.0,348.0,191,2,1,self-serve,203.0,29.0,7,2312
U025323,0.8338817991904318,1,83.39,Critical,83.39,Immediate,enterprise,monthly,199.0,2388.0,44,0,0,partner,597.0,199.0,3,2313
U017080,0.833861388516006,1,83.39,Critical,83.39,Immediate,professional,annual,79.0,948.0,281,0,2,self-serve,790.0,79.0,10,2314
U016166,0.8337824356707829,1,83.38,Critical,83.38,Immediate,enterprise,monthly,199.0,2388.0,245,0,0,sales-assisted,1791.0,199.0,9,2315
U011186,0.8336141701904588,1,83.36,Critical,83.36,Immediate,professional,monthly,79.0,948.0,287,1,0,partner,790.0,79.0,10,2316
U010898,0.8334727393988552,1,83.35,Critical,83.35,Immediate,starter,monthly,29.0,348.0,193,0,0,self-serve,203.0,29.0,7,2317
U010781,0.8334070262737854,1,83.34,Critical,83.34,Immediate,professional,monthly,79.0,948.0,77,0,1,sales-assisted,237.0,79.0,3,2318
U000395,0.8333706216691746,1,83.34,Critical,83.34,Immediate,professional,monthly,79.0,948.0,101,3,1,self-serve,316.0,79.0,4,2319
U021351,0.8333052163639342,1,83.33,Critical,83.33,Immediate,starter,monthly,29.0,348.0,118,1,0,sales-assisted,116.0,29.0,4,2320
U026215,0.8332981668444441,1,83.33,Critical,83.33,Immediate,starter,annual,29.0,348.0,169,0,0,partner,174.0,29.0,6,2321
U029925,0.8332245726921615,1,83.32,Critical,83.32,Immediate,professional,monthly,79.0,948.0,44,0,1,self-serve,158.0,79.0,2,2322
U017788,0.8331595455978462,1,83.32,Critical,83.32,Immediate,professional,monthly,79.0,948.0,403,1,0,self-serve,1106.0,79.0,14,2323
U012002,0.8331595455978462,1,83.32,Critical,83.32,Immediate,professional,monthly,79.0,948.0,403,1,0,self-serve,1106.0,79.0,14,2324
U028882,0.8331595455978462,1,83.32,Critical,83.32,Immediate,professional,monthly,79.0,948.0,403,1,0,self-serve,1106.0,79.0,14,2325
U025172,0.8331241071931939,1,83.31,Critical,83.31,Immediate,professional,monthly,79.0,948.0,33,0,0,sales-assisted,158.0,79.0,2,2326
U015921,0.8331241071931939,1,83.31,Critical,83.31,Immediate,professional,monthly,79.0,948.0,33,0,0,sales-assisted,158.0,79.0,2,2327
U010827,0.8329628481207929,1,83.3,Critical,83.3,Immediate,professional,annual,79.0,948.0,176,1,0,self-serve,553.0,79.0,7,2328
U006578,0.8329291970177262,1,83.29,Critical,83.29,Immediate,professional,monthly,79.0,948.0,213,1,0,self-serve,632.0,79.0,8,2329
U022055,0.8329170080230086,1,83.29,Critical,83.29,Immediate,starter,monthly,29.0,348.0,95,2,0,self-serve,116.0,29.0,4,2330
U001379,0.8323915025291724,1,83.24,Critical,83.24,Immediate,starter,monthly,29.0,348.0,197,0,0,sales-assisted,203.0,29.0,7,2331
U021975,0.8323327116898007,1,83.23,Critical,83.23,Immediate,enterprise,monthly,199.0,2388.0,228,0,0,self-serve,1592.0,199.0,8,2332
U009711,0.8322199078771275,1,83.22,Critical,83.22,Immediate,starter,monthly,29.0,348.0,150,2,0,self-serve,174.0,29.0,6,2333
U008627,0.8321899840609073,1,83.22,Critical,83.22,Immediate,starter,annual,29.0,348.0,184,1,0,sales-assisted,203.0,29.0,7,2334
U019473,0.832151960249393,1,83.22,Critical,83.22,Immediate,professional,monthly,79.0,948.0,175,1,0,self-serve,474.0,79.0,6,2335
U007416,0.8320707152022709,1,83.21,Critical,83.21,Immediate,professional,monthly,79.0,948.0,272,0,1,partner,711.0,79.0,9,2336
U000209,0.8320692353133546,1,83.21,Critical,83.21,Immediate,enterprise,monthly,199.0,2388.0,239,2,1,sales-assisted,1592.0,199.0,8,2337
U005744,0.8320401924101058,1,83.2,Critical,83.2,Immediate,professional,monthly,79.0,948.0,261,1,0,sales-assisted,711.0,79.0,9,2338
U005199,0.8319741925094241,1,83.2,Critical,83.2,Immediate,starter,monthly,29.0,348.0,311,4,0,sales-assisted,319.0,29.0,11,2339
U000995,0.8319084409573791,1,83.19,Critical,83.19,Immediate,starter,monthly,29.0,348.0,295,0,1,sales-assisted,290.0,29.0,10,2340
U017846,0.8318112786276843,1,83.18,Critical,83.18,Immediate,starter,monthly,29.0,348.0,311,0,0,partner,319.0,29.0,11,2341
U005965,0.8317493522779758,1,83.17,Critical,83.17,Immediate,starter,monthly,29.0,348.0,99,2,0,self-serve,116.0,29.0,4,2342
U005797,0.8317060970651716,1,83.17,Critical,83.17,Immediate,starter,monthly,29.0,348.0,314,0,2,sales-assisted,319.0,29.0,11,2343
U021779,0.8316811588796461,1,83.17,Critical,83.17,Immediate,starter,monthly,29.0,348.0,110,0,0,self-serve,116.0,29.0,4,2344
U007339,0.8315851136694564,1,83.16,Critical,83.16,Immediate,professional,monthly,79.0,948.0,217,0,0,self-serve,632.0,79.0,8,2345
U006497,0.831576126373781,1,83.16,Critical,83.16,Immediate,starter,monthly,29.0,348.0,253,2,0,sales-assisted,261.0,29.0,9,2346
U021844,0.831576126373781,1,83.16,Critical,83.16,Immediate,starter,monthly,29.0,348.0,253,2,0,sales-assisted,261.0,29.0,9,2347
U025524,0.8315651394469754,1,83.16,Critical,83.16,Immediate,professional,monthly,79.0,948.0,183,0,0,self-serve,553.0,79.0,7,2348
U007774,0.8315651394469754,1,83.16,Critical,83.16,Immediate,professional,monthly,79.0,948.0,183,0,0,self-serve,553.0,79.0,7,2349
U001665,0.8315651394469754,1,83.16,Critical,83.16,Immediate,professional,monthly,79.0,948.0,183,0,0,self-serve,553.0,79.0,7,2350
U001033,0.8315532671178342,1,83.16,Critical,83.16,Immediate,professional,monthly,79.0,948.0,122,2,0,self-serve,395.0,79.0,5,2351
U018163,0.8311622826383849,1,83.12,Critical,83.12,Immediate,professional,monthly,79.0,948.0,165,0,0,self-serve,474.0,79.0,6,2352
U023061,0.8311542937855921,1,83.12,Critical,83.12,Immediate,starter,monthly,29.0,348.0,66,1,0,sales-assisted,87.0,29.0,3,2353
U021560,0.8309950050830238,1,83.1,Critical,83.1,Immediate,professional,monthly,79.0,948.0,56,1,1,sales-assisted,158.0,79.0,2,2354
U023655,0.8308626890337842,1,83.09,Critical,83.09,Immediate,professional,monthly,79.0,948.0,111,1,1,sales-assisted,316.0,79.0,4,2355
U007925,0.8308109489921588,1,83.08,Critical,83.08,Immediate,professional,monthly,79.0,948.0,199,1,1,sales-assisted,632.0,79.0,8,2356
U010717,0.8307714337248274,1,83.08,Critical,83.08,Immediate,starter,monthly,29.0,348.0,175,1,0,sales-assisted,174.0,29.0,6,2357
U016821,0.8307714337248274,1,83.08,Critical,83.08,Immediate,starter,monthly,29.0,348.0,175,1,0,sales-assisted,174.0,29.0,6,2358
U012491,0.8306976603731286,1,83.07,Critical,83.07,Immediate,professional,monthly,79.0,948.0,286,3,0,self-serve,790.0,79.0,10,2359
U002709,0.830659441085498,1,83.07,Critical,83.07,Immediate,starter,annual,29.0,348.0,140,1,0,self-serve,145.0,29.0,5,2360
U018307,0.8305256984941387,1,83.05,Critical,83.05,Immediate,professional,annual,79.0,948.0,143,0,1,self-serve,395.0,79.0,5,2361
U006367,0.8305106219956938,1,83.05,Critical,83.05,Immediate,starter,monthly,29.0,348.0,298,1,1,self-serve,290.0,29.0,10,2362
U015569,0.8303883025916963,1,83.04,Critical,83.04,Immediate,starter,monthly,29.0,348.0,173,1,0,sales-assisted,174.0,29.0,6,2363
U006539,0.8303189163067599,1,83.03,Critical,83.03,Immediate,starter,monthly,29.0,348.0,28,1,1,sales-assisted,29.0,29.0,1,2364
U028719,0.8301905531689422,1,83.02,Critical,83.02,Immediate,professional,monthly,79.0,948.0,103,0,0,self-serve,316.0,79.0,4,2365
U023985,0.8301834157207452,1,83.02,Critical,83.02,Immediate,professional,annual,79.0,948.0,105,1,0,sales-assisted,316.0,79.0,4,2366
U011023,0.8300196053782946,1,83.0,Critical,83.0,Immediate,starter,annual,29.0,348.0,160,1,0,self-serve,174.0,29.0,6,2367
U025074,0.8299434660776848,1,82.99,Critical,82.99,Immediate,professional,monthly,79.0,948.0,102,1,1,sales-assisted,316.0,79.0,4,2368
U021333,0.8294338144712686,1,82.94,Critical,82.94,Immediate,professional,monthly,79.0,948.0,188,0,0,partner,553.0,79.0,7,2369
U012239,0.8292751792583825,1,82.93,Critical,82.93,Immediate,starter,monthly,29.0,348.0,123,0,1,sales-assisted,145.0,29.0,5,2370
U013385,0.8292676451288945,1,82.93,Critical,82.93,Immediate,starter,monthly,29.0,348.0,164,1,1,self-serve,174.0,29.0,6,2371
U019942,0.8292589381553493,1,82.93,Critical,82.93,Immediate,starter,annual,29.0,348.0,42,2,1,self-serve,58.0,29.0,2,2372
U029233,0.8288548638118424,1,82.89,Critical,82.89,Immediate,starter,annual,29.0,348.0,187,1,1,self-serve,203.0,29.0,7,2373
U003666,0.8286622709058267,1,82.87,Critical,82.87,Immediate,professional,monthly,79.0,948.0,112,0,1,sales-assisted,316.0,79.0,4,2374
U029401,0.8285646738632052,1,82.86,Critical,82.86,Immediate,professional,monthly,79.0,948.0,456,0,0,sales-assisted,1264.0,79.0,16,2375
U004231,0.8284624371720732,1,82.85,Critical,82.85,Immediate,professional,monthly,79.0,948.0,189,0,0,self-serve,553.0,79.0,7,2376
U009996,0.8284624371720732,1,82.85,Critical,82.85,Immediate,professional,monthly,79.0,948.0,189,0,0,self-serve,553.0,79.0,7,2377
U022224,0.8284617651964028,1,82.85,Critical,82.85,Immediate,starter,annual,29.0,348.0,109,1,0,partner,116.0,29.0,4,2378
U004624,0.8278925460029788,1,82.79,Critical,82.79,Immediate,starter,monthly,29.0,348.0,57,2,0,partner,87.0,29.0,3,2379
U017373,0.8277751667466341,1,82.78,Critical,82.78,Immediate,starter,monthly,29.0,348.0,107,1,1,partner,145.0,29.0,5,2380
U016708,0.8277434575740396,1,82.77,Critical,82.77,Immediate,starter,monthly,29.0,348.0,29,0,1,self-serve,58.0,29.0,2,2381
U022966,0.8277197549724497,1,82.77,Critical,82.77,Immediate,professional,annual,79.0,948.0,187,1,0,sales-assisted,553.0,79.0,7,2382
U012290,0.8276842290411314,1,82.77,Critical,82.77,Immediate,professional,monthly,79.0,948.0,92,1,0,self-serve,316.0,79.0,4,2383
U022848,0.8276842290411314,1,82.77,Critical,82.77,Immediate,professional,monthly,79.0,948.0,92,1,0,self-serve,316.0,79.0,4,2384
U024149,0.8276720366688659,1,82.77,Critical,82.77,Immediate,starter,monthly,29.0,348.0,139,0,0,self-serve,145.0,29.0,5,2385
U008057,0.8276720366688659,1,82.77,Critical,82.77,Immediate,starter,monthly,29.0,348.0,139,0,0,self-serve,145.0,29.0,5,2386
U023699,0.8276720366688659,1,82.77,Critical,82.77,Immediate,starter,monthly,29.0,348.0,139,0,0,self-serve,145.0,29.0,5,2387
U001608,0.8276536199662674,1,82.77,Critical,82.77,Immediate,starter,annual,29.0,348.0,299,1,1,sales-assisted,290.0,29.0,10,2388
U014698,0.8272314656930058,1,82.72,Critical,82.72,Immediate,starter,monthly,29.0,348.0,90,0,0,sales-assisted,87.0,29.0,3,2389
U024939,0.8272314656930058,1,82.72,Critical,82.72,Immediate,starter,monthly,29.0,348.0,90,0,0,sales-assisted,87.0,29.0,3,2390
U007384,0.8271465257335796,1,82.71,Critical,82.71,Immediate,starter,annual,29.0,348.0,75,1,1,self-serve,87.0,29.0,3,2391
U002091,0.8270932285976551,1,82.71,Critical,82.71,Immediate,professional,monthly,79.0,948.0,200,2,1,self-serve,553.0,79.0,7,2392
U002403,0.8270874410304032,1,82.71,Critical,82.71,Immediate,professional,monthly,79.0,948.0,220,0,0,self-serve,711.0,79.0,9,2393
U016602,0.8270453205985809,1,82.7,Critical,82.7,Immediate,professional,monthly,79.0,948.0,292,0,0,partner,790.0,79.0,10,2394
U012256,0.8269717626688944,1,82.7,Critical,82.7,Immediate,starter,monthly,29.0,348.0,33,1,0,self-serve,58.0,29.0,2,2395
U000528,0.8269438794273324,1,82.69,Critical,82.69,Immediate,starter,annual,29.0,348.0,75,0,0,self-serve,87.0,29.0,3,2396
U016898,0.8269129279274728,1,82.69,Critical,82.69,Immediate,starter,monthly,29.0,348.0,164,1,2,sales-assisted,174.0,29.0,6,2397
U000635,0.8268577678927728,1,82.69,Critical,82.69,Immediate,professional,annual,79.0,948.0,357,0,0,self-serve,1027.0,79.0,13,2398
U023572,0.8268372998372381,1,82.68,Critical,82.68,Immediate,professional,monthly,79.0,948.0,162,1,0,self-serve,474.0,79.0,6,2399
U028462,0.8268372998372381,1,82.68,Critical,82.68,Immediate,professional,monthly,79.0,948.0,162,1,0,self-serve,474.0,79.0,6,2400
U028537,0.8267276984555093,1,82.67,Critical,82.67,Immediate,professional,monthly,79.0,948.0,228,1,1,self-serve,632.0,79.0,8,2401
U017146,0.8267276984555093,1,82.67,Critical,82.67,Immediate,professional,monthly,79.0,948.0,228,1,1,self-serve,632.0,79.0,8,2402
U023604,0.8267276984555093,1,82.67,Critical,82.67,Immediate,professional,monthly,79.0,948.0,228,1,1,self-serve,632.0,79.0,8,2403
U005460,0.8266709863196506,1,82.67,Critical,82.67,Immediate,starter,monthly,29.0,348.0,203,2,0,partner,203.0,29.0,7,2404
U012889,0.8263958823091297,1,82.64,Critical,82.64,Immediate,starter,monthly,29.0,348.0,42,1,1,sales-assisted,58.0,29.0,2,2405
U008819,0.8263602567186481,1,82.64,Critical,82.64,Immediate,starter,annual,29.0,348.0,135,0,0,sales-assisted,145.0,29.0,5,2406
U021636,0.8262560405309064,1,82.63,Critical,82.63,Immediate,starter,monthly,29.0,348.0,34,1,1,partner,58.0,29.0,2,2407
U005619,0.8260696272777807,1,82.61,Critical,82.61,Immediate,professional,monthly,79.0,948.0,165,0,0,partner,474.0,79.0,6,2408
U009318,0.8259037113893601,1,82.59,Critical,82.59,Immediate,starter,monthly,29.0,348.0,77,1,1,sales-assisted,87.0,29.0,3,2409
U002761,0.8258110846319227,1,82.58,Critical,82.58,Immediate,professional,monthly,79.0,948.0,207,1,1,self-serve,632.0,79.0,8,2410
U019067,0.825635540974665,1,82.56,Critical,82.56,Immediate,starter,monthly,29.0,348.0,350,0,0,sales-assisted,348.0,29.0,12,2411
U017555,0.8255406802400957,1,82.55,Critical,82.55,Immediate,enterprise,monthly,199.0,2388.0,246,0,0,self-serve,1791.0,199.0,9,2412
U000512,0.8251880467857747,1,82.52,Critical,82.52,Immediate,starter,monthly,29.0,348.0,179,0,1,partner,203.0,29.0,7,2413
U005613,0.825156440238356,1,82.52,Critical,82.52,Immediate,professional,monthly,79.0,948.0,225,1,0,partner,632.0,79.0,8,2414
U025753,0.8250822517230612,1,82.51,Critical,82.51,Immediate,enterprise,monthly,199.0,2388.0,337,1,0,self-serve,2388.0,199.0,12,2415
U010604,0.8249758212557855,1,82.5,Critical,82.5,Immediate,starter,monthly,29.0,348.0,273,1,0,self-serve,290.0,29.0,10,2416
U021778,0.8249758212557855,1,82.5,Critical,82.5,Immediate,starter,monthly,29.0,348.0,273,1,0,self-serve,290.0,29.0,10,2417
U012670,0.8249758212557855,1,82.5,Critical,82.5,Immediate,starter,monthly,29.0,348.0,273,1,0,self-serve,290.0,29.0,10,2418
U024411,0.8249464484918201,1,82.49,Critical,82.49,Immediate,starter,annual,29.0,348.0,115,0,0,self-serve,116.0,29.0,4,2419
U014998,0.8248384340666688,1,82.48,Critical,82.48,Immediate,professional,monthly,79.0,948.0,183,0,1,self-serve,553.0,79.0,7,2420
U008956,0.8248384340666688,1,82.48,Critical,82.48,Immediate,professional,monthly,79.0,948.0,183,0,1,self-serve,553.0,79.0,7,2421
U003893,0.8248000771133778,1,82.48,Critical,82.48,Immediate,enterprise,monthly,199.0,2388.0,58,0,0,self-serve,597.0,199.0,3,2422
U006638,0.8246237776575253,1,82.46,Critical,82.46,Immediate,starter,monthly,29.0,348.0,225,2,1,self-serve,232.0,29.0,8,2423
U028079,0.8245743315813497,1,82.46,Critical,82.46,Immediate,starter,annual,29.0,348.0,213,0,1,sales-assisted,232.0,29.0,8,2424
U028915,0.8245447438258977,1,82.45,Critical,82.45,Immediate,professional,monthly,79.0,948.0,86,1,0,sales-assisted,237.0,79.0,3,2425
U000240,0.8245447438258977,1,82.45,Critical,82.45,Immediate,professional,monthly,79.0,948.0,86,1,0,sales-assisted,237.0,79.0,3,2426
U007989,0.8245130423530416,1,82.45,Critical,82.45,Immediate,starter,monthly,29.0,348.0,103,0,0,partner,116.0,29.0,4,2427
U009025,0.8244888739609104,1,82.45,Critical,82.45,Immediate,starter,monthly,29.0,348.0,191,0,0,self-serve,203.0,29.0,7,2428
U013880,0.8244573419573354,1,82.45,Critical,82.45,Immediate,starter,annual,29.0,348.0,161,1,0,self-serve,174.0,29.0,6,2429
U026362,0.8242946184484767,1,82.43,Critical,82.43,Immediate,starter,annual,29.0,348.0,99,1,1,self-serve,116.0,29.0,4,2430
U026864,0.8242915931908993,1,82.43,Critical,82.43,Immediate,professional,annual,79.0,948.0,146,1,0,self-serve,395.0,79.0,5,2431
U018391,0.8242898629059229,1,82.43,Critical,82.43,Immediate,professional,annual,79.0,948.0,162,0,0,self-serve,474.0,79.0,6,2432
U011752,0.8242486882995462,1,82.42,Critical,82.42,Immediate,starter,monthly,29.0,348.0,98,2,1,self-serve,116.0,29.0,4,2433
U009666,0.8240230996349102,1,82.4,Critical,82.4,Immediate,starter,annual,29.0,348.0,172,2,0,self-serve,174.0,29.0,6,2434
U010433,0.8239381457477069,1,82.39,Critical,82.39,Immediate,enterprise,monthly,199.0,2388.0,234,0,0,self-serve,1592.0,199.0,8,2435
U026388,0.8239381457477069,1,82.39,Critical,82.39,Immediate,enterprise,monthly,199.0,2388.0,234,0,0,self-serve,1592.0,199.0,8,2436
U013810,0.8236312077311425,1,82.36,Critical,82.36,Immediate,enterprise,monthly,199.0,2388.0,39,1,0,partner,398.0,199.0,2,2437
U029251,0.8235269262869869,1,82.35,Critical,82.35,Immediate,professional,monthly,79.0,948.0,133,0,1,self-serve,395.0,79.0,5,2438
U001832,0.8234749990912535,1,82.35,Critical,82.35,Immediate,starter,monthly,29.0,348.0,159,0,2,self-serve,174.0,29.0,6,2439
U016410,0.8234470824914429,1,82.34,Critical,82.34,Immediate,starter,monthly,29.0,348.0,167,2,0,sales-assisted,174.0,29.0,6,2440
U017829,0.8234332482722152,1,82.34,Critical,82.34,Immediate,starter,monthly,29.0,348.0,100,0,0,self-serve,116.0,29.0,4,2441
U011597,0.8234332482722152,1,82.34,Critical,82.34,Immediate,starter,monthly,29.0,348.0,100,0,0,self-serve,116.0,29.0,4,2442
U019556,0.8234332482722152,1,82.34,Critical,82.34,Immediate,starter,monthly,29.0,348.0,100,0,0,self-serve,116.0,29.0,4,2443
U029196,0.8233656800838858,1,82.34,Critical,82.34,Immediate,starter,monthly,29.0,348.0,76,0,0,self-serve,87.0,29.0,3,2444
U029915,0.8233656800838858,1,82.34,Critical,82.34,Immediate,starter,monthly,29.0,348.0,76,0,0,self-serve,87.0,29.0,3,2445
U021674,0.8233007920034561,1,82.33,Critical,82.33,Immediate,starter,monthly,29.0,348.0,289,1,0,self-serve,319.0,29.0,11,2446
U007714,0.8232551214246316,1,82.33,Critical,82.33,Immediate,starter,monthly,29.0,348.0,457,2,1,sales-assisted,464.0,29.0,16,2447
U027806,0.8230125164534995,1,82.3,Critical,82.3,Immediate,starter,monthly,29.0,348.0,337,1,2,self-serve,348.0,29.0,12,2448
U013854,0.8228816322326535,1,82.29,Critical,82.29,Immediate,starter,monthly,29.0,348.0,58,1,1,sales-assisted,58.0,29.0,2,2449
U003979,0.822779653623976,1,82.28,Critical,82.28,Immediate,starter,annual,29.0,348.0,133,0,1,self-serve,174.0,29.0,6,2450
U013932,0.8227539538215097,1,82.28,Critical,82.28,Immediate,professional,annual,79.0,948.0,47,2,0,self-serve,158.0,79.0,2,2451
U014270,0.8224841139685996,1,82.25,Critical,82.25,Immediate,starter,monthly,29.0,348.0,306,1,1,self-serve,319.0,29.0,11,2452
U013406,0.8222532298195959,1,82.23,Critical,82.23,Immediate,starter,monthly,29.0,348.0,139,1,0,self-serve,145.0,29.0,5,2453
U020346,0.8221988748355893,1,82.22,Critical,82.22,Immediate,starter,monthly,29.0,348.0,127,1,0,partner,145.0,29.0,5,2454
U026254,0.8221882243233931,1,82.22,Critical,82.22,Immediate,professional,monthly,79.0,948.0,67,1,0,sales-assisted,237.0,79.0,3,2455
U013245,0.8219464064232154,1,82.19,Critical,82.19,Immediate,professional,monthly,79.0,948.0,61,1,0,sales-assisted,237.0,79.0,3,2456
U011256,0.8218651791558784,1,82.19,Critical,82.19,Immediate,professional,monthly,79.0,948.0,42,0,1,sales-assisted,158.0,79.0,2,2457
U014160,0.821828584053271,1,82.18,Critical,82.18,Immediate,starter,monthly,29.0,348.0,235,2,2,self-serve,261.0,29.0,9,2458
U018124,0.8218182188597833,1,82.18,Critical,82.18,Immediate,starter,monthly,29.0,348.0,128,2,1,self-serve,174.0,29.0,6,2459
U008770,0.8218017363699801,1,82.18,Critical,82.18,Immediate,starter,annual,29.0,348.0,56,0,2,self-serve,58.0,29.0,2,2460
U028895,0.8217601042560784,1,82.18,Critical,82.18,Immediate,professional,monthly,79.0,948.0,352,2,0,sales-assisted,948.0,79.0,12,2461
U014765,0.8217260850499845,1,82.17,Critical,82.17,Immediate,enterprise,monthly,199.0,2388.0,31,1,0,sales-assisted,398.0,199.0,2,2462
U005637,0.8216917978063268,1,82.17,Critical,82.17,Immediate,professional,monthly,79.0,948.0,158,0,0,sales-assisted,553.0,79.0,7,2463
U023312,0.8213258364751415,1,82.13,Critical,82.13,Immediate,starter,annual,29.0,348.0,53,2,0,self-serve,58.0,29.0,2,2464
U025691,0.8212552609694113,1,82.13,Critical,82.13,Immediate,starter,monthly,29.0,348.0,468,0,1,partner,464.0,29.0,16,2465
U001406,0.821069708441773,1,82.11,Critical,82.11,Immediate,enterprise,monthly,199.0,2388.0,450,1,2,self-serve,3184.0,199.0,16,2466
U020360,0.8210249249494104,1,82.1,Critical,82.1,Immediate,starter,monthly,29.0,348.0,225,0,0,self-serve,232.0,29.0,8,2467
U025662,0.8209511141105391,1,82.1,Critical,82.1,Immediate,starter,monthly,29.0,348.0,121,0,0,self-serve,116.0,29.0,4,2468
U027439,0.8209511141105391,1,82.1,Critical,82.1,Immediate,starter,monthly,29.0,348.0,121,0,0,self-serve,116.0,29.0,4,2469
U012759,0.8208706869643901,1,82.09,Critical,82.09,Immediate,starter,monthly,29.0,348.0,104,1,1,sales-assisted,116.0,29.0,4,2470
U029631,0.820749680594715,1,82.07,Critical,82.07,Immediate,professional,monthly,79.0,948.0,404,1,0,self-serve,1106.0,79.0,14,2471
U027332,0.8207008569516829,1,82.07,Critical,82.07,Immediate,professional,annual,79.0,948.0,115,0,0,self-serve,395.0,79.0,5,2472
U017832,0.8205793504764013,1,82.06,Critical,82.06,Immediate,starter,annual,29.0,348.0,134,0,1,self-serve,174.0,29.0,6,2473
U009485,0.8205687116625581,1,82.06,Critical,82.06,Immediate,starter,annual,29.0,348.0,305,0,0,self-serve,319.0,29.0,11,2474
U012844,0.82049695125348,1,82.05,Critical,82.05,Immediate,professional,monthly,79.0,948.0,359,1,0,self-serve,1027.0,79.0,13,2475
U014518,0.8204637947713715,1,82.05,Critical,82.05,Immediate,starter,monthly,29.0,348.0,121,1,0,self-serve,116.0,29.0,4,2476
U026940,0.820265227782331,1,82.03,Critical,82.03,Immediate,professional,annual,79.0,948.0,114,1,0,self-serve,395.0,79.0,5,2477
U023153,0.8201975533157657,1,82.02,Critical,82.02,Immediate,starter,monthly,29.0,348.0,221,1,0,self-serve,232.0,29.0,8,2478
U007966,0.8201975533157657,1,82.02,Critical,82.02,Immediate,starter,monthly,29.0,348.0,221,1,0,self-serve,232.0,29.0,8,2479
U002088,0.8201975533157657,1,82.02,Critical,82.02,Immediate,starter,monthly,29.0,348.0,221,1,0,self-serve,232.0,29.0,8,2480
U026242,0.8201975533157657,1,82.02,Critical,82.02,Immediate,starter,monthly,29.0,348.0,221,1,0,self-serve,232.0,29.0,8,2481
U015955,0.8200821019250752,1,82.01,Critical,82.01,Immediate,starter,annual,29.0,348.0,35,1,0,sales-assisted,58.0,29.0,2,2482
U005657,0.8199828846478713,1,82.0,Critical,82.0,Immediate,starter,monthly,29.0,348.0,366,1,0,self-serve,377.0,29.0,13,2483
U008612,0.8198954179556227,1,81.99,Critical,81.99,Immediate,professional,monthly,79.0,948.0,406,1,0,self-serve,1106.0,79.0,14,2484
U009703,0.8195452611644514,1,81.95,Critical,81.95,Immediate,starter,monthly,29.0,348.0,287,1,1,sales-assisted,290.0,29.0,10,2485
U029193,0.8195263124193641,1,81.95,Critical,81.95,Immediate,starter,monthly,29.0,348.0,249,1,1,self-serve,261.0,29.0,9,2486
U006042,0.8194655528244817,1,81.95,Critical,81.95,Immediate,starter,monthly,29.0,348.0,220,1,1,sales-assisted,232.0,29.0,8,2487
U027547,0.8194629067185322,1,81.95,Critical,81.95,Immediate,starter,monthly,29.0,348.0,71,0,1,sales-assisted,87.0,29.0,3,2488
U025999,0.8194098229227567,1,81.94,Critical,81.94,Immediate,starter,monthly,29.0,348.0,206,1,1,self-serve,203.0,29.0,7,2489
U024067,0.8193910598725656,1,81.94,Critical,81.94,Immediate,professional,monthly,79.0,948.0,196,0,2,self-serve,553.0,79.0,7,2490
U019021,0.8192423688652593,1,81.92,Critical,81.92,Immediate,professional,monthly,79.0,948.0,21,0,1,self-serve,79.0,79.0,1,2491
U009877,0.8192186866992679,1,81.92,Critical,81.92,Immediate,starter,monthly,29.0,348.0,78,0,0,self-serve,87.0,29.0,3,2492
U016596,0.8192040264377529,1,81.92,Critical,81.92,Immediate,starter,monthly,29.0,348.0,155,0,2,sales-assisted,174.0,29.0,6,2493
U002618,0.8191791509257482,1,81.92,Critical,81.92,Immediate,professional,monthly,79.0,948.0,429,0,0,self-serve,1185.0,79.0,15,2494
U009955,0.819137701341095,1,81.91,Critical,81.91,Immediate,starter,monthly,29.0,348.0,172,1,0,sales-assisted,174.0,29.0,6,2495
U029645,0.8186894618783609,1,81.87,Critical,81.87,Immediate,starter,annual,29.0,348.0,223,0,1,sales-assisted,232.0,29.0,8,2496
U015046,0.8186681192152893,1,81.87,Critical,81.87,Immediate,starter,monthly,29.0,348.0,193,2,0,sales-assisted,203.0,29.0,7,2497
U021008,0.8186185548881718,1,81.86,Critical,81.86,Immediate,starter,annual,29.0,348.0,29,1,0,self-serve,29.0,29.0,1,2498
U016077,0.8184892148451762,1,81.85,Critical,81.85,Immediate,starter,annual,29.0,348.0,158,0,0,sales-assisted,174.0,29.0,6,2499
U021568,0.8183033513095603,1,81.83,Critical,81.83,Immediate,professional,annual,79.0,948.0,244,0,0,sales-assisted,711.0,79.0,9,2500
U022262,0.818062318576574,1,81.81,Critical,81.81,Immediate,professional,annual,79.0,948.0,62,0,3,self-serve,237.0,79.0,3,2501
U021707,0.8179289568576404,1,81.79,Critical,81.79,Immediate,starter,monthly,29.0,348.0,279,2,0,sales-assisted,290.0,29.0,10,2502
U010955,0.8177748062497284,1,81.78,Critical,81.78,Immediate,starter,monthly,29.0,348.0,40,0,0,partner,58.0,29.0,2,2503
U012736,0.8175591288412911,1,81.76,Critical,81.76,Immediate,starter,monthly,29.0,348.0,145,0,0,self-serve,145.0,29.0,5,2504
U023672,0.8175591288412911,1,81.76,Critical,81.76,Immediate,starter,monthly,29.0,348.0,145,0,0,self-serve,145.0,29.0,5,2505
U004180,0.8174709542300101,1,81.75,Critical,81.75,Immediate,starter,monthly,29.0,348.0,88,2,1,sales-assisted,87.0,29.0,3,2506
U010373,0.8174020221522964,1,81.74,Critical,81.74,Immediate,enterprise,monthly,199.0,2388.0,307,0,0,self-serve,2189.0,199.0,11,2507
U015263,0.8172895905137267,1,81.73,Critical,81.73,Immediate,starter,annual,29.0,348.0,93,0,0,self-serve,116.0,29.0,4,2508
U027737,0.8172069911597448,1,81.72,Critical,81.72,Immediate,starter,monthly,29.0,348.0,218,2,1,self-serve,232.0,29.0,8,2509
U008526,0.8171748562280661,1,81.72,Critical,81.72,Immediate,starter,monthly,29.0,348.0,171,0,1,self-serve,174.0,29.0,6,2510
U004723,0.8171748562280661,1,81.72,Critical,81.72,Immediate,starter,monthly,29.0,348.0,171,0,1,self-serve,174.0,29.0,6,2511
U014623,0.8171481912014312,1,81.71,Critical,81.71,Immediate,starter,monthly,29.0,348.0,332,1,1,sales-assisted,348.0,29.0,12,2512
U022239,0.8171324559139135,1,81.71,Critical,81.71,Immediate,starter,monthly,29.0,348.0,220,1,0,partner,232.0,29.0,8,2513
U011457,0.8171051839391904,1,81.71,Critical,81.71,Immediate,starter,monthly,29.0,348.0,158,0,0,partner,174.0,29.0,6,2514
U029678,0.8170860107450978,1,81.71,Critical,81.71,Immediate,starter,annual,29.0,348.0,24,1,0,self-serve,29.0,29.0,1,2515
U016285,0.8170766456169183,1,81.71,Critical,81.71,Immediate,professional,monthly,79.0,948.0,327,2,3,sales-assisted,869.0,79.0,11,2516
U003641,0.8170472272317281,1,81.7,Critical,81.7,Immediate,starter,monthly,29.0,348.0,53,1,0,self-serve,58.0,29.0,2,2517
U002930,0.8170472272317281,1,81.7,Critical,81.7,Immediate,starter,monthly,29.0,348.0,53,1,0,self-serve,58.0,29.0,2,2518
U001566,0.8170382557429721,1,81.7,Critical,81.7,Immediate,professional,annual,79.0,948.0,331,1,0,sales-assisted,948.0,79.0,12,2519
U009900,0.8170314669739134,1,81.7,Critical,81.7,Immediate,starter,monthly,29.0,348.0,354,2,0,partner,348.0,29.0,12,2520
U018831,0.8170314669739134,1,81.7,Critical,81.7,Immediate,starter,monthly,29.0,348.0,354,2,0,partner,348.0,29.0,12,2521
U003088,0.816997594068665,1,81.7,Critical,81.7,Immediate,enterprise,monthly,199.0,2388.0,183,1,0,self-serve,1393.0,199.0,7,2522
U029682,0.8168780206144917,1,81.69,Critical,81.69,Immediate,starter,monthly,29.0,348.0,57,0,1,sales-assisted,58.0,29.0,2,2523
U018691,0.8168780206144917,1,81.69,Critical,81.69,Immediate,starter,monthly,29.0,348.0,57,0,1,sales-assisted,58.0,29.0,2,2524
U006975,0.8168312083485167,1,81.68,Critical,81.68,Immediate,starter,monthly,29.0,348.0,163,0,0,partner,174.0,29.0,6,2525
U027450,0.8168244879901153,1,81.68,Critical,81.68,Immediate,professional,annual,79.0,948.0,217,0,0,sales-assisted,632.0,79.0,8,2526
U025840,0.8164201937404975,1,81.64,Critical,81.64,Immediate,professional,monthly,79.0,948.0,292,1,2,sales-assisted,790.0,79.0,10,2527
U011307,0.8163476771947136,1,81.63,Critical,81.63,Immediate,starter,monthly,29.0,348.0,190,0,0,self-serve,203.0,29.0,7,2528
U004886,0.8163406178448127,1,81.63,Critical,81.63,Immediate,starter,annual,29.0,348.0,143,0,0,self-serve,145.0,29.0,5,2529
U002589,0.8163341368946406,1,81.63,Critical,81.63,Immediate,starter,monthly,29.0,348.0,221,0,1,self-serve,232.0,29.0,8,2530
U007889,0.8163284532465962,1,81.63,Critical,81.63,Immediate,starter,monthly,29.0,348.0,66,1,1,self-serve,87.0,29.0,3,2531
U010233,0.8162912009010835,1,81.63,Critical,81.63,Immediate,starter,annual,29.0,348.0,151,1,0,self-serve,145.0,29.0,5,2532
U013827,0.8162742652129443,1,81.63,Critical,81.63,Immediate,starter,monthly,29.0,348.0,44,2,1,self-serve,58.0,29.0,2,2533
U014574,0.8162334644262585,1,81.62,Critical,81.62,Immediate,professional,monthly,79.0,948.0,273,0,0,self-serve,790.0,79.0,10,2534
U001275,0.8161613895437817,1,81.62,Critical,81.62,Immediate,starter,monthly,29.0,348.0,342,0,0,sales-assisted,348.0,29.0,12,2535
U021432,0.8161613895437817,1,81.62,Critical,81.62,Immediate,starter,monthly,29.0,348.0,342,0,0,sales-assisted,348.0,29.0,12,2536
U024222,0.8161048791908692,1,81.61,Critical,81.61,Immediate,professional,annual,79.0,948.0,400,1,1,self-serve,1185.0,79.0,15,2537
U012817,0.8160685615738226,1,81.61,Critical,81.61,Immediate,starter,monthly,29.0,348.0,37,1,0,self-serve,58.0,29.0,2,2538
U005252,0.8158925575984329,1,81.59,Critical,81.59,Immediate,professional,monthly,79.0,948.0,303,3,0,partner,869.0,79.0,11,2539
U020692,0.815824702283407,1,81.58,Critical,81.58,Immediate,starter,annual,29.0,348.0,31,1,0,self-serve,58.0,29.0,2,2540
U029342,0.815806417852722,1,81.58,Critical,81.58,Immediate,professional,monthly,79.0,948.0,248,1,1,self-serve,711.0,79.0,9,2541
U024124,0.8157454890978199,1,81.57,Critical,81.57,Immediate,professional,monthly,79.0,948.0,101,0,0,partner,316.0,79.0,4,2542
U022280,0.8156874987627406,1,81.57,Critical,81.57,Immediate,professional,monthly,79.0,948.0,38,3,0,sales-assisted,158.0,79.0,2,2543
U022857,0.8154404925881246,1,81.54,Critical,81.54,Immediate,starter,monthly,29.0,348.0,168,0,0,self-serve,174.0,29.0,6,2544
U009793,0.8153272181484209,1,81.53,Critical,81.53,Immediate,starter,annual,29.0,348.0,121,1,0,self-serve,116.0,29.0,4,2545
U008367,0.8152939938026876,1,81.53,Critical,81.53,Immediate,professional,monthly,79.0,948.0,245,3,0,sales-assisted,711.0,79.0,9,2546
U008654,0.8152021823397143,1,81.52,Critical,81.52,Immediate,professional,annual,79.0,948.0,42,0,0,sales-assisted,158.0,79.0,2,2547
U028757,0.8151920406378212,1,81.52,Critical,81.52,Immediate,starter,monthly,29.0,348.0,399,2,0,sales-assisted,406.0,29.0,14,2548
U018479,0.8151434826328817,1,81.51,Critical,81.51,Immediate,starter,annual,29.0,348.0,112,0,0,sales-assisted,116.0,29.0,4,2549
U010284,0.815128221259526,1,81.51,Critical,81.51,Immediate,professional,annual,79.0,948.0,95,0,0,self-serve,316.0,79.0,4,2550
U009095,0.8149273009437317,1,81.49,Critical,81.49,Immediate,starter,annual,29.0,348.0,120,0,1,self-serve,145.0,29.0,5,2551
U001699,0.8149182040596298,1,81.49,Critical,81.49,Immediate,starter,monthly,29.0,348.0,46,2,0,self-serve,58.0,29.0,2,2552
U013954,0.8148408473117585,1,81.48,Critical,81.48,Immediate,starter,monthly,29.0,348.0,253,1,0,self-serve,261.0,29.0,9,2553
U024925,0.8147671480773528,1,81.48,Critical,81.48,Immediate,professional,monthly,79.0,948.0,405,1,0,self-serve,1106.0,79.0,14,2554
U020719,0.8147069960876466,1,81.47,Critical,81.47,Immediate,professional,monthly,79.0,948.0,333,1,1,self-serve,948.0,79.0,12,2555
U028697,0.8146357780592864,1,81.46,Critical,81.46,Immediate,professional,monthly,79.0,948.0,74,1,1,sales-assisted,237.0,79.0,3,2556
U014555,0.8146357780592864,1,81.46,Critical,81.46,Immediate,professional,monthly,79.0,948.0,74,1,1,sales-assisted,237.0,79.0,3,2557
U025150,0.8144456019331467,1,81.44,Critical,81.44,Immediate,starter,monthly,29.0,348.0,124,1,0,self-serve,145.0,29.0,5,2558
U025589,0.8144456019331467,1,81.44,Critical,81.44,Immediate,starter,monthly,29.0,348.0,124,1,0,self-serve,145.0,29.0,5,2559
U016913,0.8144456019331467,1,81.44,Critical,81.44,Immediate,starter,monthly,29.0,348.0,124,1,0,self-serve,145.0,29.0,5,2560
U020096,0.8143199579564263,1,81.43,Critical,81.43,Immediate,starter,monthly,29.0,348.0,112,0,1,self-serve,116.0,29.0,4,2561
U023983,0.814098361473135,1,81.41,Critical,81.41,Immediate,starter,monthly,29.0,348.0,172,2,0,self-serve,174.0,29.0,6,2562
U017075,0.8137723432102097,1,81.38,Critical,81.38,Immediate,professional,monthly,79.0,948.0,60,1,0,partner,158.0,79.0,2,2563
U020499,0.8136224147341686,1,81.36,Critical,81.36,Immediate,professional,monthly,79.0,948.0,132,0,0,partner,395.0,79.0,5,2564
U025775,0.8135684851104719,1,81.36,Critical,81.36,Immediate,enterprise,monthly,199.0,2388.0,32,2,0,self-serve,398.0,199.0,2,2565
U015651,0.813546030567804,1,81.35,Critical,81.35,Immediate,starter,monthly,29.0,348.0,80,0,1,sales-assisted,87.0,29.0,3,2566
U001416,0.813546030567804,1,81.35,Critical,81.35,Immediate,starter,monthly,29.0,348.0,80,0,1,sales-assisted,87.0,29.0,3,2567
U010969,0.813138803582988,1,81.31,Critical,81.31,Immediate,starter,annual,29.0,348.0,31,1,0,sales-assisted,58.0,29.0,2,2568
U020749,0.8131284119358759,1,81.31,Critical,81.31,Immediate,starter,monthly,29.0,348.0,170,1,0,sales-assisted,174.0,29.0,6,2569
U027793,0.8130238526963173,1,81.3,Critical,81.3,Immediate,professional,annual,79.0,948.0,54,2,0,self-serve,158.0,79.0,2,2570
U029481,0.812972742852372,1,81.3,Critical,81.3,Immediate,starter,monthly,29.0,348.0,147,0,0,sales-assisted,145.0,29.0,5,2571
U014766,0.8125306656741929,1,81.25,Critical,81.25,Immediate,starter,monthly,29.0,348.0,63,0,0,self-serve,87.0,29.0,3,2572
U019397,0.8124499258740674,1,81.24,Critical,81.24,Immediate,professional,monthly,79.0,948.0,264,0,1,sales-assisted,711.0,79.0,9,2573
U027302,0.8124136614337769,1,81.24,Critical,81.24,Immediate,starter,monthly,29.0,348.0,73,1,3,self-serve,87.0,29.0,3,2574
U019818,0.8123867924054096,1,81.24,Critical,81.24,Immediate,professional,monthly,79.0,948.0,310,0,0,sales-assisted,869.0,79.0,11,2575
U018262,0.8122250639459742,1,81.22,Critical,81.22,Immediate,enterprise,monthly,199.0,2388.0,146,2,1,partner,995.0,199.0,5,2576
U012830,0.8121129959295078,1,81.21,Critical,81.21,Immediate,professional,monthly,79.0,948.0,236,1,0,sales-assisted,632.0,79.0,8,2577
U005205,0.8121107840437768,1,81.21,Critical,81.21,Immediate,starter,monthly,29.0,348.0,158,0,1,partner,174.0,29.0,6,2578
U006556,0.8120323137989295,1,81.2,Critical,81.2,Immediate,professional,monthly,79.0,948.0,27,0,0,sales-assisted,79.0,79.0,1,2579
U012704,0.8120251544192433,1,81.2,Critical,81.2,Immediate,starter,monthly,29.0,348.0,324,0,1,self-serve,319.0,29.0,11,2580
U019009,0.8119774082789933,1,81.2,Critical,81.2,Immediate,starter,monthly,29.0,348.0,217,1,0,self-serve,232.0,29.0,8,2581
U003185,0.8118961445988983,1,81.19,Critical,81.19,Immediate,starter,monthly,29.0,348.0,217,2,1,self-serve,232.0,29.0,8,2582
U010175,0.8118921653589062,1,81.19,Critical,81.19,Immediate,starter,monthly,29.0,348.0,277,1,0,self-serve,290.0,29.0,10,2583
U007972,0.8117241341757513,1,81.17,Critical,81.17,Immediate,starter,monthly,29.0,348.0,77,0,0,sales-assisted,87.0,29.0,3,2584
U017787,0.8116846177835291,1,81.17,Critical,81.17,Immediate,professional,monthly,79.0,948.0,133,2,0,self-serve,395.0,79.0,5,2585
U029162,0.8116739980738459,1,81.17,Critical,81.17,Immediate,professional,monthly,79.0,948.0,94,0,1,sales-assisted,316.0,79.0,4,2586
U024437,0.8115798709175441,1,81.16,Critical,81.16,Immediate,professional,monthly,79.0,948.0,321,1,0,sales-assisted,869.0,79.0,11,2587
U027080,0.8115761748278855,1,81.16,Critical,81.16,Immediate,enterprise,monthly,199.0,2388.0,136,1,0,self-serve,995.0,199.0,5,2588
U004469,0.8115414202175562,1,81.15,Critical,81.15,Immediate,starter,monthly,29.0,348.0,62,0,0,self-serve,87.0,29.0,3,2589
U018657,0.8115414202175562,1,81.15,Critical,81.15,Immediate,starter,monthly,29.0,348.0,62,0,0,self-serve,87.0,29.0,3,2590
U021056,0.8115364754849961,1,81.15,Critical,81.15,Immediate,professional,annual,79.0,948.0,105,1,1,sales-assisted,316.0,79.0,4,2591
U006111,0.8115248686953548,1,81.15,Critical,81.15,Immediate,enterprise,monthly,199.0,2388.0,145,0,0,sales-assisted,995.0,199.0,5,2592
U013804,0.8115114025543242,1,81.15,Critical,81.15,Immediate,starter,monthly,29.0,348.0,316,1,0,self-serve,319.0,29.0,11,2593
U011525,0.8115098326078315,1,81.15,Critical,81.15,Immediate,professional,monthly,79.0,948.0,126,1,0,self-serve,395.0,79.0,5,2594
U015396,0.8115098326078315,1,81.15,Critical,81.15,Immediate,professional,monthly,79.0,948.0,126,1,0,self-serve,395.0,79.0,5,2595
U000848,0.8115098326078315,1,81.15,Critical,81.15,Immediate,professional,monthly,79.0,948.0,126,1,0,self-serve,395.0,79.0,5,2596
U002067,0.8112877793350577,1,81.13,Critical,81.13,Immediate,professional,monthly,79.0,948.0,346,0,2,self-serve,948.0,79.0,12,2597
U023654,0.811209107001193,1,81.12,Critical,81.12,Immediate,starter,monthly,29.0,348.0,102,1,0,sales-assisted,116.0,29.0,4,2598
U020397,0.8111349261394996,1,81.11,Critical,81.11,Immediate,starter,monthly,29.0,348.0,41,1,3,self-serve,58.0,29.0,2,2599
U027006,0.8111280509517814,1,81.11,Critical,81.11,Immediate,professional,annual,79.0,948.0,99,0,1,self-serve,316.0,79.0,4,2600
U021171,0.8108898122208978,1,81.09,Critical,81.09,Immediate,starter,monthly,29.0,348.0,375,1,0,self-serve,377.0,29.0,13,2601
U026236,0.8107653237113488,1,81.08,Critical,81.08,Immediate,starter,monthly,29.0,348.0,188,0,1,partner,203.0,29.0,7,2602
U012891,0.8106715542061539,1,81.07,Critical,81.07,Immediate,starter,monthly,29.0,348.0,170,1,1,sales-assisted,174.0,29.0,6,2603
U025694,0.8106703351495613,1,81.07,Critical,81.07,Immediate,starter,annual,29.0,348.0,198,2,0,sales-assisted,232.0,29.0,8,2604
U022819,0.8106258026851824,1,81.06,Critical,81.06,Immediate,professional,annual,79.0,948.0,249,2,1,self-serve,711.0,79.0,9,2605
U018072,0.8105358308400926,1,81.05,Critical,81.05,Immediate,starter,annual,29.0,348.0,336,1,0,self-serve,348.0,29.0,12,2606
U015831,0.8104762555834233,1,81.05,Critical,81.05,Immediate,enterprise,monthly,199.0,2388.0,171,2,1,self-serve,1194.0,199.0,6,2607
U028727,0.8103918699637999,1,81.04,Critical,81.04,Immediate,professional,annual,79.0,948.0,139,1,0,sales-assisted,395.0,79.0,5,2608
U014412,0.810013958985973,1,81.0,Critical,81.0,Immediate,starter,monthly,29.0,348.0,153,0,0,partner,174.0,29.0,6,2609
U023887,0.8099347326067083,1,80.99,Critical,80.99,Immediate,enterprise,monthly,199.0,2388.0,187,0,1,self-serve,1393.0,199.0,7,2610
U019371,0.8097846603215572,1,80.98,Critical,80.98,Immediate,starter,monthly,29.0,348.0,219,1,1,sales-assisted,232.0,29.0,8,2611
U013627,0.8097846603215572,1,80.98,Critical,80.98,Immediate,starter,monthly,29.0,348.0,219,1,1,sales-assisted,232.0,29.0,8,2612
U003558,0.8097702519008907,1,80.98,Critical,80.98,Immediate,starter,monthly,29.0,348.0,41,1,1,sales-assisted,58.0,29.0,2,2613
U000772,0.8096718812428261,1,80.97,Critical,80.97,Immediate,enterprise,monthly,199.0,2388.0,278,0,1,self-serve,1990.0,199.0,10,2614
U001116,0.8089213959108398,1,80.89,Critical,80.89,Immediate,professional,monthly,79.0,948.0,323,0,2,self-serve,869.0,79.0,11,2615
U014040,0.8089211024758605,1,80.89,Critical,80.89,Immediate,starter,monthly,29.0,348.0,227,0,1,partner,232.0,29.0,8,2616
U002825,0.80887163189695,1,80.89,Critical,80.89,Immediate,enterprise,monthly,199.0,2388.0,96,4,0,sales-assisted,796.0,199.0,4,2617
U008241,0.8088525755867016,1,80.89,Critical,80.89,Immediate,professional,annual,79.0,948.0,142,1,1,self-serve,395.0,79.0,5,2618
U002283,0.80884986744501,1,80.88,Critical,80.88,Immediate,professional,monthly,79.0,948.0,212,0,0,self-serve,632.0,79.0,8,2619
U004616,0.8087689576102151,1,80.88,Critical,80.88,Immediate,professional,monthly,79.0,948.0,158,0,0,self-serve,474.0,79.0,6,2620
U005890,0.8087689576102151,1,80.88,Critical,80.88,Immediate,professional,monthly,79.0,948.0,158,0,0,self-serve,474.0,79.0,6,2621
U007162,0.8087689576102151,1,80.88,Critical,80.88,Immediate,professional,monthly,79.0,948.0,158,0,0,self-serve,474.0,79.0,6,2622
U017338,0.8087689576102151,1,80.88,Critical,80.88,Immediate,professional,monthly,79.0,948.0,158,0,0,self-serve,474.0,79.0,6,2623
U022472,0.8087338242056495,1,80.87,Critical,80.87,Immediate,enterprise,monthly,199.0,2388.0,92,1,0,self-serve,796.0,199.0,4,2624
U023072,0.8087163054622514,1,80.87,Critical,80.87,Immediate,starter,monthly,29.0,348.0,276,3,0,self-serve,290.0,29.0,10,2625
U010711,0.8086546642756567,1,80.87,Critical,80.87,Immediate,enterprise,monthly,199.0,2388.0,165,1,0,self-serve,1194.0,199.0,6,2626
U023625,0.8085364079227177,1,80.85,Critical,80.85,Immediate,professional,monthly,79.0,948.0,30,0,0,sales-assisted,79.0,79.0,1,2627
U000523,0.8085364079227177,1,80.85,Critical,80.85,Immediate,professional,monthly,79.0,948.0,30,0,0,sales-assisted,79.0,79.0,1,2628
U009370,0.8085364079227177,1,80.85,Critical,80.85,Immediate,professional,monthly,79.0,948.0,30,0,0,sales-assisted,79.0,79.0,1,2629
U023272,0.8085211738585524,1,80.85,Critical,80.85,Immediate,professional,monthly,79.0,948.0,50,1,2,sales-assisted,158.0,79.0,2,2630
U005197,0.8084883559641987,1,80.85,Critical,80.85,Immediate,starter,annual,29.0,348.0,311,1,0,self-serve,319.0,29.0,11,2631
U026177,0.8084436215157966,1,80.84,Critical,80.84,Immediate,starter,monthly,29.0,348.0,413,2,1,partner,435.0,29.0,15,2632
U021810,0.808328408641318,1,80.83,Critical,80.83,Immediate,professional,monthly,79.0,948.0,260,3,1,self-serve,711.0,79.0,9,2633
U024510,0.8082905665724638,1,80.83,Critical,80.83,Immediate,enterprise,monthly,199.0,2388.0,225,0,1,partner,1592.0,199.0,8,2634
U009174,0.8082417676497339,1,80.82,Critical,80.82,Immediate,professional,monthly,79.0,948.0,283,1,0,self-serve,869.0,79.0,11,2635
U018832,0.8082254886261646,1,80.82,Critical,80.82,Immediate,professional,monthly,79.0,948.0,188,0,0,self-serve,553.0,79.0,7,2636
U025373,0.8082254886261646,1,80.82,Critical,80.82,Immediate,professional,monthly,79.0,948.0,188,0,0,self-serve,553.0,79.0,7,2637
U010729,0.8082254886261646,1,80.82,Critical,80.82,Immediate,professional,monthly,79.0,948.0,188,0,0,self-serve,553.0,79.0,7,2638
U021326,0.8082254886261646,1,80.82,Critical,80.82,Immediate,professional,monthly,79.0,948.0,188,0,0,self-serve,553.0,79.0,7,2639
U000124,0.8081864301789903,1,80.82,Critical,80.82,Immediate,starter,annual,29.0,348.0,131,2,1,self-serve,145.0,29.0,5,2640
U027308,0.808166658267983,1,80.82,Critical,80.82,Immediate,starter,monthly,29.0,348.0,349,1,0,self-serve,348.0,29.0,12,2641
U019416,0.807960486642719,1,80.8,Critical,80.8,Immediate,starter,monthly,29.0,348.0,75,0,1,self-serve,87.0,29.0,3,2642
U018280,0.8079213942550143,1,80.79,Critical,80.79,Immediate,professional,monthly,79.0,948.0,71,1,0,sales-assisted,237.0,79.0,3,2643
U012779,0.8077483324364565,1,80.77,Critical,80.77,Immediate,starter,monthly,29.0,348.0,103,1,0,self-serve,116.0,29.0,4,2644
U010674,0.8077271003015156,1,80.77,Critical,80.77,Immediate,enterprise,monthly,199.0,2388.0,245,0,0,self-serve,1791.0,199.0,9,2645
U003526,0.8076761742960687,1,80.77,Critical,80.77,Immediate,professional,annual,79.0,948.0,147,1,0,self-serve,395.0,79.0,5,2646
U016132,0.8075145501193894,1,80.75,Critical,80.75,Immediate,professional,monthly,79.0,948.0,306,0,2,self-serve,869.0,79.0,11,2647
U018527,0.8074810454062589,1,80.75,Critical,80.75,Immediate,professional,monthly,79.0,948.0,29,0,0,sales-assisted,158.0,79.0,2,2648
U020011,0.8074201210590751,1,80.74,Critical,80.74,Immediate,starter,monthly,29.0,348.0,126,0,0,sales-assisted,145.0,29.0,5,2649
U013508,0.8073358618226032,1,80.73,Critical,80.73,Immediate,professional,monthly,79.0,948.0,232,0,0,partner,632.0,79.0,8,2650
U008574,0.8072615460310161,1,80.73,Critical,80.73,Immediate,starter,monthly,29.0,348.0,148,2,1,self-serve,145.0,29.0,5,2651
U010938,0.8070942253826278,1,80.71,Critical,80.71,Immediate,professional,monthly,79.0,948.0,207,0,1,self-serve,632.0,79.0,8,2652
U008422,0.8070855742666608,1,80.71,Critical,80.71,Immediate,professional,monthly,79.0,948.0,310,0,0,self-serve,869.0,79.0,11,2653
U014226,0.8070172014950805,1,80.7,Critical,80.7,Immediate,starter,annual,29.0,348.0,145,0,0,self-serve,145.0,29.0,5,2654
U018001,0.806827684301608,1,80.68,Critical,80.68,Immediate,starter,monthly,29.0,348.0,28,3,0,self-serve,58.0,29.0,2,2655
U021291,0.8067829684284107,1,80.68,Critical,80.68,Immediate,starter,monthly,29.0,348.0,348,1,0,self-serve,348.0,29.0,12,2656
U025288,0.8065756750965982,1,80.66,Critical,80.66,Immediate,starter,annual,29.0,348.0,158,1,0,self-serve,174.0,29.0,6,2657
U012863,0.806571751812486,1,80.66,Critical,80.66,Immediate,enterprise,annual,199.0,2388.0,192,0,0,self-serve,1393.0,199.0,7,2658
U013809,0.8065309768411228,1,80.65,Critical,80.65,Immediate,starter,monthly,29.0,348.0,70,1,0,sales-assisted,87.0,29.0,3,2659
U000931,0.8064498774539638,1,80.64,Critical,80.64,Immediate,professional,monthly,79.0,948.0,136,0,0,sales-assisted,395.0,79.0,5,2660
U015059,0.8064409977745824,1,80.64,Critical,80.64,Immediate,starter,monthly,29.0,348.0,127,0,1,self-serve,145.0,29.0,5,2661
U028185,0.8060740131770701,1,80.61,Critical,80.61,Immediate,enterprise,monthly,199.0,2388.0,120,1,0,self-serve,995.0,199.0,5,2662
U029942,0.8060650489985263,1,80.61,Critical,80.61,Immediate,starter,monthly,29.0,348.0,344,1,0,sales-assisted,348.0,29.0,12,2663
U028563,0.8058906557378798,1,80.59,Critical,80.59,Immediate,enterprise,monthly,199.0,2388.0,343,1,1,self-serve,2388.0,199.0,12,2664
U027464,0.8058522422800892,1,80.59,Critical,80.59,Immediate,starter,annual,29.0,348.0,156,1,0,sales-assisted,174.0,29.0,6,2665
U002909,0.805766571760091,1,80.58,Critical,80.58,Immediate,starter,monthly,29.0,348.0,166,1,0,self-serve,174.0,29.0,6,2666
U015071,0.805766571760091,1,80.58,Critical,80.58,Immediate,starter,monthly,29.0,348.0,166,1,0,self-serve,174.0,29.0,6,2667
U023811,0.805657330467383,1,80.57,Critical,80.57,Immediate,professional,monthly,79.0,948.0,144,0,0,sales-assisted,474.0,79.0,6,2668
U021634,0.8055709354806331,1,80.56,Critical,80.56,Immediate,professional,annual,79.0,948.0,307,1,0,self-serve,869.0,79.0,11,2669
U027373,0.8054428957737765,1,80.54,Critical,80.54,Immediate,professional,monthly,79.0,948.0,217,2,1,self-serve,632.0,79.0,8,2670
U022185,0.8053523651814968,1,80.54,Critical,80.54,Immediate,professional,monthly,79.0,948.0,61,0,0,self-serve,237.0,79.0,3,2671
U021080,0.8053331096385828,1,80.53,Critical,80.53,Immediate,enterprise,monthly,199.0,2388.0,318,1,0,self-serve,2388.0,199.0,12,2672
U003294,0.8052648142425234,1,80.53,Critical,80.53,Immediate,starter,annual,29.0,348.0,205,1,1,sales-assisted,203.0,29.0,7,2673
U023148,0.8052156864171977,1,80.52,Critical,80.52,Immediate,professional,monthly,79.0,948.0,99,0,0,self-serve,316.0,79.0,4,2674
U009772,0.8052098249577934,1,80.52,Critical,80.52,Immediate,starter,monthly,29.0,348.0,313,0,0,self-serve,348.0,29.0,12,2675
U001284,0.805161107222399,1,80.52,Critical,80.52,Immediate,starter,annual,29.0,348.0,165,1,0,self-serve,174.0,29.0,6,2676
U021937,0.8050688262868168,1,80.51,Critical,80.51,Immediate,starter,monthly,29.0,348.0,124,2,1,sales-assisted,145.0,29.0,5,2677
U018778,0.8049491477374244,1,80.49,Critical,80.49,Immediate,professional,annual,79.0,948.0,242,0,0,self-serve,711.0,79.0,9,2678
U005255,0.8049104250410339,1,80.49,Critical,80.49,Immediate,professional,monthly,79.0,948.0,286,0,0,sales-assisted,790.0,79.0,10,2679
U024355,0.8049104250410339,1,80.49,Critical,80.49,Immediate,professional,monthly,79.0,948.0,286,0,0,sales-assisted,790.0,79.0,10,2680
U005687,0.8048606660477822,1,80.49,Critical,80.49,Immediate,starter,monthly,29.0,348.0,155,2,1,self-serve,174.0,29.0,6,2681
U008115,0.8048130465780168,1,80.48,Critical,80.48,Immediate,starter,monthly,29.0,348.0,308,0,0,self-serve,319.0,29.0,11,2682
U003724,0.8048130465780168,1,80.48,Critical,80.48,Immediate,starter,monthly,29.0,348.0,308,0,0,self-serve,319.0,29.0,11,2683
U028465,0.804740503298984,1,80.47,Critical,80.47,Immediate,professional,monthly,79.0,948.0,216,0,0,self-serve,632.0,79.0,8,2684
U022685,0.804740503298984,1,80.47,Critical,80.47,Immediate,professional,monthly,79.0,948.0,216,0,0,self-serve,632.0,79.0,8,2685
U020193,0.8047309153962454,1,80.47,Critical,80.47,Immediate,starter,monthly,29.0,348.0,251,1,0,self-serve,261.0,29.0,9,2686
U024156,0.8046262994992648,1,80.46,Critical,80.46,Immediate,starter,annual,29.0,348.0,135,3,1,self-serve,145.0,29.0,5,2687
U024633,0.8046089206929633,1,80.46,Critical,80.46,Immediate,starter,monthly,29.0,348.0,270,1,0,sales-assisted,261.0,29.0,9,2688
U021331,0.8045253140293505,1,80.45,Critical,80.45,Immediate,starter,monthly,29.0,348.0,80,0,0,sales-assisted,87.0,29.0,3,2689
U005353,0.8045253140293505,1,80.45,Critical,80.45,Immediate,starter,monthly,29.0,348.0,80,0,0,sales-assisted,87.0,29.0,3,2690
U027453,0.8043518533767644,1,80.44,Critical,80.44,Immediate,starter,monthly,29.0,348.0,545,1,0,sales-assisted,551.0,29.0,19,2691
U027782,0.8042289337540945,1,80.42,Critical,80.42,Immediate,starter,monthly,29.0,348.0,337,0,1,sales-assisted,348.0,29.0,12,2692
U009865,0.8042212341565803,1,80.42,Critical,80.42,Immediate,enterprise,annual,199.0,2388.0,265,1,2,self-serve,1791.0,199.0,9,2693
U021807,0.8039493399064981,1,80.39,Critical,80.39,Immediate,starter,monthly,29.0,348.0,352,0,0,sales-assisted,348.0,29.0,12,2694
U026524,0.8039493399064981,1,80.39,Critical,80.39,Immediate,starter,monthly,29.0,348.0,352,0,0,sales-assisted,348.0,29.0,12,2695
U019091,0.8037974865125279,1,80.38,Critical,80.38,Immediate,professional,annual,79.0,948.0,136,2,0,self-serve,395.0,79.0,5,2696
U016421,0.8037073431894871,1,80.37,Critical,80.37,Immediate,professional,monthly,79.0,948.0,368,1,1,sales-assisted,1027.0,79.0,13,2697
U002222,0.8036741724419568,1,80.37,Critical,80.37,Immediate,professional,monthly,79.0,948.0,100,0,2,self-serve,316.0,79.0,4,2698
U002703,0.8032339686927169,1,80.32,Critical,80.32,Immediate,enterprise,monthly,199.0,2388.0,212,0,1,partner,1592.0,199.0,8,2699
U022567,0.8031448971793221,1,80.31,Critical,80.31,Immediate,starter,monthly,29.0,348.0,119,0,0,self-serve,116.0,29.0,4,2700
U029310,0.8030887113004198,1,80.31,Critical,80.31,Immediate,starter,monthly,29.0,348.0,103,1,1,self-serve,116.0,29.0,4,2701
U000413,0.8029628067568412,1,80.3,Critical,80.3,Immediate,enterprise,monthly,199.0,2388.0,66,2,0,partner,597.0,199.0,3,2702
U014451,0.8028206682481028,1,80.28,Critical,80.28,Immediate,starter,monthly,29.0,348.0,124,2,0,self-serve,145.0,29.0,5,2703
U029160,0.8025606777601922,1,80.26,Critical,80.26,Immediate,starter,annual,29.0,348.0,473,0,1,self-serve,464.0,29.0,16,2704
U025721,0.8023665499169612,1,80.24,Critical,80.24,Immediate,starter,annual,29.0,348.0,323,0,0,sales-assisted,319.0,29.0,11,2705
U022197,0.802299442109606,1,80.23,Critical,80.23,Immediate,starter,monthly,29.0,348.0,538,1,2,self-serve,551.0,29.0,19,2706
U004449,0.8021972085605656,1,80.22,Critical,80.22,Immediate,starter,monthly,29.0,348.0,236,0,1,self-serve,232.0,29.0,8,2707
U016823,0.8021284919875329,1,80.21,Critical,80.21,Immediate,starter,monthly,29.0,348.0,140,2,0,partner,145.0,29.0,5,2708
U009492,0.8020904071067666,1,80.21,Critical,80.21,Immediate,starter,monthly,29.0,348.0,98,0,1,self-serve,116.0,29.0,4,2709
U002329,0.8019619758408822,1,80.2,Critical,80.2,Immediate,starter,monthly,29.0,348.0,334,0,0,self-serve,348.0,29.0,12,2710
U009641,0.8019555204564862,1,80.2,Critical,80.2,Immediate,enterprise,monthly,199.0,2388.0,42,3,1,sales-assisted,398.0,199.0,2,2711
U027954,0.801743033752496,1,80.17,Critical,80.17,Immediate,professional,monthly,79.0,948.0,53,0,1,self-serve,158.0,79.0,2,2712
U009385,0.8017027193385551,1,80.17,Critical,80.17,Immediate,starter,monthly,29.0,348.0,305,1,0,partner,319.0,29.0,11,2713
U019028,0.801610924301858,1,80.16,Critical,80.16,Immediate,enterprise,monthly,199.0,2388.0,231,0,0,self-serve,1791.0,199.0,9,2714
U006438,0.8013446393505679,1,80.13,Critical,80.13,Immediate,starter,monthly,29.0,348.0,311,0,1,sales-assisted,319.0,29.0,11,2715
U008287,0.801219792145349,1,80.12,Critical,80.12,Immediate,starter,annual,29.0,348.0,174,0,0,self-serve,203.0,29.0,7,2716
U008951,0.8009383284538422,1,80.09,Critical,80.09,Immediate,enterprise,monthly,199.0,2388.0,151,4,0,sales-assisted,995.0,199.0,5,2717
U007660,0.8008891657266353,1,80.09,Critical,80.09,Immediate,professional,annual,79.0,948.0,338,1,1,self-serve,948.0,79.0,12,2718
U022096,0.8008225761909928,1,80.08,Critical,80.08,Immediate,starter,monthly,29.0,348.0,168,0,0,partner,174.0,29.0,6,2719
U022905,0.8008067956674444,1,80.08,Critical,80.08,Immediate,starter,annual,29.0,348.0,284,1,1,self-serve,290.0,29.0,10,2720
U021551,0.8007964701157716,1,80.08,Critical,80.08,Immediate,starter,monthly,29.0,348.0,126,3,0,sales-assisted,145.0,29.0,5,2721
U005930,0.8007724751111175,1,80.08,Critical,80.08,Immediate,enterprise,monthly,199.0,2388.0,189,0,1,self-serve,1393.0,199.0,7,2722
U018306,0.8007330805464125,1,80.07,Critical,80.07,Immediate,professional,annual,79.0,948.0,249,0,1,self-serve,711.0,79.0,9,2723
U022259,0.8006532275551314,1,80.07,Critical,80.07,Immediate,starter,monthly,29.0,348.0,273,1,0,sales-assisted,290.0,29.0,10,2724
U021974,0.800622932860897,1,80.06,Critical,80.06,Immediate,starter,monthly,29.0,348.0,34,0,0,partner,58.0,29.0,2,2725
U002864,0.8004021572930684,1,80.04,Critical,80.04,Immediate,professional,monthly,79.0,948.0,184,0,0,partner,553.0,79.0,7,2726
U008814,0.8003537061395452,1,80.04,Critical,80.04,Immediate,enterprise,monthly,199.0,2388.0,282,1,0,self-serve,1990.0,199.0,10,2727
U021024,0.8002922475723596,1,80.03,Critical,80.03,Immediate,professional,monthly,79.0,948.0,328,2,0,sales-assisted,869.0,79.0,11,2728
U011232,0.8002058333391694,1,80.02,Critical,80.02,Immediate,starter,annual,29.0,348.0,152,0,0,sales-assisted,145.0,29.0,5,2729
U013911,0.8001126444351109,1,80.01,Critical,80.01,Immediate,starter,monthly,29.0,348.0,163,1,0,self-serve,174.0,29.0,6,2730
U014803,0.8000922467453884,1,80.01,Critical,80.01,Immediate,enterprise,monthly,199.0,2388.0,229,0,0,self-serve,1592.0,199.0,8,2731
U011117,0.7999659261946032,1,80.0,High,80.0,High,professional,monthly,79.0,948.0,164,1,0,self-serve,474.0,79.0,6,2732
U012515,0.7999659261946032,1,80.0,High,80.0,High,professional,monthly,79.0,948.0,164,1,0,self-serve,474.0,79.0,6,2733
U012089,0.7999659261946032,1,80.0,High,80.0,High,professional,monthly,79.0,948.0,164,1,0,self-serve,474.0,79.0,6,2734
U011378,0.799962140794598,1,80.0,High,80.0,High,professional,monthly,79.0,948.0,305,0,0,self-serve,869.0,79.0,11,2735
U020047,0.799961533136628,1,80.0,High,80.0,High,professional,monthly,79.0,948.0,432,0,1,self-serve,1185.0,79.0,15,2736
U011735,0.799961533136628,1,80.0,High,80.0,High,professional,monthly,79.0,948.0,432,0,1,self-serve,1185.0,79.0,15,2737
U000389,0.7994965375842108,1,79.95,High,79.95,High,professional,monthly,79.0,948.0,320,1,0,sales-assisted,869.0,79.0,11,2738
U005689,0.7994492273135032,1,79.94,High,79.94,High,starter,monthly,29.0,348.0,77,1,0,sales-assisted,87.0,29.0,3,2739
U000585,0.7994368017164396,1,79.94,High,79.94,High,professional,annual,79.0,948.0,322,2,0,partner,869.0,79.0,11,2740
U017813,0.7993734985704234,1,79.94,High,79.94,High,professional,monthly,79.0,948.0,320,0,2,self-serve,869.0,79.0,11,2741
U028864,0.7992285785015738,1,79.92,High,79.92,High,professional,annual,79.0,948.0,160,0,0,sales-assisted,474.0,79.0,6,2742
U027829,0.7992033864105831,1,79.92,High,79.92,High,starter,monthly,29.0,348.0,247,4,1,self-serve,261.0,29.0,9,2743
U016656,0.7988816995536092,1,79.89,High,79.89,High,starter,annual,29.0,348.0,379,0,0,self-serve,377.0,29.0,13,2744
U027165,0.7987574409988407,1,79.88,High,79.88,High,starter,annual,29.0,348.0,31,0,1,self-serve,58.0,29.0,2,2745
U009372,0.7987574409988407,1,79.88,High,79.88,High,starter,annual,29.0,348.0,31,0,1,self-serve,58.0,29.0,2,2746
U007649,0.798720856936181,1,79.87,High,79.87,High,professional,monthly,79.0,948.0,76,2,1,self-serve,237.0,79.0,3,2747
U016503,0.7984707095925713,1,79.85,High,79.85,High,starter,monthly,29.0,348.0,101,0,0,self-serve,116.0,29.0,4,2748
U016576,0.798465222869968,1,79.85,High,79.85,High,starter,monthly,29.0,348.0,115,0,1,sales-assisted,116.0,29.0,4,2749
U028826,0.7984257313008815,1,79.84,High,79.84,High,starter,monthly,29.0,348.0,32,1,0,self-serve,58.0,29.0,2,2750
U016874,0.7983743684545306,1,79.84,High,79.84,High,professional,monthly,79.0,948.0,99,3,1,self-serve,316.0,79.0,4,2751
U012143,0.798110784172157,1,79.81,High,79.81,High,starter,annual,29.0,348.0,155,2,0,self-serve,174.0,29.0,6,2752
U001238,0.7979110764782172,1,79.79,High,79.79,High,enterprise,monthly,199.0,2388.0,314,0,0,self-serve,2189.0,199.0,11,2753
U000455,0.7977532266667398,1,79.78,High,79.78,High,professional,monthly,79.0,948.0,146,1,1,self-serve,395.0,79.0,5,2754
U008393,0.7977532266667398,1,79.78,High,79.78,High,professional,monthly,79.0,948.0,146,1,1,self-serve,395.0,79.0,5,2755
U014572,0.7976395345439216,1,79.76,High,79.76,High,professional,monthly,79.0,948.0,574,2,1,sales-assisted,1580.0,79.0,20,2756
U006268,0.7974583519606009,1,79.75,High,79.75,High,starter,annual,29.0,348.0,293,2,0,self-serve,290.0,29.0,10,2757
U025325,0.7973469019777886,1,79.73,High,79.73,High,professional,monthly,79.0,948.0,279,1,0,sales-assisted,790.0,79.0,10,2758
U026746,0.797313059355245,1,79.73,High,79.73,High,starter,monthly,29.0,348.0,357,2,1,sales-assisted,348.0,29.0,12,2759
U007945,0.7972744234408341,1,79.73,High,79.73,High,professional,annual,79.0,948.0,94,0,0,self-serve,316.0,79.0,4,2760
U019575,0.7972637800757439,1,79.73,High,79.73,High,professional,monthly,79.0,948.0,186,0,0,partner,553.0,79.0,7,2761
U006109,0.797125340514452,1,79.71,High,79.71,High,professional,monthly,79.0,948.0,38,0,0,partner,158.0,79.0,2,2762
U023644,0.7965054736470586,1,79.65,High,79.65,High,professional,monthly,79.0,948.0,164,0,0,self-serve,474.0,79.0,6,2763
U007900,0.7965054736470586,1,79.65,High,79.65,High,professional,monthly,79.0,948.0,164,0,0,self-serve,474.0,79.0,6,2764
U028674,0.7963955144123107,1,79.64,High,79.64,High,starter,annual,29.0,348.0,115,1,0,partner,116.0,29.0,4,2765
U021924,0.7961852553756328,1,79.62,High,79.62,High,starter,monthly,29.0,348.0,61,0,0,self-serve,87.0,29.0,3,2766
U015105,0.7961852553756328,1,79.62,High,79.62,High,starter,monthly,29.0,348.0,61,0,0,self-serve,87.0,29.0,3,2767
U009505,0.7961512881496893,1,79.62,High,79.62,High,professional,monthly,79.0,948.0,53,0,0,self-serve,158.0,79.0,2,2768
U006469,0.7960715354048267,1,79.61,High,79.61,High,professional,monthly,79.0,948.0,165,0,0,sales-assisted,474.0,79.0,6,2769
U012767,0.7959874726899433,1,79.6,High,79.6,High,enterprise,monthly,199.0,2388.0,197,2,2,self-serve,1393.0,199.0,7,2770
U022316,0.7957310503683929,1,79.57,High,79.57,High,starter,annual,29.0,348.0,388,0,2,self-serve,377.0,29.0,13,2771
U022600,0.795526717085876,1,79.55,High,79.55,High,professional,annual,79.0,948.0,128,2,0,self-serve,395.0,79.0,5,2772
U026739,0.7955106047303988,1,79.55,High,79.55,High,starter,monthly,29.0,348.0,350,0,2,self-serve,348.0,29.0,12,2773
U005515,0.7954266622958828,1,79.54,High,79.54,High,professional,monthly,79.0,948.0,42,0,2,partner,158.0,79.0,2,2774
U007939,0.795162174319021,1,79.52,High,79.52,High,starter,annual,29.0,348.0,140,1,0,sales-assisted,145.0,29.0,5,2775
U003802,0.7950676250198363,1,79.51,High,79.51,High,starter,annual,29.0,348.0,507,0,0,self-serve,522.0,29.0,18,2776
U024428,0.7950130181470819,1,79.5,High,79.5,High,enterprise,monthly,199.0,2388.0,360,0,1,partner,2587.0,199.0,13,2777
U015697,0.7947650651344184,1,79.48,High,79.48,High,starter,monthly,29.0,348.0,109,1,0,self-serve,116.0,29.0,4,2778
U018451,0.7947045751575739,1,79.47,High,79.47,High,starter,monthly,29.0,348.0,39,1,0,self-serve,58.0,29.0,2,2779
U000145,0.7945648143184878,1,79.46,High,79.46,High,professional,monthly,79.0,948.0,228,0,1,sales-assisted,632.0,79.0,8,2780
U010335,0.7945513354004298,1,79.46,High,79.46,High,starter,monthly,29.0,348.0,99,2,0,partner,116.0,29.0,4,2781
U029479,0.7943853052815165,1,79.44,High,79.44,High,professional,monthly,79.0,948.0,171,2,0,self-serve,474.0,79.0,6,2782
U014205,0.7941975098151446,1,79.42,High,79.42,High,starter,monthly,29.0,348.0,121,1,1,self-serve,116.0,29.0,4,2783
U016794,0.7941413413570519,1,79.41,High,79.41,High,starter,monthly,29.0,348.0,220,1,0,sales-assisted,232.0,29.0,8,2784
U019629,0.7941413413570519,1,79.41,High,79.41,High,starter,monthly,29.0,348.0,220,1,0,sales-assisted,232.0,29.0,8,2785
U019741,0.7940135634272335,1,79.4,High,79.4,High,professional,annual,79.0,948.0,133,0,1,sales-assisted,395.0,79.0,5,2786
U021545,0.7939387593340514,1,79.39,High,79.39,High,starter,annual,29.0,348.0,40,1,1,sales-assisted,58.0,29.0,2,2787
U022317,0.793904677672738,1,79.39,High,79.39,High,starter,annual,29.0,348.0,150,0,1,self-serve,145.0,29.0,5,2788
U011900,0.7938572206470312,1,79.39,High,79.39,High,professional,monthly,79.0,948.0,425,0,0,sales-assisted,1185.0,79.0,15,2789
U007474,0.7938174966456257,1,79.38,High,79.38,High,starter,monthly,29.0,348.0,470,1,0,sales-assisted,464.0,29.0,16,2790
U020518,0.793718468538808,1,79.37,High,79.37,High,starter,monthly,29.0,348.0,343,1,0,sales-assisted,348.0,29.0,12,2791
U001314,0.793718468538808,1,79.37,High,79.37,High,starter,monthly,29.0,348.0,343,1,0,sales-assisted,348.0,29.0,12,2792
U014159,0.7936876960111056,1,79.37,High,79.37,High,professional,monthly,79.0,948.0,251,2,0,sales-assisted,711.0,79.0,9,2793
U009100,0.7936876960111056,1,79.37,High,79.37,High,professional,monthly,79.0,948.0,251,2,0,sales-assisted,711.0,79.0,9,2794
U013879,0.7936638461104455,1,79.37,High,79.37,High,starter,monthly,29.0,348.0,216,0,0,sales-assisted,232.0,29.0,8,2795
U007711,0.793519694093985,1,79.35,High,79.35,High,starter,monthly,29.0,348.0,169,1,1,self-serve,174.0,29.0,6,2796
U020468,0.7935158123223321,1,79.35,High,79.35,High,starter,annual,29.0,348.0,251,1,0,self-serve,261.0,29.0,9,2797
U008853,0.7932805242101393,1,79.33,High,79.33,High,starter,monthly,29.0,348.0,127,1,0,self-serve,145.0,29.0,5,2798
U014934,0.7932805242101393,1,79.33,High,79.33,High,starter,monthly,29.0,348.0,127,1,0,self-serve,145.0,29.0,5,2799
U022997,0.7932805242101393,1,79.33,High,79.33,High,starter,monthly,29.0,348.0,127,1,0,self-serve,145.0,29.0,5,2800
U028910,0.7928946606971796,1,79.29,High,79.29,High,starter,monthly,29.0,348.0,69,1,2,self-serve,87.0,29.0,3,2801
U019523,0.7928844131733144,1,79.29,High,79.29,High,professional,monthly,79.0,948.0,202,0,0,sales-assisted,553.0,79.0,7,2802
U011442,0.7927981952534595,1,79.28,High,79.28,High,professional,monthly,79.0,948.0,306,0,0,self-serve,869.0,79.0,11,2803
U009353,0.7927981952534595,1,79.28,High,79.28,High,professional,monthly,79.0,948.0,306,0,0,self-serve,869.0,79.0,11,2804
U007830,0.7927981952534595,1,79.28,High,79.28,High,professional,monthly,79.0,948.0,306,0,0,self-serve,869.0,79.0,11,2805
U018716,0.7927160764897225,1,79.27,High,79.27,High,starter,monthly,29.0,348.0,526,1,0,self-serve,551.0,29.0,19,2806
U023253,0.792679793643812,1,79.27,High,79.27,High,starter,monthly,29.0,348.0,171,2,0,self-serve,174.0,29.0,6,2807
U020516,0.792657260824138,1,79.27,High,79.27,High,starter,annual,29.0,348.0,201,1,0,sales-assisted,203.0,29.0,7,2808
U026045,0.7925207277209059,1,79.25,High,79.25,High,professional,monthly,79.0,948.0,383,1,1,sales-assisted,1027.0,79.0,13,2809
U014324,0.792490914218196,1,79.25,High,79.25,High,professional,monthly,79.0,948.0,279,0,0,sales-assisted,790.0,79.0,10,2810
U004536,0.7924395833459944,1,79.24,High,79.24,High,professional,monthly,79.0,948.0,51,0,1,self-serve,158.0,79.0,2,2811
U007825,0.7923973131516886,1,79.24,High,79.24,High,starter,monthly,29.0,348.0,64,0,1,sales-assisted,87.0,29.0,3,2812
U011889,0.7923973131516886,1,79.24,High,79.24,High,starter,monthly,29.0,348.0,64,0,1,sales-assisted,87.0,29.0,3,2813
U017595,0.7923215700366157,1,79.23,High,79.23,High,starter,monthly,29.0,348.0,224,1,1,self-serve,232.0,29.0,8,2814
U020551,0.7923039048062803,1,79.23,High,79.23,High,starter,annual,29.0,348.0,41,0,0,sales-assisted,58.0,29.0,2,2815
U010630,0.7922510518717285,1,79.23,High,79.23,High,starter,monthly,29.0,348.0,462,1,0,self-serve,464.0,29.0,16,2816
U015111,0.7922210399557997,1,79.22,High,79.22,High,starter,annual,29.0,348.0,159,2,0,self-serve,174.0,29.0,6,2817
U014108,0.7922149490811905,1,79.22,High,79.22,High,starter,monthly,29.0,348.0,117,1,0,self-serve,116.0,29.0,4,2818
U024612,0.7922149490811905,1,79.22,High,79.22,High,starter,monthly,29.0,348.0,117,1,0,self-serve,116.0,29.0,4,2819
U020272,0.7922149490811905,1,79.22,High,79.22,High,starter,monthly,29.0,348.0,117,1,0,self-serve,116.0,29.0,4,2820
U003469,0.792090285802469,1,79.21,High,79.21,High,professional,monthly,79.0,948.0,124,1,0,self-serve,395.0,79.0,5,2821
U020106,0.791894025348095,1,79.19,High,79.19,High,starter,monthly,29.0,348.0,468,2,0,sales-assisted,464.0,29.0,16,2822
U022637,0.791742671687054,1,79.17,High,79.17,High,starter,monthly,29.0,348.0,134,3,0,self-serve,145.0,29.0,5,2823
U003623,0.7917073754639045,1,79.17,High,79.17,High,starter,monthly,29.0,348.0,255,2,1,sales-assisted,261.0,29.0,9,2824
U002325,0.7917009753510991,1,79.17,High,79.17,High,professional,monthly,79.0,948.0,167,1,0,partner,553.0,79.0,7,2825
U013540,0.7916892903556435,1,79.17,High,79.17,High,professional,monthly,79.0,948.0,46,2,1,partner,158.0,79.0,2,2826
U009518,0.7914575308992933,1,79.15,High,79.15,High,professional,monthly,79.0,948.0,214,0,0,self-serve,632.0,79.0,8,2827
U026307,0.7914575308992933,1,79.15,High,79.15,High,professional,monthly,79.0,948.0,214,0,0,self-serve,632.0,79.0,8,2828
U015927,0.7914575308992933,1,79.15,High,79.15,High,professional,monthly,79.0,948.0,214,0,0,self-serve,632.0,79.0,8,2829
U016179,0.791312733041243,1,79.13,High,79.13,High,professional,monthly,79.0,948.0,241,1,0,sales-assisted,711.0,79.0,9,2830
U018026,0.791290353894683,1,79.13,High,79.13,High,professional,monthly,79.0,948.0,138,2,0,self-serve,395.0,79.0,5,2831
U017163,0.7912897353625681,1,79.13,High,79.13,High,starter,annual,29.0,348.0,135,2,0,sales-assisted,145.0,29.0,5,2832
U010897,0.7912195784706936,1,79.12,High,79.12,High,starter,monthly,29.0,348.0,224,1,0,self-serve,232.0,29.0,8,2833
U028948,0.7912195784706936,1,79.12,High,79.12,High,starter,monthly,29.0,348.0,224,1,0,self-serve,232.0,29.0,8,2834
U002256,0.791183446939417,1,79.12,High,79.12,High,enterprise,annual,199.0,2388.0,257,1,0,self-serve,1791.0,199.0,9,2835
U015615,0.7911408309699348,1,79.11,High,79.11,High,starter,monthly,29.0,348.0,153,1,0,partner,174.0,29.0,6,2836
U012838,0.7911381918037604,1,79.11,High,79.11,High,starter,monthly,29.0,348.0,275,0,0,partner,290.0,29.0,10,2837
U003514,0.7911381918037604,1,79.11,High,79.11,High,starter,monthly,29.0,348.0,275,0,0,partner,290.0,29.0,10,2838
U021377,0.7911299912468975,1,79.11,High,79.11,High,starter,monthly,29.0,348.0,195,0,0,sales-assisted,203.0,29.0,7,2839
U014964,0.7911299912468975,1,79.11,High,79.11,High,starter,monthly,29.0,348.0,195,0,0,sales-assisted,203.0,29.0,7,2840
U025478,0.7910278584875847,1,79.1,High,79.1,High,starter,monthly,29.0,348.0,70,0,0,partner,87.0,29.0,3,2841
U010707,0.7910109549329115,1,79.1,High,79.1,High,professional,monthly,79.0,948.0,311,1,0,self-serve,869.0,79.0,11,2842
U011962,0.7907150866687049,1,79.07,High,79.07,High,starter,annual,29.0,348.0,125,1,1,self-serve,145.0,29.0,5,2843
U004672,0.7905897932544221,1,79.06,High,79.06,High,starter,annual,29.0,348.0,73,0,0,self-serve,87.0,29.0,3,2844
U017822,0.7904350680887375,1,79.04,High,79.04,High,enterprise,monthly,199.0,2388.0,134,1,1,self-serve,995.0,199.0,5,2845
U020619,0.7903530776287375,1,79.04,High,79.04,High,professional,monthly,79.0,948.0,53,1,0,sales-assisted,158.0,79.0,2,2846
U013088,0.7901560810094407,1,79.02,High,79.02,High,professional,monthly,79.0,948.0,123,1,0,self-serve,395.0,79.0,5,2847
U013622,0.7899995276455869,1,79.0,High,79.0,High,professional,monthly,79.0,948.0,81,1,0,sales-assisted,237.0,79.0,3,2848
U015479,0.7898771691496365,1,78.99,High,78.99,High,starter,monthly,29.0,348.0,116,0,0,sales-assisted,116.0,29.0,4,2849
U021496,0.7898337045754833,1,78.98,High,78.98,High,enterprise,monthly,199.0,2388.0,79,0,1,self-serve,597.0,199.0,3,2850
U013299,0.7897929765067379,1,78.98,High,78.98,High,starter,monthly,29.0,348.0,206,1,1,partner,203.0,29.0,7,2851
U024581,0.7897248239405059,1,78.97,High,78.97,High,starter,monthly,29.0,348.0,217,0,0,self-serve,232.0,29.0,8,2852
U024924,0.7897248239405059,1,78.97,High,78.97,High,starter,monthly,29.0,348.0,217,0,0,self-serve,232.0,29.0,8,2853
U002476,0.7897248239405059,1,78.97,High,78.97,High,starter,monthly,29.0,348.0,217,0,0,self-serve,232.0,29.0,8,2854
U024637,0.7896400480858484,1,78.96,High,78.96,High,starter,monthly,29.0,348.0,410,0,1,self-serve,435.0,29.0,15,2855
U000316,0.7896194157216487,1,78.96,High,78.96,High,starter,monthly,29.0,348.0,253,0,2,self-serve,261.0,29.0,9,2856
U015267,0.7894034659115462,1,78.94,High,78.94,High,professional,monthly,79.0,948.0,281,0,0,self-serve,790.0,79.0,10,2857
U016174,0.7894034659115462,1,78.94,High,78.94,High,professional,monthly,79.0,948.0,281,0,0,self-serve,790.0,79.0,10,2858
U018653,0.7894034659115462,1,78.94,High,78.94,High,professional,monthly,79.0,948.0,281,0,0,self-serve,790.0,79.0,10,2859
U013635,0.7893051606846195,1,78.93,High,78.93,High,starter,monthly,29.0,348.0,336,1,0,self-serve,348.0,29.0,12,2860
U028172,0.7890268095331888,1,78.9,High,78.9,High,starter,monthly,29.0,348.0,37,0,0,sales-assisted,58.0,29.0,2,2861
U000184,0.7889711603730695,1,78.9,High,78.9,High,starter,monthly,29.0,348.0,332,1,0,sales-assisted,348.0,29.0,12,2862
U010095,0.7889443459777963,1,78.89,High,78.89,High,starter,annual,29.0,348.0,95,0,1,self-serve,116.0,29.0,4,2863
U011701,0.7886771726913835,1,78.87,High,78.87,High,enterprise,monthly,199.0,2388.0,78,3,0,self-serve,597.0,199.0,3,2864
U018488,0.7886147883663382,1,78.86,High,78.86,High,starter,monthly,29.0,348.0,52,1,0,self-serve,58.0,29.0,2,2865
U004488,0.7884939037703105,1,78.85,High,78.85,High,enterprise,monthly,199.0,2388.0,102,0,0,sales-assisted,796.0,199.0,4,2866
U007381,0.7884481250887589,1,78.84,High,78.84,High,starter,annual,29.0,348.0,292,1,1,sales-assisted,290.0,29.0,10,2867
U004029,0.7884023885154617,1,78.84,High,78.84,High,enterprise,monthly,199.0,2388.0,230,0,0,self-serve,1592.0,199.0,8,2868
U017828,0.7882298501521208,1,78.82,High,78.82,High,professional,monthly,79.0,948.0,101,0,1,self-serve,316.0,79.0,4,2869
U028253,0.7882298501521208,1,78.82,High,78.82,High,professional,monthly,79.0,948.0,101,0,1,self-serve,316.0,79.0,4,2870
U023976,0.7882257563600462,1,78.82,High,78.82,High,starter,annual,29.0,348.0,133,0,0,self-serve,145.0,29.0,5,2871
U019592,0.7882121360873018,1,78.82,High,78.82,High,professional,monthly,79.0,948.0,338,2,0,self-serve,948.0,79.0,12,2872
U020567,0.7881225289587546,1,78.81,High,78.81,High,enterprise,monthly,199.0,2388.0,132,0,2,self-serve,995.0,199.0,5,2873
U010689,0.7881083335103584,1,78.81,High,78.81,High,professional,monthly,79.0,948.0,122,2,0,self-serve,395.0,79.0,5,2874
U027120,0.788091692984089,1,78.81,High,78.81,High,starter,annual,29.0,348.0,68,0,0,self-serve,87.0,29.0,3,2875
U016390,0.7880379890863759,1,78.8,High,78.8,High,professional,annual,79.0,948.0,138,1,0,self-serve,395.0,79.0,5,2876
U001478,0.7879893380718732,1,78.8,High,78.8,High,starter,monthly,29.0,348.0,279,0,1,sales-assisted,290.0,29.0,10,2877
U017634,0.7879893380718732,1,78.8,High,78.8,High,starter,monthly,29.0,348.0,279,0,1,sales-assisted,290.0,29.0,10,2878
U008632,0.7879458764736363,1,78.79,High,78.79,High,starter,monthly,29.0,348.0,324,0,0,self-serve,319.0,29.0,11,2879
U002336,0.7879458764736363,1,78.79,High,78.79,High,starter,monthly,29.0,348.0,324,0,0,self-serve,319.0,29.0,11,2880
U019654,0.7879458764736363,1,78.79,High,78.79,High,starter,monthly,29.0,348.0,324,0,0,self-serve,319.0,29.0,11,2881
U014251,0.787903881749468,1,78.79,High,78.79,High,starter,monthly,29.0,348.0,216,0,2,sales-assisted,232.0,29.0,8,2882
U002533,0.7877185203623867,1,78.77,High,78.77,High,starter,monthly,29.0,348.0,167,0,1,sales-assisted,174.0,29.0,6,2883
U016459,0.7874264212675333,1,78.74,High,78.74,High,starter,monthly,29.0,348.0,397,2,0,self-serve,406.0,29.0,14,2884
U017185,0.7873532513939564,1,78.74,High,78.74,High,starter,annual,29.0,348.0,404,1,0,sales-assisted,406.0,29.0,14,2885
U011655,0.7873172446282258,1,78.73,High,78.73,High,starter,monthly,29.0,348.0,181,3,1,sales-assisted,203.0,29.0,7,2886
U000548,0.7872615195292582,1,78.73,High,78.73,High,professional,monthly,79.0,948.0,259,0,0,sales-assisted,790.0,79.0,10,2887
U006822,0.7872555442612071,1,78.73,High,78.73,High,starter,monthly,29.0,348.0,327,2,0,partner,319.0,29.0,11,2888
U017250,0.7871120027605636,1,78.71,High,78.71,High,professional,monthly,79.0,948.0,210,1,0,self-serve,553.0,79.0,7,2889
U001285,0.78703366403737,1,78.7,High,78.7,High,starter,monthly,29.0,348.0,333,0,0,sales-assisted,348.0,29.0,12,2890
U025014,0.7869994171348086,1,78.7,High,78.7,High,enterprise,monthly,199.0,2388.0,245,0,0,self-serve,1791.0,199.0,9,2891
U013346,0.7869168090600247,1,78.69,High,78.69,High,starter,monthly,29.0,348.0,112,0,0,sales-assisted,116.0,29.0,4,2892
U016499,0.7869135870488683,1,78.69,High,78.69,High,starter,monthly,29.0,348.0,229,3,0,sales-assisted,232.0,29.0,8,2893
U009545,0.7866907037853239,1,78.67,High,78.67,High,starter,annual,29.0,348.0,44,2,1,self-serve,58.0,29.0,2,2894
U004495,0.7866002567902595,1,78.66,High,78.66,High,starter,annual,29.0,348.0,213,2,0,self-serve,232.0,29.0,8,2895
U006678,0.7862415129133705,1,78.62,High,78.62,High,professional,monthly,79.0,948.0,164,1,1,self-serve,474.0,79.0,6,2896
U000920,0.7861663266986983,1,78.62,High,78.62,High,starter,monthly,29.0,348.0,201,0,1,sales-assisted,203.0,29.0,7,2897
U020310,0.7860975841416183,1,78.61,High,78.61,High,professional,monthly,79.0,948.0,129,0,0,self-serve,395.0,79.0,5,2898
U025444,0.7860975841416183,1,78.61,High,78.61,High,professional,monthly,79.0,948.0,129,0,0,self-serve,395.0,79.0,5,2899
U007168,0.7860888922917515,1,78.61,High,78.61,High,starter,monthly,29.0,348.0,197,1,0,self-serve,203.0,29.0,7,2900
U013465,0.7860336752441428,1,78.6,High,78.6,High,professional,monthly,79.0,948.0,18,0,0,self-serve,79.0,79.0,1,2901
U017442,0.7859297805944601,1,78.59,High,78.59,High,professional,monthly,79.0,948.0,187,4,0,sales-assisted,553.0,79.0,7,2902
U010643,0.785773377851628,1,78.58,High,78.58,High,professional,monthly,79.0,948.0,32,1,0,self-serve,158.0,79.0,2,2903
U006817,0.7857392832061094,1,78.57,High,78.57,High,starter,monthly,29.0,348.0,75,0,0,self-serve,87.0,29.0,3,2904
U019520,0.7857183086286187,1,78.57,High,78.57,High,starter,monthly,29.0,348.0,189,2,0,self-serve,203.0,29.0,7,2905
U029304,0.7857183086286187,1,78.57,High,78.57,High,starter,monthly,29.0,348.0,189,2,0,self-serve,203.0,29.0,7,2906
U012502,0.7856941339998784,1,78.57,High,78.57,High,professional,monthly,79.0,948.0,348,2,0,sales-assisted,948.0,79.0,12,2907
U020910,0.7855903646167542,1,78.56,High,78.56,High,enterprise,monthly,199.0,2388.0,254,1,0,sales-assisted,1791.0,199.0,9,2908
U012507,0.7853842987698874,1,78.54,High,78.54,High,professional,annual,79.0,948.0,94,0,0,self-serve,316.0,79.0,4,2909
U028391,0.7852074418768853,1,78.52,High,78.52,High,starter,monthly,29.0,348.0,212,0,0,sales-assisted,232.0,29.0,8,2910
U000429,0.7851734137647405,1,78.52,High,78.52,High,starter,monthly,29.0,348.0,36,1,0,self-serve,58.0,29.0,2,2911
U026015,0.7851531699374625,1,78.52,High,78.52,High,starter,monthly,29.0,348.0,206,1,0,sales-assisted,203.0,29.0,7,2912
U017814,0.7851256363461875,1,78.51,High,78.51,High,starter,monthly,29.0,348.0,354,1,1,self-serve,348.0,29.0,12,2913
U014678,0.7851113699771217,1,78.51,High,78.51,High,enterprise,monthly,199.0,2388.0,162,3,0,self-serve,1194.0,199.0,6,2914
U026141,0.7850520099136951,1,78.51,High,78.51,High,professional,monthly,79.0,948.0,133,3,0,self-serve,395.0,79.0,5,2915
U011278,0.7848099834790532,1,78.48,High,78.48,High,professional,monthly,79.0,948.0,132,1,1,self-serve,395.0,79.0,5,2916
U010631,0.784791443222943,1,78.48,High,78.48,High,professional,monthly,79.0,948.0,210,1,1,self-serve,553.0,79.0,7,2917
U019173,0.7846807009354699,1,78.47,High,78.47,High,professional,monthly,79.0,948.0,276,0,0,self-serve,790.0,79.0,10,2918
U025194,0.7846586388893244,1,78.47,High,78.47,High,starter,monthly,29.0,348.0,259,0,0,self-serve,261.0,29.0,9,2919
U018650,0.784215650810793,1,78.42,High,78.42,High,professional,annual,79.0,948.0,81,1,1,self-serve,237.0,79.0,3,2920
U027223,0.7840506168522735,1,78.41,High,78.41,High,starter,monthly,29.0,348.0,307,0,0,sales-assisted,319.0,29.0,11,2921
U024141,0.7839518689857178,1,78.4,High,78.4,High,starter,annual,29.0,348.0,143,1,1,self-serve,145.0,29.0,5,2922
U003891,0.7838866317826595,1,78.39,High,78.39,High,starter,monthly,29.0,348.0,188,1,0,self-serve,203.0,29.0,7,2923
U006742,0.7837834695431091,1,78.38,High,78.38,High,starter,monthly,29.0,348.0,253,1,0,self-serve,261.0,29.0,9,2924
U002966,0.7836082130590258,1,78.36,High,78.36,High,professional,monthly,79.0,948.0,161,0,0,self-serve,474.0,79.0,6,2925
U009371,0.7833869270889935,1,78.34,High,78.34,High,professional,monthly,79.0,948.0,110,0,1,self-serve,316.0,79.0,4,2926
U012624,0.7833355299503937,1,78.33,High,78.33,High,professional,monthly,79.0,948.0,225,1,1,self-serve,632.0,79.0,8,2927
U008112,0.7833144011213645,1,78.33,High,78.33,High,starter,monthly,29.0,348.0,51,1,0,self-serve,58.0,29.0,2,2928
U004288,0.7833144011213645,1,78.33,High,78.33,High,starter,monthly,29.0,348.0,51,1,0,self-serve,58.0,29.0,2,2929
U005713,0.7833144011213645,1,78.33,High,78.33,High,starter,monthly,29.0,348.0,51,1,0,self-serve,58.0,29.0,2,2930
U023993,0.7833144011213645,1,78.33,High,78.33,High,starter,monthly,29.0,348.0,51,1,0,self-serve,58.0,29.0,2,2931
U005288,0.7833144011213645,1,78.33,High,78.33,High,starter,monthly,29.0,348.0,51,1,0,self-serve,58.0,29.0,2,2932
U028506,0.7832975190695185,1,78.33,High,78.33,High,professional,monthly,79.0,948.0,338,1,0,self-serve,948.0,79.0,12,2933
U006449,0.7832975190695185,1,78.33,High,78.33,High,professional,monthly,79.0,948.0,338,1,0,self-serve,948.0,79.0,12,2934
U011409,0.7832900844308618,1,78.33,High,78.33,High,enterprise,annual,199.0,2388.0,335,1,0,self-serve,2388.0,199.0,12,2935
U027746,0.7832900844308618,1,78.33,High,78.33,High,enterprise,annual,199.0,2388.0,335,1,0,self-serve,2388.0,199.0,12,2936
U005109,0.7831630276390441,1,78.32,High,78.32,High,starter,monthly,29.0,348.0,186,1,1,sales-assisted,203.0,29.0,7,2937
U016257,0.7831523253716451,1,78.32,High,78.32,High,starter,monthly,29.0,348.0,214,0,1,self-serve,232.0,29.0,8,2938
U007468,0.7830897277349513,1,78.31,High,78.31,High,professional,monthly,79.0,948.0,440,0,2,self-serve,1185.0,79.0,15,2939
U026255,0.7829831002466466,1,78.3,High,78.3,High,starter,monthly,29.0,348.0,163,0,1,sales-assisted,174.0,29.0,6,2940
U028935,0.782961873677857,1,78.3,High,78.3,High,professional,monthly,79.0,948.0,193,0,0,sales-assisted,553.0,79.0,7,2941
U027904,0.7828654681740365,1,78.29,High,78.29,High,starter,monthly,29.0,348.0,128,2,0,self-serve,145.0,29.0,5,2942
U028082,0.7828582509855422,1,78.29,High,78.29,High,starter,monthly,29.0,348.0,28,0,1,sales-assisted,29.0,29.0,1,2943
U008185,0.7826957390374887,1,78.27,High,78.27,High,starter,monthly,29.0,348.0,341,1,0,self-serve,348.0,29.0,12,2944
U022566,0.7826406456989229,1,78.26,High,78.26,High,professional,monthly,79.0,948.0,231,1,1,sales-assisted,632.0,79.0,8,2945
U010512,0.7825663148681582,1,78.26,High,78.26,High,starter,annual,29.0,348.0,143,1,0,self-serve,145.0,29.0,5,2946
U015062,0.7824597099598435,1,78.25,High,78.25,High,starter,annual,29.0,348.0,384,0,0,self-serve,377.0,29.0,13,2947
U024152,0.7824353695531167,1,78.24,High,78.24,High,professional,annual,79.0,948.0,291,1,0,sales-assisted,790.0,79.0,10,2948
U014726,0.7818291748426822,1,78.18,High,78.18,High,professional,annual,79.0,948.0,304,3,1,sales-assisted,869.0,79.0,11,2949
U017308,0.7817641605942416,1,78.18,High,78.18,High,enterprise,monthly,199.0,2388.0,204,0,1,self-serve,1393.0,199.0,7,2950
U014012,0.7817641605942416,1,78.18,High,78.18,High,enterprise,monthly,199.0,2388.0,204,0,1,self-serve,1393.0,199.0,7,2951
U015366,0.7817312598176595,1,78.17,High,78.17,High,starter,monthly,29.0,348.0,194,0,1,sales-assisted,203.0,29.0,7,2952
U027207,0.7815701424680795,1,78.16,High,78.16,High,starter,monthly,29.0,348.0,114,1,0,sales-assisted,116.0,29.0,4,2953
U008342,0.7814648182210665,1,78.15,High,78.15,High,professional,annual,79.0,948.0,213,0,1,sales-assisted,632.0,79.0,8,2954
U016873,0.7813350663935174,1,78.13,High,78.13,High,starter,monthly,29.0,348.0,164,1,0,sales-assisted,174.0,29.0,6,2955
U011755,0.7812713960036898,1,78.13,High,78.13,High,professional,monthly,79.0,948.0,288,3,0,self-serve,790.0,79.0,10,2956
U008834,0.7812654032516617,1,78.13,High,78.13,High,professional,monthly,79.0,948.0,248,0,1,sales-assisted,711.0,79.0,9,2957
U029428,0.781222148375204,1,78.12,High,78.12,High,professional,monthly,79.0,948.0,102,0,0,partner,316.0,79.0,4,2958
U008513,0.7812161552341875,1,78.12,High,78.12,High,starter,monthly,29.0,348.0,43,0,0,partner,58.0,29.0,2,2959
U003554,0.7811741921682567,1,78.12,High,78.12,High,enterprise,monthly,199.0,2388.0,178,1,1,sales-assisted,1194.0,199.0,6,2960
U012887,0.7811728093704783,1,78.12,High,78.12,High,professional,monthly,79.0,948.0,136,1,0,sales-assisted,395.0,79.0,5,2961
U017036,0.7811076718520841,1,78.11,High,78.11,High,starter,monthly,29.0,348.0,219,1,0,sales-assisted,232.0,29.0,8,2962
U019187,0.7811076718520841,1,78.11,High,78.11,High,starter,monthly,29.0,348.0,219,1,0,sales-assisted,232.0,29.0,8,2963
U006937,0.7810424218016819,1,78.1,High,78.1,High,starter,monthly,29.0,348.0,278,1,0,sales-assisted,290.0,29.0,10,2964
U004474,0.7810424218016819,1,78.1,High,78.1,High,starter,monthly,29.0,348.0,278,1,0,sales-assisted,290.0,29.0,10,2965
U016426,0.7806983459849342,1,78.07,High,78.07,High,starter,monthly,29.0,348.0,142,2,0,sales-assisted,145.0,29.0,5,2966
U019969,0.7805721136008672,1,78.06,High,78.06,High,starter,monthly,29.0,348.0,89,0,1,sales-assisted,87.0,29.0,3,2967
U029194,0.78055015327425,1,78.06,High,78.06,High,starter,annual,29.0,348.0,293,0,0,self-serve,290.0,29.0,10,2968
U016759,0.780270919626476,1,78.03,High,78.03,High,professional,monthly,79.0,948.0,75,1,0,self-serve,237.0,79.0,3,2969
U029823,0.78015506133468,1,78.02,High,78.02,High,professional,monthly,79.0,948.0,172,0,2,self-serve,474.0,79.0,6,2970
U004989,0.7801255864067086,1,78.01,High,78.01,High,enterprise,monthly,199.0,2388.0,354,0,1,partner,2587.0,199.0,13,2971
U010734,0.7800286247390922,1,78.0,High,78.0,High,professional,monthly,79.0,948.0,19,0,0,self-serve,79.0,79.0,1,2972
U019357,0.7800286247390922,1,78.0,High,78.0,High,professional,monthly,79.0,948.0,19,0,0,self-serve,79.0,79.0,1,2973
U010236,0.7800094413468611,1,78.0,High,78.0,High,professional,monthly,79.0,948.0,137,0,0,sales-assisted,395.0,79.0,5,2974
U017653,0.7799482350737965,1,77.99,High,77.99,High,starter,annual,29.0,348.0,103,0,0,self-serve,116.0,29.0,4,2975
U027974,0.7797916149794314,1,77.98,High,77.98,High,starter,annual,29.0,348.0,436,2,0,partner,435.0,29.0,15,2976
U015373,0.7797114416491154,1,77.97,High,77.97,High,starter,monthly,29.0,348.0,441,3,1,sales-assisted,435.0,29.0,15,2977
U016497,0.7791543848584893,1,77.92,High,77.92,High,starter,monthly,29.0,348.0,324,1,0,self-serve,319.0,29.0,11,2978
U016975,0.7791462975505491,1,77.91,High,77.91,High,professional,monthly,79.0,948.0,274,0,0,sales-assisted,790.0,79.0,10,2979
U025230,0.7791462975505491,1,77.91,High,77.91,High,professional,monthly,79.0,948.0,274,0,0,sales-assisted,790.0,79.0,10,2980
U025969,0.7791168108690222,1,77.91,High,77.91,High,starter,monthly,29.0,348.0,202,1,0,sales-assisted,203.0,29.0,7,2981
U026915,0.7789662761479157,1,77.9,High,77.9,High,starter,monthly,29.0,348.0,470,0,0,partner,464.0,29.0,16,2982
U010835,0.77889940224341,1,77.89,High,77.89,High,enterprise,annual,199.0,2388.0,182,1,0,self-serve,1393.0,199.0,7,2983
U014197,0.7788888616800859,1,77.89,High,77.89,High,professional,monthly,79.0,948.0,257,0,0,self-serve,711.0,79.0,9,2984
U006968,0.7788888616800859,1,77.89,High,77.89,High,professional,monthly,79.0,948.0,257,0,0,self-serve,711.0,79.0,9,2985
U005866,0.7788843537180004,1,77.89,High,77.89,High,professional,monthly,79.0,948.0,190,2,0,sales-assisted,553.0,79.0,7,2986
U005623,0.7787689435677638,1,77.88,High,77.88,High,professional,monthly,79.0,948.0,61,0,0,self-serve,237.0,79.0,3,2987
U002792,0.7785881415818245,1,77.86,High,77.86,High,enterprise,monthly,199.0,2388.0,133,0,0,self-serve,995.0,199.0,5,2988
U003296,0.7785541657390116,1,77.86,High,77.86,High,professional,monthly,79.0,948.0,189,3,0,self-serve,553.0,79.0,7,2989
U018118,0.7785101477356676,1,77.85,High,77.85,High,starter,monthly,29.0,348.0,58,1,0,self-serve,87.0,29.0,3,2990
U028442,0.7784619312665683,1,77.85,High,77.85,High,professional,monthly,79.0,948.0,132,0,0,sales-assisted,395.0,79.0,5,2991
U020178,0.7784619312665683,1,77.85,High,77.85,High,professional,monthly,79.0,948.0,132,0,0,sales-assisted,395.0,79.0,5,2992
U010766,0.778379382425642,1,77.84,High,77.84,High,professional,monthly,79.0,948.0,191,0,0,partner,553.0,79.0,7,2993
U002608,0.7780311484159727,1,77.8,High,77.8,High,professional,monthly,79.0,948.0,160,1,0,sales-assisted,474.0,79.0,6,2994
U002213,0.7780311484159727,1,77.8,High,77.8,High,professional,monthly,79.0,948.0,160,1,0,sales-assisted,474.0,79.0,6,2995
U025592,0.7778920400119381,1,77.79,High,77.79,High,enterprise,monthly,199.0,2388.0,314,0,0,partner,2189.0,199.0,11,2996
U019250,0.7777140245241954,1,77.77,High,77.77,High,professional,monthly,79.0,948.0,277,2,1,self-serve,790.0,79.0,10,2997
U025956,0.7774470110494789,1,77.74,High,77.74,High,enterprise,monthly,199.0,2388.0,31,2,0,self-serve,398.0,199.0,2,2998
U000210,0.7774470110494789,1,77.74,High,77.74,High,enterprise,monthly,199.0,2388.0,31,2,0,self-serve,398.0,199.0,2,2999
U007177,0.7774317920069798,1,77.74,High,77.74,High,starter,monthly,29.0,348.0,41,2,1,self-serve,58.0,29.0,2,3000
U010011,0.7772781565076974,1,77.73,High,77.73,High,starter,monthly,29.0,348.0,32,0,0,self-serve,58.0,29.0,2,3001
U019382,0.7772654235138795,1,77.73,High,77.73,High,professional,monthly,79.0,948.0,188,1,0,partner,553.0,79.0,7,3002
U029269,0.7772233014637361,1,77.72,High,77.72,High,starter,monthly,29.0,348.0,286,1,0,self-serve,290.0,29.0,10,3003
U003331,0.7772233014637361,1,77.72,High,77.72,High,starter,monthly,29.0,348.0,286,1,0,self-serve,290.0,29.0,10,3004
U022487,0.7770369576737999,1,77.7,High,77.7,High,starter,monthly,29.0,348.0,140,1,0,partner,145.0,29.0,5,3005
U009698,0.7769747419042623,1,77.7,High,77.7,High,enterprise,monthly,199.0,2388.0,211,1,1,self-serve,1393.0,199.0,7,3006
U013374,0.7769379325701283,1,77.69,High,77.69,High,professional,monthly,79.0,948.0,65,0,1,self-serve,237.0,79.0,3,3007
U000928,0.7769379325701283,1,77.69,High,77.69,High,professional,monthly,79.0,948.0,65,0,1,self-serve,237.0,79.0,3,3008
U001849,0.7768655269820203,1,77.69,High,77.69,High,starter,monthly,29.0,348.0,42,2,1,sales-assisted,58.0,29.0,2,3009
U011956,0.7768355964733576,1,77.68,High,77.68,High,starter,monthly,29.0,348.0,101,0,1,self-serve,116.0,29.0,4,3010
U007833,0.7766620953817718,1,77.67,High,77.67,High,starter,monthly,29.0,348.0,223,1,0,partner,232.0,29.0,8,3011
U008088,0.7765905600131284,1,77.66,High,77.66,High,professional,monthly,79.0,948.0,173,2,0,self-serve,474.0,79.0,6,3012
U000076,0.7763084387886837,1,77.63,High,77.63,High,starter,monthly,29.0,348.0,219,1,0,self-serve,232.0,29.0,8,3013
U014230,0.7761568566807632,1,77.62,High,77.62,High,starter,monthly,29.0,348.0,111,1,0,self-serve,116.0,29.0,4,3014
U016082,0.7761022856080111,1,77.61,High,77.61,High,starter,annual,29.0,348.0,77,0,0,self-serve,87.0,29.0,3,3015
U029386,0.7757941419433683,1,77.58,High,77.58,High,professional,monthly,79.0,948.0,576,0,0,self-serve,1580.0,79.0,20,3016
U007589,0.775726266758123,1,77.57,High,77.57,High,professional,monthly,79.0,948.0,329,0,0,self-serve,869.0,79.0,11,3017
U025541,0.775573596666502,1,77.56,High,77.56,High,professional,monthly,79.0,948.0,52,0,0,self-serve,158.0,79.0,2,3018
U018571,0.775533309948935,1,77.55,High,77.55,High,professional,monthly,79.0,948.0,77,2,0,self-serve,237.0,79.0,3,3019
U017112,0.7753793257015467,1,77.54,High,77.54,High,enterprise,annual,199.0,2388.0,145,1,1,self-serve,995.0,199.0,5,3020
U024851,0.7753033431211821,1,77.53,High,77.53,High,starter,monthly,29.0,348.0,253,1,0,sales-assisted,261.0,29.0,9,3021
U024686,0.7752593445141134,1,77.53,High,77.53,High,professional,monthly,79.0,948.0,274,0,0,self-serve,790.0,79.0,10,3022
U018708,0.7751726941864048,1,77.52,High,77.52,High,professional,annual,79.0,948.0,163,0,0,partner,553.0,79.0,7,3023
U011205,0.7751066735665063,1,77.51,High,77.51,High,professional,monthly,79.0,948.0,435,0,0,self-serve,1185.0,79.0,15,3024
U005624,0.774994713017337,1,77.5,High,77.5,High,professional,annual,79.0,948.0,122,2,0,self-serve,395.0,79.0,5,3025
U012146,0.7747429305169402,1,77.47,High,77.47,High,starter,monthly,29.0,348.0,148,0,0,self-serve,145.0,29.0,5,3026
U001733,0.7747429305169402,1,77.47,High,77.47,High,starter,monthly,29.0,348.0,148,0,0,self-serve,145.0,29.0,5,3027
U017286,0.7746526765231972,1,77.47,High,77.47,High,professional,monthly,79.0,948.0,104,1,1,sales-assisted,316.0,79.0,4,3028
U019307,0.7746449861164789,1,77.46,High,77.46,High,starter,annual,29.0,348.0,36,0,0,sales-assisted,58.0,29.0,2,3029
U028893,0.774595107742754,1,77.46,High,77.46,High,starter,monthly,29.0,348.0,98,0,1,partner,116.0,29.0,4,3030
U017949,0.7743577461084742,1,77.44,High,77.44,High,professional,monthly,79.0,948.0,75,0,0,sales-assisted,237.0,79.0,3,3031
U023182,0.7743299590632954,1,77.43,High,77.43,High,professional,monthly,79.0,948.0,330,2,1,self-serve,869.0,79.0,11,3032
U023561,0.7743224131991926,1,77.43,High,77.43,High,starter,annual,29.0,348.0,137,0,1,self-serve,145.0,29.0,5,3033
U004380,0.7742757032394465,1,77.43,High,77.43,High,starter,monthly,29.0,348.0,193,0,1,partner,203.0,29.0,7,3034
U017532,0.7740065774724971,1,77.4,High,77.4,High,professional,monthly,79.0,948.0,251,1,0,sales-assisted,711.0,79.0,9,3035
U003711,0.7739117264965736,1,77.39,High,77.39,High,starter,annual,29.0,348.0,85,0,1,self-serve,116.0,29.0,4,3036
U015136,0.7735434380369887,1,77.35,High,77.35,High,professional,monthly,79.0,948.0,279,0,0,sales-assisted,790.0,79.0,10,3037
U025023,0.7735434380369887,1,77.35,High,77.35,High,professional,monthly,79.0,948.0,279,0,0,sales-assisted,790.0,79.0,10,3038
U029291,0.7734518032303606,1,77.35,High,77.35,High,professional,monthly,79.0,948.0,171,0,0,self-serve,474.0,79.0,6,3039
U011475,0.7734350702077247,1,77.34,High,77.34,High,professional,annual,79.0,948.0,416,1,0,self-serve,1185.0,79.0,15,3040
U009061,0.7732964473894516,1,77.33,High,77.33,High,professional,monthly,79.0,948.0,277,0,0,self-serve,790.0,79.0,10,3041
U006615,0.7729542550469719,1,77.3,High,77.3,High,enterprise,monthly,199.0,2388.0,443,0,1,self-serve,3184.0,199.0,16,3042
U016595,0.7728565919547072,1,77.29,High,77.29,High,professional,monthly,79.0,948.0,222,0,0,self-serve,632.0,79.0,8,3043
U009991,0.7728565919547072,1,77.29,High,77.29,High,professional,monthly,79.0,948.0,222,0,0,self-serve,632.0,79.0,8,3044
U005082,0.7727150440979142,1,77.27,High,77.27,High,starter,monthly,29.0,348.0,138,2,1,self-serve,145.0,29.0,5,3045
U001404,0.772623946626704,1,77.26,High,77.26,High,starter,monthly,29.0,348.0,209,1,1,sales-assisted,203.0,29.0,7,3046
U014316,0.7725017013069498,1,77.25,High,77.25,High,professional,monthly,79.0,948.0,226,0,0,self-serve,632.0,79.0,8,3047
U003060,0.7722851960809134,1,77.23,High,77.23,High,professional,monthly,79.0,948.0,577,3,1,self-serve,1580.0,79.0,20,3048
U002383,0.7719570112089287,1,77.2,High,77.2,High,starter,monthly,29.0,348.0,371,1,0,self-serve,377.0,29.0,13,3049
U000325,0.7718073200677726,1,77.18,High,77.18,High,starter,monthly,29.0,348.0,287,1,1,self-serve,290.0,29.0,10,3050
U016105,0.771758655690611,1,77.18,High,77.18,High,starter,annual,29.0,348.0,112,0,0,self-serve,116.0,29.0,4,3051
U005518,0.771758655690611,1,77.18,High,77.18,High,starter,annual,29.0,348.0,112,0,0,self-serve,116.0,29.0,4,3052
U018985,0.7716572388061488,1,77.17,High,77.17,High,starter,monthly,29.0,348.0,219,2,1,sales-assisted,232.0,29.0,8,3053
U016480,0.7716086491484886,1,77.16,High,77.16,High,starter,monthly,29.0,348.0,161,0,1,self-serve,174.0,29.0,6,3054
U009223,0.7713938720120707,1,77.14,High,77.14,High,professional,monthly,79.0,948.0,261,2,0,sales-assisted,711.0,79.0,9,3055
U000156,0.7713938720120707,1,77.14,High,77.14,High,professional,monthly,79.0,948.0,261,2,0,sales-assisted,711.0,79.0,9,3056
U012701,0.771251408006177,1,77.13,High,77.13,High,professional,monthly,79.0,948.0,275,0,0,self-serve,790.0,79.0,10,3057
U005638,0.771160168250032,1,77.12,High,77.12,High,starter,annual,29.0,348.0,356,0,1,self-serve,348.0,29.0,12,3058
U011353,0.7711209390073612,1,77.11,High,77.11,High,starter,annual,29.0,348.0,305,1,0,self-serve,319.0,29.0,11,3059
U003570,0.7711002607168441,1,77.11,High,77.11,High,starter,annual,29.0,348.0,106,0,0,sales-assisted,116.0,29.0,4,3060
U011665,0.7709158918180379,1,77.09,High,77.09,High,starter,monthly,29.0,348.0,213,1,2,sales-assisted,232.0,29.0,8,3061
U008884,0.7708830712678718,1,77.09,High,77.09,High,professional,monthly,79.0,948.0,117,4,0,sales-assisted,316.0,79.0,4,3062
U009613,0.7706626542572246,1,77.07,High,77.07,High,starter,monthly,29.0,348.0,341,2,0,self-serve,348.0,29.0,12,3063
U028564,0.7706220913054026,1,77.06,High,77.06,High,enterprise,monthly,199.0,2388.0,154,1,1,sales-assisted,1194.0,199.0,6,3064
U021515,0.7705743545594261,1,77.06,High,77.06,High,starter,monthly,29.0,348.0,296,1,1,self-serve,290.0,29.0,10,3065
U020667,0.770302252301026,1,77.03,High,77.03,High,professional,annual,79.0,948.0,24,0,1,self-serve,79.0,79.0,1,3066
U011884,0.7703020044418247,1,77.03,High,77.03,High,enterprise,monthly,199.0,2388.0,196,2,0,self-serve,1393.0,199.0,7,3067
U024842,0.7702338499366457,1,77.02,High,77.02,High,professional,monthly,79.0,948.0,200,0,3,partner,553.0,79.0,7,3068
U025961,0.7701708813503417,1,77.02,High,77.02,High,starter,monthly,29.0,348.0,345,1,0,self-serve,348.0,29.0,12,3069
U025542,0.7701708813503417,1,77.02,High,77.02,High,starter,monthly,29.0,348.0,345,1,0,self-serve,348.0,29.0,12,3070
U022887,0.7701708813503417,1,77.02,High,77.02,High,starter,monthly,29.0,348.0,345,1,0,self-serve,348.0,29.0,12,3071
U019563,0.7701378435513917,1,77.01,High,77.01,High,starter,monthly,29.0,348.0,135,2,0,partner,145.0,29.0,5,3072
U025268,0.7699288186500515,1,76.99,High,76.99,High,starter,monthly,29.0,348.0,157,0,0,partner,174.0,29.0,6,3073
U018418,0.7698605995459247,1,76.99,High,76.99,High,enterprise,monthly,199.0,2388.0,136,1,0,self-serve,995.0,199.0,5,3074
U001967,0.7697951167613495,1,76.98,High,76.98,High,professional,annual,79.0,948.0,66,0,1,self-serve,237.0,79.0,3,3075
U009083,0.7697691183090712,1,76.98,High,76.98,High,starter,monthly,29.0,348.0,87,2,0,self-serve,87.0,29.0,3,3076
U004596,0.7697656086013238,1,76.98,High,76.98,High,starter,monthly,29.0,348.0,100,0,0,partner,116.0,29.0,4,3077
U023286,0.7697614532955751,1,76.98,High,76.98,High,starter,monthly,29.0,348.0,244,1,1,self-serve,261.0,29.0,9,3078
U003550,0.7697376932216963,1,76.97,High,76.97,High,professional,monthly,79.0,948.0,122,0,0,self-serve,395.0,79.0,5,3079
U029771,0.7696814354145057,1,76.97,High,76.97,High,starter,monthly,29.0,348.0,40,1,0,partner,58.0,29.0,2,3080
U020818,0.7696669833273164,1,76.97,High,76.97,High,starter,monthly,29.0,348.0,77,1,2,sales-assisted,87.0,29.0,3,3081
U002499,0.7695986437532402,1,76.96,High,76.96,High,starter,monthly,29.0,348.0,155,0,0,self-serve,174.0,29.0,6,3082
U017522,0.7695960663651397,1,76.96,High,76.96,High,starter,monthly,29.0,348.0,233,0,0,sales-assisted,232.0,29.0,8,3083
U020702,0.7695565238821943,1,76.96,High,76.96,High,starter,monthly,29.0,348.0,42,2,1,partner,58.0,29.0,2,3084
U022958,0.7694207813869813,1,76.94,High,76.94,High,professional,monthly,79.0,948.0,30,1,0,self-serve,158.0,79.0,2,3085
U002731,0.7692966418110865,1,76.93,High,76.93,High,starter,annual,29.0,348.0,68,1,0,self-serve,87.0,29.0,3,3086
U020460,0.7692966418110865,1,76.93,High,76.93,High,starter,annual,29.0,348.0,68,1,0,self-serve,87.0,29.0,3,3087
U000102,0.7692765409108445,1,76.93,High,76.93,High,professional,monthly,79.0,948.0,35,0,0,sales-assisted,158.0,79.0,2,3088
U001350,0.7692725038686179,1,76.93,High,76.93,High,enterprise,monthly,199.0,2388.0,178,4,0,self-serve,1194.0,199.0,6,3089
U009349,0.769235431470502,1,76.92,High,76.92,High,enterprise,monthly,199.0,2388.0,264,2,1,self-serve,1791.0,199.0,9,3090
U010176,0.7692123331833726,1,76.92,High,76.92,High,starter,annual,29.0,348.0,325,0,0,self-serve,319.0,29.0,11,3091
U007492,0.7692123331833726,1,76.92,High,76.92,High,starter,annual,29.0,348.0,325,0,0,self-serve,319.0,29.0,11,3092
U021362,0.7689009527685701,1,76.89,High,76.89,High,professional,monthly,79.0,948.0,189,0,0,sales-assisted,553.0,79.0,7,3093
U029570,0.7688387216708318,1,76.88,High,76.88,High,starter,monthly,29.0,348.0,189,0,1,self-serve,203.0,29.0,7,3094
U003824,0.7687826776584057,1,76.88,High,76.88,High,professional,monthly,79.0,948.0,73,0,0,sales-assisted,237.0,79.0,3,3095
U014536,0.7686908263777431,1,76.87,High,76.87,High,starter,monthly,29.0,348.0,138,4,0,self-serve,145.0,29.0,5,3096
U012013,0.7686283669099824,1,76.86,High,76.86,High,starter,monthly,29.0,348.0,378,1,0,self-serve,377.0,29.0,13,3097
U024994,0.7684396886795617,1,76.84,High,76.84,High,professional,monthly,79.0,948.0,157,2,2,self-serve,474.0,79.0,6,3098
U026358,0.7681012729244132,1,76.81,High,76.81,High,starter,monthly,29.0,348.0,157,2,0,self-serve,174.0,29.0,6,3099
U029207,0.7679689332010556,1,76.8,High,76.8,High,starter,annual,29.0,348.0,427,1,0,self-serve,435.0,29.0,15,3100
U022849,0.7678877819237955,1,76.79,High,76.79,High,professional,monthly,79.0,948.0,97,2,0,sales-assisted,316.0,79.0,4,3101
U028608,0.7676278278020487,1,76.76,High,76.76,High,starter,monthly,29.0,348.0,180,3,0,sales-assisted,174.0,29.0,6,3102
U014361,0.7674939664439242,1,76.75,High,76.75,High,professional,monthly,79.0,948.0,44,0,1,sales-assisted,158.0,79.0,2,3103
U018762,0.767426122813757,1,76.74,High,76.74,High,starter,annual,29.0,348.0,27,1,0,sales-assisted,29.0,29.0,1,3104
U020447,0.7673653721034506,1,76.74,High,76.74,High,starter,monthly,29.0,348.0,114,0,1,sales-assisted,116.0,29.0,4,3105
U026354,0.7670658252401923,1,76.71,High,76.71,High,starter,annual,29.0,348.0,101,1,1,self-serve,116.0,29.0,4,3106
U006083,0.767016546703771,1,76.7,High,76.7,High,professional,monthly,79.0,948.0,49,0,0,self-serve,158.0,79.0,2,3107
U008548,0.7669435764279559,1,76.69,High,76.69,High,professional,annual,79.0,948.0,30,0,0,sales-assisted,79.0,79.0,1,3108
U008446,0.7668431992828793,1,76.68,High,76.68,High,professional,monthly,79.0,948.0,188,1,0,self-serve,553.0,79.0,7,3109
U024705,0.7668431992828793,1,76.68,High,76.68,High,professional,monthly,79.0,948.0,188,1,0,self-serve,553.0,79.0,7,3110
U001782,0.7667224221889554,1,76.67,High,76.67,High,professional,annual,79.0,948.0,155,0,0,self-serve,474.0,79.0,6,3111
U007115,0.7664421053140194,1,76.64,High,76.64,High,professional,monthly,79.0,948.0,154,2,0,self-serve,474.0,79.0,6,3112
U013195,0.7660702268342819,1,76.61,High,76.61,High,starter,monthly,29.0,348.0,149,1,1,self-serve,145.0,29.0,5,3113
U019435,0.7660696645289666,1,76.61,High,76.61,High,enterprise,monthly,199.0,2388.0,134,1,0,self-serve,995.0,199.0,5,3114
U004270,0.7659354404712561,1,76.59,High,76.59,High,professional,annual,79.0,948.0,111,1,1,sales-assisted,395.0,79.0,5,3115
U029041,0.7657511347224923,1,76.58,High,76.58,High,starter,monthly,29.0,348.0,107,0,0,sales-assisted,116.0,29.0,4,3116
U012248,0.7657504108657559,1,76.58,High,76.58,High,starter,monthly,29.0,348.0,118,1,0,self-serve,116.0,29.0,4,3117
U016486,0.7657504108657559,1,76.58,High,76.58,High,starter,monthly,29.0,348.0,118,1,0,self-serve,116.0,29.0,4,3118
U006483,0.7656579615347677,1,76.57,High,76.57,High,professional,annual,79.0,948.0,130,1,0,sales-assisted,395.0,79.0,5,3119
U016722,0.7655254732155993,1,76.55,High,76.55,High,starter,monthly,29.0,348.0,232,0,0,sales-assisted,232.0,29.0,8,3120
U006849,0.7655157342034458,1,76.55,High,76.55,High,starter,annual,29.0,348.0,204,0,1,self-serve,203.0,29.0,7,3121
U022040,0.765173874051985,1,76.52,High,76.52,High,professional,monthly,79.0,948.0,112,1,2,sales-assisted,316.0,79.0,4,3122
U013819,0.765077099814357,1,76.51,High,76.51,High,starter,monthly,29.0,348.0,197,1,0,partner,203.0,29.0,7,3123
U007902,0.7649728417097222,1,76.5,High,76.5,High,starter,monthly,29.0,348.0,348,1,0,self-serve,348.0,29.0,12,3124
U026316,0.7649728417097222,1,76.5,High,76.5,High,starter,monthly,29.0,348.0,348,1,0,self-serve,348.0,29.0,12,3125
U000144,0.7649368324073701,1,76.49,High,76.49,High,starter,monthly,29.0,348.0,92,0,1,self-serve,116.0,29.0,4,3126
U010309,0.7648505474347199,1,76.49,High,76.49,High,starter,monthly,29.0,348.0,266,0,0,partner,261.0,29.0,9,3127
U001276,0.7648257030894804,1,76.48,High,76.48,High,professional,annual,79.0,948.0,569,0,0,self-serve,1580.0,79.0,20,3128
U024500,0.7647927127275184,1,76.48,High,76.48,High,starter,monthly,29.0,348.0,103,1,0,self-serve,116.0,29.0,4,3129
U025869,0.7647858299012652,1,76.48,High,76.48,High,starter,monthly,29.0,348.0,116,0,0,partner,116.0,29.0,4,3130
U014138,0.7647036637045326,1,76.47,High,76.47,High,professional,monthly,79.0,948.0,43,0,0,sales-assisted,158.0,79.0,2,3131
U013534,0.7647036637045326,1,76.47,High,76.47,High,professional,monthly,79.0,948.0,43,0,0,sales-assisted,158.0,79.0,2,3132
U012775,0.7647016524176273,1,76.47,High,76.47,High,professional,annual,79.0,948.0,406,2,0,partner,1106.0,79.0,14,3133
U027850,0.7646150516940639,1,76.46,High,76.46,High,starter,annual,29.0,348.0,139,2,1,self-serve,145.0,29.0,5,3134
U024164,0.7645611288454144,1,76.46,High,76.46,High,professional,monthly,79.0,948.0,171,0,0,sales-assisted,474.0,79.0,6,3135
U002873,0.7645242173679277,1,76.45,High,76.45,High,starter,monthly,29.0,348.0,119,2,1,sales-assisted,116.0,29.0,4,3136
U021469,0.7644925768487071,1,76.45,High,76.45,High,professional,annual,79.0,948.0,183,0,0,sales-assisted,553.0,79.0,7,3137
U029451,0.7644925768487071,1,76.45,High,76.45,High,professional,annual,79.0,948.0,183,0,0,sales-assisted,553.0,79.0,7,3138
U029849,0.7644039536233513,1,76.44,High,76.44,High,starter,monthly,29.0,348.0,232,2,1,self-serve,232.0,29.0,8,3139
U009620,0.7643119740855349,1,76.43,High,76.43,High,professional,monthly,79.0,948.0,208,1,0,self-serve,553.0,79.0,7,3140
U006974,0.7642392264336095,1,76.42,High,76.42,High,professional,monthly,79.0,948.0,302,2,0,self-serve,790.0,79.0,10,3141
U008919,0.7641995718439957,1,76.42,High,76.42,High,professional,monthly,79.0,948.0,61,1,0,sales-assisted,237.0,79.0,3,3142
U027491,0.764108352095251,1,76.41,High,76.41,High,enterprise,monthly,199.0,2388.0,307,0,1,self-serve,2189.0,199.0,11,3143
U008929,0.7639710370068347,1,76.4,High,76.4,High,starter,monthly,29.0,348.0,278,0,0,self-serve,290.0,29.0,10,3144
U018817,0.7638314315277092,1,76.38,High,76.38,High,enterprise,monthly,199.0,2388.0,64,1,0,sales-assisted,597.0,199.0,3,3145
U018370,0.7637857456830197,1,76.38,High,76.38,High,starter,monthly,29.0,348.0,184,2,0,partner,203.0,29.0,7,3146
U009845,0.7637679552467224,1,76.38,High,76.38,High,starter,annual,29.0,348.0,218,0,1,sales-assisted,232.0,29.0,8,3147
U006054,0.7637651916779066,1,76.38,High,76.38,High,starter,annual,29.0,348.0,424,0,0,self-serve,406.0,29.0,14,3148
U020383,0.7636993957967461,1,76.37,High,76.37,High,professional,monthly,79.0,948.0,135,0,0,sales-assisted,395.0,79.0,5,3149
U013016,0.7636993957967461,1,76.37,High,76.37,High,professional,monthly,79.0,948.0,135,0,0,sales-assisted,395.0,79.0,5,3150
U016244,0.7633853993117758,1,76.34,High,76.34,High,professional,monthly,79.0,948.0,123,0,0,self-serve,395.0,79.0,5,3151
U021516,0.7633567234136235,1,76.34,High,76.34,High,professional,annual,79.0,948.0,247,1,0,sales-assisted,711.0,79.0,9,3152
U017635,0.763154666951827,1,76.32,High,76.32,High,professional,monthly,79.0,948.0,43,0,0,sales-assisted,158.0,79.0,2,3153
U016432,0.7629723698960791,1,76.3,High,76.3,High,enterprise,monthly,199.0,2388.0,194,0,1,self-serve,1393.0,199.0,7,3154
U007370,0.7629009998133465,1,76.29,High,76.29,High,starter,monthly,29.0,348.0,211,0,0,self-serve,203.0,29.0,7,3155
U011350,0.7629009998133465,1,76.29,High,76.29,High,starter,monthly,29.0,348.0,211,0,0,self-serve,203.0,29.0,7,3156
U006162,0.7628798137164692,1,76.29,High,76.29,High,starter,monthly,29.0,348.0,199,0,0,sales-assisted,203.0,29.0,7,3157
U016910,0.7627741284207583,1,76.28,High,76.28,High,starter,monthly,29.0,348.0,341,0,0,self-serve,348.0,29.0,12,3158
U009668,0.7626558444531134,1,76.27,High,76.27,High,starter,annual,29.0,348.0,126,0,0,partner,145.0,29.0,5,3159
U023769,0.7626534780390924,1,76.27,High,76.27,High,starter,annual,29.0,348.0,427,0,0,self-serve,435.0,29.0,15,3160
U005080,0.762528160924745,1,76.25,High,76.25,High,starter,monthly,29.0,348.0,68,0,0,partner,87.0,29.0,3,3161
U027949,0.7625132038857075,1,76.25,High,76.25,High,starter,annual,29.0,348.0,326,0,0,self-serve,319.0,29.0,11,3162
U004300,0.7616180347321312,1,76.16,High,76.16,High,starter,monthly,29.0,348.0,315,1,0,sales-assisted,319.0,29.0,11,3163
U029374,0.7614968161724022,1,76.15,High,76.15,High,starter,annual,29.0,348.0,419,1,0,partner,406.0,29.0,14,3164
U005601,0.7612704848269487,1,76.13,High,76.13,High,starter,monthly,29.0,348.0,187,0,1,sales-assisted,203.0,29.0,7,3165
U027388,0.7612566981008257,1,76.13,High,76.13,High,starter,annual,29.0,348.0,132,1,0,sales-assisted,145.0,29.0,5,3166
U000561,0.7612326626359867,1,76.12,High,76.12,High,starter,monthly,29.0,348.0,100,0,1,sales-assisted,116.0,29.0,4,3167
U022211,0.7610602124640092,1,76.11,High,76.11,High,professional,monthly,79.0,948.0,182,0,1,self-serve,553.0,79.0,7,3168
U027427,0.7608443222999802,1,76.08,High,76.08,High,starter,monthly,29.0,348.0,343,0,0,self-serve,348.0,29.0,12,3169
U011638,0.7608443222999802,1,76.08,High,76.08,High,starter,monthly,29.0,348.0,343,0,0,self-serve,348.0,29.0,12,3170
U028233,0.7607820423144561,1,76.08,High,76.08,High,starter,monthly,29.0,348.0,39,2,0,self-serve,58.0,29.0,2,3171
U018839,0.7607806849007868,1,76.08,High,76.08,High,starter,monthly,29.0,348.0,190,1,1,sales-assisted,203.0,29.0,7,3172
U019145,0.7607772951915155,1,76.08,High,76.08,High,starter,annual,29.0,348.0,165,0,1,self-serve,174.0,29.0,6,3173
U028737,0.7607251414388756,1,76.07,High,76.07,High,starter,monthly,29.0,348.0,153,2,2,partner,174.0,29.0,6,3174
U009979,0.7606489368030659,1,76.06,High,76.06,High,professional,annual,79.0,948.0,50,2,0,self-serve,158.0,79.0,2,3175
U008533,0.7604848342630264,1,76.05,High,76.05,High,professional,monthly,79.0,948.0,96,3,1,self-serve,316.0,79.0,4,3176
U003306,0.7603918804779031,1,76.04,High,76.04,High,starter,monthly,29.0,348.0,224,1,0,partner,232.0,29.0,8,3177
U010731,0.7603738648580386,1,76.04,High,76.04,High,professional,monthly,79.0,948.0,317,0,0,self-serve,869.0,79.0,11,3178
U017243,0.7603738648580386,1,76.04,High,76.04,High,professional,monthly,79.0,948.0,317,0,0,self-serve,869.0,79.0,11,3179
U016972,0.7603123804193408,1,76.03,High,76.03,High,professional,annual,79.0,948.0,341,1,0,self-serve,948.0,79.0,12,3180
U000731,0.7603123804193408,1,76.03,High,76.03,High,professional,annual,79.0,948.0,341,1,0,self-serve,948.0,79.0,12,3181
U013571,0.7600040211846044,1,76.0,High,76.0,High,professional,annual,79.0,948.0,179,1,0,self-serve,474.0,79.0,6,3182
U018417,0.7599300810410842,1,75.99,High,75.99,High,professional,annual,79.0,948.0,165,3,0,self-serve,474.0,79.0,6,3183
U010069,0.759923409011602,1,75.99,High,75.99,High,starter,monthly,29.0,348.0,54,1,0,partner,58.0,29.0,2,3184
U024015,0.7599122950174477,1,75.99,High,75.99,High,professional,monthly,79.0,948.0,295,1,1,partner,790.0,79.0,10,3185
U016420,0.759458963594447,1,75.95,High,75.95,High,starter,monthly,29.0,348.0,218,1,1,sales-assisted,232.0,29.0,8,3186
U020602,0.7594550974798997,1,75.95,High,75.95,High,professional,monthly,79.0,948.0,14,2,0,self-serve,79.0,79.0,1,3187
U010886,0.7594506511846142,1,75.95,High,75.95,High,starter,monthly,29.0,348.0,281,1,1,sales-assisted,290.0,29.0,10,3188
U012945,0.7594425359054232,1,75.94,High,75.94,High,professional,annual,79.0,948.0,24,2,0,self-serve,158.0,79.0,2,3189
U014704,0.7594072066239744,1,75.94,High,75.94,High,starter,annual,29.0,348.0,158,2,0,self-serve,174.0,29.0,6,3190
U023554,0.7593685556547018,1,75.94,High,75.94,High,professional,monthly,79.0,948.0,305,1,0,sales-assisted,869.0,79.0,11,3191
U008717,0.7592679538553782,1,75.93,High,75.93,High,starter,monthly,29.0,348.0,151,0,1,sales-assisted,145.0,29.0,5,3192
U013599,0.7591149325385931,1,75.91,High,75.91,High,starter,annual,29.0,348.0,337,1,1,self-serve,348.0,29.0,12,3193
U012440,0.7590295218655695,1,75.9,High,75.9,High,starter,monthly,29.0,348.0,218,2,0,sales-assisted,232.0,29.0,8,3194
U029528,0.7589577452629938,1,75.9,High,75.9,High,professional,monthly,79.0,948.0,227,0,0,self-serve,632.0,79.0,8,3195
U022947,0.7588642568606901,1,75.89,High,75.89,High,professional,monthly,79.0,948.0,281,1,0,sales-assisted,790.0,79.0,10,3196
U011026,0.7587750096557766,1,75.88,High,75.88,High,enterprise,annual,199.0,2388.0,172,3,1,self-serve,1194.0,199.0,6,3197
U029188,0.7584479879777781,1,75.84,High,75.84,High,starter,annual,29.0,348.0,158,0,0,self-serve,174.0,29.0,6,3198
U005455,0.7582257411550508,1,75.82,High,75.82,High,starter,monthly,29.0,348.0,103,1,2,self-serve,116.0,29.0,4,3199
U018803,0.7582122672146767,1,75.82,High,75.82,High,professional,monthly,79.0,948.0,146,2,0,self-serve,395.0,79.0,5,3200
U015984,0.7580936827621085,1,75.81,High,75.81,High,professional,monthly,79.0,948.0,101,1,1,sales-assisted,316.0,79.0,4,3201
U018552,0.7577886283825198,1,75.78,High,75.78,High,starter,annual,29.0,348.0,156,1,0,partner,174.0,29.0,6,3202
U009555,0.7576691202076115,1,75.77,High,75.77,High,professional,annual,79.0,948.0,440,2,0,sales-assisted,1185.0,79.0,15,3203
U003120,0.7576304695170297,1,75.76,High,75.76,High,enterprise,monthly,199.0,2388.0,41,2,0,partner,398.0,199.0,2,3204
U009951,0.7573429493827658,1,75.73,High,75.73,High,starter,monthly,29.0,348.0,183,0,0,self-serve,203.0,29.0,7,3205
U010292,0.7572969048099426,1,75.73,High,75.73,High,professional,monthly,79.0,948.0,157,2,0,partner,474.0,79.0,6,3206
U022807,0.7572874941179994,1,75.73,High,75.73,High,starter,monthly,29.0,348.0,213,2,0,partner,232.0,29.0,8,3207
U005016,0.7571162576751601,1,75.71,High,75.71,High,professional,monthly,79.0,948.0,215,1,1,self-serve,632.0,79.0,8,3208
U028412,0.7571162576751601,1,75.71,High,75.71,High,professional,monthly,79.0,948.0,215,1,1,self-serve,632.0,79.0,8,3209
U014119,0.7568910976449399,1,75.69,High,75.69,High,professional,annual,79.0,948.0,281,1,0,sales-assisted,790.0,79.0,10,3210
U020474,0.7568082750554569,1,75.68,High,75.68,High,enterprise,monthly,199.0,2388.0,226,0,0,self-serve,1592.0,199.0,8,3211
U005363,0.7568057639430056,1,75.68,High,75.68,High,enterprise,monthly,199.0,2388.0,218,0,0,self-serve,1592.0,199.0,8,3212
U005015,0.7567743631879112,1,75.68,High,75.68,High,starter,monthly,29.0,348.0,139,2,0,partner,145.0,29.0,5,3213
U023627,0.7566496954214385,1,75.66,High,75.66,High,starter,annual,29.0,348.0,35,0,1,self-serve,58.0,29.0,2,3214
U022315,0.7565793544119235,1,75.66,High,75.66,High,professional,monthly,79.0,948.0,107,0,0,self-serve,316.0,79.0,4,3215
U010120,0.7565793544119235,1,75.66,High,75.66,High,professional,monthly,79.0,948.0,107,0,0,self-serve,316.0,79.0,4,3216
U014364,0.7564607472328817,1,75.65,High,75.65,High,professional,monthly,79.0,948.0,280,1,0,self-serve,790.0,79.0,10,3217
U015676,0.7564520301356122,1,75.65,High,75.65,High,enterprise,monthly,199.0,2388.0,133,1,0,self-serve,995.0,199.0,5,3218
U021599,0.7563313798245819,1,75.63,High,75.63,High,starter,monthly,29.0,348.0,354,0,1,self-serve,348.0,29.0,12,3219
U008787,0.7562434207937536,1,75.62,High,75.62,High,professional,monthly,79.0,948.0,325,0,1,self-serve,869.0,79.0,11,3220
U028140,0.7561340001346237,1,75.61,High,75.61,High,enterprise,monthly,199.0,2388.0,139,1,0,self-serve,995.0,199.0,5,3221
U016250,0.75602627325959,1,75.6,High,75.6,High,professional,monthly,79.0,948.0,507,1,2,self-serve,1422.0,79.0,18,3222
U010301,0.7558318575974493,1,75.58,High,75.58,High,professional,monthly,79.0,948.0,32,0,0,self-serve,158.0,79.0,2,3223
U019346,0.7558200744504677,1,75.58,High,75.58,High,professional,monthly,79.0,948.0,202,0,3,sales-assisted,553.0,79.0,7,3224
U009002,0.7557378560166512,1,75.57,High,75.57,High,starter,annual,29.0,348.0,464,0,1,sales-assisted,464.0,29.0,16,3225
U019543,0.755735371771229,1,75.57,High,75.57,High,professional,monthly,79.0,948.0,185,2,1,self-serve,553.0,79.0,7,3226
U027202,0.7556254953567189,1,75.56,High,75.56,High,starter,monthly,29.0,348.0,282,2,0,self-serve,290.0,29.0,10,3227
U026933,0.7555793409952531,1,75.56,High,75.56,High,professional,monthly,79.0,948.0,246,1,0,self-serve,711.0,79.0,9,3228
U009153,0.755334365457367,1,75.53,High,75.53,High,professional,annual,79.0,948.0,167,2,0,partner,474.0,79.0,6,3229
U007112,0.7550776755228923,1,75.51,High,75.51,High,enterprise,monthly,199.0,2388.0,151,1,1,sales-assisted,995.0,199.0,5,3230
U017671,0.7548668759637878,1,75.49,High,75.49,High,professional,monthly,79.0,948.0,129,0,0,sales-assisted,395.0,79.0,5,3231
U021876,0.7546472485387707,1,75.46,High,75.46,High,starter,monthly,29.0,348.0,117,0,0,self-serve,116.0,29.0,4,3232
U029799,0.7545302144361518,1,75.45,High,75.45,High,starter,monthly,29.0,348.0,175,0,0,self-serve,174.0,29.0,6,3233
U006133,0.7542874501111001,1,75.43,High,75.43,High,professional,monthly,79.0,948.0,160,1,0,sales-assisted,474.0,79.0,6,3234
U024859,0.7541226659727334,1,75.41,High,75.41,High,starter,monthly,29.0,348.0,395,1,0,partner,406.0,29.0,14,3235
U024338,0.7539956906992422,1,75.4,High,75.4,High,starter,monthly,29.0,348.0,158,0,0,self-serve,174.0,29.0,6,3236
U025811,0.7539956906992422,1,75.4,High,75.4,High,starter,monthly,29.0,348.0,158,0,0,self-serve,174.0,29.0,6,3237
U010949,0.7539956906992422,1,75.4,High,75.4,High,starter,monthly,29.0,348.0,158,0,0,self-serve,174.0,29.0,6,3238
U019609,0.7539956906992422,1,75.4,High,75.4,High,starter,monthly,29.0,348.0,158,0,0,self-serve,174.0,29.0,6,3239
U025479,0.753936530543597,1,75.39,High,75.39,High,starter,annual,29.0,348.0,190,1,0,sales-assisted,203.0,29.0,7,3240
U010377,0.7536416988823039,1,75.36,High,75.36,High,enterprise,monthly,199.0,2388.0,134,0,0,self-serve,995.0,199.0,5,3241
U006679,0.7536242005182545,1,75.36,High,75.36,High,starter,monthly,29.0,348.0,69,1,0,sales-assisted,87.0,29.0,3,3242
U019594,0.7535059782953556,1,75.35,High,75.35,High,starter,monthly,29.0,348.0,266,2,2,self-serve,261.0,29.0,9,3243
U016171,0.7534952067979055,1,75.35,High,75.35,High,starter,monthly,29.0,348.0,87,2,1,self-serve,116.0,29.0,4,3244
U010445,0.7534178812300919,1,75.34,High,75.34,High,enterprise,monthly,199.0,2388.0,276,1,0,self-serve,1990.0,199.0,10,3245
U027083,0.7533467348793512,1,75.33,High,75.33,High,starter,monthly,29.0,348.0,288,2,1,self-serve,290.0,29.0,10,3246
U024751,0.7529764552266207,1,75.3,High,75.3,High,starter,monthly,29.0,348.0,183,0,0,sales-assisted,203.0,29.0,7,3247
U028469,0.7528853960971413,1,75.29,High,75.29,High,enterprise,monthly,199.0,2388.0,187,0,0,self-serve,1393.0,199.0,7,3248
U020417,0.7528220517535967,1,75.28,High,75.28,High,professional,monthly,79.0,948.0,76,1,1,self-serve,237.0,79.0,3,3249
U024332,0.7527794452274825,1,75.28,High,75.28,High,professional,annual,79.0,948.0,111,0,1,self-serve,316.0,79.0,4,3250
U014692,0.7527049013190608,1,75.27,High,75.27,High,starter,monthly,29.0,348.0,114,1,0,partner,116.0,29.0,4,3251
U015209,0.7527011569314588,1,75.27,High,75.27,High,professional,monthly,79.0,948.0,160,0,0,self-serve,474.0,79.0,6,3252
U025390,0.7523834881016281,1,75.24,High,75.24,High,professional,monthly,79.0,948.0,182,0,0,self-serve,553.0,79.0,7,3253
U013846,0.7522957949725463,1,75.23,High,75.23,High,starter,monthly,29.0,348.0,19,0,0,self-serve,29.0,29.0,1,3254
U023082,0.7521476093245344,1,75.21,High,75.21,High,professional,monthly,79.0,948.0,217,0,3,self-serve,632.0,79.0,8,3255
U022710,0.7521362237884258,1,75.21,High,75.21,High,starter,monthly,29.0,348.0,210,0,0,self-serve,203.0,29.0,7,3256
U028028,0.7520424255005037,1,75.2,High,75.2,High,starter,monthly,29.0,348.0,219,0,1,self-serve,232.0,29.0,8,3257
U021994,0.7520054924178352,1,75.2,High,75.2,High,starter,annual,29.0,348.0,30,1,0,self-serve,29.0,29.0,1,3258
U025411,0.751928836337589,1,75.19,High,75.19,High,starter,annual,29.0,348.0,111,2,0,self-serve,116.0,29.0,4,3259
U007904,0.7518914274388713,1,75.19,High,75.19,High,professional,monthly,79.0,948.0,260,0,0,sales-assisted,711.0,79.0,9,3260
U003571,0.7518012445824662,1,75.18,High,75.18,High,starter,annual,29.0,348.0,133,0,1,sales-assisted,145.0,29.0,5,3261
U023892,0.7516210646270522,1,75.16,High,75.16,High,starter,monthly,29.0,348.0,305,2,1,self-serve,319.0,29.0,11,3262
U002867,0.7515201471792623,1,75.15,High,75.15,High,professional,monthly,79.0,948.0,217,0,1,sales-assisted,632.0,79.0,8,3263
U007297,0.751477868329067,1,75.15,High,75.15,High,starter,annual,29.0,348.0,164,1,0,sales-assisted,174.0,29.0,6,3264
U011835,0.7514418525287114,1,75.14,High,75.14,High,professional,monthly,79.0,948.0,67,0,1,sales-assisted,237.0,79.0,3,3265
U019925,0.7513103105027136,1,75.13,High,75.13,High,starter,monthly,29.0,348.0,61,2,1,self-serve,87.0,29.0,3,3266
U003525,0.7511490379214252,1,75.11,High,75.11,High,starter,monthly,29.0,348.0,292,0,1,sales-assisted,290.0,29.0,10,3267
U019411,0.7509676983719359,1,75.1,High,75.1,High,starter,monthly,29.0,348.0,235,0,1,self-serve,232.0,29.0,8,3268
U012623,0.7509234724273327,1,75.09,High,75.09,High,starter,monthly,29.0,348.0,185,0,0,self-serve,203.0,29.0,7,3269
U000555,0.7504883661810282,1,75.05,High,75.05,High,starter,monthly,29.0,348.0,569,1,3,sales-assisted,580.0,29.0,20,3270
U028968,0.7502162366195142,1,75.02,High,75.02,High,starter,monthly,29.0,348.0,51,1,1,partner,58.0,29.0,2,3271
U005021,0.7501369302320535,1,75.01,High,75.01,High,starter,monthly,29.0,348.0,106,0,0,self-serve,116.0,29.0,4,3272
U028593,0.7501369302320535,1,75.01,High,75.01,High,starter,monthly,29.0,348.0,106,0,0,self-serve,116.0,29.0,4,3273
U025756,0.7501369302320535,1,75.01,High,75.01,High,starter,monthly,29.0,348.0,106,0,0,self-serve,116.0,29.0,4,3274
U000094,0.7500317993729214,1,75.0,High,75.0,High,starter,monthly,29.0,348.0,71,1,0,sales-assisted,87.0,29.0,3,3275
U002593,0.7499009270405493,1,74.99,High,74.99,High,professional,monthly,79.0,948.0,130,0,0,self-serve,395.0,79.0,5,3276
U001332,0.7497631358781791,1,74.98,High,74.98,High,professional,annual,79.0,948.0,359,0,0,self-serve,948.0,79.0,12,3277
U011569,0.7495869772262885,1,74.96,High,74.96,High,professional,monthly,79.0,948.0,68,0,0,partner,237.0,79.0,3,3278
U028435,0.7495390642849196,1,74.95,High,74.95,High,professional,annual,79.0,948.0,65,0,0,sales-assisted,237.0,79.0,3,3279
U001141,0.7493266576229208,1,74.93,High,74.93,High,starter,annual,29.0,348.0,193,1,0,sales-assisted,203.0,29.0,7,3280
U007519,0.749253904563118,1,74.93,High,74.93,High,starter,monthly,29.0,348.0,33,2,0,sales-assisted,58.0,29.0,2,3281
U014101,0.7492244796699412,1,74.92,High,74.92,High,professional,monthly,79.0,948.0,86,2,0,self-serve,237.0,79.0,3,3282
U027569,0.7489966544606638,1,74.9,High,74.9,High,enterprise,monthly,199.0,2388.0,384,3,1,sales-assisted,2587.0,199.0,13,3283
U026450,0.7487472822781304,1,74.87,High,74.87,High,starter,annual,29.0,348.0,201,3,0,self-serve,203.0,29.0,7,3284
U006983,0.7486351331578154,1,74.86,High,74.86,High,starter,monthly,29.0,348.0,410,0,3,self-serve,406.0,29.0,14,3285
U000101,0.7484933208182906,1,74.85,High,74.85,High,starter,monthly,29.0,348.0,62,1,0,self-serve,87.0,29.0,3,3286
U015773,0.7484933208182906,1,74.85,High,74.85,High,starter,monthly,29.0,348.0,62,1,0,self-serve,87.0,29.0,3,3287
U008842,0.7484195305016438,1,74.84,High,74.84,High,starter,annual,29.0,348.0,196,2,0,self-serve,203.0,29.0,7,3288
U002175,0.7483556688261092,1,74.84,High,74.84,High,professional,monthly,79.0,948.0,94,3,1,self-serve,316.0,79.0,4,3289
U000665,0.7483307535952854,1,74.83,High,74.83,High,starter,monthly,29.0,348.0,211,1,1,self-serve,203.0,29.0,7,3290
U019565,0.7481983261032458,1,74.82,High,74.82,High,professional,annual,79.0,948.0,325,1,1,self-serve,869.0,79.0,11,3291
U025274,0.7481377390082636,1,74.81,High,74.81,High,starter,annual,29.0,348.0,31,2,0,self-serve,58.0,29.0,2,3292
U023879,0.748029864494337,1,74.8,High,74.8,High,enterprise,monthly,199.0,2388.0,93,1,0,self-serve,796.0,199.0,4,3293
U007578,0.74796071123472,1,74.8,High,74.8,High,starter,monthly,29.0,348.0,55,1,1,sales-assisted,58.0,29.0,2,3294
U013848,0.7479368315630174,1,74.79,High,74.79,High,enterprise,monthly,199.0,2388.0,274,1,0,sales-assisted,1990.0,199.0,10,3295
U003882,0.7477795338852061,1,74.78,High,74.78,High,professional,monthly,79.0,948.0,57,1,0,self-serve,158.0,79.0,2,3296
U017425,0.7477666082015438,1,74.78,High,74.78,High,professional,monthly,79.0,948.0,177,2,0,partner,474.0,79.0,6,3297
U029019,0.7476761872016727,1,74.77,High,74.77,High,starter,annual,29.0,348.0,189,1,0,self-serve,203.0,29.0,7,3298
U014787,0.7473545232364319,1,74.74,High,74.74,High,starter,monthly,29.0,348.0,149,1,0,self-serve,145.0,29.0,5,3299
U019620,0.7473545232364319,1,74.74,High,74.74,High,starter,monthly,29.0,348.0,149,1,0,self-serve,145.0,29.0,5,3300
U005630,0.7472026670973748,1,74.72,High,74.72,High,starter,monthly,29.0,348.0,244,0,2,sales-assisted,261.0,29.0,9,3301
U012927,0.747065800524544,1,74.71,High,74.71,High,starter,monthly,29.0,348.0,342,1,0,self-serve,348.0,29.0,12,3302
U003354,0.7468842997867057,1,74.69,High,74.69,High,professional,monthly,79.0,948.0,125,1,1,sales-assisted,395.0,79.0,5,3303
U013889,0.746710122667743,1,74.67,High,74.67,High,professional,monthly,79.0,948.0,102,0,1,self-serve,316.0,79.0,4,3304
U025302,0.7466552790979961,1,74.67,High,74.67,High,starter,monthly,29.0,348.0,337,0,0,sales-assisted,348.0,29.0,12,3305
U025600,0.7466552790979961,1,74.67,High,74.67,High,starter,monthly,29.0,348.0,337,0,0,sales-assisted,348.0,29.0,12,3306
U007810,0.746280899786183,1,74.63,High,74.63,High,starter,annual,29.0,348.0,170,0,0,self-serve,174.0,29.0,6,3307
U019157,0.746280899786183,1,74.63,High,74.63,High,starter,annual,29.0,348.0,170,0,0,self-serve,174.0,29.0,6,3308
U025096,0.7462545859468963,1,74.63,High,74.63,High,enterprise,monthly,199.0,2388.0,209,0,1,self-serve,1393.0,199.0,7,3309
U017312,0.7462476760252403,1,74.62,High,74.62,High,enterprise,monthly,199.0,2388.0,173,1,1,sales-assisted,1194.0,199.0,6,3310
U027147,0.7461676661690482,1,74.62,High,74.62,High,professional,monthly,79.0,948.0,68,1,1,sales-assisted,237.0,79.0,3,3311
U006153,0.7461651126966805,1,74.62,High,74.62,High,starter,monthly,29.0,348.0,381,2,0,sales-assisted,377.0,29.0,13,3312
U008105,0.7461476103730518,1,74.61,High,74.61,High,starter,annual,29.0,348.0,150,0,0,sales-assisted,145.0,29.0,5,3313
U016044,0.7458625662385298,1,74.59,High,74.59,High,professional,monthly,79.0,948.0,207,1,0,self-serve,553.0,79.0,7,3314
U013891,0.7458392091240097,1,74.58,High,74.58,High,starter,monthly,29.0,348.0,197,2,0,self-serve,203.0,29.0,7,3315
U006940,0.7458151161350194,1,74.58,High,74.58,High,starter,monthly,29.0,348.0,253,3,0,sales-assisted,261.0,29.0,9,3316
U001225,0.7457382275029012,1,74.57,High,74.57,High,professional,monthly,79.0,948.0,343,2,0,partner,948.0,79.0,12,3317
U023113,0.7456835609231208,1,74.57,High,74.57,High,professional,annual,79.0,948.0,143,1,0,partner,395.0,79.0,5,3318
U006920,0.7455801260611993,1,74.56,High,74.56,High,starter,monthly,29.0,348.0,217,0,1,sales-assisted,232.0,29.0,8,3319
U004846,0.7455801260611993,1,74.56,High,74.56,High,starter,monthly,29.0,348.0,217,0,1,sales-assisted,232.0,29.0,8,3320
U012190,0.7453269742716839,1,74.53,High,74.53,High,professional,monthly,79.0,948.0,31,0,0,sales-assisted,158.0,79.0,2,3321
U002342,0.7451849140787122,1,74.52,High,74.52,High,starter,monthly,29.0,348.0,100,0,2,self-serve,116.0,29.0,4,3322
U002480,0.7450735269624595,1,74.51,High,74.51,High,starter,monthly,29.0,348.0,122,1,0,sales-assisted,145.0,29.0,5,3323
U028437,0.7450177547260091,1,74.5,High,74.5,High,starter,monthly,29.0,348.0,294,1,0,sales-assisted,290.0,29.0,10,3324
U017914,0.744994168654885,1,74.5,High,74.5,High,professional,monthly,79.0,948.0,141,0,0,self-serve,395.0,79.0,5,3325
U001895,0.744994168654885,1,74.5,High,74.5,High,professional,monthly,79.0,948.0,141,0,0,self-serve,395.0,79.0,5,3326
U006651,0.7449070683131418,1,74.49,High,74.49,High,starter,monthly,29.0,348.0,256,0,0,self-serve,261.0,29.0,9,3327
U023038,0.7449070683131418,1,74.49,High,74.49,High,starter,monthly,29.0,348.0,256,0,0,self-serve,261.0,29.0,9,3328
U018759,0.7447338607548666,1,74.47,High,74.47,High,professional,monthly,79.0,948.0,304,1,0,self-serve,869.0,79.0,11,3329
U006130,0.7447338607548666,1,74.47,High,74.47,High,professional,monthly,79.0,948.0,304,1,0,self-serve,869.0,79.0,11,3330
U008346,0.7447315501591547,1,74.47,High,74.47,High,enterprise,monthly,199.0,2388.0,208,0,1,self-serve,1393.0,199.0,7,3331
U017739,0.7447142645882995,1,74.47,High,74.47,High,professional,monthly,79.0,948.0,127,1,0,sales-assisted,395.0,79.0,5,3332
U017441,0.7446975039430545,1,74.47,High,74.47,High,professional,monthly,79.0,948.0,214,1,1,self-serve,632.0,79.0,8,3333
U023957,0.7445721313396767,1,74.46,High,74.46,High,starter,annual,29.0,348.0,40,0,0,sales-assisted,58.0,29.0,2,3334
U000853,0.7441935369980573,1,74.42,High,74.42,High,enterprise,monthly,199.0,2388.0,210,1,1,self-serve,1393.0,199.0,7,3335
U011104,0.7438880885480406,1,74.39,High,74.39,High,starter,monthly,29.0,348.0,441,1,0,sales-assisted,435.0,29.0,15,3336
U016561,0.7438637445684239,1,74.39,High,74.39,High,starter,annual,29.0,348.0,474,1,1,self-serve,464.0,29.0,16,3337
U021918,0.743618403318539,1,74.36,High,74.36,High,starter,monthly,29.0,348.0,150,2,0,partner,145.0,29.0,5,3338
U000152,0.7435825563407947,1,74.36,High,74.36,High,starter,monthly,29.0,348.0,43,2,0,self-serve,58.0,29.0,2,3339
U027827,0.7435825563407947,1,74.36,High,74.36,High,starter,monthly,29.0,348.0,43,2,0,self-serve,58.0,29.0,2,3340
U024380,0.7435335020477681,1,74.35,High,74.35,High,professional,monthly,79.0,948.0,166,0,0,sales-assisted,474.0,79.0,6,3341
U008698,0.7434260388721458,1,74.34,High,74.34,High,starter,annual,29.0,348.0,216,1,1,self-serve,232.0,29.0,8,3342
U004533,0.7433728521779219,1,74.34,High,74.34,High,starter,monthly,29.0,348.0,317,1,0,self-serve,319.0,29.0,11,3343
U022758,0.7433107203199453,1,74.33,High,74.33,High,professional,annual,79.0,948.0,194,3,0,partner,553.0,79.0,7,3344
U004771,0.7431156893394966,1,74.31,High,74.31,High,starter,monthly,29.0,348.0,45,3,3,sales-assisted,58.0,29.0,2,3345
U020196,0.7430551573422028,1,74.31,High,74.31,High,starter,monthly,29.0,348.0,22,0,0,self-serve,29.0,29.0,1,3346
U003110,0.7430108791497222,1,74.3,High,74.3,High,starter,monthly,29.0,348.0,168,3,0,self-serve,174.0,29.0,6,3347
U005921,0.7430106309658553,1,74.3,High,74.3,High,starter,monthly,29.0,348.0,86,0,1,sales-assisted,87.0,29.0,3,3348
U012079,0.7430101151778951,1,74.3,High,74.3,High,starter,monthly,29.0,348.0,293,3,0,self-serve,319.0,29.0,11,3349
U005742,0.7428222521076767,1,74.28,High,74.28,High,starter,annual,29.0,348.0,281,1,0,self-serve,290.0,29.0,10,3350
U005718,0.7428047970505888,1,74.28,High,74.28,High,starter,monthly,29.0,348.0,126,1,0,self-serve,145.0,29.0,5,3351
U022041,0.7426765766564452,1,74.27,High,74.27,High,starter,monthly,29.0,348.0,31,1,1,self-serve,58.0,29.0,2,3352
U024046,0.7426761737587549,1,74.27,High,74.27,High,starter,monthly,29.0,348.0,43,0,0,self-serve,58.0,29.0,2,3353
U013722,0.7426054666999387,1,74.26,High,74.26,High,professional,monthly,79.0,948.0,317,0,0,sales-assisted,869.0,79.0,11,3354
U027648,0.7426021496203031,1,74.26,High,74.26,High,starter,monthly,29.0,348.0,63,2,1,self-serve,87.0,29.0,3,3355
U005328,0.7425934673836512,1,74.26,High,74.26,High,starter,monthly,29.0,348.0,65,1,1,self-serve,87.0,29.0,3,3356
U022247,0.7425258605143128,1,74.25,High,74.25,High,starter,monthly,29.0,348.0,272,1,0,sales-assisted,261.0,29.0,9,3357
U003095,0.7424101157387383,1,74.24,High,74.24,High,starter,monthly,29.0,348.0,245,0,1,self-serve,261.0,29.0,9,3358
U015796,0.7423916865362918,1,74.24,High,74.24,High,enterprise,monthly,199.0,2388.0,46,1,1,self-serve,398.0,199.0,2,3359
U005057,0.7423585447269372,1,74.24,High,74.24,High,professional,annual,79.0,948.0,657,0,1,sales-assisted,1817.0,79.0,23,3360
U004537,0.7421562900697357,1,74.22,High,74.22,High,professional,monthly,79.0,948.0,71,0,0,self-serve,237.0,79.0,3,3361
U005349,0.7419229629094771,1,74.19,High,74.19,High,starter,monthly,29.0,348.0,88,0,0,self-serve,87.0,29.0,3,3362
U002011,0.7418815161090678,1,74.19,High,74.19,High,professional,annual,79.0,948.0,455,0,2,partner,1264.0,79.0,16,3363
U013067,0.7418555886398814,1,74.19,High,74.19,High,professional,monthly,79.0,948.0,533,1,1,self-serve,1501.0,79.0,19,3364
U010694,0.741595432951046,1,74.16,High,74.16,High,starter,monthly,29.0,348.0,199,0,0,self-serve,203.0,29.0,7,3365
U013495,0.7415757890597344,1,74.16,High,74.16,High,professional,monthly,79.0,948.0,257,1,0,self-serve,711.0,79.0,9,3366
U009872,0.7414492641923894,1,74.14,High,74.14,High,starter,monthly,29.0,348.0,384,0,0,partner,377.0,29.0,13,3367
U009390,0.7413983153867443,1,74.14,High,74.14,High,starter,monthly,29.0,348.0,132,1,1,partner,145.0,29.0,5,3368
U026457,0.7412451596018853,1,74.12,High,74.12,High,professional,monthly,79.0,948.0,309,1,0,self-serve,869.0,79.0,11,3369
U006931,0.7410129899244675,1,74.1,High,74.1,High,professional,annual,79.0,948.0,384,0,0,sales-assisted,1027.0,79.0,13,3370
U019756,0.740949958983411,1,74.09,High,74.09,High,starter,monthly,29.0,348.0,128,0,0,self-serve,145.0,29.0,5,3371
U016775,0.740949958983411,1,74.09,High,74.09,High,starter,monthly,29.0,348.0,128,0,0,self-serve,145.0,29.0,5,3372
U019638,0.7408856389527798,1,74.09,High,74.09,High,enterprise,monthly,199.0,2388.0,311,0,0,self-serve,2189.0,199.0,11,3373
U014178,0.7408100635366909,1,74.08,High,74.08,High,professional,annual,79.0,948.0,125,0,1,sales-assisted,395.0,79.0,5,3374
U011156,0.740585850041439,1,74.06,High,74.06,High,starter,monthly,29.0,348.0,32,0,1,sales-assisted,58.0,29.0,2,3375
U029891,0.7405834514997781,1,74.06,High,74.06,High,starter,monthly,29.0,348.0,283,0,0,sales-assisted,319.0,29.0,11,3376
U023296,0.740389122624726,1,74.04,High,74.04,High,starter,monthly,29.0,348.0,37,1,1,sales-assisted,58.0,29.0,2,3377
U018442,0.7403559481565379,1,74.04,High,74.04,High,professional,monthly,79.0,948.0,170,0,0,sales-assisted,474.0,79.0,6,3378
U003310,0.7403036109540867,1,74.03,High,74.03,High,starter,monthly,29.0,348.0,461,1,0,self-serve,464.0,29.0,16,3379
U001162,0.7401224006996113,1,74.01,High,74.01,High,professional,monthly,79.0,948.0,260,0,1,sales-assisted,711.0,79.0,9,3380
U001708,0.7401224006996113,1,74.01,High,74.01,High,professional,monthly,79.0,948.0,260,0,1,sales-assisted,711.0,79.0,9,3381
U014057,0.7400834512223452,1,74.01,High,74.01,High,starter,monthly,29.0,348.0,194,1,0,self-serve,203.0,29.0,7,3382
U008736,0.7399322075840523,1,73.99,High,73.99,High,professional,annual,79.0,948.0,37,0,0,partner,158.0,79.0,2,3383
U025112,0.7398842353343404,1,73.99,High,73.99,High,starter,annual,29.0,348.0,193,1,0,partner,203.0,29.0,7,3384
U024682,0.7398177379813627,1,73.98,High,73.98,High,starter,monthly,29.0,348.0,148,1,0,sales-assisted,145.0,29.0,5,3385
U017258,0.7397389549845352,1,73.97,High,73.97,High,professional,annual,79.0,948.0,166,2,0,partner,474.0,79.0,6,3386
U002949,0.7396764258548575,1,73.97,High,73.97,High,professional,monthly,79.0,948.0,51,0,0,self-serve,158.0,79.0,2,3387
U019513,0.739660461812438,1,73.97,High,73.97,High,starter,monthly,29.0,348.0,178,0,2,self-serve,174.0,29.0,6,3388
U024978,0.739468688921151,1,73.95,High,73.95,High,professional,monthly,79.0,948.0,126,0,2,self-serve,395.0,79.0,5,3389
U026356,0.7393605318195489,1,73.94,High,73.94,High,starter,monthly,29.0,348.0,128,1,1,partner,145.0,29.0,5,3390
U027679,0.7392268037785551,1,73.92,High,73.92,High,starter,monthly,29.0,348.0,21,0,0,self-serve,29.0,29.0,1,3391
U009513,0.7391810825376642,1,73.92,High,73.92,High,enterprise,annual,199.0,2388.0,683,1,2,self-serve,4577.0,199.0,23,3392
U004553,0.738991635684588,1,73.9,High,73.9,High,professional,monthly,79.0,948.0,293,0,0,self-serve,790.0,79.0,10,3393
U007729,0.738991635684588,1,73.9,High,73.9,High,professional,monthly,79.0,948.0,293,0,0,self-serve,790.0,79.0,10,3394
U001180,0.7389438389458842,1,73.89,High,73.89,High,professional,monthly,79.0,948.0,165,1,1,self-serve,553.0,79.0,7,3395
U026272,0.7388205860160464,1,73.88,High,73.88,High,starter,monthly,29.0,348.0,335,1,0,sales-assisted,348.0,29.0,12,3396
U003973,0.7387631536187533,1,73.88,High,73.88,High,professional,annual,79.0,948.0,192,0,1,self-serve,553.0,79.0,7,3397
U005055,0.7386086274323841,1,73.86,High,73.86,High,professional,monthly,79.0,948.0,62,1,1,sales-assisted,237.0,79.0,3,3398
U019615,0.7385118080733509,1,73.85,High,73.85,High,starter,annual,29.0,348.0,108,0,0,self-serve,116.0,29.0,4,3399
U028840,0.7384515931655478,1,73.85,High,73.85,High,professional,monthly,79.0,948.0,375,1,1,self-serve,1027.0,79.0,13,3400
U002817,0.7383912947449024,1,73.84,High,73.84,High,starter,annual,29.0,348.0,365,1,0,partner,377.0,29.0,13,3401
U016000,0.7383895584749957,1,73.84,High,73.84,High,professional,monthly,79.0,948.0,316,0,3,self-serve,869.0,79.0,11,3402
U012304,0.7383818757398987,1,73.84,High,73.84,High,professional,monthly,79.0,948.0,94,0,1,self-serve,316.0,79.0,4,3403
U002534,0.7383317685702455,1,73.83,High,73.83,High,starter,monthly,29.0,348.0,369,0,1,self-serve,377.0,29.0,13,3404
U025181,0.7383317685702455,1,73.83,High,73.83,High,starter,monthly,29.0,348.0,369,0,1,self-serve,377.0,29.0,13,3405
U019289,0.7382530976849139,1,73.83,High,73.83,High,professional,annual,79.0,948.0,70,0,1,self-serve,237.0,79.0,3,3406
U007013,0.7381846477279108,1,73.82,High,73.82,High,professional,monthly,79.0,948.0,169,0,0,self-serve,474.0,79.0,6,3407
U028845,0.7381166126417039,1,73.81,High,73.81,High,professional,monthly,79.0,948.0,416,1,0,self-serve,1106.0,79.0,14,3408
U016482,0.7380909300340922,1,73.81,High,73.81,High,starter,monthly,29.0,348.0,146,1,0,self-serve,145.0,29.0,5,3409
U019329,0.7378661927942182,1,73.79,High,73.79,High,professional,monthly,79.0,948.0,62,1,0,self-serve,237.0,79.0,3,3410
U022222,0.7377227318413379,1,73.77,High,73.77,High,professional,monthly,79.0,948.0,310,1,0,sales-assisted,869.0,79.0,11,3411
U028801,0.7376428293362247,1,73.76,High,73.76,High,professional,monthly,79.0,948.0,63,1,0,sales-assisted,237.0,79.0,3,3412
U016258,0.7375763336278364,1,73.76,High,73.76,High,starter,monthly,29.0,348.0,190,1,1,partner,203.0,29.0,7,3413
U001996,0.73735669900245,1,73.74,High,73.74,High,professional,monthly,79.0,948.0,108,0,1,partner,316.0,79.0,4,3414
U005342,0.7372538862414767,1,73.73,High,73.73,High,starter,monthly,29.0,348.0,95,2,1,self-serve,116.0,29.0,4,3415
U022957,0.7372487371378236,1,73.72,High,73.72,High,professional,monthly,79.0,948.0,197,1,0,self-serve,553.0,79.0,7,3416
U028951,0.7371572261059223,1,73.72,High,73.72,High,starter,monthly,29.0,348.0,57,0,0,self-serve,58.0,29.0,2,3417
U026691,0.7371572261059223,1,73.72,High,73.72,High,starter,monthly,29.0,348.0,57,0,0,self-serve,58.0,29.0,2,3418
U013933,0.7371565946768365,1,73.72,High,73.72,High,starter,monthly,29.0,348.0,81,3,0,self-serve,87.0,29.0,3,3419
U027285,0.7368935058713719,1,73.69,High,73.69,High,starter,monthly,29.0,348.0,69,0,1,self-serve,87.0,29.0,3,3420
U002495,0.7368341114495471,1,73.68,High,73.68,High,starter,monthly,29.0,348.0,199,1,0,sales-assisted,203.0,29.0,7,3421
U012281,0.7368300501632875,1,73.68,High,73.68,High,enterprise,monthly,199.0,2388.0,273,1,0,self-serve,1990.0,199.0,10,3422
U009394,0.7368094012009859,1,73.68,High,73.68,High,professional,monthly,79.0,948.0,165,0,0,self-serve,474.0,79.0,6,3423
U001247,0.7368094012009859,1,73.68,High,73.68,High,professional,monthly,79.0,948.0,165,0,0,self-serve,474.0,79.0,6,3424
U028346,0.7367812747878709,1,73.68,High,73.68,High,starter,monthly,29.0,348.0,171,0,2,partner,174.0,29.0,6,3425
U029067,0.7364195493922758,1,73.64,High,73.64,High,starter,monthly,29.0,348.0,66,0,1,self-serve,87.0,29.0,3,3426
U016769,0.7359664127266979,1,73.6,High,73.6,High,starter,annual,29.0,348.0,180,0,1,partner,174.0,29.0,6,3427
U027556,0.735778303932525,1,73.58,High,73.58,High,starter,annual,29.0,348.0,128,0,0,sales-assisted,145.0,29.0,5,3428
U007322,0.7356903481534145,1,73.57,High,73.57,High,professional,monthly,79.0,948.0,215,0,0,partner,632.0,79.0,8,3429
U006419,0.7356106764508392,1,73.56,High,73.56,High,professional,annual,79.0,948.0,194,0,0,partner,553.0,79.0,7,3430
U015381,0.7353860830678517,1,73.54,High,73.54,High,starter,monthly,29.0,348.0,414,1,1,self-serve,406.0,29.0,14,3431
U022513,0.7353636874506531,1,73.54,High,73.54,High,professional,annual,79.0,948.0,95,0,0,self-serve,316.0,79.0,4,3432
U014755,0.7353605988942346,1,73.54,High,73.54,High,enterprise,monthly,199.0,2388.0,294,2,0,self-serve,1990.0,199.0,10,3433
U001740,0.7351164624540482,1,73.51,High,73.51,High,professional,monthly,79.0,948.0,162,0,1,self-serve,474.0,79.0,6,3434
U013421,0.7351079136505534,1,73.51,High,73.51,High,starter,monthly,29.0,348.0,73,0,1,sales-assisted,87.0,29.0,3,3435
U006302,0.735033192370657,1,73.5,High,73.5,High,professional,monthly,79.0,948.0,179,2,0,self-serve,474.0,79.0,6,3436
U001537,0.735033192370657,1,73.5,High,73.5,High,professional,monthly,79.0,948.0,179,2,0,self-serve,474.0,79.0,6,3437
U026142,0.7348911361722804,1,73.49,High,73.49,High,professional,annual,79.0,948.0,61,0,0,self-serve,237.0,79.0,3,3438
U003425,0.7348911361722804,1,73.49,High,73.49,High,professional,annual,79.0,948.0,61,0,0,self-serve,237.0,79.0,3,3439
U017131,0.7348882068570028,1,73.49,High,73.49,High,starter,annual,29.0,348.0,161,0,0,self-serve,174.0,29.0,6,3440
U003427,0.7348322378339791,1,73.48,High,73.48,High,starter,monthly,29.0,348.0,135,0,1,self-serve,145.0,29.0,5,3441
U005017,0.7348322378339791,1,73.48,High,73.48,High,starter,monthly,29.0,348.0,135,0,1,self-serve,145.0,29.0,5,3442
U020299,0.7347711957727521,1,73.48,High,73.48,High,enterprise,monthly,199.0,2388.0,93,0,1,self-serve,796.0,199.0,4,3443
U006376,0.7346807764169161,1,73.47,High,73.47,High,starter,monthly,29.0,348.0,399,1,0,self-serve,406.0,29.0,14,3444
U003279,0.7346673930175646,1,73.47,High,73.47,High,starter,monthly,29.0,348.0,175,0,0,sales-assisted,203.0,29.0,7,3445
U024244,0.7345818272800506,1,73.46,High,73.46,High,enterprise,monthly,199.0,2388.0,246,2,0,self-serve,1791.0,199.0,9,3446
U029151,0.7345818272800506,1,73.46,High,73.46,High,enterprise,monthly,199.0,2388.0,246,2,0,self-serve,1791.0,199.0,9,3447
U012875,0.7345200128000371,1,73.45,High,73.45,High,enterprise,monthly,199.0,2388.0,39,3,0,self-serve,398.0,199.0,2,3448
U002852,0.7344719257029365,1,73.45,High,73.45,High,starter,monthly,29.0,348.0,107,0,1,sales-assisted,145.0,29.0,5,3449
U024237,0.734413062396041,1,73.44,High,73.44,High,professional,monthly,79.0,948.0,217,1,1,self-serve,632.0,79.0,8,3450
U006874,0.73429148907247,1,73.43,High,73.43,High,starter,monthly,29.0,348.0,104,1,1,self-serve,116.0,29.0,4,3451
U003212,0.7342429244143645,1,73.42,High,73.42,High,professional,monthly,79.0,948.0,237,2,0,self-serve,632.0,79.0,8,3452
U029052,0.7339954179045763,1,73.4,High,73.4,High,starter,monthly,29.0,348.0,351,0,0,self-serve,348.0,29.0,12,3453
U005123,0.7339954179045763,1,73.4,High,73.4,High,starter,monthly,29.0,348.0,351,0,0,self-serve,348.0,29.0,12,3454
U018735,0.7338462150707538,1,73.38,High,73.38,High,professional,monthly,79.0,948.0,432,0,0,self-serve,1185.0,79.0,15,3455
U017790,0.7336668539886632,1,73.37,High,73.37,High,professional,monthly,79.0,948.0,22,0,1,self-serve,79.0,79.0,1,3456
U002838,0.7334568842573242,1,73.35,High,73.35,High,starter,annual,29.0,348.0,38,0,0,sales-assisted,58.0,29.0,2,3457
U007996,0.7334417357470666,1,73.34,High,73.34,High,professional,monthly,79.0,948.0,228,0,0,partner,632.0,79.0,8,3458
U017189,0.733400869932726,1,73.34,High,73.34,High,professional,monthly,79.0,948.0,330,0,0,self-serve,869.0,79.0,11,3459
U000941,0.7331324128816057,1,73.31,High,73.31,High,starter,monthly,29.0,348.0,48,2,0,self-serve,58.0,29.0,2,3460
U027181,0.7331012055725468,1,73.31,High,73.31,High,professional,monthly,79.0,948.0,42,0,1,partner,158.0,79.0,2,3461
U022897,0.7330445280238588,1,73.3,High,73.3,High,professional,annual,79.0,948.0,158,1,0,sales-assisted,474.0,79.0,6,3462
U017851,0.7328388066677624,1,73.28,High,73.28,High,starter,monthly,29.0,348.0,111,0,0,self-serve,116.0,29.0,4,3463
U006090,0.732817585372708,1,73.28,High,73.28,High,starter,monthly,29.0,348.0,27,0,0,sales-assisted,29.0,29.0,1,3464
U027176,0.7327297874083297,1,73.27,High,73.27,High,starter,annual,29.0,348.0,48,0,0,self-serve,58.0,29.0,2,3465
U009354,0.7326632176766018,1,73.27,High,73.27,High,starter,annual,29.0,348.0,129,1,0,sales-assisted,145.0,29.0,5,3466
U010895,0.7320423498798146,1,73.2,High,73.2,High,professional,monthly,79.0,948.0,180,2,0,self-serve,474.0,79.0,6,3467
U020978,0.7320208922454308,1,73.2,High,73.2,High,professional,monthly,79.0,948.0,430,0,0,self-serve,1185.0,79.0,15,3468
U019284,0.7319313156779494,1,73.19,High,73.19,High,professional,annual,79.0,948.0,118,0,0,partner,316.0,79.0,4,3469
U006270,0.7318973311354625,1,73.19,High,73.19,High,starter,monthly,29.0,348.0,169,1,0,self-serve,174.0,29.0,6,3470
U001548,0.731754184663728,1,73.18,High,73.18,High,starter,monthly,29.0,348.0,488,0,0,sales-assisted,493.0,29.0,17,3471
U005408,0.7315610324110989,1,73.16,High,73.16,High,starter,monthly,29.0,348.0,183,0,0,self-serve,203.0,29.0,7,3472
U021529,0.7315258499614969,1,73.15,High,73.15,High,professional,monthly,79.0,948.0,541,0,0,self-serve,1501.0,79.0,19,3473
U007366,0.7314213307435176,1,73.14,High,73.14,High,starter,monthly,29.0,348.0,111,1,0,sales-assisted,116.0,29.0,4,3474
U008949,0.7314134247635964,1,73.14,High,73.14,High,starter,monthly,29.0,348.0,176,0,0,sales-assisted,203.0,29.0,7,3475
U003010,0.731327640980109,1,73.13,High,73.13,High,enterprise,annual,199.0,2388.0,168,1,1,self-serve,1194.0,199.0,6,3476
U015959,0.7311342410549561,1,73.11,High,73.11,High,starter,monthly,29.0,348.0,64,2,1,sales-assisted,87.0,29.0,3,3477
U004068,0.7310664260416848,1,73.11,High,73.11,High,starter,annual,29.0,348.0,133,1,1,self-serve,145.0,29.0,5,3478
U007358,0.7310600061255222,1,73.11,High,73.11,High,starter,monthly,29.0,348.0,263,1,1,self-serve,261.0,29.0,9,3479
U020912,0.731040971992198,1,73.1,High,73.1,High,starter,annual,29.0,348.0,307,1,0,self-serve,319.0,29.0,11,3480
U001811,0.7309688793864441,1,73.1,High,73.1,High,starter,monthly,29.0,348.0,149,1,1,sales-assisted,145.0,29.0,5,3481
U014396,0.7309530666089552,1,73.1,High,73.1,High,enterprise,annual,199.0,2388.0,31,2,0,self-serve,398.0,199.0,2,3482
U007017,0.7309426802040329,1,73.09,High,73.09,High,professional,annual,79.0,948.0,103,0,0,sales-assisted,316.0,79.0,4,3483
U000010,0.7308853720512856,1,73.09,High,73.09,High,professional,monthly,79.0,948.0,248,0,0,self-serve,711.0,79.0,9,3484
U029661,0.7308853720512856,1,73.09,High,73.09,High,professional,monthly,79.0,948.0,248,0,0,self-serve,711.0,79.0,9,3485
U006351,0.7308717208234851,1,73.09,High,73.09,High,enterprise,annual,199.0,2388.0,355,1,0,partner,2388.0,199.0,12,3486
U002449,0.730787366042187,1,73.08,High,73.08,High,starter,monthly,29.0,348.0,63,1,0,sales-assisted,87.0,29.0,3,3487
U015228,0.7307164876887093,1,73.07,High,73.07,High,starter,monthly,29.0,348.0,457,1,0,sales-assisted,464.0,29.0,16,3488
U008246,0.7306487873663551,1,73.06,High,73.06,High,starter,monthly,29.0,348.0,49,1,0,self-serve,58.0,29.0,2,3489
U008824,0.7306129563134708,1,73.06,High,73.06,High,professional,monthly,79.0,948.0,156,2,0,self-serve,474.0,79.0,6,3490
U000266,0.7302946458232991,1,73.03,High,73.03,High,starter,annual,29.0,348.0,246,0,0,partner,261.0,29.0,9,3491
U006119,0.7301836284653238,1,73.02,High,73.02,High,professional,monthly,79.0,948.0,75,1,1,sales-assisted,237.0,79.0,3,3492
U015511,0.7301651322155678,1,73.02,High,73.02,High,enterprise,monthly,199.0,2388.0,189,0,1,self-serve,1592.0,199.0,8,3493
U014879,0.730105729755799,1,73.01,High,73.01,High,starter,monthly,29.0,348.0,444,1,1,sales-assisted,435.0,29.0,15,3494
U024452,0.7299288253053319,1,72.99,High,72.99,High,professional,monthly,79.0,948.0,159,1,0,self-serve,474.0,79.0,6,3495
U027919,0.7297766175285351,1,72.98,High,72.98,High,starter,monthly,29.0,348.0,372,1,0,self-serve,377.0,29.0,13,3496
U017887,0.7295844271053161,1,72.96,High,72.96,High,starter,annual,29.0,348.0,307,0,0,sales-assisted,319.0,29.0,11,3497
U003087,0.7295553337854591,1,72.96,High,72.96,High,professional,monthly,79.0,948.0,278,4,0,self-serve,790.0,79.0,10,3498
U025902,0.7294533998994117,1,72.95,High,72.95,High,starter,monthly,29.0,348.0,37,2,0,self-serve,58.0,29.0,2,3499
U024471,0.729175567442553,1,72.92,High,72.92,High,starter,monthly,29.0,348.0,96,0,0,self-serve,116.0,29.0,4,3500
U023254,0.7288887082155552,1,72.89,High,72.89,High,professional,monthly,79.0,948.0,106,0,1,sales-assisted,316.0,79.0,4,3501
U028453,0.7288339411376145,1,72.88,High,72.88,High,starter,annual,29.0,348.0,228,0,0,self-serve,232.0,29.0,8,3502
U003563,0.7287787402238675,1,72.88,High,72.88,High,professional,monthly,79.0,948.0,278,2,0,self-serve,790.0,79.0,10,3503
U005732,0.7287787402238675,1,72.88,High,72.88,High,professional,monthly,79.0,948.0,278,2,0,self-serve,790.0,79.0,10,3504
U007207,0.728734980251284,1,72.87,High,72.87,High,professional,monthly,79.0,948.0,157,2,0,self-serve,474.0,79.0,6,3505
U029683,0.72863570113191,1,72.86,High,72.86,High,starter,annual,29.0,348.0,79,1,0,self-serve,87.0,29.0,3,3506
U000246,0.7284394835123279,1,72.84,High,72.84,High,starter,monthly,29.0,348.0,217,1,1,sales-assisted,232.0,29.0,8,3507
U002599,0.7283932000757845,1,72.84,High,72.84,High,professional,monthly,79.0,948.0,96,0,1,sales-assisted,316.0,79.0,4,3508
U028343,0.7283369272564494,1,72.83,High,72.83,High,starter,monthly,29.0,348.0,125,2,1,sales-assisted,145.0,29.0,5,3509
U003951,0.7282480271950241,1,72.82,High,72.82,High,starter,annual,29.0,348.0,150,3,0,sales-assisted,145.0,29.0,5,3510
U018639,0.7282429288667289,1,72.82,High,72.82,High,professional,monthly,79.0,948.0,247,1,1,self-serve,711.0,79.0,9,3511
U008134,0.7282396414387572,1,72.82,High,72.82,High,starter,monthly,29.0,348.0,268,0,1,self-serve,261.0,29.0,9,3512
U008378,0.7280093470102057,1,72.8,High,72.8,High,professional,monthly,79.0,948.0,247,1,0,partner,711.0,79.0,9,3513
U016159,0.727978936970215,1,72.8,High,72.8,High,professional,annual,79.0,948.0,182,1,0,self-serve,553.0,79.0,7,3514
U017073,0.7278049104715761,1,72.78,High,72.78,High,professional,annual,79.0,948.0,343,0,0,self-serve,1027.0,79.0,13,3515
U022505,0.7275672484722466,1,72.76,High,72.76,High,starter,monthly,29.0,348.0,270,0,1,self-serve,261.0,29.0,9,3516
U010098,0.7275568876413692,1,72.76,High,72.76,High,starter,monthly,29.0,348.0,321,1,0,self-serve,319.0,29.0,11,3517
U024276,0.7275030234228819,1,72.75,High,72.75,High,starter,monthly,29.0,348.0,50,2,0,self-serve,58.0,29.0,2,3518
U011927,0.7273260845972058,1,72.73,High,72.73,High,starter,monthly,29.0,348.0,37,1,0,self-serve,58.0,29.0,2,3519
U000486,0.7272991918814324,1,72.73,High,72.73,High,professional,monthly,79.0,948.0,474,2,0,self-serve,1343.0,79.0,17,3520
U004641,0.7272523150908102,1,72.73,High,72.73,High,starter,annual,29.0,348.0,66,0,0,self-serve,87.0,29.0,3,3521
U017423,0.7270770294228006,1,72.71,High,72.71,High,starter,annual,29.0,348.0,67,0,0,self-serve,87.0,29.0,3,3522
U020197,0.7269868727110962,1,72.7,High,72.7,High,starter,monthly,29.0,348.0,120,0,1,partner,116.0,29.0,4,3523
U026459,0.7268790719046456,1,72.69,High,72.69,High,starter,monthly,29.0,348.0,27,1,1,self-serve,29.0,29.0,1,3524
U025154,0.7268720129824563,1,72.69,High,72.69,High,starter,monthly,29.0,348.0,192,0,1,self-serve,203.0,29.0,7,3525
U023021,0.7268720129824563,1,72.69,High,72.69,High,starter,monthly,29.0,348.0,192,0,1,self-serve,203.0,29.0,7,3526
U026784,0.7268378016004351,1,72.68,High,72.68,High,enterprise,monthly,199.0,2388.0,169,1,0,self-serve,1194.0,199.0,6,3527
U009822,0.7267326929370076,1,72.67,High,72.67,High,starter,monthly,29.0,348.0,51,0,0,partner,58.0,29.0,2,3528
U001465,0.7265556174911564,1,72.66,High,72.66,High,starter,monthly,29.0,348.0,248,0,0,partner,261.0,29.0,9,3529
U017230,0.7265248763084309,1,72.65,High,72.65,High,professional,monthly,79.0,948.0,275,0,0,self-serve,790.0,79.0,10,3530
U000033,0.7265248763084309,1,72.65,High,72.65,High,professional,monthly,79.0,948.0,275,0,0,self-serve,790.0,79.0,10,3531
U000480,0.7264872790357269,1,72.65,High,72.65,High,starter,monthly,29.0,348.0,199,1,0,self-serve,203.0,29.0,7,3532
U019016,0.7264203211224141,1,72.64,High,72.64,High,professional,annual,79.0,948.0,296,0,0,self-serve,790.0,79.0,10,3533
U006264,0.7263522502802607,1,72.64,High,72.64,High,professional,monthly,79.0,948.0,139,0,3,self-serve,395.0,79.0,5,3534
U022213,0.7263393547477028,1,72.63,High,72.63,High,professional,annual,79.0,948.0,134,0,0,partner,395.0,79.0,5,3535
U000868,0.7263226642292866,1,72.63,High,72.63,High,starter,annual,29.0,348.0,164,0,0,self-serve,174.0,29.0,6,3536
U023678,0.7262101964122629,1,72.62,High,72.62,High,professional,monthly,79.0,948.0,109,0,1,self-serve,316.0,79.0,4,3537
U018078,0.726178352418896,1,72.62,High,72.62,High,starter,monthly,29.0,348.0,386,0,0,self-serve,377.0,29.0,13,3538
U006830,0.726178352418896,1,72.62,High,72.62,High,starter,monthly,29.0,348.0,386,0,0,self-serve,377.0,29.0,13,3539
U014530,0.726145516655017,1,72.61,High,72.61,High,starter,monthly,29.0,348.0,232,0,1,self-serve,232.0,29.0,8,3540
U020296,0.7260422308341693,1,72.6,High,72.6,High,starter,annual,29.0,348.0,189,0,0,self-serve,203.0,29.0,7,3541
U002132,0.7260422308341693,1,72.6,High,72.6,High,starter,annual,29.0,348.0,189,0,0,self-serve,203.0,29.0,7,3542
U020290,0.7259296099444146,1,72.59,High,72.59,High,professional,monthly,79.0,948.0,259,1,0,sales-assisted,711.0,79.0,9,3543
U008511,0.7259278633237036,1,72.59,High,72.59,High,professional,monthly,79.0,948.0,191,1,0,self-serve,553.0,79.0,7,3544
U015194,0.7258859106851868,1,72.59,High,72.59,High,enterprise,monthly,199.0,2388.0,162,2,0,sales-assisted,1194.0,199.0,6,3545
U027585,0.7256774476328005,1,72.57,High,72.57,High,professional,monthly,79.0,948.0,64,0,3,self-serve,237.0,79.0,3,3546
U000696,0.7256317045510108,1,72.56,High,72.56,High,starter,monthly,29.0,348.0,93,0,0,partner,116.0,29.0,4,3547
U005557,0.7256217121104616,1,72.56,High,72.56,High,enterprise,monthly,199.0,2388.0,122,1,1,self-serve,995.0,199.0,5,3548
U002813,0.7255271071564611,1,72.55,High,72.55,High,starter,monthly,29.0,348.0,80,1,0,sales-assisted,87.0,29.0,3,3549
U026050,0.7254803635671051,1,72.55,High,72.55,High,starter,monthly,29.0,348.0,309,0,2,sales-assisted,319.0,29.0,11,3550
U012643,0.7253026200627292,1,72.53,High,72.53,High,professional,monthly,79.0,948.0,253,0,2,partner,711.0,79.0,9,3551
U015076,0.7252288682016678,1,72.52,High,72.52,High,starter,monthly,29.0,348.0,203,1,0,sales-assisted,203.0,29.0,7,3552
U016126,0.7251731065285583,1,72.52,High,72.52,High,professional,monthly,79.0,948.0,348,0,1,self-serve,948.0,79.0,12,3553
U007797,0.7250864270509095,1,72.51,High,72.51,High,starter,monthly,29.0,348.0,271,0,0,self-serve,261.0,29.0,9,3554
U019003,0.725010630020551,1,72.5,High,72.5,High,professional,annual,79.0,948.0,73,1,0,self-serve,237.0,79.0,3,3555
U003568,0.7249176718499583,1,72.49,High,72.49,High,starter,monthly,29.0,348.0,490,0,0,self-serve,493.0,29.0,17,3556
U003455,0.7248419440392989,1,72.48,High,72.48,High,professional,monthly,79.0,948.0,137,0,2,self-serve,395.0,79.0,5,3557
U013498,0.7247733519038287,1,72.48,High,72.48,High,professional,monthly,79.0,948.0,339,0,2,self-serve,948.0,79.0,12,3558
U002826,0.7246294529339733,1,72.46,High,72.46,High,enterprise,monthly,199.0,2388.0,209,1,1,self-serve,1393.0,199.0,7,3559
U000825,0.7245187996202007,1,72.45,High,72.45,High,professional,monthly,79.0,948.0,200,0,0,sales-assisted,553.0,79.0,7,3560
U020914,0.7244520947378706,1,72.45,High,72.45,High,starter,monthly,29.0,348.0,233,0,0,self-serve,232.0,29.0,8,3561
U001739,0.7244520947378706,1,72.45,High,72.45,High,starter,monthly,29.0,348.0,233,0,0,self-serve,232.0,29.0,8,3562
U028661,0.7244520947378706,1,72.45,High,72.45,High,starter,monthly,29.0,348.0,233,0,0,self-serve,232.0,29.0,8,3563
U018162,0.7243790525824971,1,72.44,High,72.44,High,professional,monthly,79.0,948.0,123,1,1,self-serve,395.0,79.0,5,3564
U007056,0.7243097349051193,1,72.43,High,72.43,High,starter,annual,29.0,348.0,131,2,2,self-serve,145.0,29.0,5,3565
U021635,0.7241160765336232,1,72.41,High,72.41,High,starter,annual,29.0,348.0,48,3,0,self-serve,58.0,29.0,2,3566
U008665,0.7240713593449835,1,72.41,High,72.41,High,professional,monthly,79.0,948.0,68,2,0,sales-assisted,237.0,79.0,3,3567
U010714,0.7237391954760514,1,72.37,High,72.37,High,starter,monthly,29.0,348.0,524,1,0,sales-assisted,522.0,29.0,18,3568
U014038,0.7236012925893127,1,72.36,High,72.36,High,professional,monthly,79.0,948.0,437,0,1,sales-assisted,1185.0,79.0,15,3569
U017936,0.7231882199805065,1,72.32,High,72.32,High,professional,monthly,79.0,948.0,501,0,0,partner,1343.0,79.0,17,3570
U008154,0.723180926593458,1,72.32,High,72.32,High,starter,annual,29.0,348.0,308,0,0,self-serve,319.0,29.0,11,3571
U019849,0.7231756032796128,1,72.32,High,72.32,High,starter,monthly,29.0,348.0,87,2,0,sales-assisted,87.0,29.0,3,3572
U002994,0.723172603219624,1,72.32,High,72.32,High,enterprise,monthly,199.0,2388.0,491,1,0,sales-assisted,3383.0,199.0,17,3573
U003660,0.7230708546536442,1,72.31,High,72.31,High,professional,monthly,79.0,948.0,315,0,1,partner,869.0,79.0,11,3574
U025209,0.7230365789151357,1,72.3,High,72.3,High,starter,monthly,29.0,348.0,135,0,1,self-serve,145.0,29.0,5,3575
U001618,0.7228588508049687,1,72.29,High,72.29,High,starter,monthly,29.0,348.0,126,2,0,self-serve,145.0,29.0,5,3576
U022064,0.7228588508049687,1,72.29,High,72.29,High,starter,monthly,29.0,348.0,126,2,0,self-serve,145.0,29.0,5,3577
U016467,0.7228417195473329,1,72.28,High,72.28,High,starter,monthly,29.0,348.0,111,1,2,self-serve,116.0,29.0,4,3578
U005193,0.7225267185773455,1,72.25,High,72.25,High,enterprise,annual,199.0,2388.0,681,0,0,self-serve,4776.0,199.0,24,3579
U007663,0.7223919259528468,1,72.24,High,72.24,High,starter,annual,29.0,348.0,392,0,1,sales-assisted,377.0,29.0,13,3580
U025178,0.7222049791067489,1,72.22,High,72.22,High,starter,monthly,29.0,348.0,106,1,0,self-serve,116.0,29.0,4,3581
U009145,0.7221901666887186,1,72.22,High,72.22,High,professional,monthly,79.0,948.0,128,0,1,self-serve,395.0,79.0,5,3582
U012845,0.7221361435607421,1,72.21,High,72.21,High,starter,monthly,29.0,348.0,225,2,0,partner,232.0,29.0,8,3583
U029828,0.7220078267208613,1,72.2,High,72.2,High,professional,monthly,79.0,948.0,480,0,0,sales-assisted,1343.0,79.0,17,3584
U022036,0.7219736964324726,1,72.2,High,72.2,High,starter,annual,29.0,348.0,287,2,0,self-serve,290.0,29.0,10,3585
U017539,0.7219337494719725,1,72.19,High,72.19,High,professional,monthly,79.0,948.0,76,0,1,self-serve,237.0,79.0,3,3586
U018844,0.7218991421086537,1,72.19,High,72.19,High,starter,monthly,29.0,348.0,288,1,2,sales-assisted,319.0,29.0,11,3587
U006577,0.7217595076067059,1,72.18,High,72.18,High,starter,monthly,29.0,348.0,244,3,0,partner,261.0,29.0,9,3588
U024676,0.7217478590924964,1,72.17,High,72.17,High,enterprise,annual,199.0,2388.0,130,3,2,sales-assisted,1194.0,199.0,6,3589
U019341,0.7216973826470076,1,72.17,High,72.17,High,enterprise,monthly,199.0,2388.0,198,0,0,self-serve,1393.0,199.0,7,3590
U026897,0.7216723835800839,1,72.17,High,72.17,High,professional,monthly,79.0,948.0,445,2,0,self-serve,1264.0,79.0,16,3591
U007099,0.7216221994138794,1,72.16,High,72.16,High,professional,monthly,79.0,948.0,125,1,1,self-serve,395.0,79.0,5,3592
U017144,0.7216150040136871,1,72.16,High,72.16,High,enterprise,monthly,199.0,2388.0,97,1,0,self-serve,796.0,199.0,4,3593
U018981,0.7215023442941958,1,72.15,High,72.15,High,starter,monthly,29.0,348.0,283,4,0,sales-assisted,290.0,29.0,10,3594
U024043,0.7212860073504456,1,72.13,High,72.13,High,starter,monthly,29.0,348.0,254,1,0,self-serve,261.0,29.0,9,3595
U002493,0.7211569521057956,1,72.12,High,72.12,High,starter,monthly,29.0,348.0,170,2,0,self-serve,174.0,29.0,6,3596
U007116,0.7209104748150907,1,72.09,High,72.09,High,enterprise,monthly,199.0,2388.0,405,0,0,self-serve,2985.0,199.0,15,3597
U008374,0.720902727350132,1,72.09,High,72.09,High,starter,monthly,29.0,348.0,257,1,0,sales-assisted,261.0,29.0,9,3598
U014724,0.7208862871610642,1,72.09,High,72.09,High,professional,monthly,79.0,948.0,320,1,0,self-serve,869.0,79.0,11,3599
U027818,0.7208862871610642,1,72.09,High,72.09,High,professional,monthly,79.0,948.0,320,1,0,self-serve,869.0,79.0,11,3600
U019025,0.7208592794927662,1,72.09,High,72.09,High,enterprise,annual,199.0,2388.0,568,1,0,sales-assisted,3980.0,199.0,20,3601
U017870,0.7207549815035333,1,72.08,High,72.08,High,professional,monthly,79.0,948.0,129,0,1,self-serve,395.0,79.0,5,3602
U025645,0.7206907904505527,1,72.07,High,72.07,High,starter,monthly,29.0,348.0,528,1,1,partner,522.0,29.0,18,3603
U009045,0.7205694893553042,1,72.06,High,72.06,High,professional,monthly,79.0,948.0,50,0,1,sales-assisted,158.0,79.0,2,3604
U021424,0.7205163132475999,1,72.05,High,72.05,High,enterprise,monthly,199.0,2388.0,162,1,0,self-serve,1194.0,199.0,6,3605
U019476,0.7201910222371531,1,72.02,High,72.02,High,starter,monthly,29.0,348.0,348,0,0,partner,348.0,29.0,12,3606
U017494,0.7201685956611231,1,72.02,High,72.02,High,professional,monthly,79.0,948.0,28,1,0,sales-assisted,79.0,79.0,1,3607
U029902,0.7199614175831097,1,72.0,High,72.0,High,professional,monthly,79.0,948.0,91,1,0,self-serve,237.0,79.0,3,3608
U029248,0.7199436433503572,1,71.99,High,71.99,High,starter,annual,29.0,348.0,248,0,0,self-serve,261.0,29.0,9,3609
U012514,0.7199262777998297,1,71.99,High,71.99,High,professional,monthly,79.0,948.0,127,0,1,self-serve,395.0,79.0,5,3610
U012729,0.7196631948126982,1,71.97,High,71.97,High,starter,annual,29.0,348.0,75,0,1,sales-assisted,87.0,29.0,3,3611
U025187,0.7195042250609682,1,71.95,High,71.95,High,professional,annual,79.0,948.0,146,3,0,sales-assisted,395.0,79.0,5,3612
U003229,0.7194195960231722,1,71.94,High,71.94,High,professional,monthly,79.0,948.0,98,1,1,sales-assisted,316.0,79.0,4,3613
U007266,0.7194063217181301,1,71.94,High,71.94,High,starter,monthly,29.0,348.0,107,1,0,self-serve,116.0,29.0,4,3614
U012854,0.719198466555645,1,71.92,High,71.92,High,professional,monthly,79.0,948.0,244,4,1,self-serve,711.0,79.0,9,3615
U018968,0.7191407565098383,1,71.91,High,71.91,High,starter,monthly,29.0,348.0,107,1,1,self-serve,116.0,29.0,4,3616
U009926,0.7190413258611016,1,71.9,High,71.9,High,starter,monthly,29.0,348.0,320,1,0,self-serve,319.0,29.0,11,3617
U002781,0.7188747976754024,1,71.89,High,71.89,High,starter,annual,29.0,348.0,103,0,1,self-serve,116.0,29.0,4,3618
U011336,0.7187920181744101,1,71.88,High,71.88,High,starter,monthly,29.0,348.0,343,0,0,sales-assisted,348.0,29.0,12,3619
U008484,0.7178414703056335,1,71.78,High,71.78,High,professional,monthly,79.0,948.0,216,2,0,self-serve,632.0,79.0,8,3620
U004207,0.7177796558469733,1,71.78,High,71.78,High,starter,monthly,29.0,348.0,36,3,0,self-serve,58.0,29.0,2,3621
U000321,0.7176728831562672,1,71.77,High,71.77,High,professional,monthly,79.0,948.0,274,2,1,self-serve,790.0,79.0,10,3622
U024480,0.7172655369975309,1,71.73,High,71.73,High,professional,monthly,79.0,948.0,578,1,0,partner,1580.0,79.0,20,3623
U009893,0.7172314525340888,1,71.72,High,71.72,High,starter,monthly,29.0,348.0,38,1,0,self-serve,58.0,29.0,2,3624
U016368,0.7171677598000318,1,71.72,High,71.72,High,professional,monthly,79.0,948.0,98,0,1,sales-assisted,316.0,79.0,4,3625
U029163,0.7171540989408074,1,71.72,High,71.72,High,starter,monthly,29.0,348.0,263,1,0,self-serve,261.0,29.0,9,3626
U001144,0.7171540989408074,1,71.72,High,71.72,High,starter,monthly,29.0,348.0,263,1,0,self-serve,261.0,29.0,9,3627
U019810,0.7171486110007096,1,71.71,High,71.71,High,professional,monthly,79.0,948.0,30,0,0,sales-assisted,79.0,79.0,1,3628
U012366,0.7171280962838207,1,71.71,High,71.71,High,starter,monthly,29.0,348.0,256,0,0,sales-assisted,261.0,29.0,9,3629
U008873,0.7171180648573962,1,71.71,High,71.71,High,professional,monthly,79.0,948.0,145,0,0,self-serve,395.0,79.0,5,3630
U002137,0.7171180648573962,1,71.71,High,71.71,High,professional,monthly,79.0,948.0,145,0,0,self-serve,395.0,79.0,5,3631
U015238,0.7170424187978115,1,71.7,High,71.7,High,starter,monthly,29.0,348.0,132,0,2,self-serve,145.0,29.0,5,3632
U016859,0.717031704788677,1,71.7,High,71.7,High,professional,annual,79.0,948.0,190,1,0,sales-assisted,553.0,79.0,7,3633
U017859,0.7168937704441031,1,71.69,High,71.69,High,professional,monthly,79.0,948.0,326,0,1,self-serve,869.0,79.0,11,3634
U009111,0.7168522673836345,1,71.69,High,71.69,High,enterprise,annual,199.0,2388.0,92,0,0,sales-assisted,796.0,199.0,4,3635
U013801,0.7167216459349292,1,71.67,High,71.67,High,starter,monthly,29.0,348.0,131,1,1,sales-assisted,145.0,29.0,5,3636
U022364,0.716624010369585,1,71.66,High,71.66,High,professional,monthly,79.0,948.0,312,0,0,self-serve,869.0,79.0,11,3637
U000939,0.716624010369585,1,71.66,High,71.66,High,professional,monthly,79.0,948.0,312,0,0,self-serve,869.0,79.0,11,3638
U007831,0.716624010369585,1,71.66,High,71.66,High,professional,monthly,79.0,948.0,312,0,0,self-serve,869.0,79.0,11,3639
U001342,0.716624010369585,1,71.66,High,71.66,High,professional,monthly,79.0,948.0,312,0,0,self-serve,869.0,79.0,11,3640
U008146,0.7164238568688117,1,71.64,High,71.64,High,professional,monthly,79.0,948.0,39,2,0,self-serve,158.0,79.0,2,3641
U015352,0.7163575301446986,1,71.64,High,71.64,High,starter,annual,29.0,348.0,166,1,0,self-serve,174.0,29.0,6,3642
U014699,0.7163575301446986,1,71.64,High,71.64,High,starter,annual,29.0,348.0,166,1,0,self-serve,174.0,29.0,6,3643
U022411,0.7163328398386333,1,71.63,High,71.63,High,professional,monthly,79.0,948.0,47,0,1,sales-assisted,158.0,79.0,2,3644
U012614,0.7161744393136567,1,71.62,High,71.62,High,professional,monthly,79.0,948.0,311,0,0,self-serve,869.0,79.0,11,3645
U019422,0.7161744393136567,1,71.62,High,71.62,High,professional,monthly,79.0,948.0,311,0,0,self-serve,869.0,79.0,11,3646
U028160,0.7160104376721157,1,71.6,High,71.6,High,starter,monthly,29.0,348.0,363,0,0,self-serve,348.0,29.0,12,3647
U016273,0.7159867318077793,1,71.6,High,71.6,High,enterprise,monthly,199.0,2388.0,348,0,1,sales-assisted,2388.0,199.0,12,3648
U015756,0.7159670806601748,1,71.6,High,71.6,High,starter,monthly,29.0,348.0,375,1,0,self-serve,377.0,29.0,13,3649
U024807,0.7158116449222481,1,71.58,High,71.58,High,starter,monthly,29.0,348.0,35,1,1,sales-assisted,58.0,29.0,2,3650
U014235,0.715741457120984,1,71.57,High,71.57,High,professional,monthly,79.0,948.0,169,0,1,sales-assisted,474.0,79.0,6,3651
U004866,0.7157204071580189,1,71.57,High,71.57,High,starter,annual,29.0,348.0,243,2,0,sales-assisted,261.0,29.0,9,3652
U010952,0.7156834825389546,1,71.57,High,71.57,High,starter,annual,29.0,348.0,144,0,0,sales-assisted,145.0,29.0,5,3653
U026274,0.715583793336931,1,71.56,High,71.56,High,professional,annual,79.0,948.0,122,2,0,self-serve,395.0,79.0,5,3654
U003125,0.7154431995724794,1,71.54,High,71.54,High,professional,monthly,79.0,948.0,327,0,1,self-serve,869.0,79.0,11,3655
U001697,0.7154374572492657,1,71.54,High,71.54,High,starter,monthly,29.0,348.0,105,1,0,self-serve,116.0,29.0,4,3656
U011579,0.7154167275981654,1,71.54,High,71.54,High,enterprise,annual,199.0,2388.0,156,0,1,sales-assisted,1393.0,199.0,7,3657
U028771,0.7151143576529005,1,71.51,High,71.51,High,professional,monthly,79.0,948.0,64,0,1,self-serve,237.0,79.0,3,3658
U012292,0.7150080378899248,1,71.5,High,71.5,High,starter,annual,29.0,348.0,207,1,2,self-serve,203.0,29.0,7,3659
U004842,0.7149011142208899,1,71.49,High,71.49,High,starter,monthly,29.0,348.0,319,1,0,self-serve,319.0,29.0,11,3660
U004151,0.7148146474761162,1,71.48,High,71.48,High,starter,monthly,29.0,348.0,192,1,0,self-serve,203.0,29.0,7,3661
U029223,0.7145076298844487,1,71.45,High,71.45,High,enterprise,annual,199.0,2388.0,130,1,1,sales-assisted,995.0,199.0,5,3662
U009410,0.7141498525208132,1,71.41,High,71.41,High,starter,monthly,29.0,348.0,353,1,1,self-serve,348.0,29.0,12,3663
U005951,0.7140853482928642,1,71.41,High,71.41,High,professional,annual,79.0,948.0,156,2,2,sales-assisted,474.0,79.0,6,3664
U018458,0.7139350635255663,1,71.39,High,71.39,High,professional,monthly,79.0,948.0,375,1,1,sales-assisted,1027.0,79.0,13,3665
U011380,0.7139233693849688,1,71.39,High,71.39,High,starter,annual,29.0,348.0,339,1,0,partner,348.0,29.0,12,3666
U005061,0.7139043123660578,1,71.39,High,71.39,High,enterprise,monthly,199.0,2388.0,191,0,0,self-serve,1393.0,199.0,7,3667
U010720,0.7136399800672654,1,71.36,High,71.36,High,professional,monthly,79.0,948.0,165,0,2,self-serve,474.0,79.0,6,3668
U008388,0.7135526278466334,1,71.36,High,71.36,High,enterprise,monthly,199.0,2388.0,250,1,0,sales-assisted,1791.0,199.0,9,3669
U005221,0.7134973933510524,1,71.35,High,71.35,High,starter,monthly,29.0,348.0,44,1,0,sales-assisted,58.0,29.0,2,3670
U005075,0.7133657973649201,1,71.34,High,71.34,High,professional,monthly,79.0,948.0,189,0,0,partner,553.0,79.0,7,3671
U012520,0.713260151282144,1,71.33,High,71.33,High,professional,monthly,79.0,948.0,58,1,1,sales-assisted,158.0,79.0,2,3672
U010413,0.7132344088587572,1,71.32,High,71.32,High,starter,monthly,29.0,348.0,353,2,1,sales-assisted,348.0,29.0,12,3673
U026148,0.713124851251908,1,71.31,High,71.31,High,starter,monthly,29.0,348.0,67,1,0,partner,87.0,29.0,3,3674
U008813,0.7130697634073105,1,71.31,High,71.31,High,professional,annual,79.0,948.0,64,1,1,sales-assisted,237.0,79.0,3,3675
U017510,0.7130299208147393,1,71.3,High,71.3,High,professional,monthly,79.0,948.0,196,0,1,partner,553.0,79.0,7,3676
U019619,0.7127946163706418,1,71.28,High,71.28,High,starter,monthly,29.0,348.0,55,1,0,self-serve,58.0,29.0,2,3677
U029829,0.7125528809546565,1,71.26,High,71.26,High,professional,monthly,79.0,948.0,105,0,0,self-serve,316.0,79.0,4,3678
U009834,0.7125528809546565,1,71.26,High,71.26,High,professional,monthly,79.0,948.0,105,0,0,self-serve,316.0,79.0,4,3679
U019521,0.7125298196904637,1,71.25,High,71.25,High,professional,monthly,79.0,948.0,167,2,1,self-serve,474.0,79.0,6,3680
U000993,0.7124942077751697,1,71.25,High,71.25,High,professional,monthly,79.0,948.0,134,1,1,self-serve,395.0,79.0,5,3681
U014000,0.7122602481063001,1,71.23,High,71.23,High,starter,monthly,29.0,348.0,378,0,0,sales-assisted,377.0,29.0,13,3682
U019085,0.7122176843595441,1,71.22,High,71.22,High,starter,annual,29.0,348.0,35,1,0,self-serve,58.0,29.0,2,3683
U016673,0.7122059158216406,1,71.22,High,71.22,High,starter,monthly,29.0,348.0,24,1,0,sales-assisted,29.0,29.0,1,3684
U010287,0.7121295293077693,1,71.21,High,71.21,High,starter,monthly,29.0,348.0,337,1,1,sales-assisted,348.0,29.0,12,3685
U018728,0.7119779822517259,1,71.2,High,71.2,High,professional,monthly,79.0,948.0,38,3,1,sales-assisted,158.0,79.0,2,3686
U006326,0.7119448602024009,1,71.19,High,71.19,High,starter,monthly,29.0,348.0,40,2,1,self-serve,58.0,29.0,2,3687
U002075,0.7116911415507043,1,71.17,High,71.17,High,professional,monthly,79.0,948.0,160,1,0,self-serve,474.0,79.0,6,3688
U025773,0.7116781529050857,1,71.17,High,71.17,High,starter,monthly,29.0,348.0,261,1,0,self-serve,261.0,29.0,9,3689
U021839,0.711461448410521,1,71.15,High,71.15,High,starter,monthly,29.0,348.0,410,2,0,self-serve,406.0,29.0,14,3690
U002310,0.7114546871754399,1,71.15,High,71.15,High,starter,monthly,29.0,348.0,299,1,1,self-serve,290.0,29.0,10,3691
U018097,0.7114150557749077,1,71.14,High,71.14,High,starter,monthly,29.0,348.0,136,1,1,sales-assisted,145.0,29.0,5,3692
U003196,0.7114023738421622,1,71.14,High,71.14,High,starter,monthly,29.0,348.0,248,2,0,self-serve,261.0,29.0,9,3693
U029013,0.7114023738421622,1,71.14,High,71.14,High,starter,monthly,29.0,348.0,248,2,0,self-serve,261.0,29.0,9,3694
U029286,0.7113477743417893,1,71.13,High,71.13,High,professional,monthly,79.0,948.0,274,0,2,self-serve,790.0,79.0,10,3695
U017643,0.7113188446136718,1,71.13,High,71.13,High,starter,monthly,29.0,348.0,105,1,1,partner,116.0,29.0,4,3696
U003715,0.7112174873697373,1,71.12,High,71.12,High,starter,monthly,29.0,348.0,291,1,0,self-serve,290.0,29.0,10,3697
U024976,0.7111278791512655,1,71.11,High,71.11,High,professional,monthly,79.0,948.0,162,2,1,self-serve,474.0,79.0,6,3698
U001953,0.7108772782666721,1,71.09,High,71.09,High,professional,monthly,79.0,948.0,182,1,0,self-serve,553.0,79.0,7,3699
U023044,0.7108772782666721,1,71.09,High,71.09,High,professional,monthly,79.0,948.0,182,1,0,self-serve,553.0,79.0,7,3700
U008611,0.7108603183133217,1,71.09,High,71.09,High,starter,monthly,29.0,348.0,463,0,0,self-serve,464.0,29.0,16,3701
U021846,0.7108603183133217,1,71.09,High,71.09,High,starter,monthly,29.0,348.0,463,0,0,self-serve,464.0,29.0,16,3702
U026660,0.710784629003921,1,71.08,High,71.08,High,professional,monthly,79.0,948.0,246,1,0,sales-assisted,711.0,79.0,9,3703
U020280,0.7107210022628486,1,71.07,High,71.07,High,professional,monthly,79.0,948.0,100,0,1,sales-assisted,316.0,79.0,4,3704
U005211,0.7107001939443468,1,71.07,High,71.07,High,professional,monthly,79.0,948.0,125,0,0,sales-assisted,395.0,79.0,5,3705
U018402,0.7105993781720866,1,71.06,High,71.06,High,professional,monthly,79.0,948.0,279,0,0,self-serve,790.0,79.0,10,3706
U013603,0.7105229082422412,1,71.05,High,71.05,High,starter,annual,29.0,348.0,344,0,0,self-serve,348.0,29.0,12,3707
U017028,0.7104566169091797,1,71.05,High,71.05,High,professional,monthly,79.0,948.0,247,0,1,sales-assisted,711.0,79.0,9,3708
U016921,0.7103179823710994,1,71.03,High,71.03,High,starter,monthly,29.0,348.0,161,2,0,partner,174.0,29.0,6,3709
U009084,0.7102751359097915,1,71.03,High,71.03,High,professional,monthly,79.0,948.0,191,1,1,sales-assisted,553.0,79.0,7,3710
U023417,0.7102511162387183,1,71.03,High,71.03,High,professional,monthly,79.0,948.0,460,2,0,sales-assisted,1264.0,79.0,16,3711
U019503,0.7102511162387183,1,71.03,High,71.03,High,professional,monthly,79.0,948.0,460,2,0,sales-assisted,1264.0,79.0,16,3712
U012217,0.7102120740383001,1,71.02,High,71.02,High,starter,annual,29.0,348.0,309,1,0,self-serve,319.0,29.0,11,3713
U015612,0.7101930043162915,1,71.02,High,71.02,High,professional,monthly,79.0,948.0,282,1,0,sales-assisted,790.0,79.0,10,3714
U014328,0.7099534149891833,1,71.0,High,71.0,High,professional,monthly,79.0,948.0,259,0,0,self-serve,711.0,79.0,9,3715
U028242,0.7099157172087293,1,70.99,High,70.99,High,professional,annual,79.0,948.0,460,0,0,self-serve,1264.0,79.0,16,3716
U029177,0.7098613701866044,1,70.99,High,70.99,High,enterprise,annual,199.0,2388.0,622,1,1,sales-assisted,4179.0,199.0,21,3717
U008041,0.7095895108723557,1,70.96,High,70.96,High,starter,annual,29.0,348.0,72,3,0,sales-assisted,87.0,29.0,3,3718
U006685,0.7094721172101953,1,70.95,High,70.95,High,starter,monthly,29.0,348.0,111,0,1,sales-assisted,116.0,29.0,4,3719
U008267,0.7094542219590861,1,70.95,High,70.95,High,starter,annual,29.0,348.0,185,0,0,self-serve,203.0,29.0,7,3720
U027652,0.709403750056892,1,70.94,High,70.94,High,professional,annual,79.0,948.0,96,0,0,self-serve,316.0,79.0,4,3721
U022912,0.7093943395929504,1,70.94,High,70.94,High,starter,monthly,29.0,348.0,111,2,0,self-serve,116.0,29.0,4,3722
U012981,0.709385318450667,1,70.94,High,70.94,High,starter,monthly,29.0,348.0,105,2,0,self-serve,116.0,29.0,4,3723
U018160,0.7092423130117873,1,70.92,High,70.92,High,starter,annual,29.0,348.0,65,1,0,self-serve,87.0,29.0,3,3724
U025917,0.7091763651895886,1,70.92,High,70.92,High,enterprise,monthly,199.0,2388.0,306,0,0,sales-assisted,2189.0,199.0,11,3725
U024655,0.7091064235982425,1,70.91,High,70.91,High,professional,monthly,79.0,948.0,381,1,1,sales-assisted,1027.0,79.0,13,3726
U016168,0.7090764353519109,1,70.91,High,70.91,High,starter,monthly,29.0,348.0,458,1,0,self-serve,464.0,29.0,16,3727
U014624,0.7089997555069327,1,70.9,High,70.9,High,starter,monthly,29.0,348.0,172,1,2,sales-assisted,174.0,29.0,6,3728
U024120,0.7089924992683162,1,70.9,High,70.9,High,professional,monthly,79.0,948.0,167,0,2,sales-assisted,474.0,79.0,6,3729
U008452,0.7089242546261311,1,70.89,High,70.89,High,starter,monthly,29.0,348.0,68,0,0,self-serve,87.0,29.0,3,3730
U027832,0.7089242546261311,1,70.89,High,70.89,High,starter,monthly,29.0,348.0,68,0,0,self-serve,87.0,29.0,3,3731
U003158,0.7086646144002696,1,70.87,High,70.87,High,professional,monthly,79.0,948.0,189,1,0,self-serve,553.0,79.0,7,3732
U029357,0.7086081034949985,1,70.86,High,70.86,High,starter,annual,29.0,348.0,107,1,1,sales-assisted,116.0,29.0,4,3733
U025225,0.7086036685306417,1,70.86,High,70.86,High,starter,monthly,29.0,348.0,102,0,1,sales-assisted,116.0,29.0,4,3734
U028440,0.7085223009322932,1,70.85,High,70.85,High,enterprise,monthly,199.0,2388.0,353,0,1,partner,2388.0,199.0,12,3735
U014365,0.7083959635678728,1,70.84,High,70.84,High,starter,annual,29.0,348.0,145,0,0,sales-assisted,145.0,29.0,5,3736
U001160,0.7081542722084702,1,70.82,High,70.82,High,starter,monthly,29.0,348.0,196,1,0,sales-assisted,203.0,29.0,7,3737
U010626,0.7081507025937966,1,70.82,High,70.82,High,starter,monthly,29.0,348.0,374,1,0,self-serve,377.0,29.0,13,3738
U029874,0.7079945706849293,1,70.8,High,70.8,High,starter,annual,29.0,348.0,369,1,0,self-serve,377.0,29.0,13,3739
U022152,0.7078797859915155,1,70.79,High,70.79,High,professional,annual,79.0,948.0,98,0,0,self-serve,316.0,79.0,4,3740
U003436,0.7077522796318066,1,70.78,High,70.78,High,professional,monthly,79.0,948.0,168,0,1,sales-assisted,474.0,79.0,6,3741
U008598,0.7077155375386162,1,70.77,High,70.77,High,professional,annual,79.0,948.0,102,1,1,sales-assisted,316.0,79.0,4,3742
U012852,0.7076852272367491,1,70.77,High,70.77,High,professional,monthly,79.0,948.0,216,0,2,self-serve,632.0,79.0,8,3743
U017467,0.70750152537362,1,70.75,High,70.75,High,starter,monthly,29.0,348.0,195,1,1,partner,203.0,29.0,7,3744
U011394,0.7074920193393954,1,70.75,High,70.75,High,starter,monthly,29.0,348.0,163,0,0,self-serve,174.0,29.0,6,3745
U014092,0.7074920193393954,1,70.75,High,70.75,High,starter,monthly,29.0,348.0,163,0,0,self-serve,174.0,29.0,6,3746
U013205,0.7074920193393954,1,70.75,High,70.75,High,starter,monthly,29.0,348.0,163,0,0,self-serve,174.0,29.0,6,3747
U010836,0.7074920193393954,1,70.75,High,70.75,High,starter,monthly,29.0,348.0,163,0,0,self-serve,174.0,29.0,6,3748
U014212,0.7074920193393954,1,70.75,High,70.75,High,starter,monthly,29.0,348.0,163,0,0,self-serve,174.0,29.0,6,3749
U004502,0.7073173457730944,1,70.73,High,70.73,High,starter,monthly,29.0,348.0,249,0,1,self-serve,261.0,29.0,9,3750
U025067,0.7072919567448545,1,70.73,High,70.73,High,starter,monthly,29.0,348.0,228,0,0,self-serve,232.0,29.0,8,3751
U015091,0.7072919567448545,1,70.73,High,70.73,High,starter,monthly,29.0,348.0,228,0,0,self-serve,232.0,29.0,8,3752
U005002,0.7072125755778986,1,70.72,High,70.72,High,professional,monthly,79.0,948.0,163,1,0,sales-assisted,474.0,79.0,6,3753
U024127,0.7072125755778986,1,70.72,High,70.72,High,professional,monthly,79.0,948.0,163,1,0,sales-assisted,474.0,79.0,6,3754
U013026,0.7071605909344508,1,70.72,High,70.72,High,professional,monthly,79.0,948.0,25,0,0,sales-assisted,79.0,79.0,1,3755
U024322,0.7069284875427052,1,70.69,High,70.69,High,starter,annual,29.0,348.0,37,0,1,sales-assisted,58.0,29.0,2,3756
U003041,0.706651626044068,1,70.67,High,70.67,High,starter,monthly,29.0,348.0,601,0,0,self-serve,609.0,29.0,21,3757
U001969,0.7064159046867876,1,70.64,High,70.64,High,starter,monthly,29.0,348.0,102,1,1,partner,116.0,29.0,4,3758
U023801,0.7063007765352365,1,70.63,High,70.63,High,starter,monthly,29.0,348.0,189,0,0,sales-assisted,203.0,29.0,7,3759
U005546,0.7062581044870812,1,70.63,High,70.63,High,starter,monthly,29.0,348.0,174,1,0,self-serve,174.0,29.0,6,3760
U021018,0.7062581044870812,1,70.63,High,70.63,High,starter,monthly,29.0,348.0,174,1,0,self-serve,174.0,29.0,6,3761
U015981,0.7062136416285354,1,70.62,High,70.62,High,starter,monthly,29.0,348.0,216,1,0,sales-assisted,232.0,29.0,8,3762
U005481,0.7062136416285354,1,70.62,High,70.62,High,starter,monthly,29.0,348.0,216,1,0,sales-assisted,232.0,29.0,8,3763
U014059,0.7062094193378072,1,70.62,High,70.62,High,professional,monthly,79.0,948.0,50,1,0,sales-assisted,158.0,79.0,2,3764
U023146,0.7060089980733298,1,70.6,High,70.6,High,starter,annual,29.0,348.0,196,0,0,partner,203.0,29.0,7,3765
U008473,0.7058226332187495,1,70.58,High,70.58,High,enterprise,annual,199.0,2388.0,157,2,0,self-serve,1194.0,199.0,6,3766
U016799,0.7056218159663862,1,70.56,High,70.56,High,starter,annual,29.0,348.0,187,0,0,self-serve,203.0,29.0,7,3767
U011786,0.7052136636421573,1,70.52,High,70.52,High,professional,annual,79.0,948.0,137,0,3,sales-assisted,395.0,79.0,5,3768
U021195,0.7051809452145809,1,70.52,High,70.52,High,enterprise,monthly,199.0,2388.0,291,2,0,self-serve,1990.0,199.0,10,3769
U011096,0.705168403197519,1,70.52,High,70.52,High,starter,monthly,29.0,348.0,191,1,0,self-serve,203.0,29.0,7,3770
U027215,0.7048608157478492,1,70.49,High,70.49,High,starter,monthly,29.0,348.0,112,0,0,self-serve,116.0,29.0,4,3771
U022591,0.7048019093298964,1,70.48,High,70.48,High,starter,annual,29.0,348.0,135,1,1,self-serve,145.0,29.0,5,3772
U019002,0.7047921100214626,1,70.48,High,70.48,High,starter,annual,29.0,348.0,57,2,0,self-serve,58.0,29.0,2,3773
U000311,0.7046096063338735,1,70.46,High,70.46,High,starter,monthly,29.0,348.0,297,1,1,sales-assisted,290.0,29.0,10,3774
U014363,0.7045008144849307,1,70.45,High,70.45,High,starter,monthly,29.0,348.0,276,0,2,sales-assisted,290.0,29.0,10,3775
U012209,0.7042866852563076,1,70.43,High,70.43,High,professional,monthly,79.0,948.0,159,0,1,sales-assisted,474.0,79.0,6,3776
U017170,0.7040806920447198,1,70.41,High,70.41,High,professional,monthly,79.0,948.0,53,0,1,sales-assisted,158.0,79.0,2,3777
U007852,0.704071087681186,1,70.41,High,70.41,High,starter,monthly,29.0,348.0,62,0,0,partner,87.0,29.0,3,3778
U026310,0.7040228209509345,1,70.4,High,70.4,High,starter,annual,29.0,348.0,79,2,0,sales-assisted,87.0,29.0,3,3779
U027914,0.7038059822800847,1,70.38,High,70.38,High,starter,monthly,29.0,348.0,339,1,0,self-serve,348.0,29.0,12,3780
U000608,0.7037636643610404,1,70.38,High,70.38,High,starter,monthly,29.0,348.0,164,0,0,self-serve,174.0,29.0,6,3781
U019922,0.7036523444875882,1,70.37,High,70.37,High,starter,annual,29.0,348.0,173,1,0,sales-assisted,174.0,29.0,6,3782
U005631,0.7035827712663701,1,70.36,High,70.36,High,starter,monthly,29.0,348.0,123,3,2,self-serve,145.0,29.0,5,3783
U028811,0.7035367860696814,1,70.35,High,70.35,High,professional,annual,79.0,948.0,696,0,0,sales-assisted,1817.0,79.0,23,3784
U026174,0.7034301943166764,1,70.34,High,70.34,High,starter,annual,29.0,348.0,131,0,0,sales-assisted,145.0,29.0,5,3785
U025647,0.7033051615049647,1,70.33,High,70.33,High,professional,monthly,79.0,948.0,188,1,0,sales-assisted,553.0,79.0,7,3786
U027358,0.703286942861615,1,70.33,High,70.33,High,starter,annual,29.0,348.0,230,0,0,self-serve,232.0,29.0,8,3787
U014679,0.7031825714542553,1,70.32,High,70.32,High,starter,monthly,29.0,348.0,95,0,0,sales-assisted,116.0,29.0,4,3788
U026814,0.703103222548599,1,70.31,High,70.31,High,professional,annual,79.0,948.0,132,0,1,sales-assisted,395.0,79.0,5,3789
U019041,0.7029154818745134,1,70.29,High,70.29,High,starter,monthly,29.0,348.0,202,0,0,sales-assisted,203.0,29.0,7,3790
U019103,0.7027695928665924,1,70.28,High,70.28,High,professional,annual,79.0,948.0,207,0,0,sales-assisted,632.0,79.0,8,3791
U027883,0.7026613796850789,1,70.27,High,70.27,High,professional,monthly,79.0,948.0,61,0,1,self-serve,237.0,79.0,3,3792
U004094,0.7026360144018964,1,70.26,High,70.26,High,starter,annual,29.0,348.0,233,3,0,sales-assisted,232.0,29.0,8,3793
U026443,0.7025839328287321,1,70.26,High,70.26,High,professional,monthly,79.0,948.0,147,1,1,self-serve,395.0,79.0,5,3794
U025454,0.7025147704275265,1,70.25,High,70.25,High,starter,monthly,29.0,348.0,170,3,0,self-serve,174.0,29.0,6,3795
U028949,0.7022977107778906,1,70.23,High,70.23,High,starter,annual,29.0,348.0,217,1,1,sales-assisted,232.0,29.0,8,3796
U024426,0.7022966238025032,1,70.23,High,70.23,High,professional,monthly,79.0,948.0,182,0,0,self-serve,553.0,79.0,7,3797
U029470,0.7020575622406575,1,70.21,High,70.21,High,starter,monthly,29.0,348.0,228,1,0,sales-assisted,232.0,29.0,8,3798
U027099,0.7020294749961848,1,70.2,High,70.2,High,professional,annual,79.0,948.0,80,1,1,self-serve,237.0,79.0,3,3799
U023046,0.7017795380608566,1,70.18,High,70.18,High,starter,annual,29.0,348.0,268,1,0,self-serve,290.0,29.0,10,3800
U012859,0.7015468352231218,1,70.15,High,70.15,High,professional,annual,79.0,948.0,36,0,0,sales-assisted,158.0,79.0,2,3801
U022639,0.7013439279342076,1,70.13,High,70.13,High,starter,monthly,29.0,348.0,97,0,0,self-serve,116.0,29.0,4,3802
U029996,0.7013439279342076,1,70.13,High,70.13,High,starter,monthly,29.0,348.0,97,0,0,self-serve,116.0,29.0,4,3803
U001962,0.7013439279342076,1,70.13,High,70.13,High,starter,monthly,29.0,348.0,97,0,0,self-serve,116.0,29.0,4,3804
U023232,0.7011187959664886,1,70.11,High,70.11,High,professional,monthly,79.0,948.0,65,1,0,self-serve,237.0,79.0,3,3805
U008465,0.7010953758227786,1,70.11,High,70.11,High,starter,monthly,29.0,348.0,43,2,0,self-serve,58.0,29.0,2,3806
U006255,0.7009366811128769,1,70.09,High,70.09,High,enterprise,monthly,199.0,2388.0,183,0,1,self-serve,1393.0,199.0,7,3807
U014333,0.7005706345009338,1,70.06,High,70.06,High,starter,monthly,29.0,348.0,115,0,0,self-serve,116.0,29.0,4,3808
U019636,0.7004700572411877,1,70.05,High,70.05,High,starter,monthly,29.0,348.0,245,3,0,sales-assisted,261.0,29.0,9,3809
U005333,0.7004409148302849,1,70.04,High,70.04,High,starter,monthly,29.0,348.0,133,1,1,sales-assisted,145.0,29.0,5,3810
U000642,0.7002619766266661,1,70.03,High,70.03,High,starter,monthly,29.0,348.0,173,2,0,partner,174.0,29.0,6,3811
U001961,0.7002092648116799,1,70.02,High,70.02,High,starter,annual,29.0,348.0,41,2,1,self-serve,58.0,29.0,2,3812
U019689,0.7000624368553192,1,70.01,High,70.01,High,starter,monthly,29.0,348.0,70,0,0,self-serve,87.0,29.0,3,3813
U025160,0.699953048401247,1,70.0,High,70.0,High,starter,annual,29.0,348.0,470,0,1,self-serve,464.0,29.0,16,3814
U006482,0.6999150734927413,1,69.99,High,69.99,High,starter,monthly,29.0,348.0,114,0,0,self-serve,116.0,29.0,4,3815
U024798,0.6999150734927413,1,69.99,High,69.99,High,starter,monthly,29.0,348.0,114,0,0,self-serve,116.0,29.0,4,3816
U020354,0.6999150734927413,1,69.99,High,69.99,High,starter,monthly,29.0,348.0,114,0,0,self-serve,116.0,29.0,4,3817
U007049,0.6998935039923279,1,69.99,High,69.99,High,starter,monthly,29.0,348.0,41,1,0,sales-assisted,58.0,29.0,2,3818
U027869,0.6998805043388001,1,69.99,High,69.99,High,starter,monthly,29.0,348.0,172,0,1,partner,174.0,29.0,6,3819
U002212,0.6997643590918708,1,69.98,High,69.98,High,starter,monthly,29.0,348.0,311,1,1,partner,319.0,29.0,11,3820
U015215,0.6996752148447526,1,69.97,High,69.97,High,professional,monthly,79.0,948.0,68,1,0,self-serve,237.0,79.0,3,3821
U004070,0.6996752148447526,1,69.97,High,69.97,High,professional,monthly,79.0,948.0,68,1,0,self-serve,237.0,79.0,3,3822
U001328,0.6994413162642549,1,69.94,High,69.94,High,starter,monthly,29.0,348.0,127,1,1,partner,145.0,29.0,5,3823
U014377,0.6994137358027309,1,69.94,High,69.94,High,starter,annual,29.0,348.0,75,3,1,self-serve,87.0,29.0,3,3824
U014454,0.6993829730666615,1,69.94,High,69.94,High,professional,monthly,79.0,948.0,275,1,1,partner,790.0,79.0,10,3825
U001017,0.6993000247895085,1,69.93,High,69.93,High,starter,monthly,29.0,348.0,61,0,1,self-serve,87.0,29.0,3,3826
U012823,0.6992881655026651,1,69.93,High,69.93,High,starter,monthly,29.0,348.0,212,0,0,self-serve,232.0,29.0,8,3827
U026320,0.6992522964722877,1,69.93,High,69.93,High,professional,monthly,79.0,948.0,133,1,1,self-serve,395.0,79.0,5,3828
U014802,0.6991570676021693,1,69.92,High,69.92,High,starter,annual,29.0,348.0,136,0,0,partner,145.0,29.0,5,3829
U024791,0.6991343005210353,1,69.91,High,69.91,High,professional,monthly,79.0,948.0,439,1,1,sales-assisted,1185.0,79.0,15,3830
U008326,0.6988998664025372,1,69.89,High,69.89,High,starter,monthly,29.0,348.0,102,0,1,self-serve,116.0,29.0,4,3831
U018516,0.6988385100594913,1,69.88,High,69.88,High,starter,annual,29.0,348.0,77,0,0,sales-assisted,116.0,29.0,4,3832
U003574,0.6986524628648788,1,69.87,High,69.87,High,starter,monthly,29.0,348.0,146,0,0,partner,145.0,29.0,5,3833
U000985,0.6983498798999003,1,69.83,High,69.83,High,professional,monthly,79.0,948.0,227,1,0,self-serve,632.0,79.0,8,3834
U015192,0.6983498798999003,1,69.83,High,69.83,High,professional,monthly,79.0,948.0,227,1,0,self-serve,632.0,79.0,8,3835
U027951,0.6981031936484993,1,69.81,High,69.81,High,starter,annual,29.0,348.0,133,0,0,sales-assisted,145.0,29.0,5,3836
U014503,0.6980526147356878,1,69.81,High,69.81,High,professional,monthly,79.0,948.0,120,0,0,self-serve,316.0,79.0,4,3837
U003662,0.6980526147356878,1,69.81,High,69.81,High,professional,monthly,79.0,948.0,120,0,0,self-serve,316.0,79.0,4,3838
U003376,0.6979755957357129,1,69.8,High,69.8,High,professional,monthly,79.0,948.0,33,2,0,self-serve,158.0,79.0,2,3839
U005647,0.6979027485327914,1,69.79,High,69.79,High,starter,monthly,29.0,348.0,412,0,0,self-serve,406.0,29.0,14,3840
U005622,0.6978938601893752,1,69.79,High,69.79,High,professional,monthly,79.0,948.0,172,3,0,self-serve,474.0,79.0,6,3841
U023836,0.6976942465653657,1,69.77,High,69.77,High,starter,monthly,29.0,348.0,184,0,0,self-serve,203.0,29.0,7,3842
U028836,0.6976148698554268,1,69.76,High,69.76,High,starter,monthly,29.0,348.0,533,1,1,sales-assisted,522.0,29.0,18,3843
U029346,0.6975908276848444,1,69.76,High,69.76,High,starter,monthly,29.0,348.0,113,0,0,sales-assisted,116.0,29.0,4,3844
U000558,0.697577963656072,1,69.76,High,69.76,High,starter,monthly,29.0,348.0,235,1,0,self-serve,232.0,29.0,8,3845
U012793,0.6975332274253627,1,69.75,High,69.75,High,starter,monthly,29.0,348.0,142,0,0,partner,145.0,29.0,5,3846
U020823,0.697434653858634,1,69.74,High,69.74,High,professional,annual,79.0,948.0,131,1,1,self-serve,395.0,79.0,5,3847
U028122,0.6974234603827794,1,69.74,High,69.74,High,enterprise,monthly,199.0,2388.0,206,1,1,self-serve,1393.0,199.0,7,3848
U007754,0.6971706505212263,1,69.72,High,69.72,High,starter,monthly,29.0,348.0,261,1,1,self-serve,261.0,29.0,9,3849
U012820,0.6971313384615285,1,69.71,High,69.71,High,starter,monthly,29.0,348.0,116,2,0,self-serve,116.0,29.0,4,3850
U007670,0.6971010865848024,1,69.71,High,69.71,High,professional,monthly,79.0,948.0,96,1,0,sales-assisted,316.0,79.0,4,3851
U020836,0.6970262824213204,1,69.7,High,69.7,High,professional,monthly,79.0,948.0,70,0,0,sales-assisted,237.0,79.0,3,3852
U009099,0.6970156092597208,1,69.7,High,69.7,High,starter,monthly,29.0,348.0,32,0,0,sales-assisted,58.0,29.0,2,3853
U019295,0.6969703487024923,1,69.7,High,69.7,High,professional,monthly,79.0,948.0,374,1,1,sales-assisted,1027.0,79.0,13,3854
U013373,0.6968729365176735,1,69.69,High,69.69,High,professional,annual,79.0,948.0,664,1,0,self-serve,1817.0,79.0,23,3855
U016014,0.6968526860078406,1,69.69,High,69.69,High,starter,annual,29.0,348.0,218,0,1,partner,232.0,29.0,8,3856
U018045,0.6966622558916892,1,69.67,High,69.67,High,starter,monthly,29.0,348.0,87,1,0,self-serve,87.0,29.0,3,3857
U027645,0.6966622558916892,1,69.67,High,69.67,High,starter,monthly,29.0,348.0,87,1,0,self-serve,87.0,29.0,3,3858
U022834,0.6965451501334353,1,69.65,High,69.65,High,starter,monthly,29.0,348.0,53,4,0,self-serve,58.0,29.0,2,3859
U013130,0.6963610620281007,1,69.64,High,69.64,High,professional,monthly,79.0,948.0,84,0,0,self-serve,237.0,79.0,3,3860
U015930,0.6963352607261967,1,69.63,High,69.63,High,starter,monthly,29.0,348.0,277,0,0,self-serve,290.0,29.0,10,3861
U006729,0.6963352607261967,1,69.63,High,69.63,High,starter,monthly,29.0,348.0,277,0,0,self-serve,290.0,29.0,10,3862
U028751,0.69622435839553,1,69.62,High,69.62,High,starter,monthly,29.0,348.0,76,1,0,sales-assisted,87.0,29.0,3,3863
U000282,0.6961572792212251,1,69.62,High,69.62,High,professional,monthly,79.0,948.0,87,1,0,sales-assisted,237.0,79.0,3,3864
U028419,0.6960550856233835,1,69.61,High,69.61,High,starter,monthly,29.0,348.0,309,0,0,sales-assisted,319.0,29.0,11,3865
U011678,0.6960382151957762,1,69.6,High,69.6,High,professional,annual,79.0,948.0,279,0,0,self-serve,790.0,79.0,10,3866
U027352,0.6957569720571471,1,69.58,High,69.58,High,enterprise,monthly,199.0,2388.0,156,3,1,sales-assisted,1194.0,199.0,6,3867
U004972,0.6956909273150129,1,69.57,High,69.57,High,professional,monthly,79.0,948.0,130,0,0,sales-assisted,395.0,79.0,5,3868
U020086,0.6956885631772901,1,69.57,High,69.57,High,starter,monthly,29.0,348.0,188,2,0,sales-assisted,203.0,29.0,7,3869
U022767,0.6954007234367598,1,69.54,High,69.54,High,starter,monthly,29.0,348.0,226,1,0,sales-assisted,232.0,29.0,8,3870
U010066,0.6953167663792353,1,69.53,High,69.53,High,starter,monthly,29.0,348.0,342,0,0,self-serve,348.0,29.0,12,3871
U006172,0.6953167663792353,1,69.53,High,69.53,High,starter,monthly,29.0,348.0,342,0,0,self-serve,348.0,29.0,12,3872
U010422,0.6952295257064663,1,69.52,High,69.52,High,professional,monthly,79.0,948.0,97,1,1,sales-assisted,316.0,79.0,4,3873
U021972,0.6950500005640151,1,69.51,High,69.51,High,starter,annual,29.0,348.0,147,0,0,sales-assisted,145.0,29.0,5,3874
U009912,0.6949170535849464,1,69.49,High,69.49,High,professional,monthly,79.0,948.0,278,0,0,self-serve,790.0,79.0,10,3875
U018963,0.6947202940269047,1,69.47,High,69.47,High,starter,monthly,29.0,348.0,228,0,1,self-serve,232.0,29.0,8,3876
U026773,0.6945260844993941,1,69.45,High,69.45,High,starter,annual,29.0,348.0,340,0,0,self-serve,348.0,29.0,12,3877
U015090,0.6944160901430962,1,69.44,High,69.44,High,starter,annual,29.0,348.0,262,1,2,partner,290.0,29.0,10,3878
U024195,0.694195170433274,1,69.42,High,69.42,High,starter,annual,29.0,348.0,101,0,0,sales-assisted,116.0,29.0,4,3879
U009219,0.6941736214430978,1,69.42,High,69.42,High,professional,monthly,79.0,948.0,264,1,1,sales-assisted,711.0,79.0,9,3880
U020833,0.6941627497636623,1,69.42,High,69.42,High,starter,monthly,29.0,348.0,122,0,1,self-serve,145.0,29.0,5,3881
U001596,0.6941348169011462,1,69.41,High,69.41,High,starter,annual,29.0,348.0,35,1,1,self-serve,58.0,29.0,2,3882
U018104,0.6941231315244293,1,69.41,High,69.41,High,professional,monthly,79.0,948.0,224,0,0,self-serve,632.0,79.0,8,3883
U022341,0.6941020679655865,1,69.41,High,69.41,High,starter,monthly,29.0,348.0,111,1,1,self-serve,116.0,29.0,4,3884
U001248,0.6940654270892305,1,69.41,High,69.41,High,starter,monthly,29.0,348.0,270,1,1,sales-assisted,261.0,29.0,9,3885
U024027,0.6938086986877052,1,69.38,High,69.38,High,starter,annual,29.0,348.0,483,0,0,self-serve,464.0,29.0,16,3886
U011324,0.6937960654527222,1,69.38,High,69.38,High,starter,monthly,29.0,348.0,158,0,1,self-serve,174.0,29.0,6,3887
U008891,0.6937960654527222,1,69.38,High,69.38,High,starter,monthly,29.0,348.0,158,0,1,self-serve,174.0,29.0,6,3888
U020636,0.693702071360317,1,69.37,High,69.37,High,professional,monthly,79.0,948.0,115,2,0,sales-assisted,316.0,79.0,4,3889
U000705,0.6936966245303884,1,69.37,High,69.37,High,starter,annual,29.0,348.0,152,1,0,self-serve,145.0,29.0,5,3890
U002111,0.6936835372092437,1,69.37,High,69.37,High,starter,monthly,29.0,348.0,314,1,0,sales-assisted,319.0,29.0,11,3891
U008912,0.6936108357532531,1,69.36,High,69.36,High,starter,annual,29.0,348.0,66,0,1,partner,87.0,29.0,3,3892
U008936,0.6934318043128155,1,69.34,High,69.34,High,starter,annual,29.0,348.0,60,3,0,sales-assisted,58.0,29.0,2,3893
U012218,0.6934069466613367,1,69.34,High,69.34,High,starter,monthly,29.0,348.0,285,1,0,self-serve,290.0,29.0,10,3894
U006607,0.6933668938773867,1,69.34,High,69.34,High,starter,monthly,29.0,348.0,398,1,0,sales-assisted,406.0,29.0,14,3895
U024665,0.6933640755671933,1,69.34,High,69.34,High,professional,monthly,79.0,948.0,73,1,0,self-serve,237.0,79.0,3,3896
U029135,0.6933640755671933,1,69.34,High,69.34,High,professional,monthly,79.0,948.0,73,1,0,self-serve,237.0,79.0,3,3897
U026637,0.6932669002800677,1,69.33,High,69.33,High,starter,annual,29.0,348.0,155,3,1,self-serve,174.0,29.0,6,3898
U005023,0.6931832844670249,1,69.32,High,69.32,High,starter,monthly,29.0,348.0,91,0,2,sales-assisted,116.0,29.0,4,3899
U006132,0.6929920183933227,1,69.3,High,69.3,High,starter,monthly,29.0,348.0,450,1,0,self-serve,435.0,29.0,15,3900
U018961,0.6929920183933227,1,69.3,High,69.3,High,starter,monthly,29.0,348.0,450,1,0,self-serve,435.0,29.0,15,3901
U007958,0.6929864064042887,1,69.3,High,69.3,High,starter,monthly,29.0,348.0,71,0,0,self-serve,87.0,29.0,3,3902
U004659,0.692946894413256,1,69.29,High,69.29,High,starter,monthly,29.0,348.0,347,0,2,self-serve,348.0,29.0,12,3903
U012353,0.6929384327613483,1,69.29,High,69.29,High,starter,monthly,29.0,348.0,287,1,0,self-serve,290.0,29.0,10,3904
U025780,0.6927524808666671,1,69.28,High,69.28,High,professional,monthly,79.0,948.0,153,0,2,partner,474.0,79.0,6,3905
U006715,0.6926998991558496,1,69.27,High,69.27,High,enterprise,monthly,199.0,2388.0,207,2,1,self-serve,1393.0,199.0,7,3906
U005992,0.6925580112153117,1,69.26,High,69.26,High,starter,monthly,29.0,348.0,346,1,0,self-serve,348.0,29.0,12,3907
U003241,0.6925580112153117,1,69.26,High,69.26,High,starter,monthly,29.0,348.0,346,1,0,self-serve,348.0,29.0,12,3908
U017848,0.6924513482162712,1,69.25,High,69.25,High,professional,annual,79.0,948.0,48,0,1,partner,237.0,79.0,3,3909
U006766,0.6923494738498697,1,69.23,High,69.23,High,professional,monthly,79.0,948.0,60,2,0,sales-assisted,158.0,79.0,2,3910
U014796,0.6921015598780559,1,69.21,High,69.21,High,professional,monthly,79.0,948.0,280,0,0,sales-assisted,790.0,79.0,10,3911
U010399,0.6920273879191982,1,69.2,High,69.2,High,professional,monthly,79.0,948.0,66,1,0,self-serve,237.0,79.0,3,3912
U010261,0.6920055262428825,1,69.2,High,69.2,High,professional,monthly,79.0,948.0,155,0,3,self-serve,474.0,79.0,6,3913
U007524,0.6920009955262435,1,69.2,High,69.2,High,professional,monthly,79.0,948.0,284,1,0,sales-assisted,790.0,79.0,10,3914
U017767,0.6918592570617853,1,69.19,High,69.19,High,professional,annual,79.0,948.0,500,0,0,self-serve,1343.0,79.0,17,3915
U027947,0.6916915449384924,1,69.17,High,69.17,High,professional,monthly,79.0,948.0,181,0,0,self-serve,553.0,79.0,7,3916
U022017,0.6913728707922571,1,69.14,High,69.14,High,starter,monthly,29.0,348.0,256,3,0,sales-assisted,261.0,29.0,9,3917
U003988,0.6909937480167027,1,69.1,High,69.1,High,starter,monthly,29.0,348.0,280,1,0,self-serve,290.0,29.0,10,3918
U000885,0.6909937480167027,1,69.1,High,69.1,High,starter,monthly,29.0,348.0,280,1,0,self-serve,290.0,29.0,10,3919
U018569,0.6909937480167027,1,69.1,High,69.1,High,starter,monthly,29.0,348.0,280,1,0,self-serve,290.0,29.0,10,3920
U017265,0.6907907440965491,1,69.08,High,69.08,High,professional,annual,79.0,948.0,53,1,0,sales-assisted,237.0,79.0,3,3921
U013084,0.690694620220324,1,69.07,High,69.07,High,starter,monthly,29.0,348.0,89,2,2,sales-assisted,87.0,29.0,3,3922
U009135,0.6906074863939782,1,69.06,High,69.06,High,professional,monthly,79.0,948.0,275,0,2,self-serve,790.0,79.0,10,3923
U009365,0.6905775300764599,1,69.06,High,69.06,High,starter,monthly,29.0,348.0,202,0,1,sales-assisted,203.0,29.0,7,3924
U005727,0.6905617751858608,1,69.06,High,69.06,High,professional,monthly,79.0,948.0,142,0,0,partner,395.0,79.0,5,3925
U019805,0.690452491425801,1,69.05,High,69.05,High,starter,annual,29.0,348.0,339,0,0,self-serve,348.0,29.0,12,3926
U029772,0.6904470621657413,1,69.04,High,69.04,High,starter,monthly,29.0,348.0,337,0,1,partner,348.0,29.0,12,3927
U028860,0.6903943287005987,1,69.04,High,69.04,High,enterprise,monthly,199.0,2388.0,379,2,0,self-serve,2587.0,199.0,13,3928
U017229,0.6902447254421593,1,69.02,High,69.02,High,starter,monthly,29.0,348.0,153,1,1,self-serve,174.0,29.0,6,3929
U002384,0.6901691389731405,1,69.02,High,69.02,High,starter,monthly,29.0,348.0,203,0,2,sales-assisted,203.0,29.0,7,3930
U006365,0.6900358207892642,1,69.0,High,69.0,High,enterprise,annual,199.0,2388.0,28,1,1,partner,199.0,199.0,1,3931
U009321,0.6899130475052073,1,68.99,High,68.99,High,starter,monthly,29.0,348.0,202,1,0,sales-assisted,203.0,29.0,7,3932
U023913,0.6895235904945276,1,68.95,High,68.95,High,starter,monthly,29.0,348.0,319,0,2,sales-assisted,319.0,29.0,11,3933
U027627,0.6894619564183377,1,68.95,High,68.95,High,professional,annual,79.0,948.0,162,1,0,self-serve,474.0,79.0,6,3934
U026309,0.6893534612732178,1,68.94,High,68.94,High,starter,annual,29.0,348.0,166,2,0,sales-assisted,174.0,29.0,6,3935
U028296,0.6890319359031165,1,68.9,High,68.9,High,starter,annual,29.0,348.0,144,1,3,self-serve,174.0,29.0,6,3936
U026617,0.688993342732544,1,68.9,High,68.9,High,enterprise,monthly,199.0,2388.0,212,0,0,self-serve,1592.0,199.0,8,3937
U028003,0.6884927551856702,1,68.85,High,68.85,High,professional,monthly,79.0,948.0,219,0,1,sales-assisted,632.0,79.0,8,3938
U016385,0.6884379318343944,1,68.84,High,68.84,High,starter,annual,29.0,348.0,109,0,0,sales-assisted,116.0,29.0,4,3939
U009401,0.688434205401812,1,68.84,High,68.84,High,starter,annual,29.0,348.0,189,0,0,sales-assisted,203.0,29.0,7,3940
U003596,0.6884089203652536,1,68.84,High,68.84,High,starter,annual,29.0,348.0,324,0,0,self-serve,319.0,29.0,11,3941
U005763,0.6882964036441019,1,68.83,High,68.83,High,professional,monthly,79.0,948.0,397,1,0,self-serve,1106.0,79.0,14,3942
U012638,0.6882964036441019,1,68.83,High,68.83,High,professional,monthly,79.0,948.0,397,1,0,self-serve,1106.0,79.0,14,3943
U003881,0.6882940461594802,1,68.83,High,68.83,High,professional,monthly,79.0,948.0,520,0,1,partner,1422.0,79.0,18,3944
U002579,0.6881820782115494,1,68.82,High,68.82,High,professional,monthly,79.0,948.0,163,1,1,sales-assisted,474.0,79.0,6,3945
U016508,0.688173722889131,1,68.82,High,68.82,High,starter,monthly,29.0,348.0,125,1,0,self-serve,145.0,29.0,5,3946
U028847,0.688173722889131,1,68.82,High,68.82,High,starter,monthly,29.0,348.0,125,1,0,self-serve,145.0,29.0,5,3947
U000982,0.6881631322527988,1,68.82,High,68.82,High,professional,annual,79.0,948.0,151,1,0,sales-assisted,474.0,79.0,6,3948
U027849,0.6880434590131911,1,68.8,High,68.8,High,starter,monthly,29.0,348.0,162,1,3,self-serve,174.0,29.0,6,3949
U025882,0.6879343662881002,1,68.79,High,68.79,High,professional,monthly,79.0,948.0,213,2,1,self-serve,632.0,79.0,8,3950
U019650,0.68767060472617,1,68.77,High,68.77,High,starter,monthly,29.0,348.0,48,1,0,sales-assisted,58.0,29.0,2,3951
U029846,0.6876505607036683,1,68.77,High,68.77,High,professional,annual,79.0,948.0,493,1,0,self-serve,1343.0,79.0,17,3952
U019577,0.6875425692317457,1,68.75,High,68.75,High,professional,monthly,79.0,948.0,203,1,0,sales-assisted,553.0,79.0,7,3953
U022248,0.6875425692317457,1,68.75,High,68.75,High,professional,monthly,79.0,948.0,203,1,0,sales-assisted,553.0,79.0,7,3954
U022510,0.6875287386850595,1,68.75,High,68.75,High,starter,monthly,29.0,348.0,186,1,0,sales-assisted,203.0,29.0,7,3955
U004814,0.6875149820869857,1,68.75,High,68.75,High,enterprise,annual,199.0,2388.0,199,0,0,self-serve,1393.0,199.0,7,3956
U006344,0.6874674250653198,1,68.75,High,68.75,High,professional,monthly,79.0,948.0,128,0,0,self-serve,395.0,79.0,5,3957
U015949,0.6874674250653198,1,68.75,High,68.75,High,professional,monthly,79.0,948.0,128,0,0,self-serve,395.0,79.0,5,3958
U006747,0.6872663756075754,1,68.73,High,68.73,High,professional,monthly,79.0,948.0,31,1,0,self-serve,158.0,79.0,2,3959
U003145,0.6868172367395068,1,68.68,High,68.68,High,starter,monthly,29.0,348.0,499,0,0,self-serve,493.0,29.0,17,3960
U008017,0.6867864414091404,1,68.68,High,68.68,High,professional,annual,79.0,948.0,183,4,0,sales-assisted,553.0,79.0,7,3961
U026828,0.6864931418922418,1,68.65,High,68.65,High,starter,monthly,29.0,348.0,54,2,0,sales-assisted,58.0,29.0,2,3962
U013308,0.6864490904397036,1,68.64,High,68.64,High,starter,monthly,29.0,348.0,348,0,0,sales-assisted,348.0,29.0,12,3963
U000935,0.6864490904397036,1,68.64,High,68.64,High,starter,monthly,29.0,348.0,348,0,0,sales-assisted,348.0,29.0,12,3964
U010914,0.6863746223264438,1,68.64,High,68.64,High,starter,monthly,29.0,348.0,29,0,0,sales-assisted,29.0,29.0,1,3965
U018369,0.6859974012459266,1,68.6,High,68.6,High,starter,monthly,29.0,348.0,128,1,0,self-serve,145.0,29.0,5,3966
U009527,0.6857979060369184,1,68.58,High,68.58,High,starter,monthly,29.0,348.0,308,1,0,self-serve,319.0,29.0,11,3967
U028621,0.6855363097660082,1,68.55,High,68.55,High,professional,monthly,79.0,948.0,100,0,2,sales-assisted,316.0,79.0,4,3968
U007724,0.6854847943365567,1,68.55,High,68.55,High,professional,monthly,79.0,948.0,167,0,0,partner,474.0,79.0,6,3969
U023321,0.685325880022691,1,68.53,High,68.53,High,starter,annual,29.0,348.0,62,1,0,self-serve,87.0,29.0,3,3970
U015273,0.6852520885593991,1,68.53,High,68.53,High,professional,annual,79.0,948.0,641,1,1,self-serve,1738.0,79.0,22,3971
U016616,0.6852416254217469,1,68.52,High,68.52,High,professional,monthly,79.0,948.0,304,1,0,sales-assisted,869.0,79.0,11,3972
U003217,0.685170875468625,1,68.52,High,68.52,High,professional,monthly,79.0,948.0,370,2,0,sales-assisted,1027.0,79.0,13,3973
U026800,0.6850069833538766,1,68.5,High,68.5,High,starter,monthly,29.0,348.0,264,0,1,partner,261.0,29.0,9,3974
U015301,0.6849134980393315,1,68.49,High,68.49,High,enterprise,monthly,199.0,2388.0,231,0,1,self-serve,1592.0,199.0,8,3975
U005305,0.6848651646418866,1,68.49,High,68.49,High,professional,monthly,79.0,948.0,251,1,0,sales-assisted,711.0,79.0,9,3976
U019875,0.6847838599171033,1,68.48,High,68.48,High,enterprise,monthly,199.0,2388.0,154,0,0,sales-assisted,1194.0,199.0,6,3977
U018006,0.6846464853018142,1,68.46,High,68.46,High,starter,monthly,29.0,348.0,344,2,0,self-serve,348.0,29.0,12,3978
U029045,0.6844547966685338,1,68.45,High,68.45,High,enterprise,monthly,199.0,2388.0,166,1,2,self-serve,1194.0,199.0,6,3979
U009216,0.6844464499422369,1,68.44,High,68.44,High,starter,monthly,29.0,348.0,397,1,0,sales-assisted,406.0,29.0,14,3980
U022582,0.6840989953596429,1,68.41,High,68.41,High,starter,monthly,29.0,348.0,263,0,0,sales-assisted,261.0,29.0,9,3981
U022347,0.6840387813468544,1,68.4,High,68.4,High,professional,monthly,79.0,948.0,121,0,0,self-serve,316.0,79.0,4,3982
U000781,0.6840221271359781,1,68.4,High,68.4,High,starter,monthly,29.0,348.0,136,0,1,self-serve,145.0,29.0,5,3983
U000911,0.6839380587335704,1,68.39,High,68.39,High,enterprise,monthly,199.0,2388.0,182,0,0,self-serve,1393.0,199.0,7,3984
U013863,0.6838740411125181,1,68.39,High,68.39,High,starter,monthly,29.0,348.0,368,0,1,self-serve,377.0,29.0,13,3985
U014641,0.6837428518910523,1,68.37,High,68.37,High,starter,annual,29.0,348.0,126,1,0,self-serve,145.0,29.0,5,3986
U011580,0.6837428518910523,1,68.37,High,68.37,High,starter,annual,29.0,348.0,126,1,0,self-serve,145.0,29.0,5,3987
U007807,0.6836394441189825,1,68.36,High,68.36,High,starter,annual,29.0,348.0,225,2,1,self-serve,232.0,29.0,8,3988
U029861,0.6835889968611659,1,68.36,High,68.36,High,starter,monthly,29.0,348.0,185,0,0,sales-assisted,203.0,29.0,7,3989
U018286,0.6830193233290378,1,68.3,High,68.3,High,professional,monthly,79.0,948.0,188,1,0,self-serve,553.0,79.0,7,3990
U001308,0.6830079305469247,1,68.3,High,68.3,High,starter,monthly,29.0,348.0,447,0,0,self-serve,435.0,29.0,15,3991
U021588,0.6830079305469247,1,68.3,High,68.3,High,starter,monthly,29.0,348.0,447,0,0,self-serve,435.0,29.0,15,3992
U008984,0.6829783498954632,1,68.3,High,68.3,High,professional,monthly,79.0,948.0,158,1,0,sales-assisted,474.0,79.0,6,3993
U029709,0.682913999656958,1,68.29,High,68.29,High,starter,annual,29.0,348.0,65,1,0,self-serve,87.0,29.0,3,3994
U016052,0.6827718231511773,1,68.28,High,68.28,High,starter,monthly,29.0,348.0,462,2,0,sales-assisted,464.0,29.0,16,3995
U023404,0.6825376979380108,1,68.25,High,68.25,High,starter,monthly,29.0,348.0,39,1,1,self-serve,58.0,29.0,2,3996
U017612,0.6824216738281343,1,68.24,High,68.24,High,professional,monthly,79.0,948.0,100,2,0,partner,316.0,79.0,4,3997
U029016,0.6822237181187814,1,68.22,High,68.22,High,starter,annual,29.0,348.0,168,1,0,self-serve,174.0,29.0,6,3998
U011448,0.6821535720169252,1,68.22,High,68.22,High,enterprise,monthly,199.0,2388.0,105,0,1,self-serve,796.0,199.0,4,3999
U002676,0.6821467133862937,1,68.21,High,68.21,High,starter,annual,29.0,348.0,169,1,0,sales-assisted,174.0,29.0,6,4000
U005779,0.681988369305495,1,68.2,High,68.2,High,professional,monthly,79.0,948.0,44,0,0,sales-assisted,158.0,79.0,2,4001
U015533,0.6819010385942482,1,68.19,High,68.19,High,professional,monthly,79.0,948.0,171,0,0,partner,474.0,79.0,6,4002
U025307,0.6817946609389519,1,68.18,High,68.18,High,starter,monthly,29.0,348.0,309,2,1,self-serve,319.0,29.0,11,4003
U017272,0.6817700802015502,1,68.18,High,68.18,High,professional,monthly,79.0,948.0,223,0,0,self-serve,632.0,79.0,8,4004
U007118,0.6817700802015502,1,68.18,High,68.18,High,professional,monthly,79.0,948.0,223,0,0,self-serve,632.0,79.0,8,4005
U015102,0.6815712496174616,1,68.16,High,68.16,High,professional,monthly,79.0,948.0,514,0,0,self-serve,1343.0,79.0,17,4006
U002711,0.6815233260855755,1,68.15,High,68.15,High,starter,annual,29.0,348.0,321,0,1,self-serve,319.0,29.0,11,4007
U022176,0.6814241020927784,1,68.14,High,68.14,High,starter,annual,29.0,348.0,453,0,0,self-serve,435.0,29.0,15,4008
U028282,0.6812410988387231,1,68.12,High,68.12,High,professional,annual,79.0,948.0,263,1,1,self-serve,711.0,79.0,9,4009
U021865,0.6811650264472351,1,68.12,High,68.12,High,starter,annual,29.0,348.0,228,1,1,sales-assisted,232.0,29.0,8,4010
U023343,0.6810355937353291,1,68.1,High,68.1,High,starter,monthly,29.0,348.0,652,1,1,sales-assisted,638.0,29.0,22,4011
U018935,0.6806028698562142,1,68.06,High,68.06,High,professional,monthly,79.0,948.0,76,2,0,self-serve,237.0,79.0,3,4012
U026369,0.6805347536512897,1,68.05,High,68.05,High,professional,annual,79.0,948.0,140,1,0,self-serve,395.0,79.0,5,4013
U029591,0.6805118029553375,1,68.05,High,68.05,High,professional,monthly,79.0,948.0,140,0,1,self-serve,395.0,79.0,5,4014
U008911,0.680442611100845,1,68.04,High,68.04,High,starter,annual,29.0,348.0,312,0,0,self-serve,319.0,29.0,11,4015
U012585,0.6804409135492805,1,68.04,High,68.04,High,starter,monthly,29.0,348.0,32,0,0,sales-assisted,58.0,29.0,2,4016
U005516,0.6803157892838365,1,68.03,High,68.03,High,professional,monthly,79.0,948.0,148,0,0,self-serve,395.0,79.0,5,4017
U009564,0.6802568910442884,1,68.03,High,68.03,High,starter,monthly,29.0,348.0,25,3,0,self-serve,29.0,29.0,1,4018
U004402,0.6801983805918498,1,68.02,High,68.02,High,starter,annual,29.0,348.0,49,2,1,sales-assisted,58.0,29.0,2,4019
U002435,0.6801371508948031,1,68.01,High,68.01,High,starter,monthly,29.0,348.0,33,0,0,self-serve,58.0,29.0,2,4020
U008915,0.6801371508948031,1,68.01,High,68.01,High,starter,monthly,29.0,348.0,33,0,0,self-serve,58.0,29.0,2,4021
U003719,0.6798645281207945,1,67.99,High,67.99,High,enterprise,monthly,199.0,2388.0,413,1,0,self-serve,2786.0,199.0,14,4022
U015415,0.6797238212731351,1,67.97,High,67.97,High,professional,monthly,79.0,948.0,78,2,0,self-serve,237.0,79.0,3,4023
U015525,0.67951146213872,1,67.95,High,67.95,High,starter,monthly,29.0,348.0,64,1,1,self-serve,87.0,29.0,3,4024
U001070,0.679394113029658,1,67.94,High,67.94,High,professional,monthly,79.0,948.0,391,0,0,sales-assisted,1027.0,79.0,13,4025
U026219,0.6793736593929356,1,67.94,High,67.94,High,starter,monthly,29.0,348.0,37,2,0,sales-assisted,58.0,29.0,2,4026
U005276,0.6792546283564537,1,67.93,High,67.93,High,starter,monthly,29.0,348.0,306,0,0,partner,319.0,29.0,11,4027
U001691,0.6792380170065856,1,67.92,High,67.92,High,professional,monthly,79.0,948.0,305,3,0,partner,869.0,79.0,11,4028
U023285,0.6788180574021176,1,67.88,High,67.88,High,starter,monthly,29.0,348.0,354,0,2,self-serve,348.0,29.0,12,4029
U007274,0.6786781265221834,1,67.87,High,67.87,High,professional,annual,79.0,948.0,137,1,1,self-serve,395.0,79.0,5,4030
U021699,0.678545455697968,1,67.85,High,67.85,High,starter,monthly,29.0,348.0,250,0,0,partner,261.0,29.0,9,4031
U013789,0.6784884114238239,1,67.85,High,67.85,High,professional,monthly,79.0,948.0,105,0,0,self-serve,316.0,79.0,4,4032
U024160,0.6783385395585134,1,67.83,High,67.83,High,enterprise,monthly,199.0,2388.0,190,0,0,sales-assisted,1393.0,199.0,7,4033
U013931,0.6783276866090465,1,67.83,High,67.83,High,starter,monthly,29.0,348.0,66,1,0,sales-assisted,87.0,29.0,3,4034
U023894,0.6780421297524674,1,67.8,High,67.8,High,professional,monthly,79.0,948.0,354,0,0,partner,948.0,79.0,12,4035
U016305,0.6780421297524674,1,67.8,High,67.8,High,professional,monthly,79.0,948.0,354,0,0,partner,948.0,79.0,12,4036
U010365,0.6779541993097856,1,67.8,High,67.8,High,professional,monthly,79.0,948.0,119,0,2,self-serve,316.0,79.0,4,4037
U021486,0.6779014139790805,1,67.79,High,67.79,High,professional,monthly,79.0,948.0,106,0,0,self-serve,316.0,79.0,4,4038
U021128,0.6779014139790805,1,67.79,High,67.79,High,professional,monthly,79.0,948.0,106,0,0,self-serve,316.0,79.0,4,4039
U001866,0.6777825173209261,1,67.78,High,67.78,High,professional,annual,79.0,948.0,123,1,0,self-serve,395.0,79.0,5,4040
U000044,0.6776930034737952,1,67.77,High,67.77,High,starter,annual,29.0,348.0,811,1,0,partner,783.0,29.0,27,4041
U013776,0.6775939596062199,1,67.76,High,67.76,High,professional,annual,79.0,948.0,55,1,2,sales-assisted,237.0,79.0,3,4042
U000537,0.677592363584701,1,67.76,High,67.76,High,professional,monthly,79.0,948.0,609,1,0,self-serve,1659.0,79.0,21,4043
U012834,0.6775680408324977,1,67.76,High,67.76,High,professional,monthly,79.0,948.0,503,0,1,self-serve,1343.0,79.0,17,4044
U001949,0.6775189074912046,1,67.75,High,67.75,High,starter,monthly,29.0,348.0,316,1,2,self-serve,319.0,29.0,11,4045
U010195,0.6773579852874066,1,67.74,High,67.74,High,enterprise,monthly,199.0,2388.0,130,1,0,self-serve,995.0,199.0,5,4046
U022123,0.6773148501459361,1,67.73,High,67.73,High,starter,monthly,29.0,348.0,376,1,0,self-serve,377.0,29.0,13,4047
U006755,0.6771809233967928,1,67.72,High,67.72,High,professional,monthly,79.0,948.0,208,3,0,sales-assisted,553.0,79.0,7,4048
U007472,0.6770555170987735,1,67.71,High,67.71,High,starter,monthly,29.0,348.0,262,0,0,sales-assisted,261.0,29.0,9,4049
U000845,0.6770555170987735,1,67.71,High,67.71,High,starter,monthly,29.0,348.0,262,0,0,sales-assisted,261.0,29.0,9,4050
U000511,0.6770236273084611,1,67.7,High,67.7,High,professional,monthly,79.0,948.0,378,0,0,self-serve,1027.0,79.0,13,4051
U002424,0.6770236273084611,1,67.7,High,67.7,High,professional,monthly,79.0,948.0,378,0,0,self-serve,1027.0,79.0,13,4052
U011976,0.6770236273084611,1,67.7,High,67.7,High,professional,monthly,79.0,948.0,378,0,0,self-serve,1027.0,79.0,13,4053
U000948,0.6770035720603407,1,67.7,High,67.7,High,starter,monthly,29.0,348.0,417,1,1,self-serve,406.0,29.0,14,4054
U024534,0.6769676294713262,1,67.7,High,67.7,High,starter,monthly,29.0,348.0,335,2,0,partner,348.0,29.0,12,4055
U005119,0.6769537977744198,1,67.7,High,67.7,High,professional,monthly,79.0,948.0,156,1,0,sales-assisted,474.0,79.0,6,4056
U004800,0.6768659398575135,1,67.69,High,67.69,High,professional,annual,79.0,948.0,422,0,0,self-serve,1106.0,79.0,14,4057
U005799,0.676705947144069,1,67.67,High,67.67,High,starter,annual,29.0,348.0,357,1,0,self-serve,348.0,29.0,12,4058
U003291,0.6766999843515838,1,67.67,High,67.67,High,starter,annual,29.0,348.0,182,0,1,self-serve,203.0,29.0,7,4059
U010154,0.6766791927568022,1,67.67,High,67.67,High,starter,annual,29.0,348.0,158,2,0,partner,174.0,29.0,6,4060
U018092,0.6766358621180133,1,67.66,High,67.66,High,starter,monthly,29.0,348.0,140,0,1,self-serve,145.0,29.0,5,4061
U015768,0.6765410953803621,1,67.65,High,67.65,High,enterprise,monthly,199.0,2388.0,141,0,0,self-serve,995.0,199.0,5,4062
U027360,0.6765093633006907,1,67.65,High,67.65,High,professional,monthly,79.0,948.0,205,2,1,self-serve,553.0,79.0,7,4063
U016781,0.6764359091240328,1,67.64,High,67.64,High,enterprise,monthly,199.0,2388.0,80,3,0,self-serve,597.0,199.0,3,4064
U029797,0.6764172488550123,1,67.64,High,67.64,High,starter,monthly,29.0,348.0,101,0,2,self-serve,116.0,29.0,4,4065
U014500,0.6762887683259591,1,67.63,High,67.63,High,starter,monthly,29.0,348.0,70,0,0,self-serve,87.0,29.0,3,4066
U013254,0.676018228657074,1,67.6,High,67.6,High,professional,monthly,79.0,948.0,135,1,0,sales-assisted,395.0,79.0,5,4067
U027497,0.6759176797075684,1,67.59,High,67.59,High,starter,annual,29.0,348.0,95,0,1,partner,116.0,29.0,4,4068
U027771,0.6758481632193329,1,67.58,High,67.58,High,starter,monthly,29.0,348.0,189,0,0,self-serve,203.0,29.0,7,4069
U012311,0.6758481632193329,1,67.58,High,67.58,High,starter,monthly,29.0,348.0,189,0,0,self-serve,203.0,29.0,7,4070
U029104,0.6757734632485326,1,67.58,High,67.58,High,starter,monthly,29.0,348.0,345,0,0,sales-assisted,348.0,29.0,12,4071
U017386,0.6755970533335158,1,67.56,High,67.56,High,professional,monthly,79.0,948.0,65,1,0,sales-assisted,237.0,79.0,3,4072
U013198,0.6754403803965633,1,67.54,High,67.54,High,professional,annual,79.0,948.0,164,0,0,sales-assisted,474.0,79.0,6,4073
U027163,0.6754345784808344,1,67.54,High,67.54,High,starter,monthly,29.0,348.0,64,0,1,self-serve,87.0,29.0,3,4074
U025389,0.6752766536259464,1,67.53,High,67.53,High,starter,monthly,29.0,348.0,338,1,1,sales-assisted,348.0,29.0,12,4075
U017864,0.6752312059700994,1,67.52,High,67.52,High,starter,monthly,29.0,348.0,315,1,0,self-serve,319.0,29.0,11,4076
U011653,0.6751307939679879,1,67.51,High,67.51,High,starter,annual,29.0,348.0,116,0,0,sales-assisted,116.0,29.0,4,4077
U007829,0.6751093746598243,1,67.51,High,67.51,High,starter,monthly,29.0,348.0,313,4,1,self-serve,319.0,29.0,11,4078
U021304,0.6750684581650934,1,67.51,High,67.51,High,professional,monthly,79.0,948.0,44,0,0,sales-assisted,158.0,79.0,2,4079
U010258,0.6750281122554936,1,67.5,High,67.5,High,starter,monthly,29.0,348.0,208,1,0,partner,203.0,29.0,7,4080
U007525,0.674954260144324,1,67.5,High,67.5,High,professional,monthly,79.0,948.0,40,0,0,sales-assisted,158.0,79.0,2,4081
U017768,0.674954260144324,1,67.5,High,67.5,High,professional,monthly,79.0,948.0,40,0,0,sales-assisted,158.0,79.0,2,4082
U016527,0.6748901586344893,1,67.49,High,67.49,High,starter,monthly,29.0,348.0,281,2,0,self-serve,290.0,29.0,10,4083
U002980,0.6748323921349384,1,67.48,High,67.48,High,starter,annual,29.0,348.0,597,1,1,self-serve,609.0,29.0,21,4084
U000421,0.6747911006002904,1,67.48,High,67.48,High,professional,monthly,79.0,948.0,200,0,1,sales-assisted,553.0,79.0,7,4085
U006387,0.6747624578976823,1,67.48,High,67.48,High,professional,monthly,79.0,948.0,363,1,0,sales-assisted,948.0,79.0,12,4086
U011643,0.6746769091380739,1,67.47,High,67.47,High,professional,monthly,79.0,948.0,249,1,0,sales-assisted,711.0,79.0,9,4087
U022923,0.6746528845871967,1,67.47,High,67.47,High,professional,monthly,79.0,948.0,61,2,0,sales-assisted,237.0,79.0,3,4088
U015688,0.674231102852517,1,67.42,High,67.42,High,professional,monthly,79.0,948.0,126,0,0,self-serve,395.0,79.0,5,4089
U019681,0.6740258607298498,1,67.4,High,67.4,High,professional,monthly,79.0,948.0,50,0,0,self-serve,158.0,79.0,2,4090
U015787,0.6739934041447085,1,67.4,High,67.4,High,starter,monthly,29.0,348.0,542,0,0,partner,522.0,29.0,18,4091
U014346,0.673980321923297,1,67.4,High,67.4,High,starter,monthly,29.0,348.0,252,0,0,partner,261.0,29.0,9,4092
U017101,0.6737981668781353,1,67.38,High,67.38,High,starter,monthly,29.0,348.0,353,2,1,sales-assisted,348.0,29.0,12,4093
U022722,0.6737498037595503,1,67.37,High,67.37,High,starter,annual,29.0,348.0,142,1,1,self-serve,145.0,29.0,5,4094
U011761,0.6736897354807835,1,67.37,High,67.37,High,professional,monthly,79.0,948.0,123,2,0,self-serve,395.0,79.0,5,4095
U025030,0.6734525915178751,1,67.35,High,67.35,High,professional,monthly,79.0,948.0,379,0,1,self-serve,1027.0,79.0,13,4096
U019716,0.6733160217346011,1,67.33,High,67.33,High,starter,monthly,29.0,348.0,45,2,0,self-serve,58.0,29.0,2,4097
U014246,0.6733142825273525,1,67.33,High,67.33,High,starter,annual,29.0,348.0,185,1,0,partner,203.0,29.0,7,4098
U019802,0.6732404472272295,1,67.32,High,67.32,High,starter,monthly,29.0,348.0,124,0,1,self-serve,145.0,29.0,5,4099
U007840,0.6730493011314177,1,67.3,High,67.3,High,starter,monthly,29.0,348.0,295,0,2,self-serve,319.0,29.0,11,4100
U019967,0.6729475356576192,1,67.29,High,67.29,High,starter,annual,29.0,348.0,78,1,0,self-serve,87.0,29.0,3,4101
U026900,0.6729431890265594,1,67.29,High,67.29,High,starter,monthly,29.0,348.0,310,0,1,self-serve,319.0,29.0,11,4102
U013290,0.6728855176886209,1,67.29,High,67.29,High,starter,monthly,29.0,348.0,272,0,0,sales-assisted,261.0,29.0,9,4103
U013427,0.6727739817518951,1,67.28,High,67.28,High,professional,monthly,79.0,948.0,322,0,0,self-serve,869.0,79.0,11,4104
U029243,0.6727739817518951,1,67.28,High,67.28,High,professional,monthly,79.0,948.0,322,0,0,self-serve,869.0,79.0,11,4105
U003414,0.6727297475806603,1,67.27,High,67.27,High,starter,monthly,29.0,348.0,123,0,1,self-serve,145.0,29.0,5,4106
U004353,0.6725561845356313,1,67.26,High,67.26,High,professional,monthly,79.0,948.0,129,0,0,sales-assisted,395.0,79.0,5,4107
U000427,0.6724780933731564,1,67.25,High,67.25,High,starter,annual,29.0,348.0,167,1,0,self-serve,174.0,29.0,6,4108
U001802,0.6722985321906014,1,67.23,High,67.23,High,starter,annual,29.0,348.0,353,1,0,self-serve,348.0,29.0,12,4109
U012628,0.6722548503726037,1,67.23,High,67.23,High,starter,annual,29.0,348.0,119,0,1,sales-assisted,116.0,29.0,4,4110
U008463,0.6722517553227221,1,67.23,High,67.23,High,professional,monthly,79.0,948.0,187,1,0,sales-assisted,553.0,79.0,7,4111
U000320,0.6721340096510321,1,67.21,High,67.21,High,professional,monthly,79.0,948.0,136,0,0,sales-assisted,395.0,79.0,5,4112
U016419,0.6721055733519496,1,67.21,High,67.21,High,enterprise,monthly,199.0,2388.0,134,1,0,partner,995.0,199.0,5,4113
U029205,0.6720348271854294,1,67.2,High,67.2,High,starter,monthly,29.0,348.0,293,0,0,self-serve,290.0,29.0,10,4114
U012504,0.6720348271854294,1,67.2,High,67.2,High,starter,monthly,29.0,348.0,293,0,0,self-serve,290.0,29.0,10,4115
U004893,0.6718167501905896,1,67.18,High,67.18,High,professional,monthly,79.0,948.0,243,2,0,sales-assisted,711.0,79.0,9,4116
U014434,0.6717758008183504,1,67.18,High,67.18,High,starter,annual,29.0,348.0,59,2,0,self-serve,58.0,29.0,2,4117
U016749,0.6716167146130935,1,67.16,High,67.16,High,starter,monthly,29.0,348.0,258,0,0,self-serve,261.0,29.0,9,4118
U018704,0.6715399301292049,1,67.15,High,67.15,High,professional,annual,79.0,948.0,204,3,0,self-serve,553.0,79.0,7,4119
U008304,0.6712601432482658,1,67.13,High,67.13,High,professional,monthly,79.0,948.0,428,0,0,self-serve,1185.0,79.0,15,4120
U010963,0.6712601432482658,1,67.13,High,67.13,High,professional,monthly,79.0,948.0,428,0,0,self-serve,1185.0,79.0,15,4121
U015178,0.6712601432482658,1,67.13,High,67.13,High,professional,monthly,79.0,948.0,428,0,0,self-serve,1185.0,79.0,15,4122
U002259,0.6711982056351229,1,67.12,High,67.12,High,starter,monthly,29.0,348.0,101,1,2,partner,116.0,29.0,4,4123
U004643,0.6711704547530452,1,67.12,High,67.12,High,professional,monthly,79.0,948.0,253,2,0,sales-assisted,711.0,79.0,9,4124
U027935,0.6709759646081761,1,67.1,High,67.1,High,enterprise,monthly,199.0,2388.0,156,2,2,self-serve,1194.0,199.0,6,4125
U003733,0.6709445356693718,1,67.09,High,67.09,High,starter,annual,29.0,348.0,165,0,0,self-serve,174.0,29.0,6,4126
U023768,0.6709327751640853,1,67.09,High,67.09,High,professional,annual,79.0,948.0,103,1,0,sales-assisted,316.0,79.0,4,4127
U007874,0.6706728048001371,1,67.07,High,67.07,High,professional,monthly,79.0,948.0,234,1,1,self-serve,632.0,79.0,8,4128
U002151,0.6706365951733321,1,67.06,High,67.06,High,professional,monthly,79.0,948.0,323,0,0,self-serve,869.0,79.0,11,4129
U000128,0.6705759528702436,1,67.06,High,67.06,High,starter,monthly,29.0,348.0,654,0,1,self-serve,667.0,29.0,23,4130
U002586,0.6704219998389264,1,67.04,High,67.04,High,professional,monthly,79.0,948.0,157,2,0,self-serve,474.0,79.0,6,4131
U007489,0.670008111092993,1,67.0,High,67.0,High,professional,annual,79.0,948.0,115,2,1,sales-assisted,316.0,79.0,4,4132
U019936,0.669833907160909,1,66.98,High,66.98,High,professional,monthly,79.0,948.0,437,0,1,self-serve,1185.0,79.0,15,4133
U029881,0.6695123170814952,1,66.95,High,66.95,High,starter,monthly,29.0,348.0,40,1,1,self-serve,58.0,29.0,2,4134
U017789,0.66939314335975,1,66.94,High,66.94,High,starter,monthly,29.0,348.0,206,3,0,partner,203.0,29.0,7,4135
U021901,0.6693338129152755,1,66.93,High,66.93,High,starter,annual,29.0,348.0,45,3,1,sales-assisted,58.0,29.0,2,4136
U023829,0.6692979685765382,1,66.93,High,66.93,High,professional,monthly,79.0,948.0,228,2,0,self-serve,632.0,79.0,8,4137
U011226,0.6692841860543131,1,66.93,High,66.93,High,professional,monthly,79.0,948.0,177,1,1,partner,474.0,79.0,6,4138
U003075,0.6691504307449393,1,66.92,High,66.92,High,professional,monthly,79.0,948.0,166,1,1,self-serve,474.0,79.0,6,4139
U024442,0.6689282634148074,1,66.89,High,66.89,High,starter,monthly,29.0,348.0,610,2,1,self-serve,609.0,29.0,21,4140
U012497,0.6689282634148074,1,66.89,High,66.89,High,starter,monthly,29.0,348.0,610,2,1,self-serve,609.0,29.0,21,4141
U002955,0.6689158216098104,1,66.89,High,66.89,High,starter,monthly,29.0,348.0,159,1,1,self-serve,174.0,29.0,6,4142
U018553,0.6686907685268982,1,66.87,High,66.87,High,professional,annual,79.0,948.0,116,1,0,sales-assisted,316.0,79.0,4,4143
U019854,0.6684598065712171,1,66.85,High,66.85,High,starter,monthly,29.0,348.0,274,2,0,self-serve,290.0,29.0,10,4144
U029876,0.6683964820541352,1,66.84,High,66.84,High,starter,annual,29.0,348.0,319,0,1,self-serve,319.0,29.0,11,4145
U025168,0.6682449892070728,1,66.82,High,66.82,High,starter,monthly,29.0,348.0,256,1,0,self-serve,261.0,29.0,9,4146
U016798,0.6682006791618882,1,66.82,High,66.82,High,professional,annual,79.0,948.0,156,2,0,sales-assisted,474.0,79.0,6,4147
U009763,0.668123269239643,1,66.81,High,66.81,High,starter,monthly,29.0,348.0,346,0,0,sales-assisted,348.0,29.0,12,4148
U003452,0.6679382867026196,1,66.79,High,66.79,High,starter,monthly,29.0,348.0,165,1,0,sales-assisted,174.0,29.0,6,4149
U020809,0.6676280569790553,1,66.76,High,66.76,High,professional,monthly,79.0,948.0,66,1,2,self-serve,237.0,79.0,3,4150
U021514,0.6675731146799769,1,66.76,High,66.76,High,enterprise,annual,199.0,2388.0,37,1,1,sales-assisted,398.0,199.0,2,4151
U024373,0.6674736452143495,1,66.75,High,66.75,High,professional,monthly,79.0,948.0,67,1,2,self-serve,237.0,79.0,3,4152
U008815,0.6674054157676966,1,66.74,High,66.74,High,starter,monthly,29.0,348.0,91,2,0,sales-assisted,87.0,29.0,3,4153
U016435,0.667329376789207,1,66.73,High,66.73,High,starter,annual,29.0,348.0,144,2,0,sales-assisted,145.0,29.0,5,4154
U017956,0.6673255490999314,1,66.73,High,66.73,High,starter,monthly,29.0,348.0,102,1,0,partner,116.0,29.0,4,4155
U011076,0.6673120441737195,1,66.73,High,66.73,High,starter,monthly,29.0,348.0,161,0,0,self-serve,174.0,29.0,6,4156
U014104,0.6673120441737195,1,66.73,High,66.73,High,starter,monthly,29.0,348.0,161,0,0,self-serve,174.0,29.0,6,4157
U001186,0.6673023669143927,1,66.73,High,66.73,High,starter,annual,29.0,348.0,150,1,0,sales-assisted,145.0,29.0,5,4158
U024183,0.6672992568875236,1,66.73,High,66.73,High,starter,monthly,29.0,348.0,421,0,0,self-serve,406.0,29.0,14,4159
U021856,0.6672992568875236,1,66.73,High,66.73,High,starter,monthly,29.0,348.0,421,0,0,self-serve,406.0,29.0,14,4160
U004117,0.6672221112539365,1,66.72,High,66.72,High,enterprise,monthly,199.0,2388.0,246,2,0,partner,1791.0,199.0,9,4161
U010440,0.6672199031960553,1,66.72,High,66.72,High,starter,monthly,29.0,348.0,117,2,0,partner,116.0,29.0,4,4162
U017976,0.667192806782121,1,66.72,High,66.72,High,starter,monthly,29.0,348.0,91,3,0,sales-assisted,87.0,29.0,3,4163
U006564,0.6671373761121544,1,66.71,High,66.71,High,professional,monthly,79.0,948.0,154,1,0,partner,474.0,79.0,6,4164
U027114,0.666838754576305,1,66.68,High,66.68,High,professional,monthly,79.0,948.0,159,2,1,self-serve,474.0,79.0,6,4165
U004112,0.66675314626354,1,66.68,High,66.68,High,starter,annual,29.0,348.0,116,1,1,sales-assisted,116.0,29.0,4,4166
U008193,0.6666922552438163,1,66.67,High,66.67,High,starter,monthly,29.0,348.0,47,1,1,sales-assisted,58.0,29.0,2,4167
U016949,0.6666466140486706,1,66.66,High,66.66,High,enterprise,monthly,199.0,2388.0,284,2,0,self-serve,1990.0,199.0,10,4168
U003835,0.6662534689193472,1,66.63,High,66.63,High,starter,monthly,29.0,348.0,337,1,1,self-serve,348.0,29.0,12,4169
U021420,0.6661282765222253,1,66.61,High,66.61,High,professional,monthly,79.0,948.0,63,2,1,self-serve,237.0,79.0,3,4170
U007348,0.6660217229376881,1,66.6,High,66.6,High,professional,monthly,79.0,948.0,326,0,0,sales-assisted,869.0,79.0,11,4171
U029550,0.6659428053682536,1,66.59,High,66.59,High,professional,monthly,79.0,948.0,224,2,1,sales-assisted,632.0,79.0,8,4172
U015907,0.6658484643458566,1,66.58,High,66.58,High,starter,annual,29.0,348.0,46,0,0,sales-assisted,58.0,29.0,2,4173
U027474,0.6657628433568354,1,66.58,High,66.58,High,starter,annual,29.0,348.0,374,0,0,self-serve,377.0,29.0,13,4174
U014201,0.6656619923540432,1,66.57,High,66.57,High,starter,annual,29.0,348.0,106,0,0,sales-assisted,116.0,29.0,4,4175
U029922,0.665618015716057,1,66.56,High,66.56,High,starter,annual,29.0,348.0,97,0,2,sales-assisted,116.0,29.0,4,4176
U013706,0.6653184447938171,1,66.53,High,66.53,High,starter,monthly,29.0,348.0,76,0,0,partner,87.0,29.0,3,4177
U008414,0.6652792377649301,1,66.53,High,66.53,High,starter,annual,29.0,348.0,224,0,0,sales-assisted,232.0,29.0,8,4178
U020586,0.6651292706492516,1,66.51,High,66.51,High,professional,annual,79.0,948.0,169,0,0,self-serve,474.0,79.0,6,4179
U013164,0.6651129115569004,1,66.51,High,66.51,High,starter,monthly,29.0,348.0,161,1,1,self-serve,174.0,29.0,6,4180
U019271,0.6651078275551535,1,66.51,High,66.51,High,starter,annual,29.0,348.0,74,3,0,sales-assisted,87.0,29.0,3,4181
U024024,0.6650041161558758,1,66.5,High,66.5,High,starter,annual,29.0,348.0,410,2,0,self-serve,406.0,29.0,14,4182
U027486,0.664956892022072,1,66.5,High,66.5,High,enterprise,monthly,199.0,2388.0,133,1,0,partner,995.0,199.0,5,4183
U020201,0.664922875939119,1,66.49,High,66.49,High,professional,annual,79.0,948.0,39,2,0,sales-assisted,158.0,79.0,2,4184
U004812,0.6647992453987396,1,66.48,High,66.48,High,enterprise,monthly,199.0,2388.0,247,1,0,self-serve,1791.0,199.0,9,4185
U008784,0.6647900278332316,1,66.48,High,66.48,High,starter,monthly,29.0,348.0,188,0,1,self-serve,203.0,29.0,7,4186
U015613,0.6647900278332316,1,66.48,High,66.48,High,starter,monthly,29.0,348.0,188,0,1,self-serve,203.0,29.0,7,4187
U012998,0.6645299312368749,1,66.45,High,66.45,High,enterprise,annual,199.0,2388.0,136,0,0,partner,995.0,199.0,5,4188
U026383,0.6644718559717407,1,66.45,High,66.45,High,starter,monthly,29.0,348.0,310,3,0,self-serve,319.0,29.0,11,4189
U017613,0.6643745389385163,1,66.44,High,66.44,High,starter,monthly,29.0,348.0,42,0,1,self-serve,58.0,29.0,2,4190
U024084,0.6643059915821696,1,66.43,High,66.43,High,starter,annual,29.0,348.0,83,2,3,self-serve,87.0,29.0,3,4191
U007336,0.6642058456203906,1,66.42,High,66.42,High,enterprise,monthly,199.0,2388.0,206,2,2,self-serve,1393.0,199.0,7,4192
U029192,0.6642005041443158,1,66.42,High,66.42,High,starter,monthly,29.0,348.0,181,0,1,self-serve,203.0,29.0,7,4193
U000539,0.6641238162325542,1,66.41,High,66.41,High,enterprise,monthly,199.0,2388.0,142,1,1,self-serve,995.0,199.0,5,4194
U008523,0.6640709155379053,1,66.41,High,66.41,High,professional,monthly,79.0,948.0,274,1,2,sales-assisted,790.0,79.0,10,4195
U023168,0.6640625388370188,1,66.41,High,66.41,High,professional,monthly,79.0,948.0,646,2,0,self-serve,1738.0,79.0,22,4196
U005731,0.6639710040732922,1,66.4,High,66.4,High,starter,monthly,29.0,348.0,307,1,0,sales-assisted,319.0,29.0,11,4197
U006182,0.6638170216596283,1,66.38,High,66.38,High,starter,annual,29.0,348.0,190,0,0,sales-assisted,203.0,29.0,7,4198
U002265,0.6635804331904981,1,66.36,High,66.36,High,professional,annual,79.0,948.0,120,0,1,self-serve,316.0,79.0,4,4199
U019506,0.6635638693842589,1,66.36,High,66.36,High,starter,monthly,29.0,348.0,64,1,0,self-serve,87.0,29.0,3,4200
U000638,0.6635638693842589,1,66.36,High,66.36,High,starter,monthly,29.0,348.0,64,1,0,self-serve,87.0,29.0,3,4201
U025050,0.6634877872531937,1,66.35,High,66.35,High,enterprise,monthly,199.0,2388.0,170,2,0,self-serve,1194.0,199.0,6,4202
U014278,0.6634652778696887,1,66.35,High,66.35,High,starter,monthly,29.0,348.0,150,0,2,self-serve,145.0,29.0,5,4203
U008191,0.6633958440271192,1,66.34,High,66.34,High,starter,monthly,29.0,348.0,34,0,1,sales-assisted,58.0,29.0,2,4204
U017481,0.6630980923222357,1,66.31,High,66.31,High,starter,annual,29.0,348.0,174,1,1,sales-assisted,174.0,29.0,6,4205
U001152,0.6630633739392431,1,66.31,High,66.31,High,professional,monthly,79.0,948.0,92,0,1,self-serve,316.0,79.0,4,4206
U009802,0.6627508210178369,1,66.28,High,66.28,High,starter,monthly,29.0,348.0,158,1,1,self-serve,174.0,29.0,6,4207
U023137,0.6624525901056124,1,66.25,High,66.25,High,starter,monthly,29.0,348.0,127,1,0,sales-assisted,145.0,29.0,5,4208
U026222,0.6624105202641785,1,66.24,High,66.24,High,starter,annual,29.0,348.0,333,0,1,self-serve,319.0,29.0,11,4209
U027713,0.6621018550321949,1,66.21,High,66.21,High,starter,monthly,29.0,348.0,149,0,0,partner,145.0,29.0,5,4210
U009060,0.6619801787271338,1,66.2,High,66.2,High,professional,monthly,79.0,948.0,236,2,0,self-serve,632.0,79.0,8,4211
U021736,0.661811136136152,1,66.18,High,66.18,High,starter,annual,29.0,348.0,217,0,1,self-serve,232.0,29.0,8,4212
U012505,0.6616854462010154,1,66.17,High,66.17,High,enterprise,annual,199.0,2388.0,176,0,0,sales-assisted,1194.0,199.0,6,4213
U012659,0.6616680131697543,1,66.17,High,66.17,High,starter,monthly,29.0,348.0,134,0,1,self-serve,145.0,29.0,5,4214
U017457,0.661654239813186,1,66.17,High,66.17,High,starter,monthly,29.0,348.0,64,1,0,sales-assisted,87.0,29.0,3,4215
U006468,0.661421519361666,1,66.14,High,66.14,High,professional,monthly,79.0,948.0,156,2,0,self-serve,474.0,79.0,6,4216
U024646,0.6610461379818839,1,66.1,High,66.1,High,enterprise,annual,199.0,2388.0,344,1,0,partner,2388.0,199.0,12,4217
U000488,0.6609874493604451,1,66.1,High,66.1,High,professional,monthly,79.0,948.0,190,2,0,self-serve,553.0,79.0,7,4218
U021055,0.6609357984155378,1,66.09,High,66.09,High,enterprise,monthly,199.0,2388.0,138,0,1,sales-assisted,995.0,199.0,5,4219
U019890,0.6606625464874315,1,66.07,High,66.07,High,professional,annual,79.0,948.0,61,2,0,self-serve,237.0,79.0,3,4220
U026061,0.6606389214400816,1,66.06,High,66.06,High,starter,monthly,29.0,348.0,151,1,0,partner,145.0,29.0,5,4221
U017367,0.6604326187718842,1,66.04,High,66.04,High,starter,monthly,29.0,348.0,335,1,1,self-serve,348.0,29.0,12,4222
U020717,0.6602026389161022,1,66.02,High,66.02,High,starter,monthly,29.0,348.0,280,0,1,sales-assisted,290.0,29.0,10,4223
U006833,0.6601779261123183,1,66.02,High,66.02,High,starter,monthly,29.0,348.0,90,0,0,partner,87.0,29.0,3,4224
U005265,0.660146092548812,1,66.01,High,66.01,High,professional,monthly,79.0,948.0,279,0,0,self-serve,790.0,79.0,10,4225
U013445,0.6601336492130195,1,66.01,High,66.01,High,enterprise,monthly,199.0,2388.0,244,1,0,self-serve,1791.0,199.0,9,4226
U014716,0.6600537337644363,1,66.01,High,66.01,High,professional,annual,79.0,948.0,184,0,1,self-serve,553.0,79.0,7,4227
U005774,0.6597702880979555,1,65.98,High,65.98,High,professional,monthly,79.0,948.0,144,0,0,sales-assisted,395.0,79.0,5,4228
U011470,0.6597201904064498,1,65.97,High,65.97,High,professional,monthly,79.0,948.0,151,1,2,self-serve,395.0,79.0,5,4229
U014950,0.6596829745750975,1,65.97,High,65.97,High,professional,monthly,79.0,948.0,66,1,0,sales-assisted,237.0,79.0,3,4230
U020425,0.6596518275606122,1,65.97,High,65.97,High,starter,monthly,29.0,348.0,188,0,1,self-serve,203.0,29.0,7,4231
U015642,0.6596518275606122,1,65.97,High,65.97,High,starter,monthly,29.0,348.0,188,0,1,self-serve,203.0,29.0,7,4232
U022660,0.6594677852522266,1,65.95,High,65.95,High,starter,annual,29.0,348.0,390,0,0,self-serve,377.0,29.0,13,4233
U011928,0.6594177029270689,1,65.94,High,65.94,High,starter,monthly,29.0,348.0,236,0,1,sales-assisted,232.0,29.0,8,4234
U009980,0.6590475542918305,1,65.9,High,65.9,High,enterprise,monthly,199.0,2388.0,245,2,0,self-serve,1791.0,199.0,9,4235
U025908,0.6590436594846777,1,65.9,High,65.9,High,starter,monthly,29.0,348.0,96,1,1,self-serve,116.0,29.0,4,4236
U028715,0.6589764889245261,1,65.9,High,65.9,High,professional,annual,79.0,948.0,115,0,1,self-serve,316.0,79.0,4,4237
U027341,0.6589105301142795,1,65.89,High,65.89,High,starter,monthly,29.0,348.0,100,1,1,self-serve,116.0,29.0,4,4238
U012359,0.6587492992339382,1,65.87,High,65.87,High,enterprise,monthly,199.0,2388.0,96,1,1,sales-assisted,796.0,199.0,4,4239
U025665,0.6587492992339382,1,65.87,High,65.87,High,enterprise,monthly,199.0,2388.0,96,1,1,sales-assisted,796.0,199.0,4,4240
U020308,0.6585153716915993,1,65.85,High,65.85,High,starter,annual,29.0,348.0,184,1,0,partner,203.0,29.0,7,4241
U006721,0.6584264635234331,1,65.84,High,65.84,High,starter,monthly,29.0,348.0,162,0,0,self-serve,174.0,29.0,6,4242
U006936,0.6583645343207355,1,65.84,High,65.84,High,professional,monthly,79.0,948.0,229,2,0,self-serve,632.0,79.0,8,4243
U011112,0.6583323602195782,1,65.83,High,65.83,High,starter,monthly,29.0,348.0,89,2,1,self-serve,116.0,29.0,4,4244
U024671,0.6582950079402127,1,65.83,High,65.83,High,professional,monthly,79.0,948.0,277,2,0,self-serve,790.0,79.0,10,4245
U026832,0.6574966634249043,1,65.75,High,65.75,High,enterprise,monthly,199.0,2388.0,157,2,0,self-serve,1194.0,199.0,6,4246
U029556,0.6573955329128742,1,65.74,High,65.74,High,professional,monthly,79.0,948.0,244,1,1,self-serve,711.0,79.0,9,4247
U004119,0.6572772053808765,1,65.73,High,65.73,High,starter,monthly,29.0,348.0,467,1,0,sales-assisted,464.0,29.0,16,4248
U018871,0.6571372113606555,1,65.71,High,65.71,High,starter,monthly,29.0,348.0,201,0,1,self-serve,203.0,29.0,7,4249
U006001,0.6571372113606555,1,65.71,High,65.71,High,starter,monthly,29.0,348.0,201,0,1,self-serve,203.0,29.0,7,4250
U002001,0.6570188057673311,1,65.7,High,65.7,High,starter,monthly,29.0,348.0,129,1,0,self-serve,145.0,29.0,5,4251
U016950,0.656893209736161,1,65.69,High,65.69,High,enterprise,annual,199.0,2388.0,234,1,0,self-serve,1592.0,199.0,8,4252
U009643,0.6567045878185254,1,65.67,High,65.67,High,starter,monthly,29.0,348.0,276,1,1,self-serve,290.0,29.0,10,4253
U012066,0.6566913302952662,1,65.67,High,65.67,High,professional,monthly,79.0,948.0,164,2,0,sales-assisted,474.0,79.0,6,4254
U020046,0.6566795583888283,1,65.67,High,65.67,High,professional,monthly,79.0,948.0,291,0,0,sales-assisted,790.0,79.0,10,4255
U007323,0.6566330763170295,1,65.66,High,65.66,High,starter,monthly,29.0,348.0,120,0,0,partner,116.0,29.0,4,4256
U027659,0.6563095130936315,1,65.63,High,65.63,High,starter,monthly,29.0,348.0,340,2,0,partner,348.0,29.0,12,4257
U009259,0.6562281979844985,1,65.62,High,65.62,High,starter,monthly,29.0,348.0,190,1,0,sales-assisted,203.0,29.0,7,4258
U007914,0.6560488039745087,1,65.6,High,65.6,High,enterprise,monthly,199.0,2388.0,66,1,0,partner,597.0,199.0,3,4259
U006174,0.65591696603988,1,65.59,High,65.59,High,starter,monthly,29.0,348.0,148,0,0,partner,145.0,29.0,5,4260
U000529,0.655879651004095,1,65.59,High,65.59,High,starter,monthly,29.0,348.0,364,0,0,self-serve,348.0,29.0,12,4261
U005770,0.655879651004095,1,65.59,High,65.59,High,starter,monthly,29.0,348.0,364,0,0,self-serve,348.0,29.0,12,4262
U001468,0.6557632435003691,1,65.58,High,65.58,High,enterprise,monthly,199.0,2388.0,129,1,1,partner,995.0,199.0,5,4263
U018827,0.6557241749458402,1,65.57,High,65.57,High,professional,monthly,79.0,948.0,207,2,0,self-serve,553.0,79.0,7,4264
U021474,0.6556036783831274,1,65.56,High,65.56,High,professional,monthly,79.0,948.0,144,0,0,self-serve,395.0,79.0,5,4265
U006284,0.6556036783831274,1,65.56,High,65.56,High,professional,monthly,79.0,948.0,144,0,0,self-serve,395.0,79.0,5,4266
U017946,0.6555538486478408,1,65.56,High,65.56,High,starter,annual,29.0,348.0,375,0,0,self-serve,377.0,29.0,13,4267
U028624,0.6554775573326548,1,65.55,High,65.55,High,starter,monthly,29.0,348.0,378,2,0,sales-assisted,377.0,29.0,13,4268
U024184,0.6552801282932968,1,65.53,High,65.53,High,starter,monthly,29.0,348.0,488,0,0,self-serve,493.0,29.0,17,4269
U013305,0.6550639434422517,1,65.51,High,65.51,High,enterprise,monthly,199.0,2388.0,199,1,1,sales-assisted,1393.0,199.0,7,4270
U025725,0.6550006335538587,1,65.5,High,65.5,High,starter,monthly,29.0,348.0,95,1,1,self-serve,116.0,29.0,4,4271
U002929,0.6549820393639919,1,65.5,High,65.5,High,starter,monthly,29.0,348.0,148,0,0,partner,145.0,29.0,5,4272
U017151,0.6545520332057851,1,65.46,High,65.46,High,starter,monthly,29.0,348.0,461,2,0,self-serve,464.0,29.0,16,4273
U001598,0.6545217289944169,1,65.45,High,65.45,High,starter,monthly,29.0,348.0,300,1,1,self-serve,290.0,29.0,10,4274
U027241,0.6543743107848684,1,65.44,High,65.44,High,starter,monthly,29.0,348.0,164,1,1,self-serve,174.0,29.0,6,4275
U026003,0.6542236692856416,1,65.42,High,65.42,High,enterprise,monthly,199.0,2388.0,309,0,1,self-serve,2189.0,199.0,11,4276
U006371,0.6541209359045669,1,65.41,High,65.41,High,enterprise,annual,199.0,2388.0,204,0,2,self-serve,1393.0,199.0,7,4277
U022374,0.6540550647143212,1,65.41,High,65.41,High,enterprise,monthly,199.0,2388.0,238,1,0,sales-assisted,1592.0,199.0,8,4278
U004237,0.6538569014635204,1,65.39,High,65.39,High,starter,monthly,29.0,348.0,174,0,0,self-serve,174.0,29.0,6,4279
U009762,0.6538569014635204,1,65.39,High,65.39,High,starter,monthly,29.0,348.0,174,0,0,self-serve,174.0,29.0,6,4280
U014171,0.6538569014635204,1,65.39,High,65.39,High,starter,monthly,29.0,348.0,174,0,0,self-serve,174.0,29.0,6,4281
U011733,0.6537562706106216,1,65.38,High,65.38,High,starter,monthly,29.0,348.0,311,1,0,sales-assisted,319.0,29.0,11,4282
U020993,0.6537340326434699,1,65.37,High,65.37,High,enterprise,monthly,199.0,2388.0,92,2,0,sales-assisted,796.0,199.0,4,4283
U025119,0.6536604546327986,1,65.37,High,65.37,High,starter,monthly,29.0,348.0,272,0,0,self-serve,261.0,29.0,9,4284
U004949,0.6536604546327986,1,65.37,High,65.37,High,starter,monthly,29.0,348.0,272,0,0,self-serve,261.0,29.0,9,4285
U001992,0.6535620692771116,1,65.36,High,65.36,High,professional,monthly,79.0,948.0,280,1,0,partner,790.0,79.0,10,4286
U027657,0.6535573510582371,1,65.36,High,65.36,High,professional,monthly,79.0,948.0,31,0,0,self-serve,158.0,79.0,2,4287
U020663,0.6535573510582371,1,65.36,High,65.36,High,professional,monthly,79.0,948.0,31,0,0,self-serve,158.0,79.0,2,4288
U021555,0.6534807136784673,1,65.35,High,65.35,High,professional,monthly,79.0,948.0,148,0,0,sales-assisted,395.0,79.0,5,4289
U009403,0.6534807136784673,1,65.35,High,65.35,High,professional,monthly,79.0,948.0,148,0,0,sales-assisted,395.0,79.0,5,4290
U000656,0.6534807136784673,1,65.35,High,65.35,High,professional,monthly,79.0,948.0,148,0,0,sales-assisted,395.0,79.0,5,4291
U012544,0.6534137838222259,1,65.34,High,65.34,High,starter,annual,29.0,348.0,53,0,0,partner,58.0,29.0,2,4292
U020757,0.6529537759306674,1,65.3,High,65.3,High,professional,monthly,79.0,948.0,202,1,0,self-serve,553.0,79.0,7,4293
U000919,0.6523338418286099,1,65.23,High,65.23,High,starter,monthly,29.0,348.0,166,0,0,self-serve,174.0,29.0,6,4294
U008745,0.6522141804033046,1,65.22,High,65.22,High,starter,monthly,29.0,348.0,496,2,0,self-serve,493.0,29.0,17,4295
U016548,0.6516604346585512,1,65.17,High,65.17,High,professional,annual,79.0,948.0,66,0,0,partner,237.0,79.0,3,4296
U028518,0.6515727645760823,1,65.16,High,65.16,High,professional,monthly,79.0,948.0,133,0,0,sales-assisted,395.0,79.0,5,4297
U006029,0.6515727645760823,1,65.16,High,65.16,High,professional,monthly,79.0,948.0,133,0,0,sales-assisted,395.0,79.0,5,4298
U011317,0.6514018933095462,1,65.14,High,65.14,High,starter,annual,29.0,348.0,322,0,1,self-serve,319.0,29.0,11,4299
U018148,0.651395649176364,1,65.14,High,65.14,High,professional,annual,79.0,948.0,245,0,1,sales-assisted,711.0,79.0,9,4300
U024273,0.651313937040331,1,65.13,High,65.13,High,starter,annual,29.0,348.0,101,1,2,sales-assisted,116.0,29.0,4,4301
U025717,0.6513102947180033,1,65.13,High,65.13,High,professional,annual,79.0,948.0,184,0,0,self-serve,553.0,79.0,7,4302
U012530,0.6512890565639771,1,65.13,High,65.13,High,starter,monthly,29.0,348.0,260,1,0,self-serve,261.0,29.0,9,4303
U018508,0.651140537374578,1,65.11,High,65.11,High,starter,annual,29.0,348.0,219,0,0,sales-assisted,232.0,29.0,8,4304
U021040,0.6510145993751092,1,65.1,High,65.1,High,professional,monthly,79.0,948.0,206,3,0,self-serve,553.0,79.0,7,4305
U026722,0.6510087040077077,1,65.1,High,65.1,High,starter,monthly,29.0,348.0,301,1,1,self-serve,290.0,29.0,10,4306
U023260,0.6509963161483177,1,65.1,High,65.1,High,starter,monthly,29.0,348.0,126,1,1,sales-assisted,145.0,29.0,5,4307
U017199,0.6509700182024883,1,65.1,High,65.1,High,professional,monthly,79.0,948.0,82,2,0,self-serve,237.0,79.0,3,4308
U006681,0.6508635021897466,1,65.09,High,65.09,High,starter,annual,29.0,348.0,81,0,1,self-serve,87.0,29.0,3,4309
U004776,0.6507472557255497,1,65.07,High,65.07,High,professional,monthly,79.0,948.0,259,1,1,self-serve,711.0,79.0,9,4310
U020625,0.6506522435506632,1,65.07,High,65.07,High,starter,annual,29.0,348.0,28,0,0,self-serve,29.0,29.0,1,4311
U020224,0.6506522435506632,1,65.07,High,65.07,High,starter,annual,29.0,348.0,28,0,0,self-serve,29.0,29.0,1,4312
U025987,0.6505783352931709,1,65.06,High,65.06,High,starter,monthly,29.0,348.0,244,0,0,partner,261.0,29.0,9,4313
U002590,0.6504814094079432,1,65.05,High,65.05,High,professional,annual,79.0,948.0,295,3,0,self-serve,869.0,79.0,11,4314
U006658,0.6503312461424522,1,65.03,High,65.03,High,enterprise,monthly,199.0,2388.0,41,2,1,partner,398.0,199.0,2,4315
U008716,0.6503166607424924,1,65.03,High,65.03,High,starter,monthly,29.0,348.0,369,0,1,self-serve,406.0,29.0,14,4316
U013297,0.6502606486559891,1,65.03,High,65.03,High,starter,annual,29.0,348.0,233,0,0,partner,261.0,29.0,9,4317
U014507,0.6501181268618879,1,65.01,High,65.01,High,starter,monthly,29.0,348.0,212,2,0,self-serve,232.0,29.0,8,4318
U020980,0.650076784416383,1,65.01,High,65.01,High,professional,monthly,79.0,948.0,257,0,1,partner,711.0,79.0,9,4319
U022285,0.6499362832021198,1,64.99,High,64.99,High,starter,monthly,29.0,348.0,200,2,0,partner,203.0,29.0,7,4320
U020748,0.6499013553838255,1,64.99,High,64.99,High,professional,monthly,79.0,948.0,81,2,0,self-serve,237.0,79.0,3,4321
U005356,0.6498526621201891,1,64.99,High,64.99,High,starter,monthly,29.0,348.0,209,0,0,self-serve,203.0,29.0,7,4322
U025122,0.6498526621201891,1,64.99,High,64.99,High,starter,monthly,29.0,348.0,209,0,0,self-serve,203.0,29.0,7,4323
U008775,0.6498213297996237,1,64.98,High,64.98,High,professional,monthly,79.0,948.0,258,1,1,self-serve,711.0,79.0,9,4324
U003946,0.6496051867745426,1,64.96,High,64.96,High,enterprise,annual,199.0,2388.0,192,2,0,partner,1393.0,199.0,7,4325
U005359,0.6495532078183072,1,64.96,High,64.96,High,starter,monthly,29.0,348.0,256,2,0,self-serve,261.0,29.0,9,4326
U010821,0.6492462115100945,1,64.92,High,64.92,High,professional,annual,79.0,948.0,136,1,0,self-serve,395.0,79.0,5,4327
U011282,0.6492426879821113,1,64.92,High,64.92,High,starter,monthly,29.0,348.0,173,0,2,sales-assisted,174.0,29.0,6,4328
U013079,0.6491627563571742,1,64.92,High,64.92,High,starter,annual,29.0,348.0,318,0,1,self-serve,319.0,29.0,11,4329
U007406,0.6490872849668292,1,64.91,High,64.91,High,starter,monthly,29.0,348.0,131,1,0,sales-assisted,145.0,29.0,5,4330
U012511,0.6490872849668292,1,64.91,High,64.91,High,starter,monthly,29.0,348.0,131,1,0,sales-assisted,145.0,29.0,5,4331
U010017,0.6489992568172228,1,64.9,High,64.9,High,enterprise,monthly,199.0,2388.0,157,0,0,sales-assisted,1194.0,199.0,6,4332
U004732,0.6489970916476188,1,64.9,High,64.9,High,starter,monthly,29.0,348.0,247,0,0,partner,261.0,29.0,9,4333
U012962,0.6488596172406392,1,64.89,High,64.89,High,professional,monthly,79.0,948.0,149,1,1,self-serve,395.0,79.0,5,4334
U004504,0.6488448549779854,1,64.88,High,64.88,High,starter,monthly,29.0,348.0,324,0,2,self-serve,319.0,29.0,11,4335
U000426,0.6484428555880554,1,64.84,High,64.84,High,starter,monthly,29.0,348.0,264,1,0,sales-assisted,261.0,29.0,9,4336
U025019,0.6484031470507577,1,64.84,High,64.84,High,starter,monthly,29.0,348.0,58,1,2,self-serve,58.0,29.0,2,4337
U012931,0.6483301548811778,1,64.83,High,64.83,High,starter,monthly,29.0,348.0,105,0,0,self-serve,116.0,29.0,4,4338
U003928,0.6483301548811778,1,64.83,High,64.83,High,starter,monthly,29.0,348.0,105,0,0,self-serve,116.0,29.0,4,4339
U009144,0.6482475969235765,1,64.82,High,64.82,High,starter,annual,29.0,348.0,144,1,2,self-serve,145.0,29.0,5,4340
U018809,0.6482077644211421,1,64.82,High,64.82,High,starter,monthly,29.0,348.0,218,0,0,self-serve,232.0,29.0,8,4341
U000864,0.6482077644211421,1,64.82,High,64.82,High,starter,monthly,29.0,348.0,218,0,0,self-serve,232.0,29.0,8,4342
U013033,0.6482077644211421,1,64.82,High,64.82,High,starter,monthly,29.0,348.0,218,0,0,self-serve,232.0,29.0,8,4343
U005250,0.6481949444413699,1,64.82,High,64.82,High,professional,monthly,79.0,948.0,37,2,0,self-serve,158.0,79.0,2,4344
U001818,0.6481538679619774,1,64.82,High,64.82,High,starter,monthly,29.0,348.0,371,2,0,sales-assisted,377.0,29.0,13,4345
U018261,0.6480380343959569,1,64.8,High,64.8,High,starter,monthly,29.0,348.0,40,3,0,self-serve,58.0,29.0,2,4346
U014691,0.6478693313704753,1,64.79,High,64.79,High,professional,monthly,79.0,948.0,140,3,0,self-serve,395.0,79.0,5,4347
U017483,0.6477531736694148,1,64.78,High,64.78,High,enterprise,monthly,199.0,2388.0,62,0,0,partner,597.0,199.0,3,4348
U027882,0.6475513516287623,1,64.76,High,64.76,High,starter,monthly,29.0,348.0,502,1,1,self-serve,493.0,29.0,17,4349
U016290,0.6475513516287623,1,64.76,High,64.76,High,starter,monthly,29.0,348.0,502,1,1,self-serve,493.0,29.0,17,4350
U018972,0.6474899156557318,1,64.75,High,64.75,High,enterprise,monthly,199.0,2388.0,305,1,0,partner,2189.0,199.0,11,4351
U024092,0.6474833992842256,1,64.75,High,64.75,High,professional,monthly,79.0,948.0,312,1,0,self-serve,869.0,79.0,11,4352
U017537,0.6473294649135536,1,64.73,High,64.73,High,professional,annual,79.0,948.0,249,1,0,sales-assisted,711.0,79.0,9,4353
U026473,0.6471720611759653,1,64.72,High,64.72,High,professional,annual,79.0,948.0,185,0,0,self-serve,553.0,79.0,7,4354
U005034,0.6471047312073588,1,64.71,High,64.71,High,professional,monthly,79.0,948.0,64,0,0,sales-assisted,237.0,79.0,3,4355
U003024,0.6470877910103149,1,64.71,High,64.71,High,starter,monthly,29.0,348.0,64,0,0,self-serve,87.0,29.0,3,4356
U000925,0.646931508675487,1,64.69,High,64.69,High,starter,monthly,29.0,348.0,147,1,0,self-serve,145.0,29.0,5,4357
U029390,0.646894012873195,1,64.69,High,64.69,High,starter,monthly,29.0,348.0,146,1,0,sales-assisted,145.0,29.0,5,4358
U022090,0.646865971172247,1,64.69,High,64.69,High,professional,monthly,79.0,948.0,300,2,0,self-serve,790.0,79.0,10,4359
U025185,0.6468487855386724,1,64.68,High,64.68,High,starter,monthly,29.0,348.0,31,0,1,partner,58.0,29.0,2,4360
U029651,0.6466759758747855,1,64.67,High,64.67,High,starter,monthly,29.0,348.0,557,0,0,self-serve,551.0,29.0,19,4361
U018600,0.6466681880648179,1,64.67,High,64.67,High,starter,monthly,29.0,348.0,340,0,0,self-serve,348.0,29.0,12,4362
U012667,0.6466681880648179,1,64.67,High,64.67,High,starter,monthly,29.0,348.0,340,0,0,self-serve,348.0,29.0,12,4363
U006044,0.6464444550472382,1,64.64,High,64.64,High,professional,annual,79.0,948.0,441,2,0,sales-assisted,1185.0,79.0,15,4364
U029962,0.6464341614475123,1,64.64,High,64.64,High,starter,monthly,29.0,348.0,100,0,0,sales-assisted,116.0,29.0,4,4365
U012661,0.6463781826782206,1,64.64,High,64.64,High,professional,monthly,79.0,948.0,124,1,1,self-serve,395.0,79.0,5,4366
U001125,0.6462992350528388,1,64.63,High,64.63,High,starter,monthly,29.0,348.0,306,1,0,sales-assisted,319.0,29.0,11,4367
U004447,0.6461304804389314,1,64.61,High,64.61,High,starter,monthly,29.0,348.0,626,0,0,partner,609.0,29.0,21,4368
U016695,0.6461282708727889,1,64.61,High,64.61,High,professional,monthly,79.0,948.0,199,2,0,partner,553.0,79.0,7,4369
U001305,0.6458939254238342,1,64.59,High,64.59,High,starter,monthly,29.0,348.0,35,0,0,sales-assisted,58.0,29.0,2,4370
U011663,0.6458784405528029,1,64.59,High,64.59,High,starter,monthly,29.0,348.0,338,2,0,partner,348.0,29.0,12,4371
U003465,0.6457467548320012,1,64.57,High,64.57,High,starter,annual,29.0,348.0,82,0,0,sales-assisted,87.0,29.0,3,4372
U014918,0.6453851973341643,1,64.54,High,64.54,High,starter,monthly,29.0,348.0,142,1,0,self-serve,145.0,29.0,5,4373
U015313,0.6452432921238576,1,64.52,High,64.52,High,starter,monthly,29.0,348.0,269,2,0,sales-assisted,261.0,29.0,9,4374
U026073,0.6451510273557713,1,64.52,High,64.52,High,professional,monthly,79.0,948.0,268,0,1,self-serve,711.0,79.0,9,4375
U006840,0.6449865801503698,1,64.5,High,64.5,High,starter,monthly,29.0,348.0,78,1,0,sales-assisted,87.0,29.0,3,4376
U010275,0.6449865801503698,1,64.5,High,64.5,High,starter,monthly,29.0,348.0,78,1,0,sales-assisted,87.0,29.0,3,4377
U004763,0.6449228250516534,1,64.49,High,64.49,High,professional,monthly,79.0,948.0,306,0,0,sales-assisted,869.0,79.0,11,4378
U012734,0.6449062452407858,1,64.49,High,64.49,High,professional,monthly,79.0,948.0,69,1,1,sales-assisted,237.0,79.0,3,4379
U026678,0.6448773445883338,1,64.49,High,64.49,High,starter,monthly,29.0,348.0,265,1,0,sales-assisted,261.0,29.0,9,4380
U026761,0.64487271367152,1,64.49,High,64.49,High,professional,monthly,79.0,948.0,316,0,0,sales-assisted,869.0,79.0,11,4381
U001682,0.6448495902788288,1,64.48,High,64.48,High,starter,monthly,29.0,348.0,193,0,1,self-serve,203.0,29.0,7,4382
U013012,0.6447908390943996,1,64.48,High,64.48,High,starter,monthly,29.0,348.0,128,1,0,self-serve,145.0,29.0,5,4383
U015820,0.644570735499935,1,64.46,High,64.46,High,enterprise,monthly,199.0,2388.0,165,2,0,self-serve,1194.0,199.0,6,4384
U000334,0.6443058340171439,1,64.43,High,64.43,High,professional,annual,79.0,948.0,100,0,0,self-serve,316.0,79.0,4,4385
U022666,0.6441714233280055,1,64.42,High,64.42,High,professional,annual,79.0,948.0,115,2,0,sales-assisted,316.0,79.0,4,4386
U029894,0.6440763493926465,1,64.41,High,64.41,High,professional,monthly,79.0,948.0,159,1,0,sales-assisted,474.0,79.0,6,4387
U021986,0.6440005179005016,1,64.4,High,64.4,High,starter,annual,29.0,348.0,292,2,1,self-serve,290.0,29.0,10,4388
U023230,0.6439657189994242,1,64.4,High,64.4,High,starter,monthly,29.0,348.0,113,0,2,self-serve,116.0,29.0,4,4389
U014065,0.6439657189994242,1,64.4,High,64.4,High,starter,monthly,29.0,348.0,113,0,2,self-serve,116.0,29.0,4,4390
U018687,0.6438207898404228,1,64.38,High,64.38,High,starter,monthly,29.0,348.0,251,0,1,self-serve,261.0,29.0,9,4391
U024415,0.6438207898404228,1,64.38,High,64.38,High,starter,monthly,29.0,348.0,251,0,1,self-serve,261.0,29.0,9,4392
U027157,0.6437280727579815,1,64.37,High,64.37,High,starter,monthly,29.0,348.0,34,0,0,sales-assisted,58.0,29.0,2,4393
U027632,0.6435398089233835,1,64.35,High,64.35,High,starter,monthly,29.0,348.0,192,2,0,sales-assisted,203.0,29.0,7,4394
U024598,0.643434003203589,1,64.34,High,64.34,High,professional,annual,79.0,948.0,338,2,0,sales-assisted,1027.0,79.0,13,4395
U010124,0.6433473676266932,1,64.33,High,64.33,High,starter,annual,29.0,348.0,171,2,0,sales-assisted,174.0,29.0,6,4396
U028540,0.64332769440372,1,64.33,High,64.33,High,starter,monthly,29.0,348.0,56,1,0,self-serve,58.0,29.0,2,4397
U009183,0.6432393326583452,1,64.32,High,64.32,High,starter,monthly,29.0,348.0,318,0,1,partner,319.0,29.0,11,4398
U009445,0.6431206980955005,1,64.31,High,64.31,High,starter,annual,29.0,348.0,81,2,1,sales-assisted,87.0,29.0,3,4399
U018676,0.6430993177123938,1,64.31,High,64.31,High,starter,monthly,29.0,348.0,70,1,0,self-serve,87.0,29.0,3,4400
U009807,0.6430993177123938,1,64.31,High,64.31,High,starter,monthly,29.0,348.0,70,1,0,self-serve,87.0,29.0,3,4401
U005879,0.642998659827195,1,64.3,High,64.3,High,starter,monthly,29.0,348.0,29,2,0,self-serve,29.0,29.0,1,4402
U006623,0.642997824735262,1,64.3,High,64.3,High,enterprise,monthly,199.0,2388.0,285,1,0,self-serve,1990.0,199.0,10,4403
U003193,0.6429154274776151,1,64.29,High,64.29,High,starter,monthly,29.0,348.0,84,2,0,sales-assisted,87.0,29.0,3,4404
U011200,0.6429095262919998,1,64.29,High,64.29,High,professional,monthly,79.0,948.0,161,1,0,sales-assisted,474.0,79.0,6,4405
U002575,0.6424115213823378,1,64.24,High,64.24,High,professional,monthly,79.0,948.0,205,1,1,self-serve,553.0,79.0,7,4406
U027148,0.6423340620051237,1,64.23,High,64.23,High,professional,monthly,79.0,948.0,150,2,0,self-serve,395.0,79.0,5,4407
U028683,0.641849658961828,1,64.18,High,64.18,High,enterprise,monthly,199.0,2388.0,224,1,1,sales-assisted,1592.0,199.0,8,4408
U002018,0.6418204974522657,1,64.18,High,64.18,High,professional,annual,79.0,948.0,280,0,0,sales-assisted,790.0,79.0,10,4409
U029273,0.6416297400922893,1,64.16,High,64.16,High,professional,monthly,79.0,948.0,72,1,1,sales-assisted,237.0,79.0,3,4410
U021011,0.6415860100612452,1,64.16,High,64.16,High,starter,annual,29.0,348.0,44,0,0,sales-assisted,58.0,29.0,2,4411
U000405,0.6415000971849182,1,64.15,High,64.15,High,starter,annual,29.0,348.0,173,0,1,self-serve,174.0,29.0,6,4412
U020107,0.6413634801387664,1,64.14,High,64.14,High,starter,monthly,29.0,348.0,206,0,0,sales-assisted,203.0,29.0,7,4413
U002521,0.6413504671425924,1,64.14,High,64.14,High,starter,monthly,29.0,348.0,180,0,0,partner,174.0,29.0,6,4414
U013371,0.6413504671425924,1,64.14,High,64.14,High,starter,monthly,29.0,348.0,180,0,0,partner,174.0,29.0,6,4415
U026544,0.6413414207935119,1,64.13,High,64.13,High,starter,annual,29.0,348.0,81,1,0,self-serve,87.0,29.0,3,4416
U003982,0.6413327884623613,1,64.13,High,64.13,High,starter,annual,29.0,348.0,274,0,0,sales-assisted,290.0,29.0,10,4417
U008609,0.6412067679469774,1,64.12,High,64.12,High,professional,annual,79.0,948.0,119,1,0,self-serve,316.0,79.0,4,4418
U024942,0.6411886289098594,1,64.12,High,64.12,High,professional,annual,79.0,948.0,81,0,1,self-serve,237.0,79.0,3,4419
U021090,0.641174877839271,1,64.12,High,64.12,High,starter,annual,29.0,348.0,117,3,1,partner,116.0,29.0,4,4420
U013865,0.6408959531231614,1,64.09,High,64.09,High,enterprise,annual,199.0,2388.0,161,1,0,partner,1194.0,199.0,6,4421
U001913,0.6408310320328455,1,64.08,High,64.08,High,professional,monthly,79.0,948.0,61,3,0,sales-assisted,237.0,79.0,3,4422
U014891,0.6407976304436739,1,64.08,High,64.08,High,starter,annual,29.0,348.0,223,1,0,self-serve,232.0,29.0,8,4423
U011125,0.6405675673660486,1,64.06,High,64.06,High,professional,annual,79.0,948.0,219,0,0,sales-assisted,632.0,79.0,8,4424
U027580,0.640528153559244,1,64.05,High,64.05,High,professional,monthly,79.0,948.0,248,1,0,self-serve,711.0,79.0,9,4425
U028377,0.6404094095124492,1,64.04,High,64.04,High,starter,annual,29.0,348.0,136,0,0,self-serve,145.0,29.0,5,4426
U007898,0.6402771664802325,1,64.03,High,64.03,High,professional,annual,79.0,948.0,68,1,0,self-serve,237.0,79.0,3,4427
U017860,0.6400647067219342,1,64.01,High,64.01,High,professional,annual,79.0,948.0,225,0,0,sales-assisted,632.0,79.0,8,4428
U024855,0.6400572978276834,1,64.01,High,64.01,High,starter,monthly,29.0,348.0,336,1,0,sales-assisted,348.0,29.0,12,4429
U028795,0.6400151893545221,1,64.0,High,64.0,High,professional,monthly,79.0,948.0,415,1,0,self-serve,1106.0,79.0,14,4430
U012232,0.6399190345156582,1,63.99,High,63.99,High,starter,monthly,29.0,348.0,173,1,0,self-serve,174.0,29.0,6,4431
U022355,0.6398863682250163,1,63.99,High,63.99,High,starter,monthly,29.0,348.0,284,3,0,self-serve,290.0,29.0,10,4432
U004281,0.6396163745845259,1,63.96,High,63.96,High,professional,monthly,79.0,948.0,134,0,0,sales-assisted,395.0,79.0,5,4433
U012842,0.63958783964349,1,63.96,High,63.96,High,professional,monthly,79.0,948.0,147,1,1,self-serve,395.0,79.0,5,4434
U003411,0.639518122621739,1,63.95,High,63.95,High,starter,monthly,29.0,348.0,210,0,1,sales-assisted,203.0,29.0,7,4435
U011159,0.6394692800501967,1,63.95,High,63.95,High,enterprise,monthly,199.0,2388.0,126,1,0,self-serve,995.0,199.0,5,4436
U003035,0.6394619978243183,1,63.95,High,63.95,High,professional,monthly,79.0,948.0,316,0,0,self-serve,869.0,79.0,11,4437
U018614,0.6394619978243183,1,63.95,High,63.95,High,professional,monthly,79.0,948.0,316,0,0,self-serve,869.0,79.0,11,4438
U012984,0.6394136244389107,1,63.94,High,63.94,High,starter,monthly,29.0,348.0,205,0,0,sales-assisted,203.0,29.0,7,4439
U004002,0.6393808674765048,1,63.94,High,63.94,High,starter,monthly,29.0,348.0,99,0,0,self-serve,116.0,29.0,4,4440
U013528,0.6393669486493686,1,63.94,High,63.94,High,starter,monthly,29.0,348.0,202,0,0,self-serve,203.0,29.0,7,4441
U022541,0.6392861100187665,1,63.93,High,63.93,High,starter,monthly,29.0,348.0,437,0,0,sales-assisted,435.0,29.0,15,4442
U001703,0.6392861100187665,1,63.93,High,63.93,High,starter,monthly,29.0,348.0,437,0,0,sales-assisted,435.0,29.0,15,4443
U022974,0.6390475412487747,1,63.9,High,63.9,High,starter,monthly,29.0,348.0,184,1,1,self-serve,203.0,29.0,7,4444
U019945,0.6389807414303903,1,63.9,High,63.9,High,professional,monthly,79.0,948.0,319,1,0,self-serve,869.0,79.0,11,4445
U009143,0.6387910471910745,1,63.88,High,63.88,High,enterprise,monthly,199.0,2388.0,137,0,2,self-serve,995.0,199.0,5,4446
U020045,0.6386653066264314,1,63.87,High,63.87,High,enterprise,monthly,199.0,2388.0,273,0,1,sales-assisted,1990.0,199.0,10,4447
U014959,0.6385062792098397,1,63.85,High,63.85,High,starter,monthly,29.0,348.0,129,1,0,self-serve,145.0,29.0,5,4448
U003561,0.6384922644872448,1,63.85,High,63.85,High,starter,monthly,29.0,348.0,209,3,1,sales-assisted,203.0,29.0,7,4449
U001719,0.6384103802364058,1,63.84,High,63.84,High,starter,monthly,29.0,348.0,57,1,0,self-serve,58.0,29.0,2,4450
U018928,0.6381116725138362,1,63.81,High,63.81,High,starter,annual,29.0,348.0,186,0,0,sales-assisted,203.0,29.0,7,4451
U007135,0.6380071035301542,1,63.8,High,63.8,High,enterprise,monthly,199.0,2388.0,35,4,0,self-serve,398.0,199.0,2,4452
U019509,0.637896346897045,1,63.79,High,63.79,High,starter,monthly,29.0,348.0,204,0,0,sales-assisted,203.0,29.0,7,4453
U020917,0.6378752291697523,1,63.79,High,63.79,High,starter,monthly,29.0,348.0,317,2,1,sales-assisted,319.0,29.0,11,4454
U018130,0.6378269126567772,1,63.78,High,63.78,High,starter,monthly,29.0,348.0,339,2,0,self-serve,348.0,29.0,12,4455
U009911,0.6378246554030366,1,63.78,High,63.78,High,starter,monthly,29.0,348.0,85,0,0,self-serve,87.0,29.0,3,4456
U011405,0.6378246554030366,1,63.78,High,63.78,High,starter,monthly,29.0,348.0,85,0,0,self-serve,87.0,29.0,3,4457
U002616,0.63775041712376,1,63.78,High,63.78,High,starter,monthly,29.0,348.0,398,2,0,self-serve,406.0,29.0,14,4458
U018354,0.6376901400855004,1,63.77,High,63.77,High,starter,monthly,29.0,348.0,179,1,1,self-serve,174.0,29.0,6,4459
U013702,0.637370019274668,1,63.74,High,63.74,High,enterprise,monthly,199.0,2388.0,243,1,0,sales-assisted,1791.0,199.0,9,4460
U023342,0.6372610934676924,1,63.73,High,63.73,High,starter,monthly,29.0,348.0,78,2,0,sales-assisted,87.0,29.0,3,4461
U004430,0.6370214482933292,1,63.7,High,63.7,High,professional,annual,79.0,948.0,61,2,0,partner,237.0,79.0,3,4462
U025235,0.636783520521403,1,63.68,High,63.68,High,starter,monthly,29.0,348.0,39,0,1,partner,58.0,29.0,2,4463
U011691,0.6367536958051594,1,63.68,High,63.68,High,starter,monthly,29.0,348.0,98,1,0,partner,116.0,29.0,4,4464
U007603,0.6366684190420825,1,63.67,High,63.67,High,starter,monthly,29.0,348.0,379,2,0,sales-assisted,377.0,29.0,13,4465
U016580,0.6366486689511266,1,63.66,High,63.66,High,enterprise,monthly,199.0,2388.0,218,0,1,self-serve,1592.0,199.0,8,4466
U010926,0.6364689681274923,1,63.65,High,63.65,High,starter,monthly,29.0,348.0,28,0,1,self-serve,29.0,29.0,1,4467
U017571,0.636443123035829,1,63.64,High,63.64,High,starter,annual,29.0,348.0,43,0,0,self-serve,58.0,29.0,2,4468
U009034,0.636319704010485,1,63.63,High,63.63,High,professional,monthly,79.0,948.0,367,0,0,self-serve,1027.0,79.0,13,4469
U002147,0.636319704010485,1,63.63,High,63.63,High,professional,monthly,79.0,948.0,367,0,0,self-serve,1027.0,79.0,13,4470
U003083,0.636319704010485,1,63.63,High,63.63,High,professional,monthly,79.0,948.0,367,0,0,self-serve,1027.0,79.0,13,4471
U024991,0.6362396334780708,1,63.62,High,63.62,High,starter,annual,29.0,348.0,69,1,0,self-serve,87.0,29.0,3,4472
U002879,0.6361773526553994,1,63.62,High,63.62,High,enterprise,monthly,199.0,2388.0,217,1,1,self-serve,1592.0,199.0,8,4473
U008798,0.6361742387813799,1,63.62,High,63.62,High,professional,monthly,79.0,948.0,277,2,0,self-serve,790.0,79.0,10,4474
U021627,0.6360402472221738,1,63.6,High,63.6,High,professional,annual,79.0,948.0,20,0,2,sales-assisted,79.0,79.0,1,4475
U000414,0.6360123823593242,1,63.6,High,63.6,High,professional,monthly,79.0,948.0,192,0,0,self-serve,553.0,79.0,7,4476
U011552,0.6359718073074722,1,63.6,High,63.6,High,starter,monthly,29.0,348.0,51,1,1,sales-assisted,58.0,29.0,2,4477
U002103,0.6359554821391291,1,63.6,High,63.6,High,professional,monthly,79.0,948.0,68,0,3,partner,237.0,79.0,3,4478
U029290,0.6358645102788328,1,63.59,High,63.59,High,professional,monthly,79.0,948.0,276,2,0,self-serve,790.0,79.0,10,4479
U006813,0.635817330847017,1,63.58,High,63.58,High,starter,monthly,29.0,348.0,252,1,0,self-serve,261.0,29.0,9,4480
U000180,0.635817330847017,1,63.58,High,63.58,High,starter,monthly,29.0,348.0,252,1,0,self-serve,261.0,29.0,9,4481
U010165,0.6358017446716171,1,63.58,High,63.58,High,starter,annual,29.0,348.0,71,0,0,self-serve,87.0,29.0,3,4482
U017658,0.6357533990200374,1,63.58,High,63.58,High,starter,monthly,29.0,348.0,50,1,0,self-serve,58.0,29.0,2,4483
U028424,0.6357428206670391,1,63.57,High,63.57,High,professional,monthly,79.0,948.0,205,1,0,sales-assisted,553.0,79.0,7,4484
U022852,0.6357075198393022,1,63.57,High,63.57,High,starter,annual,29.0,348.0,58,0,1,self-serve,58.0,29.0,2,4485
U021484,0.63569411818354,1,63.57,High,63.57,High,starter,monthly,29.0,348.0,104,1,1,self-serve,116.0,29.0,4,4486
U008616,0.6355338541289006,1,63.55,High,63.55,High,professional,monthly,79.0,948.0,601,1,0,self-serve,1580.0,79.0,20,4487
U023937,0.6355338541289006,1,63.55,High,63.55,High,professional,monthly,79.0,948.0,601,1,0,self-serve,1580.0,79.0,20,4488
U007615,0.6352064750220083,1,63.52,High,63.52,High,professional,annual,79.0,948.0,293,0,0,self-serve,790.0,79.0,10,4489
U016349,0.6350956371067217,1,63.51,High,63.51,High,starter,monthly,29.0,348.0,257,0,0,self-serve,261.0,29.0,9,4490
U005606,0.6350956371067217,1,63.51,High,63.51,High,starter,monthly,29.0,348.0,257,0,0,self-serve,261.0,29.0,9,4491
U009430,0.6350934019779199,1,63.51,High,63.51,High,professional,monthly,79.0,948.0,259,0,0,sales-assisted,711.0,79.0,9,4492
U023440,0.6350931742020037,1,63.51,High,63.51,High,professional,monthly,79.0,948.0,204,2,1,sales-assisted,553.0,79.0,7,4493
U016272,0.6350199473689325,1,63.5,High,63.5,High,starter,annual,29.0,348.0,157,2,0,sales-assisted,174.0,29.0,6,4494
U008455,0.6349610158441372,1,63.5,High,63.5,High,professional,monthly,79.0,948.0,193,1,0,sales-assisted,553.0,79.0,7,4495
U025255,0.6349610158441372,1,63.5,High,63.5,High,professional,monthly,79.0,948.0,193,1,0,sales-assisted,553.0,79.0,7,4496
U001887,0.6348338803962247,1,63.48,High,63.48,High,starter,monthly,29.0,348.0,67,0,0,partner,87.0,29.0,3,4497
U029259,0.6348241233750223,1,63.48,High,63.48,High,enterprise,monthly,199.0,2388.0,139,0,0,self-serve,995.0,199.0,5,4498
U024291,0.6345568038054158,1,63.46,High,63.46,High,starter,monthly,29.0,348.0,168,0,1,sales-assisted,174.0,29.0,6,4499
U016802,0.6345568038054158,1,63.46,High,63.46,High,starter,monthly,29.0,348.0,168,0,1,sales-assisted,174.0,29.0,6,4500
U018561,0.6344857751665143,1,63.45,High,63.45,High,professional,annual,79.0,948.0,206,0,0,sales-assisted,553.0,79.0,7,4501
U016260,0.6344154839158355,1,63.44,High,63.44,High,starter,monthly,29.0,348.0,233,1,1,sales-assisted,232.0,29.0,8,4502
U016002,0.6343848275620797,1,63.44,High,63.44,High,starter,annual,29.0,348.0,486,0,0,self-serve,464.0,29.0,16,4503
U003471,0.6343783632298965,1,63.44,High,63.44,High,starter,annual,29.0,348.0,64,1,0,self-serve,87.0,29.0,3,4504
U006637,0.6343554732359266,1,63.44,High,63.44,High,professional,annual,79.0,948.0,151,2,0,self-serve,395.0,79.0,5,4505
U008007,0.6341905941526125,1,63.42,High,63.42,High,professional,monthly,79.0,948.0,257,1,0,sales-assisted,711.0,79.0,9,4506
U019051,0.6341905941526125,1,63.42,High,63.42,High,professional,monthly,79.0,948.0,257,1,0,sales-assisted,711.0,79.0,9,4507
U020434,0.6341595837687817,1,63.42,High,63.42,High,professional,monthly,79.0,948.0,120,2,0,self-serve,316.0,79.0,4,4508
U016054,0.6339304695201682,1,63.39,High,63.39,High,professional,monthly,79.0,948.0,251,2,1,sales-assisted,711.0,79.0,9,4509
U028574,0.6337526003234186,1,63.38,High,63.38,High,professional,monthly,79.0,948.0,341,0,1,self-serve,948.0,79.0,12,4510
U026409,0.6336442034024048,1,63.36,High,63.36,High,professional,annual,79.0,948.0,340,0,2,self-serve,948.0,79.0,12,4511
U011011,0.6336427635433434,1,63.36,High,63.36,High,starter,monthly,29.0,348.0,141,1,0,self-serve,145.0,29.0,5,4512
U028329,0.6336418510037705,1,63.36,High,63.36,High,enterprise,monthly,199.0,2388.0,177,0,0,self-serve,1194.0,199.0,6,4513
U029525,0.633444679889679,1,63.34,High,63.34,High,enterprise,monthly,199.0,2388.0,25,2,0,self-serve,199.0,199.0,1,4514
U002800,0.6331928923108856,1,63.32,High,63.32,High,professional,monthly,79.0,948.0,196,2,0,sales-assisted,553.0,79.0,7,4515
U010502,0.633071177074601,1,63.31,High,63.31,High,professional,monthly,79.0,948.0,131,1,0,sales-assisted,395.0,79.0,5,4516
U024864,0.6330298240005421,1,63.3,High,63.3,High,starter,annual,29.0,348.0,235,0,0,sales-assisted,232.0,29.0,8,4517
U009260,0.6328576768803036,1,63.29,High,63.29,High,professional,annual,79.0,948.0,81,2,0,self-serve,237.0,79.0,3,4518
U021763,0.6328330714859925,1,63.28,High,63.28,High,starter,annual,29.0,348.0,291,0,0,self-serve,290.0,29.0,10,4519
U016037,0.6328077235898139,1,63.28,High,63.28,High,enterprise,annual,199.0,2388.0,38,0,2,partner,398.0,199.0,2,4520
U022294,0.6328035407295823,1,63.28,High,63.28,High,starter,monthly,29.0,348.0,339,0,0,self-serve,348.0,29.0,12,4521
U009901,0.6327613629769765,1,63.28,High,63.28,High,starter,monthly,29.0,348.0,33,0,1,sales-assisted,58.0,29.0,2,4522
U003910,0.6324960257850198,1,63.25,High,63.25,High,starter,monthly,29.0,348.0,448,0,0,self-serve,435.0,29.0,15,4523
U004422,0.6323897929772577,1,63.24,High,63.24,High,starter,monthly,29.0,348.0,184,0,1,self-serve,203.0,29.0,7,4524
U020294,0.6323342645502643,1,63.23,High,63.23,High,enterprise,monthly,199.0,2388.0,145,0,0,self-serve,995.0,199.0,5,4525
U023638,0.6320045199858055,1,63.2,High,63.2,High,starter,monthly,29.0,348.0,319,0,1,self-serve,319.0,29.0,11,4526
U001124,0.631752358683262,1,63.18,High,63.18,High,starter,monthly,29.0,348.0,179,0,0,self-serve,174.0,29.0,6,4527
U023384,0.631687068040212,1,63.17,High,63.17,High,starter,monthly,29.0,348.0,92,0,1,partner,116.0,29.0,4,4528
U023019,0.6316669758445306,1,63.17,High,63.17,High,professional,annual,79.0,948.0,152,0,0,partner,395.0,79.0,5,4529
U012882,0.6314646358464567,1,63.15,High,63.15,High,enterprise,monthly,199.0,2388.0,129,1,0,self-serve,995.0,199.0,5,4530
U016683,0.6313891092546842,1,63.14,High,63.14,High,starter,monthly,29.0,348.0,398,1,1,self-serve,406.0,29.0,14,4531
U007845,0.6312185679767651,1,63.12,High,63.12,High,starter,annual,29.0,348.0,189,0,0,self-serve,203.0,29.0,7,4532
U027859,0.6312161487677227,1,63.12,High,63.12,High,starter,monthly,29.0,348.0,35,0,1,self-serve,58.0,29.0,2,4533
U002563,0.6312161487677227,1,63.12,High,63.12,High,starter,monthly,29.0,348.0,35,0,1,self-serve,58.0,29.0,2,4534
U009137,0.6312161487677227,1,63.12,High,63.12,High,starter,monthly,29.0,348.0,35,0,1,self-serve,58.0,29.0,2,4535
U017091,0.6312116303556747,1,63.12,High,63.12,High,starter,monthly,29.0,348.0,441,0,0,self-serve,435.0,29.0,15,4536
U029514,0.6310888840981725,1,63.11,High,63.11,High,enterprise,monthly,199.0,2388.0,234,0,0,partner,1592.0,199.0,8,4537
U014116,0.6305014879194998,1,63.05,High,63.05,High,professional,annual,79.0,948.0,458,0,0,self-serve,1264.0,79.0,16,4538
U018777,0.6303337837621183,1,63.03,High,63.03,High,starter,monthly,29.0,348.0,54,1,0,sales-assisted,58.0,29.0,2,4539
U023455,0.6299622409308063,1,63.0,High,63.0,High,starter,monthly,29.0,348.0,273,0,1,self-serve,290.0,29.0,10,4540
U019517,0.6299260564225615,1,62.99,High,62.99,High,enterprise,monthly,199.0,2388.0,308,0,0,sales-assisted,2189.0,199.0,11,4541
U016003,0.6297161667958189,1,62.97,High,62.97,High,starter,monthly,29.0,348.0,318,0,2,self-serve,319.0,29.0,11,4542
U000202,0.629631382005668,1,62.96,High,62.96,High,starter,monthly,29.0,348.0,375,2,0,sales-assisted,377.0,29.0,13,4543
U016493,0.6295363655657579,1,62.95,High,62.95,High,starter,monthly,29.0,348.0,238,0,1,self-serve,232.0,29.0,8,4544
U003515,0.6295091071736959,1,62.95,High,62.95,High,starter,monthly,29.0,348.0,283,1,0,self-serve,290.0,29.0,10,4545
U019574,0.6294917342081976,1,62.95,High,62.95,High,enterprise,monthly,199.0,2388.0,144,0,1,self-serve,995.0,199.0,5,4546
U026043,0.6294602376429993,1,62.95,High,62.95,High,starter,monthly,29.0,348.0,227,2,0,self-serve,232.0,29.0,8,4547
U018781,0.6293553095236464,1,62.94,High,62.94,High,starter,monthly,29.0,348.0,173,0,0,partner,174.0,29.0,6,4548
U008905,0.6292468658120002,1,62.92,High,62.92,High,starter,monthly,29.0,348.0,165,0,0,self-serve,174.0,29.0,6,4549
U027847,0.6291982368556789,1,62.92,High,62.92,High,starter,monthly,29.0,348.0,87,0,2,partner,87.0,29.0,3,4550
U005585,0.6290486012701337,1,62.9,High,62.9,High,starter,annual,29.0,348.0,288,0,0,partner,290.0,29.0,10,4551
U028056,0.6287580776133374,1,62.88,High,62.88,High,starter,monthly,29.0,348.0,163,0,0,self-serve,174.0,29.0,6,4552
U017770,0.628662442936579,1,62.87,High,62.87,High,starter,monthly,29.0,348.0,97,0,0,self-serve,116.0,29.0,4,4553
U007008,0.6285609085923382,1,62.86,High,62.86,High,enterprise,monthly,199.0,2388.0,255,2,1,self-serve,1791.0,199.0,9,4554
U000047,0.6284445764452745,1,62.84,High,62.84,High,starter,monthly,29.0,348.0,206,0,0,sales-assisted,203.0,29.0,7,4555
U023478,0.6284445764452745,1,62.84,High,62.84,High,starter,monthly,29.0,348.0,206,0,0,sales-assisted,203.0,29.0,7,4556
U006099,0.6284068839088555,1,62.84,High,62.84,High,starter,annual,29.0,348.0,196,0,1,self-serve,203.0,29.0,7,4557
U003115,0.6284060542357324,1,62.84,High,62.84,High,starter,monthly,29.0,348.0,139,1,1,sales-assisted,145.0,29.0,5,4558
U018518,0.6283664386872231,1,62.84,High,62.84,High,professional,annual,79.0,948.0,125,2,0,self-serve,395.0,79.0,5,4559
U021643,0.6278663077878152,1,62.79,High,62.79,High,starter,annual,29.0,348.0,55,1,0,self-serve,58.0,29.0,2,4560
U006509,0.6276601178178153,1,62.77,High,62.77,High,starter,monthly,29.0,348.0,251,1,0,self-serve,261.0,29.0,9,4561
U023346,0.6276576857470185,1,62.77,High,62.77,High,professional,monthly,79.0,948.0,414,1,0,self-serve,1106.0,79.0,14,4562
U014017,0.6273791128332524,1,62.74,High,62.74,High,professional,annual,79.0,948.0,117,1,1,self-serve,316.0,79.0,4,4563
U028362,0.6273610238881138,1,62.74,High,62.74,High,professional,monthly,79.0,948.0,137,0,0,self-serve,395.0,79.0,5,4564
U009125,0.6272625358461351,1,62.73,High,62.73,High,professional,annual,79.0,948.0,215,1,0,self-serve,632.0,79.0,8,4565
U013318,0.6272625358461351,1,62.73,High,62.73,High,professional,annual,79.0,948.0,215,1,0,self-serve,632.0,79.0,8,4566
U014656,0.6272349777503469,1,62.72,High,62.72,High,enterprise,monthly,199.0,2388.0,225,2,1,self-serve,1592.0,199.0,8,4567
U000674,0.6271988385714032,1,62.72,High,62.72,High,professional,annual,79.0,948.0,170,0,0,sales-assisted,474.0,79.0,6,4568
U011481,0.6270985156305129,1,62.71,High,62.71,High,starter,monthly,29.0,348.0,91,1,2,self-serve,87.0,29.0,3,4569
U026361,0.6269017900297544,1,62.69,High,62.69,High,professional,monthly,79.0,948.0,32,1,0,self-serve,158.0,79.0,2,4570
U008832,0.6265721130755678,1,62.66,High,62.66,High,starter,monthly,29.0,348.0,223,0,1,self-serve,232.0,29.0,8,4571
U024205,0.6263957124504678,1,62.64,High,62.64,High,starter,monthly,29.0,348.0,133,1,1,sales-assisted,145.0,29.0,5,4572
U025147,0.6262897021263014,1,62.63,High,62.63,High,starter,annual,29.0,348.0,346,1,0,partner,348.0,29.0,12,4573
U029887,0.6262022089507345,1,62.62,High,62.62,High,professional,monthly,79.0,948.0,335,0,1,self-serve,948.0,79.0,12,4574
U027428,0.6259532758595958,1,62.6,High,62.6,High,enterprise,monthly,199.0,2388.0,65,2,0,sales-assisted,597.0,199.0,3,4575
U017695,0.6259453817425644,1,62.59,High,62.59,High,starter,monthly,29.0,348.0,316,2,0,self-serve,319.0,29.0,11,4576
U003126,0.6258956780930276,1,62.59,High,62.59,High,professional,monthly,79.0,948.0,120,3,0,sales-assisted,316.0,79.0,4,4577
U011635,0.6256226604227955,1,62.56,High,62.56,High,professional,monthly,79.0,948.0,95,0,0,self-serve,316.0,79.0,4,4578
U016717,0.6255387916641092,1,62.55,High,62.55,High,professional,monthly,79.0,948.0,191,2,0,sales-assisted,553.0,79.0,7,4579
U019367,0.6252156318807598,1,62.52,High,62.52,High,professional,monthly,79.0,948.0,63,0,0,sales-assisted,237.0,79.0,3,4580
U008870,0.6251983291741668,1,62.52,High,62.52,High,starter,monthly,29.0,348.0,385,0,0,self-serve,377.0,29.0,13,4581
U012920,0.6251983291741668,1,62.52,High,62.52,High,starter,monthly,29.0,348.0,385,0,0,self-serve,377.0,29.0,13,4582
U010077,0.6251572010643772,1,62.52,High,62.52,High,starter,monthly,29.0,348.0,135,1,0,sales-assisted,145.0,29.0,5,4583
U028483,0.6251356970270282,1,62.51,High,62.51,High,enterprise,monthly,199.0,2388.0,174,0,0,self-serve,1194.0,199.0,6,4584
U025555,0.6251134996544528,1,62.51,High,62.51,High,professional,monthly,79.0,948.0,318,1,0,self-serve,869.0,79.0,11,4585
U028259,0.6250680682613176,1,62.51,High,62.51,High,starter,monthly,29.0,348.0,465,0,0,partner,464.0,29.0,16,4586
U010435,0.6250300362472511,1,62.5,High,62.5,High,starter,annual,29.0,348.0,52,0,0,self-serve,58.0,29.0,2,4587
U015378,0.6249803783868288,1,62.5,High,62.5,High,starter,monthly,29.0,348.0,108,0,0,self-serve,116.0,29.0,4,4588
U023428,0.6249803783868288,1,62.5,High,62.5,High,starter,monthly,29.0,348.0,108,0,0,self-serve,116.0,29.0,4,4589
U028336,0.6249628257519881,1,62.5,High,62.5,High,professional,monthly,79.0,948.0,191,1,0,self-serve,553.0,79.0,7,4590
U005303,0.6249580275802376,1,62.5,High,62.5,High,enterprise,monthly,199.0,2388.0,100,1,1,sales-assisted,796.0,199.0,4,4591
U016609,0.6248604478213655,1,62.49,High,62.49,High,starter,monthly,29.0,348.0,162,2,0,sales-assisted,174.0,29.0,6,4592
U012772,0.6247609447370696,1,62.48,High,62.48,High,starter,monthly,29.0,348.0,209,0,1,self-serve,203.0,29.0,7,4593
U000793,0.6246711292654388,1,62.47,High,62.47,High,starter,monthly,29.0,348.0,351,2,2,sales-assisted,348.0,29.0,12,4594
U016221,0.6245642044030834,1,62.46,High,62.46,High,starter,monthly,29.0,348.0,319,0,2,self-serve,319.0,29.0,11,4595
U018184,0.6244576265972988,1,62.45,High,62.45,High,professional,monthly,79.0,948.0,93,0,1,self-serve,316.0,79.0,4,4596
U007781,0.6244576265972988,1,62.45,High,62.45,High,professional,monthly,79.0,948.0,93,0,1,self-serve,316.0,79.0,4,4597
U022562,0.6243724514895967,1,62.44,High,62.44,High,enterprise,monthly,199.0,2388.0,139,0,1,partner,995.0,199.0,5,4598
U006624,0.624362060847404,1,62.44,High,62.44,High,starter,monthly,29.0,348.0,98,0,0,self-serve,116.0,29.0,4,4599
U001233,0.624362060847404,1,62.44,High,62.44,High,starter,monthly,29.0,348.0,98,0,0,self-serve,116.0,29.0,4,4600
U027857,0.624237826481697,1,62.42,High,62.42,High,enterprise,monthly,199.0,2388.0,152,3,1,sales-assisted,995.0,199.0,5,4601
U015198,0.624176575829989,1,62.42,High,62.42,High,professional,monthly,79.0,948.0,177,2,0,self-serve,474.0,79.0,6,4602
U023466,0.6241682932282039,1,62.42,High,62.42,High,professional,monthly,79.0,948.0,176,1,0,self-serve,474.0,79.0,6,4603
U007515,0.6241682932282039,1,62.42,High,62.42,High,professional,monthly,79.0,948.0,176,1,0,self-serve,474.0,79.0,6,4604
U001858,0.6241470198754465,1,62.41,High,62.41,High,starter,monthly,29.0,348.0,90,0,0,sales-assisted,87.0,29.0,3,4605
U020211,0.6241170638424566,1,62.41,High,62.41,High,professional,monthly,79.0,948.0,304,0,0,sales-assisted,869.0,79.0,11,4606
U012635,0.6240417741220242,1,62.4,High,62.4,High,starter,monthly,29.0,348.0,272,3,1,sales-assisted,261.0,29.0,9,4607
U012148,0.6240148051965232,1,62.4,High,62.4,High,starter,annual,29.0,348.0,47,1,0,self-serve,58.0,29.0,2,4608
U008062,0.6236825485738222,1,62.37,High,62.37,High,professional,monthly,79.0,948.0,252,1,1,self-serve,711.0,79.0,9,4609
U015745,0.6236671877400026,1,62.37,High,62.37,High,enterprise,annual,199.0,2388.0,233,0,0,self-serve,1592.0,199.0,8,4610
U028588,0.6235024080899987,1,62.35,High,62.35,High,starter,annual,29.0,348.0,82,0,0,self-serve,87.0,29.0,3,4611
U006113,0.6233308392698408,1,62.33,High,62.33,High,starter,monthly,29.0,348.0,202,0,1,self-serve,203.0,29.0,7,4612
U028118,0.6232138292246909,1,62.32,High,62.32,High,starter,annual,29.0,348.0,282,1,0,self-serve,290.0,29.0,10,4613
U001693,0.6229097388319736,1,62.29,High,62.29,High,starter,monthly,29.0,348.0,273,1,0,self-serve,290.0,29.0,10,4614
U025596,0.6229097388319736,1,62.29,High,62.29,High,starter,monthly,29.0,348.0,273,1,0,self-serve,290.0,29.0,10,4615
U017917,0.6227941552250857,1,62.28,High,62.28,High,starter,monthly,29.0,348.0,87,2,0,partner,87.0,29.0,3,4616
U029485,0.6225533599020409,1,62.26,High,62.26,High,professional,monthly,79.0,948.0,56,1,0,self-serve,158.0,79.0,2,4617
U004126,0.6223485226067024,1,62.23,High,62.23,High,enterprise,monthly,199.0,2388.0,155,0,0,self-serve,1194.0,199.0,6,4618
U004680,0.6222958564408032,1,62.23,High,62.23,High,starter,monthly,29.0,348.0,142,1,0,sales-assisted,145.0,29.0,5,4619
U024574,0.6222588964836618,1,62.23,High,62.23,High,starter,annual,29.0,348.0,214,0,0,self-serve,232.0,29.0,8,4620
U000785,0.6222588964836618,1,62.23,High,62.23,High,starter,annual,29.0,348.0,214,0,0,self-serve,232.0,29.0,8,4621
U017995,0.6221714310553575,1,62.22,High,62.22,High,enterprise,monthly,199.0,2388.0,74,0,2,self-serve,597.0,199.0,3,4622
U020519,0.6221543186113448,1,62.22,High,62.22,High,enterprise,monthly,199.0,2388.0,232,2,1,self-serve,1592.0,199.0,8,4623
U004848,0.6220848127843066,1,62.21,High,62.21,High,starter,monthly,29.0,348.0,115,0,0,sales-assisted,116.0,29.0,4,4624
U021863,0.6220425318294718,1,62.2,High,62.2,High,starter,monthly,29.0,348.0,274,0,0,self-serve,290.0,29.0,10,4625
U021922,0.6217770261472237,1,62.18,High,62.18,High,starter,monthly,29.0,348.0,229,0,1,sales-assisted,232.0,29.0,8,4626
U016712,0.6215981098141571,1,62.16,High,62.16,High,professional,monthly,79.0,948.0,54,0,0,sales-assisted,158.0,79.0,2,4627
U000335,0.6214522670070223,1,62.15,High,62.15,High,starter,monthly,29.0,348.0,132,1,1,sales-assisted,145.0,29.0,5,4628
U010545,0.6212477886225966,1,62.12,High,62.12,High,starter,monthly,29.0,348.0,81,0,0,sales-assisted,87.0,29.0,3,4629
U018192,0.621141096175043,1,62.11,High,62.11,High,professional,annual,79.0,948.0,181,1,0,self-serve,553.0,79.0,7,4630
U029761,0.6210095187134534,1,62.1,High,62.1,High,professional,monthly,79.0,948.0,119,2,0,self-serve,316.0,79.0,4,4631
U009347,0.6209824525873469,1,62.1,High,62.1,High,starter,monthly,29.0,348.0,28,3,1,self-serve,29.0,29.0,1,4632
U025537,0.6209711764517718,1,62.1,High,62.1,High,professional,monthly,79.0,948.0,372,1,1,self-serve,1027.0,79.0,13,4633
U025587,0.6209519878365056,1,62.1,High,62.1,High,professional,monthly,79.0,948.0,258,0,0,sales-assisted,711.0,79.0,9,4634
U011813,0.6209405601183053,1,62.09,High,62.09,High,starter,monthly,29.0,348.0,178,0,1,partner,174.0,29.0,6,4635
U021605,0.620898062573431,1,62.09,High,62.09,High,professional,annual,79.0,948.0,141,1,0,sales-assisted,395.0,79.0,5,4636
U016249,0.6208937384904947,1,62.09,High,62.09,High,starter,monthly,29.0,348.0,138,1,0,sales-assisted,145.0,29.0,5,4637
U027890,0.6207470667281867,1,62.07,High,62.07,High,starter,monthly,29.0,348.0,32,2,0,sales-assisted,58.0,29.0,2,4638
U020292,0.6204669301346942,1,62.05,High,62.05,High,starter,monthly,29.0,348.0,270,0,0,partner,261.0,29.0,9,4639
U003166,0.6204001098638308,1,62.04,High,62.04,High,starter,annual,29.0,348.0,127,0,0,self-serve,145.0,29.0,5,4640
U006736,0.6204001098638308,1,62.04,High,62.04,High,starter,annual,29.0,348.0,127,0,0,self-serve,145.0,29.0,5,4641
U016091,0.6202168924568898,1,62.02,High,62.02,High,professional,monthly,79.0,948.0,153,3,0,sales-assisted,474.0,79.0,6,4642
U026368,0.6201686896599945,1,62.02,High,62.02,High,professional,monthly,79.0,948.0,97,3,1,partner,316.0,79.0,4,4643
U027575,0.6201609564246773,1,62.02,High,62.02,High,starter,annual,29.0,348.0,128,0,0,self-serve,145.0,29.0,5,4644
U011139,0.6201609564246773,1,62.02,High,62.02,High,starter,annual,29.0,348.0,128,0,0,self-serve,145.0,29.0,5,4645
U018323,0.6198872558493231,1,61.99,High,61.99,High,enterprise,monthly,199.0,2388.0,181,1,2,self-serve,1393.0,199.0,7,4646
U019874,0.619830172447137,1,61.98,High,61.98,High,professional,monthly,79.0,948.0,171,2,0,self-serve,474.0,79.0,6,4647
U018140,0.6195482552268472,1,61.95,High,61.95,High,starter,monthly,29.0,348.0,91,2,0,self-serve,87.0,29.0,3,4648
U009977,0.6193908310142735,1,61.94,High,61.94,High,professional,annual,79.0,948.0,305,0,0,self-serve,869.0,79.0,11,4649
U013600,0.6193367369944839,1,61.93,High,61.93,High,professional,monthly,79.0,948.0,337,2,0,sales-assisted,948.0,79.0,12,4650
U008565,0.6193353515544338,1,61.93,High,61.93,High,professional,monthly,79.0,948.0,161,3,1,sales-assisted,474.0,79.0,6,4651
U017755,0.619332962311134,1,61.93,High,61.93,High,starter,monthly,29.0,348.0,150,1,1,partner,145.0,29.0,5,4652
U009251,0.6192829279729747,1,61.93,High,61.93,High,starter,monthly,29.0,348.0,279,2,0,self-serve,290.0,29.0,10,4653
U002207,0.6192829279729747,1,61.93,High,61.93,High,starter,monthly,29.0,348.0,279,2,0,self-serve,290.0,29.0,10,4654
U017674,0.619276298603821,1,61.93,High,61.93,High,professional,monthly,79.0,948.0,118,3,0,self-serve,316.0,79.0,4,4655
U010431,0.619276298603821,1,61.93,High,61.93,High,professional,monthly,79.0,948.0,118,3,0,self-serve,316.0,79.0,4,4656
U002739,0.6192367516763686,1,61.92,High,61.92,High,professional,monthly,79.0,948.0,252,2,2,self-serve,711.0,79.0,9,4657
U001482,0.6191520074548843,1,61.92,High,61.92,High,starter,annual,29.0,348.0,230,0,2,partner,232.0,29.0,8,4658
U003093,0.6191205004461273,1,61.91,High,61.91,High,starter,monthly,29.0,348.0,24,1,0,sales-assisted,29.0,29.0,1,4659
U002389,0.6188214251631071,1,61.88,High,61.88,High,starter,annual,29.0,348.0,190,0,1,self-serve,203.0,29.0,7,4660
U011537,0.6187507963837663,1,61.88,High,61.88,High,professional,monthly,79.0,948.0,64,2,0,self-serve,237.0,79.0,3,4661
U021428,0.6186337713251756,1,61.86,High,61.86,High,enterprise,monthly,199.0,2388.0,122,1,0,self-serve,995.0,199.0,5,4662
U006803,0.6186332908042071,1,61.86,High,61.86,High,starter,monthly,29.0,348.0,193,2,0,sales-assisted,203.0,29.0,7,4663
U001857,0.6186050348063762,1,61.86,High,61.86,High,professional,monthly,79.0,948.0,53,0,0,sales-assisted,158.0,79.0,2,4664
U014084,0.6186050348063762,1,61.86,High,61.86,High,professional,monthly,79.0,948.0,53,0,0,sales-assisted,158.0,79.0,2,4665
U026048,0.6184233809907167,1,61.84,High,61.84,High,enterprise,monthly,199.0,2388.0,280,1,1,self-serve,1990.0,199.0,10,4666
U004276,0.6182996187235765,1,61.83,High,61.83,High,starter,monthly,29.0,348.0,164,0,0,self-serve,174.0,29.0,6,4667
U011095,0.6182996187235765,1,61.83,High,61.83,High,starter,monthly,29.0,348.0,164,0,0,self-serve,174.0,29.0,6,4668
U010560,0.6179880049629866,1,61.8,High,61.8,High,professional,monthly,79.0,948.0,257,3,1,self-serve,711.0,79.0,9,4669
U026483,0.6177220945150451,1,61.77,High,61.77,High,professional,monthly,79.0,948.0,202,1,1,sales-assisted,553.0,79.0,7,4670
U005070,0.6176313044907595,1,61.76,High,61.76,High,starter,monthly,29.0,348.0,214,1,2,self-serve,232.0,29.0,8,4671
U017400,0.617603889654421,1,61.76,High,61.76,High,starter,monthly,29.0,348.0,59,0,0,self-serve,58.0,29.0,2,4672
U005576,0.6173816091295903,1,61.74,High,61.74,High,professional,monthly,79.0,948.0,208,2,0,self-serve,553.0,79.0,7,4673
U009496,0.617353871305165,1,61.74,High,61.74,High,enterprise,monthly,199.0,2388.0,148,0,0,self-serve,995.0,199.0,5,4674
U013319,0.6173275070543999,1,61.73,High,61.73,High,starter,monthly,29.0,348.0,306,0,1,self-serve,319.0,29.0,11,4675
U027309,0.6172613537295575,1,61.73,High,61.73,High,starter,monthly,29.0,348.0,186,0,1,self-serve,203.0,29.0,7,4676
U018877,0.617205522617903,1,61.72,High,61.72,High,professional,monthly,79.0,948.0,221,4,0,self-serve,632.0,79.0,8,4677
U021187,0.6168438651011501,1,61.68,High,61.68,High,professional,monthly,79.0,948.0,318,0,0,sales-assisted,869.0,79.0,11,4678
U003037,0.6167966013208099,1,61.68,High,61.68,High,professional,monthly,79.0,948.0,69,1,0,partner,237.0,79.0,3,4679
U017334,0.6167817947436263,1,61.68,High,61.68,High,professional,annual,79.0,948.0,186,1,0,self-serve,553.0,79.0,7,4680
U025755,0.6166871911553795,1,61.67,High,61.67,High,starter,monthly,29.0,348.0,136,1,0,self-serve,145.0,29.0,5,4681
U003198,0.6166112765555676,1,61.66,High,61.66,High,starter,monthly,29.0,348.0,348,0,1,partner,348.0,29.0,12,4682
U007273,0.6164952595012986,1,61.65,High,61.65,High,professional,annual,79.0,948.0,153,1,0,partner,474.0,79.0,6,4683
U001582,0.6164759323034549,1,61.65,High,61.65,High,professional,monthly,79.0,948.0,120,3,0,self-serve,316.0,79.0,4,4684
U023217,0.6164184759693692,1,61.64,High,61.64,High,professional,monthly,79.0,948.0,302,3,0,sales-assisted,790.0,79.0,10,4685
U023394,0.6164115886655369,1,61.64,High,61.64,High,professional,annual,79.0,948.0,254,1,0,partner,711.0,79.0,9,4686
U021169,0.6163985252951264,1,61.64,High,61.64,High,professional,monthly,79.0,948.0,173,0,0,sales-assisted,474.0,79.0,6,4687
U002291,0.6163939456405763,1,61.64,High,61.64,High,professional,monthly,79.0,948.0,268,0,0,self-serve,711.0,79.0,9,4688
U025506,0.6163939456405763,1,61.64,High,61.64,High,professional,monthly,79.0,948.0,268,0,0,self-serve,711.0,79.0,9,4689
U026966,0.6163939456405763,1,61.64,High,61.64,High,professional,monthly,79.0,948.0,268,0,0,self-serve,711.0,79.0,9,4690
U018591,0.6163864858195215,1,61.64,High,61.64,High,enterprise,monthly,199.0,2388.0,44,1,1,sales-assisted,398.0,199.0,2,4691
U011909,0.6162540954507602,1,61.63,High,61.63,High,professional,monthly,79.0,948.0,245,1,1,self-serve,711.0,79.0,9,4692
U022151,0.6161029130320865,1,61.61,High,61.61,High,starter,monthly,29.0,348.0,38,0,0,sales-assisted,58.0,29.0,2,4693
U004115,0.6160397998815728,1,61.6,High,61.6,High,starter,monthly,29.0,348.0,236,0,0,self-serve,232.0,29.0,8,4694
U005448,0.6159795247600417,1,61.6,High,61.6,High,professional,monthly,79.0,948.0,158,1,3,self-serve,474.0,79.0,6,4695
U014345,0.6159435796396538,1,61.59,High,61.59,High,starter,monthly,29.0,348.0,197,2,0,self-serve,203.0,29.0,7,4696
U026532,0.615870541874965,1,61.59,High,61.59,High,professional,monthly,79.0,948.0,207,0,1,sales-assisted,553.0,79.0,7,4697
U024399,0.615790862128032,1,61.58,High,61.58,High,starter,annual,29.0,348.0,44,1,1,self-serve,58.0,29.0,2,4698
U021081,0.6157480978795863,1,61.57,High,61.57,High,enterprise,monthly,199.0,2388.0,125,1,0,self-serve,995.0,199.0,5,4699
U012865,0.6155638883189315,1,61.56,High,61.56,High,starter,monthly,29.0,348.0,411,0,0,self-serve,406.0,29.0,14,4700
U000474,0.615526026059973,1,61.55,High,61.55,High,professional,annual,79.0,948.0,182,1,0,self-serve,553.0,79.0,7,4701
U016879,0.6153691912543412,1,61.54,High,61.54,High,professional,monthly,79.0,948.0,136,1,1,sales-assisted,395.0,79.0,5,4702
U025778,0.6153578020686726,1,61.54,High,61.54,High,starter,monthly,29.0,348.0,266,1,1,sales-assisted,261.0,29.0,9,4703
U014651,0.6153214730073291,1,61.53,High,61.53,High,professional,monthly,79.0,948.0,279,2,0,self-serve,790.0,79.0,10,4704
U029537,0.6152320194620111,1,61.52,High,61.52,High,professional,monthly,79.0,948.0,276,0,1,self-serve,790.0,79.0,10,4705
U018022,0.6152161091702489,1,61.52,High,61.52,High,professional,annual,79.0,948.0,120,1,1,self-serve,316.0,79.0,4,4706
U008976,0.6151316931309629,1,61.51,High,61.51,High,starter,annual,29.0,348.0,52,1,0,self-serve,58.0,29.0,2,4707
U011981,0.6150129819834156,1,61.5,High,61.5,High,professional,monthly,79.0,948.0,286,1,0,sales-assisted,790.0,79.0,10,4708
U001810,0.61496931466301,1,61.5,High,61.5,High,professional,monthly,79.0,948.0,162,0,0,self-serve,474.0,79.0,6,4709
U010018,0.6149167448340425,1,61.49,High,61.49,High,enterprise,annual,199.0,2388.0,193,1,0,partner,1393.0,199.0,7,4710
U017071,0.6149073371893601,1,61.49,High,61.49,High,professional,annual,79.0,948.0,181,2,1,sales-assisted,553.0,79.0,7,4711
U009741,0.6148861809121605,1,61.49,High,61.49,High,starter,annual,29.0,348.0,85,0,0,self-serve,87.0,29.0,3,4712
U006514,0.6148830890406161,1,61.49,High,61.49,High,enterprise,annual,199.0,2388.0,230,1,0,sales-assisted,1592.0,199.0,8,4713
U027730,0.6147369338789374,1,61.47,High,61.47,High,starter,monthly,29.0,348.0,463,1,0,self-serve,464.0,29.0,16,4714
U002049,0.6147197356499943,1,61.47,High,61.47,High,enterprise,monthly,199.0,2388.0,243,0,2,self-serve,1791.0,199.0,9,4715
U009414,0.6146855456424855,1,61.47,High,61.47,High,professional,monthly,79.0,948.0,60,1,1,partner,158.0,79.0,2,4716
U024481,0.6145007499109648,1,61.45,High,61.45,High,professional,monthly,79.0,948.0,150,1,1,partner,395.0,79.0,5,4717
U000520,0.6143735717881305,1,61.44,High,61.44,High,professional,monthly,79.0,948.0,22,2,0,self-serve,79.0,79.0,1,4718
U006754,0.6143123633197782,1,61.43,High,61.43,High,starter,monthly,29.0,348.0,370,1,0,self-serve,377.0,29.0,13,4719
U020489,0.6142672673207206,1,61.43,High,61.43,High,professional,monthly,79.0,948.0,264,0,0,sales-assisted,711.0,79.0,9,4720
U006809,0.614228252693037,1,61.42,High,61.42,High,starter,monthly,29.0,348.0,128,0,1,self-serve,145.0,29.0,5,4721
U023715,0.6142182138238742,1,61.42,High,61.42,High,starter,monthly,29.0,348.0,105,1,0,partner,116.0,29.0,4,4722
U006972,0.6141476799869465,1,61.41,High,61.41,High,enterprise,monthly,199.0,2388.0,131,0,0,self-serve,995.0,199.0,5,4723
U025093,0.6140410086727268,1,61.4,High,61.4,High,starter,annual,29.0,348.0,48,1,0,self-serve,58.0,29.0,2,4724
U024297,0.6140345036703438,1,61.4,High,61.4,High,starter,monthly,29.0,348.0,156,2,0,sales-assisted,174.0,29.0,6,4725
U029701,0.6140204892711981,1,61.4,High,61.4,High,starter,monthly,29.0,348.0,32,3,0,sales-assisted,58.0,29.0,2,4726
U022921,0.6139321844435889,1,61.39,High,61.39,High,enterprise,monthly,199.0,2388.0,302,1,0,partner,2189.0,199.0,11,4727
U020564,0.6137587947534703,1,61.38,High,61.38,High,starter,annual,29.0,348.0,55,0,0,self-serve,58.0,29.0,2,4728
U008751,0.6137518623539847,1,61.38,High,61.38,High,professional,annual,79.0,948.0,256,0,0,sales-assisted,711.0,79.0,9,4729
U012276,0.6136060333717168,1,61.36,High,61.36,High,starter,annual,29.0,348.0,191,0,0,self-serve,203.0,29.0,7,4730
U000622,0.6135810600264011,1,61.36,High,61.36,High,enterprise,monthly,199.0,2388.0,193,0,0,self-serve,1393.0,199.0,7,4731
U017906,0.613427405087765,1,61.34,High,61.34,High,enterprise,annual,199.0,2388.0,94,0,0,self-serve,796.0,199.0,4,4732
U015281,0.6132936503631254,1,61.33,High,61.33,High,professional,monthly,79.0,948.0,161,2,0,sales-assisted,474.0,79.0,6,4733
U000005,0.6132837767636964,1,61.33,High,61.33,High,professional,annual,79.0,948.0,326,1,1,self-serve,869.0,79.0,11,4734
U009189,0.6132837767636964,1,61.33,High,61.33,High,professional,annual,79.0,948.0,326,1,1,self-serve,869.0,79.0,11,4735
U014505,0.6130454978593736,1,61.3,High,61.3,High,starter,annual,29.0,348.0,149,0,0,self-serve,145.0,29.0,5,4736
U018772,0.6130454978593736,1,61.3,High,61.3,High,starter,annual,29.0,348.0,149,0,0,self-serve,145.0,29.0,5,4737
U012718,0.6129265361548702,1,61.29,High,61.29,High,enterprise,monthly,199.0,2388.0,64,0,1,self-serve,597.0,199.0,3,4738
U004560,0.6126981932131983,1,61.27,High,61.27,High,starter,monthly,29.0,348.0,207,0,0,self-serve,203.0,29.0,7,4739
U025861,0.6126977093323499,1,61.27,High,61.27,High,starter,monthly,29.0,348.0,281,3,0,self-serve,290.0,29.0,10,4740
U008917,0.6126977093323499,1,61.27,High,61.27,High,starter,monthly,29.0,348.0,281,3,0,self-serve,290.0,29.0,10,4741
U017188,0.6125390821382951,1,61.25,High,61.25,High,enterprise,monthly,199.0,2388.0,344,0,1,sales-assisted,2388.0,199.0,12,4742
U002630,0.6125155528524863,1,61.25,High,61.25,High,starter,monthly,29.0,348.0,222,1,0,sales-assisted,232.0,29.0,8,4743
U000121,0.6123259526452415,1,61.23,High,61.23,High,starter,monthly,29.0,348.0,323,0,3,self-serve,319.0,29.0,11,4744
U005007,0.6121969511769764,1,61.22,High,61.22,High,starter,monthly,29.0,348.0,88,0,0,sales-assisted,87.0,29.0,3,4745
U010708,0.6121615991426589,1,61.22,High,61.22,High,professional,monthly,79.0,948.0,265,0,1,self-serve,711.0,79.0,9,4746
U004369,0.6120727195268201,1,61.21,High,61.21,High,starter,monthly,29.0,348.0,129,0,2,sales-assisted,145.0,29.0,5,4747
U017599,0.6120568165472822,1,61.21,High,61.21,High,professional,annual,79.0,948.0,183,1,0,self-serve,553.0,79.0,7,4748
U025449,0.6118311431587928,1,61.18,High,61.18,High,starter,monthly,29.0,348.0,278,2,1,self-serve,290.0,29.0,10,4749
U010474,0.6117282726428314,1,61.17,High,61.17,High,professional,monthly,79.0,948.0,23,2,0,self-serve,79.0,79.0,1,4750
U028177,0.6117194002729214,1,61.17,High,61.17,High,professional,monthly,79.0,948.0,275,0,1,self-serve,790.0,79.0,10,4751
U021405,0.6115647029224504,1,61.16,High,61.16,High,enterprise,annual,199.0,2388.0,163,4,0,self-serve,1194.0,199.0,6,4752
U021956,0.6115306788884416,1,61.15,High,61.15,High,starter,monthly,29.0,348.0,342,0,2,partner,348.0,29.0,12,4753
U014652,0.6113687982666844,1,61.14,High,61.14,High,enterprise,annual,199.0,2388.0,203,1,1,partner,1393.0,199.0,7,4754
U026257,0.6113153594674535,1,61.13,High,61.13,High,starter,monthly,29.0,348.0,159,2,0,sales-assisted,174.0,29.0,6,4755
U008797,0.6112503331204927,1,61.13,High,61.13,High,professional,monthly,79.0,948.0,66,0,0,partner,237.0,79.0,3,4756
U020537,0.6112293584417322,1,61.12,High,61.12,High,professional,annual,79.0,948.0,198,0,1,self-serve,553.0,79.0,7,4757
U029529,0.6111738941599473,1,61.12,High,61.12,High,professional,monthly,79.0,948.0,106,0,1,sales-assisted,316.0,79.0,4,4758
U024125,0.6108444681785821,1,61.08,High,61.08,High,enterprise,monthly,199.0,2388.0,82,1,0,sales-assisted,597.0,199.0,3,4759
U014711,0.6106532656873003,1,61.07,High,61.07,High,professional,monthly,79.0,948.0,111,0,0,sales-assisted,316.0,79.0,4,4760
U012000,0.6106300613928513,1,61.06,High,61.06,High,starter,annual,29.0,348.0,340,0,2,partner,348.0,29.0,12,4761
U002818,0.6105503427707765,1,61.06,High,61.06,High,professional,monthly,79.0,948.0,287,1,0,sales-assisted,790.0,79.0,10,4762
U016351,0.610357364555232,1,61.04,High,61.04,High,professional,monthly,79.0,948.0,33,0,0,self-serve,158.0,79.0,2,4763
U017706,0.610357364555232,1,61.04,High,61.04,High,professional,monthly,79.0,948.0,33,0,0,self-serve,158.0,79.0,2,4764
U024325,0.610357364555232,1,61.04,High,61.04,High,professional,monthly,79.0,948.0,33,0,0,self-serve,158.0,79.0,2,4765
U017505,0.6102539944602432,1,61.03,High,61.03,High,professional,monthly,79.0,948.0,205,0,1,sales-assisted,553.0,79.0,7,4766
U020985,0.6102524710632768,1,61.03,High,61.03,High,starter,annual,29.0,348.0,28,1,1,self-serve,29.0,29.0,1,4767
U008081,0.6100941541701371,1,61.01,High,61.01,High,starter,annual,29.0,348.0,277,0,2,partner,290.0,29.0,10,4768
U029031,0.6100026901082203,1,61.0,High,61.0,High,enterprise,monthly,199.0,2388.0,224,0,1,self-serve,1592.0,199.0,8,4769
U004594,0.6098783143446571,1,60.99,High,60.99,High,starter,annual,29.0,348.0,177,0,0,self-serve,174.0,29.0,6,4770
U013589,0.6098471727843329,1,60.98,High,60.98,High,starter,annual,29.0,348.0,35,0,0,partner,58.0,29.0,2,4771
U008055,0.6098121189038614,1,60.98,High,60.98,High,starter,annual,29.0,348.0,341,0,0,sales-assisted,348.0,29.0,12,4772
U011300,0.6097639385268525,1,60.98,High,60.98,High,professional,monthly,79.0,948.0,177,1,0,partner,474.0,79.0,6,4773
U018254,0.6095286621862156,1,60.95,High,60.95,High,starter,monthly,29.0,348.0,313,1,0,self-serve,319.0,29.0,11,4774
U009692,0.6095286621862156,1,60.95,High,60.95,High,starter,monthly,29.0,348.0,313,1,0,self-serve,319.0,29.0,11,4775
U006915,0.6095065565387839,1,60.95,High,60.95,High,professional,annual,79.0,948.0,222,0,0,sales-assisted,632.0,79.0,8,4776
U010105,0.6094181706415467,1,60.94,High,60.94,High,starter,annual,29.0,348.0,325,1,0,sales-assisted,348.0,29.0,12,4777
U003569,0.6093671955793826,1,60.94,High,60.94,High,starter,monthly,29.0,348.0,304,0,1,self-serve,319.0,29.0,11,4778
U028240,0.6093671955793826,1,60.94,High,60.94,High,starter,monthly,29.0,348.0,304,0,1,self-serve,319.0,29.0,11,4779
U026221,0.6093284857377421,1,60.93,High,60.93,High,enterprise,monthly,199.0,2388.0,240,1,0,sales-assisted,1592.0,199.0,8,4780
U008544,0.6093184963329502,1,60.93,High,60.93,High,starter,monthly,29.0,348.0,226,0,1,self-serve,232.0,29.0,8,4781
U025833,0.6093052663897736,1,60.93,High,60.93,High,enterprise,monthly,199.0,2388.0,343,0,1,sales-assisted,2388.0,199.0,12,4782
U001363,0.6092439186219784,1,60.92,High,60.92,High,professional,monthly,79.0,948.0,202,0,0,partner,553.0,79.0,7,4783
U014525,0.6091530683369119,1,60.92,High,60.92,High,professional,annual,79.0,948.0,120,0,1,sales-assisted,316.0,79.0,4,4784
U016094,0.6090449830350587,1,60.9,High,60.9,High,enterprise,monthly,199.0,2388.0,45,4,0,self-serve,398.0,199.0,2,4785
U018929,0.6089867509732653,1,60.9,High,60.9,High,starter,monthly,29.0,348.0,89,0,0,self-serve,87.0,29.0,3,4786
U004639,0.6089867509732653,1,60.9,High,60.9,High,starter,monthly,29.0,348.0,89,0,0,self-serve,87.0,29.0,3,4787
U007113,0.608980070682274,1,60.9,High,60.9,High,professional,monthly,79.0,948.0,19,1,0,self-serve,79.0,79.0,1,4788
U012361,0.6088969451676302,1,60.89,High,60.89,High,professional,annual,79.0,948.0,253,0,1,self-serve,711.0,79.0,9,4789
U004162,0.6088916814141107,1,60.89,High,60.89,High,starter,monthly,29.0,348.0,26,2,1,self-serve,29.0,29.0,1,4790
U009244,0.6086396624685904,1,60.86,High,60.86,High,enterprise,annual,199.0,2388.0,261,1,0,self-serve,1791.0,199.0,9,4791
U008973,0.6081900202586443,1,60.82,High,60.82,High,professional,monthly,79.0,948.0,161,1,0,partner,474.0,79.0,6,4792
U008399,0.6081541994321944,1,60.82,High,60.82,High,starter,monthly,29.0,348.0,449,2,0,self-serve,464.0,29.0,16,4793
U004951,0.6080196266804332,1,60.8,High,60.8,High,starter,monthly,29.0,348.0,274,0,1,self-serve,290.0,29.0,10,4794
U006383,0.6079983048775767,1,60.8,High,60.8,High,starter,monthly,29.0,348.0,355,2,1,self-serve,348.0,29.0,12,4795
U029958,0.607876123900586,1,60.79,High,60.79,High,professional,monthly,79.0,948.0,237,0,1,partner,632.0,79.0,8,4796
U025445,0.6077238595908796,1,60.77,High,60.77,High,starter,monthly,29.0,348.0,207,0,1,self-serve,203.0,29.0,7,4797
U003247,0.6076460153044273,1,60.76,High,60.76,High,starter,monthly,29.0,348.0,130,0,1,self-serve,145.0,29.0,5,4798
U028180,0.6075176023285098,1,60.75,High,60.75,High,professional,monthly,79.0,948.0,369,2,0,sales-assisted,1027.0,79.0,13,4799
U012231,0.6075176023285098,1,60.75,High,60.75,High,professional,monthly,79.0,948.0,369,2,0,sales-assisted,1027.0,79.0,13,4800
U008471,0.6072905436049166,1,60.73,High,60.73,High,starter,monthly,29.0,348.0,140,1,0,self-serve,145.0,29.0,5,4801
U022240,0.607151595595715,1,60.72,High,60.72,High,starter,annual,29.0,348.0,215,0,3,self-serve,232.0,29.0,8,4802
U029332,0.6071361061718304,1,60.71,High,60.71,High,professional,monthly,79.0,948.0,255,1,1,self-serve,711.0,79.0,9,4803
U026874,0.6069135507676086,1,60.69,High,60.69,High,professional,monthly,79.0,948.0,80,3,1,self-serve,237.0,79.0,3,4804
U022704,0.6068732360184264,1,60.69,High,60.69,High,starter,monthly,29.0,348.0,49,1,2,self-serve,58.0,29.0,2,4805
U019072,0.606799801991103,1,60.68,High,60.68,High,starter,annual,29.0,348.0,289,0,0,self-serve,290.0,29.0,10,4806
U029149,0.6067640473819823,1,60.68,High,60.68,High,professional,monthly,79.0,948.0,212,1,1,sales-assisted,632.0,79.0,8,4807
U028314,0.6067539310689276,1,60.68,High,60.68,High,enterprise,monthly,199.0,2388.0,193,0,2,self-serve,1393.0,199.0,7,4808
U016308,0.6066407955855692,1,60.66,High,60.66,High,professional,monthly,79.0,948.0,130,0,0,self-serve,395.0,79.0,5,4809
U014044,0.6063555664546268,1,60.64,High,60.64,High,starter,monthly,29.0,348.0,185,0,0,self-serve,203.0,29.0,7,4810
U015539,0.606265230634093,1,60.63,High,60.63,High,professional,annual,79.0,948.0,122,0,0,self-serve,395.0,79.0,5,4811
U012323,0.6062276645238796,1,60.62,High,60.62,High,starter,monthly,29.0,348.0,26,1,0,sales-assisted,29.0,29.0,1,4812
U011288,0.6062275800056703,1,60.62,High,60.62,High,professional,monthly,79.0,948.0,41,0,2,sales-assisted,158.0,79.0,2,4813
U028520,0.6061570085593112,1,60.62,High,60.62,High,starter,annual,29.0,348.0,193,0,1,sales-assisted,203.0,29.0,7,4814
U018590,0.6060757379419102,1,60.61,High,60.61,High,starter,monthly,29.0,348.0,133,1,0,self-serve,145.0,29.0,5,4815
U004193,0.6060447391656665,1,60.6,High,60.6,High,enterprise,monthly,199.0,2388.0,124,2,0,self-serve,995.0,199.0,5,4816
U015454,0.605836117232669,1,60.58,High,60.58,High,enterprise,monthly,199.0,2388.0,124,0,0,sales-assisted,995.0,199.0,5,4817
U000485,0.6058353688300494,1,60.58,High,60.58,High,starter,annual,29.0,348.0,138,0,0,self-serve,145.0,29.0,5,4818
U020451,0.6056269059061792,1,60.56,High,60.56,High,professional,monthly,79.0,948.0,227,1,1,self-serve,632.0,79.0,8,4819
U025368,0.6056100112897445,1,60.56,High,60.56,High,professional,monthly,79.0,948.0,305,2,0,sales-assisted,869.0,79.0,11,4820
U022748,0.6055597020147274,1,60.56,High,60.56,High,professional,monthly,79.0,948.0,87,1,0,self-serve,237.0,79.0,3,4821
U005899,0.6054643444725791,1,60.55,High,60.55,High,professional,monthly,79.0,948.0,70,0,0,self-serve,237.0,79.0,3,4822
U015485,0.6052609392341041,1,60.53,High,60.53,High,professional,annual,79.0,948.0,197,0,0,sales-assisted,553.0,79.0,7,4823
U021883,0.6052341179788548,1,60.52,High,60.52,High,professional,monthly,79.0,948.0,174,0,0,sales-assisted,474.0,79.0,6,4824
U013569,0.6051110598762812,1,60.51,High,60.51,High,starter,annual,29.0,348.0,223,0,1,self-serve,232.0,29.0,8,4825
U014308,0.6049993457747918,1,60.5,High,60.5,High,starter,annual,29.0,348.0,276,1,0,self-serve,290.0,29.0,10,4826
U008039,0.6048780461602735,1,60.49,High,60.49,High,professional,annual,79.0,948.0,221,0,0,sales-assisted,632.0,79.0,8,4827
U008104,0.6048433844441828,1,60.48,High,60.48,High,professional,monthly,79.0,948.0,211,2,0,self-serve,553.0,79.0,7,4828
U017012,0.6045160682572669,1,60.45,High,60.45,High,starter,annual,29.0,348.0,319,0,0,self-serve,319.0,29.0,11,4829
U026297,0.604501566026777,1,60.45,High,60.45,High,starter,monthly,29.0,348.0,498,0,0,self-serve,493.0,29.0,17,4830
U026548,0.6042458385671227,1,60.42,High,60.42,High,starter,monthly,29.0,348.0,267,0,1,self-serve,261.0,29.0,9,4831
U016409,0.6042458385671227,1,60.42,High,60.42,High,starter,monthly,29.0,348.0,267,0,1,self-serve,261.0,29.0,9,4832
U027839,0.6041317152138179,1,60.41,High,60.41,High,starter,monthly,29.0,348.0,87,0,0,self-serve,87.0,29.0,3,4833
U003492,0.6041317152138179,1,60.41,High,60.41,High,starter,monthly,29.0,348.0,87,0,0,self-serve,87.0,29.0,3,4834
U005374,0.604002513887536,1,60.4,High,60.4,High,professional,monthly,79.0,948.0,310,2,0,self-serve,869.0,79.0,11,4835
U018528,0.6039656819333127,1,60.4,High,60.4,High,professional,monthly,79.0,948.0,138,1,1,sales-assisted,395.0,79.0,5,4836
U017254,0.6038129123720349,1,60.38,High,60.38,High,starter,monthly,29.0,348.0,205,0,0,self-serve,203.0,29.0,7,4837
U020435,0.6037033170361745,1,60.37,High,60.37,High,enterprise,annual,199.0,2388.0,31,0,0,partner,398.0,199.0,2,4838
U023922,0.603677597880084,1,60.37,High,60.37,High,professional,monthly,79.0,948.0,79,3,0,partner,237.0,79.0,3,4839
U019294,0.6036729371305355,1,60.37,High,60.37,High,professional,annual,79.0,948.0,49,3,0,self-serve,158.0,79.0,2,4840
U002964,0.6036121656017885,1,60.36,High,60.36,High,starter,monthly,29.0,348.0,146,1,0,self-serve,145.0,29.0,5,4841
U009367,0.6033862295331648,1,60.34,High,60.34,High,professional,annual,79.0,948.0,197,4,0,self-serve,553.0,79.0,7,4842
U009366,0.6033113926041552,1,60.33,High,60.33,High,starter,monthly,29.0,348.0,99,0,0,sales-assisted,116.0,29.0,4,4843
U020351,0.6032914127370601,1,60.33,High,60.33,High,professional,monthly,79.0,948.0,215,3,1,sales-assisted,632.0,79.0,8,4844
U002851,0.6032256281578474,1,60.32,High,60.32,High,enterprise,annual,199.0,2388.0,100,0,0,self-serve,796.0,199.0,4,4845
U002402,0.6031608229601502,1,60.32,High,60.32,High,professional,monthly,79.0,948.0,95,0,1,self-serve,316.0,79.0,4,4846
U000175,0.6030466815644647,1,60.3,High,60.3,High,enterprise,monthly,199.0,2388.0,36,3,1,self-serve,398.0,199.0,2,4847
U008282,0.6029211566488604,1,60.29,High,60.29,High,professional,monthly,79.0,948.0,221,0,0,self-serve,632.0,79.0,8,4848
U016438,0.6028702758031941,1,60.29,High,60.29,High,starter,monthly,29.0,348.0,84,0,0,sales-assisted,87.0,29.0,3,4849
U001865,0.6028702758031941,1,60.29,High,60.29,High,starter,monthly,29.0,348.0,84,0,0,sales-assisted,87.0,29.0,3,4850
U021596,0.602846126830987,1,60.28,High,60.28,High,professional,annual,79.0,948.0,248,0,0,sales-assisted,711.0,79.0,9,4851
U012141,0.6028142019592967,1,60.28,High,60.28,High,starter,monthly,29.0,348.0,313,0,0,sales-assisted,319.0,29.0,11,4852
U010779,0.6028008569558991,1,60.28,High,60.28,High,starter,monthly,29.0,348.0,169,0,0,self-serve,174.0,29.0,6,4853
U004035,0.6028008569558991,1,60.28,High,60.28,High,starter,monthly,29.0,348.0,169,0,0,self-serve,174.0,29.0,6,4854
U000821,0.602719522899653,1,60.27,High,60.27,High,professional,annual,79.0,948.0,301,0,0,self-serve,790.0,79.0,10,4855
U002047,0.602621538175623,1,60.26,High,60.26,High,professional,monthly,79.0,948.0,232,4,1,self-serve,632.0,79.0,8,4856
U014860,0.6024647701013577,1,60.25,High,60.25,High,enterprise,monthly,199.0,2388.0,143,0,0,self-serve,995.0,199.0,5,4857
U023630,0.6023093228210005,1,60.23,High,60.23,High,professional,monthly,79.0,948.0,53,0,2,sales-assisted,158.0,79.0,2,4858
U022568,0.6022329517070846,1,60.22,High,60.22,High,enterprise,monthly,199.0,2388.0,146,2,1,sales-assisted,995.0,199.0,5,4859
U006996,0.6022234856868213,1,60.22,High,60.22,High,professional,annual,79.0,948.0,199,2,0,self-serve,553.0,79.0,7,4860
U011519,0.6021680097135552,1,60.22,High,60.22,High,starter,monthly,29.0,348.0,242,2,0,partner,232.0,29.0,8,4861
U022548,0.602141512519533,1,60.21,High,60.21,High,enterprise,monthly,199.0,2388.0,94,0,1,partner,796.0,199.0,4,4862
U005213,0.601998691514336,1,60.2,High,60.2,High,enterprise,monthly,199.0,2388.0,208,0,0,self-serve,1393.0,199.0,7,4863
U012811,0.6018133813600169,1,60.18,High,60.18,High,starter,monthly,29.0,348.0,302,1,1,sales-assisted,290.0,29.0,10,4864
U019325,0.6017838250622383,1,60.18,High,60.18,High,professional,monthly,79.0,948.0,175,2,0,self-serve,474.0,79.0,6,4865
U009493,0.6016583132566405,1,60.17,High,60.17,High,starter,monthly,29.0,348.0,396,0,0,self-serve,406.0,29.0,14,4866
U019734,0.6015332350657117,1,60.15,High,60.15,High,starter,monthly,29.0,348.0,315,2,0,self-serve,319.0,29.0,11,4867
U026301,0.6015306134123773,1,60.15,High,60.15,High,professional,monthly,79.0,948.0,24,1,0,sales-assisted,79.0,79.0,1,4868
U021303,0.6013285381665299,1,60.13,High,60.13,High,professional,annual,79.0,948.0,157,1,0,sales-assisted,474.0,79.0,6,4869
U001192,0.6013285381665299,1,60.13,High,60.13,High,professional,annual,79.0,948.0,157,1,0,sales-assisted,474.0,79.0,6,4870
U008816,0.6011230237821504,1,60.11,High,60.11,High,professional,monthly,79.0,948.0,212,0,0,partner,632.0,79.0,8,4871
U018352,0.6010471241755898,1,60.1,High,60.1,High,starter,monthly,29.0,348.0,180,2,0,sales-assisted,174.0,29.0,6,4872
U013317,0.600906297506168,1,60.09,High,60.09,High,professional,annual,79.0,948.0,178,0,0,sales-assisted,474.0,79.0,6,4873
U017143,0.600894671612482,1,60.09,High,60.09,High,enterprise,annual,199.0,2388.0,175,1,0,self-serve,1194.0,199.0,6,4874
U014668,0.6008912017157624,1,60.09,High,60.09,High,enterprise,monthly,199.0,2388.0,134,0,0,self-serve,995.0,199.0,5,4875
U002444,0.6008134639420845,1,60.08,High,60.08,High,starter,monthly,29.0,348.0,41,3,0,self-serve,58.0,29.0,2,4876
U017129,0.6007585333000349,1,60.08,High,60.08,High,professional,monthly,79.0,948.0,195,1,0,self-serve,553.0,79.0,7,4877
U007109,0.6007585333000349,1,60.08,High,60.08,High,professional,monthly,79.0,948.0,195,1,0,self-serve,553.0,79.0,7,4878
U029197,0.600696202718571,1,60.07,High,60.07,High,professional,monthly,79.0,948.0,60,1,3,sales-assisted,158.0,79.0,2,4879
U017107,0.6006948714117238,1,60.07,High,60.07,High,starter,monthly,29.0,348.0,86,0,1,partner,87.0,29.0,3,4880
U010099,0.6006908679170747,1,60.07,High,60.07,High,starter,monthly,29.0,348.0,312,1,0,self-serve,319.0,29.0,11,4881
U021058,0.600533814656924,1,60.05,High,60.05,High,starter,monthly,29.0,348.0,206,3,1,self-serve,203.0,29.0,7,4882
U001727,0.60040096686345,1,60.04,High,60.04,High,starter,monthly,29.0,348.0,106,0,2,self-serve,116.0,29.0,4,4883
U004849,0.6003469871862195,1,60.03,High,60.03,High,enterprise,monthly,199.0,2388.0,65,3,0,self-serve,597.0,199.0,3,4884
U012092,0.6001882107775436,1,60.02,High,60.02,High,professional,monthly,79.0,948.0,412,1,0,self-serve,1106.0,79.0,14,4885
U022033,0.6000882961722865,1,60.01,High,60.01,High,starter,monthly,29.0,348.0,410,0,0,self-serve,406.0,29.0,14,4886
U010227,0.6000575304653865,1,60.01,High,60.01,High,starter,monthly,29.0,348.0,296,3,0,self-serve,290.0,29.0,10,4887
